ISO-10303-21;
HEADER;
FILE_DESCRIPTION (( 'STEP AP214' ),
    '1' );
FILE_NAME ('2026 Front Wing D_2.STEP',
    '2025-06-18T06:46:08',
    ( '' ),
    ( '' ),
    'SwSTEP 2.0',
    'SolidWorks 2017',
    '' );
FILE_SCHEMA (( 'AUTOMOTIVE_DESIGN' ));
ENDSEC;

DATA;
#1 = CARTESIAN_POINT ( 'NONE',  ( -737.8109758953003200, 133.8123252657459500, -111.7300415381103600 ) ) ;
#2 = CARTESIAN_POINT ( 'NONE',  ( -513.4672159472800100, 45.54542476513820000, 373.8168780586473800 ) ) ;
#3 = CARTESIAN_POINT ( 'NONE',  ( -731.8165205886455200, 116.0656355729308700, -120.2917345085309900 ) ) ;
#4 = CARTESIAN_POINT ( 'NONE',  ( -69.53677200706575000, 291.0356235451524800, 239.9999999999999100 ) ) ;
#5 = CARTESIAN_POINT ( 'NONE',  ( -163.5588102887080300, 315.7720415483884200, -139.2336581851956500 ) ) ;
#6 = ORIENTED_EDGE ( 'NONE', *, *, #6522, .F. ) ;
#7 = CARTESIAN_POINT ( 'NONE',  ( -698.6588468425493400, 29.57642731465793400, 838.8170171229725200 ) ) ;
#8 = CARTESIAN_POINT ( 'NONE',  ( -939.9609614397062400, -42.63627608892235100, -62.40691903805093700 ) ) ;
#9 = CARTESIAN_POINT ( 'NONE',  ( -766.2243095062966600, -48.48091884480684400, -56.73424731718598200 ) ) ;
#10 = CARTESIAN_POINT ( 'NONE',  ( -707.6106032193673600, 5.135641110012430800, 661.9029534608059700 ) ) ;
#11 = CARTESIAN_POINT ( 'NONE',  ( -181.2712458149317500, 311.0222880325340500, 138.6432436676550100 ) ) ;
#12 = ORIENTED_EDGE ( 'NONE', *, *, #4087, .T. ) ;
#13 = ORIENTED_EDGE ( 'NONE', *, *, #1760, .T. ) ;
#14 = CARTESIAN_POINT ( 'NONE',  ( -184.5359585487540200, 303.8404637527763700, 240.0000000000000300 ) ) ;
#15 = ORIENTED_EDGE ( 'NONE', *, *, #3768, .F. ) ;
#16 = CARTESIAN_POINT ( 'NONE',  ( -497.7996294928674400, 48.47557972013054000, -576.2282484482782400 ) ) ;
#17 = ORIENTED_EDGE ( 'NONE', *, *, #4754, .F. ) ;
#18 = B_SPLINE_CURVE_WITH_KNOTS ( 'NONE', 3,
 ( #2859, #6664, #3387, #94, #1213, #688, #6679, #4500, #2319, #1233, #5064, #1786, #5608, #767, #3492, #2981, #4654, #6827, #2383, #745, #6781, #4583, #2472, #272, #4093, #4565, #6798, #788, #1290, #5119, #3529, #6308 ),
 .UNSPECIFIED., .F., .F.,
 ( 4, 2, 2, 2, 2, 2, 2, 2, 2, 2, 2, 2, 2, 2, 2, 4 ),
 ( 0.0000000000000000000, 0.004637126336834249800, 0.006955689505251420700, 0.009274252673668591600, 0.01391137901050291300, 0.01622994217892003200, 0.01738922376312855900, 0.01854850534733708600, 0.02318563168417105800, 0.02434491326837954000, 0.02550419485258802500, 0.02782275802100504400, 0.03245988435783911400, 0.03477844752625610500, 0.03593772911046462500, 0.03709701069467314500 ),
 .UNSPECIFIED. ) ;
#19 = EDGE_CURVE ( 'NONE', #3790, #5009, #676, .T. ) ;
#20 = ORIENTED_EDGE ( 'NONE', *, *, #3633, .F. ) ;
#21 = CARTESIAN_POINT ( 'NONE',  ( -731.8165205886452900, 116.0656355729309300, 120.2917345085317900 ) ) ;
#22 = CARTESIAN_POINT ( 'NONE',  ( -466.7107338811861700, 40.39804840806839100, 655.0000000000000000 ) ) ;
#23 = VERTEX_POINT ( 'NONE', #1532 ) ;
#24 = CARTESIAN_POINT ( 'NONE',  ( -765.7251549869685000, 22.94573394091396100, 57.56178493190850500 ) ) ;
#25 = CARTESIAN_POINT ( 'NONE',  ( -930.6695487340591600, -44.07735929830071300, 69.73894230326517600 ) ) ;
#26 = CARTESIAN_POINT ( 'NONE',  ( -34.49192743859914900, 291.4451626615436900, -143.5358876135325700 ) ) ;
#27 = PLANE ( 'NONE',  #5761 ) ;
#28 = CARTESIAN_POINT ( 'NONE',  ( -1004.503132905697500, 46.38749604251910300, -49.68666950093215500 ) ) ;
#29 = ORIENTED_EDGE ( 'NONE', *, *, #3511, .F. ) ;
#30 = CARTESIAN_POINT ( 'NONE',  ( -22.59030625631128700, 298.9988641314325300, 239.9999999999999700 ) ) ;
#31 = CARTESIAN_POINT ( 'NONE',  ( -715.0194069865859800, -25.57552766223494000, 708.0455332018384500 ) ) ;
#32 = CARTESIAN_POINT ( 'NONE',  ( -703.4653654742497800, 17.42620388406572800, 817.3817067344299400 ) ) ;
#33 = CIRCLE ( 'NONE', #358, 779.7862235890434000 ) ;
#34 = CARTESIAN_POINT ( 'NONE',  ( -475.8689755961856900, 35.76794840482612200, 842.3686775081289400 ) ) ;
#35 = CARTESIAN_POINT ( 'NONE',  ( -706.1869893052261200, 9.617248132903977600, 659.2760588219187000 ) ) ;
#36 = CARTESIAN_POINT ( 'NONE',  ( -165.8860226064538200, 320.2349135988002900, 139.1560844412708800 ) ) ;
#37 = DIRECTION ( 'NONE',  ( 0.0000000000000000000, 0.0000000000000000000, -1.000000000000000000 ) ) ;
#38 = CARTESIAN_POINT ( 'NONE',  ( -695.5920611357173600, 36.48360370050274100, 873.7099362567377100 ) ) ;
#39 =( BOUNDED_CURVE ( )  B_SPLINE_CURVE ( 3, ( #5752, #5226, #2523, #5308 ),
 .UNSPECIFIED., .F., .F. ) 
 B_SPLINE_CURVE_WITH_KNOTS ( ( 4, 4 ),
 ( 1.241315980897903700, 1.242184573109183000 ),
 .UNSPECIFIED. ) 
 CURVE ( )  GEOMETRIC_REPRESENTATION_ITEM ( )  RATIONAL_B_SPLINE_CURVE ( ( 1.000000000000000000, 0.9999999371289650700, 0.9999999371289650700, 1.000000000000000000 ) ) 
 REPRESENTATION_ITEM ( '' )  );
#40 = DIRECTION ( 'NONE',  ( -1.000000000000000000, -2.610927889176040600E-016, 0.0000000000000000000 ) ) ;
#41 = CARTESIAN_POINT ( 'NONE',  ( -710.7706837365667500, -5.929911951216580800, -669.9816153188717200 ) ) ;
#42 =( NAMED_UNIT ( * ) PLANE_ANGLE_UNIT ( ) SI_UNIT ( $, .RADIAN. ) );
#43 = EDGE_CURVE ( 'NONE', #3411, #1658, #5029, .T. ) ;
#44 = VECTOR ( 'NONE', #4140, 1000.000000000000000 ) ;
#45 = CARTESIAN_POINT ( 'NONE',  ( -14.62674840205194100, 292.5975930273639300, -240.0000000000000000 ) ) ;
#46 = CARTESIAN_POINT ( 'NONE',  ( -453.4158454910860300, 42.20061651864961800, 209.4169311968550700 ) ) ;
#47 = CARTESIAN_POINT ( 'NONE',  ( -966.0375125829712000, -38.04515784016415800, -0.0000000000000000000 ) ) ;
#48 = CARTESIAN_POINT ( 'NONE',  ( -767.1187975865848300, 22.80925185295480500, 55.81301566269589600 ) ) ;
#49 = CARTESIAN_POINT ( 'NONE',  ( -937.7319406547731000, -43.00658390985467600, 66.45855147179722200 ) ) ;
#50 = CARTESIAN_POINT ( 'NONE',  ( -14.93926977128545500, 296.3676885101509100, -144.1876428691096500 ) ) ;
#51 = CARTESIAN_POINT ( 'NONE',  ( -731.8160522515296400, 51.44833815626809300, -120.2917445594581000 ) ) ;
#52 = CARTESIAN_POINT ( 'NONE',  ( -342.6364562004772000, 111.5216994009667200, -650.0000000000000000 ) ) ;
#53 = VECTOR ( 'NONE', #6448, 1000.000000000000000 ) ;
#54 = CARTESIAN_POINT ( 'NONE',  ( -99.28735196031989600, 286.8942307340270800, 240.0000000000000300 ) ) ;
#55 = CARTESIAN_POINT ( 'NONE',  ( -855.3768765485673400, 73.13568227813171100, 114.8803472640970100 ) ) ;
#56 = ORIENTED_EDGE ( 'NONE', *, *, #5633, .F. ) ;
#57 = CARTESIAN_POINT ( 'NONE',  ( -144.6562651326862000, 322.8664308143299900, 139.8637430237297100 ) ) ;
#58 = VERTEX_POINT ( 'NONE', #3807 ) ;
#59 = CARTESIAN_POINT ( 'NONE',  ( -765.3914052748702900, -48.40671559351069000, -58.46222424773767300 ) ) ;
#60 = CARTESIAN_POINT ( 'NONE',  ( -716.4456553363546600, -34.65384930088740100, 741.0382186491282300 ) ) ;
#61 = AXIS2_PLACEMENT_3D ( 'NONE', #3702, #3161, #2076 ) ;
#62 = CARTESIAN_POINT ( 'NONE',  ( -151.5713803022965700, 322.9368901395900500, 139.6332391847427600 ) ) ;
#63 = ORIENTED_EDGE ( 'NONE', *, *, #608, .T. ) ;
#64 = CYLINDRICAL_SURFACE ( 'NONE', #3401, 2772.425355089401800 ) ;
#65 = ORIENTED_EDGE ( 'NONE', *, *, #3955, .T. ) ;
#66 = CARTESIAN_POINT ( 'NONE',  ( -21.50650595235922000, 304.7441925197134700, 143.9687349964071400 ) ) ;
#67 = CARTESIAN_POINT ( 'NONE',  ( -1534.030086240052700, -201.6600000000000000, -1100.000000000000000 ) ) ;
#68 = CARTESIAN_POINT ( 'NONE',  ( -716.4456553363544300, -34.65384930088737300, -741.0382186491282300 ) ) ;
#69 = B_SPLINE_CURVE_WITH_KNOTS ( 'NONE', 3,
 ( #5107, #6179, #6748, #6160, #4508, #1238, #4532, #4484, #757, #6118, #4573, #1219, #5636, #2889 ),
 .UNSPECIFIED., .F., .F.,
 ( 4, 2, 2, 2, 2, 2, 4 ),
 ( 0.0000000000000000000, 0.004991919208788450100, 0.009983838417576900200, 0.01497575762636535100, 0.01996767683515380000, 0.02995151525273070200, 0.03993535367030760100 ),
 .UNSPECIFIED. ) ;
#70 = CARTESIAN_POINT ( 'NONE',  ( -308.7992690864780300, 140.4205989181334900, 650.0000000000000000 ) ) ;
#71 = VERTEX_POINT ( 'NONE', #4730 ) ;
#72 = CARTESIAN_POINT ( 'NONE',  ( -765.7245514187940200, 22.94579304950080400, 61.91511120609600700 ) ) ;
#73 = CARTESIAN_POINT ( 'NONE',  ( -932.6563633150667600, -43.78846261512470800, 69.48695154596616400 ) ) ;
#74 = CARTESIAN_POINT ( 'NONE',  ( -147.9312772835568800, 275.8454653631728800, -139.7545759520339500 ) ) ;
#75 = CARTESIAN_POINT ( 'NONE',  ( -515.1253989649039800, 7.202741035155859200, 210.5078935649555100 ) ) ;
#76 = DIRECTION ( 'NONE',  ( -0.8977191870810038400, -0.3160216421388033500, -0.3069700031705310300 ) ) ;
#77 = DIRECTION ( 'NONE',  ( 1.000000000000000000, 0.0000000000000000000, 0.0000000000000000000 ) ) ;
#78 = CARTESIAN_POINT ( 'NONE',  ( -814.2958550370425400, 43.43407596015425300, 117.5987833506515200 ) ) ;
#79 = CARTESIAN_POINT ( 'NONE',  ( -731.9583257421351200, 51.42483648877129100, -120.2886885594849800 ) ) ;
#80 = CARTESIAN_POINT ( 'NONE',  ( -769.4394900809006700, -48.75978455453854800, -54.79678633392158800 ) ) ;
#81 = CARTESIAN_POINT ( 'NONE',  ( -715.8967175015540100, -30.89241195491646900, 759.9789571074255700 ) ) ;
#82 = CARTESIAN_POINT ( 'NONE',  ( -939.9847949748106000, 5.880153770565240000, -57.09363249813721800 ) ) ;
#83 = EDGE_CURVE ( 'NONE', #1341, #6028, #3994, .T. ) ;
#84 = CARTESIAN_POINT ( 'NONE',  ( -932.3105498563284100, -43.76756763815709700, 49.93011215991666100 ) ) ;
#85 = CARTESIAN_POINT ( 'NONE',  ( -706.0307566893378600, 10.10312435053437400, 915.3770372902390600 ) ) ;
#86 = ORIENTED_EDGE ( 'NONE', *, *, #459, .T. ) ;
#87 = STYLED_ITEM ( 'NONE', ( #2809 ), #7051 ) ;
#88 = CARTESIAN_POINT ( 'NONE',  ( -965.5218452665623100, -37.86112661497394100, -62.35021923255894900 ) ) ;
#89 = DIRECTION ( 'NONE',  ( 0.0000000000000000000, 0.0000000000000000000, -1.000000000000000000 ) ) ;
#90 = CARTESIAN_POINT ( 'NONE',  ( -663.0707898217588100, 63.20167647951367900, -650.0000000000000000 ) ) ;
#91 = CARTESIAN_POINT ( 'NONE',  ( -438.1329926897029200, 37.11563071592184600, -849.0851159545327400 ) ) ;
#92 = CARTESIAN_POINT ( 'NONE',  ( -5.573406319792084700E-011, 373.7893821233246900, -144.6856185281506600 ) ) ;
#93 = EDGE_CURVE ( 'NONE', #889, #3323, #106, .T. ) ;
#94 = CARTESIAN_POINT ( 'NONE',  ( -917.7907936681423300, 58.14611993047737600, 104.6190166580212100 ) ) ;
#95 = CARTESIAN_POINT ( 'NONE',  ( -16.61315182568053200, 303.3175872241078500, 239.9999999999999700 ) ) ;
#96 = ORIENTED_EDGE ( 'NONE', *, *, #6596, .F. ) ;
#97 = CARTESIAN_POINT ( 'NONE',  ( -21.51100062372087900, 294.1037949608090700, -143.9685851740285000 ) ) ;
#98 = CARTESIAN_POINT ( 'NONE',  ( -971.0375125829706300, -46.70541187800891700, 0.0000000000000000000 ) ) ;
#99 = CARTESIAN_POINT ( 'NONE',  ( -952.3915814417569000, 3.937370439656232800, -96.23875389459409700 ) ) ;
#100 = CARTESIAN_POINT ( 'NONE',  ( -258.7992690864780900, 213.7750709259654500, 650.0000000000000000 ) ) ;
#101 = EDGE_LOOP ( 'NONE', ( #5336, #3262, #6257, #6961 ) ) ;
#102 = ORIENTED_EDGE ( 'NONE', *, *, #2485, .F. ) ;
#103 = CARTESIAN_POINT ( 'NONE',  ( -855.3638864233430500, 72.96577670751425200, 114.8816014359641600 ) ) ;
#104 = CARTESIAN_POINT ( 'NONE',  ( -714.4334567913790600, -22.35151290235785400, 689.5281498940803400 ) ) ;
#105 = CARTESIAN_POINT ( 'NONE',  ( -169.1499314211652900, 319.0784114174284700, 139.0472874807805400 ) ) ;
#106 = B_SPLINE_CURVE_WITH_KNOTS ( 'NONE', 3,
 ( #6486, #3735, #4371, #5928, #1555, #3236, #4301, #2155, #6540, #5483, #1065, #556, #1091, #3264, #3211, #534, #4353, #2202, #4912, #1634, #453, #5456, #4275, #1014, #6564, #3282, #7105, #4841, #5388, #2107, #3916, #82, #627, #1751, #2226, #580, #1132, #4447, #1727, #4394, #1773, #2799, #2290, #4419, #5597, #3936, #6121, #5028, #2776, #5553, #1181, #2311, #6140, #652, #6626, #2247 ),
 .UNSPECIFIED., .F., .F.,
 ( 4, 2, 2, 2, 2, 2, 2, 2, 2, 2, 2, 2, 2, 2, 2, 2, 2, 2, 2, 2, 2, 2, 2, 2, 2, 2, 2, 4 ),
 ( 0.0000000000000000000, 0.0004993496425630402700, 0.0009986992851260805400, 0.001997398570251831900, 0.002996097855377582600, 0.003994797140503333400, 0.005992195710754528700, 0.007989594281005723100, 0.009986992851256919200, 0.01098569213638242300, 0.01198439142150792600, 0.01298309070663343200, 0.01398178999175893500, 0.01597918856200992300, 0.01697788784713542100, 0.01797658713226091300, 0.01997398570251183700, 0.02097268498763729700, 0.02197138427276275700, 0.02297008355788821700, 0.02396878284301367400, 0.02596618141326483300, 0.02696488069839055000, 0.02796357998351627100, 0.02996097855376801700, 0.03095967783889388600, 0.03145902748145682600, 0.03195837712401975600 ),
 .UNSPECIFIED. ) ;
#107 = ORIENTED_EDGE ( 'NONE', *, *, #5792, .F. ) ;
#108 = ORIENTED_EDGE ( 'NONE', *, *, #4692, .F. ) ;
#109 = CARTESIAN_POINT ( 'NONE',  ( 465.9699137599472500, -101.6600000000000000, -1100.000000000000000 ) ) ;
#110 = CARTESIAN_POINT ( 'NONE',  ( -1005.289587861692300, 20.99602887136790500, -44.51969783023675800 ) ) ;
#111 = ORIENTED_EDGE ( 'NONE', *, *, #4901, .T. ) ;
#112 = PLANE ( 'NONE',  #6356 ) ;
#113 = CARTESIAN_POINT ( 'NONE',  ( -704.3304229550502700, 15.11302842430982300, -656.4714625361309600 ) ) ;
#114 = CARTESIAN_POINT ( 'NONE',  ( -702.7545956215968800, 19.34366334440645100, -899.1898786402736100 ) ) ;
#115 = EDGE_CURVE ( 'NONE', #1568, #2905, #3668, .T. ) ;
#116 = CARTESIAN_POINT ( 'NONE',  ( -1012.560182267088200, 23.18327884320697100, -66.50579078664444000 ) ) ;
#117 = ORIENTED_EDGE ( 'NONE', *, *, #4101, .F. ) ;
#118 = CARTESIAN_POINT ( 'NONE',  ( -1029.466181210385200, 36.51509197516949700, 11.02842817992251200 ) ) ;
#119 = CARTESIAN_POINT ( 'NONE',  ( -14.88031074383713900, 302.5016150212122200, 239.9999999999998600 ) ) ;
#120 = CARTESIAN_POINT ( 'NONE',  ( -766.2235293268096300, 22.89692718765778100, -62.74206018014388800 ) ) ;
#121 = FACE_BOUND ( 'NONE', #4167, .T. ) ;
#122 = CARTESIAN_POINT ( 'NONE',  ( -916.2188226148706500, 53.05136739624566600, -105.5957882377793700 ) ) ;
#123 = FACE_OUTER_BOUND ( 'NONE', #6056, .T. ) ;
#124 = CARTESIAN_POINT ( 'NONE',  ( -349.7802306235590200, 85.78377495892824800, -882.4973492124208900 ) ) ;
#125 = CARTESIAN_POINT ( 'NONE',  ( -1016.168429931318300, 0.3530707736288565800, -14.55953049108309800 ) ) ;
#126 = FACE_OUTER_BOUND ( 'NONE', #4547, .T. ) ;
#127 = ORIENTED_EDGE ( 'NONE', *, *, #5297, .F. ) ;
#128 = CARTESIAN_POINT ( 'NONE',  ( -1018.948685342717200, 41.30226753404471700, -25.51097799307761000 ) ) ;
#129 = CARTESIAN_POINT ( 'NONE',  ( -366.8733386469577300, 37.08688559205477000, -870.1979372504372300 ) ) ;
#130 = CARTESIAN_POINT ( 'NONE',  ( -181.4335131267551200, 310.8291949647145300, 240.0000000000000000 ) ) ;
#131 = EDGE_CURVE ( 'NONE', #6415, #1833, #6815, .T. ) ;
#132 = CYLINDRICAL_SURFACE ( 'NONE', #3242, 502.5000000000000600 ) ;
#133 = CARTESIAN_POINT ( 'NONE',  ( -995.1635593470149400, 22.13739259372692200, -81.65449278019848100 ) ) ;
#134 = VERTEX_POINT ( 'NONE', #1204 ) ;
#135 = CARTESIAN_POINT ( 'NONE',  ( -1029.379929690150400, 28.80979282464815200, 39.17832880958238200 ) ) ;
#136 = CARTESIAN_POINT ( 'NONE',  ( -16.10057951367483000, 303.1153272455321100, 239.9999999999999400 ) ) ;
#137 = ORIENTED_EDGE ( 'NONE', *, *, #2190, .T. ) ;
#138 = CARTESIAN_POINT ( 'NONE',  ( -767.2513206234884800, 22.79627361823064600, -55.72139750540807100 ) ) ;
#139 = CARTESIAN_POINT ( 'NONE',  ( -730.6648867060363300, 40.39961219136357300, 117.7797356073402600 ) ) ;
#140 = LINE ( 'NONE', #5662, #2211 ) ;
#141 = CARTESIAN_POINT ( 'NONE',  ( -375.4209598999160600, 92.92953237961236800, -569.1364520728456000 ) ) ;
#142 = CARTESIAN_POINT ( 'NONE',  ( -712.1095509981275900, -11.36703334329556000, 682.6728385160637300 ) ) ;
#143 = DIRECTION ( 'NONE',  ( -0.9427946626885519400, -0.3318894391366362700, -0.03142648875628401700 ) ) ;
#144 = CARTESIAN_POINT ( 'NONE',  ( -729.4669697124152200, 26.49656213993586100, -120.3422389604269800 ) ) ;
#145 =( BOUNDED_CURVE ( )  B_SPLINE_CURVE ( 3, ( #1633, #5952, #2683, #6458 ),
 .UNSPECIFIED., .F., .F. ) 
 B_SPLINE_CURVE_WITH_KNOTS ( ( 4, 4 ),
 ( 1.050501746818753000, 1.235582689634890000 ),
 .UNSPECIFIED. ) 
 CURVE ( )  GEOMETRIC_REPRESENTATION_ITEM ( )  RATIONAL_B_SPLINE_CURVE ( ( 1.000000000000000000, 0.9971474569586202800, 0.9971474569586202800, 1.000000000000000000 ) ) 
 REPRESENTATION_ITEM ( '' )  );
#146 = ORIENTED_EDGE ( 'NONE', *, *, #3649, .T. ) ;
#147 = EDGE_CURVE ( 'NONE', #5742, #3200, #4466, .T. ) ;
#148 = CARTESIAN_POINT ( 'NONE',  ( -930.1675234815957100, -44.07839138230160400, 49.73458229250928000 ) ) ;
#149 = CARTESIAN_POINT ( 'NONE',  ( -1092.476516759751300, -3.935492497455698400, -9.263004231177237800 ) ) ;
#150 = ORIENTED_EDGE ( 'NONE', *, *, #4289, .T. ) ;
#151 = CARTESIAN_POINT ( 'NONE',  ( -1018.948685343043400, 41.30226753392992800, 25.51097799308465900 ) ) ;
#152 = CARTESIAN_POINT ( 'NONE',  ( -701.4521874831423200, 22.75222755664662700, -894.4220685244486000 ) ) ;
#153 = CARTESIAN_POINT ( 'NONE',  ( -180.9944293041068600, 311.3516480325988600, 240.0000000000000000 ) ) ;
#154 = CARTESIAN_POINT ( 'NONE',  ( -1008.794651406471000, 24.15058637476004900, -69.96092769958306700 ) ) ;
#155 = AXIS2_PLACEMENT_3D ( 'NONE', #4608, #6278, #4005 ) ;
#156 = CARTESIAN_POINT ( 'NONE',  ( -1030.843833936553700, 32.54432010357038500, 27.96764974936947800 ) ) ;
#157 = ADVANCED_FACE ( 'NONE', ( #6910 ), #4074, .F. ) ;
#158 = CARTESIAN_POINT ( 'NONE',  ( -14.62674840205313500, 296.8509855691290200, -239.9999999999998900 ) ) ;
#159 = CARTESIAN_POINT ( 'NONE',  ( -768.5125149705711500, 22.67276244121896800, -55.03403148235155800 ) ) ;
#160 = CARTESIAN_POINT ( 'NONE',  ( -729.4539269177805600, 30.52604088678468100, 108.8807043726811200 ) ) ;
#161 = CARTESIAN_POINT ( 'NONE',  ( -903.4786772234663200, -47.51962527478995200, -50.56763740568271700 ) ) ;
#162 = CARTESIAN_POINT ( 'NONE',  ( -903.5126549465466000, -47.93408398595471500, -68.91030709501070800 ) ) ;
#163 = CARTESIAN_POINT ( 'NONE',  ( -770.0781440828610600, 23.42789570974004900, -54.73844108900409100 ) ) ;
#164 = CARTESIAN_POINT ( 'NONE',  ( -768.5084263649120000, -48.68683342154268000, -64.44179848352806100 ) ) ;
#165 = ORIENTED_EDGE ( 'NONE', *, *, #6715, .T. ) ;
#166 = EDGE_CURVE ( 'NONE', #4713, #1904, #5072, .T. ) ;
#167 = ORIENTED_EDGE ( 'NONE', *, *, #5492, .T. ) ;
#168 = CARTESIAN_POINT ( 'NONE',  ( -1029.209854915585300, 36.75832852658398800, -9.253439043347258400 ) ) ;
#169 = AXIS2_PLACEMENT_3D ( 'NONE', #3500, #143, #715 ) ;
#170 = CARTESIAN_POINT ( 'NONE',  ( -1017.834159106048000, 0.2594557289343356100, 60.90933384425959200 ) ) ;
#171 = CARTESIAN_POINT ( 'NONE',  ( -1037.371161510782500, 34.81705338825990700, 8.032680029177168300 ) ) ;
#172 = CARTESIAN_POINT ( 'NONE',  ( -189.7732548792596700, 333.1946375837733300, 113.6226695422161700 ) ) ;
#173 = CARTESIAN_POINT ( 'NONE',  ( -184.3430301104942500, 304.7852410639415000, 240.0000000000000000 ) ) ;
#174 = ORIENTED_EDGE ( 'NONE', *, *, #2334, .F. ) ;
#175 = CARTESIAN_POINT ( 'NONE',  ( -982.8162755922708100, 30.82403548827063800, -85.87657668782367200 ) ) ;
#176 = CARTESIAN_POINT ( 'NONE',  ( -916.2188226148706500, 53.05136739624566600, -105.5957882377793700 ) ) ;
#177 = CARTESIAN_POINT ( 'NONE',  ( -113.0451986169773600, 318.9349433391436200, 239.9999999999999400 ) ) ;
#178 = VERTEX_POINT ( 'NONE', #2467 ) ;
#179 = ORIENTED_EDGE ( 'NONE', *, *, #6524, .T. ) ;
#180 = CARTESIAN_POINT ( 'NONE',  ( -739.4500735300590600, 139.6828574510940400, -96.11536934161833300 ) ) ;
#181 = CARTESIAN_POINT ( 'NONE',  ( -770.0781440828610600, -48.81971161484003100, 64.73844108900584600 ) ) ;
#182 = CARTESIAN_POINT ( 'NONE',  ( -184.6267484020527300, 302.0000000000000600, 137.9225819429060500 ) ) ;
#183 = ORIENTED_EDGE ( 'NONE', *, *, #6503, .T. ) ;
#184 = CARTESIAN_POINT ( 'NONE',  ( -939.7847190476961700, -42.66722308378728500, 63.03036084415621300 ) ) ;
#185 = CARTESIAN_POINT ( 'NONE',  ( -709.1703351470584900, -0.04318167806762748800, 671.5802090930477600 ) ) ;
#186 = AXIS2_PLACEMENT_3D ( 'NONE', #6663, #1691, #5038 ) ;
#187 = ORIENTED_EDGE ( 'NONE', *, *, #2800, .F. ) ;
#188 = EDGE_LOOP ( 'NONE', ( #4473, #5748, #1146 ) ) ;
#189 = CARTESIAN_POINT ( 'NONE',  ( -766.2515476233455700, 23.42789570974004900, -56.62862714041666800 ) ) ;
#190 = DIRECTION ( 'NONE',  ( 1.000000000000000000, 0.0000000000000000000, 0.0000000000000000000 ) ) ;
#191 = VERTEX_POINT ( 'NONE', #875 ) ;
#192 = ADVANCED_FACE ( 'NONE', ( #2645 ), #5126, .F. ) ;
#193 = FACE_BOUND ( 'NONE', #518, .T. ) ;
#194 = PLANE ( 'NONE',  #5691 ) ;
#195 = CARTESIAN_POINT ( 'NONE',  ( -1069.475993796173700, -2.642848400390766200, -26.12856400220120200 ) ) ;
#196 = CARTESIAN_POINT ( 'NONE',  ( -1018.328763011444600, 21.11698506739018900, 60.33033841372156300 ) ) ;
#197 = CARTESIAN_POINT ( 'NONE',  ( -694.9735874303747800, 40.39804840806833400, -655.0000000000000000 ) ) ;
#198 = CARTESIAN_POINT ( 'NONE',  ( -344.9798420320378200, 113.8747192612501500, 650.0000000000000000 ) ) ;
#199 = CARTESIAN_POINT ( 'NONE',  ( -732.0292283200511700, 51.41795547781588000, -120.2871615022315300 ) ) ;
#200 = CARTESIAN_POINT ( 'NONE',  ( -981.7263400007245800, 54.40554845809584400, -62.66668982284687000 ) ) ;
#201 = ADVANCED_FACE ( 'NONE', ( #6306 ), #5383, .F. ) ;
#202 = CARTESIAN_POINT ( 'NONE',  ( -731.9583255132372400, 51.42483651098777400, 120.2886885644074400 ) ) ;
#203 = CARTESIAN_POINT ( 'NONE',  ( -919.6985022082789100, 76.24103937728196500, 81.06458894970015200 ) ) ;
#204 = CARTESIAN_POINT ( 'NONE',  ( -69.48163330584183900, 312.9563761970029000, 240.0000000000000000 ) ) ;
#205 = CARTESIAN_POINT ( 'NONE',  ( -765.2320768875873700, 22.99402202320207100, -59.57744851342995000 ) ) ;
#206 = DIRECTION ( 'NONE',  ( -0.7892556140292516000, 0.0000000000000000000, 0.6140647976584467900 ) ) ;
#207 = CARTESIAN_POINT ( 'NONE',  ( -320.2242704645746600, 90.00000000000000000, -889.6698814765889000 ) ) ;
#208 = DIRECTION ( 'NONE',  ( 0.0000000000000000000, 0.0000000000000000000, -1.000000000000000000 ) ) ;
#209 = CIRCLE ( 'NONE', #1454, 252.1184970328416200 ) ;
#210 = CARTESIAN_POINT ( 'NONE',  ( -739.4335370044988200, 139.6992244574321400, 95.30066013804217600 ) ) ;
#211 = EDGE_CURVE ( 'NONE', #4922, #5841, #3920, .T. ) ;
#212 = CARTESIAN_POINT ( 'NONE',  ( -516.1611622597005200, 10.16888668989803100, 210.4185866888561500 ) ) ;
#213 = CARTESIAN_POINT ( 'NONE',  ( -765.3333707031373500, 23.42789570974004900, -60.94816340151915300 ) ) ;
#214 = CARTESIAN_POINT ( 'NONE',  ( -184.3767216576170000, 299.3816070844232500, 240.0000000000000000 ) ) ;
#215 = FACE_BOUND ( 'NONE', #1996, .T. ) ;
#216 = AXIS2_PLACEMENT_3D ( 'NONE', #1428, #6411, #2608 ) ;
#217 = ORIENTED_EDGE ( 'NONE', *, *, #659, .F. ) ;
#218 = LINE ( 'NONE', #7009, #2210 ) ;
#219 = CARTESIAN_POINT ( 'NONE',  ( -931.3374411466434100, -43.90956271168045800, -49.78104261172764200 ) ) ;
#220 = VECTOR ( 'NONE', #3272, 1000.000000000000200 ) ;
#221 = CARTESIAN_POINT ( 'NONE',  ( -1030.864661659333300, 33.23443135182603200, -25.58127588511022000 ) ) ;
#222 = CARTESIAN_POINT ( 'NONE',  ( -1004.167345983600700, 1.027539364971598900, 44.51969783023815100 ) ) ;
#223 = CARTESIAN_POINT ( 'NONE',  ( -184.6267484020535800, 288.5675407176283900, 239.9999999999999700 ) ) ;
#224 = ORIENTED_EDGE ( 'NONE', *, *, #6960, .F. ) ;
#225 = CARTESIAN_POINT ( 'NONE',  ( -733.6829613508952000, 121.4735770468852400, 119.6004556858421800 ) ) ;
#226 = DIRECTION ( 'NONE',  ( -0.0000000000000000000, -0.0000000000000000000, -1.000000000000000000 ) ) ;
#227 = CARTESIAN_POINT ( 'NONE',  ( -939.5843747981613200, 7.164169369840226200, 55.80193453844437800 ) ) ;
#228 = ADVANCED_FACE ( 'NONE', ( #6498 ), #5706, .T. ) ;
#229 = CARTESIAN_POINT ( 'NONE',  ( -126.5961245001608400, 320.7024765162766500, 239.9999999999999700 ) ) ;
#230 = CARTESIAN_POINT ( 'NONE',  ( -859.7458978054918400, 86.68399248693062000, -109.9629069262850600 ) ) ;
#231 = CARTESIAN_POINT ( 'NONE',  ( -703.1213730651815000, 18.38139123994601900, -810.9085686637395200 ) ) ;
#232 = CARTESIAN_POINT ( 'NONE',  ( -184.6267484020523300, 315.4324592823715000, 239.9999999999999100 ) ) ;
#233 = ORIENTED_EDGE ( 'NONE', *, *, #1140, .T. ) ;
#234 = CARTESIAN_POINT ( 'NONE',  ( -190.5061858211811900, 332.9366258990799000, 138.3354123341131900 ) ) ;
#235 = CARTESIAN_POINT ( 'NONE',  ( -765.4872778177197000, 23.42789570974004900, -57.82519722479804600 ) ) ;
#236 = ADVANCED_FACE ( 'NONE', ( #758 ), #621, .T. ) ;
#237 = AXIS2_PLACEMENT_3D ( 'NONE', #3557, #1406, #3634 ) ;
#238 = EDGE_CURVE ( 'NONE', #2447, #1237, #1223, .T. ) ;
#239 = CARTESIAN_POINT ( 'NONE',  ( -711.8568504542175800, -28.00425256398110500, -269.8670942215699100 ) ) ;
#240 = CARTESIAN_POINT ( 'NONE',  ( -1016.860575525654800, 0.3141717486699505100, 6.843207974361682500 ) ) ;
#241 = CARTESIAN_POINT ( 'NONE',  ( -148.0891488092130400, 281.0015341802812300, 240.0000000000000300 ) ) ;
#242 = CARTESIAN_POINT ( 'NONE',  ( -875.7415570238254100, 12.17161705909167300, 89.19141765913870800 ) ) ;
#243 = CARTESIAN_POINT ( 'NONE',  ( -731.8328558798130000, 116.1642536705852400, 120.2911899988262000 ) ) ;
#244 = AXIS2_PLACEMENT_3D ( 'NONE', #6516, #5412, #369 ) ;
#245 = CARTESIAN_POINT ( 'NONE',  ( -732.0292279767045300, 51.41795551113726500, 120.2871615096274000 ) ) ;
#246 =( BOUNDED_CURVE ( )  B_SPLINE_CURVE ( 3, ( #6600, #5427, #28, #3276 ),
 .UNSPECIFIED., .F., .F. ) 
 B_SPLINE_CURVE_WITH_KNOTS ( ( 4, 4 ),
 ( 5.041869326281649000, 5.702601151252221900 ),
 .UNSPECIFIED. ) 
 CURVE ( )  GEOMETRIC_REPRESENTATION_ITEM ( )  RATIONAL_B_SPLINE_CURVE ( ( 1.000000000000000000, 0.9639491392049655000, 0.9639491392049655000, 1.000000000000000000 ) ) 
 REPRESENTATION_ITEM ( '' )  );
#247 = CARTESIAN_POINT ( 'NONE',  ( -930.8549077680145300, -44.47907115696418900, 49.74698897011925400 ) ) ;
#248 = CARTESIAN_POINT ( 'NONE',  ( -73.90195936965416500, 313.5977533476780600, 239.9999999999999700 ) ) ;
#249 = ORIENTED_EDGE ( 'NONE', *, *, #5999, .T. ) ;
#250 = CARTESIAN_POINT ( 'NONE',  ( -855.4052764537917700, 73.21699231938713100, -114.8776019093374900 ) ) ;
#251 = DIRECTION ( 'NONE',  ( -0.0000000000000000000, -0.0000000000000000000, 1.000000000000000000 ) ) ;
#252 = CARTESIAN_POINT ( 'NONE',  ( -189.9990276139616000, 333.1151594224937800, 137.9595885521010800 ) ) ;
#253 = ORIENTED_EDGE ( 'NONE', *, *, #3077, .T. ) ;
#254 = CARTESIAN_POINT ( 'NONE',  ( -527.5130262030224900, -0.1796302367025645900, -269.5430657194446000 ) ) ;
#255 = CARTESIAN_POINT ( 'NONE',  ( -928.8328880410503000, 8.840639704209335600, 93.29476068879257900 ) ) ;
#256 = CARTESIAN_POINT ( 'NONE',  ( -931.6619566606490300, 6.695225261043985300, 49.82001358179697100 ) ) ;
#257 = ADVANCED_FACE ( 'NONE', ( #5556 ), #194, .F. ) ;
#258 = DIRECTION ( 'NONE',  ( -0.0000000000000000000, 1.000000000000000000, -0.0000000000000000000 ) ) ;
#259 = ORIENTED_EDGE ( 'NONE', *, *, #338, .F. ) ;
#260 = EDGE_CURVE ( 'NONE', #554, #1788, #4401, .T. ) ;
#261 = CARTESIAN_POINT ( 'NONE',  ( -1066.035587268765100, -2.449495353741014900, 28.46208636747195100 ) ) ;
#262 = ORIENTED_EDGE ( 'NONE', *, *, #6094, .T. ) ;
#263 = CARTESIAN_POINT ( 'NONE',  ( -932.6621297452437600, 6.597276396002364200, 69.48567026932069300 ) ) ;
#264 =( BOUNDED_SURFACE ( )  B_SPLINE_SURFACE ( 3, 2, ( 
 ( #5261, #1979, #6363 ),
 ( #3616, #2882, #4684 ),
 ( #2455, #2250, #5010 ),
 ( #3939, #2059, #5885 ) ),
 .UNSPECIFIED., .F., .F., .T. ) 
 B_SPLINE_SURFACE_WITH_KNOTS ( ( 4, 4 ),
 ( 3, 3 ),
 ( 0.0000000000000000000, 0.0003555670669069460700 ),
 ( 0.0000000000000000000, 1.000000000000000000 ),
 .UNSPECIFIED. ) 
 GEOMETRIC_REPRESENTATION_ITEM ( )  RATIONAL_B_SPLINE_SURFACE ( (
 ( 1.000000000000000000, 0.7063643996572449600, 1.000000000000000000),
 ( 1.000000000000000000, 0.7063658353521664600, 1.000000000000000000),
 ( 1.000000000000000000, 0.7063672714785653700, 1.000000000000000000),
 ( 1.000000000000000000, 0.7063687080363977300, 1.000000000000000000) ) ) 
 REPRESENTATION_ITEM ( '' )  SURFACE ( )  );
#265 = CARTESIAN_POINT ( 'NONE',  ( -976.9737192650903800, 2.555838574129703400, 87.87440580865542500 ) ) ;
#266 = CARTESIAN_POINT ( 'NONE',  ( -733.9389794829785400, 26.05957004490587500, 120.2209858787206300 ) ) ;
#267 = CARTESIAN_POINT ( 'NONE',  ( -731.8216314142608800, 116.1323393407421300, 120.2915641476779300 ) ) ;
#268 = CARTESIAN_POINT ( 'NONE',  ( -769.0642468253602100, 32.25061285086973600, -479.9273741711696200 ) ) ;
#269 = ORIENTED_EDGE ( 'NONE', *, *, #6772, .F. ) ;
#270 = CARTESIAN_POINT ( 'NONE',  ( -738.8592291544500800, 137.2125294022906400, 106.2991128776416500 ) ) ;
#271 = ORIENTED_EDGE ( 'NONE', *, *, #5062, .T. ) ;
#272 = CARTESIAN_POINT ( 'NONE',  ( -920.0787926479985100, 74.87905651297904800, 88.73249411970689900 ) ) ;
#273 = CARTESIAN_POINT ( 'NONE',  ( -524.0839179233563500, 24.10135128894039600, -479.8898481359895500 ) ) ;
#274 = CARTESIAN_POINT ( 'NONE',  ( -42.00578268861308800, 308.7102488210434800, 240.0000000000000000 ) ) ;
#275 = CARTESIAN_POINT ( 'NONE',  ( -860.8395096330859800, 90.66934099811190600, -106.1653280343624700 ) ) ;
#276 = CARTESIAN_POINT ( 'NONE',  ( -706.0307566893377500, 10.10312435053435600, -915.3770372902388300 ) ) ;
#277 = CARTESIAN_POINT ( 'NONE',  ( -765.4837298419061000, -48.41492253008956200, 58.15673838877436500 ) ) ;
#278 = AXIS2_PLACEMENT_3D ( 'NONE', #4835, #476, #958 ) ;
#279 = CARTESIAN_POINT ( 'NONE',  ( -177.9305537266320700, 314.2504778801451300, 138.7546000706303700 ) ) ;
#280 = CARTESIAN_POINT ( 'NONE',  ( -731.8165205886455200, 51.46764385215513500, -120.2917345085309900 ) ) ;
#281 = CARTESIAN_POINT ( 'NONE',  ( -860.4098711262598700, 89.05152174174578800, 107.8823380918498600 ) ) ;
#282 = EDGE_CURVE ( 'NONE', #660, #5506, #1774, .T. ) ;
#283 = CARTESIAN_POINT ( 'NONE',  ( -919.0245621518158700, 76.47828466112095200, -81.59951836257991400 ) ) ;
#284 = CARTESIAN_POINT ( 'NONE',  ( -1028.449823855923600, 37.41433348553561400, 0.4596685597287756800 ) ) ;
#285 = ORIENTED_EDGE ( 'NONE', *, *, #3379, .T. ) ;
#286 = CIRCLE ( 'NONE', #4296, 49.99999999999998600 ) ;
#287 = CARTESIAN_POINT ( 'NONE',  ( -935.9733007366213500, 6.273007081460943500, 51.48382877488725700 ) ) ;
#288 = CARTESIAN_POINT ( 'NONE',  ( -258.7992690864780900, 213.7750709259654500, 650.0000000000000000 ) ) ;
#289 = CARTESIAN_POINT ( 'NONE',  ( -836.8549727079193900, -51.26809478215641700, 52.65064542124709100 ) ) ;
#290 = CARTESIAN_POINT ( 'NONE',  ( -780.6842910643205200, 33.82853211690750300, -479.9273741711696200 ) ) ;
#291 = CARTESIAN_POINT ( 'NONE',  ( -730.9244628691578800, 116.3768325098300400, 120.3107350121487000 ) ) ;
#292 = CARTESIAN_POINT ( 'NONE',  ( -768.9458012059661800, -49.25060836388760100, 54.90091028986243100 ) ) ;
#293 = FACE_OUTER_BOUND ( 'NONE', #4318, .T. ) ;
#294 = CARTESIAN_POINT ( 'NONE',  ( -875.6907977572323000, 66.39538310913040700, 112.9302881364487400 ) ) ;
#295 = ADVANCED_FACE ( 'NONE', ( #1025 ), #4555, .T. ) ;
#296 = CARTESIAN_POINT ( 'NONE',  ( -140.5417961936678400, 322.4821584056415400, 239.9999999999999400 ) ) ;
#297 = EDGE_LOOP ( 'NONE', ( #4687, #6853, #1741, #3805 ) ) ;
#298 = CARTESIAN_POINT ( 'NONE',  ( -861.6006096364392300, 94.07492934256053700, -100.7943961603563000 ) ) ;
#299 = CARTESIAN_POINT ( 'NONE',  ( -1006.539927943612700, 0.8941987417924348600, 41.28263253712653800 ) ) ;
#300 = FACE_OUTER_BOUND ( 'NONE', #4720, .T. ) ;
#301 = ORIENTED_EDGE ( 'NONE', *, *, #4334, .T. ) ;
#302 = CARTESIAN_POINT ( 'NONE',  ( -17.86936407559927900, 300.2492838424662400, 144.0899730589659100 ) ) ;
#303 = CARTESIAN_POINT ( 'NONE',  ( -177.2400750835616300, 337.6066587561576300, 114.4323378247564600 ) ) ;
#304 = ORIENTED_EDGE ( 'NONE', *, *, #3461, .T. ) ;
#305 = FACE_OUTER_BOUND ( 'NONE', #2918, .T. ) ;
#306 = CARTESIAN_POINT ( 'NONE',  ( -598.0982651880275400, -23.16055610677338100, -36.89919930641298200 ) ) ;
#307 = PLANE ( 'NONE',  #3773 ) ;
#308 = VECTOR ( 'NONE', #3928, 1000.000000000000000 ) ;
#309 = ADVANCED_FACE ( 'NONE', ( #1272 ), #5460, .T. ) ;
#310 = CARTESIAN_POINT ( 'NONE',  ( -708.7850853985552200, 1.282004855778381400, -797.5640446335110000 ) ) ;
#311 = CARTESIAN_POINT ( 'NONE',  ( -915.8554738394616400, 25.61991875322685200, 105.6732803424604200 ) ) ;
#312 = PRODUCT_DEFINITION_FORMATION_WITH_SPECIFIED_SOURCE ( 'ANY', '', #5797, .NOT_KNOWN. ) ;
#313 = CARTESIAN_POINT ( 'NONE',  ( -184.6267484020528700, 296.8509855691290200, -138.5313935814173500 ) ) ;
#314 = CARTESIAN_POINT ( 'NONE',  ( -1017.013323204743200, 0.3055872314384600600, 1.715835514563037700 ) ) ;
#315 = VERTEX_POINT ( 'NONE', #2973 ) ;
#316 = CARTESIAN_POINT ( 'NONE',  ( -721.1684343117491400, -36.89914864066234700, -0.0000000000000000000 ) ) ;
#317 = CARTESIAN_POINT ( 'NONE',  ( -488.4730880593238000, 4.561059485897862600, 0.0000000000000000000 ) ) ;
#318 = CARTESIAN_POINT ( 'NONE',  ( -931.1131461823919200, -44.47907115522036000, -69.71471627135912300 ) ) ;
#319 = CARTESIAN_POINT ( 'NONE',  ( -349.7802306235590800, 33.99164629527340500, 882.4973492124212300 ) ) ;
#320 = CARTESIAN_POINT ( 'NONE',  ( -1024.906767650067400, 39.20486003513814700, -51.86631232989277200 ) ) ;
#321 = CARTESIAN_POINT ( 'NONE',  ( -765.5778448201333500, 23.42730997547047500, 57.84489251316715300 ) ) ;
#322 = CARTESIAN_POINT ( 'NONE',  ( -536.3057127037916400, 410.8086603323639000, 650.0000000000000000 ) ) ;
#323 = ORIENTED_EDGE ( 'NONE', *, *, #5492, .F. ) ;
#324 = CARTESIAN_POINT ( 'NONE',  ( -142.7176381162428000, 322.7098742702255500, 240.0000000000000000 ) ) ;
#325 = CARTESIAN_POINT ( 'NONE',  ( -855.0379465244561700, 73.34051792129967900, -114.9129884563450600 ) ) ;
#326 = CARTESIAN_POINT ( 'NONE',  ( -765.7246816461570200, -48.43639736091856200, 57.56278904147769300 ) ) ;
#327 = CARTESIAN_POINT ( 'NONE',  ( -17.41861360943062900, 300.3930328941681900, 144.1049980745048900 ) ) ;
#328 = CARTESIAN_POINT ( 'NONE',  ( -177.3348283677403000, 337.5733030154103700, 135.0848686226640000 ) ) ;
#329 = CARTESIAN_POINT ( 'NONE',  ( -956.3521520759683200, 4.277267153755927300, 78.19979554577982100 ) ) ;
#330 = CARTESIAN_POINT ( 'NONE',  ( -944.5213437064409200, 5.467878247010108200, 83.71456611269222500 ) ) ;
#331 = CARTESIAN_POINT ( 'NONE',  ( -173.9336574783623900, 287.1600053551340500, 239.9999999999999100 ) ) ;
#332 = CARTESIAN_POINT ( 'NONE',  ( -710.4555552472218100, -4.727853671223858400, -792.4561649190349000 ) ) ;
#333 = CARTESIAN_POINT ( 'NONE',  ( -914.7392496824887800, 24.93887290660811500, 105.9052056003544800 ) ) ;
#334 = ADVANCED_FACE ( 'NONE', ( #5474 ), #1635, .F. ) ;
#335 = B_SPLINE_CURVE_WITH_KNOTS ( 'NONE', 3,
 ( #1553, #1606, #7033, #3234, #1584, #7084, #2154 ),
 .UNSPECIFIED., .F., .F.,
 ( 4, 1, 1, 1, 4 ),
 ( 0.0000000000000000000, 0.4158397143023242500, 0.6457696123157097300, 0.8509989315716948200, 1.000000000000000000 ),
 .UNSPECIFIED. ) ;
#336 = DIRECTION ( 'NONE',  ( 0.0000000000000000000, 0.0000000000000000000, 1.000000000000000000 ) ) ;
#337 = CARTESIAN_POINT ( 'NONE',  ( -14.73347317345271200, 297.1273940258284400, -144.1945027557040600 ) ) ;
#338 = EDGE_CURVE ( 'NONE', #3517, #2605, #6718, .T. ) ;
#339 = CARTESIAN_POINT ( 'NONE',  ( -1014.767389736663900, 0.4318101283921321200, 22.14983458024154200 ) ) ;
#340 = CARTESIAN_POINT ( 'NONE',  ( -738.2234280339896500, -34.33103857364492500, 123.2486460347947900 ) ) ;
#341 = DIRECTION ( 'NONE',  ( 1.000000000000000000, 0.0000000000000000000, 0.0000000000000000000 ) ) ;
#342 = DIRECTION ( 'NONE',  ( 0.0000000000000000000, 1.000000000000000000, 0.0000000000000000000 ) ) ;
#343 = EDGE_LOOP ( 'NONE', ( #479, #2740, #5024, #2087 ) ) ;
#344 = CARTESIAN_POINT ( 'NONE',  ( -461.4419715659909100, 37.19821307569728200, 849.6576337194379700 ) ) ;
#345 = ORIENTED_EDGE ( 'NONE', *, *, #1735, .F. ) ;
#346 = CARTESIAN_POINT ( 'NONE',  ( -5.573319583618285800E-011, 400.0000000000000000, -119.9484447048561200 ) ) ;
#347 = DIRECTION ( 'NONE',  ( -0.9427946626885518300, -0.3318894391366368200, -0.03142648875628359400 ) ) ;
#348 = CARTESIAN_POINT ( 'NONE',  ( -363.3325037834424100, 141.9740899135819900, -509.3156103644660700 ) ) ;
#349 = CARTESIAN_POINT ( 'NONE',  ( -139.2559190152262500, 322.3297409117702700, 240.0000000000000000 ) ) ;
#350 = VERTEX_POINT ( 'NONE', #6000 ) ;
#351 = EDGE_CURVE ( 'NONE', #1073, #2545, #5048, .T. ) ;
#352 = CARTESIAN_POINT ( 'NONE',  ( -721.1638438405121900, -28.50215867585657400, -123.2493405169230300 ) ) ;
#353 = CARTESIAN_POINT ( 'NONE',  ( -767.1175325642140000, -48.56519249311971700, 63.66300234140948100 ) ) ;
#354 = VERTEX_POINT ( 'NONE', #4354 ) ;
#355 = CARTESIAN_POINT ( 'NONE',  ( -28.90978129462048700, 297.6461860236193500, 143.7219591516651200 ) ) ;
#356 = MANIFOLD_SOLID_BREP ( 'Draft2', #3868 ) ;
#357 = VERTEX_POINT ( 'NONE', #2732 ) ;
#358 = AXIS2_PLACEMENT_3D ( 'NONE', #2456, #859, #3032 ) ;
#359 = CARTESIAN_POINT ( 'NONE',  ( -147.7592090282769000, 323.0206406943436300, 139.7603115605241700 ) ) ;
#360 = ORIENTED_EDGE ( 'NONE', *, *, #679, .F. ) ;
#361 = CARTESIAN_POINT ( 'NONE',  ( -969.4614523341578000, 2.993448281245290900, 69.77074211148513400 ) ) ;
#362 = CARTESIAN_POINT ( 'NONE',  ( -454.6241072762800900, 61.52337124693671200, -573.8061250271849800 ) ) ;
#363 = CARTESIAN_POINT ( 'NONE',  ( -730.1516905170698200, 35.96467276996182200, -114.9050220410060200 ) ) ;
#364 = CARTESIAN_POINT ( 'NONE',  ( -182.4525928663826400, 294.6154061889054100, 239.9999999999999700 ) ) ;
#365 = ORIENTED_EDGE ( 'NONE', *, *, #2990, .F. ) ;
#366 = CARTESIAN_POINT ( 'NONE',  ( -715.6336503544304200, -29.21929626025118100, -722.7850428044712300 ) ) ;
#367 = CARTESIAN_POINT ( 'NONE',  ( -903.1420864286192200, 22.63471032366720700, 108.1743023418761000 ) ) ;
#368 = EDGE_CURVE ( 'NONE', #5713, #6629, #3160, .T. ) ;
#369 = DIRECTION ( 'NONE',  ( -1.000000000000000000, 0.0000000000000000000, 0.0000000000000000000 ) ) ;
#370 = CARTESIAN_POINT ( 'NONE',  ( -1038.145799342743400, 40.39804840806824200, -685.0000000000000000 ) ) ;
#371 = ORIENTED_EDGE ( 'NONE', *, *, #6059, .F. ) ;
#372 = DIRECTION ( 'NONE',  ( 1.000000000000000000, -0.0000000000000000000, -0.0000000000000000000 ) ) ;
#373 = ORIENTED_EDGE ( 'NONE', *, *, #6732, .F. ) ;
#374 = CARTESIAN_POINT ( 'NONE',  ( -531.8924248352152500, 48.45341906454059000, -373.8240249728036700 ) ) ;
#375 = DIRECTION ( 'NONE',  ( 0.9962581592708086300, 0.0000000000000000000, -0.08642731099797243400 ) ) ;
#376 = CARTESIAN_POINT ( 'NONE',  ( -110.4287047268472300, 285.3731536437238700, 239.9999999999999700 ) ) ;
#377 = CARTESIAN_POINT ( 'NONE',  ( -971.0375125829706300, -46.70541187800889600, -20.83333333333332900 ) ) ;
#378 = CARTESIAN_POINT ( 'NONE',  ( -934.2995563694152000, -44.47907115522036000, -68.96009501495842600 ) ) ;
#379 = VECTOR ( 'NONE', #4739, 1000.000000000000000 ) ;
#380 = CARTESIAN_POINT ( 'NONE',  ( -769.3183687652835900, 23.42730997547047500, 54.81622354801171300 ) ) ;
#381 = ADVANCED_FACE ( 'NONE', ( #1114 ), #3266, .T. ) ;
#382 = CARTESIAN_POINT ( 'NONE',  ( -140.5768161984543100, 322.4861571580474300, 239.9999999999999100 ) ) ;
#383 = DIRECTION ( 'NONE',  ( 0.0000000000000000000, 1.000000000000000000, 0.0000000000000000000 ) ) ;
#384 = CARTESIAN_POINT ( 'NONE',  ( -509.8733849301402200, 50.25067432418193600, -576.1991528003036400 ) ) ;
#385 = CARTESIAN_POINT ( 'NONE',  ( -14.62674840205215400, 301.1043781108963900, -239.9999999999998900 ) ) ;
#386 = CIRCLE ( 'NONE', #3107, 20.00000000000000000 ) ;
#387 = CARTESIAN_POINT ( 'NONE',  ( -141.1728542065659700, 281.4276139085757200, 139.9798567212671100 ) ) ;
#388 = CARTESIAN_POINT ( 'NONE',  ( -977.9970575583958000, 22.89356240254231500, -87.52448106196115400 ) ) ;
#389 = CARTESIAN_POINT ( 'NONE',  ( -967.6010026090789300, 3.175645684720102200, 71.59536485726658800 ) ) ;
#390 = CARTESIAN_POINT ( 'NONE',  ( -864.1920766689017900, 95.78081529010870600, -114.2952259661382500 ) ) ;
#391 = CARTESIAN_POINT ( 'NONE',  ( -165.6142087987237800, 283.6861469932915200, 239.9999999999999400 ) ) ;
#392 = EDGE_CURVE ( 'NONE', #2447, #889, #3660, .T. ) ;
#393 = CARTESIAN_POINT ( 'NONE',  ( -861.6342496577466400, 96.68124017130179500, 89.96129063427326900 ) ) ;
#394 = FACE_OUTER_BOUND ( 'NONE', #5642, .T. ) ;
#395 = CARTESIAN_POINT ( 'NONE',  ( -914.4706048731580900, 24.82965166455547700, 105.9606628880928100 ) ) ;
#396 = CARTESIAN_POINT ( 'NONE',  ( -126.9219000548494300, 283.2553424654522000, 239.9999999999998900 ) ) ;
#397 = DIRECTION ( 'NONE',  ( 0.0000000000000000000, 1.000000000000000000, 0.0000000000000000000 ) ) ;
#398 = CARTESIAN_POINT ( 'NONE',  ( -258.7992690864780300, 34.58527463767823900, -655.5685260122048700 ) ) ;
#399 = CARTESIAN_POINT ( 'NONE',  ( -509.8733849301402200, 50.25067432418193600, 576.1991528003036400 ) ) ;
#400 = VECTOR ( 'NONE', #3665, 1000.000000000000000 ) ;
#401 = CARTESIAN_POINT ( 'NONE',  ( -774.0642468253603300, 23.59035881302534000, -479.9273741711696200 ) ) ;
#402 = CARTESIAN_POINT ( 'NONE',  ( -931.1425848451413000, -44.47907115522036000, -49.76708235054682200 ) ) ;
#403 = EDGE_LOOP ( 'NONE', ( #4266, #834, #2851, #2182, #4958, #6552, #3612, #2857, #3008, #137, #6594, #7086, #2861, #4355 ) ) ;
#404 = CARTESIAN_POINT ( 'NONE',  ( -373.3541194566654400, 36.56636472366213300, 873.1161381957622300 ) ) ;
#405 = VECTOR ( 'NONE', #6144, 1000.000000000000000 ) ;
#406 = CARTESIAN_POINT ( 'NONE',  ( 4.373401631727047900, 146.1291709910543700, -144.8313985825434100 ) ) ;
#407 = CARTESIAN_POINT ( 'NONE',  ( -977.9970575583938600, 32.06201920788439000, -87.52448106196230500 ) ) ;
#408 = CARTESIAN_POINT ( 'NONE',  ( -138.3007765902513000, 322.2111277463126300, 239.9999999999999700 ) ) ;
#409 = CARTESIAN_POINT ( 'NONE',  ( -770.0781440828610600, -51.00000000000041200, 64.73844108900584600 ) ) ;
#410 = ORIENTED_EDGE ( 'NONE', *, *, #4982, .T. ) ;
#411 = CARTESIAN_POINT ( 'NONE',  ( -345.2162486971475300, 117.3747192612501500, 650.0000000000000000 ) ) ;
#412 = CARTESIAN_POINT ( 'NONE',  ( -1005.449994279944800, 46.05417500995869800, 72.93797870095915000 ) ) ;
#413 = B_SPLINE_CURVE_WITH_KNOTS ( 'NONE', 2,
 ( #756, #1301, #5129 ),
 .UNSPECIFIED., .F., .F.,
 ( 3, 3 ),
 ( 0.0000000000000000000, 1.000000000000000000 ),
 .UNSPECIFIED. ) ;
#414 = CYLINDRICAL_SURFACE ( 'NONE', #169, 25.00000000000002800 ) ;
#415 = CARTESIAN_POINT ( 'NONE',  ( -16.52498873946948200, 300.7097567879110900, 144.1347855701702100 ) ) ;
#416 = DIRECTION ( 'NONE',  ( -0.9917479607296868500, -0.1282028953983009600, 0.0000000000000000000 ) ) ;
#417 = CARTESIAN_POINT ( 'NONE',  ( -960.9807035755516200, 3.823984243873616700, 75.77929587941933700 ) ) ;
#418 = EDGE_CURVE ( 'NONE', #5810, #4509, #2726, .T. ) ;
#419 = CARTESIAN_POINT ( 'NONE',  ( -728.8035333622992800, 26.76522544349518300, -98.58130391365175200 ) ) ;
#420 = CARTESIAN_POINT ( 'NONE',  ( -168.2889602884701500, 284.6002307355464600, 239.9999999999999400 ) ) ;
#421 = CARTESIAN_POINT ( 'NONE',  ( -715.0990446314983700, -26.02676773071041400, -758.7704831737173700 ) ) ;
#422 = CARTESIAN_POINT ( 'NONE',  ( -912.2578422036818900, 24.14717897862490800, 106.4124030142704800 ) ) ;
#423 = ORIENTED_EDGE ( 'NONE', *, *, #6809, .T. ) ;
#424 = CARTESIAN_POINT ( 'NONE',  ( -140.6183793216512800, 281.5091096255189900, 240.0000000000000000 ) ) ;
#425 = CARTESIAN_POINT ( 'NONE',  ( -17.86936407559922200, 298.6017017266635800, -144.0899730589659100 ) ) ;
#426 = CARTESIAN_POINT ( 'NONE',  ( -1028.941678423192100, 28.12062677486868600, 41.05541647570435500 ) ) ;
#427 = CARTESIAN_POINT ( 'NONE',  ( -509.9347532766029800, 52.94824139816269300, 576.1700571523291500 ) ) ;
#428 = CARTESIAN_POINT ( 'NONE',  ( -587.9891637241610200, 62.89298514426514000, 844.4600299651677900 ) ) ;
#429 = CARTESIAN_POINT ( 'NONE',  ( -930.0000000000558200, -51.00000000000041200, -49.73844108900407700 ) ) ;
#430 = CARTESIAN_POINT ( 'NONE',  ( -930.0000000000558200, -51.00000000000041200, 69.73844108900586000 ) ) ;
#431 = CARTESIAN_POINT ( 'NONE',  ( -933.9434271286185100, 7.164169077462492700, -50.39632342440564400 ) ) ;
#432 = CARTESIAN_POINT ( 'NONE',  ( -917.9887516878786800, 58.85795368084308200, -104.3869624415216300 ) ) ;
#433 = CARTESIAN_POINT ( 'NONE',  ( -918.2231727208929900, 76.76039560137643000, -81.39884599997171200 ) ) ;
#434 = CARTESIAN_POINT ( 'NONE',  ( -169.4055503420702300, 318.9737294133622100, 239.9999999999999400 ) ) ;
#435 = B_SPLINE_CURVE_WITH_KNOTS ( 'NONE', 3,
 ( #3, #2195, #2768, #4928 ),
 .UNSPECIFIED., .F., .F.,
 ( 4, 4 ),
 ( 0.0000000000000000000, 9.996333034412119000E-005 ),
 .UNSPECIFIED. ) ;
#436 = DIRECTION ( 'NONE',  ( 0.9198012361607508200, 0.0000000000000000000, 0.3923846148323791900 ) ) ;
#437 = CARTESIAN_POINT ( 'NONE',  ( -497.7996294928674400, 48.47557972013056800, -576.2282484482782400 ) ) ;
#438 = CARTESIAN_POINT ( 'NONE',  ( -157.1660011963852200, 319.4917124422457300, -239.9999999999997700 ) ) ;
#439 = CARTESIAN_POINT ( 'NONE',  ( -660.2597997243057100, -38.85965434988927600, 36.90725014597639800 ) ) ;
#440 = ORIENTED_EDGE ( 'NONE', *, *, #4824, .F. ) ;
#441 = CARTESIAN_POINT ( 'NONE',  ( -153.6934471251008700, 345.8957141103819000, 114.8253298011107400 ) ) ;
#442 = CARTESIAN_POINT ( 'NONE',  ( -968.4015994083800900, 3.097241707393172400, 70.92303658473767300 ) ) ;
#443 = CARTESIAN_POINT ( 'NONE',  ( -320.2242704645746600, 100.0000000000000000, 889.6698814765889000 ) ) ;
#444 = CARTESIAN_POINT ( 'NONE',  ( -183.8558886600565100, 297.4698454741388200, 239.9999999999999400 ) ) ;
#445 = CARTESIAN_POINT ( 'NONE',  ( -697.2843897206248600, 32.75695676716863900, -655.9296223734011200 ) ) ;
#446 = CARTESIAN_POINT ( 'NONE',  ( -671.3575007273856300, 70.55309843744765900, 650.0000000000000000 ) ) ;
#447 = CARTESIAN_POINT ( 'NONE',  ( -135.0883436324473300, 282.2010314934698800, 240.0000000000000300 ) ) ;
#448 = CARTESIAN_POINT ( 'NONE',  ( -164.4705222100504900, 315.5167833620623700, -139.2032677878174200 ) ) ;
#449 = ORIENTED_EDGE ( 'NONE', *, *, #1775, .F. ) ;
#450 = CARTESIAN_POINT ( 'NONE',  ( -721.5093510031268800, -27.39914864066235400, -0.0000000000000000000 ) ) ;
#451 = CARTESIAN_POINT ( 'NONE',  ( -720.5218967646291000, -42.84455594880284200, 62.35012099105503600 ) ) ;
#452 = CARTESIAN_POINT ( 'NONE',  ( -5.573319583618285800E-011, 389.1781736765509500, -144.6856185281506300 ) ) ;
#453 = CARTESIAN_POINT ( 'NONE',  ( -939.3898600259109300, 5.938416889135345000, -63.95860348054563400 ) ) ;
#454 = AXIS2_PLACEMENT_3D ( 'NONE', #4846, #4254, #5935 ) ;
#455 = ORIENTED_EDGE ( 'NONE', *, *, #4428, .F. ) ;
#456 = CARTESIAN_POINT ( 'NONE',  ( -769.0340485504651700, 23.42730997547047500, 64.59706411977467200 ) ) ;
#457 = CARTESIAN_POINT ( 'NONE',  ( -861.5219607827600600, 35.55667544100819600, 114.2532230420766400 ) ) ;
#458 = CARTESIAN_POINT ( 'NONE',  ( -150.4978439226371400, 322.9610472915689500, 239.9999999999999700 ) ) ;
#459 = EDGE_CURVE ( 'NONE', #3620, #4482, #4941, .T. ) ;
#460 = EDGE_LOOP ( 'NONE', ( #4014, #3581, #6020, #3056, #2929, #2458, #4854, #1830, #2578, #3285 ) ) ;
#461 = CARTESIAN_POINT ( 'NONE',  ( -363.3325037834424100, 141.9740899135819900, 509.3156103644660700 ) ) ;
#462 = CARTESIAN_POINT ( 'NONE',  ( -721.1684343117491400, -36.89914864066234700, 0.0000000000000000000 ) ) ;
#463 = CARTESIAN_POINT ( 'NONE',  ( -1008.475061789000400, 44.98926872798294600, 43.07104054620737100 ) ) ;
#464 = B_SPLINE_CURVE_WITH_KNOTS ( 'NONE', 3,
 ( #1503, #2026, #4838, #6431 ),
 .UNSPECIFIED., .F., .F.,
 ( 4, 4 ),
 ( 8.326672684688674100E-017, 0.006441332106774426200 ),
 .UNSPECIFIED. ) ;
#465 = ORIENTED_EDGE ( 'NONE', *, *, #2374, .F. ) ;
#466 = CARTESIAN_POINT ( 'NONE',  ( -19.35423172418532200, 96.03926740997681600, 78.21002679207811100 ) ) ;
#467 = CARTESIAN_POINT ( 'NONE',  ( -1010.836020592517800, 0.6527555880066481200, -33.48699698778289500 ) ) ;
#468 = CARTESIAN_POINT ( 'NONE',  ( -707.6635419309777700, 4.958084258317585500, 912.8622417098479200 ) ) ;
#469 = CARTESIAN_POINT ( 'NONE',  ( -149.4850723778399400, 281.0064375748174300, 240.0000000000000300 ) ) ;
#470 = CARTESIAN_POINT ( 'NONE',  ( -696.4581469168530200, 34.58527463767816100, -655.5685260122048700 ) ) ;
#471 = CARTESIAN_POINT ( 'NONE',  ( -780.6842910643205200, 33.82853211690750300, 479.9273741711696200 ) ) ;
#472 = CARTESIAN_POINT ( 'NONE',  ( -132.6608344629069300, 282.5139530722341900, 239.9999999999999400 ) ) ;
#473 = CARTESIAN_POINT ( 'NONE',  ( -55.00145345845117400, 305.6505119188389000, -142.8522367462040300 ) ) ;
#474 = CARTESIAN_POINT ( 'NONE',  ( -1007.589910239763600, 0.8351890653911335800, 39.56955737032694000 ) ) ;
#475 = FACE_OUTER_BOUND ( 'NONE', #1240, .T. ) ;
#476 = DIRECTION ( 'NONE',  ( 0.9427946626885519400, 0.3318894391366362100, -0.03142648875628504400 ) ) ;
#477 = CARTESIAN_POINT ( 'NONE',  ( -882.7857991206472000, 28.53472436016657800, -111.5622202937600100 ) ) ;
#478 = CARTESIAN_POINT ( 'NONE',  ( -1008.043324286608700, 0.8097069060459792800, 38.82979980796115900 ) ) ;
#479 = ORIENTED_EDGE ( 'NONE', *, *, #6423, .F. ) ;
#480 = CARTESIAN_POINT ( 'NONE',  ( -770.0781440828611700, -49.25060836388760100, 64.73844108900584600 ) ) ;
#481 = CYLINDRICAL_SURFACE ( 'NONE', #244, 252.1184970328416200 ) ;
#482 = CARTESIAN_POINT ( 'NONE',  ( -864.5251048481841300, 34.42989204328659300, 113.9213428902742300 ) ) ;
#483 = CARTESIAN_POINT ( 'NONE',  ( -150.5231941607364100, 322.9600546384194200, 240.0000000000000000 ) ) ;
#484 = CARTESIAN_POINT ( 'NONE',  ( -322.1861935387365200, -77.57978771338689200, 894.2688876573925000 ) ) ;
#485 = CARTESIAN_POINT ( 'NONE',  ( -715.8967175015538900, -30.89241195491648600, -759.9789571074256900 ) ) ;
#486 = CARTESIAN_POINT ( 'NONE',  ( -875.8221502206648700, 66.35121194100196400, -112.9039487894356600 ) ) ;
#487 = CIRCLE ( 'NONE', #5356, 370.0000000000000000 ) ;
#488 = CARTESIAN_POINT ( 'NONE',  ( -593.7575160634745500, -25.02859990243446500, 123.2994300147123900 ) ) ;
#489 = ORIENTED_EDGE ( 'NONE', *, *, #2835, .T. ) ;
#490 = CARTESIAN_POINT ( 'NONE',  ( -1028.576134469629600, 27.67948034126839100, -42.16552411455444400 ) ) ;
#491 = CARTESIAN_POINT ( 'NONE',  ( -728.7443497501118400, 26.61834064429257300, -96.94476716759159300 ) ) ;
#492 = CARTESIAN_POINT ( 'NONE',  ( -153.3135637396650000, 281.2252122627227800, 239.9999999999999700 ) ) ;
#493 = EDGE_CURVE ( 'NONE', #1664, #1554, #1188, .T. ) ;
#494 = FACE_OUTER_BOUND ( 'NONE', #4399, .T. ) ;
#495 = CARTESIAN_POINT ( 'NONE',  ( -706.9473795559350700, 7.250034951176776800, -666.4800137230452000 ) ) ;
#496 = CARTESIAN_POINT ( 'NONE',  ( -977.3011235581049000, -37.34615154684571800, 62.35021923255894900 ) ) ;
#497 = CARTESIAN_POINT ( 'NONE',  ( -446.6382804865105000, 37.53297528097681400, -852.4106608210048500 ) ) ;
#498 = CARTESIAN_POINT ( 'NONE',  ( -69.74325268159643100, 291.0056760724659200, 239.9999999999999100 ) ) ;
#499 = CARTESIAN_POINT ( 'NONE',  ( -182.5467137553868000, 304.0995422885790200, -138.6007280696395900 ) ) ;
#500 = ORIENTED_EDGE ( 'NONE', *, *, #4381, .F. ) ;
#501 = DIRECTION ( 'NONE',  ( 1.000000000000000000, 2.610927889176040600E-016, 0.0000000000000000000 ) ) ;
#502 = VECTOR ( 'NONE', #4531, 1000.000000000000000 ) ;
#503 = AXIS2_PLACEMENT_3D ( 'NONE', #6135, #76, #1254 ) ;
#504 = VECTOR ( 'NONE', #4434, 1000.000000000000000 ) ;
#505 = CARTESIAN_POINT ( 'NONE',  ( -939.7859510990701900, -42.64061393188788400, -56.45036894870885600 ) ) ;
#506 = CARTESIAN_POINT ( 'NONE',  ( -868.5659662064849700, 33.02097201964895800, -113.4515795393221100 ) ) ;
#507 = CARTESIAN_POINT ( 'NONE',  ( -1008.493635715669500, 0.7843991158040616300, -38.09510425235065200 ) ) ;
#508 = CARTESIAN_POINT ( 'NONE',  ( -729.0542768836836600, 26.53698324128182800, -95.29295773868912500 ) ) ;
#509 = CARTESIAN_POINT ( 'NONE',  ( -486.6465607346659700, 36.57280926868506300, 845.9273141221986000 ) ) ;
#510 = CARTESIAN_POINT ( 'NONE',  ( -899.0723041000677500, 23.77847821937284700, 108.9260318398999500 ) ) ;
#511 = ORIENTED_EDGE ( 'NONE', *, *, #1140, .F. ) ;
#512 = CARTESIAN_POINT ( 'NONE',  ( -150.1780452840227400, 322.9726847451566400, 239.9999999999999400 ) ) ;
#513 =( BOUNDED_CURVE ( )  B_SPLINE_CURVE ( 3, ( #5199, #2976, #6248, #1285 ),
 .UNSPECIFIED., .F., .F. ) 
 B_SPLINE_CURVE_WITH_KNOTS ( ( 4, 4 ),
 ( 1.504729672242929700, 1.549338995308003900 ),
 .UNSPECIFIED. ) 
 CURVE ( )  GEOMETRIC_REPRESENTATION_ITEM ( )  RATIONAL_B_SPLINE_CURVE ( ( 1.000000000000000000, 0.9998341742329751600, 0.9998341742329751600, 1.000000000000000000 ) ) 
 REPRESENTATION_ITEM ( '' )  );
#514 = CARTESIAN_POINT ( 'NONE',  ( -5.573319583618286500E-011, 122.5944485110696600, -130.7343370524648900 ) ) ;
#515 = CARTESIAN_POINT ( 'NONE',  ( -657.8006238187803100, -27.13989833669826600, 123.2745588863497700 ) ) ;
#516 = CARTESIAN_POINT ( 'NONE',  ( -1000.683529437849800, 47.73210065563105100, 51.05256886180824700 ) ) ;
#517 = CARTESIAN_POINT ( 'NONE',  ( -330.2208444011911900, 119.1623276334164000, 650.0000000000000000 ) ) ;
#518 = EDGE_LOOP ( 'NONE', ( #12, #117, #4154, #4060, #5382, #7085 ) ) ;
#519 = EDGE_CURVE ( 'NONE', #4157, #4486, #2312, .T. ) ;
#520 = CARTESIAN_POINT ( 'NONE',  ( -476.1218229458132200, 22.48589293588767300, 0.0000000000000000000 ) ) ;
#521 = EDGE_CURVE ( 'NONE', #3882, #4636, #3483, .T. ) ;
#522 = DIRECTION ( 'NONE',  ( 0.0000000000000000000, -1.000000000000000000, 0.0000000000000000000 ) ) ;
#523 = CARTESIAN_POINT ( 'NONE',  ( -165.2299564291248800, 283.5679111616783000, 240.0000000000000300 ) ) ;
#524 = CARTESIAN_POINT ( 'NONE',  ( -184.6267484020528700, 296.8509855691290200, -138.5313935814173500 ) ) ;
#525 = CARTESIAN_POINT ( 'NONE',  ( -524.0839179233561300, 24.10135128894058500, 479.8898481359895500 ) ) ;
#526 = CARTESIAN_POINT ( 'NONE',  ( -5.573319583618285800E-011, 400.0000000000000000, 0.0000000000000000000 ) ) ;
#527 = CARTESIAN_POINT ( 'NONE',  ( -126.7741595980107000, 283.2744703922889500, 239.9999999999999400 ) ) ;
#528 = CARTESIAN_POINT ( 'NONE',  ( -183.8273139237527100, 301.5463612333243200, -138.5580413973607400 ) ) ;
#529 = CARTESIAN_POINT ( 'NONE',  ( -697.2952484366502400, 32.71328819415810300, 864.9083275860756400 ) ) ;
#530 = CARTESIAN_POINT ( 'NONE',  ( -930.0000000000558200, -44.47907115696418900, 69.73844108901323600 ) ) ;
#531 = CARTESIAN_POINT ( 'NONE',  ( -932.6340766161322300, -43.79139448689877400, -69.47535610989260100 ) ) ;
#532 = CARTESIAN_POINT ( 'NONE',  ( -774.0642468253603300, 23.59035881302534000, 479.9273741711696200 ) ) ;
#533 = DIRECTION ( 'NONE',  ( -1.000000000000000000, -2.610927889176040600E-016, -0.0000000000000000000 ) ) ;
#534 = CARTESIAN_POINT ( 'NONE',  ( -937.7446909213163100, 6.099531449283612800, -66.46951148271168100 ) ) ;
#535 = B_SPLINE_CURVE_WITH_KNOTS ( 'NONE', 3,
 ( #902, #5794, #310, #332, #1443, #4778, #3073, #5271, #5822, #1468, #2019, #5766, #6342, #6973, #4162, #2566, #3697, #421, #2539, #3643, #6402, #4130, #6374, #5240, #4801, #3129, #3102, #1496, #366, #6943, #5320, #979, #1940, #5969, #1623, #2098, #3274, #4363, #2697, #4880, #5402, #3224, #7050, #3178, #7095, #2718, #4316, #2623, #1573, #2069, #495, #548, #1522, #4855, #3753, #5919, #5897, #2168, #445, #470 ),
 .UNSPECIFIED., .F., .F.,
 ( 4, 2, 2, 2, 2, 2, 2, 2, 2, 2, 2, 2, 2, 2, 2, 2, 2, 2, 2, 2, 2, 2, 2, 2, 2, 2, 2, 2, 2, 4 ),
 ( 1.474514954580286000E-017, 0.01209213808845486700, 0.02418427617690971700, 0.02720731069902335200, 0.03023034522113699300, 0.03627641426536453600, 0.04836855235381934400, 0.05139158687593280200, 0.05441462139804624500, 0.06046069044227286200, 0.07255282853072608800, 0.07859889757495253100, 0.08162193209706558600, 0.08464496661917864100, 0.09673710470763087500, 0.1027831737518571700, 0.1058062082739702900, 0.1088292427960834100, 0.1209213808845350800, 0.1269674499287609100, 0.1299904844508738000, 0.1330135189729866600, 0.1451056570614383000, 0.1571977951498899400, 0.1602208296720028200, 0.1632438641941156800, 0.1692899332383416800, 0.1813820713267937100, 0.1874281403710196000, 0.1934742094152455100 ),
 .UNSPECIFIED. ) ;
#536 = CARTESIAN_POINT ( 'NONE',  ( -804.1801981881689000, 19.17975793601357600, 118.7989307816794300 ) ) ;
#537 = CARTESIAN_POINT ( 'NONE',  ( -171.0076012817532700, 318.2903304920805600, 239.9999999999999400 ) ) ;
#538 = AXIS2_PLACEMENT_3D ( 'NONE', #7100, #501, #2151 ) ;
#539 = VERTEX_POINT ( 'NONE', #4491 ) ;
#540 = CARTESIAN_POINT ( 'NONE',  ( -497.9837345322558800, 56.56828094207275400, 576.1409615043546600 ) ) ;
#541 = CARTESIAN_POINT ( 'NONE',  ( -258.7992690864780300, 34.58527463767823200, 655.5685260122048700 ) ) ;
#542 = EDGE_LOOP ( 'NONE', ( #3608, #4020, #762, #20 ) ) ;
#543 = EDGE_CURVE ( 'NONE', #943, #1073, #3326, .T. ) ;
#544 = CARTESIAN_POINT ( 'NONE',  ( -594.6987467823856800, -29.35557712495107200, -0.0000000000000000000 ) ) ;
#545 = CARTESIAN_POINT ( 'NONE',  ( -1026.459488435876900, 25.32624178942304700, -47.90825709073105500 ) ) ;
#546 = CARTESIAN_POINT ( 'NONE',  ( -707.6329140087041200, 5.057472162087034200, 806.1456689356795100 ) ) ;
#547 = VERTEX_POINT ( 'NONE', #124 ) ;
#548 = CARTESIAN_POINT ( 'NONE',  ( -706.1432612829694300, 9.745590157974160000, -664.9404291817576200 ) ) ;
#549 = CARTESIAN_POINT ( 'NONE',  ( -658.0707898217586900, 71.86193051735797600, 650.0000000000000000 ) ) ;
#550 = CARTESIAN_POINT ( 'NONE',  ( -114.4816291304548500, 284.8762958284193000, 239.9999999999999400 ) ) ;
#551 = CARTESIAN_POINT ( 'NONE',  ( -129.9201570822422100, 315.9834700994272200, -140.3549466254110900 ) ) ;
#552 = VERTEX_POINT ( 'NONE', #1796 ) ;
#553 = CARTESIAN_POINT ( 'NONE',  ( -702.2652670850443400, 20.63919294476422900, 821.4697269470750600 ) ) ;
#554 = VERTEX_POINT ( 'NONE', #5615 ) ;
#555 = CARTESIAN_POINT ( 'NONE',  ( -939.2370972110293200, -42.75990575512153700, -64.27217696418733800 ) ) ;
#556 = CARTESIAN_POINT ( 'NONE',  ( -934.5399188333019500, 6.413380915514219200, -68.83080048606962000 ) ) ;
#557 = ORIENTED_EDGE ( 'NONE', *, *, #870, .T. ) ;
#558 = EDGE_LOOP ( 'NONE', ( #1852, #3911, #15, #2129, #1344 ) ) ;
#559 = CARTESIAN_POINT ( 'NONE',  ( -180.4169481905292700, 311.9837047056560100, 239.9999999999999400 ) ) ;
#560 = CARTESIAN_POINT ( 'NONE',  ( -5.573319583618285800E-011, 124.5444292572426500, -133.8890418096250100 ) ) ;
#561 = CARTESIAN_POINT ( 'NONE',  ( -454.6241072762800900, 61.52337124693671200, 573.8061250271849800 ) ) ;
#562 = CARTESIAN_POINT ( 'NONE',  ( -723.6193010487614900, -38.68068962038899600, -36.91515317970815600 ) ) ;
#563 = EDGE_CURVE ( 'NONE', #2396, #5325, #2830, .T. ) ;
#564 = CYLINDRICAL_SURFACE ( 'NONE', #2206, 65.00000000000000000 ) ;
#565 = CARTESIAN_POINT ( 'NONE',  ( -979.7195593237235000, -49.80385858583706200, 312.7510206763798200 ) ) ;
#566 = CARTESIAN_POINT ( 'NONE',  ( -765.2320550561677200, 22.99402416119480100, 59.41896830110013600 ) ) ;
#567 = CARTESIAN_POINT ( 'NONE',  ( -936.2553106414399100, -43.24116746019493000, 67.81263601316851500 ) ) ;
#568 = CARTESIAN_POINT ( 'NONE',  ( -88.76018182137744400, 283.1664941591969300, -141.7269458007732800 ) ) ;
#569 = CYLINDRICAL_SURFACE ( 'NONE', #6510, 25.00000000000002800 ) ;
#570 = CARTESIAN_POINT ( 'NONE',  ( -184.6267484020549100, 283.4185262867598600, -239.9999999999998900 ) ) ;
#571 = CARTESIAN_POINT ( 'NONE',  ( -4.817501171858412000, 400.0000000000000000, 144.5250351557572200 ) ) ;
#572 = CARTESIAN_POINT ( 'NONE',  ( -69.51958057148920000, 291.0381177434103400, 239.9999999999999100 ) ) ;
#573 = CARTESIAN_POINT ( 'NONE',  ( -715.7393386783310200, -29.88995709968836700, 731.8456167118822600 ) ) ;
#574 = CARTESIAN_POINT ( 'NONE',  ( -547.7297790996881300, -4.872327340298964400, -0.0000000000000000000 ) ) ;
#575 = CARTESIAN_POINT ( 'NONE',  ( -939.6455712247769700, -42.69084299361313100, -63.35897938526605300 ) ) ;
#576 = CARTESIAN_POINT ( 'NONE',  ( -696.5525605907316700, 34.37610153710657100, -650.5168418292771500 ) ) ;
#577 = VECTOR ( 'NONE', #5723, 1000.000000000000000 ) ;
#578 = FILL_AREA_STYLE ('',( #4865 ) ) ;
#579 = AXIS2_PLACEMENT_3D ( 'NONE', #3375, #4465, #6586 ) ;
#580 = CARTESIAN_POINT ( 'NONE',  ( -938.9257500028209100, 5.983868072251899800, -54.63878035107162400 ) ) ;
#581 = CARTESIAN_POINT ( 'NONE',  ( -5.573406319792084700E-011, 400.0000000000000000, -144.6856185281506600 ) ) ;
#582 = CARTESIAN_POINT ( 'NONE',  ( -699.7554795454580000, 26.97178616484934500, 897.1120154088098400 ) ) ;
#583 = CARTESIAN_POINT ( 'NONE',  ( -183.2615938862548100, 307.9434283407690000, 240.0000000000000000 ) ) ;
#584 =( BOUNDED_CURVE ( )  B_SPLINE_CURVE ( 3, ( #645, #3472, #1276, #2387 ),
 .UNSPECIFIED., .F., .F. ) 
 B_SPLINE_CURVE_WITH_KNOTS ( ( 4, 4 ),
 ( 4.808757292295267000, 4.918811884491094400 ),
 .UNSPECIFIED. ) 
 CURVE ( )  GEOMETRIC_REPRESENTATION_ITEM ( )  RATIONAL_B_SPLINE_CURVE ( ( 1.000000000000000000, 0.9989909202246810600, 0.9989909202246810600, 1.000000000000000000 ) ) 
 REPRESENTATION_ITEM ( '' )  );
#585 = VECTOR ( 'NONE', #2572, 1000.000000000000000 ) ;
#586 = CARTESIAN_POINT ( 'NONE',  ( -5.573319583618285800E-011, 120.6457060049897900, -125.2733992881068300 ) ) ;
#587 = ORIENTED_EDGE ( 'NONE', *, *, #7094, .T. ) ;
#588 = CARTESIAN_POINT ( 'NONE',  ( -715.4735367841798300, -28.24089478680207300, -767.0836396420563700 ) ) ;
#589 =( NAMED_UNIT ( * ) SI_UNIT ( $, .STERADIAN. ) SOLID_ANGLE_UNIT ( ) );
#590 = B_SPLINE_CURVE_WITH_KNOTS ( 'NONE', 3,
 ( #245, #202, #835, #4048, #5684, #5707, #2424 ),
 .UNSPECIFIED., .F., .F.,
 ( 4, 3, 4 ),
 ( 0.0000000000000000000, 0.0002137558289937060500, 0.0002151710948496887100 ),
 .UNSPECIFIED. ) ;
#591 = VECTOR ( 'NONE', #3420, 1000.000000000000100 ) ;
#592 = DIRECTION ( 'NONE',  ( -0.0000000000000000000, -0.0000000000000000000, 1.000000000000000000 ) ) ;
#593 = CARTESIAN_POINT ( 'NONE',  ( -508.4660983488485000, -6.599668237361765200, -0.0000000000000000000 ) ) ;
#594 = CARTESIAN_POINT ( 'NONE',  ( -923.3890766260836900, 11.10666842037633000, -97.21165407261071300 ) ) ;
#595 = CARTESIAN_POINT ( 'NONE',  ( -765.3909151170470300, 22.97846669128962200, 61.01435519763567300 ) ) ;
#596 = ORIENTED_EDGE ( 'NONE', *, *, #5401, .F. ) ;
#597 = CARTESIAN_POINT ( 'NONE',  ( -979.7195593237235000, -49.80385858583706200, -312.7510206763798200 ) ) ;
#598 = CARTESIAN_POINT ( 'NONE',  ( -51.29488841521165200, 288.6266410135687000, -142.9757889143121800 ) ) ;
#599 = CARTESIAN_POINT ( 'NONE',  ( -14.62674840205194100, 292.5975930273639300, -240.0000000000000000 ) ) ;
#600 = CARTESIAN_POINT ( 'NONE',  ( -506.9268636002043400, 36.15395506358431300, -843.9535904573749600 ) ) ;
#601 = CARTESIAN_POINT ( 'NONE',  ( -69.62276244153315500, 291.0231494550250200, 240.0000000000000000 ) ) ;
#602 = CARTESIAN_POINT ( 'NONE',  ( -713.2982948011070900, -16.71827964656649400, 690.0274511724634300 ) ) ;
#603 = CARTESIAN_POINT ( 'NONE',  ( -697.3559033582517900, 32.57552411112904200, 852.9686549529776600 ) ) ;
#604 = CARTESIAN_POINT ( 'NONE',  ( -5.573319583618285800E-011, 389.1781736765510100, 144.6856185281506000 ) ) ;
#605 = EDGE_LOOP ( 'NONE', ( #2481, #4082, #5704, #4396, #3801, #146, #2938, #1974, #2341, #5939 ) ) ;
#606 = CARTESIAN_POINT ( 'NONE',  ( -712.2671831926438700, -12.00830576893115500, 675.8532106531995400 ) ) ;
#607 = CARTESIAN_POINT ( 'NONE',  ( -158.3677687389844400, 322.1057611229553600, 139.4066929035198800 ) ) ;
#608 = EDGE_CURVE ( 'NONE', #4424, #6513, #5578, .T. ) ;
#609 = CARTESIAN_POINT ( 'NONE',  ( -948.7841062061123700, 5.018420375086568800, -81.73844108900408400 ) ) ;
#610 = CARTESIAN_POINT ( 'NONE',  ( -702.0841255488472800, 21.11440169158026900, 904.9539752696907700 ) ) ;
#611 = CARTESIAN_POINT ( 'NONE',  ( -739.4335370044979100, 139.6992244574324200, -95.30066013804140800 ) ) ;
#612 = CARTESIAN_POINT ( 'NONE',  ( -708.4100917439677700, 2.494766357380422800, -663.6168219385234600 ) ) ;
#613 = CARTESIAN_POINT ( 'NONE',  ( -452.7720532934483800, 52.79374271373869500, -573.8643163231339500 ) ) ;
#614 = EDGE_CURVE ( 'NONE', #539, #547, #2030, .T. ) ;
#615 = CARTESIAN_POINT ( 'NONE',  ( -484.3538894122041800, 8.948579167852365400, 71.01466156690142400 ) ) ;
#616 = CARTESIAN_POINT ( 'NONE',  ( -983.7070569631771400, -37.27688030579102500, 0.0000000000000000000 ) ) ;
#617 = CARTESIAN_POINT ( 'NONE',  ( -768.5136870756553000, 22.67264765472410200, 55.03344301454325200 ) ) ;
#618 = CARTESIAN_POINT ( 'NONE',  ( -720.5218967646291000, -42.84455594880284200, 62.35012099105503600 ) ) ;
#619 = CARTESIAN_POINT ( 'NONE',  ( -14.84693314390398600, 296.4436158423901600, -144.1907207566890700 ) ) ;
#620 = DIRECTION ( 'NONE',  ( 1.000000000000000000, 2.610927889176040600E-016, 0.0000000000000000000 ) ) ;
#621 = B_SPLINE_SURFACE_WITH_KNOTS ( 'NONE', 3, 3, ( 
 ( #4784, #6454, #3181, #2680, #2049, #7059, #2104 ),
 ( #3680, #4270, #1502, #374, #6480, #1007, #4193 ),
 ( #5350, #5874, #7030, #937, #3759, #7006, #5303 ),
 ( #2024, #5902, #4297, #2573, #3731, #6407, #3134 ) ),
 .UNSPECIFIED., .F., .F., .F.,
 ( 4, 4 ),
 ( 4, 1, 1, 1, 4 ),
 ( 0.0000000000000000000, 1.000000000000000000 ),
 ( 0.0000000000000000000, 0.2982968211775609600, 0.6153669425867313000, 0.7410739866888770300, 1.000000000000000000 ),
 .UNSPECIFIED. ) ;
#622 = CARTESIAN_POINT ( 'NONE',  ( -715.7407451331927200, -29.89886271766455600, 735.9137285739844900 ) ) ;
#623 = ORIENTED_EDGE ( 'NONE', *, *, #4011, .T. ) ;
#624 = DIRECTION ( 'NONE',  ( 0.0000000000000000000, -1.000000000000000000, 0.0000000000000000000 ) ) ;
#625 = CARTESIAN_POINT ( 'NONE',  ( -765.4827279918943100, -48.41700976164377600, -61.31918674741638900 ) ) ;
#626 = CARTESIAN_POINT ( 'NONE',  ( -712.9052232038996000, -14.84280197399941800, 679.0270340080012400 ) ) ;
#627 = CARTESIAN_POINT ( 'NONE',  ( -939.7882595297468200, 5.899400862974584200, -56.45731412968644500 ) ) ;
#628 = ORIENTED_EDGE ( 'NONE', *, *, #1165, .F. ) ;
#629 = CARTESIAN_POINT ( 'NONE',  ( -15.15674222785324700, 302.6398512643159500, 144.1803937872240900 ) ) ;
#630 = AXIS2_PLACEMENT_3D ( 'NONE', #3407, #5117, #3982 ) ;
#631 = ORIENTED_EDGE ( 'NONE', *, *, #2813, .F. ) ;
#632 = CARTESIAN_POINT ( 'NONE',  ( -5.573319583618287100E-011, 137.2666354606347500, -143.3647636301040800 ) ) ;
#633 = CARTESIAN_POINT ( 'NONE',  ( -707.6106032193670200, 5.135641110012406900, -661.9029534608057500 ) ) ;
#634 = CARTESIAN_POINT ( 'NONE',  ( -863.4809189418780300, -50.50122968651186300, 67.65870406129712900 ) ) ;
#635 = B_SPLINE_CURVE_WITH_KNOTS ( 'NONE', 3,
 ( #3567, #1343, #4691, #1938, #1914, #5737, #5238, #5166, #2433, #6291, #2415, #4056, #281, #801, #2484, #6265, #2989, #4105, #843, #5675, #6814, #6319, #4664, #3538, #2393, #5213, #3041, #4086 ),
 .UNSPECIFIED., .F., .F.,
 ( 4, 2, 2, 2, 2, 2, 2, 2, 2, 2, 2, 2, 2, 4 ),
 ( 0.0000000000000000000, 0.004782643247463329000, 0.007173964871194945700, 0.009565286494926564200, 0.01434792974238968900, 0.01673925136612129000, 0.01913057298985288900, 0.02391321623731600100, 0.02630453786104757600, 0.02869585948477915100, 0.03347850273224228800, 0.03586982435597387700, 0.03706548516783967500, 0.03826114597970547300 ),
 .UNSPECIFIED. ) ;
#636 = EDGE_CURVE ( 'NONE', #1463, #4072, #6122, .T. ) ;
#637 = EDGE_LOOP ( 'NONE', ( #5331, #1198, #2489, #882 ) ) ;
#638 = CARTESIAN_POINT ( 'NONE',  ( -932.1670388372293700, 7.164169369840226200, 69.57899333892682100 ) ) ;
#639 = CARTESIAN_POINT ( 'NONE',  ( -617.2240088808479200, 12.83734477182185800, 451.2146373188919600 ) ) ;
#640 = CARTESIAN_POINT ( 'NONE',  ( -1028.455529786055400, 37.41001940671437600, -0.9157006123683676400 ) ) ;
#641 = CARTESIAN_POINT ( 'NONE',  ( -916.2188226148689400, 53.05136739624617800, 105.5957882377810400 ) ) ;
#642 = ORIENTED_EDGE ( 'NONE', *, *, #4101, .T. ) ;
#643 = CARTESIAN_POINT ( 'NONE',  ( -971.0375125829706300, -46.70541187800891700, 0.0000000000000000000 ) ) ;
#644 = CARTESIAN_POINT ( 'NONE',  ( -28.91071350158171400, 292.4969733302248800, -143.7219280780997500 ) ) ;
#645 = CARTESIAN_POINT ( 'NONE',  ( -855.4052764537871100, 73.21699231938879400, 114.8776019093388500 ) ) ;
#646 = CARTESIAN_POINT ( 'NONE',  ( -258.7992690864780300, 4.958084258317703600, -912.8622417098479200 ) ) ;
#647 = ORIENTED_EDGE ( 'NONE', *, *, #1519, .T. ) ;
#648 = CARTESIAN_POINT ( 'NONE',  ( -901.9429414157249300, 6.772616263868231500, -108.9310669347459600 ) ) ;
#649 = CARTESIAN_POINT ( 'NONE',  ( -707.8417646458393600, 4.460802743812398500, 799.8848274469550000 ) ) ;
#650 = CARTESIAN_POINT ( 'NONE',  ( -470.7739742608712300, 35.94869846835341300, 843.1028686119767600 ) ) ;
#651 = CARTESIAN_POINT ( 'NONE',  ( -716.4829053190629800, -34.92454121888155100, 732.3641140398840400 ) ) ;
#652 = CARTESIAN_POINT ( 'NONE',  ( -930.3358089173848400, 6.825097448499386500, -49.73203607951612100 ) ) ;
#653 = B_SPLINE_CURVE_WITH_KNOTS ( 'NONE', 3,
 ( #6571, #4475, #5537, #3289, #1118, #1212, #5513, #1665, #6613, #3338, #3880, #2279, #4430, #4991, #1714, #2256, #6081, #705, #4540, #6191, #1841, #1803, #2340, #2382 ),
 .UNSPECIFIED., .F., .F.,
 ( 4, 2, 2, 2, 2, 2, 2, 2, 2, 2, 2, 4 ),
 ( 0.0000000000000000000, 0.0003952008881892014000, 0.0007904017763784027900, 0.001580803552756971300, 0.002371205329135539500, 0.003161607105514108200, 0.004742410658271501400, 0.006323214211028894600, 0.009484821316543681100, 0.01264642842205846600, 0.01896964263308772300, 0.02529285684411698400 ),
 .UNSPECIFIED. ) ;
#654 = ADVANCED_FACE ( 'NONE', ( #6401 ), #5881, .T. ) ;
#655 = CIRCLE ( 'NONE', #6727, 700.0000000000003400 ) ;
#656 = CARTESIAN_POINT ( 'NONE',  ( -15.60342068856728300, 302.8991527655840600, 144.1655045052002300 ) ) ;
#657 = CARTESIAN_POINT ( 'NONE',  ( -769.0642468253605600, 32.25061285086996300, -479.9273741711696200 ) ) ;
#658 = CARTESIAN_POINT ( 'NONE',  ( -699.9177170388995800, 26.58552693856746900, -652.3409428393840700 ) ) ;
#659 = EDGE_CURVE ( 'NONE', #3419, #1366, #3953, .T. ) ;
#660 = VERTEX_POINT ( 'NONE', #3925 ) ;
#661 = LINE ( 'NONE', #22, #5866 ) ;
#662 = CARTESIAN_POINT ( 'NONE',  ( -707.6635419309777700, 4.958084258317585500, 912.8622417098479200 ) ) ;
#663 = CARTESIAN_POINT ( 'NONE',  ( -617.2240088808479200, 12.83734477182185800, 451.2146373188919600 ) ) ;
#664 = CARTESIAN_POINT ( 'NONE',  ( -765.4839969725434200, 22.96935100697231000, 58.15591772540545900 ) ) ;
#665 = CARTESIAN_POINT ( 'NONE',  ( -144.1417080947104200, 276.0151716935960200, -139.8808949249954600 ) ) ;
#666 = CARTESIAN_POINT ( 'NONE',  ( -110.4287047268479400, 280.2241392128531700, -239.9999999999999100 ) ) ;
#667 = CARTESIAN_POINT ( 'NONE',  ( -181.4719185879132200, 309.6131233029224200, 113.6226695422162200 ) ) ;
#668 = B_SPLINE_SURFACE_WITH_KNOTS ( 'NONE', 3, 3, ( 
 ( #6538, #3209, #451, #5408, #2131, #4911 ),
 ( #3261, #4890, #4298, #5903, #6511, #4271 ),
 ( #7060, #3231, #7082, #3182, #7031, #1008 ),
 ( #2705, #5435, #5455, #1039, #532, #2153 ) ),
 .UNSPECIFIED., .F., .F., .F.,
 ( 4, 4 ),
 ( 4, 1, 1, 4 ),
 ( 0.0000000000000000000, 1.000000000000000000 ),
 ( 0.0000000000000000000, 0.08409707550759747100, 0.1681940720496415700, 1.000000000000000000 ),
 .UNSPECIFIED. ) ;
#669 = FACE_OUTER_BOUND ( 'NONE', #1310, .T. ) ;
#670 = CARTESIAN_POINT ( 'NONE',  ( -712.4272501033469800, -12.78241249725409100, 783.5355992420617200 ) ) ;
#671 = ORIENTED_EDGE ( 'NONE', *, *, #6361, .T. ) ;
#672 = CYLINDRICAL_SURFACE ( 'NONE', #2588, 29.99999999999999300 ) ;
#673 = DIRECTION ( 'NONE',  ( -0.0000000000000000000, -0.0000000000000000000, -1.000000000000000000 ) ) ;
#674 =( LENGTH_UNIT ( ) NAMED_UNIT ( * ) SI_UNIT ( .MILLI., .METRE. ) );
#675 = CARTESIAN_POINT ( 'NONE',  ( -930.8356404109291600, 6.776147993391174600, 49.74594285477083100 ) ) ;
#676 = B_SPLINE_CURVE_WITH_KNOTS ( 'NONE', 2,
 ( #1506, #3708, #4811 ),
 .UNSPECIFIED., .F., .F.,
 ( 3, 3 ),
 ( 0.0000000000000000000, 1.000000000000000000 ),
 .UNSPECIFIED. ) ;
#677 = ORIENTED_EDGE ( 'NONE', *, *, #5361, .T. ) ;
#678 = VECTOR ( 'NONE', #4726, 1000.000000000000000 ) ;
#679 = EDGE_CURVE ( 'NONE', #552, #6513, #6672, .T. ) ;
#680 = DIRECTION ( 'NONE',  ( -0.0000000000000000000, -0.0000000000000000000, -1.000000000000000000 ) ) ;
#681 = CARTESIAN_POINT ( 'NONE',  ( -706.7668926889495000, 7.809641298080326700, 916.9693845669907000 ) ) ;
#682 = CARTESIAN_POINT ( 'NONE',  ( -5.573319583618285200E-011, 129.9524178636411600, -139.5520774095118700 ) ) ;
#683 = CARTESIAN_POINT ( 'NONE',  ( -716.3715562709936600, -34.11348164961819400, -721.6458995980237900 ) ) ;
#684 = DIRECTION ( 'NONE',  ( 0.0000000000000000000, 1.000000000000000000, 0.0000000000000000000 ) ) ;
#685 = CARTESIAN_POINT ( 'NONE',  ( -486.2279219163821200, 35.39919766592185400, -840.9416861543114700 ) ) ;
#686 = CARTESIAN_POINT ( 'NONE',  ( -1003.431349255044200, 46.76479312402436500, -48.53125273628953800 ) ) ;
#687 = EDGE_LOOP ( 'NONE', ( #259, #6760, #6487, #2868, #4732 ) ) ;
#688 = CARTESIAN_POINT ( 'NONE',  ( -918.3648032255031200, 60.26968522877144400, 103.8537870494443400 ) ) ;
#689 = ADVANCED_FACE ( 'NONE', ( #6730 ), #5699, .F. ) ;
#690 = CARTESIAN_POINT ( 'NONE',  ( -966.0375125829712000, -38.04515784016415800, -0.0000000000000000000 ) ) ;
#691 = ORIENTED_EDGE ( 'NONE', *, *, #5579, .F. ) ;
#692 = CARTESIAN_POINT ( 'NONE',  ( -766.4218242343354200, 22.87750778772102900, -62.99228665743313400 ) ) ;
#693 = DIRECTION ( 'NONE',  ( 1.000000000000000000, 0.0000000000000000000, -0.0000000000000000000 ) ) ;
#694 = CARTESIAN_POINT ( 'NONE',  ( -721.1684343117491400, -36.89914864066234700, 0.0000000000000000000 ) ) ;
#695 = ORIENTED_EDGE ( 'NONE', *, *, #4518, .F. ) ;
#696 = CARTESIAN_POINT ( 'NONE',  ( -530.2020976964985300, 0.2943142993471481500, 0.0000000000000000000 ) ) ;
#697 = CARTESIAN_POINT ( 'NONE',  ( -288.7992690864781500, -566.0111526630779500, 655.0000000000000000 ) ) ;
#698 = B_SPLINE_CURVE_WITH_KNOTS ( 'NONE', 3,
 ( #3079, #3104, #6405, #4191, #7002, #2047, #3131 ),
 .UNSPECIFIED., .F., .F.,
 ( 4, 1, 1, 1, 4 ),
 ( 0.0000000000000000000, 0.1490010684283051300, 0.3542303876842902700, 0.5841602856976757500, 1.000000000000000000 ),
 .UNSPECIFIED. ) ;
#699 = CARTESIAN_POINT ( 'NONE',  ( -707.0714089311917400, 6.860899705293709500, -915.6028969948492900 ) ) ;
#700 = CARTESIAN_POINT ( 'NONE',  ( -1016.277832669959300, 0.3469222697652311600, -13.70771927895371800 ) ) ;
#701 = CARTESIAN_POINT ( 'NONE',  ( -885.2992644139411600, -54.09632305098299600, 0.0000000000000000000 ) ) ;
#702 = CARTESIAN_POINT ( 'NONE',  ( -715.1938677321611500, -26.52991599926869500, -696.9944497586102400 ) ) ;
#703 = CARTESIAN_POINT ( 'NONE',  ( -697.2329864793703100, 32.85340282095710800, -856.9659965924662400 ) ) ;
#704 = CARTESIAN_POINT ( 'NONE',  ( -183.5502250370033700, 307.3041133690410300, 239.9999999999999700 ) ) ;
#705 = CARTESIAN_POINT ( 'NONE',  ( -961.8841245862455500, 3.735510494664411300, -75.27823618732497800 ) ) ;
#706 = CARTESIAN_POINT ( 'NONE',  ( -1026.448655729498100, 25.31652436319533500, 47.92967102618248300 ) ) ;
#707 = CARTESIAN_POINT ( 'NONE',  ( -977.9970575583958000, 22.89356240254242200, 87.52448106196230500 ) ) ;
#708 = ORIENTED_EDGE ( 'NONE', *, *, #1325, .F. ) ;
#709 = VERTEX_POINT ( 'NONE', #3410 ) ;
#710 = CARTESIAN_POINT ( 'NONE',  ( -767.9215770727784000, 22.73063412092165000, -64.18255163554833600 ) ) ;
#711 = CARTESIAN_POINT ( 'NONE',  ( -780.2033681365487600, 125.3471317657689500, 94.42791072771194600 ) ) ;
#712 = DIRECTION ( 'NONE',  ( 0.3320534516538561400, -0.9432605712340361700, 0.0000000000000000000 ) ) ;
#713 = CARTESIAN_POINT ( 'NONE',  ( -697.2843897206245200, 32.75695676716865300, 655.9296223734012300 ) ) ;
#714 = VERTEX_POINT ( 'NONE', #3388 ) ;
#715 = DIRECTION ( 'NONE',  ( 0.3320534516538564100, -0.9432605712340359500, 0.0000000000000000000 ) ) ;
#716 = CARTESIAN_POINT ( 'NONE',  ( -995.1635593470149400, 27.65220633256804200, 81.65449278019963200 ) ) ;
#717 = ORIENTED_EDGE ( 'NONE', *, *, #2696, .T. ) ;
#718 = CARTESIAN_POINT ( 'NONE',  ( -1015.482021776693200, 0.3916473508074712100, -18.78662197519830800 ) ) ;
#719 = ORIENTED_EDGE ( 'NONE', *, *, #6915, .F. ) ;
#720 = CARTESIAN_POINT ( 'NONE',  ( -801.8725419067953900, -55.20046801887628600, -62.35015373822300700 ) ) ;
#721 = CARTESIAN_POINT ( 'NONE',  ( -1014.600837529113200, 42.83282856649004300, 34.29391322255484900 ) ) ;
#722 = CARTESIAN_POINT ( 'NONE',  ( -697.7757988993819300, 31.62116200927430400, -846.4321001748924100 ) ) ;
#723 = CARTESIAN_POINT ( 'NONE',  ( -173.7661566324800300, 316.9316097790670600, 240.0000000000000000 ) ) ;
#724 = ORIENTED_EDGE ( 'NONE', *, *, #543, .T. ) ;
#725 = EDGE_CURVE ( 'NONE', #539, #350, #3656, .T. ) ;
#726 = ADVANCED_FACE ( 'NONE', ( #6217 ), #2797, .F. ) ;
#727 = ORIENTED_EDGE ( 'NONE', *, *, #4767, .T. ) ;
#728 = CARTESIAN_POINT ( 'NONE',  ( -1029.573649171938800, 36.37105195695364300, -11.80719758866461600 ) ) ;
#729 = CARTESIAN_POINT ( 'NONE',  ( -706.7668926889495000, 7.809641298080375500, 801.9693845669907000 ) ) ;
#730 = CARTESIAN_POINT ( 'NONE',  ( -769.4399044460311600, 22.58194141436671400, -64.67908672029469100 ) ) ;
#731 = AXIS2_PLACEMENT_3D ( 'NONE', #3052, #375, #876 ) ;
#732 = CARTESIAN_POINT ( 'NONE',  ( -728.8940087685512000, 27.12230689661757300, 100.6086123258721900 ) ) ;
#733 = CARTESIAN_POINT ( 'NONE',  ( -710.0071642210424400, -3.065790064900450600, 674.1309127660911100 ) ) ;
#734 = EDGE_CURVE ( 'NONE', #2287, #4072, #2870, .T. ) ;
#735 = CARTESIAN_POINT ( 'NONE',  ( -766.4813514325362600, -49.25061185733253700, -63.10971365174059100 ) ) ;
#736 = CARTESIAN_POINT ( 'NONE',  ( -728.6926730405390300, 26.57240118146400900, -95.30070621040994200 ) ) ;
#737 = CIRCLE ( 'NONE', #2360, 154.0000000000000300 ) ;
#738 = CARTESIAN_POINT ( 'NONE',  ( -1015.785136514548500, 0.3746121087287486700, -17.10233252723339300 ) ) ;
#739 = LINE ( 'NONE', #288, #3724 ) ;
#740 = CARTESIAN_POINT ( 'NONE',  ( -1014.776880410932200, 0.4312767465596896700, 64.24384312895212200 ) ) ;
#741 = CARTESIAN_POINT ( 'NONE',  ( -258.7992690864780300, -32.11215725859787500, -859.4693845669907000 ) ) ;
#742 = CARTESIAN_POINT ( 'NONE',  ( -707.0077610090680800, 7.087660250431263800, -911.3836938182252000 ) ) ;
#743 = CARTESIAN_POINT ( 'NONE',  ( -175.6657478100011600, 315.8206757497152400, 240.0000000000000000 ) ) ;
#744 = CARTESIAN_POINT ( 'NONE',  ( -1001.583692288513200, 47.41521877722369300, -75.84046615296661300 ) ) ;
#745 = CARTESIAN_POINT ( 'NONE',  ( -920.2973225776128200, 72.81222478497559800, 92.90511568884946300 ) ) ;
#746 = VECTOR ( 'NONE', #383, 1000.000000000000000 ) ;
#747 = CARTESIAN_POINT ( 'NONE',  ( -113.5253297609311900, 318.9980738421556900, 239.9999999999999100 ) ) ;
#748 = EDGE_LOOP ( 'NONE', ( #6954, #6104, #1392, #6260 ) ) ;
#749 = DIRECTION ( 'NONE',  ( 0.9984244753198127100, 0.05611209390458357600, 0.0000000000000000000 ) ) ;
#750 = CARTESIAN_POINT ( 'NONE',  ( -730.9120174870886300, 42.66022898298394500, 118.7170760266970000 ) ) ;
#751 = FACE_OUTER_BOUND ( 'NONE', #5143, .T. ) ;
#752 = CARTESIAN_POINT ( 'NONE',  ( -916.1761530242782800, 26.27102378859763500, -105.6062142766411800 ) ) ;
#753 = CARTESIAN_POINT ( 'NONE',  ( -930.8365341840792600, -44.05337081612012200, 69.73104856353792500 ) ) ;
#754 = CARTESIAN_POINT ( 'NONE',  ( 465.9699137599472500, -101.6600000000000000, 1100.000000000000000 ) ) ;
#755 = LINE ( 'NONE', #1427, #3412 ) ;
#756 = CARTESIAN_POINT ( 'NONE',  ( -418.4486822469645500, 71.87170263032058400, -650.0000000000000000 ) ) ;
#757 = CARTESIAN_POINT ( 'NONE',  ( -172.5302966443478900, 339.2646292416830500, 114.6260239006379900 ) ) ;
#758 = FACE_OUTER_BOUND ( 'NONE', #1060, .T. ) ;
#759 = ADVANCED_FACE ( 'NONE', ( #4349 ), #1128, .T. ) ;
#760 = EDGE_CURVE ( 'NONE', #5149, #3200, #3153, .T. ) ;
#761 = CARTESIAN_POINT ( 'NONE',  ( -1016.699487575703400, 0.3232249944566794600, -9.421892503462457200 ) ) ;
#762 = ORIENTED_EDGE ( 'NONE', *, *, #2234, .F. ) ;
#763 = CARTESIAN_POINT ( 'NONE',  ( -903.0246570427779000, 26.98952944912001300, 108.6882906446278400 ) ) ;
#764 = DIRECTION ( 'NONE',  ( 0.0000000000000000000, 1.814787636406507500E-015, -1.000000000000000000 ) ) ;
#765 = CARTESIAN_POINT ( 'NONE',  ( -731.8328558798130000, 116.1642536705852400, 120.2911899988262000 ) ) ;
#766 = CARTESIAN_POINT ( 'NONE',  ( -258.7992690864780900, 213.7750709259654500, 655.0000000000000000 ) ) ;
#767 = CARTESIAN_POINT ( 'NONE',  ( -920.0250807485446100, 68.51812795937289000, 98.37084355781202300 ) ) ;
#768 = CARTESIAN_POINT ( 'NONE',  ( -115.6118585085928700, 319.2723213832116500, 239.9999999999999400 ) ) ;
#769 = CARTESIAN_POINT ( 'NONE',  ( -739.4566298973126100, 139.6064194684824100, -97.33801995734560800 ) ) ;
#770 = CARTESIAN_POINT ( 'NONE',  ( -730.5038850919469300, 38.97019605498206100, 117.0140719079333300 ) ) ;
#771 = DIRECTION ( 'NONE',  ( -1.000000000000000000, 0.0000000000000000000, 0.0000000000000000000 ) ) ;
#772 = CARTESIAN_POINT ( 'NONE',  ( -721.0375125829706300, -43.02027741034838500, 20.83333333333332900 ) ) ;
#773 = CARTESIAN_POINT ( 'NONE',  ( -699.6262859447135700, 27.28891914701939600, 657.3461647953796500 ) ) ;
#774 = CARTESIAN_POINT ( 'NONE',  ( -977.9970575583965900, 22.89356240254233300, -87.52448106196139600 ) ) ;
#775 = CARTESIAN_POINT ( 'NONE',  ( -769.9248101595751500, -49.25061185733253700, -54.74743358702337300 ) ) ;
#776 = CARTESIAN_POINT ( 'NONE',  ( -505.8662347266603700, 72.83934185863044800, 832.3169284889535200 ) ) ;
#777 = PRODUCT_CONTEXT ( 'NONE', #6604, 'mechanical' ) ;
#778 = ADVANCED_FACE ( 'NONE', ( #2964 ), #2810, .T. ) ;
#779 = ORIENTED_EDGE ( 'NONE', *, *, #563, .T. ) ;
#780 = EDGE_CURVE ( 'NONE', #4666, #3403, #2373, .T. ) ;
#781 = CARTESIAN_POINT ( 'NONE',  ( -930.6696162560831500, -44.00615458561130600, -49.73878509517133800 ) ) ;
#782 = CARTESIAN_POINT ( 'NONE',  ( -1056.295508601152100, -1.902096704817851400, -35.09751343705252700 ) ) ;
#783 = CARTESIAN_POINT ( 'NONE',  ( -977.9970575583958000, 22.89356240254231200, 87.52448106196229100 ) ) ;
#784 = CARTESIAN_POINT ( 'NONE',  ( -1036.276792708413000, 35.20230105949016800, 15.98880057305192000 ) ) ;
#785 = CARTESIAN_POINT ( 'NONE',  ( -588.4213002791510700, -77.57978771338689200, -839.4787391688136000 ) ) ;
#786 = VERTEX_POINT ( 'NONE', #2580 ) ;
#787 = CARTESIAN_POINT ( 'NONE',  ( -978.2096096027619300, 55.64353348873468300, -63.86921591007998000 ) ) ;
#788 = CARTESIAN_POINT ( 'NONE',  ( -919.3092125744856300, 76.30036816899399800, 83.13133380108502000 ) ) ;
#789 =( BOUNDED_SURFACE ( )  B_SPLINE_SURFACE ( 3, 2, ( 
 ( #3174, #5420, #5892 ),
 ( #3148, #2144, #4821 ),
 ( #1566, #1027, #1516 ),
 ( #5964, #974, #2618 ),
 ( #3670, #2117, #5369 ),
 ( #6499, #4208, #6444 ),
 ( #3195, #3219, #1050 ),
 ( #6992, #3719, #2093 ),
 ( #5914, #6523, #7020 ),
 ( #388, #3746, #7045 ) ),
 .UNSPECIFIED., .F., .F., .F. ) 
 B_SPLINE_SURFACE_WITH_KNOTS ( ( 4, 2, 2, 2, 4 ),
 ( 3, 3 ),
 ( 0.6612005025985547800, 0.8062293721733978500, 0.9512582417482409200, 1.096287111323083900, 1.241315980897927100 ),
 ( 0.0000000000000000000, 1.000000000000000000 ),
 .UNSPECIFIED. ) 
 GEOMETRIC_REPRESENTATION_ITEM ( )  RATIONAL_B_SPLINE_SURFACE ( (
 ( 1.000000000000000000, 0.6912717319805838900, 1.000000000000000000),
 ( 1.000000000000000000, 0.6918741116751993000, 1.000000000000000000),
 ( 1.000000000000000000, 0.6925320120771504300, 1.000000000000000000),
 ( 1.000000000000000000, 0.6939439750766479600, 1.000000000000000000),
 ( 1.000000000000000000, 0.6946980584610004100, 1.000000000000000000),
 ( 1.000000000000000000, 0.6962857652520054700, 1.000000000000000000),
 ( 1.000000000000000000, 0.6971193740728608400, 1.000000000000000000),
 ( 1.000000000000000000, 0.6988478715177798300, 1.000000000000000000),
 ( 1.000000000000000000, 0.6997427311292702100, 1.000000000000000000),
 ( 1.000000000000000000, 0.7006585670461694700, 1.000000000000000000) ) ) 
 REPRESENTATION_ITEM ( '' )  SURFACE ( )  );
#790 = CARTESIAN_POINT ( 'NONE',  ( -931.1393262687283800, -44.47907115696418900, 49.76665490881085000 ) ) ;
#791 = CARTESIAN_POINT ( 'NONE',  ( -126.7066396030701600, 320.7167870820171100, 239.9999999999999400 ) ) ;
#792 = ORIENTED_EDGE ( 'NONE', *, *, #1245, .F. ) ;
#793 = ORIENTED_EDGE ( 'NONE', *, *, #2972, .F. ) ;
#794 = CARTESIAN_POINT ( 'NONE',  ( -861.4566188129445000, 93.33712182569894400, -102.2140584719200300 ) ) ;
#795 = CARTESIAN_POINT ( 'NONE',  ( -705.2947548227965600, 12.28346365191153400, -805.2782046143433900 ) ) ;
#796 = CARTESIAN_POINT ( 'NONE',  ( -721.1638438405121900, -28.50215867585657400, 123.2493405169230300 ) ) ;
#797 = ORIENTED_EDGE ( 'NONE', *, *, #5260, .T. ) ;
#798 = ORIENTED_EDGE ( 'NONE', *, *, #4135, .F. ) ;
#799 = CARTESIAN_POINT ( 'NONE',  ( -181.9412905997259900, 310.1649977691967600, 138.6209088414950900 ) ) ;
#800 = CARTESIAN_POINT ( 'NONE',  ( -769.1872778920909500, -49.25061185733253700, -54.84248903169684300 ) ) ;
#801 = CARTESIAN_POINT ( 'NONE',  ( -860.8395096330739300, 90.66934099812053200, 106.1653280343599700 ) ) ;
#802 = ORIENTED_EDGE ( 'NONE', *, *, #4164, .T. ) ;
#803 = CARTESIAN_POINT ( 'NONE',  ( -919.9065705998670000, 67.66672058828810100, -99.16993440023492200 ) ) ;
#804 = CARTESIAN_POINT ( 'NONE',  ( -1017.020702830704500, 0.3051724917409128800, 0.8604765812938994800 ) ) ;
#805 = B_SPLINE_SURFACE_WITH_KNOTS ( 'NONE', 3, 1, ( 
 ( #6930, #2055 ),
 ( #5777, #4680 ),
 ( #6846, #3661 ),
 ( #5860, #380 ),
 ( #292, #5808 ),
 ( #4198, #1432 ),
 ( #3684, #3579 ),
 ( #2031, #4146 ),
 ( #2579, #3088 ),
 ( #1403, #2500 ),
 ( #6413, #1455 ),
 ( #5256, #6875 ),
 ( #5283, #321 ),
 ( #4704, #1976 ),
 ( #6358, #2552 ),
 ( #3139, #5389 ),
 ( #7035, #3238 ),
 ( #2083, #1533 ),
 ( #2134, #4868 ),
 ( #6983, #3736 ),
 ( #2662, #4842 ),
 ( #5907, #3165 ),
 ( #3186, #6489 ),
 ( #2109, #456 ),
 ( #1556, #5931 ),
 ( #4276, #990 ),
 ( #1017, #2637 ),
 ( #3212, #3763 ),
 ( #4251, #7012 ),
 ( #480, #5357 ) ),
 .UNSPECIFIED., .F., .F., .F.,
 ( 4, 1, 1, 1, 1, 1, 1, 1, 1, 1, 1, 1, 1, 1, 1, 1, 1, 1, 1, 1, 1, 1, 1, 1, 1, 1, 1, 4 ),
 ( 2, 2 ),
 ( 0.0000000000000000000, 0.02496760279572007900, 0.04979401784463632900, 0.07462676818582625300, 0.09961329597354551300, 0.1248983838358722600, 0.1562097238299300400, 0.1874396270469609300, 0.2189082173681751200, 0.2501696793248705500, 0.3124121157476184000, 0.3750824037514259900, 0.4374761541580766100, 0.5000063827834075900, 0.5624226298232846100, 0.6248697507715546000, 0.6875113401206118800, 0.7497457064230843600, 0.8124038996733765600, 0.8435619087479377900, 0.8747871884482720800, 0.9061547055439616000, 0.9374601361958310200, 0.9500348156951908800, 0.9625575432117483600, 0.9750468513780816700, 0.9875214213401628500, 0.9999999999999998900 ),
 ( 0.0000000000000000000, 1.000000000000000000 ),
 .UNSPECIFIED. ) ;
#806 = CARTESIAN_POINT ( 'NONE',  ( -939.7654742049038500, 5.901632273459762600, 56.44355408101744600 ) ) ;
#807 =( BOUNDED_SURFACE ( )  B_SPLINE_SURFACE ( 3, 2, ( 
 ( #6396, #3749, #5399 ),
 ( #3220, #7021, #2670 ),
 ( #4286, #5941, #6500 ),
 ( #3774, #7046, #490 ),
 ( #467, #4312, #1051 ),
 ( #4878, #1028, #4851 ),
 ( #1569, #4414, #4034 ),
 ( #1431, #2006, #4044 ),
 ( #1836, #6204, #6752 ),
 ( #2398, #782, #5154 ),
 ( #6731, #5641, #221 ),
 ( #6182, #2931, #4576 ),
 ( #718, #1878, #2974 ),
 ( #738, #195, #6710 ),
 ( #2354, #4602, #6791 ),
 ( #125, #3463, #2912 ),
 ( #700, #1329, #3957 ),
 ( #2420, #5700, #6247 ),
 ( #3484, #4536, #4513 ),
 ( #1244, #5077, #1797 ),
 ( #5616, #2332, #4016 ),
 ( #761, #6163, #3503 ),
 ( #1305, #2895, #168 ),
 ( #5134, #3440, #1813 ),
 ( #3976, #149, #3996 ),
 ( #1856, #5679, #1266 ),
 ( #5093, #6228, #5657 ),
 ( #2951, #4556, #1283 ),
 ( #6774, #5111, #2376 ),
 ( #2543, #2517, #5171 ),
 ( #5769, #4623, #6839 ),
 ( #3592, #6379, #284 ),
 ( #804, #6298, #827 ),
 ( #314, #1394, #2490 ),
 ( #5824, #4109, #6324 ),
 ( #1967, #6270, #6348 ),
 ( #1349, #4136, #5196 ),
 ( #3519, #2994, #5800 ),
 ( #240, #907, #5741 ),
 ( #1917, #6819, #3105 ),
 ( #848, #3080, #4089 ),
 ( #1896, #5720, #4722 ),
 ( #4646, #5275, #4065 ),
 ( #6867, #4670, #2441 ),
 ( #3049, #3018, #1369 ),
 ( #873, #5218, #4697 ),
 ( #3543, #1942, #1422 ),
 ( #6891, #261, #3621 ),
 ( #2465, #5246, #3571 ),
 ( #339, #4166, #1448 ),
 ( #1997, #4294, #2048 ),
 ( #2102, #3757, #4860 ),
 ( #6429, #5324, #7029 ),
 ( #5302, #2023, #1037 ),
 ( #6509, #6978, #426 ),
 ( #4218, #1006, #6948 ),
 ( #2628, #4241, #7004 ),
 ( #4833, #5873, #1578 ),
 ( #3180, #6406, #5405 ),
 ( #474, #4192, #3679 ) ),
 .UNSPECIFIED., .F., .F., .F. ) 
 B_SPLINE_SURFACE_WITH_KNOTS ( ( 4, 2, 2, 2, 2, 2, 2, 2, 2, 2, 2, 2, 2, 2, 2, 2, 2, 2, 2, 2, 2, 2, 2, 2, 2, 2, 2, 2, 2, 4 ),
 ( 3, 3 ),
 ( 0.1428535317292563000, 0.1480503270655917900, 0.1506487247337595600, 0.1532471224019273100, 0.1584439177382628300, 0.1636407130745983200, 0.1662391107427660700, 0.1688375084109338100, 0.1714359060791015900, 0.1727351049131854400, 0.1740343037472693300, 0.1766327014154370800, 0.1792310990836048500, 0.1818294967517726000, 0.1831286955858564800, 0.1844278944199403400, 0.1857270932540242000, 0.1870262920881080900, 0.1896246897562758300, 0.1922230874244436100, 0.1948214850926113500, 0.1974198827607791000, 0.2000182804289468700, 0.2026166780971146200, 0.2052150757652823600, 0.2104118711016178500, 0.2156086664379533400, 0.2208054617742888400, 0.2234038594424566100, 0.2260022571106243500 ),
 ( 0.0000000000000000000, 1.000000000000000000 ),
 .UNSPECIFIED. ) 
 GEOMETRIC_REPRESENTATION_ITEM ( )  RATIONAL_B_SPLINE_SURFACE ( (
 ( 1.000000000000000000, 0.6199832514251334400, 1.000000000000000000),
 ( 1.000000000000000000, 0.5994484684159574500, 1.000000000000000000),
 ( 1.000000000000000000, 0.5789578043359604500, 1.000000000000000000),
 ( 1.000000000000000000, 0.5482837619954600300, 1.000000000000000000),
 ( 1.000000000000000000, 0.5380697570276545800, 1.000000000000000000),
 ( 1.000000000000000000, 0.5176720264582919100, 1.000000000000000000),
 ( 1.000000000000000000, 0.5074782468580577600, 1.000000000000000000),
 ( 1.000000000000000000, 0.4770361963372208900, 1.000000000000000000),
 ( 1.000000000000000000, 0.4570369464268751500, 1.000000000000000000),
 ( 1.000000000000000000, 0.4178866317496365300, 1.000000000000000000),
 ( 1.000000000000000000, 0.3987300663048232200, 1.000000000000000000),
 ( 1.000000000000000000, 0.3710529843259671200, 1.000000000000000000),
 ( 1.000000000000000000, 0.3620065335764794900, 1.000000000000000000),
 ( 1.000000000000000000, 0.3443898795957616200, 1.000000000000000000),
 ( 1.000000000000000000, 0.3358193754673781700, 1.000000000000000000),
 ( 1.000000000000000000, 0.3193137179592257500, 1.000000000000000000),
 ( 1.000000000000000000, 0.3113783542773345700, 1.000000000000000000),
 ( 1.000000000000000000, 0.3001087292763953700, 1.000000000000000000),
 ( 1.000000000000000000, 0.2964581728428058400, 1.000000000000000000),
 ( 1.000000000000000000, 0.2894001750215837700, 1.000000000000000000),
 ( 1.000000000000000000, 0.2859910944770305300, 1.000000000000000000),
 ( 1.000000000000000000, 0.2762009932825988900, 1.000000000000000000),
 ( 1.000000000000000000, 0.2702506734400495500, 1.000000000000000000),
 ( 1.000000000000000000, 0.2597669049750368500, 1.000000000000000000),
 ( 1.000000000000000000, 0.2552350824910198400, 1.000000000000000000),
 ( 1.000000000000000000, 0.2478500271011125900, 1.000000000000000000),
 ( 1.000000000000000000, 0.2449989703455470700, 1.000000000000000000),
 ( 1.000000000000000000, 0.2421304820425117200, 1.000000000000000000),
 ( 1.000000000000000000, 0.2414082831103318800, 1.000000000000000000),
 ( 1.000000000000000000, 0.2404451388458034300, 1.000000000000000000),
 ( 1.000000000000000000, 0.2402042230041352700, 1.000000000000000000),
 ( 1.000000000000000000, 0.2402079043846978300, 1.000000000000000000),
 ( 1.000000000000000000, 0.2404525011017751600, 1.000000000000000000),
 ( 1.000000000000000000, 0.2414218404663192300, 1.000000000000000000),
 ( 1.000000000000000000, 0.2421465526570259200, 1.000000000000000000),
 ( 1.000000000000000000, 0.2450191244794517300, 1.000000000000000000),
 ( 1.000000000000000000, 0.2478682542771165300, 1.000000000000000000),
 ( 1.000000000000000000, 0.2552318247963340500, 1.000000000000000000),
 ( 1.000000000000000000, 0.2597440804520442800, 1.000000000000000000),
 ( 1.000000000000000000, 0.2701641336414091200, 1.000000000000000000),
 ( 1.000000000000000000, 0.2760703107806415400, 1.000000000000000000),
 ( 1.000000000000000000, 0.2890054278512682000, 1.000000000000000000),
 ( 1.000000000000000000, 0.2960335929075513800, 1.000000000000000000),
 ( 1.000000000000000000, 0.3109732513606676100, 1.000000000000000000),
 ( 1.000000000000000000, 0.3188845847384228500, 1.000000000000000000),
 ( 1.000000000000000000, 0.3353974170685636300, 1.000000000000000000),
 ( 1.000000000000000000, 0.3439990605978844900, 1.000000000000000000),
 ( 1.000000000000000000, 0.3617447117156895000, 1.000000000000000000),
 ( 1.000000000000000000, 0.3709020375615130200, 1.000000000000000000),
 ( 1.000000000000000000, 0.3989342721923925800, 1.000000000000000000),
 ( 1.000000000000000000, 0.4182485253138053500, 1.000000000000000000),
 ( 1.000000000000000000, 0.4574979282961547100, 1.000000000000000000),
 ( 1.000000000000000000, 0.4774398746504826500, 1.000000000000000000),
 ( 1.000000000000000000, 0.5176704332974143600, 1.000000000000000000),
 ( 1.000000000000000000, 0.5379623879723531800, 1.000000000000000000),
 ( 1.000000000000000000, 0.5685955366833007600, 1.000000000000000000),
 ( 1.000000000000000000, 0.5788403191181215000, 1.000000000000000000),
 ( 1.000000000000000000, 0.5993981129631992300, 1.000000000000000000),
 ( 1.000000000000000000, 0.6097331067350627600, 1.000000000000000000),
 ( 1.000000000000000000, 0.6199832514251327800, 1.000000000000000000) ) ) 
 REPRESENTATION_ITEM ( '' )  SURFACE ( )  );
#808 = CARTESIAN_POINT ( 'NONE',  ( -770.0781440828610600, -51.00000000000041200, -64.73844108900408400 ) ) ;
#809 = CARTESIAN_POINT ( 'NONE',  ( -1031.933833216557300, 36.73114126924949100, 31.46605895844739100 ) ) ;
#810 = CARTESIAN_POINT ( 'NONE',  ( -706.9768134803711100, 7.184965482152881200, -807.6286514579137500 ) ) ;
#811 = CARTESIAN_POINT ( 'NONE',  ( -948.7841062061085000, 5.018420375086949800, 81.73844108900584600 ) ) ;
#812 = FACE_OUTER_BOUND ( 'NONE', #6844, .T. ) ;
#813 = CARTESIAN_POINT ( 'NONE',  ( -428.7639857112776000, 183.8977911741911800, 650.0000000000000000 ) ) ;
#814 = CARTESIAN_POINT ( 'NONE',  ( -733.9389794829934300, 26.05957004490587500, -120.2209858787194000 ) ) ;
#815 = CARTESIAN_POINT ( 'NONE',  ( -855.0379465244517400, 73.34051792130112800, 114.9129884563465400 ) ) ;
#816 = ADVANCED_FACE ( 'NONE', ( #6145 ), #6937, .T. ) ;
#817 = CARTESIAN_POINT ( 'NONE',  ( -105.0205380212446800, 317.8741218692450200, 239.9999999999999100 ) ) ;
#818 = DIRECTION ( 'NONE',  ( 0.0000000000000000000, 1.000000000000000000, 0.0000000000000000000 ) ) ;
#819 = EDGE_CURVE ( 'NONE', #2136, #6623, #1728, .T. ) ;
#820 = CARTESIAN_POINT ( 'NONE',  ( -161.2978103916830700, 321.5061838041837600, 139.3090248484430200 ) ) ;
#821 = CARTESIAN_POINT ( 'NONE',  ( -728.6948296965529200, 26.57218991195626500, -95.30066013804095300 ) ) ;
#822 = CARTESIAN_POINT ( 'NONE',  ( -184.6267484020527500, 301.5348855917765100, 240.0000000000000600 ) ) ;
#823 = ADVANCED_FACE ( 'NONE', ( #5793 ), #4173, .T. ) ;
#824 = VECTOR ( 'NONE', #6607, 1000.000000000000000 ) ;
#825 = ORIENTED_EDGE ( 'NONE', *, *, #2872, .T. ) ;
#826 = CARTESIAN_POINT ( 'NONE',  ( -943.8196562350169600, 67.74973517524844600, 98.63595560873659500 ) ) ;
#827 = CARTESIAN_POINT ( 'NONE',  ( -1028.456510750863600, 37.40925694940116100, 0.9140768731604510500 ) ) ;
#828 = CARTESIAN_POINT ( 'NONE',  ( -930.8382738294539000, 6.775890097673309900, 69.73095854039044600 ) ) ;
#829 = CARTESIAN_POINT ( 'NONE',  ( -970.4037882827223000, 2.925072896146029500, 68.60026894045701300 ) ) ;
#830 = CARTESIAN_POINT ( 'NONE',  ( -5.623526610933341000E-011, 143.7629520247317600, 144.6856185281509100 ) ) ;
#831 = CARTESIAN_POINT ( 'NONE',  ( -816.7955859976685800, -51.19936733089447500, 53.27780756225664800 ) ) ;
#832 = ORIENTED_EDGE ( 'NONE', *, *, #1120, .T. ) ;
#833 = CARTESIAN_POINT ( 'NONE',  ( -739.1236205613444100, 138.1367078960154800, 104.0731265631820300 ) ) ;
#834 = ORIENTED_EDGE ( 'NONE', *, *, #6998, .T. ) ;
#835 = CARTESIAN_POINT ( 'NONE',  ( -731.8874230504418400, 51.43171812236078500, 120.2902128973732800 ) ) ;
#836 = CARTESIAN_POINT ( 'NONE',  ( -931.1393262687283800, 7.164169369840226200, 49.76665490881085000 ) ) ;
#837 = CARTESIAN_POINT ( 'NONE',  ( -38.55760113323100300, 308.1239035859978200, 239.9999999999999100 ) ) ;
#838 = CARTESIAN_POINT ( 'NONE',  ( -859.1916814820807500, 84.79361931122137700, -111.3289848183649000 ) ) ;
#839 = CARTESIAN_POINT ( 'NONE',  ( -699.1482377464583400, 28.42472817431663800, -894.7266361681460000 ) ) ;
#840 = CARTESIAN_POINT ( 'NONE',  ( -768.5126514507101100, -48.68098186006053400, 55.03381803074366000 ) ) ;
#841 = ORIENTED_EDGE ( 'NONE', *, *, #2696, .F. ) ;
#842 = CARTESIAN_POINT ( 'NONE',  ( -180.7714855027329600, 336.3635059576126900, 135.2763254320410100 ) ) ;
#843 = CARTESIAN_POINT ( 'NONE',  ( -861.6595126023505600, 94.40981206220433800, 100.0709689902535900 ) ) ;
#844 = ORIENTED_EDGE ( 'NONE', *, *, #166, .T. ) ;
#845 = ADVANCED_FACE ( 'NONE', ( #4064, #6060 ), #2553, .F. ) ;
#846 = CARTESIAN_POINT ( 'NONE',  ( -919.0409262160698100, 63.02909517864819800, -102.5518178517572100 ) ) ;
#847 = EDGE_CURVE ( 'NONE', #315, #1463, #1107, .T. ) ;
#848 = CARTESIAN_POINT ( 'NONE',  ( -1016.700828299722500, 0.3231496449095523900, 9.403219270175153400 ) ) ;
#849 = CARTESIAN_POINT ( 'NONE',  ( -934.5418938816882200, 6.413187495244408800, 68.82968687463731800 ) ) ;
#850 = CARTESIAN_POINT ( 'NONE',  ( -861.5345184852210400, 35.55172764378141200, -114.2518697217170700 ) ) ;
#851 = CARTESIAN_POINT ( 'NONE',  ( -1038.145799342743400, 40.39804840806824200, 685.0000000000000000 ) ) ;
#852 = CARTESIAN_POINT ( 'NONE',  ( -721.0375125829706300, -43.02027741034838500, -20.83333333333332900 ) ) ;
#853 = CARTESIAN_POINT ( 'NONE',  ( -971.0375125829706300, -46.70541187800886000, -20.83333333333332900 ) ) ;
#854 = CARTESIAN_POINT ( 'NONE',  ( -735.8673913337911500, 127.8887512847819500, 116.9030234752021900 ) ) ;
#855 = ADVANCED_FACE ( 'NONE', ( #6900 ), #1851, .T. ) ;
#856 = CARTESIAN_POINT ( 'NONE',  ( 8.325832408001845800, 121.3107911733968800, -144.9631462750859000 ) ) ;
#857 = CARTESIAN_POINT ( 'NONE',  ( -931.7072111055728100, 7.164169369840226200, 49.83040187076174700 ) ) ;
#858 = CARTESIAN_POINT ( 'NONE',  ( -130.8058562171617300, 321.2467302846687300, 240.0000000000000000 ) ) ;
#859 = DIRECTION ( 'NONE',  ( -0.0000000000000000000, 0.0000000000000000000, -1.000000000000000000 ) ) ;
#860 = CARTESIAN_POINT ( 'NONE',  ( -766.8680877055678600, -48.54296955395824400, 63.45277438365177900 ) ) ;
#861 = CARTESIAN_POINT ( 'NONE',  ( -158.0005438566567800, 281.8237605660858100, 139.4189337329307500 ) ) ;
#862 = ORIENTED_EDGE ( 'NONE', *, *, #5245, .F. ) ;
#863 =( GEOMETRIC_REPRESENTATION_CONTEXT ( 3 ) GLOBAL_UNCERTAINTY_ASSIGNED_CONTEXT ( ( #4836 ) ) GLOBAL_UNIT_ASSIGNED_CONTEXT ( ( #2782, #42, #589 ) ) REPRESENTATION_CONTEXT ( 'NONE', 'WORKASPACE' ) );
#864 = CARTESIAN_POINT ( 'NONE',  ( -171.6170924311340100, 318.0242704586510200, 138.9650487803951400 ) ) ;
#865 = ORIENTED_EDGE ( 'NONE', *, *, #6347, .T. ) ;
#866 = CARTESIAN_POINT ( 'NONE',  ( -730.2681026710157500, 36.94558889083148000, -115.6468909344010300 ) ) ;
#867 = CARTESIAN_POINT ( 'NONE',  ( -347.8183075493970500, 85.78377495892824800, -877.8983430316171700 ) ) ;
#868 = CARTESIAN_POINT ( 'NONE',  ( -698.0170398821221600, 31.07444923467245300, 829.2154502562028700 ) ) ;
#869 = CARTESIAN_POINT ( 'NONE',  ( -916.1761530242677100, 52.87348742163671000, 105.6062142766446600 ) ) ;
#870 = EDGE_CURVE ( 'NONE', #6541, #1833, #2270, .T. ) ;
#871 = DIRECTION ( 'NONE',  ( -1.000000000000000000, 0.0000000000000000000, 0.0000000000000000000 ) ) ;
#872 = CARTESIAN_POINT ( 'NONE',  ( -16.52498873946946700, 298.1412287812183300, -144.1347855701701500 ) ) ;
#873 = CARTESIAN_POINT ( 'NONE',  ( -1015.928679326762100, 0.3665449109012017800, 16.21465817035591800 ) ) ;
#874 = VERTEX_POINT ( 'NONE', #3187 ) ;
#875 = CARTESIAN_POINT ( 'NONE',  ( -258.7992690864780900, 213.7750709259654500, 655.0000000000000000 ) ) ;
#876 = DIRECTION ( 'NONE',  ( -0.08642731099797242000, 0.0000000000000000000, -0.9962581592708085200 ) ) ;
#877 = CARTESIAN_POINT ( 'NONE',  ( -5.573319583618285800E-011, 132.7561489077963900, 141.3945154209762600 ) ) ;
#878 = CARTESIAN_POINT ( 'NONE',  ( -531.9501749664385700, -5.650588350028082000, -69.73714230385326100 ) ) ;
#879 = CARTESIAN_POINT ( 'NONE',  ( -931.4263944230313000, 7.164169077462492700, -49.79488626819294700 ) ) ;
#880 = ORIENTED_EDGE ( 'NONE', *, *, #6865, .T. ) ;
#881 = CARTESIAN_POINT ( 'NONE',  ( -354.4558557141213000, 34.68648942391655500, 880.5027407273113300 ) ) ;
#882 = ORIENTED_EDGE ( 'NONE', *, *, #4489, .F. ) ;
#883 = CARTESIAN_POINT ( 'NONE',  ( -864.1920766689029300, 95.78081529010835000, 114.2952259661391700 ) ) ;
#884 = ORIENTED_EDGE ( 'NONE', *, *, #147, .F. ) ;
#885 = CARTESIAN_POINT ( 'NONE',  ( -237.9721781102528000, 82.06018701736681500, -136.7532125892288700 ) ) ;
#886 = CARTESIAN_POINT ( 'NONE',  ( -957.5667416723279100, 39.00328281401115000, -94.51051213111297500 ) ) ;
#887 = ADVANCED_FACE ( 'NONE', ( #5550 ), #2812, .F. ) ;
#888 = CARTESIAN_POINT ( 'NONE',  ( -132.6505533992767300, 321.4847211054402000, 240.0000000000000000 ) ) ;
#889 = VERTEX_POINT ( 'NONE', #1590 ) ;
#890 = CARTESIAN_POINT ( 'NONE',  ( -930.0000000000557100, -44.17288593644951100, -69.73844108900408400 ) ) ;
#891 = CARTESIAN_POINT ( 'NONE',  ( -1038.145799342743400, 39.92077323885193600, 680.0000000000000000 ) ) ;
#892 = B_SPLINE_SURFACE_WITH_KNOTS ( 'NONE', 3, 1, ( 
 ( #4997, #1721 ),
 ( #5570, #570 ),
 ( #6134, #5589 ),
 ( #2844, #666 ),
 ( #2283, #599 ),
 ( #5542, #1672 ) ),
 .UNSPECIFIED., .F., .F., .F.,
 ( 4, 1, 1, 4 ),
 ( 2, 2 ),
 ( 0.0000000000000000000, 0.2221646249031024600, 0.3221646249031021600, 1.000000000000000000 ),
 ( 0.0000000000000000000, 1.000000000000000000 ),
 .UNSPECIFIED. ) ;
#893 = VERTEX_POINT ( 'NONE', #2693 ) ;
#894 = CARTESIAN_POINT ( 'NONE',  ( -128.0449755521220800, 283.1098217306960700, 140.4174526764153400 ) ) ;
#895 = CARTESIAN_POINT ( 'NONE',  ( -189.4021635995849800, 333.3252718369823800, 137.5965442856417300 ) ) ;
#896 = CARTESIAN_POINT ( 'NONE',  ( -366.7937014670116600, 102.8553146867645600, 592.9706722561451200 ) ) ;
#897 = PLANE ( 'NONE',  #1271 ) ;
#898 = DIRECTION ( 'NONE',  ( 1.000000000000000000, 2.610927889176040600E-016, 0.0000000000000000000 ) ) ;
#899 = CARTESIAN_POINT ( 'NONE',  ( -171.8994675934807800, 286.1186658662037400, 239.9999999999999100 ) ) ;
#900 = LINE ( 'NONE', #5200, #1589 ) ;
#901 = EDGE_CURVE ( 'NONE', #3184, #2045, #5466, .T. ) ;
#902 = CARTESIAN_POINT ( 'NONE',  ( -706.7668926889495000, 7.809641298080326700, -801.9693845669907000 ) ) ;
#903 = CARTESIAN_POINT ( 'NONE',  ( -916.1761530242785100, 26.11962362688412400, 105.6062142766421300 ) ) ;
#904 = B_SPLINE_CURVE_WITH_KNOTS ( 'NONE', 3,
 ( #2079, #4840, #5387, #5927, #6514, #3785, #1064, #5436, #6651, #6625, #1179, #3374, #4961, #5006, #3328, #3349, #4981, #81, #5552, #6119, #3915, #60, #3892, #1704, #651, #1221, #4393, #2828, #4464, #1680, #1131, #2753, #2201, #4418, #5527, #6025, #104, #3871, #1156, #1203, #5027, #626, #606, #5502, #5053, #6585, #1750, #6049, #10, #5575, #35, #3935, #4446, #2289, #5482, #1726, #2268, #4485 ),
 .UNSPECIFIED., .F., .F.,
 ( 4, 2, 2, 2, 2, 2, 2, 2, 2, 2, 2, 2, 2, 2, 2, 2, 2, 2, 2, 2, 2, 2, 2, 2, 2, 2, 2, 2, 4 ),
 ( 0.0000000000000000000, 0.01287592112232348700, 0.02575184224464697300, 0.02897082252522776100, 0.03218980280580855500, 0.03862776336697016500, 0.05150368448929336400, 0.05472266476987439100, 0.05794164505045543100, 0.06437960561161718000, 0.07725552673394098200, 0.08369348729510288400, 0.09013144785626478500, 0.1030073689785886100, 0.1094453295397503500, 0.1126643098203310700, 0.1158832901009117800, 0.1287592112232346700, 0.1351971717843962500, 0.1384161520649769000, 0.1416351323455575500, 0.1545110534678798800, 0.1673869745902022700, 0.1706059548707829500, 0.1738249351513636000, 0.1802628957125248200, 0.1931388168348471800, 0.1995767773960084000, 0.2060147379571696200 ),
 .UNSPECIFIED. ) ;
#905 = CARTESIAN_POINT ( 'NONE',  ( -770.0781411151467600, -51.00000000000041200, 54.73844108899106000 ) ) ;
#906 = CARTESIAN_POINT ( 'NONE',  ( -27.05541572611709700, 300.8349434802854000, -143.7837713372819100 ) ) ;
#907 = CARTESIAN_POINT ( 'NONE',  ( -1091.008725230450200, -3.853001674991345400, 10.59093069474820000 ) ) ;
#908 = CIRCLE ( 'NONE', #2450, 870.0000000000001100 ) ;
#910 = AXIS2_PLACEMENT_3D ( 'NONE', #6062, #6768, #2431 ) ;
#909 =( BOUNDED_CURVE ( )  B_SPLINE_CURVE ( 3, ( #3135, #452, #1551, #2051 ),
 .UNSPECIFIED., .F., .F. ) 
 B_SPLINE_CURVE_WITH_KNOTS ( ( 4, 4 ),
 ( 4.812488359612213900, 6.372222156400537700 ),
 .UNSPECIFIED. ) 
 CURVE ( )  GEOMETRIC_REPRESENTATION_ITEM ( )  RATIONAL_B_SPLINE_CURVE ( ( 1.000000000000000000, 0.8073380928898427100, 0.8073380928898427100, 1.000000000000000000 ) ) 
 REPRESENTATION_ITEM ( '' )  );
#911 = CARTESIAN_POINT ( 'NONE',  ( -110.4287047268472300, 285.3731536437238700, 137.9225819429061100 ) ) ;
#912 = CARTESIAN_POINT ( 'NONE',  ( -447.9801092901970500, 49.83749238180580900, -373.9530545154048600 ) ) ;
#913 = CARTESIAN_POINT ( 'NONE',  ( -931.7090280948216300, 7.164169077462492700, -49.83070471747460300 ) ) ;
#914 = CARTESIAN_POINT ( 'NONE',  ( -183.4428158143957100, 307.5590448092156100, 138.5708580010061700 ) ) ;
#915 = VECTOR ( 'NONE', #6481, 1000.000000000000000 ) ;
#916 = CARTESIAN_POINT ( 'NONE',  ( -964.3867633545561400, 60.50955243409095600, -92.40514392451041200 ) ) ;
#917 = CARTESIAN_POINT ( 'NONE',  ( -147.8041691874471400, 322.9955543394674500, 239.9999999999999700 ) ) ;
#918 = CARTESIAN_POINT ( 'NONE',  ( -929.9999970323415300, -44.10239079642276700, 49.73844108900586700 ) ) ;
#919 = CARTESIAN_POINT ( 'NONE',  ( -418.8108414987675000, 78.87170263032058400, -650.0000000000000000 ) ) ;
#920 = B_SPLINE_SURFACE_WITH_KNOTS ( 'NONE', 3, 3, ( 
 ( #4142, #4759, #1970, #6384, #1451, #3136, #5279 ),
 ( #317, #3596, #5221, #3109, #6952, #5828, #6981 ),
 ( #1504, #4171, #3054, #912, #3681, #2003, #4223 ),
 ( #1947, #878, #6871, #3654, #4701, #5328, #939 ) ),
 .UNSPECIFIED., .F., .F., .F.,
 ( 4, 4 ),
 ( 4, 1, 1, 1, 4 ),
 ( 0.0000000000000000000, 1.000000000000000000 ),
 ( 0.0000000000000000000, 0.2982968211775609600, 0.6153669425867313000, 0.7410739866888770300, 1.000000000000000000 ),
 .UNSPECIFIED. ) ;
#921 = CARTESIAN_POINT ( 'NONE',  ( -164.4705222100493000, 283.3342022070680200, 139.2032677878177400 ) ) ;
#922 = CARTESIAN_POINT ( 'NONE',  ( -185.7966739455695200, 334.5945025469301900, 136.1552552336892700 ) ) ;
#923 = VERTEX_POINT ( 'NONE', #4360 ) ;
#924 = CARTESIAN_POINT ( 'NONE',  ( -452.3121918719482400, 65.16824894476499700, -373.9673483437173300 ) ) ;
#925 = EDGE_CURVE ( 'NONE', #1366, #4713, #1265, .T. ) ;
#926 = CARTESIAN_POINT ( 'NONE',  ( -723.7945680158911700, -29.18071593480789300, -36.91470976221315700 ) ) ;
#927 = CARTESIAN_POINT ( 'NONE',  ( -1038.145799342743400, 7.809641298080292900, 801.9693845669907000 ) ) ;
#928 = CARTESIAN_POINT ( 'NONE',  ( -175.9772889925170600, 288.3762398261892500, 239.9999999999999700 ) ) ;
#929 = VECTOR ( 'NONE', #680, 1000.000000000000000 ) ;
#930 = CARTESIAN_POINT ( 'NONE',  ( -696.2101435935198900, 35.13503687897489400, 839.8260614358887300 ) ) ;
#931 = CARTESIAN_POINT ( 'NONE',  ( -911.1337598592813300, 23.88819030296837900, 106.6382056507917600 ) ) ;
#932 = ADVANCED_FACE ( 'NONE', ( #2538 ), #3087, .F. ) ;
#933 = CARTESIAN_POINT ( 'NONE',  ( -137.8157153226872300, 281.8503284239580500, 239.9999999999999400 ) ) ;
#934 = CARTESIAN_POINT ( 'NONE',  ( -1534.030086240052700, -101.6600000000000000, 1100.000000000000000 ) ) ;
#935 = CARTESIAN_POINT ( 'NONE',  ( -588.4213002791510700, 52.56242444261036400, -839.4787391688136000 ) ) ;
#936 = LINE ( 'NONE', #2671, #3758 ) ;
#937 = CARTESIAN_POINT ( 'NONE',  ( -531.8258541121442700, 51.56268442353459800, -373.8311718869599600 ) ) ;
#938 = CARTESIAN_POINT ( 'NONE',  ( -856.4890314590361400, 38.00183585497628500, -114.7718134927301600 ) ) ;
#939 = CARTESIAN_POINT ( 'NONE',  ( -344.9798420320378200, 113.8747192612501400, -650.0000000000000000 ) ) ;
#940 = CARTESIAN_POINT ( 'NONE',  ( -932.2152195003189900, -44.47907115522036000, -69.56950639098485600 ) ) ;
#941 = CARTESIAN_POINT ( 'NONE',  ( -387.6703808940035900, 37.44929390771397900, 868.0190966513521300 ) ) ;
#942 = EDGE_LOOP ( 'NONE', ( #4078, #4818, #2371, #371, #5418 ) ) ;
#943 = VERTEX_POINT ( 'NONE', #4898 ) ;
#944 = CARTESIAN_POINT ( 'NONE',  ( -136.0483955022363600, 321.9226859164995700, 239.9999999999999400 ) ) ;
#945 = EDGE_CURVE ( 'NONE', #2605, #5898, #4679, .T. ) ;
#946 = CARTESIAN_POINT ( 'NONE',  ( -530.2061565769819300, -7.705684670995872800, 0.0000000000000000000 ) ) ;
#947 = CARTESIAN_POINT ( 'NONE',  ( -110.4287047268469500, 313.4778319254067500, -239.9999999999998000 ) ) ;
#948 = CARTESIAN_POINT ( 'NONE',  ( -23.35758690175216800, 298.8182474670671200, 143.9070322980941200 ) ) ;
#949 = DIRECTION ( 'NONE',  ( -1.000000000000000000, 0.0000000000000000000, 0.0000000000000000000 ) ) ;
#950 = CARTESIAN_POINT ( 'NONE',  ( -968.7894978597885300, 3.059254069401236900, 70.56854375171587900 ) ) ;
#951 = DIRECTION ( 'NONE',  ( 0.0000000000000000000, 1.000000000000000000, 0.0000000000000000000 ) ) ;
#952 = CARTESIAN_POINT ( 'NONE',  ( -168.3828964060645300, 284.6352564845914800, 239.9999999999999400 ) ) ;
#953 = CARTESIAN_POINT ( 'NONE',  ( -699.1356459830223000, 28.45473155450985600, 824.2628544778511900 ) ) ;
#954 = DIRECTION ( 'NONE',  ( 0.0000000000000000000, 0.0000000000000000000, -1.000000000000000000 ) ) ;
#955 = CARTESIAN_POINT ( 'NONE',  ( -126.8233280958974100, 283.2681043158139600, 239.9999999999998900 ) ) ;
#956 = CARTESIAN_POINT ( 'NONE',  ( -14.94393524236715400, 297.3380744371123100, -144.1874873534069400 ) ) ;
#957 = DIRECTION ( 'NONE',  ( -0.0000000000000000000, -0.0000000000000000000, -1.000000000000000000 ) ) ;
#958 = DIRECTION ( 'NONE',  ( -0.3320534516538566300, 0.9432605712340359500, 0.0000000000000000000 ) ) ;
#959 = CARTESIAN_POINT ( 'NONE',  ( -950.0984878426454500, 4.889700464990029100, -81.60400737620676600 ) ) ;
#960 = CARTESIAN_POINT ( 'NONE',  ( -721.0375125829706300, -43.02027741034836300, 0.0000000000000000000 ) ) ;
#961 = CARTESIAN_POINT ( 'NONE',  ( -940.1826256141716800, -44.47907115522036000, -57.73122555070944600 ) ) ;
#962 = ORIENTED_EDGE ( 'NONE', *, *, #1818, .T. ) ;
#963 = CARTESIAN_POINT ( 'NONE',  ( -1004.167345983600700, 1.027539364971652700, -44.51969783023678700 ) ) ;
#964 = CARTESIAN_POINT ( 'NONE',  ( -138.0635540120957200, 322.1810716680342900, 239.9999999999999400 ) ) ;
#965 = ORIENTED_EDGE ( 'NONE', *, *, #5988, .F. ) ;
#966 = EDGE_CURVE ( 'NONE', #5852, #6629, #3376, .T. ) ;
#967 = CARTESIAN_POINT ( 'NONE',  ( -5.573406319792084700E-011, 145.4327230323256400, -144.6856185281506600 ) ) ;
#968 = CARTESIAN_POINT ( 'NONE',  ( -14.62674840205269100, 302.0000000000000600, -128.7958889368372300 ) ) ;
#969 = B_SPLINE_CURVE_WITH_KNOTS ( 'NONE', 3,
 ( #690, #3984, #2860, #4542, #5018, #6154 ),
 .UNSPECIFIED., .F., .F.,
 ( 4, 1, 1, 4 ),
 ( 0.0000000000000000000, 0.08409707550759747100, 0.1681940720496415700, 1.000000000000000000 ),
 .UNSPECIFIED. ) ;
#970 = ORIENTED_EDGE ( 'NONE', *, *, #6181, .T. ) ;
#971 = CARTESIAN_POINT ( 'NONE',  ( -73.70410841174236800, 290.4241271585494800, 142.2288149144278900 ) ) ;
#972 = ORIENTED_EDGE ( 'NONE', *, *, #4188, .F. ) ;
#973 = AXIS2_PLACEMENT_3D ( 'NONE', #1858, #2356, #6207 ) ;
#974 = CARTESIAN_POINT ( 'NONE',  ( -1008.212232476124300, 0.8002141576476744500, -70.42764506406486200 ) ) ;
#975 = CARTESIAN_POINT ( 'NONE',  ( -308.7992690864780300, 140.4205989181334900, -650.0000000000000000 ) ) ;
#976 = CARTESIAN_POINT ( 'NONE',  ( -855.3638864233430500, 72.96577670751425200, 114.8816014359641600 ) ) ;
#977 = CARTESIAN_POINT ( 'NONE',  ( -178.7257531420651400, 290.4166871509210600, 239.9999999999999400 ) ) ;
#978 = VERTEX_POINT ( 'NONE', #4453 ) ;
#979 = CARTESIAN_POINT ( 'NONE',  ( -715.2318509082723500, -26.80188611031109100, -711.9326841035374400 ) ) ;
#980 = CARTESIAN_POINT ( 'NONE',  ( -144.5117248668271100, 281.1413505562200600, 240.0000000000000000 ) ) ;
#981 = CARTESIAN_POINT ( 'NONE',  ( -19.22982709354719700, 299.0024779361758600, -144.0446242917009600 ) ) ;
#982 = VERTEX_POINT ( 'NONE', #3837 ) ;
#983 = DIRECTION ( 'NONE',  ( 0.0000000000000000000, -0.0000000000000000000, 1.000000000000000000 ) ) ;
#984 = ORIENTED_EDGE ( 'NONE', *, *, #2869, .F. ) ;
#985 = DIRECTION ( 'NONE',  ( -0.0000000000000000000, -0.0000000000000000000, 1.000000000000000000 ) ) ;
#986 = DIRECTION ( 'NONE',  ( -0.3320534516538311000, 0.9432605712340449400, 0.0000000000000000000 ) ) ;
#987 = CARTESIAN_POINT ( 'NONE',  ( -1015.487234781570700, 0.3913543766001582600, 18.75987080215115600 ) ) ;
#988 = CARTESIAN_POINT ( 'NONE',  ( -934.2995563694152000, 7.164169077462492700, -68.96009501495842600 ) ) ;
#989 = VECTOR ( 'NONE', #1880, 1000.000000000000000 ) ;
#990 = CARTESIAN_POINT ( 'NONE',  ( -769.5060197261552700, 23.42730997547047500, 64.68821729051977300 ) ) ;
#991 = CARTESIAN_POINT ( 'NONE',  ( -938.4690311064656500, 69.63330117631264200, -76.46280272388628400 ) ) ;
#992 = CARTESIAN_POINT ( 'NONE',  ( -170.2438558832221800, 318.6239965566506400, 239.9999999999999100 ) ) ;
#993 = B_SPLINE_CURVE_WITH_KNOTS ( 'NONE', 3,
 ( #4503, #5590, #6157, #4481, #6114, #2792, #5049, #3886, #2845, #3432, #5068, #1791, #1173, #5611, #2324, #1295, #4614, #6259, #5102, #6808, #2945, #752 ),
 .UNSPECIFIED., .F., .F.,
 ( 4, 2, 2, 2, 2, 2, 2, 2, 2, 2, 4 ),
 ( 1.163170574736153400E-016, 0.003536058896568520700, 0.007072117793136925200, 0.008840147241421127500, 0.01060817668970533100, 0.01149219141384758700, 0.01237620613798984400, 0.01281821350006097500, 0.01326022086213210700, 0.01370222822420324100, 0.01414423558627437300 ),
 .UNSPECIFIED. ) ;
#994 = PLANE ( 'NONE',  #1261 ) ;
#995 = CARTESIAN_POINT ( 'NONE',  ( -738.1947984173963300, -31.16031045985339200, -123.2489932758588800 ) ) ;
#996 = CARTESIAN_POINT ( 'NONE',  ( -536.4089367922349500, -10.00669366827933300, -36.89144407851287600 ) ) ;
#997 = CARTESIAN_POINT ( 'NONE',  ( -649.2818860900317800, -28.50211036837637500, 269.7590847208614400 ) ) ;
#998 = DIRECTION ( 'NONE',  ( 0.0000000000000000000, 1.000000000000000000, 0.0000000000000000000 ) ) ;
#999 = CARTESIAN_POINT ( 'NONE',  ( -366.0172453933366800, 121.2709318782747800, -509.5164487769175700 ) ) ;
#1000 = CARTESIAN_POINT ( 'NONE',  ( -181.7084425294492000, 293.5248389824574200, 239.9999999999999700 ) ) ;
#1001 = EDGE_CURVE ( 'NONE', #4619, #6868, #2910, .T. ) ;
#1002 = CARTESIAN_POINT ( 'NONE',  ( -184.5302963307044000, 294.9492343279662200, -138.5346086504624700 ) ) ;
#1003 = CARTESIAN_POINT ( 'NONE',  ( -5.573319583618285800E-011, 373.7893821233247400, 144.6856185281506300 ) ) ;
#1004 = CARTESIAN_POINT ( 'NONE',  ( -142.0846900645501000, 281.3501549570369200, 239.9999999999999400 ) ) ;
#1005 = CARTESIAN_POINT ( 'NONE',  ( -184.1267828336369200, 300.6456808668255600, -138.5480591003645800 ) ) ;
#1006 = CARTESIAN_POINT ( 'NONE',  ( -1035.422124068299600, -0.7289991476668320500, 49.01294677009928300 ) ) ;
#1007 = CARTESIAN_POINT ( 'NONE',  ( -372.1066412079341600, 104.4739540227479900, -593.0110748179392900 ) ) ;
#1008 = CARTESIAN_POINT ( 'NONE',  ( -582.4122084373265100, 33.78716018846089500, 650.0000000000000000 ) ) ;
#1009 = CYLINDRICAL_SURFACE ( 'NONE', #538, 70.00000000000000000 ) ;
#1010 = DIRECTION ( 'NONE',  ( 0.8977191870810249400, 0.3160216421387596100, -0.3069700031705147600 ) ) ;
#1011 = CARTESIAN_POINT ( 'NONE',  ( -1016.994097761380300, 0.3066677136481872300, 3.424587032314581100 ) ) ;
#1012 = CARTESIAN_POINT ( 'NONE',  ( -930.0000000000558200, 7.164169077462492700, -69.73844108900408400 ) ) ;
#1013 = EDGE_LOOP ( 'NONE', ( #6949, #5749, #4445, #1082, #5281 ) ) ;
#1014 = CARTESIAN_POINT ( 'NONE',  ( -939.9641676599566200, 5.882173843000658500, -62.39522903251435800 ) ) ;
#1015 = EDGE_LOOP ( 'NONE', ( #965, #1142, #4970, #4383 ) ) ;
#1016 = CYLINDRICAL_SURFACE ( 'NONE', #4422, 497.5000000000000600 ) ;
#1017 = CARTESIAN_POINT ( 'NONE',  ( -769.6961746380799200, -49.25060836388760100, 64.71272302272220100 ) ) ;
#1018 = CARTESIAN_POINT ( 'NONE',  ( -855.5164796022163500, 38.93544325447158600, 114.8668439700471600 ) ) ;
#1019 = CARTESIAN_POINT ( 'NONE',  ( -159.6015357563700300, 321.8486944691483700, 240.0000000000000000 ) ) ;
#1020 = AXIS2_PLACEMENT_3D ( 'NONE', #4650, #2380, #6754 ) ;
#1021 = VERTEX_POINT ( 'NONE', #21 ) ;
#1022 = CARTESIAN_POINT ( 'NONE',  ( -711.8568504542180300, -28.00425256398114000, -269.8670942215699100 ) ) ;
#1023 = CARTESIAN_POINT ( 'NONE',  ( -1008.794651406416500, 24.15058637476397900, 69.96092769962649500 ) ) ;
#1024 = LINE ( 'NONE', #4776, #4073 ) ;
#1025 = FACE_OUTER_BOUND ( 'NONE', #1184, .T. ) ;
#1026 = CARTESIAN_POINT ( 'NONE',  ( -337.8090684202434800, 125.8181341851555300, 594.9165003535907800 ) ) ;
#1027 = CARTESIAN_POINT ( 'NONE',  ( -1014.776880411038400, 0.4312767465720163100, -64.24384312892424000 ) ) ;
#1028 = CARTESIAN_POINT ( 'NONE',  ( -1041.920100296533700, -1.094189566478613700, -44.82190044998881700 ) ) ;
#1029 = EDGE_CURVE ( 'NONE', #1904, #3419, #5282, .T. ) ;
#1030 = CARTESIAN_POINT ( 'NONE',  ( -486.9733623574837200, 75.45585723913002600, 128.4531731162368000 ) ) ;
#1031 = CARTESIAN_POINT ( 'NONE',  ( -164.6690169106506100, 283.3977941967900700, 239.9999999999999700 ) ) ;
#1032 = CARTESIAN_POINT ( 'NONE',  ( -183.8155899356077600, 292.1935926995958500, -138.5584321969655300 ) ) ;
#1033 = CARTESIAN_POINT ( 'NONE',  ( -966.0375125829705200, -38.04515784016426500, 20.83333333333332900 ) ) ;
#1034 = EDGE_LOOP ( 'NONE', ( #793, #3353, #6303, #5830 ) ) ;
#1035 = CARTESIAN_POINT ( 'NONE',  ( -130.0247359942026200, 282.8540745592241600, 239.9999999999999400 ) ) ;
#1036 = DIRECTION ( 'NONE',  ( 0.08623904901945678200, 0.06596813026982473200, -0.9940880404737414400 ) ) ;
#1037 = CARTESIAN_POINT ( 'NONE',  ( -1029.498691847891500, 28.94701020064865200, 38.83946067233691200 ) ) ;
#1038 = CARTESIAN_POINT ( 'NONE',  ( -635.3156354085016300, 14.58184309946601000, 451.2219962217839100 ) ) ;
#1039 = CARTESIAN_POINT ( 'NONE',  ( -979.7195593237235000, -49.80385858583706200, 312.7510206763798200 ) ) ;
#1040 = CARTESIAN_POINT ( 'NONE',  ( -1014.408165439161500, 0.4519987635994183200, -23.80246345036909300 ) ) ;
#1041 = ORIENTED_EDGE ( 'NONE', *, *, #5075, .T. ) ;
#1042 = DIRECTION ( 'NONE',  ( 1.000000000000000000, 0.0000000000000000000, 0.0000000000000000000 ) ) ;
#1043 = CARTESIAN_POINT ( 'NONE',  ( -895.0010095122149800, 24.94318566793834100, 109.6312880183363800 ) ) ;
#1044 = CARTESIAN_POINT ( 'NONE',  ( -153.1978828604382600, 322.7854073344839800, 240.0000000000000000 ) ) ;
#1045 =( BOUNDED_CURVE ( )  B_SPLINE_CURVE ( 3, ( #1256, #5671, #6241, #122 ),
 .UNSPECIFIED., .F., .F. ) 
 B_SPLINE_CURVE_WITH_KNOTS ( ( 4, 4 ),
 ( 1.241315980897904200, 1.331117803537669600 ),
 .UNSPECIFIED. ) 
 CURVE ( )  GEOMETRIC_REPRESENTATION_ITEM ( )  RATIONAL_B_SPLINE_CURVE ( ( 1.000000000000000000, 0.9993280822862465900, 0.9993280822862465900, 1.000000000000000000 ) ) 
 REPRESENTATION_ITEM ( '' )  );
#1046 = CARTESIAN_POINT ( 'NONE',  ( -709.6930609965627400, -1.903774516714733300, -801.4303322507283800 ) ) ;
#1047 = CARTESIAN_POINT ( 'NONE',  ( -1000.746607440915500, 26.21800630331342000, 76.20507179178845500 ) ) ;
#1048 = EDGE_CURVE ( 'NONE', #1568, #3841, #4512, .T. ) ;
#1049 = CARTESIAN_POINT ( 'NONE',  ( -513.2675037780667300, 54.87322084212034000, 373.8383188011163200 ) ) ;
#1050 = CARTESIAN_POINT ( 'NONE',  ( -983.1893413520520000, 2.206516638579789600, -62.88860818955330200 ) ) ;
#1051 = CARTESIAN_POINT ( 'NONE',  ( -1028.897866573217200, 28.10591886362328400, -41.05847291900700200 ) ) ;
#1052 = DIRECTION ( 'NONE',  ( 6.530723674265633100E-016, -0.0000000000000000000, 1.000000000000000000 ) ) ;
#1053 = CARTESIAN_POINT ( 'NONE',  ( -163.0247915187526900, 282.9432547544267300, 239.9999999999999400 ) ) ;
#1054 = CARTESIAN_POINT ( 'NONE',  ( -180.8605842088493900, 287.3450202620701900, -138.6569323878575200 ) ) ;
#1055 = DIRECTION ( 'NONE',  ( -1.000000000000000000, 0.0000000000000000000, 0.0000000000000000000 ) ) ;
#1056 = CARTESIAN_POINT ( 'NONE',  ( -387.6883493751167300, 37.45024839540995700, -868.0128593015321000 ) ) ;
#1057 = CARTESIAN_POINT ( 'NONE',  ( -114.0366641244883100, 284.9347333500887200, 239.9999999999999100 ) ) ;
#1058 = CARTESIAN_POINT ( 'NONE',  ( -128.0449755521229900, 315.7411638384346000, -140.4174526764149700 ) ) ;
#1059 = CARTESIAN_POINT ( 'NONE',  ( -694.9389399421460200, 37.88348887351199300, 862.4375805573666900 ) ) ;
#1060 = EDGE_LOOP ( 'NONE', ( #1234, #5431, #5125, #1707 ) ) ;
#1061 = CARTESIAN_POINT ( 'NONE',  ( -930.0000000000558200, 7.164169369840226200, 69.73844108901323600 ) ) ;
#1062 = CARTESIAN_POINT ( 'NONE',  ( -938.7345128802503500, -42.84338754478167000, -65.14768980894669400 ) ) ;
#1063 = CARTESIAN_POINT ( 'NONE',  ( -1007.589910239763600, 0.8351890653911342400, -39.56955737032578200 ) ) ;
#1064 = CARTESIAN_POINT ( 'NONE',  ( -713.0413427885595200, -15.52452550545804900, 788.1025914661611300 ) ) ;
#1065 = CARTESIAN_POINT ( 'NONE',  ( -933.6052422941688700, 6.504915578463309700, -69.19200241205965100 ) ) ;
#1066 = EDGE_LOOP ( 'NONE', ( #7056, #373, #3766, #3513, #884, #3394 ) ) ;
#1067 = CARTESIAN_POINT ( 'NONE',  ( -802.8798100647756000, 19.30710743522280700, 93.70294761029063600 ) ) ;
#1068 = CARTESIAN_POINT ( 'NONE',  ( -870.5889363716960400, 32.35479895796390800, 113.2038558195197600 ) ) ;
#1069 = CARTESIAN_POINT ( 'NONE',  ( -153.0292608703285000, 322.8004334762817400, 240.0000000000000000 ) ) ;
#1070 = EDGE_LOOP ( 'NONE', ( #4117, #3235, #5788, #792 ) ) ;
#1071 = CARTESIAN_POINT ( 'NONE',  ( -534.0300862400525800, -11.13421401238168300, -0.0000000000000000000 ) ) ;
#1072 = CARTESIAN_POINT ( 'NONE',  ( -1012.659210049845800, 43.51633440358219200, 66.58506499031624100 ) ) ;
#1073 = VERTEX_POINT ( 'NONE', #92 ) ;
#1074 = ORIENTED_EDGE ( 'NONE', *, *, #4946, .T. ) ;
#1075 = CARTESIAN_POINT ( 'NONE',  ( -513.4672159472800100, 45.54542476513815100, 373.8168780586473800 ) ) ;
#1076 = CARTESIAN_POINT ( 'NONE',  ( -938.3900968648810000, 6.375728746247740600, -87.02696540974942300 ) ) ;
#1077 = ORIENTED_EDGE ( 'NONE', *, *, #2374, .T. ) ;
#1078 = CARTESIAN_POINT ( 'NONE',  ( -156.2417980495703500, 281.5733179489418500, 239.9999999999999700 ) ) ;
#1079 = CARTESIAN_POINT ( 'NONE',  ( -181.7637522984171600, 288.4551428890910600, -138.6268267848719200 ) ) ;
#1080 = CARTESIAN_POINT ( 'NONE',  ( -720.5218967646291000, -42.84455594880270700, 62.35012099105503600 ) ) ;
#1081 = CARTESIAN_POINT ( 'NONE',  ( -359.1519880223783600, 35.25449818058512400, -878.5839549384605800 ) ) ;
#1082 = ORIENTED_EDGE ( 'NONE', *, *, #1706, .T. ) ;
#1083 = CARTESIAN_POINT ( 'NONE',  ( -42.65655202324506200, 295.1807815119040000, 239.9999999999999400 ) ) ;
#1084 = CARTESIAN_POINT ( 'NONE',  ( -288.7992690864781500, 213.7750709259654800, -650.0000000000000000 ) ) ;
#1085 = CARTESIAN_POINT ( 'NONE',  ( -731.8165205886455200, 116.0656355729308700, -120.2917345085309900 ) ) ;
#1086 = VECTOR ( 'NONE', #4606, 1000.000000000000000 ) ;
#1087 = CARTESIAN_POINT ( 'NONE',  ( -930.5021719132792000, -44.47907115696418900, 69.74685346525264200 ) ) ;
#1088 = CARTESIAN_POINT ( 'NONE',  ( -935.4162157358596200, -43.30562871463558800, -51.12817233960149100 ) ) ;
#1089 = CARTESIAN_POINT ( 'NONE',  ( -366.8751509551954700, 37.08697351777232900, 870.1972664218615100 ) ) ;
#1090 = CARTESIAN_POINT ( 'NONE',  ( -258.7992690864780300, 7.809641298080497200, -801.9693845669907000 ) ) ;
#1091 = CARTESIAN_POINT ( 'NONE',  ( -935.1310908986382600, 6.355486303335671200, -68.53017233682312800 ) ) ;
#1092 = CIRCLE ( 'NONE', #3206, 38.00000000000003600 ) ;
#1093 = SURFACE_SIDE_STYLE ('',( #4783 ) ) ;
#1094 = CARTESIAN_POINT ( 'NONE',  ( -165.6798115307509500, 320.2957274303971600, 239.9999999999999700 ) ) ;
#1095 = CARTESIAN_POINT ( 'NONE',  ( -551.7164464755410300, 168.1149348266866100, -655.0000000000000000 ) ) ;
#1096 = CARTESIAN_POINT ( 'NONE',  ( -532.1764711619968000, 0.3009072780147646900, 69.90283081991590600 ) ) ;
#1097 = CARTESIAN_POINT ( 'NONE',  ( -1030.027233465945100, 29.94070037784207700, -36.01863423261766400 ) ) ;
#1098 = CARTESIAN_POINT ( 'NONE',  ( -258.7992690864780900, 213.7750709259654500, -650.0000000000000000 ) ) ;
#1099 = EDGE_CURVE ( 'NONE', #1380, #4510, #7091, .T. ) ;
#1100 = CARTESIAN_POINT ( 'NONE',  ( -174.1901682143797500, 282.0893693918649200, -138.8792795876731200 ) ) ;
#1101 = CARTESIAN_POINT ( 'NONE',  ( -977.9970575583958000, 22.89356240254231200, -87.52448106196112600 ) ) ;
#1102 = CARTESIAN_POINT ( 'NONE',  ( -56.79482820440647800, 292.9162024457988300, 239.9999999999999400 ) ) ;
#1103 = CARTESIAN_POINT ( 'NONE',  ( -66.21846650045826300, 307.3490103397704700, -142.4783363114704900 ) ) ;
#1104 = ORIENTED_EDGE ( 'NONE', *, *, #2716, .T. ) ;
#1105 = CARTESIAN_POINT ( 'NONE',  ( -698.7111730830300800, 29.44918237155153300, 880.3726252731429400 ) ) ;
#1106 = CYLINDRICAL_SURFACE ( 'NONE', #6921, 92.50000000000069600 ) ;
#1107 = CIRCLE ( 'NONE', #2907, 369.9999999999997700 ) ;
#1108 = CARTESIAN_POINT ( 'NONE',  ( -939.2434466266923900, -42.72270342439639300, -55.21712604383549200 ) ) ;
#1109 = CARTESIAN_POINT ( 'NONE',  ( -769.7566151255741700, -48.78646078962331200, -54.75737164424904100 ) ) ;
#1110 = EDGE_CURVE ( 'NONE', #3948, #1943, #4590, .T. ) ;
#1111 = VECTOR ( 'NONE', #1274, 1000.000000000000000 ) ;
#1112 = VERTEX_POINT ( 'NONE', #3858 ) ;
#1113 = CARTESIAN_POINT ( 'NONE',  ( -880.9587782221774400, 36.96451754689800100, 114.0732011288901300 ) ) ;
#1114 = FACE_OUTER_BOUND ( 'NONE', #4520, .T. ) ;
#1115 = CARTESIAN_POINT ( 'NONE',  ( -731.4909181303223700, 51.41795547781588000, -95.29295773136428200 ) ) ;
#1116 = AXIS2_PLACEMENT_3D ( 'NONE', #4222, #1010, #986 ) ;
#1117 = CARTESIAN_POINT ( 'NONE',  ( -723.7945680158911700, -29.18071593480789300, 36.91470976221315700 ) ) ;
#1118 = CARTESIAN_POINT ( 'NONE',  ( -969.6572150363261900, 2.974276865027229500, -69.43074128074681500 ) ) ;
#1119 = EDGE_LOOP ( 'NONE', ( #4603, #4467, #3990, #3204 ) ) ;
#1120 = EDGE_CURVE ( 'NONE', #5594, #3517, #653, .T. ) ;
#1121 = CARTESIAN_POINT ( 'NONE',  ( -334.4625401839086300, 122.2302905045113700, 594.8760977917967200 ) ) ;
#1122 = CARTESIAN_POINT ( 'NONE',  ( -934.4750867488630800, 7.193298361187080700, -89.43983678682893400 ) ) ;
#1123 = CARTESIAN_POINT ( 'NONE',  ( -939.9823688929393500, -42.63277504482200400, 62.39245098798756600 ) ) ;
#1124 = CARTESIAN_POINT ( 'NONE',  ( -738.5187333241793800, 136.0786923256726800, -108.4409687158613900 ) ) ;
#1125 = CARTESIAN_POINT ( 'NONE',  ( -916.1761530242783900, 52.78097960269511900, 105.6062142766424000 ) ) ;
#1126 = CARTESIAN_POINT ( 'NONE',  ( -99.33836979016517400, 286.8873679279053000, 239.9999999999999700 ) ) ;
#1127 = CARTESIAN_POINT ( 'NONE',  ( -715.3684853197158900, -27.60725380974168900, 714.8721036543553300 ) ) ;
#1128 =( BOUNDED_SURFACE ( )  B_SPLINE_SURFACE ( 3, 2, ( 
 ( #6758, #5779, #203 ),
 ( #1866, #4025, #6309 ),
 ( #294, #3028, #2405 ),
 ( #815, #5181, #6782 ) ),
 .UNSPECIFIED., .F., .F., .F. ) 
 B_SPLINE_SURFACE_WITH_KNOTS ( ( 4, 4 ),
 ( 3, 3 ),
 ( 1.363713095135316500, 1.475088342437508700 ),
 ( 0.0000000000000000000, 1.000000000000000000 ),
 .UNSPECIFIED. ) 
 GEOMETRIC_REPRESENTATION_ITEM ( )  RATIONAL_B_SPLINE_SURFACE ( (
 ( 1.000000000000000000, 0.7308461844816109800, 1.000000000000000000),
 ( 1.000000000000000000, 0.7267194494450929200, 1.000000000000000000),
 ( 1.000000000000000000, 0.7225092902759912000, 1.000000000000000000),
 ( 1.000000000000000000, 0.7182380075418420800, 1.000000000000000000) ) ) 
 REPRESENTATION_ITEM ( '' )  SURFACE ( )  );
#1129 = CARTESIAN_POINT ( 'NONE',  ( -697.5665104487844700, 32.09754154055432500, 849.0225187142350500 ) ) ;
#1130 = CARTESIAN_POINT ( 'NONE',  ( -765.2401698217928500, -48.39356972818157500, -59.41772085797051500 ) ) ;
#1131 = CARTESIAN_POINT ( 'NONE',  ( -715.9374137526654100, -31.16313701412409300, 709.0573496272285200 ) ) ;
#1132 = CARTESIAN_POINT ( 'NONE',  ( -938.7509520236136500, 6.000986373012649400, -54.35487200604681100 ) ) ;
#1133 = CARTESIAN_POINT ( 'NONE',  ( -18.84438655705653400, 304.0463935643987800, 144.0574723095839100 ) ) ;
#1134 = CARTESIAN_POINT ( 'NONE',  ( -180.6081540519825200, 311.7775116955626200, 239.9999999999999400 ) ) ;
#1135 = ORIENTED_EDGE ( 'NONE', *, *, #3542, .F. ) ;
#1136 = CARTESIAN_POINT ( 'NONE',  ( -258.7992690864780300, 7.809641298080448400, -916.9693845669907000 ) ) ;
#1137 = DIRECTION ( 'NONE',  ( -0.3320534516538568600, 0.9432605712340359500, 0.0000000000000000000 ) ) ;
#1138 = CARTESIAN_POINT ( 'NONE',  ( -478.6549489604646500, 42.20597046175941400, -452.4094041803679100 ) ) ;
#1139 = B_SPLINE_CURVE_WITH_KNOTS ( 'NONE', 3,
 ( #4971, #5515, #3838, #565, #2786, #3819 ),
 .UNSPECIFIED., .F., .F.,
 ( 4, 1, 1, 4 ),
 ( 0.0000000000000000000, 0.08409707550759747100, 0.1681940720496415700, 1.000000000000000000 ),
 .UNSPECIFIED. ) ;
#1140 = EDGE_CURVE ( 'NONE', #5184, #1895, #3836, .T. ) ;
#1141 = CARTESIAN_POINT ( 'NONE',  ( -515.1253989649039800, 7.202741035155889400, 210.5078935649555100 ) ) ;
#1142 = ORIENTED_EDGE ( 'NONE', *, *, #543, .F. ) ;
#1143 = CARTESIAN_POINT ( 'NONE',  ( -971.0375125829706300, -46.70541187800891700, 0.0000000000000000000 ) ) ;
#1144 = CARTESIAN_POINT ( 'NONE',  ( -767.9238069946571800, 22.73041574040283300, 55.29366261009809600 ) ) ;
#1145 = CARTESIAN_POINT ( 'NONE',  ( -663.0707898217588100, 63.20167647951367900, -650.0000000000000000 ) ) ;
#1146 = ORIENTED_EDGE ( 'NONE', *, *, #5135, .F. ) ;
#1147 = CARTESIAN_POINT ( 'NONE',  ( -32.62967059660692800, 291.7855912780471500, -143.5979628415989300 ) ) ;
#1148 = AXIS2_PLACEMENT_3D ( 'NONE', #6922, #4644, #1367 ) ;
#1149 = CARTESIAN_POINT ( 'NONE',  ( -466.7107338811861200, -69.24084322058334400, -650.0000000000000000 ) ) ;
#1150 = CARTESIAN_POINT ( 'NONE',  ( -456.6583782779035800, 37.31448684975867300, -850.4766614916304700 ) ) ;
#1151 = CARTESIAN_POINT ( 'NONE',  ( -26.80272142532265900, 298.0686714863379600, 239.9999999999999100 ) ) ;
#1152 = ORIENTED_EDGE ( 'NONE', *, *, #3434, .F. ) ;
#1153 = CARTESIAN_POINT ( 'NONE',  ( -700.8818804773013700, 24.18997702508774900, 826.8837021435401800 ) ) ;
#1154 = VERTEX_POINT ( 'NONE', #70 ) ;
#1155 = CARTESIAN_POINT ( 'NONE',  ( -767.1230331437290000, -48.56032423975636900, -55.81931168316320700 ) ) ;
#1156 = CARTESIAN_POINT ( 'NONE',  ( -713.9734803023900400, -19.99378998145831300, 685.9381816140852400 ) ) ;
#1157 = CARTESIAN_POINT ( 'NONE',  ( -161.7269741471207600, 321.4044360925271900, 139.2947193899154000 ) ) ;
#1158 = ORIENTED_EDGE ( 'NONE', *, *, #3808, .F. ) ;
#1159 = FILL_AREA_STYLE ('',( #4420 ) ) ;
#1160 = CARTESIAN_POINT ( 'NONE',  ( -100.9793654027577100, 317.3453485209939800, 141.3196396813940500 ) ) ;
#1161 = ORIENTED_EDGE ( 'NONE', *, *, #4968, .F. ) ;
#1162 = CARTESIAN_POINT ( 'NONE',  ( -148.7344208051644300, 280.9998185901528700, 239.9999999999999400 ) ) ;
#1163 = CARTESIAN_POINT ( 'NONE',  ( -1026.864989869321600, 38.51551239753651900, -42.41966465859783900 ) ) ;
#1164 = DIRECTION ( 'NONE',  ( 0.3923846148323892300, -0.0000000000000000000, 0.9198012361607466000 ) ) ;
#1165 = EDGE_CURVE ( 'NONE', #4377, #3094, #4429, .T. ) ;
#1166 = LINE ( 'NONE', #6733, #989 ) ;
#1167 = CARTESIAN_POINT ( 'NONE',  ( -418.4486822469645500, 71.87170263032061300, 650.0000000000000000 ) ) ;
#1168 = CARTESIAN_POINT ( 'NONE',  ( -374.2334197083896500, 98.64939886248203000, 509.7361797322662400 ) ) ;
#1169 = CARTESIAN_POINT ( 'NONE',  ( -930.0000000000558200, -44.17288593644951100, 69.73844108900584600 ) ) ;
#1170 = CARTESIAN_POINT ( 'NONE',  ( -19.22128826590342500, 294.7018662005886000, -144.0449089192891000 ) ) ;
#1171 = VECTOR ( 'NONE', #4291, 1000.000000000000000 ) ;
#1172 = CARTESIAN_POINT ( 'NONE',  ( -530.2020976964985300, 0.2943142993471378200, 0.0000000000000000000 ) ) ;
#1173 = CARTESIAN_POINT ( 'NONE',  ( -914.7537270987911600, 24.94514419722365500, -105.9022130715032400 ) ) ;
#1174 = CARTESIAN_POINT ( 'NONE',  ( -927.3335783560920600, 5.345646231942653000, -103.2736963757061700 ) ) ;
#1175 = CARTESIAN_POINT ( 'NONE',  ( -711.1825824807994000, -7.559043562858805700, 789.6691771730612600 ) ) ;
#1176 = CARTESIAN_POINT ( 'NONE',  ( -258.7992690864780300, -32.11215725859787500, -859.4693845669907000 ) ) ;
#1177 = CARTESIAN_POINT ( 'NONE',  ( -478.4171429012892000, 35.67932192555623100, 842.0214635504838700 ) ) ;
#1178 = VECTOR ( 'NONE', #949, 1000.000000000000000 ) ;
#1179 = CARTESIAN_POINT ( 'NONE',  ( -714.1061296886238100, -20.65480711017743000, 781.2255730918246900 ) ) ;
#1180 = AXIS2_PLACEMENT_3D ( 'NONE', #2807, #6633, #684 ) ;
#1181 = CARTESIAN_POINT ( 'NONE',  ( -931.3404293445961500, 6.726713046680651500, -49.78132641403749400 ) ) ;
#1182 = LINE ( 'NONE', #5531, #1777 ) ;
#1183 = CARTESIAN_POINT ( 'NONE',  ( -721.0375125829707500, -43.02027741034830700, 0.0000000000000000000 ) ) ;
#1184 = EDGE_LOOP ( 'NONE', ( #2402, #304 ) ) ;
#1185 = CARTESIAN_POINT ( 'NONE',  ( -697.4322730282889300, 32.42473427666416800, -650.8838205215203100 ) ) ;
#1186 = DIRECTION ( 'NONE',  ( 1.000000000000000000, 0.0000000000000000000, 0.0000000000000000000 ) ) ;
#1187 = VERTEX_POINT ( 'NONE', #5098 ) ;
#1188 = LINE ( 'NONE', #109, #929 ) ;
#1189 = CARTESIAN_POINT ( 'NONE',  ( -918.9483379989669600, 76.50511764219166400, 81.22163257603277500 ) ) ;
#1190 = CARTESIAN_POINT ( 'NONE',  ( -1030.850396716755800, 32.62154415853999700, -27.70659055711325200 ) ) ;
#1191 = ADVANCED_FACE ( 'NONE', ( #1617 ), #3248, .T. ) ;
#1192 = CARTESIAN_POINT ( 'NONE',  ( -21.79800779109339700, 304.8130037241020900, 239.9999999999999400 ) ) ;
#1193 = EDGE_LOOP ( 'NONE', ( #6555, #2634, #3330, #3438 ) ) ;
#1194 = CARTESIAN_POINT ( 'NONE',  ( -349.7802306235590200, -77.57978771338689200, -882.4973492124208900 ) ) ;
#1195 = FACE_OUTER_BOUND ( 'NONE', #5086, .T. ) ;
#1196 = CARTESIAN_POINT ( 'NONE',  ( -738.1195258406306700, 134.7862868232291800, -110.4771068389937500 ) ) ;
#1197 = CARTESIAN_POINT ( 'NONE',  ( -731.8151122645202800, 51.43873704579164800, -120.2917647316887700 ) ) ;
#1198 = ORIENTED_EDGE ( 'NONE', *, *, #6637, .T. ) ;
#1199 = DIRECTION ( 'NONE',  ( -0.0000000000000000000, -1.000000000000000000, -0.0000000000000000000 ) ) ;
#1200 = CARTESIAN_POINT ( 'NONE',  ( -139.1772287713182300, 322.3256416001239000, 140.0463775691087300 ) ) ;
#1201 = CARTESIAN_POINT ( 'NONE',  ( -768.8176390360397400, -48.70707922968156100, -54.93332706916373800 ) ) ;
#1202 = ORIENTED_EDGE ( 'NONE', *, *, #6246, .F. ) ;
#1203 = CARTESIAN_POINT ( 'NONE',  ( -713.7228246442905400, -18.75158656796597600, 684.1771409793734600 ) ) ;
#1204 = CARTESIAN_POINT ( 'NONE',  ( -916.1761530242782800, 52.78097960269511900, -105.6062142766411800 ) ) ;
#1205 = B_SPLINE_CURVE_WITH_KNOTS ( 'NONE', 3,
 ( #4979, #1628, #4886, #4415, #2750, #2244, #3869, #5500, #3229, #7057, #2222, #1601, #5432, #1677, #5452, #5995, #1105, #4932, #5975, #2772, #2702, #529, #6021, #6582, #5524, #2173, #603, #1129, #1653, #6535, #7, #4348, #1702, #4389, #3847, #1153, #7079, #553, #2724, #6046, #3324, #32, #5478, #4322, #6560, #4959, #3781, #3300 ),
 .UNSPECIFIED., .F., .F.,
 ( 4, 2, 2, 2, 2, 2, 2, 2, 2, 2, 2, 2, 2, 2, 2, 2, 2, 2, 2, 2, 2, 2, 2, 4 ),
 ( 0.0000000000000000000, 0.007912847258359626000, 0.01582569451671925200, 0.01978211814589906800, 0.02176032996048884700, 0.02373854177507862800, 0.03165138903343854600, 0.03956423629179847000, 0.04352065992097842900, 0.04747708355015837400, 0.05538993080851829100, 0.06330277806687821500, 0.06725920169605816000, 0.07121562532523811900, 0.07912847258359805000, 0.08704131984195800900, 0.09099774347113799600, 0.09495416710031798200, 0.1028670143586783200, 0.1068234379878585000, 0.1088016498024486100, 0.1107798616170387200, 0.1186927088753992100, 0.1266055561337596800 ),
 .UNSPECIFIED. ) ;
#1206 = EDGE_CURVE ( 'NONE', #5831, #2922, #1241, .T. ) ;
#1207 = CARTESIAN_POINT ( 'NONE',  ( -930.0000000000558200, -51.00000000000041200, -69.73844108900408400 ) ) ;
#1208 = CARTESIAN_POINT ( 'NONE',  ( -14.62674840205269100, 302.0000000000000600, 144.1980602480840900 ) ) ;
#1209 = AXIS2_PLACEMENT_3D ( 'NONE', #6445, #1052, #3197 ) ;
#1210 = CARTESIAN_POINT ( 'NONE',  ( -706.1869893052261200, 9.617248132903972300, -659.2760588219187000 ) ) ;
#1211 = CARTESIAN_POINT ( 'NONE',  ( -440.6492186792482900, 37.03204745407402500, -848.5442394330983700 ) ) ;
#1212 = CARTESIAN_POINT ( 'NONE',  ( -969.4594541508287200, 2.993643967164260300, -69.77352545500352200 ) ) ;
#1213 = CARTESIAN_POINT ( 'NONE',  ( -917.9887516878785600, 58.85795368084241400, 104.3869624415229100 ) ) ;
#1214 = DIRECTION ( 'NONE',  ( -0.0000000000000000000, -0.0000000000000000000, -1.000000000000000000 ) ) ;
#1215 = CARTESIAN_POINT ( 'NONE',  ( -739.4566684527191000, 139.6381593679816100, -96.93121068890938800 ) ) ;
#1216 = CARTESIAN_POINT ( 'NONE',  ( -527.5130262030228300, -0.1796302367026787700, -269.5430657194446000 ) ) ;
#1217 = DIRECTION ( 'NONE',  ( 1.000000000000000000, 2.610927889176040600E-016, 0.0000000000000000000 ) ) ;
#1218 = CARTESIAN_POINT ( 'NONE',  ( -713.2204987656749600, -16.34585163904511500, 778.6711290551038500 ) ) ;
#1219 = CARTESIAN_POINT ( 'NONE',  ( -158.4024995439428400, 344.2379992038320900, 114.7708317479371200 ) ) ;
#1220 =( BOUNDED_CURVE ( )  B_SPLINE_CURVE ( 3, ( #6777, #1901, #242, #811 ),
 .UNSPECIFIED., .F., .F. ) 
 B_SPLINE_CURVE_WITH_KNOTS ( ( 4, 4 ),
 ( 4.733923052218422400, 4.814073160593333800 ),
 .UNSPECIFIED. ) 
 CURVE ( )  GEOMETRIC_REPRESENTATION_ITEM ( )  RATIONAL_B_SPLINE_CURVE ( ( 1.000000000000000000, 0.9994647349864559400, 0.9994647349864559400, 1.000000000000000000 ) ) 
 REPRESENTATION_ITEM ( '' )  );
#1221 = CARTESIAN_POINT ( 'NONE',  ( -716.4426543951780100, -34.63241838568433900, 725.9061410037578500 ) ) ;
#1222 = CARTESIAN_POINT ( 'NONE',  ( -166.7127787744932200, 319.9651482740345000, 139.1285259023362100 ) ) ;
#1223 = B_SPLINE_CURVE_WITH_KNOTS ( 'NONE', 3,
 ( #2130, #6950, #1527, #4220, #2727, #6023, #4889, #1655, #531, #3260, #2176, #3303, #3848, #7101, #5996, #2152, #3782, #1062, #4910, #555, #4368, #575, #1630, #8, #1603, #2751, #5479, #3825, #5434, #6562, #3280, #5977, #505, #5454, #1108, #7081, #2199, #6583, #4324, #2704, #6537, #3806, #4350, #1088, #4934, #5219, #5133, #1304, #6227, #6773, #219, #1854, #781, #5153, #1282, #4043 ),
 .UNSPECIFIED., .F., .F.,
 ( 4, 2, 2, 2, 2, 2, 2, 2, 2, 2, 2, 2, 2, 2, 2, 2, 2, 2, 2, 2, 2, 2, 2, 2, 2, 2, 2, 4 ),
 ( 2.254873622441466900E-016, 0.0005009735609368728400, 0.001001947121873520200, 0.002003894243746817900, 0.003005841365620115300, 0.004007788487493412800, 0.006011682731240007700, 0.008015576974986603600, 0.01001947121873320000, 0.01102141834060651500, 0.01202336546247982800, 0.01302531258435314300, 0.01402725970622645600, 0.01603115394997301600, 0.01703310107184629500, 0.01803504819371958000, 0.02003894243746613700, 0.02104088955933941200, 0.02204283668121268300, 0.02304478380308595800, 0.02404673092495923000, 0.02605062516870601500, 0.02705257229057926600, 0.02805451941245251700, 0.03005841365619901100, 0.03106036077807210200, 0.03156133433900879700, 0.03206230789994550500 ),
 .UNSPECIFIED. ) ;
#1224 = VERTEX_POINT ( 'NONE', #1784 ) ;
#1225 = CARTESIAN_POINT ( 'NONE',  ( -17.52825488877503800, 303.6452168146934100, 144.1013433651932300 ) ) ;
#1226 = DIRECTION ( 'NONE',  ( -0.0000000000000000000, 0.0000000000000000000, -1.000000000000000000 ) ) ;
#1227 = CARTESIAN_POINT ( 'NONE',  ( -1024.774989108362700, 39.25124967666153700, -45.84671791109644100 ) ) ;
#1228 = CARTESIAN_POINT ( 'NONE',  ( -347.8183075493971600, 35.41838020342046900, -877.8983430316174000 ) ) ;
#1229 = ORIENTED_EDGE ( 'NONE', *, *, #4042, .F. ) ;
#1230 = EDGE_CURVE ( 'NONE', #2396, #4713, #140, .T. ) ;
#1231 = ORIENTED_EDGE ( 'NONE', *, *, #5916, .F. ) ;
#1232 = CARTESIAN_POINT ( 'NONE',  ( -1021.074700142277500, 20.99602887136788700, -56.80099378340558800 ) ) ;
#1233 = CARTESIAN_POINT ( 'NONE',  ( -919.6682262976255500, 66.18766492410267700, 100.4149044162483300 ) ) ;
#1234 = ORIENTED_EDGE ( 'NONE', *, *, #1941, .F. ) ;
#1235 = CARTESIAN_POINT ( 'NONE',  ( -765.2723784732847900, 22.99007521175592600, -59.09675798408469700 ) ) ;
#1236 = EDGE_LOOP ( 'NONE', ( #6434, #1929, #1984, #5759 ) ) ;
#1237 = VERTEX_POINT ( 'NONE', #5647 ) ;
#1238 = CARTESIAN_POINT ( 'NONE',  ( -178.8030514601247800, 337.0564484362114400, 114.3493195414875300 ) ) ;
#1239 =( NAMED_UNIT ( * ) SI_UNIT ( $, .STERADIAN. ) SOLID_ANGLE_UNIT ( ) );
#1240 = EDGE_LOOP ( 'NONE', ( #3075, #3339, #2507, #6321 ) ) ;
#1241 = B_SPLINE_CURVE_WITH_KNOTS ( 'NONE', 3,
 ( #6737, #1270, #2879, #4582 ),
 .UNSPECIFIED., .F., .F.,
 ( 4, 4 ),
 ( 4.654751537338637100E-017, 0.009042700231863485700 ),
 .UNSPECIFIED. ) ;
#1242 = AXIS2_PLACEMENT_3D ( 'NONE', #4787, #5857, #341 ) ;
#1243 = VECTOR ( 'NONE', #3245, 1000.000000000000000 ) ;
#1244 = CARTESIAN_POINT ( 'NONE',  ( -1016.552113512048100, 0.3315075110649408600, -11.13991954373085800 ) ) ;
#1245 = EDGE_CURVE ( 'NONE', #3599, #5831, #1652, .T. ) ;
#1246 = CARTESIAN_POINT ( 'NONE',  ( -706.7742996700784500, 7.809196471511738100, -660.2824392206597400 ) ) ;
#1247 = CARTESIAN_POINT ( 'NONE',  ( -386.1721047377375800, 37.87128814461466700, -863.2465051683673200 ) ) ;
#1248 = DIRECTION ( 'NONE',  ( 0.09746564986556016700, -0.9952388894613614100, 0.0000000000000000000 ) ) ;
#1249 = VECTOR ( 'NONE', #6578, 1000.000000000000000 ) ;
#1250 = CARTESIAN_POINT ( 'NONE',  ( -977.9970575583958000, 22.89356240254231200, -87.52448106196112600 ) ) ;
#1251 = CARTESIAN_POINT ( 'NONE',  ( -937.0470885403705100, 25.13078199938944500, 100.5072134400959200 ) ) ;
#1252 = CARTESIAN_POINT ( 'NONE',  ( -769.2835520050948600, 22.59725330824995000, -54.82588401285065800 ) ) ;
#1253 = CARTESIAN_POINT ( 'NONE',  ( -729.3328317508340900, 29.68453786244943200, 107.4688630519971800 ) ) ;
#1254 = DIRECTION ( 'NONE',  ( 0.3320534516538798400, -0.9432605712340277300, 0.0000000000000000000 ) ) ;
#1255 = LINE ( 'NONE', #2001, #44 ) ;
#1256 = CARTESIAN_POINT ( 'NONE',  ( -977.9970575583958000, 32.06201920788353700, -87.52448106196112600 ) ) ;
#1257 = CARTESIAN_POINT ( 'NONE',  ( -766.2515476233455700, -49.25061185733253700, -56.62862714041666800 ) ) ;
#1258 = CARTESIAN_POINT ( 'NONE',  ( -769.4394224004770400, -48.76617710267609600, -64.67901226151425900 ) ) ;
#1259 = ADVANCED_FACE ( 'NONE', ( #4161 ), #4857, .T. ) ;
#1260 = ORIENTED_EDGE ( 'NONE', *, *, #1029, .T. ) ;
#1261 = AXIS2_PLACEMENT_3D ( 'NONE', #6987, #5416, #436 ) ;
#1262 = ORIENTED_EDGE ( 'NONE', *, *, #282, .F. ) ;
#1263 = LINE ( 'NONE', #766, #6898 ) ;
#1264 = EDGE_CURVE ( 'NONE', #2321, #4486, #2291, .T. ) ;
#1265 = LINE ( 'NONE', #466, #220 ) ;
#1266 = CARTESIAN_POINT ( 'NONE',  ( -1028.655409673388700, 37.25389831132997600, -4.560883896929063000 ) ) ;
#1267 = CARTESIAN_POINT ( 'NONE',  ( -698.3219601143350700, 30.36060382526991600, -841.3293489612110500 ) ) ;
#1268 = CARTESIAN_POINT ( 'NONE',  ( -178.5926827687244400, 313.6956397067334600, 239.9999999999998900 ) ) ;
#1269 = ORIENTED_EDGE ( 'NONE', *, *, #3664, .F. ) ;
#1270 = CARTESIAN_POINT ( 'NONE',  ( -1022.781778832338300, 22.19287556238590000, -54.60689074272025300 ) ) ;
#1271 = AXIS2_PLACEMENT_3D ( 'NONE', #6885, #6858, #4639 ) ;
#1272 = FACE_OUTER_BOUND ( 'NONE', #942, .T. ) ;
#1273 = CARTESIAN_POINT ( 'NONE',  ( -1030.752024518243800, 31.91422313031321100, 30.04237421175022500 ) ) ;
#1274 = DIRECTION ( 'NONE',  ( 0.0000000000000000000, 1.000000000000000000, 0.0000000000000000000 ) ) ;
#1275 = CARTESIAN_POINT ( 'NONE',  ( -769.2830348422778600, 22.59730395499478200, -64.65099524204522700 ) ) ;
#1276 = CARTESIAN_POINT ( 'NONE',  ( -896.0995706123075000, 59.53232690312231800, 109.8103645719371400 ) ) ;
#1277 = CARTESIAN_POINT ( 'NONE',  ( -823.4231128150232700, -51.75478216331270400, -53.07059623983655400 ) ) ;
#1278 = EDGE_LOOP ( 'NONE', ( #6707, #2251, #4108, #4914, #6938 ) ) ;
#1279 = CARTESIAN_POINT ( 'NONE',  ( -767.3974554370152000, 23.42789570974004900, -55.61557343847869800 ) ) ;
#1280 = ADVANCED_FACE ( 'NONE', ( #751 ), #5071, .T. ) ;
#1281 = EDGE_CURVE ( 'NONE', #6993, #3790, #4507, .T. ) ;
#1282 = CARTESIAN_POINT ( 'NONE',  ( -930.1675745544859000, -44.07838406046940300, -49.73460320358984200 ) ) ;
#1283 = CARTESIAN_POINT ( 'NONE',  ( -1028.502107916284300, 37.37427986146646900, -2.270267071920056200 ) ) ;
#1284 = AXIS2_PLACEMENT_3D ( 'NONE', #5942, #6996, #1542 ) ;
#1285 = CARTESIAN_POINT ( 'NONE',  ( -731.8165205886455200, 116.0656355729308700, -120.2917345085309900 ) ) ;
#1286 = CARTESIAN_POINT ( 'NONE',  ( -1037.687897313966200, 21.01968157069405100, -21.73805297764316100 ) ) ;
#1287 = CARTESIAN_POINT ( 'NONE',  ( -770.0781411151467600, -48.81333128179127800, 54.73844108899105300 ) ) ;
#1288 = CARTESIAN_POINT ( 'NONE',  ( -182.9168978785108100, 308.6248146113559900, 239.9999999999999100 ) ) ;
#1289 = CARTESIAN_POINT ( 'NONE',  ( -1019.471936480315100, 21.40775444708630800, -59.02327778567954700 ) ) ;
#1290 = CARTESIAN_POINT ( 'NONE',  ( -919.2413854969660200, 76.35338900422893000, 82.74983294867499200 ) ) ;
#1291 = CARTESIAN_POINT ( 'NONE',  ( -111.4090991506956700, 318.7195413923113300, 239.9999999999999100 ) ) ;
#1292 = ORIENTED_EDGE ( 'NONE', *, *, #4017, .F. ) ;
#1293 = CARTESIAN_POINT ( 'NONE',  ( -765.2319286365929000, 22.99403654170580700, -60.05701002742426900 ) ) ;
#1294 = CARTESIAN_POINT ( 'NONE',  ( -731.4912747662963300, 48.17643063657681800, 120.1363808165648100 ) ) ;
#1295 = CARTESIAN_POINT ( 'NONE',  ( -915.5185338083306300, 25.35579684836400100, -105.7435255638030500 ) ) ;
#1296 = CARTESIAN_POINT ( 'NONE',  ( -935.1211895135867300, -43.35018747279427500, 50.94091099482618300 ) ) ;
#1297 = CARTESIAN_POINT ( 'NONE',  ( -707.7181555251268000, 4.785473531488646500, 668.1067687143552100 ) ) ;
#1298 = AXIS2_PLACEMENT_3D ( 'NONE', #6566, #1754, #2893 ) ;
#1299 = ORIENTED_EDGE ( 'NONE', *, *, #5862, .F. ) ;
#1300 = ORIENTED_EDGE ( 'NONE', *, *, #5576, .F. ) ;
#1301 = CARTESIAN_POINT ( 'NONE',  ( -436.6483425090811500, 73.98799392542650800, -650.0000000000000000 ) ) ;
#1302 = CARTESIAN_POINT ( 'NONE',  ( -728.8132059354370500, 26.56059357367259800, -95.29813132852537200 ) ) ;
#1303 = ORIENTED_EDGE ( 'NONE', *, *, #3944, .F. ) ;
#1304 = CARTESIAN_POINT ( 'NONE',  ( -933.2933356284766000, -43.62298600929483400, -50.16466723170431400 ) ) ;
#1305 = CARTESIAN_POINT ( 'NONE',  ( -1016.759921226766700, 0.3198285846257230600, -8.563544494976548900 ) ) ;
#1306 = ORIENTED_EDGE ( 'NONE', *, *, #3221, .F. ) ;
#1307 = DIRECTION ( 'NONE',  ( 0.9427946626885517200, 0.3318894391366361600, 0.03142648875628400300 ) ) ;
#1308 = CARTESIAN_POINT ( 'NONE',  ( -1035.456036745694700, 35.49122954715705400, -19.93266355464974600 ) ) ;
#1309 = CARTESIAN_POINT ( 'NONE',  ( -706.3227044036658500, 9.206207298365138000, -809.2259881922755100 ) ) ;
#1310 = EDGE_LOOP ( 'NONE', ( #5088, #4373, #5090, #2161 ) ) ;
#1311 = CARTESIAN_POINT ( 'NONE',  ( -991.6856281358877800, 50.89960736170317500, -57.64427143349097800 ) ) ;
#1312 = ORIENTED_EDGE ( 'NONE', *, *, #4518, .T. ) ;
#1313 = CARTESIAN_POINT ( 'NONE',  ( -1007.589910239763600, 0.8351890653911404600, 39.56955737032698300 ) ) ;
#1314 =( BOUNDED_CURVE ( )  B_SPLINE_CURVE ( 3, ( #2039, #2669, #4773, #5316 ),
 .UNSPECIFIED., .F., .F. ) 
 B_SPLINE_CURVE_WITH_KNOTS ( ( 4, 4 ),
 ( 5.702601151252221900, 6.863769463106950600 ),
 .UNSPECIFIED. ) 
 CURVE ( )  GEOMETRIC_REPRESENTATION_ITEM ( )  RATIONAL_B_SPLINE_CURVE ( ( 1.000000000000000000, 0.8907615838572671100, 0.8907615838572671100, 1.000000000000000000 ) ) 
 REPRESENTATION_ITEM ( '' )  );
#1315 = CARTESIAN_POINT ( 'NONE',  ( -729.7186922751344600, -45.97881655748227600, -312.7526747221214100 ) ) ;
#1316 = ADVANCED_FACE ( 'NONE', ( #6139 ), #4116, .T. ) ;
#1317 = CARTESIAN_POINT ( 'NONE',  ( -42.17488456791018300, 308.7386130745508100, 239.9999999999999400 ) ) ;
#1318 = CARTESIAN_POINT ( 'NONE',  ( -861.6631158953674700, 96.67107846823609000, -90.35867032849174100 ) ) ;
#1319 = FACE_OUTER_BOUND ( 'NONE', #2143, .T. ) ;
#1320 = AXIS2_PLACEMENT_3D ( 'NONE', #409, #5394, #6438 ) ;
#1321 = CARTESIAN_POINT ( 'NONE',  ( -861.6342496577466400, 96.68124017130179500, 89.96129063427326900 ) ) ;
#1322 = CARTESIAN_POINT ( 'NONE',  ( -856.8041735247337600, -50.77520065452034000, -52.02692836472774500 ) ) ;
#1323 = CARTESIAN_POINT ( 'NONE',  ( -940.1818394801298400, -44.47907115696418900, 57.72745560709741100 ) ) ;
#1324 = CARTESIAN_POINT ( 'NONE',  ( -702.5090918242978000, 20.07775458805080900, 659.7961659802362000 ) ) ;
#1325 = EDGE_CURVE ( 'NONE', #5594, #554, #6488, .T. ) ;
#1326 = CARTESIAN_POINT ( 'NONE',  ( -953.4141936592759500, 24.23659796949224400, -95.93045245886428100 ) ) ;
#1327 = CARTESIAN_POINT ( 'NONE',  ( -767.1215560583604000, -49.25061185733253700, -55.81900546832393000 ) ) ;
#1328 = CARTESIAN_POINT ( 'NONE',  ( -424.0377599472490100, 84.13783990314932700, 845.3833394676963700 ) ) ;
#1329 = CARTESIAN_POINT ( 'NONE',  ( -1076.767082923797000, -3.052612271261563800, -21.16883969743296100 ) ) ;
#1330 = VECTOR ( 'NONE', #998, 1000.000000000000000 ) ;
#1331 = EDGE_CURVE ( 'NONE', #6818, #1709, #5598, .T. ) ;
#1332 = CARTESIAN_POINT ( 'NONE',  ( -1028.725447602556600, 37.86058052473568800, 38.83946955093431800 ) ) ;
#1333 = CARTESIAN_POINT ( 'NONE',  ( -258.7992690864780300, 7.809641298080448400, 916.9693845669907000 ) ) ;
#1334 = CARTESIAN_POINT ( 'NONE',  ( -931.4234246686644400, 7.164169369840226200, 49.79444041411186800 ) ) ;
#1335 = CARTESIAN_POINT ( 'NONE',  ( -35.09604159514846300, 307.5180333870135300, 239.9999999999999700 ) ) ;
#1336 = ORIENTED_EDGE ( 'NONE', *, *, #7043, .F. ) ;
#1337 = LINE ( 'NONE', #5906, #3834 ) ;
#1338 = CARTESIAN_POINT ( 'NONE',  ( -706.7668926889495000, 7.809641298080326700, -801.9693845669907000 ) ) ;
#1339 = CARTESIAN_POINT ( 'NONE',  ( -345.2162486971475300, 117.3747192612501500, -650.0000000000000000 ) ) ;
#1340 = CARTESIAN_POINT ( 'NONE',  ( -16.81885035967480500, 300.6062346136862400, 239.9999999999999400 ) ) ;
#1341 = VERTEX_POINT ( 'NONE', #346 ) ;
#1342 = LINE ( 'NONE', #6108, #3989 ) ;
#1343 = CARTESIAN_POINT ( 'NONE',  ( -855.9382576578412900, 74.74293838647115300, 114.8260798189228200 ) ) ;
#1344 = ORIENTED_EDGE ( 'NONE', *, *, #5318, .F. ) ;
#1345 = ADVANCED_FACE ( 'NONE', ( #3752, #5037, #4669, #494 ), #4175, .T. ) ;
#1346 = CARTESIAN_POINT ( 'NONE',  ( -919.6682262976286200, 66.18766492410314600, -100.4149044162456800 ) ) ;
#1347 = EDGE_LOOP ( 'NONE', ( #4506, #5669 ) ) ;
#1348 = EDGE_CURVE ( 'NONE', #1224, #5151, #1783, .T. ) ;
#1349 = CARTESIAN_POINT ( 'NONE',  ( -1016.962854122503800, 0.3084236261302046900, 4.280663574969361600 ) ) ;
#1350 = VERTEX_POINT ( 'NONE', #787 ) ;
#1351 = CARTESIAN_POINT ( 'NONE',  ( -940.3169062719243800, 5.847629475399916300, 59.06125026836310400 ) ) ;
#1352 = CARTESIAN_POINT ( 'NONE',  ( -702.2652670850443400, 20.63919294476422900, -821.4697269470750600 ) ) ;
#1353 = CARTESIAN_POINT ( 'NONE',  ( -288.7992690864781500, 213.7750709259654800, 655.0000000000000000 ) ) ;
#1354 = CARTESIAN_POINT ( 'NONE',  ( -735.4148864932462900, 126.5432280666482800, 117.6754075845906000 ) ) ;
#1355 = AXIS2_PLACEMENT_3D ( 'NONE', #526, #4365, #1598 ) ;
#1356 = DIRECTION ( 'NONE',  ( -1.000000000000000000, 0.0000000000000000000, 0.0000000000000000000 ) ) ;
#1357 = CARTESIAN_POINT ( 'NONE',  ( -930.0950741767320600, -44.47907115696418900, 49.73625108645214300 ) ) ;
#1358 = CARTESIAN_POINT ( 'NONE',  ( -113.3193969407323200, 318.9710010495179500, 239.9999999999999100 ) ) ;
#1359 = CARTESIAN_POINT ( 'NONE',  ( -855.9382576578459500, 74.74293838646909200, -114.8260798189215300 ) ) ;
#1360 = CARTESIAN_POINT ( 'NONE',  ( -701.0637841235292200, 23.72466673437404300, -901.6918942658425100 ) ) ;
#1361 = CARTESIAN_POINT ( 'NONE',  ( -347.8183075493971600, 95.78377495892826200, 877.8983430316175100 ) ) ;
#1362 = CARTESIAN_POINT ( 'NONE',  ( -174.1041849662727800, 338.7105776193099000, 114.5750208990187100 ) ) ;
#1363 = CARTESIAN_POINT ( 'NONE',  ( -721.0375125829707500, -43.02027741034830700, 0.0000000000000000000 ) ) ;
#1364 = CARTESIAN_POINT ( 'NONE',  ( -730.6648136168574900, 40.39895485402262700, -117.7794181763231800 ) ) ;
#1365 = CARTESIAN_POINT ( 'NONE',  ( -424.0377599472486700, 74.13783990314937000, -845.3833394676961500 ) ) ;
#1366 = VERTEX_POINT ( 'NONE', #5816 ) ;
#1367 = DIRECTION ( 'NONE',  ( 0.0000000000000000000, 1.000000000000000000, 0.0000000000000000000 ) ) ;
#1368 = EDGE_CURVE ( 'NONE', #5600, #4922, #4488, .T. ) ;
#1369 = CARTESIAN_POINT ( 'NONE',  ( -1030.157595300172000, 35.55880852245004300, 16.11264110026505800 ) ) ;
#1370 = CARTESIAN_POINT ( 'NONE',  ( -932.6403909182506600, 6.599405320949582400, 50.00271779799717100 ) ) ;
#1371 = CARTESIAN_POINT ( 'NONE',  ( -1004.706739009857800, 0.9972251318694943500, 73.27699704929962400 ) ) ;
#1372 = CARTESIAN_POINT ( 'NONE',  ( -5.573319583618285800E-011, 145.4327230323249600, 144.6856185281506300 ) ) ;
#1373 = CARTESIAN_POINT ( 'NONE',  ( -783.4090281768083100, -49.92488217935611800, 54.32164730602963200 ) ) ;
#1374 = ORIENTED_EDGE ( 'NONE', *, *, #1594, .F. ) ;
#1375 = CARTESIAN_POINT ( 'NONE',  ( -969.8308515967182800, 2.957272304234565200, -239.9999999999998900 ) ) ;
#1376 = CARTESIAN_POINT ( 'NONE',  ( -258.7992690864780900, 213.7750709259654500, 655.0000000000000000 ) ) ;
#1377 = CARTESIAN_POINT ( 'NONE',  ( -930.0950741767320600, 7.164169369840226200, 49.73625108645214300 ) ) ;
#1378 = ADVANCED_FACE ( 'NONE', ( #5968 ), #6378, .F. ) ;
#1379 = CARTESIAN_POINT ( 'NONE',  ( -41.30043261069050000, 308.5915597541503500, 239.9999999999999700 ) ) ;
#1380 = VERTEX_POINT ( 'NONE', #6450 ) ;
#1381 = CARTESIAN_POINT ( 'NONE',  ( -506.2555416100037200, 63.06764467554889800, -837.3694810831169700 ) ) ;
#1382 = CARTESIAN_POINT ( 'NONE',  ( -694.9555613965308100, 37.84811264510203400, -856.7035888763275600 ) ) ;
#1383 = CARTESIAN_POINT ( 'NONE',  ( -765.8750235901853800, -48.44981864675945400, 57.27297430620939200 ) ) ;
#1384 = ORIENTED_EDGE ( 'NONE', *, *, #2071, .T. ) ;
#1385 = EDGE_LOOP ( 'NONE', ( #3455, #5081, #3747, #5073 ) ) ;
#1386 = CARTESIAN_POINT ( 'NONE',  ( -183.5067641405235600, 335.4006132632528600, 114.0213887593034200 ) ) ;
#1387 = CARTESIAN_POINT ( 'NONE',  ( -329.1019792854338600, 32.84907196829230700, -885.8826759159538800 ) ) ;
#1388 = CARTESIAN_POINT ( 'NONE',  ( -921.5900209938259900, 11.96493952732773100, 98.49608279955539600 ) ) ;
#1389 = CARTESIAN_POINT ( 'NONE',  ( 465.9699137599472500, -201.6600000000000000, 1100.000000000000000 ) ) ;
#1390 = EDGE_CURVE ( 'NONE', #357, #1350, #2086, .T. ) ;
#1391 = ADVANCED_FACE ( 'NONE', ( #1421 ), #132, .T. ) ;
#1392 = ORIENTED_EDGE ( 'NONE', *, *, #5677, .F. ) ;
#1393 = CARTESIAN_POINT ( 'NONE',  ( -920.0250807485477900, 68.51812795937353000, -98.37084355780895400 ) ) ;
#1394 = CARTESIAN_POINT ( 'NONE',  ( -1097.273763433207500, -4.205100827850683000, 2.642316590469601800 ) ) ;
#1395 = ORIENTED_EDGE ( 'NONE', *, *, #5938, .T. ) ;
#1396 = CARTESIAN_POINT ( 'NONE',  ( -936.7891654538170800, 6.193107887703622100, 67.39343516031046000 ) ) ;
#1397 = CARTESIAN_POINT ( 'NONE',  ( -861.6342496577466400, 96.68124017130179500, 89.96129063427326900 ) ) ;
#1398 = CARTESIAN_POINT ( 'NONE',  ( -14.62674840205190600, 297.7466074582342200, 137.9225819429061100 ) ) ;
#1399 = CARTESIAN_POINT ( 'NONE',  ( -889.8048394498116500, -74.52220209115317600, -20.83333333333332900 ) ) ;
#1400 = CARTESIAN_POINT ( 'NONE',  ( -965.5218452665626500, -37.86112661497390500, -62.35021923255894900 ) ) ;
#1401 = VECTOR ( 'NONE', #3900, 1000.000000000000000 ) ;
#1402 = CARTESIAN_POINT ( 'NONE',  ( -737.2857582750295900, 132.1860949645208100, 113.4557284713036300 ) ) ;
#1403 = CARTESIAN_POINT ( 'NONE',  ( -766.9946282617995600, -49.25060836388760100, 55.91729841682914800 ) ) ;
#1404 = CARTESIAN_POINT ( 'NONE',  ( -935.9950187258698400, -44.47907115696418900, 51.45886072827526900 ) ) ;
#1405 = CARTESIAN_POINT ( 'NONE',  ( -132.1863798302623000, 321.4248559081115700, 239.9999999999999400 ) ) ;
#1406 = DIRECTION ( 'NONE',  ( 9.251858538542963900E-016, 1.000000000000000000, -0.0000000000000000000 ) ) ;
#1407 = CARTESIAN_POINT ( 'NONE',  ( -695.5920611357173600, 36.48360370050275500, -873.7099362567377100 ) ) ;
#1408 = CARTESIAN_POINT ( 'NONE',  ( -765.2320483850719500, -48.39282862383954900, 59.41923073114512700 ) ) ;
#1409 = CARTESIAN_POINT ( 'NONE',  ( -55.00145345845101000, 293.2004736502914900, 142.8522367462042000 ) ) ;
#1410 = CARTESIAN_POINT ( 'NONE',  ( -168.0505469538504400, 340.8416233328303500, 135.5438316912743100 ) ) ;
#1411 = CARTESIAN_POINT ( 'NONE',  ( -484.9030400885682200, 50.45440574726538300, -103.4105467707246600 ) ) ;
#1412 = CARTESIAN_POINT ( 'NONE',  ( -730.1904039243146400, 36.28892051103204600, -115.1587480669609200 ) ) ;
#1413 = CARTESIAN_POINT ( 'NONE',  ( -184.6267484020527300, 302.0000000000000600, 239.9999999999999100 ) ) ;
#1414 = CARTESIAN_POINT ( 'NONE',  ( -703.8402290943738500, 16.42216022691626500, 808.9513168396398400 ) ) ;
#1415 = CARTESIAN_POINT ( 'NONE',  ( -915.5073327863888200, 25.34837860322783600, 105.7458571503040000 ) ) ;
#1416 = ADVANCED_FACE ( 'NONE', ( #6662 ), #1016, .F. ) ;
#1417 = AXIS2_PLACEMENT_3D ( 'NONE', #4924, #2763, #2787 ) ;
#1418 = EDGE_LOOP ( 'NONE', ( #5458, #2762, #6095, #6451 ) ) ;
#1419 = CARTESIAN_POINT ( 'NONE',  ( -978.2096096027626100, 55.64353348873439800, 63.86921591008120900 ) ) ;
#1420 = CARTESIAN_POINT ( 'NONE',  ( -20.59857779524281800, 299.3725009474484900, -143.9989992683110800 ) ) ;
#1421 = FACE_OUTER_BOUND ( 'NONE', #1418, .T. ) ;
#1422 = CARTESIAN_POINT ( 'NONE',  ( -1030.496150950499400, 34.87323465010792500, 19.19818151663323700 ) ) ;
#1423 =( BOUNDED_CURVE ( )  B_SPLINE_CURVE ( 3, ( #2729, #5410, #2178, #1657 ),
 .UNSPECIFIED., .F., .F. ) 
 B_SPLINE_CURVE_WITH_KNOTS ( ( 4, 4 ),
 ( 4.952067503641913500, 5.041869326281680900 ),
 .UNSPECIFIED. ) 
 CURVE ( )  GEOMETRIC_REPRESENTATION_ITEM ( )  RATIONAL_B_SPLINE_CURVE ( ( 1.000000000000000000, 0.9993280822862465900, 0.9993280822862465900, 1.000000000000000000 ) ) 
 REPRESENTATION_ITEM ( '' )  );
#1424 = ORIENTED_EDGE ( 'NONE', *, *, #1001, .F. ) ;
#1425 = CARTESIAN_POINT ( 'NONE',  ( -940.2500410901726600, 5.854177710664687100, 58.39826446285984900 ) ) ;
#1426 = CARTESIAN_POINT ( 'NONE',  ( -880.9587783347557200, 36.96451753725889200, -114.0732011172917200 ) ) ;
#1427 = CARTESIAN_POINT ( 'NONE',  ( -5.573319583618285800E-011, 400.0000000000000000, 144.6856185281506300 ) ) ;
#1428 = CARTESIAN_POINT ( 'NONE',  ( -801.6322291414301200, 400.0000000000000000, 441.3891037066838400 ) ) ;
#1429 = CARTESIAN_POINT ( 'NONE',  ( -855.4052764537917700, 73.21699231938713100, -114.8776019093374900 ) ) ;
#1430 = ORIENTED_EDGE ( 'NONE', *, *, #6292, .T. ) ;
#1431 = CARTESIAN_POINT ( 'NONE',  ( -1012.808028083103700, 0.5419275061360803200, -28.69622841146597700 ) ) ;
#1432 = CARTESIAN_POINT ( 'NONE',  ( -768.5786514484568700, 23.42730997547047500, 55.01547229766972400 ) ) ;
#1433 = CARTESIAN_POINT ( 'NONE',  ( -145.4715883360082100, 322.9159880178097500, 240.0000000000000000 ) ) ;
#1434 = CARTESIAN_POINT ( 'NONE',  ( -148.0353020443914100, 281.0019720854227800, 240.0000000000000600 ) ) ;
#1435 = CARTESIAN_POINT ( 'NONE',  ( -1007.589910239763600, 0.8351890653911404600, 39.56955737032698300 ) ) ;
#1436 = ORIENTED_EDGE ( 'NONE', *, *, #4901, .F. ) ;
#1437 = CARTESIAN_POINT ( 'NONE',  ( -171.5719434461447900, 285.9550262194484300, 138.9665537466144700 ) ) ;
#1438 = CARTESIAN_POINT ( 'NONE',  ( -183.3260766218406000, 335.4642201987073800, 135.6105500539698900 ) ) ;
#1439 = CARTESIAN_POINT ( 'NONE',  ( -510.5652697785646400, 2.909843662570438000, 0.0000000000000000000 ) ) ;
#1440 = CARTESIAN_POINT ( 'NONE',  ( -649.9113391822240800, -19.22954615721651800, -269.7564038647546500 ) ) ;
#1441 = CARTESIAN_POINT ( 'NONE',  ( -731.8165205886452900, 51.46764385215429600, 120.2917345085317900 ) ) ;
#1442 = CARTESIAN_POINT ( 'NONE',  ( -171.1860726752404400, 285.7898263294464400, 240.0000000000000000 ) ) ;
#1443 = CARTESIAN_POINT ( 'NONE',  ( -711.1825824807992800, -7.559043562858802200, -789.6691771730613700 ) ) ;
#1444 = DIRECTION ( 'NONE',  ( 1.000000000000000000, -0.0000000000000000000, -0.0000000000000000000 ) ) ;
#1445 = VERTEX_POINT ( 'NONE', #934 ) ;
#1446 = CARTESIAN_POINT ( 'NONE',  ( -184.4286076020790700, 299.6137275571558700, 138.5379982747500400 ) ) ;
#1447 = EDGE_CURVE ( 'NONE', #4028, #3184, #698, .T. ) ;
#1448 = CARTESIAN_POINT ( 'NONE',  ( -1030.865723396515200, 33.22819818371606700, 25.60488956784994800 ) ) ;
#1449 = CARTESIAN_POINT ( 'NONE',  ( -938.5763600896219700, 6.018084495370970000, 65.40540887546096400 ) ) ;
#1450 = CARTESIAN_POINT ( 'NONE',  ( -258.7992690864780900, 213.7750709259654500, 655.0000000000000000 ) ) ;
#1451 = CARTESIAN_POINT ( 'NONE',  ( -363.3325037834424100, 141.9740899135819900, -509.3156103644660700 ) ) ;
#1452 = CARTESIAN_POINT ( 'NONE',  ( -938.6237299408105600, -44.47907115522036000, -54.05232127270478800 ) ) ;
#1453 = CARTESIAN_POINT ( 'NONE',  ( -739.4433708272624700, 139.6957626835687700, 95.70448686874628700 ) ) ;
#1454 = AXIS2_PLACEMENT_3D ( 'NONE', #6951, #4672, #3624 ) ;
#1455 = CARTESIAN_POINT ( 'NONE',  ( -766.5251973323377100, 23.42730997547047500, 56.35446640037435600 ) ) ;
#1456 = CARTESIAN_POINT ( 'NONE',  ( -1026.365796303176900, -0.2200277366471885500, -54.40938112821216800 ) ) ;
#1457 = ADVANCED_FACE ( 'NONE', ( #1609 ), #672, .F. ) ;
#1458 = CARTESIAN_POINT ( 'NONE',  ( -142.9683851716149800, 322.7328350403560100, 239.9999999999999400 ) ) ;
#1459 = EDGE_CURVE ( 'NONE', #5713, #4032, #2850, .T. ) ;
#1460 = CARTESIAN_POINT ( 'NONE',  ( -320.2242704645746600, 31.03790201622268100, 889.6698814765889000 ) ) ;
#1461 = CARTESIAN_POINT ( 'NONE',  ( -769.7564561003862300, -48.78644819044804800, 54.75614128177344500 ) ) ;
#1462 = CARTESIAN_POINT ( 'NONE',  ( -167.1829898283860100, 284.1682094615958900, 139.1128522005398100 ) ) ;
#1463 = VERTEX_POINT ( 'NONE', #1627 ) ;
#1464 = CARTESIAN_POINT ( 'NONE',  ( -173.2789348817489100, 317.2041550873522100, 138.9096540321461400 ) ) ;
#1465 = CARTESIAN_POINT ( 'NONE',  ( -316.8340898547966200, 127.6339125251534900, -650.0000000000000000 ) ) ;
#1466 = DIRECTION ( 'NONE',  ( 0.0000000000000000000, 0.0000000000000000000, -1.000000000000000000 ) ) ;
#1467 = CARTESIAN_POINT ( 'NONE',  ( -183.4045978127759900, 296.3502648417851900, 240.0000000000000000 ) ) ;
#1468 = CARTESIAN_POINT ( 'NONE',  ( -712.9738794143040600, -15.20638926044043000, -780.3228509424230900 ) ) ;
#1469 = CARTESIAN_POINT ( 'NONE',  ( -345.0319055377163400, 151.8746835953304500, -650.0000000000000000 ) ) ;
#1470 = EDGE_CURVE ( 'NONE', #1902, #5619, #6297, .T. ) ;
#1471 = CARTESIAN_POINT ( 'NONE',  ( -147.5772821508928400, 281.0063787540704500, 240.0000000000000300 ) ) ;
#1472 = ORIENTED_EDGE ( 'NONE', *, *, #3399, .T. ) ;
#1473 = CARTESIAN_POINT ( 'NONE',  ( -544.9915765026677300, -77.57978771338689200, -1340.098464202394800 ) ) ;
#1474 = CARTESIAN_POINT ( 'NONE',  ( -258.7992690864780300, 4.958084258317703600, 912.8622417098479200 ) ) ;
#1475 = ORIENTED_EDGE ( 'NONE', *, *, #5193, .F. ) ;
#1476 = CARTESIAN_POINT ( 'NONE',  ( -616.9319087001720200, 22.69240075583863700, 451.2367140275673600 ) ) ;
#1477 = CARTESIAN_POINT ( 'NONE',  ( -855.4019256817284700, 39.17659665792282900, -114.8779289219024500 ) ) ;
#1478 = CARTESIAN_POINT ( 'NONE',  ( -14.62674840205269800, 302.0000000000000600, 239.9999999999999700 ) ) ;
#1479 = CARTESIAN_POINT ( 'NONE',  ( -889.8048394498115400, -74.52220209115317600, 0.0000000000000000000 ) ) ;
#1480 = CARTESIAN_POINT ( 'NONE',  ( -931.7090280948216300, -44.47907115522036000, -49.83070471747460300 ) ) ;
#1481 = ORIENTED_EDGE ( 'NONE', *, *, #7106, .T. ) ;
#1482 = ORIENTED_EDGE ( 'NONE', *, *, #3434, .T. ) ;
#1483 = VERTEX_POINT ( 'NONE', #1084 ) ;
#1484 = CARTESIAN_POINT ( 'NONE',  ( -183.0073659380619800, 308.4680199811824700, 138.5853729968839600 ) ) ;
#1485 = CARTESIAN_POINT ( 'NONE',  ( -1005.403541481735700, 0.9580643875542985700, -42.93081952148170200 ) ) ;
#1486 = CARTESIAN_POINT ( 'NONE',  ( -145.9212294459437700, 322.9401957125432400, 240.0000000000000300 ) ) ;
#1487 = VERTEX_POINT ( 'NONE', #5378 ) ;
#1488 = CARTESIAN_POINT ( 'NONE',  ( -241.9326085814430800, 81.60189885207184100, 111.4931104115493700 ) ) ;
#1489 = EDGE_LOOP ( 'NONE', ( #3850, #107, #6180, #511 ) ) ;
#1490 = CARTESIAN_POINT ( 'NONE',  ( -180.8521528847355500, 292.4589562261586500, 138.6572134319947900 ) ) ;
#1491 = CARTESIAN_POINT ( 'NONE',  ( 465.9699137599472500, -201.6600000000000000, -1100.000000000000000 ) ) ;
#1492 = CARTESIAN_POINT ( 'NONE',  ( -969.8026632333713900, 2.960032844624777200, 69.05960461268694000 ) ) ;
#1493 = CARTESIAN_POINT ( 'NONE',  ( -180.9517567428960400, 292.6068284092539800, 239.9999999999998900 ) ) ;
#1494 = LINE ( 'NONE', #3091, #379 ) ;
#1495 = EDGE_CURVE ( 'NONE', #2064, #6913, #3406, .T. ) ;
#1496 = CARTESIAN_POINT ( 'NONE',  ( -715.7071321399523600, -29.68635682429619400, -726.7885699272360400 ) ) ;
#1497 = CARTESIAN_POINT ( 'NONE',  ( -588.4213002791508400, 34.97267035960752000, 839.4787391688137200 ) ) ;
#1498 = CARTESIAN_POINT ( 'NONE',  ( -145.6038534420276600, 281.0769805873935100, 240.0000000000000000 ) ) ;
#1499 = CARTESIAN_POINT ( 'NONE',  ( -581.5311641369078200, 57.83299970725385500, -918.9021791779271100 ) ) ;
#1500 = CARTESIAN_POINT ( 'NONE',  ( -1038.145799342743400, 50.08600469205194400, 734.0524566463253700 ) ) ;
#1501 = LINE ( 'NONE', #905, #3545 ) ;
#1502 = CARTESIAN_POINT ( 'NONE',  ( -522.5302361353224100, 7.940193362279938300, -210.4781246062557600 ) ) ;
#1503 = CARTESIAN_POINT ( 'NONE',  ( -696.4581469168530200, 34.58527463767817500, 655.5685260122048700 ) ) ;
#1504 = CARTESIAN_POINT ( 'NONE',  ( -508.4660983488485000, -6.599668237361765200, 0.0000000000000000000 ) ) ;
#1505 = CARTESIAN_POINT ( 'NONE',  ( -939.5938345870454200, -44.47907115522036000, -63.64887813516351400 ) ) ;
#1506 = CARTESIAN_POINT ( 'NONE',  ( -418.4486822469645500, 71.87170263032059800, 650.0000000000000000 ) ) ;
#1507 = LINE ( 'NONE', #4045, #3312 ) ;
#1508 = CARTESIAN_POINT ( 'NONE',  ( -983.8586140089355500, 2.168903087330670500, -63.99946731420966000 ) ) ;
#1509 = CARTESIAN_POINT ( 'NONE',  ( -132.6481734780330700, 321.4844141944132600, 240.0000000000000000 ) ) ;
#1510 = CARTESIAN_POINT ( 'NONE',  ( -453.4158454910860300, 42.20061651864961800, 209.4169311968550700 ) ) ;
#1511 = CARTESIAN_POINT ( 'NONE',  ( -497.9837345322556500, 56.56828094207282500, -576.1409615043545500 ) ) ;
#1512 = CARTESIAN_POINT ( 'NONE',  ( -1010.770888261721000, 44.18107518325774700, 40.13221785034308200 ) ) ;
#1513 = B_SPLINE_CURVE_WITH_KNOTS ( 'NONE', 3,
 ( #3584, #6282, #299, #1435 ),
 .UNSPECIFIED., .F., .F.,
 ( 4, 4 ),
 ( 0.0000000000000000000, 0.006021198825662675600 ),
 .UNSPECIFIED. ) ;
#1514 = FACE_OUTER_BOUND ( 'NONE', #4887, .T. ) ;
#1515 = CARTESIAN_POINT ( 'NONE',  ( -14.94393524236707200, 301.5129111320169400, 144.1874873534069900 ) ) ;
#1516 = CARTESIAN_POINT ( 'NONE',  ( -999.6619914636834200, 1.280743169710117700, -49.89580563649104800 ) ) ;
#1517 = VERTEX_POINT ( 'NONE', #3780 ) ;
#1518 = CARTESIAN_POINT ( 'NONE',  ( -453.4158454910860900, 42.20061651864961000, -209.4169311968550700 ) ) ;
#1519 = EDGE_CURVE ( 'NONE', #4729, #6026, #6807, .T. ) ;
#1520 = DIRECTION ( 'NONE',  ( 0.0000000000000000000, -0.5703114079525475300, 0.8214285714285709500 ) ) ;
#1521 = CARTESIAN_POINT ( 'NONE',  ( -166.9403349559072800, 284.1145872590310500, 240.0000000000000600 ) ) ;
#1522 = CARTESIAN_POINT ( 'NONE',  ( -705.5802345102140400, 11.43365534904646600, -663.9830930583731300 ) ) ;
#1523 = CARTESIAN_POINT ( 'NONE',  ( -143.0628256000690000, 281.2586905825141900, 240.0000000000000600 ) ) ;
#1524 = VERTEX_POINT ( 'NONE', #3823 ) ;
#1525 = LINE ( 'NONE', #927, #6066 ) ;
#1526 = ORIENTED_EDGE ( 'NONE', *, *, #1368, .T. ) ;
#1527 = CARTESIAN_POINT ( 'NONE',  ( -930.3347340925689700, -44.12525089787533300, -69.74307254680483900 ) ) ;
#1528 = CARTESIAN_POINT ( 'NONE',  ( -899.0733552473093400, 23.77818280591522900, -108.9258376824909800 ) ) ;
#1529 = CARTESIAN_POINT ( 'NONE',  ( -5.573319583618284500E-011, 121.3538495337078600, 127.6985787093304300 ) ) ;
#1530 = CARTESIAN_POINT ( 'NONE',  ( -1016.291469763142900, 0.3461558564087624000, -13.71196231607877500 ) ) ;
#1531 = CARTESIAN_POINT ( 'NONE',  ( -932.2152195003189900, 7.164169077462492700, -69.56950639098485600 ) ) ;
#1532 = CARTESIAN_POINT ( 'NONE',  ( -258.7992690864780300, 39.92077323885215600, -650.0000000000000000 ) ) ;
#1533 = CARTESIAN_POINT ( 'NONE',  ( -766.0224249922175700, 23.42730997547047500, 62.48885855261642800 ) ) ;
#1534 = VERTEX_POINT ( 'NONE', #6508 ) ;
#1535 = CARTESIAN_POINT ( 'NONE',  ( -155.6959001874351700, 322.5030829827167100, 239.9999999999999100 ) ) ;
#1536 = B_SPLINE_CURVE_WITH_KNOTS ( 'NONE', 3,
 ( #6127, #6734, #6188, #2316, #1816, #4495, #3385, #685, #3444, #6150, #4538, #2300, #2276, #1211, #91, #3961, #5035, #5645, #1247, #3980, #129, #6677, #3466, #1228 ),
 .UNSPECIFIED., .F., .F.,
 ( 4, 2, 2, 2, 2, 2, 2, 2, 2, 2, 2, 4 ),
 ( 0.0000000000000000000, 0.03063519619752754600, 0.06127039239505509300, 0.09190558859258264600, 0.1225407847901100300, 0.1378583828888738400, 0.1455171819382558300, 0.1531759809876378800, 0.1838111771851655400, 0.2144463733826931800, 0.2297639714814570200, 0.2450815695802208100 ),
 .UNSPECIFIED. ) ;
#1537 = CARTESIAN_POINT ( 'NONE',  ( -14.62674840205269100, 302.0000000000000600, 144.1980602480840900 ) ) ;
#1538 = CARTESIAN_POINT ( 'NONE',  ( -977.9970575583956800, 32.06201920788355200, 87.52448106196236200 ) ) ;
#1539 =( BOUNDED_CURVE ( )  B_SPLINE_CURVE ( 3, ( #2987, #4662, #1387, #1988 ),
 .UNSPECIFIED., .F., .F. ) 
 B_SPLINE_CURVE_WITH_KNOTS ( ( 4, 4 ),
 ( 4.978800066122162500, 5.158472551376020100 ),
 .UNSPECIFIED. ) 
 CURVE ( )  GEOMETRIC_REPRESENTATION_ITEM ( )  RATIONAL_B_SPLINE_CURVE ( ( 1.000000000000000000, 0.9973116252887124200, 0.9973116252887124200, 1.000000000000000000 ) ) 
 REPRESENTATION_ITEM ( '' )  );
#1540 = CARTESIAN_POINT ( 'NONE',  ( -657.8329383822367600, -38.04780047810552200, -0.0000000000000000000 ) ) ;
#1541 = CARTESIAN_POINT ( 'NONE',  ( -152.1247306682167000, 346.4479450951808400, 114.8776203492508600 ) ) ;
#1542 = DIRECTION ( 'NONE',  ( 1.000000000000000000, 0.0000000000000000000, 0.0000000000000000000 ) ) ;
#1543 = CARTESIAN_POINT ( 'NONE',  ( -182.7448190046042400, 295.0901944834248000, 240.0000000000000000 ) ) ;
#1544 = CARTESIAN_POINT ( 'NONE',  ( -693.9715488891018800, 39.92077323885202800, -650.0000000000000000 ) ) ;
#1545 = CARTESIAN_POINT ( 'NONE',  ( -971.0375125829706300, -46.70541187800886000, -0.0000000000000000000 ) ) ;
#1546 = CARTESIAN_POINT ( 'NONE',  ( -136.9509418987229000, 281.9612081668706200, 239.9999999999999400 ) ) ;
#1547 = CARTESIAN_POINT ( 'NONE',  ( -184.5035469304772800, 298.7625002546555500, -138.5355002971365600 ) ) ;
#1548 = CARTESIAN_POINT ( 'NONE',  ( -466.7107338811861200, -69.24084322058334400, -655.0000000000000000 ) ) ;
#1549 = CARTESIAN_POINT ( 'NONE',  ( -738.1947984173963300, -31.16031045985339200, 123.2489932758588800 ) ) ;
#1550 = CARTESIAN_POINT ( 'NONE',  ( -352.5547049828860500, 35.96978012987771200, 875.8778092363057800 ) ) ;
#1551 = CARTESIAN_POINT ( 'NONE',  ( -5.573319583618285800E-011, 400.0000000000000000, -134.4721470217467600 ) ) ;
#1552 = CARTESIAN_POINT ( 'NONE',  ( -769.8717750617798900, 23.42789570974004900, -64.72954130641744500 ) ) ;
#1553 = CARTESIAN_POINT ( 'NONE',  ( -342.6364562004772000, 111.5216994009667200, 650.0000000000000000 ) ) ;
#1554 = VERTEX_POINT ( 'NONE', #4460 ) ;
#1555 = CARTESIAN_POINT ( 'NONE',  ( -930.8357899445646800, 6.776133349276004300, -69.73117952919479000 ) ) ;
#1556 = CARTESIAN_POINT ( 'NONE',  ( -769.3164490974737600, -49.25060836388760100, 64.65611228018609300 ) ) ;
#1557 = CARTESIAN_POINT ( 'NONE',  ( -1006.539951466032000, 0.8941974198174417200, 41.28259415989419500 ) ) ;
#1558 = CARTESIAN_POINT ( 'NONE',  ( -158.6571353510467500, 322.0290742860941000, 240.0000000000000300 ) ) ;
#1559 =( BOUNDED_CURVE ( )  B_SPLINE_CURVE ( 3, ( #611, #4357, #4402, #3269 ),
 .UNSPECIFIED., .F., .F. ) 
 B_SPLINE_CURVE_WITH_KNOTS ( ( 4, 4 ),
 ( 4.733792457186768700, 4.778316836571288900 ),
 .UNSPECIFIED. ) 
 CURVE ( )  GEOMETRIC_REPRESENTATION_ITEM ( )  RATIONAL_B_SPLINE_CURVE ( ( 1.000000000000000000, 0.9998348051261559700, 0.9998348051261559700, 1.000000000000000000 ) ) 
 REPRESENTATION_ITEM ( '' )  );
#1560 = EDGE_CURVE ( 'NONE', #1833, #2600, #3561, .T. ) ;
#1561 = CARTESIAN_POINT ( 'NONE',  ( -732.0292279767045300, 51.41795551113726500, 120.2871615096274000 ) ) ;
#1562 = CARTESIAN_POINT ( 'NONE',  ( -1019.471936480288300, 21.40775444708674900, 59.02327778570984400 ) ) ;
#1563 = EDGE_LOOP ( 'NONE', ( #6920, #2293, #1472, #6892 ) ) ;
#1564 = CARTESIAN_POINT ( 'NONE',  ( -729.0542768836836600, 26.53698324128182800, -239.9999999999998900 ) ) ;
#1565 = AXIS2_PLACEMENT_3D ( 'NONE', #1115, #4517, #1248 ) ;
#1566 = CARTESIAN_POINT ( 'NONE',  ( -1015.326489202913400, 21.24923267610892500, -63.66016581215597400 ) ) ;
#1567 = B_SPLINE_SURFACE_WITH_KNOTS ( 'NONE', 3, 3, ( 
 ( #462, #6439, #5887, #1022, #3145, #437, #3714 ),
 ( #4230, #4202, #5839, #4847, #6391, #384, #3635 ),
 ( #5395, #4256, #995, #4768, #4793, #2113, #2036 ),
 ( #5864, #2584, #352, #4181, #5287, #1511, #919 ) ),
 .UNSPECIFIED., .F., .F., .F.,
 ( 4, 4 ),
 ( 4, 1, 1, 1, 4 ),
 ( 0.0000000000000000000, 1.000000000000000000 ),
 ( 0.0000000000000000000, 0.1490010684283051300, 0.3542303876842902700, 0.5841602856976757500, 1.000000000000000000 ),
 .UNSPECIFIED. ) ;
#1568 = VERTEX_POINT ( 'NONE', #5523 ) ;
#1569 = CARTESIAN_POINT ( 'NONE',  ( -1011.864133918964500, 0.5949749616856951900, -31.11047895853394600 ) ) ;
#1570 = CARTESIAN_POINT ( 'NONE',  ( -780.7758396656026900, 125.1456061704051500, -119.1330526026295000 ) ) ;
#1571 = CARTESIAN_POINT ( 'NONE',  ( -162.3824471849036400, 282.7799756318645400, 240.0000000000000000 ) ) ;
#1572 = ORIENTED_EDGE ( 'NONE', *, *, #2556, .F. ) ;
#1573 = CARTESIAN_POINT ( 'NONE',  ( -707.7181555251269200, 4.785473531488646500, -668.1067687143553300 ) ) ;
#1574 = CARTESIAN_POINT ( 'NONE',  ( -729.7186922751338900, -45.97881655748224700, 312.7526747221214100 ) ) ;
#1575 = CARTESIAN_POINT ( 'NONE',  ( -127.5199107775653300, 283.1779398357484200, 239.9999999999998300 ) ) ;
#1576 = CARTESIAN_POINT ( 'NONE',  ( -1038.145799342743400, 34.58527463767803300, 655.5685260122048700 ) ) ;
#1577 = ORIENTED_EDGE ( 'NONE', *, *, #2972, .T. ) ;
#1578 = CARTESIAN_POINT ( 'NONE',  ( -1026.556031232349600, 25.44283256888822100, 47.61381911579442100 ) ) ;
#1579 = ORIENTED_EDGE ( 'NONE', *, *, #1099, .F. ) ;
#1580 = EDGE_LOOP ( 'NONE', ( #1306, #6339, #5509, #1951 ) ) ;
#1581 = CARTESIAN_POINT ( 'NONE',  ( -497.9837345322556500, 56.56828094207282500, 576.1409615043545500 ) ) ;
#1582 = CARTESIAN_POINT ( 'NONE',  ( -876.6818694002371300, 30.41387185905727400, -112.4122685841372800 ) ) ;
#1583 = CARTESIAN_POINT ( 'NONE',  ( -663.0707898217588100, 63.20167647951369400, -650.0000000000000000 ) ) ;
#1584 = CARTESIAN_POINT ( 'NONE',  ( -533.3592136239985800, -3.954536307887489800, 123.3249956252032900 ) ) ;
#1585 = ORIENTED_EDGE ( 'NONE', *, *, #2950, .F. ) ;
#1586 = CARTESIAN_POINT ( 'NONE',  ( -166.4401335520456400, 320.0531533861469000, 239.9999999999999400 ) ) ;
#1587 = CARTESIAN_POINT ( 'NONE',  ( -322.1861935387365200, 28.62493671749803800, 894.2688876573925000 ) ) ;
#1588 = CARTESIAN_POINT ( 'NONE',  ( -716.2388930281240400, -33.17596634035938800, -751.6854235295485300 ) ) ;
#1589 = VECTOR ( 'NONE', #6250, 1000.000000000000000 ) ;
#1590 = CARTESIAN_POINT ( 'NONE',  ( -930.0000000000558200, 6.857983858691626200, -69.73844108900407000 ) ) ;
#1591 = CARTESIAN_POINT ( 'NONE',  ( -855.3638864233430500, 39.44847174006466200, 114.8816014359641600 ) ) ;
#1592 = CARTESIAN_POINT ( 'NONE',  ( -729.1386700855623500, 28.41730245509169000, -104.9115714110974700 ) ) ;
#1593 = CARTESIAN_POINT ( 'NONE',  ( -159.9826546963314500, 282.2304425672372200, 239.9999999999999400 ) ) ;
#1594 = EDGE_CURVE ( 'NONE', #6415, #1517, #5055, .T. ) ;
#1595 = CARTESIAN_POINT ( 'NONE',  ( -176.5871442462699600, 283.6204833111955800, -138.7993803866101200 ) ) ;
#1596 = FACE_OUTER_BOUND ( 'NONE', #5471, .T. ) ;
#1597 = CARTESIAN_POINT ( 'NONE',  ( -893.9786244174313200, -57.24620595903248700, 312.7515720249604100 ) ) ;
#1598 = DIRECTION ( 'NONE',  ( 0.0000000000000000000, 0.0000000000000000000, -1.000000000000000000 ) ) ;
#1599 = CARTESIAN_POINT ( 'NONE',  ( -115.3785462197504900, 284.7585969879240200, 239.9999999999999700 ) ) ;
#1600 = CARTESIAN_POINT ( 'NONE',  ( -171.5719434461461500, 312.8959593496818500, -138.9665537466143500 ) ) ;
#1601 = CARTESIAN_POINT ( 'NONE',  ( -701.4521874831423200, 22.75222755664664100, 894.4220685244486000 ) ) ;
#1602 = CARTESIAN_POINT ( 'NONE',  ( -183.8273139237522900, 297.3046243358048700, 138.5580413973609700 ) ) ;
#1603 = CARTESIAN_POINT ( 'NONE',  ( -940.0456466938268200, -42.62129814058943100, -62.07958660321782700 ) ) ;
#1604 = CARTESIAN_POINT ( 'NONE',  ( -731.8151122644769700, 51.43873704579421300, 120.2917647316909300 ) ) ;
#1605 = LINE ( 'NONE', #2853, #3652 ) ;
#1606 = CARTESIAN_POINT ( 'NONE',  ( -375.4209598999160600, 92.92953237961236800, 569.1364520728456000 ) ) ;
#1607 = ORIENTED_EDGE ( 'NONE', *, *, #5656, .F. ) ;
#1608 = CARTESIAN_POINT ( 'NONE',  ( -5.573319583618285800E-011, 400.0000000000000000, 0.0000000000000000000 ) ) ;
#1609 = FACE_OUTER_BOUND ( 'NONE', #1489, .T. ) ;
#1610 = ORIENTED_EDGE ( 'NONE', *, *, #5988, .T. ) ;
#1611 = CARTESIAN_POINT ( 'NONE',  ( -155.9972209353808800, 322.4614547357144300, 239.9999999999999100 ) ) ;
#1612 = AXIS2_PLACEMENT_3D ( 'NONE', #741, #1815, #764 ) ;
#1613 = CARTESIAN_POINT ( 'NONE',  ( -900.0113882235831400, 83.17144053161918300, -85.17181409649734300 ) ) ;
#1614 = VERTEX_POINT ( 'NONE', #4442 ) ;
#1615 = CARTESIAN_POINT ( 'NONE',  ( -375.4209598999159400, 92.92953237961241100, 569.1364520728456000 ) ) ;
#1616 = PLANE ( 'NONE',  #3813 ) ;
#1617 = FACE_OUTER_BOUND ( 'NONE', #6966, .T. ) ;
#1618 = CARTESIAN_POINT ( 'NONE',  ( -439.1556025612816300, 231.5219260081761700, -650.0000000000000000 ) ) ;
#1619 = EDGE_CURVE ( 'NONE', #3279, #3882, #2888, .T. ) ;
#1620 = CARTESIAN_POINT ( 'NONE',  ( -389.0893363650948200, 87.82722587951471400, 374.0892309721621700 ) ) ;
#1621 = CARTESIAN_POINT ( 'NONE',  ( -924.2913088013936000, 10.69059740182213900, -96.56573599840059800 ) ) ;
#1622 = CARTESIAN_POINT ( 'NONE',  ( -162.5756544436838700, 282.8283746857038600, 239.9999999999999400 ) ) ;
#1623 = CARTESIAN_POINT ( 'NONE',  ( -715.0194069865859800, -25.57552766223493600, -708.0455332018384500 ) ) ;
#1624 = ORIENTED_EDGE ( 'NONE', *, *, #5245, .T. ) ;
#1625 = CARTESIAN_POINT ( 'NONE',  ( -937.3200811255742300, 7.164169369840226200, 66.97472584842472500 ) ) ;
#1626 = CARTESIAN_POINT ( 'NONE',  ( -37.90386510476186300, 295.9770011080293600, 239.9999999999999400 ) ) ;
#1627 = CARTESIAN_POINT ( 'NONE',  ( -413.0707898217584700, 61.93453721306585200, 650.0000000000000000 ) ) ;
#1628 = CARTESIAN_POINT ( 'NONE',  ( -707.0077610090679600, 7.087660250431279800, 911.3836938182250800 ) ) ;
#1629 = CARTESIAN_POINT ( 'NONE',  ( -930.1674393579720600, 7.164169369840226200, 69.74124603058601200 ) ) ;
#1630 = CARTESIAN_POINT ( 'NONE',  ( -939.7610566767657500, -42.67102479848920600, -63.04595048596310400 ) ) ;
#1631 = CARTESIAN_POINT ( 'NONE',  ( -693.9715488891018800, 39.92077323885202800, 650.0000000000000000 ) ) ;
#1632 = ORIENTED_EDGE ( 'NONE', *, *, #5443, .T. ) ;
#1633 = CARTESIAN_POINT ( 'NONE',  ( -322.1861935387365200, 28.62493671749803800, 894.2688876573925000 ) ) ;
#1634 = CARTESIAN_POINT ( 'NONE',  ( -939.2441045701814300, 5.952690999969061800, -64.25833495802960700 ) ) ;
#1635 = PLANE ( 'NONE',  #6287 ) ;
#1636 = CARTESIAN_POINT ( 'NONE',  ( -168.1027826720247200, 319.4686955014076900, 239.9999999999999700 ) ) ;
#1637 = CARTESIAN_POINT ( 'NONE',  ( -977.9970575583958000, 32.06201920788370800, 87.52448106196229100 ) ) ;
#1638 = CARTESIAN_POINT ( 'NONE',  ( -595.7506258156511200, -23.31838057145974100, -0.0000000000000000000 ) ) ;
#1639 = CARTESIAN_POINT ( 'NONE',  ( -587.0247678124950400, -19.08031501468063200, -269.6510752201530700 ) ) ;
#1640 = EDGE_CURVE ( 'NONE', #6687, #6026, #3437, .T. ) ;
#1641 = CARTESIAN_POINT ( 'NONE',  ( -487.8934483690582100, 14.25901609283089800, 71.06989107225562900 ) ) ;
#1642 = CARTESIAN_POINT ( 'NONE',  ( -739.4335370044979100, 139.6992244574324200, -95.30066013804140800 ) ) ;
#1643 = B_SPLINE_SURFACE_WITH_KNOTS ( 'NONE', 3, 1, ( 
 ( #6974, #4750 ),
 ( #2757, #2275 ),
 ( #6126, #1552 ),
 ( #2052, #2925 ),
 ( #6178, #1831 ),
 ( #1892, #2414 ),
 ( #5652, #3991 ),
 ( #5165, #2372 ),
 ( #1874, #6788 ),
 ( #6200, #6223 ),
 ( #735, #4598 ),
 ( #6747, #6813 ),
 ( #4549, #213 ),
 ( #2908, #1809 ),
 ( #5716, #235 ),
 ( #1257, #189 ),
 ( #4037, #1847 ),
 ( #1327, #5150 ),
 ( #2969, #1279 ),
 ( #2392, #6725 ),
 ( #4055, #4572 ),
 ( #5106, #2432 ),
 ( #3972, #2948 ),
 ( #800, #5635 ),
 ( #3477, #2348 ),
 ( #775, #3458 ),
 ( #2988, #163 ) ),
 .UNSPECIFIED., .F., .F., .F.,
 ( 4, 1, 1, 1, 1, 1, 1, 1, 1, 1, 1, 1, 1, 1, 1, 1, 1, 1, 1, 1, 1, 1, 1, 1, 4 ),
 ( 2, 2 ),
 ( 0.0000000000000000000, 0.01292907874938087300, 0.02752589258828641600, 0.04378560219195126700, 0.06170514643698654700, 0.08128315840373656600, 0.1025197722974301500, 0.1254165394917019500, 0.1984574002929515600, 0.2505674014124019700, 0.3410618186455607300, 0.4243816756162525100, 0.5003813394378314700, 0.6224886512815681600, 0.7494420354530564300, 0.7696561034499079800, 0.7909182157225780300, 0.8132387722133026500, 0.8366274102032365000, 0.8610929258321899900, 0.8866438987034155300, 0.9132903285677477200, 0.9410466495967361200, 0.9699365422532869600, 1.000000000000000000 ),
 ( 0.0000000000000000000, 1.000000000000000000 ),
 .UNSPECIFIED. ) ;
#1644 = CARTESIAN_POINT ( 'NONE',  ( -940.3997929221887900, 6.041006548282504200, -85.87884104881492000 ) ) ;
#1645 = CARTESIAN_POINT ( 'NONE',  ( -939.9624860819401400, -42.61462154207261900, 57.07532614755932300 ) ) ;
#1646 = CARTESIAN_POINT ( 'NONE',  ( -737.1002142193403900, 131.6162775232480700, -114.0051590739743000 ) ) ;
#1647 = AXIS2_PLACEMENT_3D ( 'NONE', #3092, #5263, #5840 ) ;
#1648 = CARTESIAN_POINT ( 'NONE',  ( -979.4838755031083800, -40.41972416319696700, 20.83333333333332900 ) ) ;
#1649 = CARTESIAN_POINT ( 'NONE',  ( -1012.809502501466100, 43.46342736086183600, -37.02459158161067900 ) ) ;
#1650 = CARTESIAN_POINT ( 'NONE',  ( -99.77178470236614800, 286.8290885008705100, 239.9999999999999700 ) ) ;
#1651 = CARTESIAN_POINT ( 'NONE',  ( -51.26416533576694700, 305.0704864421600700, -142.9768130169603100 ) ) ;
#1652 =( BOUNDED_CURVE ( )  B_SPLINE_CURVE ( 3, ( #1250, #133, #6211, #1232 ),
 .UNSPECIFIED., .F., .F. ) 
 B_SPLINE_CURVE_WITH_KNOTS ( ( 4, 4 ),
 ( 5.041869326281659600, 5.621984804581032300 ),
 .UNSPECIFIED. ) 
 CURVE ( )  GEOMETRIC_REPRESENTATION_ITEM ( )  RATIONAL_B_SPLINE_CURVE ( ( 1.000000000000000000, 0.9721515755180512000, 0.9721515755180512000, 1.000000000000000000 ) ) 
 REPRESENTATION_ITEM ( '' )  );
#1653 = CARTESIAN_POINT ( 'NONE',  ( -697.7757988993819300, 31.62116200927429700, 846.4321001748924100 ) ) ;
#1654 = EDGE_LOOP ( 'NONE', ( #1823, #642, #865, #56 ) ) ;
#1655 = CARTESIAN_POINT ( 'NONE',  ( -932.3104210175794200, -43.83910731915755600, -69.54667224768952800 ) ) ;
#1656 = CARTESIAN_POINT ( 'NONE',  ( -486.0636594585003000, 35.42143494892818000, 841.0391834111972000 ) ) ;
#1657 = CARTESIAN_POINT ( 'NONE',  ( -977.9970575583958000, 32.06201920788370800, 87.52448106196229100 ) ) ;
#1658 = VERTEX_POINT ( 'NONE', #4571 ) ;
#1659 = CARTESIAN_POINT ( 'NONE',  ( -174.9318174288997100, 316.2765468372254000, 239.9999999999998900 ) ) ;
#1660 = ORIENTED_EDGE ( 'NONE', *, *, #2569, .F. ) ;
#1661 = CARTESIAN_POINT ( 'NONE',  ( -5.573319583618287100E-011, 125.2865895861860000, -134.8895438548556200 ) ) ;
#1662 = CARTESIAN_POINT ( 'NONE',  ( -711.3770716220201400, -8.305834493895018200, -795.9645586912503200 ) ) ;
#1663 = EDGE_CURVE ( 'NONE', #3111, #4710, #1785, .T. ) ;
#1664 = VERTEX_POINT ( 'NONE', #754 ) ;
#1665 = CARTESIAN_POINT ( 'NONE',  ( -968.9503913222583800, 3.043497464585239500, -70.38220901999631000 ) ) ;
#1666 = CARTESIAN_POINT ( 'NONE',  ( -1030.343600469184400, 30.64630033576477100, -33.94899772201335300 ) ) ;
#1667 = ORIENTED_EDGE ( 'NONE', *, *, #1165, .T. ) ;
#1668 = CARTESIAN_POINT ( 'NONE',  ( -905.1221017451927100, 21.51799301364455600, -107.5006255679073300 ) ) ;
#1669 = EDGE_LOOP ( 'NONE', ( #2080, #5923, #4587, #5197 ) ) ;
#1670 = CARTESIAN_POINT ( 'NONE',  ( -938.9155313115511500, -42.77269275231116600, 54.62162598948376800 ) ) ;
#1671 = CARTESIAN_POINT ( 'NONE',  ( -732.3766432495573300, 117.7103949458512800, -120.2730637531672500 ) ) ;
#1672 = CARTESIAN_POINT ( 'NONE',  ( -14.62674840205273200, 296.8509855691290200, -240.0000000000000000 ) ) ;
#1673 = DIRECTION ( 'NONE',  ( -0.0000000000000000000, -0.0000000000000000000, 1.000000000000000000 ) ) ;
#1674 = ORIENTED_EDGE ( 'NONE', *, *, #1048, .F. ) ;
#1675 = CARTESIAN_POINT ( 'NONE',  ( -69.98459362018928700, 290.9706957199376200, 240.0000000000000000 ) ) ;
#1676 = CARTESIAN_POINT ( 'NONE',  ( -715.2023944810608800, -26.62728409033207200, 756.8372120539908100 ) ) ;
#1677 = CARTESIAN_POINT ( 'NONE',  ( -699.9357711079586600, 26.52726969370716900, 887.6318544914248600 ) ) ;
#1678 = FACE_OUTER_BOUND ( 'NONE', #3793, .T. ) ;
#1679 = CARTESIAN_POINT ( 'NONE',  ( -765.2320709390952500, -48.39294002078080600, -59.57770858179857500 ) ) ;
#1680 = CARTESIAN_POINT ( 'NONE',  ( -715.9850009433510000, -31.47626474786343600, 710.0990008257663200 ) ) ;
#1681 = PRESENTATION_LAYER_ASSIGNMENT (  '', '', ( #3872 ) ) ;
#1682 = CARTESIAN_POINT ( 'NONE',  ( -171.5375396973463800, 318.0862147276890800, 138.9677005382411300 ) ) ;
#1683 = LINE ( 'NONE', #6757, #3396 ) ;
#1684 = DIRECTION ( 'NONE',  ( 0.7892556140292589200, 0.0000000000000000000, 0.6140647976584372400 ) ) ;
#1685 = CARTESIAN_POINT ( 'NONE',  ( -180.6446893338817000, 311.7375657185760400, 239.9999999999999700 ) ) ;
#1686 = CARTESIAN_POINT ( 'NONE',  ( -1009.934110109097100, 23.85787678726072500, -71.11996021954529100 ) ) ;
#1687 = CARTESIAN_POINT ( 'NONE',  ( -479.7270048121444000, 48.60183823377768400, 452.4167630832597000 ) ) ;
#1688 = CARTESIAN_POINT ( 'NONE',  ( -649.2818860900317800, -28.50211036837637500, -269.7590847208614400 ) ) ;
#1689 = B_SPLINE_CURVE_WITH_KNOTS ( 'NONE', 3,
 ( #6112, #1671, #5569, #6576, #3884, #3842, #6643, #3365, #3906, #3296, #6667, #1646, #4926, #1, #1196, #1124, #1806, #2903, #5649, #5609, #3471, #3430, #4029, #6196, #1766, #769, #1215, #180, #6682, #2863 ),
 .UNSPECIFIED., .F., .F.,
 ( 4, 2, 2, 2, 2, 2, 2, 2, 2, 2, 2, 2, 2, 2, 4 ),
 ( 0.0000000000000000000, 0.004847449131482279300, 0.007271173697223487800, 0.009694898262964695600, 0.01454234739444711300, 0.01696607196018830000, 0.01938979652592948800, 0.02423724565741190400, 0.02666097022315309600, 0.02908469478889428800, 0.03150841935463547700, 0.03393214392037666900, 0.03635586848611786100, 0.03756773076898845700, 0.03877959305185906000 ),
 .UNSPECIFIED. ) ;
#1690 = FACE_OUTER_BOUND ( 'NONE', #4388, .T. ) ;
#1691 = DIRECTION ( 'NONE',  ( 0.5223487729064102400, 0.02935633502662152900, 0.8522264752030249700 ) ) ;
#1692 = CARTESIAN_POINT ( 'NONE',  ( -308.7992690864780300, 140.4205989181335200, 650.0000000000000000 ) ) ;
#1693 = CARTESIAN_POINT ( 'NONE',  ( -14.62674840205313500, 296.8509855691290200, -239.9999999999998900 ) ) ;
#1694 = CARTESIAN_POINT ( 'NONE',  ( -936.2426474199610300, -43.18079297761296700, 51.65477885258131600 ) ) ;
#1695 = CARTESIAN_POINT ( 'NONE',  ( -133.7993754793504600, 277.2180419284787300, -140.2256393455074900 ) ) ;
#1696 = CARTESIAN_POINT ( 'NONE',  ( -367.9313192756203000, 108.1367673492333400, 593.0918799415275100 ) ) ;
#1697 = CARTESIAN_POINT ( 'NONE',  ( -413.4222416891277000, 71.91118529648213100, -453.0067876111058400 ) ) ;
#1698 = CYLINDRICAL_SURFACE ( 'NONE', #5785, 779.7862235890432900 ) ;
#1699 = CARTESIAN_POINT ( 'NONE',  ( -120.9556869216790900, 284.0293376245765600, 239.9999999999999400 ) ) ;
#1700 = CARTESIAN_POINT ( 'NONE',  ( -712.5683629720335800, -13.40050481669657900, 782.7399769619720500 ) ) ;
#1701 = ORIENTED_EDGE ( 'NONE', *, *, #3247, .T. ) ;
#1702 = CARTESIAN_POINT ( 'NONE',  ( -699.4652907510536600, 27.65803900239734900, 833.8913066434203100 ) ) ;
#1703 = CARTESIAN_POINT ( 'NONE',  ( -767.9218794635891100, -48.63005107376871900, -55.29454155089647600 ) ) ;
#1704 = CARTESIAN_POINT ( 'NONE',  ( -716.4850917178774800, -34.94053111857113000, 734.5280894563630900 ) ) ;
#1705 = CARTESIAN_POINT ( 'NONE',  ( -175.3323359687690600, 316.0397197962526000, 138.8412073291937100 ) ) ;
#1706 = EDGE_CURVE ( 'NONE', #4553, #3873, #1045, .T. ) ;
#1707 = ORIENTED_EDGE ( 'NONE', *, *, #2620, .F. ) ;
#1708 = LINE ( 'NONE', #429, #4597 ) ;
#1709 = VERTEX_POINT ( 'NONE', #210 ) ;
#1710 = CARTESIAN_POINT ( 'NONE',  ( -14.66240056954910100, 302.1694805144044300, 144.1968718425008000 ) ) ;
#1711 = AXIS2_PLACEMENT_3D ( 'NONE', #6620, #6743, #206 ) ;
#1712 = CARTESIAN_POINT ( 'NONE',  ( -716.1165668082969700, -32.35161321989311700, -713.2263547366669600 ) ) ;
#1713 = CARTESIAN_POINT ( 'NONE',  ( -876.8339315525036000, -49.73875740921825200, 68.07618960553509200 ) ) ;
#1714 = CARTESIAN_POINT ( 'NONE',  ( -965.8891114852145800, 3.343294459957147700, -72.82983621696747900 ) ) ;
#1715 = ORIENTED_EDGE ( 'NONE', *, *, #6661, .T. ) ;
#1716 = EDGE_CURVE ( 'NONE', #714, #315, #6141, .T. ) ;
#1717 = CARTESIAN_POINT ( 'NONE',  ( -349.6736071063727400, 107.1828946944040700, 593.9233850239708100 ) ) ;
#1718 = CARTESIAN_POINT ( 'NONE',  ( -258.7992690864780900, 39.92077323885214200, -680.0000000000000000 ) ) ;
#1719 = CARTESIAN_POINT ( 'NONE',  ( -939.7625624257729000, -42.64426500546687700, 56.43514527805754700 ) ) ;
#1720 = CARTESIAN_POINT ( 'NONE',  ( -73.76239284211298800, 285.2667621052817100, -142.2268721000820300 ) ) ;
#1721 = CARTESIAN_POINT ( 'NONE',  ( -184.6267484020527000, 296.8509855691290200, -239.9999999999998900 ) ) ;
#1722 = CARTESIAN_POINT ( 'NONE',  ( -258.7992690864780900, 213.7750709259654500, -655.0000000000000000 ) ) ;
#1723 = CARTESIAN_POINT ( 'NONE',  ( -16.69750752662574900, 300.6507974549490400, 239.9999999999999100 ) ) ;
#1724 = CARTESIAN_POINT ( 'NONE',  ( -714.7166064957500600, -23.86739600753436000, 703.2736449586426500 ) ) ;
#1725 = CARTESIAN_POINT ( 'NONE',  ( -765.2319403816557000, -48.39325871948484100, -60.05701238235653200 ) ) ;
#1726 = CARTESIAN_POINT ( 'NONE',  ( -698.2809127452565000, 30.47596816176637800, 651.3210212028083100 ) ) ;
#1727 = CARTESIAN_POINT ( 'NONE',  ( -938.1732235381845200, 6.057564429672670900, -53.54115432636972100 ) ) ;
#1728 = B_SPLINE_CURVE_WITH_KNOTS ( 'NONE', 3,
 ( #4705, #2056, #348, #5359, #3141, #2638, #5809 ),
 .UNSPECIFIED., .F., .F.,
 ( 4, 1, 1, 1, 4 ),
 ( 0.0000000000000000000, 0.2589260133111229700, 0.3846330574132687000, 0.7017031788224390400, 1.000000000000000000 ),
 .UNSPECIFIED. ) ;
#1729 = CARTESIAN_POINT ( 'NONE',  ( -930.3348619948177400, -44.05435725806798100, 49.73200771745348400 ) ) ;
#1730 = CARTESIAN_POINT ( 'NONE',  ( -701.7397361072576100, 22.00587766286809100, 903.8899010639748900 ) ) ;
#1731 = ORIENTED_EDGE ( 'NONE', *, *, #5740, .F. ) ;
#1732 = CARTESIAN_POINT ( 'NONE',  ( -720.5218967646291000, -42.84455594880270700, -62.35012099105503600 ) ) ;
#1733 = CARTESIAN_POINT ( 'NONE',  ( -714.4334567913792900, -22.35151290235786100, -689.5281498940804600 ) ) ;
#1734 = CARTESIAN_POINT ( 'NONE',  ( -703.2033814766762100, 18.14162567183366500, -900.7154000666510000 ) ) ;
#1735 = EDGE_CURVE ( 'NONE', #874, #2447, #1795, .T. ) ;
#1736 = CARTESIAN_POINT ( 'NONE',  ( -931.5052617981266400, -44.47907115696418900, 69.67580674372247500 ) ) ;
#1737 = CARTESIAN_POINT ( 'NONE',  ( -1028.516342764870800, 37.36330979880114000, -2.569557605813850700 ) ) ;
#1738 = CARTESIAN_POINT ( 'NONE',  ( -22.25934159426252600, 304.9231767022383800, 239.9999999999999100 ) ) ;
#1739 = CARTESIAN_POINT ( 'NONE',  ( -765.3912023925631700, 22.97843855784834200, 58.46287206442917000 ) ) ;
#1740 = CARTESIAN_POINT ( 'NONE',  ( -936.7776104563563400, -43.15898569638834200, 67.40310102392557200 ) ) ;
#1741 = ORIENTED_EDGE ( 'NONE', *, *, #3857, .T. ) ;
#1742 = CARTESIAN_POINT ( 'NONE',  ( -55.03643332311077800, 288.0460605790395300, -142.8510707507155900 ) ) ;
#1743 = CARTESIAN_POINT ( 'NONE',  ( -349.9923780584606400, 114.8995410430773500, 650.0000000000000000 ) ) ;
#1744 = CARTESIAN_POINT ( 'NONE',  ( -746.7448509121683200, -30.47469011177063400, 0.0000000000000000000 ) ) ;
#1745 = DIRECTION ( 'NONE',  ( 0.9427946626885517200, 0.3318894391366361600, 0.03142648875628400300 ) ) ;
#1746 = CARTESIAN_POINT ( 'NONE',  ( -715.7232881800608800, -29.78846813974604400, 738.9760712531842700 ) ) ;
#1747 = EDGE_LOOP ( 'NONE', ( #5930, #86, #3876, #6395 ) ) ;
#1748 = ORIENTED_EDGE ( 'NONE', *, *, #1331, .T. ) ;
#1749 = CARTESIAN_POINT ( 'NONE',  ( -766.4209805512816700, -48.50283976344351100, -62.99128550055069600 ) ) ;
#1750 = CARTESIAN_POINT ( 'NONE',  ( -708.4100917439677700, 2.494766357380484100, 663.6168219385232300 ) ) ;
#1751 = CARTESIAN_POINT ( 'NONE',  ( -939.3959258941949900, 5.937822847040990800, -55.53109701635084900 ) ) ;
#1752 = B_SPLINE_CURVE_WITH_KNOTS ( 'NONE', 3,
 ( #4443, #5002, #3371, #5548, #6089, #79, #3912 ),
 .UNSPECIFIED., .F., .F.,
 ( 4, 3, 4 ),
 ( -1.415265813151071900E-006, 0.0000000000000000000, 0.0002137561740321105000 ),
 .UNSPECIFIED. ) ;
#1753 = EDGE_LOOP ( 'NONE', ( #3717, #6820, #5391, #862, #3118 ) ) ;
#1754 = DIRECTION ( 'NONE',  ( 0.0000000000000000000, 0.0000000000000000000, -1.000000000000000000 ) ) ;
#1755 = CARTESIAN_POINT ( 'NONE',  ( -14.81864419211605900, 302.3744361083466300, 144.1916637217486800 ) ) ;
#1756 = ORIENTED_EDGE ( 'NONE', *, *, #2915, .T. ) ;
#1757 = CARTESIAN_POINT ( 'NONE',  ( -884.7415063156291800, -53.51484258437727000, -62.35018648539097800 ) ) ;
#1758 = CARTESIAN_POINT ( 'NONE',  ( -746.0077781887266600, 400.0000000000000000, -590.9171423417172900 ) ) ;
#1759 = CARTESIAN_POINT ( 'NONE',  ( -507.6681307504380200, 755.5131867469334600, 650.0000000000000000 ) ) ;
#1760 = EDGE_CURVE ( 'NONE', #6897, #3207, #6686, .T. ) ;
#1761 =( BOUNDED_SURFACE ( )  B_SPLINE_SURFACE ( 3, 2, ( 
 ( #2941, #814, #4630 ),
 ( #3001, #3027, #6957 ),
 ( #4762, #885, #5882 ),
 ( #406, #856, #6387 ) ),
 .UNSPECIFIED., .F., .F., .F. ) 
 B_SPLINE_SURFACE_WITH_KNOTS ( ( 4, 4 ),
 ( 3, 3 ),
 ( 1.668085743631926700, 1.728896870429625300 ),
 ( 0.0000000000000000000, 1.000000000000000000 ),
 .UNSPECIFIED. ) 
 GEOMETRIC_REPRESENTATION_ITEM ( )  RATIONAL_B_SPLINE_SURFACE ( (
 ( 1.000000000000000000, 0.7059617306419780900, 1.000000000000000000),
 ( 1.000000000000000000, 0.7057237181777710200, 1.000000000000000000),
 ( 1.000000000000000000, 0.7054862917972504200, 1.000000000000000000),
 ( 1.000000000000000000, 0.7052498927114204700, 1.000000000000000000) ) ) 
 REPRESENTATION_ITEM ( '' )  SURFACE ( )  );
#1762 = CARTESIAN_POINT ( 'NONE',  ( -1028.621193278236000, 37.28091074410640700, -4.215892156103568500 ) ) ;
#1763 = ADVANCED_FACE ( 'NONE', ( #300 ), #3185, .T. ) ;
#1764 = DIRECTION ( 'NONE',  ( -0.3923846148323821300, 0.0000000000000000000, 0.9198012361607497100 ) ) ;
#1765 = CARTESIAN_POINT ( 'NONE',  ( -766.4227271106299200, 22.87741936731695000, 56.48333299641491600 ) ) ;
#1766 = CARTESIAN_POINT ( 'NONE',  ( -739.4465614466836300, 139.4831827924559500, -98.55513196169515300 ) ) ;
#1767 = CIRCLE ( 'NONE', #1958, 49.99999999999998600 ) ;
#1768 = CARTESIAN_POINT ( 'NONE',  ( -522.5302361353224100, 7.940193362279938300, 210.4781246062557600 ) ) ;
#1769 = DIRECTION ( 'NONE',  ( 0.0000000000000000000, -1.000000000000000000, 0.0000000000000000000 ) ) ;
#1770 = CARTESIAN_POINT ( 'NONE',  ( -715.0990446314987100, -26.02676773071041400, 758.7704831737177100 ) ) ;
#1771 = VERTEX_POINT ( 'NONE', #2886 ) ;
#1772 = CYLINDRICAL_SURFACE ( 'NONE', #5750, 252.1184970328416200 ) ;
#1773 = CARTESIAN_POINT ( 'NONE',  ( -937.5132650405622600, 6.122195428859048300, -52.78409167543321000 ) ) ;
#1774 = B_SPLINE_CURVE_WITH_KNOTS ( 'NONE', 3,
 ( #1835, #3518, #2419, #239, #2375, #4063, #4622 ),
 .UNSPECIFIED., .F., .F.,
 ( 4, 1, 1, 1, 4 ),
 ( 0.0000000000000000000, 0.1490010684283051300, 0.3542303876842902700, 0.5841602856976757500, 1.000000000000000000 ),
 .UNSPECIFIED. ) ;
#1775 = EDGE_CURVE ( 'NONE', #6513, #2287, #5372, .T. ) ;
#1776 = CARTESIAN_POINT ( 'NONE',  ( -703.1307603362402000, 18.35582684053137100, 908.0558112440566000 ) ) ;
#1777 = VECTOR ( 'NONE', #2184, 1000.000000000000000 ) ;
#1778 = CARTESIAN_POINT ( 'NONE',  ( -893.9786244174313200, -57.24620595903248700, -312.7515720249604100 ) ) ;
#1779 = ORIENTED_EDGE ( 'NONE', *, *, #6220, .T. ) ;
#1780 = CARTESIAN_POINT ( 'NONE',  ( -707.8819249630495300, 4.250883286271411000, -662.4616314755269300 ) ) ;
#1781 = CARTESIAN_POINT ( 'NONE',  ( -934.8438756385440900, -44.47907115696418900, 68.67666249178779500 ) ) ;
#1782 = CARTESIAN_POINT ( 'NONE',  ( -698.8958601792633100, 29.01424993776193900, -881.6114283358408600 ) ) ;
#1783 = LINE ( 'NONE', #5255, #3048 ) ;
#1784 = CARTESIAN_POINT ( 'NONE',  ( -696.5525605907316700, 34.37610153710661400, 650.5168418292771500 ) ) ;
#1785 =( BOUNDED_CURVE ( )  B_SPLINE_CURVE ( 3, ( #6199, #4529, #6884, #5127 ),
 .UNSPECIFIED., .F., .F. ) 
 B_SPLINE_CURVE_WITH_KNOTS ( ( 4, 4 ),
 ( 4.222631012395130900, 4.712388980384686100 ),
 .UNSPECIFIED. ) 
 CURVE ( )  GEOMETRIC_REPRESENTATION_ITEM ( )  RATIONAL_B_SPLINE_CURVE ( ( 1.000000000000000000, 0.9801111140441746100, 0.9801111140441746100, 1.000000000000000000 ) ) 
 REPRESENTATION_ITEM ( '' )  );
#1786 = CARTESIAN_POINT ( 'NONE',  ( -919.9065705998654000, 67.66672058828675100, 99.16993440023743700 ) ) ;
#1787 = CARTESIAN_POINT ( 'NONE',  ( 465.9699137599472500, -201.6600000000000000, 1100.000000000000000 ) ) ;
#1788 = VERTEX_POINT ( 'NONE', #3671 ) ;
#1789 = CARTESIAN_POINT ( 'NONE',  ( -767.1164756236768200, 22.80947924722782400, -63.66232673394009100 ) ) ;
#1790 = FACE_OUTER_BOUND ( 'NONE', #6002, .T. ) ;
#1791 = CARTESIAN_POINT ( 'NONE',  ( -914.4850086205440200, 24.83539046244129600, -105.9576925624409700 ) ) ;
#1792 = CARTESIAN_POINT ( 'NONE',  ( -930.0000000000557100, -44.17288593644951100, -69.73844108900408400 ) ) ;
#1793 = CARTESIAN_POINT ( 'NONE',  ( -767.9204397518918800, -48.63586285047058800, -64.18196767848100100 ) ) ;
#1794 = EDGE_LOOP ( 'NONE', ( #7003, #63, #6345, #4302 ) ) ;
#1795 = B_SPLINE_CURVE_WITH_KNOTS ( 'NONE', 3,
 ( #4546, #5690, #2906, #2947, #6723, #5651, #6746, #6765, #162, #1792 ),
 .UNSPECIFIED., .F., .F.,
 ( 4, 2, 2, 2, 4 ),
 ( 0.0000000000000000000, 0.04011081744403362900, 0.06016622616605059300, 0.08022163488806757800, 0.1604432697761358200 ),
 .UNSPECIFIED. ) ;
#1796 = CARTESIAN_POINT ( 'NONE',  ( -658.0707898217590400, 71.86193051735821800, -650.0000000000000000 ) ) ;
#1797 = CARTESIAN_POINT ( 'NONE',  ( -1029.624234284731800, 36.30508039586155200, -12.17064020106210600 ) ) ;
#1798 = ORIENTED_EDGE ( 'NONE', *, *, #3461, .F. ) ;
#1799 = CARTESIAN_POINT ( 'NONE',  ( -5.573319583618285800E-011, 134.2190500977793300, -142.1188469631538000 ) ) ;
#1800 = CARTESIAN_POINT ( 'NONE',  ( -702.9667470642439200, 18.87204412824039700, -654.8869434670770000 ) ) ;
#1801 = CARTESIAN_POINT ( 'NONE',  ( -697.5665104487843600, 32.09754154055432500, -849.0225187142349300 ) ) ;
#1802 = CARTESIAN_POINT ( 'NONE',  ( -181.8981143456209700, 310.2058481173314100, 239.9999999999999700 ) ) ;
#1803 = CARTESIAN_POINT ( 'NONE',  ( -952.5872779812847300, 4.645968481834942500, -80.01390296336011000 ) ) ;
#1804 = CARTESIAN_POINT ( 'NONE',  ( -1038.145799342743400, 7.809641298080292900, -801.9693845669907000 ) ) ;
#1805 = CARTESIAN_POINT ( 'NONE',  ( -21.27528866826829200, 304.6858783678541200, 239.9999999999999100 ) ) ;
#1806 = CARTESIAN_POINT ( 'NONE',  ( -738.6411727530717100, 136.4814618256707200, -107.7344185162797000 ) ) ;
#1807 = CARTESIAN_POINT ( 'NONE',  ( -728.7181667712469600, 26.58015671864553700, 96.12481463768659800 ) ) ;
#1808 = CARTESIAN_POINT ( 'NONE',  ( -5.573319583618285800E-011, 119.9869196084536500, 119.5411502224856300 ) ) ;
#1809 = CARTESIAN_POINT ( 'NONE',  ( -765.1542559618690100, 23.42789570974004900, -59.50158609400679700 ) ) ;
#1810 = CARTESIAN_POINT ( 'NONE',  ( 465.9699137599472500, -201.6600000000000000, -1100.000000000000000 ) ) ;
#1811 = EDGE_LOOP ( 'NONE', ( #449, #360, #3516 ) ) ;
#1812 = ORIENTED_EDGE ( 'NONE', *, *, #679, .T. ) ;
#1813 = CARTESIAN_POINT ( 'NONE',  ( -1028.959636398235000, 36.99500496402765700, -7.354599042081169100 ) ) ;
#1814 = DIRECTION ( 'NONE',  ( 0.0000000000000000000, 1.000000000000000000, 0.0000000000000000000 ) ) ;
#1815 = DIRECTION ( 'NONE',  ( -1.000000000000000000, -2.610927889176040600E-016, -0.0000000000000000000 ) ) ;
#1816 = CARTESIAN_POINT ( 'NONE',  ( -537.1685768614268000, 34.37042218177539600, -837.5555771472535300 ) ) ;
#1817 = CARTESIAN_POINT ( 'NONE',  ( -180.5319822976842400, 311.8600884755529700, 239.9999999999999700 ) ) ;
#1818 = EDGE_CURVE ( 'NONE', #2498, #5044, #3398, .T. ) ;
#1819 = EDGE_LOOP ( 'NONE', ( #6, #111, #1812, #6547 ) ) ;
#1820 = CARTESIAN_POINT ( 'NONE',  ( -977.9970575583950000, 32.06201920788375000, -87.52448106196145300 ) ) ;
#1821 = CARTESIAN_POINT ( 'NONE',  ( -16.63518182673410800, 303.3258790918834500, 239.9999999999999100 ) ) ;
#1822 = ORIENTED_EDGE ( 'NONE', *, *, #5318, .T. ) ;
#1823 = ORIENTED_EDGE ( 'NONE', *, *, #2255, .F. ) ;
#1824 = CARTESIAN_POINT ( 'NONE',  ( -769.9175001465672500, 22.53516955303911800, -54.74786229370541700 ) ) ;
#1825 = CARTESIAN_POINT ( 'NONE',  ( -728.7444311317656200, 26.61849393224153800, 96.94719179652813100 ) ) ;
#1826 = CARTESIAN_POINT ( 'NONE',  ( -14.62674840205196200, 306.2533925417656600, 137.9225819429060500 ) ) ;
#1827 = VERTEX_POINT ( 'NONE', #5893 ) ;
#1828 = CARTESIAN_POINT ( 'NONE',  ( -675.5008561801989800, 74.22880941641467700, 650.0000000000000000 ) ) ;
#1829 = EDGE_CURVE ( 'NONE', #1982, #554, #2329, .T. ) ;
#1830 = ORIENTED_EDGE ( 'NONE', *, *, #5896, .T. ) ;
#1831 = CARTESIAN_POINT ( 'NONE',  ( -769.4025474927482300, 23.42789570974004900, -64.67269670123501200 ) ) ;
#1832 = CARTESIAN_POINT ( 'NONE',  ( -731.6650749195971500, 51.45330151029120500, -120.2949804880066000 ) ) ;
#1833 = VERTEX_POINT ( 'NONE', #1591 ) ;
#1834 = VECTOR ( 'NONE', #818, 1000.000000000000000 ) ;
#1835 = CARTESIAN_POINT ( 'NONE',  ( -721.1684343117491400, -36.89914864066234700, 0.0000000000000000000 ) ) ;
#1836 = CARTESIAN_POINT ( 'NONE',  ( -1013.365298382883600, 0.5106085589703939200, -27.07021943511348600 ) ) ;
#1837 = CARTESIAN_POINT ( 'NONE',  ( -928.3743774157546800, 25.60459821332584000, 102.9988923279262800 ) ) ;
#1838 = CARTESIAN_POINT ( 'NONE',  ( -1038.623791459362800, 20.76436957200486700, 17.44327277259140600 ) ) ;
#1839 = CARTESIAN_POINT ( 'NONE',  ( -184.2727288214809100, 305.1056473027252900, 240.0000000000000000 ) ) ;
#1840 = FACE_OUTER_BOUND ( 'NONE', #7014, .T. ) ;
#1841 = CARTESIAN_POINT ( 'NONE',  ( -956.3495459002957700, 4.277522381529189800, -78.20108010740655400 ) ) ;
#1842 = DIRECTION ( 'NONE',  ( -0.9427946626885517200, -0.3318894391366361600, -0.03142648875628401000 ) ) ;
#1843 = CARTESIAN_POINT ( 'NONE',  ( -40.37218765878517200, 308.4344121248697100, 239.9999999999999100 ) ) ;
#1844 = DIRECTION ( 'NONE',  ( 1.000000000000000000, 2.610927889176040600E-016, 0.0000000000000000000 ) ) ;
#1845 = CARTESIAN_POINT ( 'NONE',  ( -731.6540646862966900, 49.79378289806090400, 120.2952208315408700 ) ) ;
#1846 = CARTESIAN_POINT ( 'NONE',  ( -769.4400697952363500, 22.58192522140246400, 64.67925245660224200 ) ) ;
#1847 = CARTESIAN_POINT ( 'NONE',  ( -766.8722773087066600, 23.42789570974004900, -56.03015368265838700 ) ) ;
#1848 = CARTESIAN_POINT ( 'NONE',  ( -814.2250733321146800, 87.31717162511223800, 117.6034664767232300 ) ) ;
#1849 = LINE ( 'NONE', #2875, #4955 ) ;
#1850 = ADVANCED_FACE ( 'NONE', ( #4867 ), #807, .T. ) ;
#1851 =( BOUNDED_SURFACE ( )  B_SPLINE_SURFACE ( 3, 2, ( 
 ( #6876, #5333, #3240 ),
 ( #1557, #5390, #2687 ),
 ( #6460, #7062, #3213 ),
 ( #3267, #6517, #2111 ) ),
 .UNSPECIFIED., .F., .F., .T. ) 
 B_SPLINE_SURFACE_WITH_KNOTS ( ( 4, 4 ),
 ( 3, 3 ),
 ( 0.0000000000000000000, 0.006021198825662662500 ),
 ( 0.0000000000000000000, 1.000000000000000000 ),
 .UNSPECIFIED. ) 
 GEOMETRIC_REPRESENTATION_ITEM ( )  RATIONAL_B_SPLINE_SURFACE ( (
 ( 1.000000000000000000, 0.6199832514251334400, 1.000000000000000000),
 ( 1.000000000000000000, 0.6438433681745083800, 1.000000000000000000),
 ( 1.000000000000000000, 0.6675821344585352000, 1.000000000000000000),
 ( 1.000000000000000000, 0.6912717319805836700, 1.000000000000000000) ) ) 
 REPRESENTATION_ITEM ( '' )  SURFACE ( )  );
#1852 = ORIENTED_EDGE ( 'NONE', *, *, #3441, .T. ) ;
#1853 = EDGE_CURVE ( 'NONE', #2287, #552, #6069, .T. ) ;
#1854 = CARTESIAN_POINT ( 'NONE',  ( -930.8367096815013600, -43.98203245275650600, -49.74613427188965900 ) ) ;
#1855 = VECTOR ( 'NONE', #2982, 1000.000000000000100 ) ;
#1856 = CARTESIAN_POINT ( 'NONE',  ( -1016.963006342031200, 0.3084150712954197800, -4.276171841484506700 ) ) ;
#1857 = CARTESIAN_POINT ( 'NONE',  ( -981.2416451013323200, 2.315978413157138100, 86.47034063726908900 ) ) ;
#1858 = CARTESIAN_POINT ( 'NONE',  ( -1038.145799342743400, -32.11215725859807400, -859.4693845669907000 ) ) ;
#1859 = CARTESIAN_POINT ( 'NONE',  ( -344.9798420320378200, 113.8747192612501500, 650.0000000000000000 ) ) ;
#1860 = CARTESIAN_POINT ( 'NONE',  ( -1038.145799342743400, -32.11215725859807400, 859.4693845669907000 ) ) ;
#1861 = ORIENTED_EDGE ( 'NONE', *, *, #1110, .T. ) ;
#1862 = FACE_OUTER_BOUND ( 'NONE', #1347, .T. ) ;
#1863 = CARTESIAN_POINT ( 'NONE',  ( -736.7074765592549300, 130.4192903715942000, 115.0506835282282900 ) ) ;
#1864 = ORIENTED_EDGE ( 'NONE', *, *, #5633, .T. ) ;
#1865 = ADVANCED_FACE ( 'NONE', ( #1790 ), #6924, .F. ) ;
#1866 = CARTESIAN_POINT ( 'NONE',  ( -896.2328090448197600, 59.48752152116555400, 109.7963367075833900 ) ) ;
#1867 = CARTESIAN_POINT ( 'NONE',  ( -122.6711694559013200, 320.1934026928188400, 239.9999999999999100 ) ) ;
#1868 = CARTESIAN_POINT ( 'NONE',  ( -770.0781440828610600, 22.51943738479927100, -64.73844108900408400 ) ) ;
#1869 = CARTESIAN_POINT ( 'NONE',  ( -1022.781778832338100, 22.19287556238583600, 54.60689074272178100 ) ) ;
#1870 = CARTESIAN_POINT ( 'NONE',  ( -588.2786556008458100, 35.46265105702003200, -841.1230217803778300 ) ) ;
#1871 = CARTESIAN_POINT ( 'NONE',  ( -769.9169775291858300, 22.53522073395985000, 64.73158886998182000 ) ) ;
#1872 = ORIENTED_EDGE ( 'NONE', *, *, #5062, .F. ) ;
#1873 = CARTESIAN_POINT ( 'NONE',  ( -182.3047893437291400, 309.6131233029224700, 138.6087922166949800 ) ) ;
#1874 = CARTESIAN_POINT ( 'NONE',  ( -767.9768119110273100, -49.25061185733253700, -64.22119555543962100 ) ) ;
#1875 = CARTESIAN_POINT ( 'NONE',  ( -184.3653661889754600, 299.3241604478898200, 240.0000000000000300 ) ) ;
#1876 = EDGE_CURVE ( 'NONE', #1445, #1664, #6999, .T. ) ;
#1877 = DIRECTION ( 'NONE',  ( -0.9198012361607497100, 0.0000000000000000000, -0.3923846148323820700 ) ) ;
#1878 = CARTESIAN_POINT ( 'NONE',  ( -1065.985259395874000, -2.446666895098622300, -28.49624214907534600 ) ) ;
#1879 = CARTESIAN_POINT ( 'NONE',  ( -970.4037882827204800, 2.925072896146061000, 68.60026894045719800 ) ) ;
#1880 = DIRECTION ( 'NONE',  ( -0.0000000000000000000, -0.0000000000000000000, -1.000000000000000000 ) ) ;
#1881 = CARTESIAN_POINT ( 'NONE',  ( -974.7195593237231600, -41.14360454799239600, -312.7510206763798200 ) ) ;
#1882 = CARTESIAN_POINT ( 'NONE',  ( -970.5218452665625400, -46.52138065281850000, -62.35021923255894900 ) ) ;
#1883 = CARTESIAN_POINT ( 'NONE',  ( -929.9999970323414100, 6.857984149325563500, 49.73844108900586700 ) ) ;
#1884 = CARTESIAN_POINT ( 'NONE',  ( -738.9556303598669700, 137.5433357310170100, 105.5667516109170400 ) ) ;
#1885 = CARTESIAN_POINT ( 'NONE',  ( -69.46087867138932400, 312.9533644339122100, 239.9999999999999400 ) ) ;
#1886 = EDGE_LOOP ( 'NONE', ( #6694, #1798, #3121, #5987 ) ) ;
#1887 = CARTESIAN_POINT ( 'NONE',  ( -857.8954111923269500, 80.63858841612012900, -113.3730292929490300 ) ) ;
#1888 = CARTESIAN_POINT ( 'NONE',  ( -698.0322221400937200, 31.03939465655171000, -889.7954423241926600 ) ) ;
#1889 = CARTESIAN_POINT ( 'NONE',  ( -14.62674840205269600, 302.0000000000000600, 239.9999999999999100 ) ) ;
#1890 = CARTESIAN_POINT ( 'NONE',  ( -15.30291464681121000, 301.1726474192224100, 239.9999999999999100 ) ) ;
#1891 = ORIENTED_EDGE ( 'NONE', *, *, #3047, .F. ) ;
#1892 = CARTESIAN_POINT ( 'NONE',  ( -769.1331191352833200, -49.25061185733253700, -64.61942433100706800 ) ) ;
#1893 = CARTESIAN_POINT ( 'NONE',  ( -770.0781440828610600, 22.51943738479927100, -64.73844108900408400 ) ) ;
#1894 = CARTESIAN_POINT ( 'NONE',  ( -920.3040779020315100, 72.40355017324031900, -93.56937122821923900 ) ) ;
#1895 = VERTEX_POINT ( 'NONE', #398 ) ;
#1896 = CARTESIAN_POINT ( 'NONE',  ( -1016.557933676294400, 0.3311804141128889000, 11.10828918279530000 ) ) ;
#1897 = EDGE_LOOP ( 'NONE', ( #4659, #3480, #3598 ) ) ;
#1898 = CARTESIAN_POINT ( 'NONE',  ( -931.6745358331172600, 6.693993358600903500, 69.65518124840765800 ) ) ;
#1899 = CARTESIAN_POINT ( 'NONE',  ( -952.3915814403646900, 3.937370436140809700, 96.23875389163082200 ) ) ;
#1900 = CARTESIAN_POINT ( 'NONE',  ( -1040.187294363584700, 20.33780403916246700, -4.382811095108404900 ) ) ;
#1901 = CARTESIAN_POINT ( 'NONE',  ( -802.4590550235913000, 19.34831278195660800, 93.71200958795857600 ) ) ;
#1902 = VERTEX_POINT ( 'NONE', #935 ) ;
#1903 = CARTESIAN_POINT ( 'NONE',  ( -1010.770888261455400, 44.18107518335121100, -40.13221785015784300 ) ) ;
#1904 = VERTEX_POINT ( 'NONE', #5854 ) ;
#1905 = CARTESIAN_POINT ( 'NONE',  ( 3.914545949255123300, 375.1674090797846500, 144.8161033931276300 ) ) ;
#1906 = CARTESIAN_POINT ( 'NONE',  ( -721.0375125829706300, -43.02027741034838500, -20.83333333333332900 ) ) ;
#1907 = CARTESIAN_POINT ( 'NONE',  ( -52.25091995062634000, 310.3821335489369100, 239.9999999999999400 ) ) ;
#1908 = CARTESIAN_POINT ( 'NONE',  ( -697.5234109837492700, 32.20112262272540700, -887.2496371014584600 ) ) ;
#1909 = CARTESIAN_POINT ( 'NONE',  ( -769.9168439514658100, -48.80627692409212400, 64.73158319074023800 ) ) ;
#1910 = EDGE_CURVE ( 'NONE', #1554, #5913, #3908, .T. ) ;
#1911 = CARTESIAN_POINT ( 'NONE',  ( -151.0286268881636100, 322.9636666001189300, 139.6513309652331100 ) ) ;
#1912 = DIRECTION ( 'NONE',  ( 0.08642731099797242000, 0.0000000000000000000, -0.9962581592708085200 ) ) ;
#1913 = CARTESIAN_POINT ( 'NONE',  ( -940.3996574009174800, 6.041024066441117700, 85.87891004251237300 ) ) ;
#1914 = CARTESIAN_POINT ( 'NONE',  ( -857.4257995106256700, 79.18810568218305000, 113.8766671569789500 ) ) ;
#1915 = LINE ( 'NONE', #3319, #5949 ) ;
#1916 = ADVANCED_FACE ( 'NONE', ( #2115 ), #2803, .T. ) ;
#1917 = CARTESIAN_POINT ( 'NONE',  ( -1016.760773955059900, 0.3197806607504014000, 8.550177343583840200 ) ) ;
#1918 = ORIENTED_EDGE ( 'NONE', *, *, #43, .F. ) ;
#1919 = CARTESIAN_POINT ( 'NONE',  ( -930.1678587455927500, 6.841545130369547100, 69.74125305616105700 ) ) ;
#1920 = CARTESIAN_POINT ( 'NONE',  ( -982.2282641612763400, 22.70718134907223300, 86.07764387390508900 ) ) ;
#1921 = CARTESIAN_POINT ( 'NONE',  ( -5.573319583618285800E-011, 137.3064572309340600, 143.3781423722967600 ) ) ;
#1922 = CARTESIAN_POINT ( 'NONE',  ( -184.6267484020527300, 302.0000000000000600, 138.5313935814176000 ) ) ;
#1923 = CARTESIAN_POINT ( 'NONE',  ( -288.7992690864781500, 213.7750709259654800, -655.0000000000000000 ) ) ;
#1924 = CARTESIAN_POINT ( 'NONE',  ( -732.3766432495616500, 117.7103949458474300, 120.2730637531679200 ) ) ;
#1925 = ADVANCED_FACE ( 'NONE', ( #669 ), #3729, .F. ) ;
#1926 = CIRCLE ( 'NONE', #4525, 30.00000000000000000 ) ;
#1927 = CARTESIAN_POINT ( 'NONE',  ( -938.6127376900055900, -44.47907115696418900, 54.03636266494690000 ) ) ;
#1928 = CARTESIAN_POINT ( 'NONE',  ( -64.93640800569737300, 312.2922445532871100, 239.9999999999999700 ) ) ;
#1929 = ORIENTED_EDGE ( 'NONE', *, *, #966, .T. ) ;
#1930 = CARTESIAN_POINT ( 'NONE',  ( -349.7802306235590200, 85.78377495892824800, -882.4973492124208900 ) ) ;
#1931 = CARTESIAN_POINT ( 'NONE',  ( -696.2101435935197700, 35.13503687897489400, -839.8260614358888500 ) ) ;
#1932 = DIRECTION ( 'NONE',  ( 1.000000000000000000, 2.610927889176040600E-016, 0.0000000000000000000 ) ) ;
#1933 = CARTESIAN_POINT ( 'NONE',  ( -178.6273940560911600, 313.6879570088198100, 138.7313720596228600 ) ) ;
#1934 = ORIENTED_EDGE ( 'NONE', *, *, #6661, .F. ) ;
#1935 = FACE_OUTER_BOUND ( 'NONE', #5229, .T. ) ;
#1936 = CARTESIAN_POINT ( 'NONE',  ( -594.8326090302857700, -18.90785067022326200, -123.2997772557765300 ) ) ;
#1937 = CARTESIAN_POINT ( 'NONE',  ( -946.6323550810456000, 5.229145482369199600, 82.69788485976980000 ) ) ;
#1938 = CARTESIAN_POINT ( 'NONE',  ( -857.1856712145763600, 78.45652726458470700, 114.0905180219930500 ) ) ;
#1939 = VECTOR ( 'NONE', #2269, 1000.000000000000000 ) ;
#1940 = CARTESIAN_POINT ( 'NONE',  ( -715.1825058820330700, -26.51366152169536500, -710.9541609990234300 ) ) ;
#1941 = EDGE_CURVE ( 'NONE', #4157, #2498, #2891, .T. ) ;
#1942 = CARTESIAN_POINT ( 'NONE',  ( -1069.556466115092000, -2.647370996161339200, 26.07400306707039000 ) ) ;
#1943 = VERTEX_POINT ( 'NONE', #1474 ) ;
#1944 = CARTESIAN_POINT ( 'NONE',  ( -939.5355527361059600, 5.924148923092254800, 55.81786989406441500 ) ) ;
#1945 = CARTESIAN_POINT ( 'NONE',  ( -857.1713823684199300, 37.57025470517032800, -114.7040930939343000 ) ) ;
#1946 = CARTESIAN_POINT ( 'NONE',  ( -5.573319583618287100E-011, 139.6968458551434700, 144.0493452577863100 ) ) ;
#1947 = CARTESIAN_POINT ( 'NONE',  ( -530.2061565769819300, -7.705684670995867500, 0.0000000000000000000 ) ) ;
#1948 = CARTESIAN_POINT ( 'NONE',  ( -671.3575007273856300, 70.55309843744765900, -650.0000000000000000 ) ) ;
#1949 = CARTESIAN_POINT ( 'NONE',  ( -182.3047893437291700, 309.6131233029223000, 138.6087922166950600 ) ) ;
#1950 = CARTESIAN_POINT ( 'NONE',  ( -930.5701785369145700, 7.164169369840226200, 49.73564145465413600 ) ) ;
#1951 = ORIENTED_EDGE ( 'NONE', *, *, #2015, .T. ) ;
#1952 = ADVANCED_FACE ( 'NONE', ( #2025 ), #5180, .T. ) ;
#1953 = CARTESIAN_POINT ( 'NONE',  ( -145.3272261864371400, 322.9080089123505100, 240.0000000000000300 ) ) ;
#1954 = CARTESIAN_POINT ( 'NONE',  ( -861.6342496577638000, 96.68124017129572700, -89.96129063427129300 ) ) ;
#1955 = CARTESIAN_POINT ( 'NONE',  ( -695.3416348114152500, 37.02201374066154900, -848.1268445516914200 ) ) ;
#1956 = DIRECTION ( 'NONE',  ( -0.9448755606252674500, -0.05310261065962539100, -0.3230948586316700900 ) ) ;
#1957 = CARTESIAN_POINT ( 'NONE',  ( -51.26416533576680500, 293.7804991269703100, 142.9768130169602200 ) ) ;
#1958 = AXIS2_PLACEMENT_3D ( 'NONE', #2169, #5449, #1055 ) ;
#1959 = CARTESIAN_POINT ( 'NONE',  ( -163.1726145640998900, 342.5587885958989900, 136.2845929364768300 ) ) ;
#1960 = PLANE ( 'NONE',  #5406 ) ;
#1961 = CARTESIAN_POINT ( 'NONE',  ( -729.6117968539346100, 31.66068935763134800, -110.5867406318771600 ) ) ;
#1962 = CARTESIAN_POINT ( 'NONE',  ( -180.7610360278521300, 292.3912205018231700, 239.9999999999999400 ) ) ;
#1963 = CARTESIAN_POINT ( 'NONE',  ( -706.0304719207886100, 10.10401156681142100, 803.5623478310377500 ) ) ;
#1964 = CARTESIAN_POINT ( 'NONE',  ( -910.5689120358646300, 23.77179244657308000, 106.7507700138742200 ) ) ;
#1965 = CARTESIAN_POINT ( 'NONE',  ( -918.2231727208904900, 76.76039560137721200, 81.39884599997316200 ) ) ;
#1966 = CARTESIAN_POINT ( 'NONE',  ( -23.35758690175210400, 300.0327381020625800, -143.9070322980940900 ) ) ;
#1967 = CARTESIAN_POINT ( 'NONE',  ( -1016.985411483050400, 0.3071558880443150400, 3.425973646238266400 ) ) ;
#1968 = DIRECTION ( 'NONE',  ( 1.000000000000000000, 2.610927889176040600E-016, 0.0000000000000000000 ) ) ;
#1969 = CARTESIAN_POINT ( 'NONE',  ( -5.573319583618286500E-011, 125.2726607911080500, 134.9547098992553100 ) ) ;
#1970 = CARTESIAN_POINT ( 'NONE',  ( -453.4158454910860300, 42.20061651864961800, -209.4169311968550700 ) ) ;
#1971 = CARTESIAN_POINT ( 'NONE',  ( -930.0000000000558200, 7.164169077462492700, -49.73844108900407000 ) ) ;
#1972 = EDGE_LOOP ( 'NONE', ( #6778, #970, #2167 ) ) ;
#1973 = CARTESIAN_POINT ( 'NONE',  ( -397.3082590947186600, 37.73216465316829700, 864.9159622937936500 ) ) ;
#1974 = ORIENTED_EDGE ( 'NONE', *, *, #5505, .F. ) ;
#1975 = CARTESIAN_POINT ( 'NONE',  ( -739.4465614466386100, 139.4831827924648500, 98.55513196174605600 ) ) ;
#1976 = CARTESIAN_POINT ( 'NONE',  ( -765.2977992004166500, 23.42730997547047500, 58.77309521595193300 ) ) ;
#1977 = DIRECTION ( 'NONE',  ( 1.000000000000000000, 0.0000000000000000000, 0.0000000000000000000 ) ) ;
#1978 = CARTESIAN_POINT ( 'NONE',  ( -146.5490484039569600, 322.9672979866980400, 239.9999999999999400 ) ) ;
#1979 = CARTESIAN_POINT ( 'NONE',  ( -729.5885947223564500, 26.48465647974862900, 120.3397264064608500 ) ) ;
#1980 = CARTESIAN_POINT ( 'NONE',  ( -701.7397361072578400, 22.00587766286809500, -903.8899010639747800 ) ) ;
#1981 = DIRECTION ( 'NONE',  ( 0.0000000000000000000, 0.0000000000000000000, -1.000000000000000000 ) ) ;
#1982 = VERTEX_POINT ( 'NONE', #3258 ) ;
#1983 = CARTESIAN_POINT ( 'NONE',  ( -179.5242156581896600, 291.0987813759614400, 138.7014780062130200 ) ) ;
#1984 = ORIENTED_EDGE ( 'NONE', *, *, #368, .F. ) ;
#1985 = CARTESIAN_POINT ( 'NONE',  ( -157.8438615995675600, 322.1990988914044500, 139.4241564748206800 ) ) ;
#1986 = ORIENTED_EDGE ( 'NONE', *, *, #5535, .F. ) ;
#1987 = DIRECTION ( 'NONE',  ( 0.0000000000000000000, 0.0000000000000000000, 1.000000000000000000 ) ) ;
#1988 = CARTESIAN_POINT ( 'NONE',  ( -320.2242704645747200, 31.03790201622271600, -889.6698814765889000 ) ) ;
#1989 = CARTESIAN_POINT ( 'NONE',  ( -905.1222013991415500, 21.51793680938604700, 107.5005916618316500 ) ) ;
#1990 = CARTESIAN_POINT ( 'NONE',  ( -171.0948005338868500, 285.7487111518743700, 239.9999999999999700 ) ) ;
#1991 = EDGE_CURVE ( 'NONE', #6357, #6588, #1205, .T. ) ;
#1992 = ORIENTED_EDGE ( 'NONE', *, *, #4530, .F. ) ;
#1993 = CARTESIAN_POINT ( 'NONE',  ( -695.5826614938780500, 36.50386896739137700, 845.3312726717040300 ) ) ;
#1994 = ADVANCED_FACE ( 'NONE', ( #2434, #215 ), #1009, .T. ) ;
#1995 = CARTESIAN_POINT ( 'NONE',  ( -919.6200559824820900, 75.95733513052448400, -85.03501931317170200 ) ) ;
#1996 = EDGE_LOOP ( 'NONE', ( #6252, #5672, #587, #3278, #6115, #6736 ) ) ;
#1997 = CARTESIAN_POINT ( 'NONE',  ( -1014.338703942335300, 0.4559025441346611900, 23.81880109469929300 ) ) ;
#1998 = AXIS2_PLACEMENT_3D ( 'NONE', #891, #1932, #2559 ) ;
#1999 = ORIENTED_EDGE ( 'NONE', *, *, #4313, .F. ) ;
#2000 = CARTESIAN_POINT ( 'NONE',  ( -936.2472487161973000, 6.246178831337871900, 51.67813514214771000 ) ) ;
#2001 = CARTESIAN_POINT ( 'NONE',  ( -1534.030086240052700, -201.6600000000000000, -1100.000000000000000 ) ) ;
#2002 = CARTESIAN_POINT ( 'NONE',  ( -5.573319583618285200E-011, 130.6860349119247400, 140.0364662091884300 ) ) ;
#2003 = CARTESIAN_POINT ( 'NONE',  ( -349.6736071063727400, 107.1828946944040700, -593.9233850239708100 ) ) ;
#2004 = CARTESIAN_POINT ( 'NONE',  ( -937.3290874831515100, -44.47907115522036000, -52.50820983342592300 ) ) ;
#2005 = VECTOR ( 'NONE', #2833, 1000.000000000000000 ) ;
#2006 = CARTESIAN_POINT ( 'NONE',  ( -1047.477910732810900, -1.406542066656857800, -41.11107544424899600 ) ) ;
#2007 = CARTESIAN_POINT ( 'NONE',  ( -132.6397343207079000, 321.4833258926947200, 240.0000000000000300 ) ) ;
#2008 = DIRECTION ( 'NONE',  ( 1.489041960538560700E-016, -0.5703114079525475300, 0.8214285714285709500 ) ) ;
#2009 = CARTESIAN_POINT ( 'NONE',  ( -731.8165205886452900, 51.46764385215429600, 120.2917345085317900 ) ) ;
#2010 = CARTESIAN_POINT ( 'NONE',  ( -978.2096096027627300, 55.64353348873437700, 63.86921591008125200 ) ) ;
#2011 = LINE ( 'NONE', #1376, #2193 ) ;
#2012 = CARTESIAN_POINT ( 'NONE',  ( -174.9412196443271100, 287.7202865570984600, 138.8542445400083800 ) ) ;
#2013 = CARTESIAN_POINT ( 'NONE',  ( -175.6878784248488900, 315.8203051375761600, 138.8293559140423700 ) ) ;
#2014 = CARTESIAN_POINT ( 'NONE',  ( -363.3325037834424100, 141.9740899135819600, -509.3156103644660700 ) ) ;
#2015 = EDGE_CURVE ( 'NONE', #6946, #2779, #4665, .T. ) ;
#2016 = CARTESIAN_POINT ( 'NONE',  ( -258.7992690864780900, 213.7750709259654500, -655.0000000000000000 ) ) ;
#2017 = CARTESIAN_POINT ( 'NONE',  ( -916.2477624510814800, 14.89347150210620900, 102.0206597847057400 ) ) ;
#2018 = CARTESIAN_POINT ( 'NONE',  ( -178.7729991276309800, 290.4569722285634700, 240.0000000000000000 ) ) ;
#2019 = CARTESIAN_POINT ( 'NONE',  ( -713.2204987656749600, -16.34585163904514400, -778.6711290551037300 ) ) ;
#2020 = CARTESIAN_POINT ( 'NONE',  ( -913.6484567176597700, 24.53956222038225500, 106.1295107039039200 ) ) ;
#2021 = CARTESIAN_POINT ( 'NONE',  ( -146.2351507591168300, 281.0468230065113200, 240.0000000000000600 ) ) ;
#2022 = DIRECTION ( 'NONE',  ( 2.610927889176040600E-016, -1.000000000000000000, 0.0000000000000000000 ) ) ;
#2023 = CARTESIAN_POINT ( 'NONE',  ( -1041.968231293425100, -1.096894559296384400, 44.79725054172141800 ) ) ;
#2024 = CARTESIAN_POINT ( 'NONE',  ( -530.2020976964985300, 0.2943142993471378200, 0.0000000000000000000 ) ) ;
#2025 = FACE_OUTER_BOUND ( 'NONE', #542, .T. ) ;
#2026 = CARTESIAN_POINT ( 'NONE',  ( -695.5843349840687300, 36.51885392560832600, 655.1866403148553700 ) ) ;
#2027 = CARTESIAN_POINT ( 'NONE',  ( -979.7195593237235000, -49.80385858583706200, -312.7510206763798200 ) ) ;
#2028 = CARTESIAN_POINT ( 'NONE',  ( -930.5784960259366000, -44.47907115522036000, -69.74646357959615300 ) ) ;
#2029 = ORIENTED_EDGE ( 'NONE', *, *, #3306, .T. ) ;
#2030 = LINE ( 'NONE', #1194, #504 ) ;
#2031 = CARTESIAN_POINT ( 'NONE',  ( -767.7871077613997400, -49.25060836388760100, 55.36989855253367700 ) ) ;
#2032 = CARTESIAN_POINT ( 'NONE',  ( -1022.810939723573600, 22.21332049753442200, -54.56941033803762800 ) ) ;
#2033 = CARTESIAN_POINT ( 'NONE',  ( -142.3769625450480000, 322.6776494057855900, 240.0000000000000000 ) ) ;
#2034 = DIRECTION ( 'NONE',  ( 1.000000000000000000, -9.251858538542963900E-016, -0.0000000000000000000 ) ) ;
#2035 = ORIENTED_EDGE ( 'NONE', *, *, #4188, .T. ) ;
#2036 = CARTESIAN_POINT ( 'NONE',  ( -430.7025088389766000, 75.61589682705786700, -650.0000000000000000 ) ) ;
#2037 = CARTESIAN_POINT ( 'NONE',  ( -982.8162755924973900, 30.82403548821886100, 85.87657668774734500 ) ) ;
#2038 = CARTESIAN_POINT ( 'NONE',  ( -182.2875675152586200, 294.3480503545145000, 138.6093662776440600 ) ) ;
#2039 = CARTESIAN_POINT ( 'NONE',  ( -1012.809502501466100, 43.46342736086183600, -37.02459158161067900 ) ) ;
#2040 = CARTESIAN_POINT ( 'NONE',  ( -969.8308515967182800, 2.957272304234565200, 68.79590352574993500 ) ) ;
#2041 = DIRECTION ( 'NONE',  ( 0.0000000000000000000, 1.000000000000000000, 0.0000000000000000000 ) ) ;
#2042 = CARTESIAN_POINT ( 'NONE',  ( -183.7185104476753600, 297.1073924630163700, 239.9999999999998900 ) ) ;
#2043 = CARTESIAN_POINT ( 'NONE',  ( -705.2947548227964500, 12.28346365191153700, 805.2782046143432800 ) ) ;
#2044 = CARTESIAN_POINT ( 'NONE',  ( -916.2188226148689400, 53.05136739624617800, 105.5957882377810400 ) ) ;
#2045 = VERTEX_POINT ( 'NONE', #3824 ) ;
#2046 = CARTESIAN_POINT ( 'NONE',  ( -139.7230099870906200, 281.6136874420195700, 239.9999999999999400 ) ) ;
#2047 = CARTESIAN_POINT ( 'NONE',  ( -497.9837345322556500, 56.56828094207282500, -576.1409615043545500 ) ) ;
#2048 = CARTESIAN_POINT ( 'NONE',  ( -1030.854927684089300, 32.59791517991081400, 27.78975480105242800 ) ) ;
#2049 = CARTESIAN_POINT ( 'NONE',  ( -393.8887080982341300, 87.29250983550710400, -509.9464644161665200 ) ) ;
#2050 = CARTESIAN_POINT ( 'NONE',  ( -878.6136927637468300, 11.89034330751578500, -114.2475637360634600 ) ) ;
#2051 = CARTESIAN_POINT ( 'NONE',  ( -5.573319583618285800E-011, 400.0000000000000000, -119.9484447048561200 ) ) ;
#2052 = CARTESIAN_POINT ( 'NONE',  ( -769.6491714209065500, -49.25061185733253700, -64.70788681387864500 ) ) ;
#2053 = CARTESIAN_POINT ( 'NONE',  ( -930.5722778169612200, -44.47907115522036000, -49.73579614213221600 ) ) ;
#2054 = CARTESIAN_POINT ( 'NONE',  ( -368.6054849820612800, 36.19501099193929900, 874.8889110469950800 ) ) ;
#2055 = CARTESIAN_POINT ( 'NONE',  ( -770.0781411151467600, 23.42730997547047500, 54.73844108899106000 ) ) ;
#2056 = CARTESIAN_POINT ( 'NONE',  ( -328.9042016454120000, 142.3159073641449800, -595.8288105596224100 ) ) ;
#2057 = CARTESIAN_POINT ( 'NONE',  ( -131.7211751062305000, 321.3648448771398900, 239.9999999999999400 ) ) ;
#2058 = EDGE_CURVE ( 'NONE', #6855, #6860, #1752, .T. ) ;
#2059 = CARTESIAN_POINT ( 'NONE',  ( -729.2237219807190100, 26.52037872229106700, 120.3472399958995400 ) ) ;
#2060 = CARTESIAN_POINT ( 'NONE',  ( -329.1019792854339100, 32.84907196829225700, 885.8826759159538800 ) ) ;
#2061 = B_SPLINE_CURVE_WITH_KNOTS ( 'NONE', 3,
 ( #6567, #7066, #1046, #1662, #3270, #4919, #4375, #7109, #5488, #2209, #5960, #6590, #3855, #588, #6495, #3216, #7040, #485, #4872, #1588, #2691, #68, #4470, #6659, #4493, #3384, #683, #5532, #1712, #3335, #2781, #5013, #6101, #6611, #702, #4450, #1733, #3404, #5060, #2252, #4515, #2315, #3899, #41, #6079, #6632, #612, #1780, #633, #1246, #1210, #113, #1800, #2299, #658, #5079, #1185, #5034 ),
 .UNSPECIFIED., .F., .F.,
 ( 4, 2, 2, 2, 2, 2, 2, 2, 2, 2, 2, 2, 2, 2, 2, 2, 2, 2, 2, 2, 2, 2, 2, 2, 2, 2, 2, 2, 4 ),
 ( 0.0000000000000000000, 0.01287592112232355600, 0.02575184224464711200, 0.02897082252522791300, 0.03218980280580871500, 0.03862776336697036600, 0.05150368448929361400, 0.05472266476987466800, 0.05794164505045571600, 0.06437960561161748500, 0.07725552673394131500, 0.08369348729510324400, 0.09013144785626517300, 0.1030073689785890200, 0.1094453295397509600, 0.1126643098203317800, 0.1158832901009126000, 0.1287592112232358600, 0.1351971717843973300, 0.1384161520649779300, 0.1416351323455585200, 0.1545110534678806900, 0.1673869745902028200, 0.1706059548707834500, 0.1738249351513640700, 0.1802628957125251800, 0.1931388168348473500, 0.1995767773960084600, 0.2060147379571695700 ),
 .UNSPECIFIED. ) ;
#2062 =( BOUNDED_CURVE ( )  B_SPLINE_CURVE ( 3, ( #4104, #3070, #2460, #2535 ),
 .UNSPECIFIED., .F., .F. ) 
 B_SPLINE_CURVE_WITH_KNOTS ( ( 4, 4 ),
 ( 4.192094400408548100, 4.266305409393361000 ),
 .UNSPECIFIED. ) 
 CURVE ( )  GEOMETRIC_REPRESENTATION_ITEM ( )  RATIONAL_B_SPLINE_CURVE ( ( 1.000000000000000000, 0.9995411131660680800, 0.9995411131660680800, 1.000000000000000000 ) ) 
 REPRESENTATION_ITEM ( '' )  );
#2063 = CARTESIAN_POINT ( 'NONE',  ( -491.9358619908306900, 10.55433085830978400, 0.0000000000000000000 ) ) ;
#2064 = VERTEX_POINT ( 'NONE', #1085 ) ;
#2065 = MECHANICAL_DESIGN_GEOMETRIC_PRESENTATION_REPRESENTATION (  '', ( #5415 ), #863 ) ;
#2066 = CARTESIAN_POINT ( 'NONE',  ( -977.9970575583958000, 22.89356240254231200, -87.52448106196112600 ) ) ;
#2067 = CARTESIAN_POINT ( 'NONE',  ( -345.2162486971475300, 117.3747192612501500, -650.0000000000000000 ) ) ;
#2068 = CARTESIAN_POINT ( 'NONE',  ( -174.2138913496671900, 287.3154659083736000, 239.9999999999999100 ) ) ;
#2069 = CARTESIAN_POINT ( 'NONE',  ( -707.2086797226905900, 6.424280220504377000, -667.0104869823852600 ) ) ;
#2070 = CARTESIAN_POINT ( 'NONE',  ( -696.4581469168530200, 34.58527463767817500, 655.5685260122048700 ) ) ;
#2071 = EDGE_CURVE ( 'NONE', #3200, #5600, #5484, .T. ) ;
#2072 = CARTESIAN_POINT ( 'NONE',  ( -138.1688793635588600, 281.8055967107552500, 240.0000000000000000 ) ) ;
#2073 = CARTESIAN_POINT ( 'NONE',  ( -918.9483379989701500, 76.50511764219056900, -81.22163257603104100 ) ) ;
#2074 = DIRECTION ( 'NONE',  ( 0.3923846148323892300, -0.0000000000000000000, 0.9198012361607466000 ) ) ;
#2075 = ORIENTED_EDGE ( 'NONE', *, *, #1230, .T. ) ;
#2076 = DIRECTION ( 'NONE',  ( 0.9198012361607508200, 0.0000000000000000000, 0.3923846148323791900 ) ) ;
#2077 = CARTESIAN_POINT ( 'NONE',  ( -5.573319583618286500E-011, 119.9869196084519100, 121.2114623503852800 ) ) ;
#2078 = CARTESIAN_POINT ( 'NONE',  ( -1015.497187564403900, 0.3907950238411541700, -18.79100632411080300 ) ) ;
#2079 = CARTESIAN_POINT ( 'NONE',  ( -707.6329140087041200, 5.057472162087034200, 806.1456689356795100 ) ) ;
#2080 = ORIENTED_EDGE ( 'NONE', *, *, #4554, .F. ) ;
#2081 = ORIENTED_EDGE ( 'NONE', *, *, #780, .T. ) ;
#2082 = EDGE_LOOP ( 'NONE', ( #6229, #719, #4040, #3950 ) ) ;
#2083 = CARTESIAN_POINT ( 'NONE',  ( -766.0224249922175700, -49.25060836388760100, 62.48885855261642800 ) ) ;
#2084 = CARTESIAN_POINT ( 'NONE',  ( -1006.542056180415400, 0.8940791335233313500, -41.27916026001011600 ) ) ;
#2085 = CARTESIAN_POINT ( 'NONE',  ( -150.3646369895316200, 322.9661016106502400, 239.9999999999999700 ) ) ;
#2086 =( BOUNDED_CURVE ( )  B_SPLINE_CURVE ( 3, ( #2073, #4134, #2627, #4780 ),
 .UNSPECIFIED., .F., .F. ) 
 B_SPLINE_CURVE_WITH_KNOTS ( ( 4, 4 ),
 ( 4.952607442586805000, 5.041869326281681800 ),
 .UNSPECIFIED. ) 
 CURVE ( )  GEOMETRIC_REPRESENTATION_ITEM ( )  RATIONAL_B_SPLINE_CURVE ( ( 1.000000000000000000, 0.9993361365512065700, 0.9993361365512065700, 1.000000000000000000 ) ) 
 REPRESENTATION_ITEM ( '' )  );
#2087 = ORIENTED_EDGE ( 'NONE', *, *, #6376, .T. ) ;
#2088 = B_SPLINE_CURVE_WITH_KNOTS ( 'NONE', 3,
 ( #6102, #742, #4000, #3405, #5014, #5061, #1734, #114, #5583, #3943, #5561, #152, #2834, #6166, #5621, #1782, #5605, #6660, #3926, #2877, #4516, #6693, #6713, #3425, #703, #2357, #5080, #1801, #722, #1267, #2337, #5095, #6824, #5725, #5702, #2936, #4113, #1352, #6842, #2978, #6208, #2445, #4560, #3487, #5681, #1309, #810, #2469 ),
 .UNSPECIFIED., .F., .F.,
 ( 4, 2, 2, 2, 2, 2, 2, 2, 2, 2, 2, 2, 2, 2, 2, 2, 2, 2, 2, 2, 2, 2, 2, 4 ),
 ( 6.071532165918824800E-018, 0.007912847258359626000, 0.01582569451671924900, 0.01978211814589906200, 0.02176032996048884000, 0.02373854177507861800, 0.03165138903343853200, 0.03956423629179844900, 0.04352065992097840100, 0.04747708355015835300, 0.05538993080851826300, 0.06330277806687816000, 0.06725920169605811800, 0.07121562532523806300, 0.07912847258359799500, 0.08704131984195792600, 0.09099774347113792600, 0.09495416710031791300, 0.1028670143586782500, 0.1068234379878584300, 0.1088016498024485200, 0.1107798616170386600, 0.1186927088753991600, 0.1266055561337596800 ),
 .UNSPECIFIED. ) ;
#2089 = DIRECTION ( 'NONE',  ( -1.000000000000000000, -2.610927889176040600E-016, -0.0000000000000000000 ) ) ;
#2090 = CARTESIAN_POINT ( 'NONE',  ( -587.9891637241612400, 52.89298514426529600, -844.4600299651675600 ) ) ;
#2091 = EDGE_LOOP ( 'NONE', ( #2438, #2733, #2901 ) ) ;
#2092 = CARTESIAN_POINT ( 'NONE',  ( -357.9726304450874200, 146.0331211803213300, 374.2254074289194800 ) ) ;
#2093 = CARTESIAN_POINT ( 'NONE',  ( -976.9540680271022700, 2.556942986269485000, -66.09136683668266700 ) ) ;
#2094 = CARTESIAN_POINT ( 'NONE',  ( -531.9501749664385700, -5.650588350028082000, 69.73714230385326100 ) ) ;
#2095 = CARTESIAN_POINT ( 'NONE',  ( -1534.030086240052700, -101.6600000000000000, -1100.000000000000000 ) ) ;
#2096 = CARTESIAN_POINT ( 'NONE',  ( -153.6694438109603900, 281.2592151516587900, 239.9999999999999700 ) ) ;
#2097 = EDGE_CURVE ( 'NONE', #1483, #6534, #4058, .T. ) ;
#2098 = CARTESIAN_POINT ( 'NONE',  ( -714.7166064957499400, -23.86739600753435300, -703.2736449586425400 ) ) ;
#2099 = CARTESIAN_POINT ( 'NONE',  ( -971.0375125829706300, -46.70541187800886000, 20.83333333333332900 ) ) ;
#2100 = CARTESIAN_POINT ( 'NONE',  ( -143.0777288748776400, 281.2573627436823900, 240.0000000000000900 ) ) ;
#2101 = CARTESIAN_POINT ( 'NONE',  ( -158.0005438566580300, 317.0272250030445800, -139.4189337329305800 ) ) ;
#2102 = CARTESIAN_POINT ( 'NONE',  ( -1013.352949776732900, 0.5113025585317337900, 27.10813686415307100 ) ) ;
#2103 = FACE_BOUND ( 'NONE', #1972, .T. ) ;
#2104 = CARTESIAN_POINT ( 'NONE',  ( -344.9798420320378200, 113.8747192612501500, -650.0000000000000000 ) ) ;
#2105 = CARTESIAN_POINT ( 'NONE',  ( -916.1761530242782800, 400.0000000000000000, -105.6062142766411800 ) ) ;
#2106 = CARTESIAN_POINT ( 'NONE',  ( -1011.548794505291400, 0.6126972383618516400, 31.91578694131961300 ) ) ;
#2107 = CARTESIAN_POINT ( 'NONE',  ( -940.2344801557787800, 5.855701622761821500, -58.40898477843025200 ) ) ;
#2108 = VERTEX_POINT ( 'NONE', #3921 ) ;
#2109 = CARTESIAN_POINT ( 'NONE',  ( -769.0340485504651700, -49.25060836388760100, 64.59706411977467200 ) ) ;
#2110 = VECTOR ( 'NONE', #1673, 1000.000000000000000 ) ;
#2111 = CARTESIAN_POINT ( 'NONE',  ( -1021.074700142277300, 20.99602887136791600, 56.80099378340700200 ) ) ;
#2112 = CARTESIAN_POINT ( 'NONE',  ( -150.9977412606844500, 322.9410816355859300, 240.0000000000000600 ) ) ;
#2113 = CARTESIAN_POINT ( 'NONE',  ( -509.9347532766029800, 52.94824139816269300, -576.1700571523291500 ) ) ;
#2114 = CARTESIAN_POINT ( 'NONE',  ( -184.6267484020528700, 296.8509855691290200, -137.9225819429058500 ) ) ;
#2115 = FACE_OUTER_BOUND ( 'NONE', #4213, .T. ) ;
#2116 = CARTESIAN_POINT ( 'NONE',  ( -328.9042016454120000, 142.3159073641449200, 595.8288105596224100 ) ) ;
#2117 = CARTESIAN_POINT ( 'NONE',  ( -1004.706739009947100, 0.9972251318645404300, -73.27699704935795900 ) ) ;
#2118 = ORIENTED_EDGE ( 'NONE', *, *, #2556, .T. ) ;
#2119 = ORIENTED_EDGE ( 'NONE', *, *, #3677, .F. ) ;
#2120 = EDGE_CURVE ( 'NONE', #5831, #4666, #3479, .T. ) ;
#2121 = CARTESIAN_POINT ( 'NONE',  ( -729.2467929460001400, 29.10913716925356500, -106.3852318641590400 ) ) ;
#2122 = CARTESIAN_POINT ( 'NONE',  ( -158.5954142760882300, 281.9576781808506200, 239.9999999999999700 ) ) ;
#2123 = CARTESIAN_POINT ( 'NONE',  ( -178.8502841063809100, 285.3500615732187400, -138.7239423912731400 ) ) ;
#2124 = CARTESIAN_POINT ( 'NONE',  ( -965.5218452665626500, -37.86112661497390500, 62.35021923255894900 ) ) ;
#2125 = CARTESIAN_POINT ( 'NONE',  ( -138.8481392413415300, 281.7203393327387200, 239.9999999999999700 ) ) ;
#2126 = CARTESIAN_POINT ( 'NONE',  ( -156.1363130525744500, 317.3231636612510400, -139.4810747597333600 ) ) ;
#2127 = EDGE_LOOP ( 'NONE', ( #5665, #5239, #5481, #4875, #285, #2816 ) ) ;
#2128 = VECTOR ( 'NONE', #6426, 1000.000000000000000 ) ;
#2129 = ORIENTED_EDGE ( 'NONE', *, *, #6035, .F. ) ;
#2130 = CARTESIAN_POINT ( 'NONE',  ( -930.0000000000557100, -44.17288593644951100, -69.73844108900408400 ) ) ;
#2131 = CARTESIAN_POINT ( 'NONE',  ( -524.0839179233563500, 24.10135128894039600, 479.8898481359895500 ) ) ;
#2132 = CARTESIAN_POINT ( 'NONE',  ( -1015.929031573874700, 0.3665251143882394800, 16.21239377960749600 ) ) ;
#2133 = CARTESIAN_POINT ( 'NONE',  ( -930.2000504294431900, -44.47907115522036000, -69.74121535644221100 ) ) ;
#2134 = CARTESIAN_POINT ( 'NONE',  ( -766.6240614248512200, -49.25060836388760100, 63.24732940658812900 ) ) ;
#2135 = CARTESIAN_POINT ( 'NONE',  ( -856.4765860467987300, 38.01061816479869300, 114.7730401309547000 ) ) ;
#2136 = VERTEX_POINT ( 'NONE', #2228 ) ;
#2137 = CARTESIAN_POINT ( 'NONE',  ( -150.4445662922098000, 322.9630938719178100, 239.9999999999999700 ) ) ;
#2138 = CARTESIAN_POINT ( 'NONE',  ( -588.4213002791508400, 34.97267035960752000, 839.4787391688137200 ) ) ;
#2139 = CARTESIAN_POINT ( 'NONE',  ( -658.6126570710431500, -28.77203343414846900, -0.0000000000000000000 ) ) ;
#2140 = CARTESIAN_POINT ( 'NONE',  ( -987.4989556644025000, 29.62112629190069400, 83.82978979354388100 ) ) ;
#2141 = EDGE_CURVE ( 'NONE', #6849, #6687, #2686, .T. ) ;
#2142 = CARTESIAN_POINT ( 'NONE',  ( -361.6988694103687900, 88.83743286960660200, 650.0000000000000000 ) ) ;
#2143 = EDGE_LOOP ( 'NONE', ( #150, #6138, #3000, #5965 ) ) ;
#2144 = CARTESIAN_POINT ( 'NONE',  ( -1017.834159104867000, 0.2594557290798118500, -60.90933384340142700 ) ) ;
#2145 = CARTESIAN_POINT ( 'NONE',  ( -728.8939049041432600, 27.12184727254937800, -100.6064629843200900 ) ) ;
#2146 = CARTESIAN_POINT ( 'NONE',  ( -159.1530495142295400, 282.0649993999365400, 239.9999999999999700 ) ) ;
#2147 = CARTESIAN_POINT ( 'NONE',  ( -695.7207114499510700, 36.22129902397440300, -650.1698296730378400 ) ) ;
#2148 = CARTESIAN_POINT ( 'NONE',  ( -774.0642468253602100, 23.59035881302527900, 479.9273741711696200 ) ) ;
#2149 = CARTESIAN_POINT ( 'NONE',  ( -126.7342837121209000, 283.2796334840416500, 239.9999999999999400 ) ) ;
#2150 = CARTESIAN_POINT ( 'NONE',  ( -118.6694585468875500, 314.5266121726159600, -140.7299699099228900 ) ) ;
#2151 = DIRECTION ( 'NONE',  ( 0.0000000000000000000, 1.000000000000000000, 0.0000000000000000000 ) ) ;
#2152 = CARTESIAN_POINT ( 'NONE',  ( -937.7335770625047600, -43.00660486751601000, -66.48176538527143000 ) ) ;
#2153 = CARTESIAN_POINT ( 'NONE',  ( -663.0707898217588100, 63.20167647951369400, 650.0000000000000000 ) ) ;
#2154 = CARTESIAN_POINT ( 'NONE',  ( -534.0300862400527000, -11.13421401238157100, 0.0000000000000000000 ) ) ;
#2155 = CARTESIAN_POINT ( 'NONE',  ( -932.3154980580033000, 6.631222700772704900, -69.54566462120037300 ) ) ;
#2156 = CARTESIAN_POINT ( 'NONE',  ( -950.0984878446716900, 4.889700464791611800, 81.60400737600026800 ) ) ;
#2157 = CARTESIAN_POINT ( 'NONE',  ( -855.8508900184075400, 38.51205734395087200, 114.8343720781835300 ) ) ;
#2158 = CARTESIAN_POINT ( 'NONE',  ( -161.6857003420108800, 321.3899929946529700, 239.9999999999999100 ) ) ;
#2159 = CARTESIAN_POINT ( 'NONE',  ( -5.573319583618286500E-011, 125.5467266163154700, -135.2170671266275400 ) ) ;
#2160 = CARTESIAN_POINT ( 'NONE',  ( -721.1684343117491400, -36.89914864066234700, 0.0000000000000000000 ) ) ;
#2161 = ORIENTED_EDGE ( 'NONE', *, *, #2595, .F. ) ;
#2162 = DIRECTION ( 'NONE',  ( -0.0000000000000000000, -0.0000000000000000000, 1.000000000000000000 ) ) ;
#2163 = AXIS2_PLACEMENT_3D ( 'NONE', #4085, #6836, #5212 ) ;
#2164 = CARTESIAN_POINT ( 'NONE',  ( -366.7937014670116600, 102.8553146867645600, 592.9706722561451200 ) ) ;
#2165 = CARTESIAN_POINT ( 'NONE',  ( -920.7049911597599700, 12.43792321808117400, -99.09167620001092300 ) ) ;
#2166 = CARTESIAN_POINT ( 'NONE',  ( -156.9849179887590400, 281.6843184657481100, 239.9999999999999100 ) ) ;
#2167 = ORIENTED_EDGE ( 'NONE', *, *, #901, .T. ) ;
#2168 = CARTESIAN_POINT ( 'NONE',  ( -698.0829787441908800, 30.93167657829845800, -656.3564204965918000 ) ) ;
#2169 = CARTESIAN_POINT ( 'NONE',  ( -351.1348627407838900, 167.0231835658232700, 650.0000000000000000 ) ) ;
#2170 = CARTESIAN_POINT ( 'NONE',  ( -938.6168143272911900, -44.47907115696418900, 65.43478420662864900 ) ) ;
#2171 = CARTESIAN_POINT ( 'NONE',  ( -77.44830602701360100, 289.9004609497400800, 239.9999999999998900 ) ) ;
#2172 = ORIENTED_EDGE ( 'NONE', *, *, #4017, .T. ) ;
#2173 = CARTESIAN_POINT ( 'NONE',  ( -697.3029381232260000, 32.69531013301828200, 854.2941436947350000 ) ) ;
#2174 = ORIENTED_EDGE ( 'NONE', *, *, #6106, .T. ) ;
#2175 = ORIENTED_EDGE ( 'NONE', *, *, #2097, .F. ) ;
#2176 = CARTESIAN_POINT ( 'NONE',  ( -933.5969862160179700, -43.64804805981823000, -69.19484589753618300 ) ) ;
#2177 = CARTESIAN_POINT ( 'NONE',  ( -895.0025691102605400, 24.94273628517549600, -109.6310241965547800 ) ) ;
#2178 = CARTESIAN_POINT ( 'NONE',  ( -957.6817991869512500, 38.96419166205920000, 94.47116886415820100 ) ) ;
#2179 = EDGE_LOOP ( 'NONE', ( #3364, #2590, #677, #6022 ) ) ;
#2180 = CARTESIAN_POINT ( 'NONE',  ( -466.7107338811861200, -69.24084322058334400, 655.0000000000000000 ) ) ;
#2181 =( BOUNDED_CURVE ( )  B_SPLINE_CURVE ( 3, ( #1460, #2060, #5363, #3244 ),
 .UNSPECIFIED., .F., .F. ) 
 B_SPLINE_CURVE_WITH_KNOTS ( ( 4, 4 ),
 ( 1.124712755803566300, 1.304385241057419300 ),
 .UNSPECIFIED. ) 
 CURVE ( )  GEOMETRIC_REPRESENTATION_ITEM ( )  RATIONAL_B_SPLINE_CURVE ( ( 1.000000000000000000, 0.9973116252887126400, 0.9973116252887126400, 1.000000000000000000 ) ) 
 REPRESENTATION_ITEM ( '' )  );
#2182 = ORIENTED_EDGE ( 'NONE', *, *, #2813, .T. ) ;
#2183 = CARTESIAN_POINT ( 'NONE',  ( -162.6410847661993000, 321.1571606998466600, 240.0000000000000000 ) ) ;
#2184 = DIRECTION ( 'NONE',  ( -0.0000000000000000000, 1.000000000000000000, -0.0000000000000000000 ) ) ;
#2185 = CARTESIAN_POINT ( 'NONE',  ( -660.9290852636136200, -29.58390484887792800, 36.90695453431306600 ) ) ;
#2186 = CARTESIAN_POINT ( 'NONE',  ( -903.4761419233898300, -47.56109419493347400, 68.90916550548588800 ) ) ;
#2187 = DIRECTION ( 'NONE',  ( 0.9947574284195235300, 0.09741849946394735800, -0.03110135955821433800 ) ) ;
#2188 = CARTESIAN_POINT ( 'NONE',  ( -1027.261154965317700, 26.13543406109289100, -46.01272854507085700 ) ) ;
#2189 = CARTESIAN_POINT ( 'NONE',  ( -912.6363747079964200, 17.02916828837914700, -104.0923182451449000 ) ) ;
#2190 = EDGE_CURVE ( 'NONE', #6868, #3066, #6840, .T. ) ;
#2191 = CARTESIAN_POINT ( 'NONE',  ( -933.2944202839905800, -43.69365023930364300, 69.31181237157379400 ) ) ;
#2192 = CARTESIAN_POINT ( 'NONE',  ( -17.85930514137471200, 295.1034214545117600, -144.0903083567733100 ) ) ;
#2193 = VECTOR ( 'NONE', #3468, 1000.000000000000000 ) ;
#2194 = CARTESIAN_POINT ( 'NONE',  ( -811.0229706668569600, -58.88297789465520500, 312.7521233735409400 ) ) ;
#2195 = CARTESIAN_POINT ( 'NONE',  ( -731.8165205886455200, 116.0994112106392700, -120.2917345085309900 ) ) ;
#2196 = CARTESIAN_POINT ( 'NONE',  ( -126.7531125592570000, 283.2771955289126700, 239.9999999999999400 ) ) ;
#2197 = CARTESIAN_POINT ( 'NONE',  ( -150.5356004847043600, 317.8444562646396300, -139.6677651786623400 ) ) ;
#2198 = DIRECTION ( 'NONE',  ( 1.000000000000000000, 2.610927889176040600E-016, 0.0000000000000000000 ) ) ;
#2199 = CARTESIAN_POINT ( 'NONE',  ( -938.7444773726953100, -42.79883739392696600, -54.34471394418729100 ) ) ;
#2200 = CARTESIAN_POINT ( 'NONE',  ( -144.6562651326862000, 322.8664308143299900, 139.8637430237297100 ) ) ;
#2201 = CARTESIAN_POINT ( 'NONE',  ( -715.7801306487405100, -30.14721117280036100, 705.9669493332166900 ) ) ;
#2202 = CARTESIAN_POINT ( 'NONE',  ( -938.7438876997865700, 6.001678195769950500, -65.13308371931773900 ) ) ;
#2203 = EDGE_CURVE ( 'NONE', #1534, #5184, #535, .T. ) ;
#2204 = CARTESIAN_POINT ( 'NONE',  ( -182.2103963851593800, 309.7549250090536400, 240.0000000000000300 ) ) ;
#2205 = FACE_BOUND ( 'NONE', #2765, .T. ) ;
#2206 = AXIS2_PLACEMENT_3D ( 'NONE', #6963, #6988, #6934 ) ;
#2207 = CARTESIAN_POINT ( 'NONE',  ( -5.573319583618287100E-011, 126.9075887891449100, -136.7821512046632500 ) ) ;
#2208 = ORIENTED_EDGE ( 'NONE', *, *, #5514, .T. ) ;
#2209 = CARTESIAN_POINT ( 'NONE',  ( -713.8663487503413300, -19.44584221538666900, -782.9903893409165200 ) ) ;
#2210 = VECTOR ( 'NONE', #3827, 1000.000000000000000 ) ;
#2211 = VECTOR ( 'NONE', #5606, 1000.000000000000000 ) ;
#2212 = CARTESIAN_POINT ( 'NONE',  ( -1030.471267348509900, 30.98963911588032300, -32.91195045358919200 ) ) ;
#2213 = CARTESIAN_POINT ( 'NONE',  ( -910.8032461300398400, 18.14035286934946000, -105.0380601156163200 ) ) ;
#2214 = CARTESIAN_POINT ( 'NONE',  ( -765.2319964260227600, 22.99402990295712700, 60.05816583415932500 ) ) ;
#2215 = CARTESIAN_POINT ( 'NONE',  ( -971.0375125829706300, -46.70541187800889600, -20.83333333333332900 ) ) ;
#2216 = CARTESIAN_POINT ( 'NONE',  ( -23.35382240621721600, 293.6700799439358300, -143.9071577812785800 ) ) ;
#2217 = CARTESIAN_POINT ( 'NONE',  ( -531.8258541121442700, 51.56268442353459800, 373.8311718869599600 ) ) ;
#2218 = COLOUR_RGB ( '',0.7960784313725489700, 0.8235294117647058400, 0.9372549019607843100 ) ;
#2219 = CARTESIAN_POINT ( 'NONE',  ( -476.7279724208856900, 36.82305610785028400, -847.1992551933925600 ) ) ;
#2220 = CARTESIAN_POINT ( 'NONE',  ( -43.07309411347333800, 295.1112950175830200, 239.9999999999999100 ) ) ;
#2221 = CARTESIAN_POINT ( 'NONE',  ( -708.7850853985552200, 1.282004855778457100, 797.5640446335112300 ) ) ;
#2222 = CARTESIAN_POINT ( 'NONE',  ( -702.1671391254967600, 20.89337023790939800, 897.0970138057371100 ) ) ;
#2223 = CARTESIAN_POINT ( 'NONE',  ( -455.5149390387114200, 36.50445685675232000, 845.5216526476068600 ) ) ;
#2224 = ORIENTED_EDGE ( 'NONE', *, *, #4395, .T. ) ;
#2225 = SURFACE_SIDE_STYLE ('',( #4249 ) ) ;
#2226 = CARTESIAN_POINT ( 'NONE',  ( -939.2479697953400500, 5.952312471069132200, -55.22610589062514900 ) ) ;
#2227 = CARTESIAN_POINT ( 'NONE',  ( -878.6136926491286700, 11.89034332109764100, 114.2475637518934200 ) ) ;
#2228 = CARTESIAN_POINT ( 'NONE',  ( -308.7992690864780300, 140.4205989181334900, -650.0000000000000000 ) ) ;
#2229 = CARTESIAN_POINT ( 'NONE',  ( -183.5296640228448600, 307.3520830694080800, 239.9999999999999100 ) ) ;
#2230 = CARTESIAN_POINT ( 'NONE',  ( -5.573319583618285800E-011, 119.9869196084536500, -119.5411502224856400 ) ) ;
#2231 = CARTESIAN_POINT ( 'NONE',  ( -533.3592136239985800, -3.954536307887407200, 123.3249956252032900 ) ) ;
#2232 = DIRECTION ( 'NONE',  ( -0.8361423757859028900, 0.0000000000000000000, -0.5485124678757137300 ) ) ;
#2233 = B_SPLINE_CURVE_WITH_KNOTS ( 'NONE', 3,
 ( #524, #3725, #1002, #7073, #4290, #1032, #2673, #6504, #4828, #1079, #5373, #1054, #6473, #3776, #2123, #3253, #1595, #1100, #5425, #7025, #5347, #2652, #5944, #3798, #4342, #4902, #4952, #2238, #3318, #74, #5020, #2819, #665, #6067, #4974, #3390, #1695, #4996, #4479, #5518, #2842, #3932, #568, #1720, #4436, #1742, #598, #5494, #2745, #26, #1147, #644, #2766, #2789, #2216, #97, #5541, #1170, #6015, #2192, #4409, #6619, #4457, #6598, #3343, #50, #619, #2260, #5472, #6040, #2282, #3862 ),
 .UNSPECIFIED., .F., .F.,
 ( 4, 2, 2, 2, 2, 2, 2, 2, 2, 2, 2, 2, 2, 2, 2, 2, 2, 2, 2, 2, 2, 2, 2, 2, 2, 2, 2, 2, 2, 2, 2, 2, 2, 2, 2, 4 ),
 ( 5.551115123125782700E-017, 0.002836524529059500200, 0.004254786793589231600, 0.005673049058118963100, 0.008509573587178609000, 0.009927835851708454900, 0.01134609811623830300, 0.01418262264529799600, 0.01701914717435769000, 0.02269219623247706000, 0.02552872076153671000, 0.02836524529059635300, 0.03403829434871565700, 0.03971134340683495800, 0.04538439246495426500, 0.04822091699401387400, 0.05105744152307347500, 0.05673049058119260200, 0.06240353963931174300, 0.06807658869743087000, 0.09076878492990732300, 0.1134609811623837800, 0.1361531773948602700, 0.1474992755110984800, 0.1588453736273366900, 0.1645184226854558300, 0.1701914717435749600, 0.1730279962726345200, 0.1758645208016941000, 0.1772827830662238900, 0.1787010453307536800, 0.1801193075952834400, 0.1808284387275482800, 0.1811830042936807300, 0.1813602870767469200, 0.1815375698598131500 ),
 .UNSPECIFIED. ) ;
#2234 = EDGE_CURVE ( 'NONE', #3297, #982, #3786, .T. ) ;
#2235 = CARTESIAN_POINT ( 'NONE',  ( -721.1684343117491400, -36.89914864066234700, -0.0000000000000000000 ) ) ;
#2236 = CARTESIAN_POINT ( 'NONE',  ( -765.4835238744070700, 22.96939733837852400, 61.32119179345870200 ) ) ;
#2237 = CARTESIAN_POINT ( 'NONE',  ( -936.7767827379701700, -43.09955328868764500, 52.07348317690763700 ) ) ;
#2238 = CARTESIAN_POINT ( 'NONE',  ( -152.6280547399480800, 275.9858796927489900, -139.5980167034876200 ) ) ;
#2239 = AXIS2_PLACEMENT_3D ( 'NONE', #571, #7076, #5992 ) ;
#2240 = CARTESIAN_POINT ( 'NONE',  ( -731.8165205886456300, 51.45799681608456700, -120.2917345085309900 ) ) ;
#2241 = CARTESIAN_POINT ( 'NONE',  ( -916.1895975397239900, 52.96374694213026400, -105.6029301447646100 ) ) ;
#2242 = CARTESIAN_POINT ( 'NONE',  ( -124.3662109412434800, 283.5862564793780500, 239.9999999999999700 ) ) ;
#2243 = CARTESIAN_POINT ( 'NONE',  ( -714.9195084235883500, -25.01122690761014100, 761.6466507166136400 ) ) ;
#2244 = CARTESIAN_POINT ( 'NONE',  ( -703.5078278837534100, 17.31374830494186800, 901.7036264381780500 ) ) ;
#2245 = CARTESIAN_POINT ( 'NONE',  ( -567.8868703958813700, 34.51973567301787700, 838.0156085187923100 ) ) ;
#2246 = SURFACE_STYLE_USAGE ( .BOTH. , #2225 ) ;
#2247 = CARTESIAN_POINT ( 'NONE',  ( -930.0000000000557100, 6.857983858691640400, -49.73844108900407700 ) ) ;
#2248 = ORIENTED_EDGE ( 'NONE', *, *, #4575, .T. ) ;
#2249 =( NAMED_UNIT ( * ) PLANE_ANGLE_UNIT ( ) SI_UNIT ( $, .RADIAN. ) );
#2250 = CARTESIAN_POINT ( 'NONE',  ( -729.3453448115193400, 26.50846961818195900, 120.3447435035078900 ) ) ;
#2251 = ORIENTED_EDGE ( 'NONE', *, *, #3664, .T. ) ;
#2252 = CARTESIAN_POINT ( 'NONE',  ( -713.7228246442904300, -18.75158656796596500, -684.1771409793736900 ) ) ;
#2253 = CARTESIAN_POINT ( 'NONE',  ( -769.9173643782909300, 22.53518284908636800, 54.74699134078029100 ) ) ;
#2254 = CARTESIAN_POINT ( 'NONE',  ( 0.0000000000000000000, -101.6600000000000000, 0.0000000000000000000 ) ) ;
#2255 = EDGE_CURVE ( 'NONE', #3255, #5588, #2285, .T. ) ;
#2256 = CARTESIAN_POINT ( 'NONE',  ( -964.5785699794488400, 3.471638298695537200, -73.68915285820530400 ) ) ;
#2257 = CARTESIAN_POINT ( 'NONE',  ( -344.9798420320378200, 113.8747192612501400, 650.0000000000000000 ) ) ;
#2258 = CARTESIAN_POINT ( 'NONE',  ( -728.9344611485063300, 26.54871702396471600, 95.29553301665598000 ) ) ;
#2259 = ORIENTED_EDGE ( 'NONE', *, *, #4210, .F. ) ;
#2260 = CARTESIAN_POINT ( 'NONE',  ( -14.73070220956250700, 296.5782668380131200, -144.1945951211670300 ) ) ;
#2261 = CARTESIAN_POINT ( 'NONE',  ( -393.8887080982341300, 87.29250983550710400, 509.9464644161665200 ) ) ;
#2262 = DIRECTION ( 'NONE',  ( -0.0000000000000000000, -0.0000000000000000000, -1.000000000000000000 ) ) ;
#2263 = EDGE_LOOP ( 'NONE', ( #5625, #233, #4248, #4676 ) ) ;
#2264 = CARTESIAN_POINT ( 'NONE',  ( -970.4037882827208300, 2.925072896146078300, -68.60026894045645900 ) ) ;
#2265 = CARTESIAN_POINT ( 'NONE',  ( -713.6417422221721800, -18.34833865756947400, 692.5699940605485400 ) ) ;
#2266 = CYLINDRICAL_SURFACE ( 'NONE', #973, 70.00000000000000000 ) ;
#2267 = CARTESIAN_POINT ( 'NONE',  ( -5.573319583618285800E-011, 373.7893821233247400, 144.6856185281506300 ) ) ;
#2268 = CARTESIAN_POINT ( 'NONE',  ( -697.4322730282888200, 32.42473427666420300, 650.8838205215200800 ) ) ;
#2269 = DIRECTION ( 'NONE',  ( -0.0000000000000000000, -1.000000000000000000, -0.0000000000000000000 ) ) ;
#2270 = B_SPLINE_CURVE_WITH_KNOTS ( 'NONE', 3,
 ( #3787, #510, #1043, #7013, #2663, #6490, #4329, #1068, #3738, #4893, #482, #6545, #457, #5438, #7036, #4277, #3765, #4304, #4869, #5413, #2135, #5957, #2157, #5980, #1018, #2709, #4843, #5753 ),
 .UNSPECIFIED., .F., .F.,
 ( 4, 2, 2, 2, 2, 2, 2, 2, 2, 2, 2, 2, 2, 4 ),
 ( 0.01375326780887004900, 0.02663136429420241000, 0.03950946077953477300, 0.04594850902220094800, 0.05238755726486712900, 0.05560708138620036600, 0.05882660550753361600, 0.06043636756820023500, 0.06204612962886685300, 0.06285101065920031800, 0.06365589168953378300, 0.06446077271986723500, 0.06486321323503398100, 0.06526565375020070000 ),
 .UNSPECIFIED. ) ;
#2271 = FACE_OUTER_BOUND ( 'NONE', #3166, .T. ) ;
#2272 = CARTESIAN_POINT ( 'NONE',  ( -930.8338339395390900, -43.98244759495568700, 49.74585420188145700 ) ) ;
#2273 = CARTESIAN_POINT ( 'NONE',  ( -57.38834444740476200, 311.1698505353736600, 142.7726737132391000 ) ) ;
#2274 = CARTESIAN_POINT ( 'NONE',  ( -5.573319583618285200E-011, 135.7122100451658500, -142.8147625230626800 ) ) ;
#2275 = CARTESIAN_POINT ( 'NONE',  ( -770.0121902275802800, 23.42789570974004900, -64.73559679110665900 ) ) ;
#2276 = CARTESIAN_POINT ( 'NONE',  ( -445.6934893265685100, 36.85903368643739200, -847.5004806419032100 ) ) ;
#2277 = CARTESIAN_POINT ( 'NONE',  ( -932.9810576344058300, 7.164169369840226200, 69.39802070663799300 ) ) ;
#2278 = FACE_OUTER_BOUND ( 'NONE', #6674, .T. ) ;
#2279 = CARTESIAN_POINT ( 'NONE',  ( -967.5895235219760500, 3.176769853697153600, -71.60437162522123300 ) ) ;
#2280 = CARTESIAN_POINT ( 'NONE',  ( -1030.058842481665600, 35.74679448030885700, 15.28309957017916600 ) ) ;
#2281 = CARTESIAN_POINT ( 'NONE',  ( -936.0010970477606000, -44.47907115696418900, 68.01343510453550300 ) ) ;
#2282 = CARTESIAN_POINT ( 'NONE',  ( -14.62674840205265900, 296.7907676215860400, -144.1980602480840600 ) ) ;
#2283 = CARTESIAN_POINT ( 'NONE',  ( -14.62674840205187500, 292.5975930273639300, -137.9225819429059600 ) ) ;
#2284 = CARTESIAN_POINT ( 'NONE',  ( -14.62674840205269100, 302.0000000000000600, 239.9999999999999100 ) ) ;
#2285 = LINE ( 'NONE', #5447, #53 ) ;
#2286 = CARTESIAN_POINT ( 'NONE',  ( -714.2674439110009000, -21.46875047736059400, 770.0564010996212100 ) ) ;
#2287 = VERTEX_POINT ( 'NONE', #4264 ) ;
#2288 = VECTOR ( 'NONE', #372, 1000.000000000000000 ) ;
#2289 = CARTESIAN_POINT ( 'NONE',  ( -700.7077711291227600, 24.63878789973392700, 652.9256324124259000 ) ) ;
#2290 = CARTESIAN_POINT ( 'NONE',  ( -936.2662823389297300, 6.244314832223103000, -51.67193214786411900 ) ) ;
#2291 = B_SPLINE_CURVE_WITH_KNOTS ( 'NONE', 2,
 ( #6874, #6796, #6779 ),
 .UNSPECIFIED., .F., .F.,
 ( 3, 3 ),
 ( 0.0000000000000000000, 1.000000000000000000 ),
 .UNSPECIFIED. ) ;
#2292 = EDGE_CURVE ( 'NONE', #4032, #5713, #2233, .T. ) ;
#2293 = ORIENTED_EDGE ( 'NONE', *, *, #93, .T. ) ;
#2294 = FACE_OUTER_BOUND ( 'NONE', #5298, .T. ) ;
#2295 = DIRECTION ( 'NONE',  ( -0.0000000000000000000, 1.000000000000000000, -0.0000000000000000000 ) ) ;
#2296 = PRESENTATION_STYLE_ASSIGNMENT (( #4984 ) ) ;
#2297 = CARTESIAN_POINT ( 'NONE',  ( -699.1482377464584500, 28.42472817431664100, 894.7266361681462300 ) ) ;
#2298 = CARTESIAN_POINT ( 'NONE',  ( -524.0839179233561300, 24.10135128894058500, -479.8898481359895500 ) ) ;
#2299 = CARTESIAN_POINT ( 'NONE',  ( -700.7077711291227600, 24.63878789973392700, -652.9256324124261300 ) ) ;
#2300 = CARTESIAN_POINT ( 'NONE',  ( -448.2228479638733300, 36.76955451148286600, -846.9973650980001600 ) ) ;
#2301 = CARTESIAN_POINT ( 'NONE',  ( -183.0252473942630900, 295.5823799498005500, 138.5847769483438900 ) ) ;
#2302 = ORIENTED_EDGE ( 'NONE', *, *, #6975, .F. ) ;
#2303 =( BOUNDED_CURVE ( )  B_SPLINE_CURVE ( 3, ( #6831, #1381, #4121, #1930 ),
 .UNSPECIFIED., .F., .F. ) 
 B_SPLINE_CURVE_WITH_KNOTS ( ( 4, 4 ),
 ( 4.222631012395110500, 4.712388980384665700 ),
 .UNSPECIFIED. ) 
 CURVE ( )  GEOMETRIC_REPRESENTATION_ITEM ( )  RATIONAL_B_SPLINE_CURVE ( ( 1.000000000000000000, 0.9801111140441746100, 0.9801111140441746100, 1.000000000000000000 ) ) 
 REPRESENTATION_ITEM ( '' )  );
#2304 = CARTESIAN_POINT ( 'NONE',  ( -1028.266688507417900, 27.29655458417148900, 43.13758128719170100 ) ) ;
#2305 = CARTESIAN_POINT ( 'NONE',  ( -916.1761530242783900, 26.27102378859758100, 105.6062142766424000 ) ) ;
#2306 = CARTESIAN_POINT ( 'NONE',  ( -330.9824330960254900, 30.77491495496121100, -890.5164366549707900 ) ) ;
#2307 = CARTESIAN_POINT ( 'NONE',  ( -693.7416788832711100, 40.39804840806833400, -655.0000000000000000 ) ) ;
#2308 = CARTESIAN_POINT ( 'NONE',  ( -9.499819642722426800, 97.00432885174032500, -239.9999999999998900 ) ) ;
#2309 = EDGE_LOOP ( 'NONE', ( #628, #5603, #1607, #797 ) ) ;
#2310 = DIRECTION ( 'NONE',  ( 2.610927889176040600E-016, -1.000000000000000000, 0.0000000000000000000 ) ) ;
#2311 = CARTESIAN_POINT ( 'NONE',  ( -930.8385474704332400, 6.775863299488311700, -49.74622502686759900 ) ) ;
#2312 = B_SPLINE_CURVE_WITH_KNOTS ( 'NONE', 3,
 ( #2911, #3938, #6096, #2353, #3956, #3462, #6729 ),
 .UNSPECIFIED., .F., .F.,
 ( 4, 1, 1, 1, 4 ),
 ( 0.0000000000000000000, 0.2982968211775609600, 0.6153669425867313000, 0.7410739866888770300, 1.000000000000000000 ),
 .UNSPECIFIED. ) ;
#2313 = CARTESIAN_POINT ( 'NONE',  ( -700.7311293955407300, 24.55890455296085100, 900.5653940088118400 ) ) ;
#2314 = CARTESIAN_POINT ( 'NONE',  ( -1012.809502501466100, 43.46342736086184300, 37.02459158161185800 ) ) ;
#2315 = CARTESIAN_POINT ( 'NONE',  ( -712.9052232038994800, -14.84280197399951400, -679.0270340080014600 ) ) ;
#2316 = CARTESIAN_POINT ( 'NONE',  ( -547.3931784024597400, 34.35143116453090100, -837.4997471166353800 ) ) ;
#2317 = EDGE_CURVE ( 'NONE', #943, #3615, #1689, .T. ) ;
#2318 = CARTESIAN_POINT ( 'NONE',  ( -985.1434271397142800, 53.20264057271791100, -61.17308984930191700 ) ) ;
#2319 = CARTESIAN_POINT ( 'NONE',  ( -919.3216284226454000, 64.33216172391371400, 101.7668600372665100 ) ) ;
#2320 = CARTESIAN_POINT ( 'NONE',  ( -497.7996294928674400, 48.47557972013054000, 576.2282484482782400 ) ) ;
#2321 = VERTEX_POINT ( 'NONE', #3201 ) ;
#2322 = CARTESIAN_POINT ( 'NONE',  ( -768.8185040504603200, 22.64279634479827100, -54.93308522881369500 ) ) ;
#2323 = AXIS2_PLACEMENT_3D ( 'NONE', #3574, #1968, #3594 ) ;
#2324 = CARTESIAN_POINT ( 'NONE',  ( -915.2707791695512500, 25.20482876314654100, -105.7950374657593800 ) ) ;
#2325 = CARTESIAN_POINT ( 'NONE',  ( -855.3638864233428200, 72.96577670751436500, -114.8816014359633800 ) ) ;
#2326 = EDGE_LOOP ( 'NONE', ( #6956, #4439, #4925, #2582 ) ) ;
#2327 = ORIENTED_EDGE ( 'NONE', *, *, #1325, .T. ) ;
#2328 = EDGE_LOOP ( 'NONE', ( #2259, #5581, #4820, #2496 ) ) ;
#2329 = B_SPLINE_CURVE_WITH_KNOTS ( 'NONE', 3,
 ( #3175, #6369, #5267, #329, #3096, #417, #4235, #6994, #6914, #3720, #4209, #3124, #389, #442, #950, #3640, #361, #4185, #4775, #1492, #5317, #2040 ),
 .UNSPECIFIED., .F., .F.,
 ( 4, 2, 2, 2, 2, 2, 2, 2, 2, 2, 4 ),
 ( 0.0000000000000000000, 0.006290441328975120500, 0.01258088265795024100, 0.01572610332243779000, 0.01887132398692533500, 0.02044393431916896300, 0.02201654465141258600, 0.02358915498365621000, 0.02437546014977802100, 0.02476861273283899000, 0.02516176531589996200 ),
 .UNSPECIFIED. ) ;
#2330 = ORIENTED_EDGE ( 'NONE', *, *, #6361, .F. ) ;
#2331 = CARTESIAN_POINT ( 'NONE',  ( -929.9999970323415300, -44.10239079642276700, 49.73844108900586700 ) ) ;
#2332 = CARTESIAN_POINT ( 'NONE',  ( -1083.236395964205500, -3.416191800610123100, -16.63061614106328900 ) ) ;
#2333 = ORIENTED_EDGE ( 'NONE', *, *, #5896, .F. ) ;
#2334 = EDGE_CURVE ( 'NONE', #6357, #1943, #6482, .T. ) ;
#2335 = CARTESIAN_POINT ( 'NONE',  ( -966.0375125829712000, -38.04515784016426500, 0.0000000000000000000 ) ) ;
#2336 = CARTESIAN_POINT ( 'NONE',  ( -1037.646325068038800, 34.72018831021925700, 4.014916160719741000 ) ) ;
#2337 = CARTESIAN_POINT ( 'NONE',  ( -698.6588468425491100, 29.57642731465792700, -838.8170171229722900 ) ) ;
#2338 = CARTESIAN_POINT ( 'NONE',  ( -182.5771381334976100, 309.1970489175340600, 240.0000000000000600 ) ) ;
#2339 = ORIENTED_EDGE ( 'NONE', *, *, #115, .F. ) ;
#2340 = CARTESIAN_POINT ( 'NONE',  ( -950.6912105647708100, 4.831653994023334100, -80.88808280369919100 ) ) ;
#2341 = ORIENTED_EDGE ( 'NONE', *, *, #459, .F. ) ;
#2342 = CARTESIAN_POINT ( 'NONE',  ( -1030.829062675249400, 33.43449700086372900, 24.81972721780600800 ) ) ;
#2343 = CARTESIAN_POINT ( 'NONE',  ( -22.20099088441613900, 304.9093428835782900, 239.9999999999999700 ) ) ;
#2344 = CARTESIAN_POINT ( 'NONE',  ( -766.8669168775477400, 22.83391901302544000, -63.45183430889370200 ) ) ;
#2345 = CARTESIAN_POINT ( 'NONE',  ( -730.0372041755409800, 35.01469549546469300, 114.1227909939490400 ) ) ;
#2346 = CARTESIAN_POINT ( 'NONE',  ( -977.9970575583958000, 32.06201920788353700, -87.52448106196112600 ) ) ;
#2347 = CARTESIAN_POINT ( 'NONE',  ( -707.2086797226905900, 6.424280220504383200, 667.0104869823853700 ) ) ;
#2348 = CARTESIAN_POINT ( 'NONE',  ( -769.6241278965980000, 23.42789570974004900, -54.76506754953027200 ) ) ;
#2349 = CARTESIAN_POINT ( 'NONE',  ( -768.8161549975150100, -48.71326259915832000, -64.54390806735540300 ) ) ;
#2350 = FACE_OUTER_BOUND ( 'NONE', #605, .T. ) ;
#2351 = ADVANCED_FACE ( 'NONE', ( #6293 ), #4384, .T. ) ;
#2352 = EDGE_CURVE ( 'NONE', #58, #3415, #4427, .T. ) ;
#2353 = CARTESIAN_POINT ( 'NONE',  ( -513.2675037780667300, 54.87322084212027600, -373.8383188011163200 ) ) ;
#2354 = CARTESIAN_POINT ( 'NONE',  ( -1015.922080522582000, 0.3669157679154029800, -16.25683681005505600 ) ) ;
#2355 = CARTESIAN_POINT ( 'NONE',  ( -658.0707898217590400, 71.86193051735823200, -650.0000000000000000 ) ) ;
#2356 = DIRECTION ( 'NONE',  ( 1.000000000000000000, 2.610927889176040600E-016, 0.0000000000000000000 ) ) ;
#2357 = CARTESIAN_POINT ( 'NONE',  ( -697.3029381232262300, 32.69531013301829600, -854.2941436947346600 ) ) ;
#2358 = CARTESIAN_POINT ( 'NONE',  ( -173.7924920757534400, 316.9172837056544300, 240.0000000000000000 ) ) ;
#2359 = CARTESIAN_POINT ( 'NONE',  ( -978.2096096027619300, 55.64353348873464700, -63.86921591008000100 ) ) ;
#2360 = AXIS2_PLACEMENT_3D ( 'NONE', #6234, #5203, #1356 ) ;
#2361 = ADVANCED_FACE ( 'NONE', ( #4584 ), #6652, .T. ) ;
#2362 = CARTESIAN_POINT ( 'NONE',  ( -1028.447899905651200, 37.41579865327966600, -0.3611210285444008100 ) ) ;
#2363 = CARTESIAN_POINT ( 'NONE',  ( -476.1218229458132200, 22.48589293588766600, 0.0000000000000000000 ) ) ;
#2364 = VERTEX_POINT ( 'NONE', #2307 ) ;
#2365 = CARTESIAN_POINT ( 'NONE',  ( -765.4841861470572400, 22.96933248074994400, -58.15491580254848000 ) ) ;
#2366 = CARTESIAN_POINT ( 'NONE',  ( -730.2681978692032800, 36.94639833642665400, 115.6474715548713700 ) ) ;
#2367 = VECTOR ( 'NONE', #2187, 1000.000000000000200 ) ;
#2368 = CARTESIAN_POINT ( 'NONE',  ( -721.5093510031267700, -27.39914864066250600, -0.0000000000000000000 ) ) ;
#2369 = CARTESIAN_POINT ( 'NONE',  ( -396.7006316504052300, 94.88199682567851300, -509.9181256018205800 ) ) ;
#2370 = CIRCLE ( 'NONE', #1565, 25.00000000000000000 ) ;
#2371 = ORIENTED_EDGE ( 'NONE', *, *, #6863, .F. ) ;
#2372 = CARTESIAN_POINT ( 'NONE',  ( -768.5327727875547900, 23.42789570974004900, -64.44382433090153500 ) ) ;
#2373 =( BOUNDED_CURVE ( )  B_SPLINE_CURVE ( 3, ( #963, #6931, #1508, #3631 ),
 .UNSPECIFIED., .F., .F. ) 
 B_SPLINE_CURVE_WITH_KNOTS ( ( 4, 4 ),
 ( 0.6612005025985547800, 1.241315980897927700 ),
 .UNSPECIFIED. ) 
 CURVE ( )  GEOMETRIC_REPRESENTATION_ITEM ( )  RATIONAL_B_SPLINE_CURVE ( ( 1.000000000000000000, 0.9721515755180509800, 0.9721515755180509800, 1.000000000000000000 ) ) 
 REPRESENTATION_ITEM ( '' )  );
#2374 = EDGE_CURVE ( 'NONE', #6897, #3382, #2783, .T. ) ;
#2375 = CARTESIAN_POINT ( 'NONE',  ( -617.2240088808479200, 12.83734477182185800, -451.2146373188919600 ) ) ;
#2376 = CARTESIAN_POINT ( 'NONE',  ( -1028.482502852307800, 37.38934483167841400, -1.814364199054586900 ) ) ;
#2377 = ORIENTED_EDGE ( 'NONE', *, *, #5443, .F. ) ;
#2378 = AXIS2_PLACEMENT_3D ( 'NONE', #4339, #3291, #7093 ) ;
#2379 = CARTESIAN_POINT ( 'NONE',  ( -999.6619914636017900, 1.280743169714695600, 49.89580563649737100 ) ) ;
#2380 = DIRECTION ( 'NONE',  ( -0.0000000000000000000, -0.0000000000000000000, -1.000000000000000000 ) ) ;
#2381 = CARTESIAN_POINT ( 'NONE',  ( -986.5062926045142100, -40.67839419687521700, -312.7510206763798200 ) ) ;
#2382 = CARTESIAN_POINT ( 'NONE',  ( -948.7841062061123700, 5.018420375086568800, -81.73844108900408400 ) ) ;
#2383 = CARTESIAN_POINT ( 'NONE',  ( -920.3040779020319600, 72.40355017323851400, 93.56937122822255000 ) ) ;
#2384 = ADVANCED_FACE ( 'NONE', ( #6213 ), #6311, .T. ) ;
#2385 = CARTESIAN_POINT ( 'NONE',  ( -80.92340575038251400, 314.5946432504330200, 239.9999999999998900 ) ) ;
#2386 = CARTESIAN_POINT ( 'NONE',  ( -767.1242462688493300, 22.80871825306885700, -55.81835490926712100 ) ) ;
#2387 = CARTESIAN_POINT ( 'NONE',  ( -916.1761530242783900, 52.78097960269511900, 105.6062142766424000 ) ) ;
#2388 = CARTESIAN_POINT ( 'NONE',  ( -14.62674840205196200, 306.2533925417656600, 239.9999999999999100 ) ) ;
#2389 = CARTESIAN_POINT ( 'NONE',  ( -767.6439532875874600, 22.75782234972605500, 64.02721296321755100 ) ) ;
#2390 = CARTESIAN_POINT ( 'NONE',  ( -658.0707898217590400, 71.86193051735821800, 650.0000000000000000 ) ) ;
#2391 = EDGE_CURVE ( 'NONE', #5619, #547, #2303, .T. ) ;
#2392 = CARTESIAN_POINT ( 'NONE',  ( -767.7006262591858100, -49.25061185733253700, -55.42311966974517600 ) ) ;
#2393 = CARTESIAN_POINT ( 'NONE',  ( -861.7347391325320100, 96.59425868283175000, 91.56730516855809300 ) ) ;
#2394 = ADVANCED_FACE ( 'NONE', ( #4244 ), #4098, .T. ) ;
#2395 = CARTESIAN_POINT ( 'NONE',  ( -144.6562651326862000, 322.8664308143299900, 139.8637430237297100 ) ) ;
#2396 = VERTEX_POINT ( 'NONE', #918 ) ;
#2397 = DIRECTION ( 'NONE',  ( -0.3923846148323820700, 0.0000000000000000000, 0.9198012361607497100 ) ) ;
#2398 = CARTESIAN_POINT ( 'NONE',  ( -1014.347005588278200, 0.4554359863246020800, -23.78774142552712000 ) ) ;
#2399 = CARTESIAN_POINT ( 'NONE',  ( -1021.074700142277300, 20.99602887136785200, 56.80099378340700900 ) ) ;
#2400 = CARTESIAN_POINT ( 'NONE',  ( -1039.873262562526900, 20.42349266150761300, -8.766409823939376600 ) ) ;
#2401 = CARTESIAN_POINT ( 'NONE',  ( -534.0300862400527000, -11.13421401238157100, 0.0000000000000000000 ) ) ;
#2402 = ORIENTED_EDGE ( 'NONE', *, *, #6732, .T. ) ;
#2403 = DIRECTION ( 'NONE',  ( 1.000000000000000000, -9.251858538542963900E-016, 0.0000000000000000000 ) ) ;
#2404 = ORIENTED_EDGE ( 'NONE', *, *, #3796, .T. ) ;
#2405 = CARTESIAN_POINT ( 'NONE',  ( -880.6792016614116400, 89.97689755139808200, 88.13339503762942700 ) ) ;
#2406 = CARTESIAN_POINT ( 'NONE',  ( -124.6794516946924600, 320.4540866387495700, 239.9999999999998900 ) ) ;
#2407 = ORIENTED_EDGE ( 'NONE', *, *, #1853, .T. ) ;
#2408 = CARTESIAN_POINT ( 'NONE',  ( -1024.261971745089300, 23.35497019937930200, 52.25227592812743900 ) ) ;
#2409 = CARTESIAN_POINT ( 'NONE',  ( -110.4287047268466000, 318.6268463562761300, 137.9225819429060500 ) ) ;
#2410 = ORIENTED_EDGE ( 'NONE', *, *, #519, .F. ) ;
#2411 = CARTESIAN_POINT ( 'NONE',  ( -712.7951276996695900, -14.40840334267948800, 686.7080520409640500 ) ) ;
#2412 = EDGE_CURVE ( 'NONE', #982, #23, #5877, .T. ) ;
#2413 = VERTEX_POINT ( 'NONE', #2528 ) ;
#2414 = CARTESIAN_POINT ( 'NONE',  ( -769.1331191352833200, 23.42789570974004900, -64.61942433100706800 ) ) ;
#2415 = CARTESIAN_POINT ( 'NONE',  ( -859.9217381723970000, 87.29643628527276200, 109.4747449009596500 ) ) ;
#2416 = EDGE_LOOP ( 'NONE', ( #2327, #4544, #3019, #167, #6245, #5001, #2081, #3528 ) ) ;
#2417 = DIRECTION ( 'NONE',  ( 0.0000000000000000000, 1.000000000000000000, 0.0000000000000000000 ) ) ;
#2418 = FACE_OUTER_BOUND ( 'NONE', #4642, .T. ) ;
#2419 = CARTESIAN_POINT ( 'NONE',  ( -721.2497326902922600, -38.01434301723115500, -123.2482987937306100 ) ) ;
#2420 = CARTESIAN_POINT ( 'NONE',  ( -1016.422796597721500, 0.3387752043352042500, -12.42561342150121300 ) ) ;
#2421 = CARTESIAN_POINT ( 'NONE',  ( -1040.187294363584700, 20.33780403916246700, 4.382811095109255800 ) ) ;
#2422 = CARTESIAN_POINT ( 'NONE',  ( -258.7992690864780900, 213.7750709259654500, -655.0000000000000000 ) ) ;
#2423 = CARTESIAN_POINT ( 'NONE',  ( -1025.411725604767300, 19.88191308001091800, -50.73740327850345000 ) ) ;
#2424 = CARTESIAN_POINT ( 'NONE',  ( -731.8151122644769700, 51.43873704579421300, 120.2917647316909300 ) ) ;
#2425 = CARTESIAN_POINT ( 'NONE',  ( -746.0077781887259800, 400.0000000000000000, 590.9171423417182000 ) ) ;
#2426 = CARTESIAN_POINT ( 'NONE',  ( -125.6975936219752400, 320.5860796788497300, 239.9999999999999400 ) ) ;
#2427 = CARTESIAN_POINT ( 'NONE',  ( -861.8216006455577400, 96.28567541412094500, -93.96256307822382300 ) ) ;
#2428 = CARTESIAN_POINT ( 'NONE',  ( -695.0233383602834500, 37.70419089313926300, -865.2781397138730900 ) ) ;
#2429 = DIRECTION ( 'NONE',  ( -0.9427946626885519400, -0.3318894391366362700, -0.03142648875628401700 ) ) ;
#2430 = CARTESIAN_POINT ( 'NONE',  ( -17.91287595219661800, 300.2337817179677600, 239.9999999999999100 ) ) ;
#2431 = DIRECTION ( 'NONE',  ( -0.9917479607296866300, -0.1282028953983021000, 0.0000000000000000000 ) ) ;
#2432 = CARTESIAN_POINT ( 'NONE',  ( -768.3897797076027700, 23.42789570974004900, -55.08625445260995700 ) ) ;
#2433 = CARTESIAN_POINT ( 'NONE',  ( -859.1916814820745000, 84.79361931122701900, 111.3289848183645500 ) ) ;
#2434 = FACE_OUTER_BOUND ( 'NONE', #6728, .T. ) ;
#2435 = AXIS2_PLACEMENT_3D ( 'NONE', #3132, #2198, #4908 ) ;
#2436 = ORIENTED_EDGE ( 'NONE', *, *, #4968, .T. ) ;
#2437 = CARTESIAN_POINT ( 'NONE',  ( -920.2903824219745300, 73.01051709191146700, -92.56665915914901200 ) ) ;
#2438 = ORIENTED_EDGE ( 'NONE', *, *, #6161, .T. ) ;
#2439 = EDGE_CURVE ( 'NONE', #2779, #4474, #4863, .T. ) ;
#2440 = VECTOR ( 'NONE', #5202, 1000.000000000000000 ) ;
#2441 = CARTESIAN_POINT ( 'NONE',  ( -1030.028195280638100, 35.76522044611980500, 15.10324932106067100 ) ) ;
#2442 = CARTESIAN_POINT ( 'NONE',  ( -939.9644854286978000, 5.882142723299510900, 57.08266622546285200 ) ) ;
#2443 = CARTESIAN_POINT ( 'NONE',  ( -901.9429414157092400, 6.772616263869140100, 108.9310669347503600 ) ) ;
#2444 = CARTESIAN_POINT ( 'NONE',  ( 8.325832407973168300, 121.3107911733933300, 144.9631462750848200 ) ) ;
#2445 = CARTESIAN_POINT ( 'NONE',  ( -703.4653654742501200, 17.42620388406573500, -817.3817067344304000 ) ) ;
#2446 = DIRECTION ( 'NONE',  ( -0.0000000000000000000, -0.0000000000000000000, -1.000000000000000000 ) ) ;
#2447 = VERTEX_POINT ( 'NONE', #890 ) ;
#2448 = CYLINDRICAL_SURFACE ( 'NONE', #4877, 502.4999999999999400 ) ;
#2449 = CARTESIAN_POINT ( 'NONE',  ( -739.1642678354679700, 139.7940145501460700, 120.1365566964801800 ) ) ;
#2450 = AXIS2_PLACEMENT_3D ( 'NONE', #4998, #3970, #2884 ) ;
#2451 = ORIENTED_EDGE ( 'NONE', *, *, #2856, .F. ) ;
#2452 = CARTESIAN_POINT ( 'NONE',  ( -932.9731677081913400, 7.164169369840226200, 50.07646085316138600 ) ) ;
#2453 = ADVANCED_FACE ( 'NONE', ( #3744 ), #1698, .T. ) ;
#2454 = CARTESIAN_POINT ( 'NONE',  ( -126.7180646529286700, 320.7182664376017600, 240.0000000000000600 ) ) ;
#2455 = CARTESIAN_POINT ( 'NONE',  ( -728.8132060259853200, 26.56059356480111300, 95.29813132661833200 ) ) ;
#2456 = CARTESIAN_POINT ( 'NONE',  ( -288.7992690864781500, -566.0111526630779500, -655.0000000000000000 ) ) ;
#2457 = CARTESIAN_POINT ( 'NONE',  ( -769.2827496091414300, -48.75292545302340100, 64.65092886266123200 ) ) ;
#2458 = ORIENTED_EDGE ( 'NONE', *, *, #2141, .T. ) ;
#2459 = CARTESIAN_POINT ( 'NONE',  ( -155.2632239092121200, 345.3431098614750600, 114.7991479335314400 ) ) ;
#2460 = CARTESIAN_POINT ( 'NONE',  ( -320.8908293186313500, 30.29066075265445000, -891.2323832535688600 ) ) ;
#2461 = CARTESIAN_POINT ( 'NONE',  ( -730.0370982769394500, 35.01382756734830100, -114.1220288297456000 ) ) ;
#2462 = ADVANCED_FACE ( 'NONE', ( #6990 ), #264, .T. ) ;
#2463 = PLANE ( 'NONE',  #6645 ) ;
#2464 = EDGE_CURVE ( 'NONE', #2108, #6158, #2959, .T. ) ;
#2465 = CARTESIAN_POINT ( 'NONE',  ( -1015.318796119339300, 0.4008207371170785000, 19.61170258603986800 ) ) ;
#2466 =( BOUNDED_CURVE ( )  B_SPLINE_CURVE ( 3, ( #6171, #6680, #1251, #2305 ),
 .UNSPECIFIED., .F., .F. ) 
 B_SPLINE_CURVE_WITH_KNOTS ( ( 4, 4 ),
 ( 1.241315980897905300, 1.331179064814165900 ),
 .UNSPECIFIED. ) 
 CURVE ( )  GEOMETRIC_REPRESENTATION_ITEM ( )  RATIONAL_B_SPLINE_CURVE ( ( 1.000000000000000000, 0.9993271653861621800, 0.9993271653861621800, 1.000000000000000000 ) ) 
 REPRESENTATION_ITEM ( '' )  );
#2467 = CARTESIAN_POINT ( 'NONE',  ( -258.7992690864780900, 213.7750709259654500, -655.0000000000000000 ) ) ;
#2468 = DIRECTION ( 'NONE',  ( 1.000000000000000000, 2.610927889176040600E-016, -0.0000000000000000000 ) ) ;
#2469 = CARTESIAN_POINT ( 'NONE',  ( -707.6329140087041200, 5.057472162087048400, -806.1456689356795100 ) ) ;
#2470 = CARTESIAN_POINT ( 'NONE',  ( -782.3509577309871500, 30.94178077095935500, -479.9273741711696200 ) ) ;
#2471 = CARTESIAN_POINT ( 'NONE',  ( -862.7493973680053600, 96.28867775791596300, 89.88743683390998700 ) ) ;
#2472 = CARTESIAN_POINT ( 'NONE',  ( -920.2240832518382400, 73.92943652447819100, 90.84762017664031900 ) ) ;
#2473 = CARTESIAN_POINT ( 'NONE',  ( -413.0707898217584700, 61.93453721306585200, -650.0000000000000000 ) ) ;
#2474 = CARTESIAN_POINT ( 'NONE',  ( -69.35715111042979700, 312.9383097324202400, 240.0000000000000000 ) ) ;
#2475 = CARTESIAN_POINT ( 'NONE',  ( -896.2328090447991800, 59.48752152110779400, -109.7963367075867000 ) ) ;
#2476 = CARTESIAN_POINT ( 'NONE',  ( -705.2963764212198600, 12.27854128790551000, -913.6641501442023800 ) ) ;
#2477 = CARTESIAN_POINT ( 'NONE',  ( -770.0781411151467600, -48.81333128179127800, 54.73844108899105300 ) ) ;
#2478 = AXIS2_PLACEMENT_3D ( 'NONE', #2425, #5227, #6800 ) ;
#2479 = CARTESIAN_POINT ( 'NONE',  ( -66.21846650045799300, 291.5019752293600300, 142.4783363114706600 ) ) ;
#2480 = CARTESIAN_POINT ( 'NONE',  ( -173.0670256818484900, 339.0756859794098000, 135.1315742729100600 ) ) ;
#2481 = ORIENTED_EDGE ( 'NONE', *, *, #5656, .T. ) ;
#2482 = CARTESIAN_POINT ( 'NONE',  ( -497.9837345322558800, 56.56828094207275400, -576.1409615043546600 ) ) ;
#2483 = CARTESIAN_POINT ( 'NONE',  ( -730.9957156753191600, 43.43693738758101800, -118.9948940156222800 ) ) ;
#2484 = CARTESIAN_POINT ( 'NONE',  ( -861.0800264558907900, 91.64005138580704100, 104.9233355974845700 ) ) ;
#2485 = EDGE_CURVE ( 'NONE', #1154, #6623, #4990, .T. ) ;
#2486 = CARTESIAN_POINT ( 'NONE',  ( -695.0983761650458100, 37.54332306369102700, 852.3869581106416700 ) ) ;
#2487 = ADVANCED_FACE ( 'NONE', ( #126 ), #994, .T. ) ;
#2488 = CARTESIAN_POINT ( 'NONE',  ( -977.9970575583963600, 32.06201920788350200, 87.52448106196239100 ) ) ;
#2489 = ORIENTED_EDGE ( 'NONE', *, *, #19, .T. ) ;
#2490 = CARTESIAN_POINT ( 'NONE',  ( -1028.482870866706200, 37.38906201975751000, 1.823880148861622500 ) ) ;
#2491 = VERTEX_POINT ( 'NONE', #6463 ) ;
#2492 = CARTESIAN_POINT ( 'NONE',  ( -723.6193010487612600, -38.68068962038901000, 36.91515317970814200 ) ) ;
#2493 = CARTESIAN_POINT ( 'NONE',  ( -1004.167345983600700, 1.027539364971651300, 44.51969783023805900 ) ) ;
#2494 = CARTESIAN_POINT ( 'NONE',  ( -184.6267484020527300, 302.0000000000000600, 239.9999999999999100 ) ) ;
#2495 = CARTESIAN_POINT ( 'NONE',  ( -800.9008742536769900, -73.04092033456127800, -62.35015373822300700 ) ) ;
#2496 = ORIENTED_EDGE ( 'NONE', *, *, #614, .F. ) ;
#2497 = CARTESIAN_POINT ( 'NONE',  ( -930.3355767784648800, 6.825120182308250300, 49.73200368825695300 ) ) ;
#2498 = VERTEX_POINT ( 'NONE', #946 ) ;
#2499 = ORIENTED_EDGE ( 'NONE', *, *, #5938, .F. ) ;
#2500 = CARTESIAN_POINT ( 'NONE',  ( -766.9946282617995600, 23.42730997547047500, 55.91729841682914800 ) ) ;
#2501 = CARTESIAN_POINT ( 'NONE',  ( -935.9950187258698400, 7.164169369840226200, 51.45886072827526900 ) ) ;
#2502 = CARTESIAN_POINT ( 'NONE',  ( -129.0355806750042400, 321.0181309776148700, 239.9999999999999100 ) ) ;
#2503 = VERTEX_POINT ( 'NONE', #3169 ) ;
#2504 = CARTESIAN_POINT ( 'NONE',  ( -863.0104921238210000, 96.19676528163816400, -114.1476138099053700 ) ) ;
#2505 = CARTESIAN_POINT ( 'NONE',  ( -699.1356459830224100, 28.45473155450986600, -824.2628544778510800 ) ) ;
#2506 = CARTESIAN_POINT ( 'NONE',  ( -765.2643687031726400, -48.39556235184903000, 59.09807041228715000 ) ) ;
#2507 = ORIENTED_EDGE ( 'NONE', *, *, #4625, .F. ) ;
#2508 = CARTESIAN_POINT ( 'NONE',  ( -152.4038922335044200, 281.1168816450554600, 139.6054887870358200 ) ) ;
#2509 = CARTESIAN_POINT ( 'NONE',  ( -159.9743778347366600, 343.6846551672472900, 114.7656532489223300 ) ) ;
#2510 = CARTESIAN_POINT ( 'NONE',  ( -533.3592136239985800, -3.954536307887407200, -123.3249956252032900 ) ) ;
#2511 = CARTESIAN_POINT ( 'NONE',  ( -932.5669173948201700, 7.677818403510865900, 90.70664710766824600 ) ) ;
#2512 = CARTESIAN_POINT ( 'NONE',  ( -176.4799462106738900, 288.7144665668739100, 240.0000000000000000 ) ) ;
#2513 = VECTOR ( 'NONE', #4727, 1000.000000000000000 ) ;
#2514 = CARTESIAN_POINT ( 'NONE',  ( -696.5966150131387200, 34.28435038898391000, 837.1164234768309600 ) ) ;
#2515 = CARTESIAN_POINT ( 'NONE',  ( -936.8207834208392300, 46.05178689567883800, 100.5730325133258400 ) ) ;
#2516 = CARTESIAN_POINT ( 'NONE',  ( -14.69771262424084300, 297.0782910168939000, -144.1956947740112000 ) ) ;
#2517 = CARTESIAN_POINT ( 'NONE',  ( -1097.631417514400300, -4.225201215890495000, -1.308854645832922200 ) ) ;
#2518 = LINE ( 'NONE', #2016, #2110 ) ;
#2519 = CARTESIAN_POINT ( 'NONE',  ( -497.7996294928674400, 48.47557972013056800, 576.2282484482782400 ) ) ;
#2520 = CARTESIAN_POINT ( 'NONE',  ( -14.62674840205190600, 297.7466074582342200, 239.9999999999999700 ) ) ;
#2521 = CARTESIAN_POINT ( 'NONE',  ( -935.7745354541992800, -44.47907115522036000, -68.19774244339259900 ) ) ;
#2522 = CARTESIAN_POINT ( 'NONE',  ( -739.4566684526904500, 139.6381593679879800, 96.93121068896236600 ) ) ;
#2523 = CARTESIAN_POINT ( 'NONE',  ( -970.0218588071625200, 2.946537576877777700, -68.73077494076127900 ) ) ;
#2524 = FACE_OUTER_BOUND ( 'NONE', #2773, .T. ) ;
#2525 = CARTESIAN_POINT ( 'NONE',  ( -943.8196562352206900, 67.74973517614549200, -98.63595560806311400 ) ) ;
#2526 = ADVANCED_FACE ( 'NONE', ( #1514 ), #5338, .F. ) ;
#2527 = CARTESIAN_POINT ( 'NONE',  ( -138.6352051122872200, 322.2531499355436600, 239.9999999999999700 ) ) ;
#2528 = CARTESIAN_POINT ( 'NONE',  ( -903.1420864286368400, 22.63471032366287300, -108.1743023418718600 ) ) ;
#2529 = CARTESIAN_POINT ( 'NONE',  ( -697.5048354111447700, 32.24347455655756500, -831.7835804254141300 ) ) ;
#2530 = CARTESIAN_POINT ( 'NONE',  ( -765.3907771952006000, -48.40841677983888000, 61.01380871239848600 ) ) ;
#2531 = CARTESIAN_POINT ( 'NONE',  ( -32.62372279653304500, 296.9357235279379100, 143.5981611016013600 ) ) ;
#2532 = CARTESIAN_POINT ( 'NONE',  ( -182.4776065189282700, 335.7629048197566100, 135.4787756342172700 ) ) ;
#2533 = ORIENTED_EDGE ( 'NONE', *, *, #1760, .F. ) ;
#2534 = CARTESIAN_POINT ( 'NONE',  ( -694.9555613965309200, 37.84811264510204200, 856.7035888763274400 ) ) ;
#2535 = CARTESIAN_POINT ( 'NONE',  ( -320.2242704645747200, 31.03790201622271600, -889.6698814765889000 ) ) ;
#2536 = DIRECTION ( 'NONE',  ( 0.0000000000000000000, 1.000000000000000000, 0.0000000000000000000 ) ) ;
#2537 = CARTESIAN_POINT ( 'NONE',  ( -177.0883751456041200, 289.1367999335227000, 239.9999999999999400 ) ) ;
#2538 = FACE_OUTER_BOUND ( 'NONE', #2082, .T. ) ;
#2539 = CARTESIAN_POINT ( 'NONE',  ( -715.2023944810606500, -26.62728409033206500, -756.8372120539907000 ) ) ;
#2540 = CARTESIAN_POINT ( 'NONE',  ( -915.6298795441993000, 25.43167670781177500, 105.7203344988070800 ) ) ;
#2541 = CARTESIAN_POINT ( 'NONE',  ( -919.9281327846239300, 75.38684089177860400, -87.27962050026573600 ) ) ;
#2542 = EDGE_CURVE ( 'NONE', #4710, #6158, #5544, .T. ) ;
#2543 = CARTESIAN_POINT ( 'NONE',  ( -1017.020758468606200, 0.3051693648552597500, -0.8508893914958631800 ) ) ;
#2544 = LINE ( 'NONE', #2095, #5555 ) ;
#2545 = VERTEX_POINT ( 'NONE', #967 ) ;
#2546 = CARTESIAN_POINT ( 'NONE',  ( -939.3953794367589600, 5.937876362663949700, 63.94694674773943200 ) ) ;
#2547 = CARTESIAN_POINT ( 'NONE',  ( -258.7992690864780300, 5.057472162087130100, -806.1456689356795100 ) ) ;
#2548 = CARTESIAN_POINT ( 'NONE',  ( -484.8036694764880400, 50.37456319402759400, 103.4138523966468500 ) ) ;
#2549 = CARTESIAN_POINT ( 'NONE',  ( -605.0299687486865400, -5.086740047754328300, -479.9023568143828700 ) ) ;
#2550 = CARTESIAN_POINT ( 'NONE',  ( -739.3599121847900100, 139.0494780956560700, 100.9671971955141300 ) ) ;
#2551 = AXIS2_PLACEMENT_3D ( 'NONE', #3888, #1217, #1769 ) ;
#2552 = CARTESIAN_POINT ( 'NONE',  ( -765.1992559046037700, 23.42730997547047500, 59.73750214031375800 ) ) ;
#2553 = PLANE ( 'NONE',  #4370 ) ;
#2554 = ORIENTED_EDGE ( 'NONE', *, *, #3677, .T. ) ;
#2555 = CARTESIAN_POINT ( 'NONE',  ( -138.0600598736830900, 322.1806288213746800, 239.9999999999999400 ) ) ;
#2556 = EDGE_CURVE ( 'NONE', #5151, #5205, #3232, .T. ) ;
#2557 = CARTESIAN_POINT ( 'NONE',  ( -288.7992690864781500, -566.0111526630779500, 655.0000000000000000 ) ) ;
#2558 = CARTESIAN_POINT ( 'NONE',  ( -731.8151122644769700, 51.43873704579421300, 120.2917647316909300 ) ) ;
#2559 = DIRECTION ( 'NONE',  ( 0.0000000000000000000, 1.000000000000000000, 0.0000000000000000000 ) ) ;
#2560 = CARTESIAN_POINT ( 'NONE',  ( -176.5384936330611100, 288.7363934696389300, 138.8010020737173100 ) ) ;
#2561 = AXIS2_PLACEMENT_3D ( 'NONE', #1758, #6057, #89 ) ;
#2562 = CARTESIAN_POINT ( 'NONE',  ( -172.5354093633571300, 339.2628294251252900, 114.6258755897547400 ) ) ;
#2563 = CARTESIAN_POINT ( 'NONE',  ( -515.1253989649039800, 7.202741035155889400, 210.5078935649555100 ) ) ;
#2564 = CARTESIAN_POINT ( 'NONE',  ( -731.4912538599129400, 48.17622287231039000, -120.1363606135620900 ) ) ;
#2565 = CARTESIAN_POINT ( 'NONE',  ( -174.0180554875361700, 287.2065113319802100, 239.9999999999999400 ) ) ;
#2566 = CARTESIAN_POINT ( 'NONE',  ( -714.8554148601529100, -24.65273771380776700, -762.6033802862367600 ) ) ;
#2567 = CARTESIAN_POINT ( 'NONE',  ( -916.1895975397238800, 52.96374694212986600, 105.6029301447656400 ) ) ;
#2568 = ADVANCED_FACE ( 'NONE', ( #6799 ), #6933, .F. ) ;
#2569 = EDGE_CURVE ( 'NONE', #6857, #178, #5366, .T. ) ;
#2570 = CARTESIAN_POINT ( 'NONE',  ( -138.1180973009495000, 281.8120210425492500, 240.0000000000000900 ) ) ;
#2571 = DIRECTION ( 'NONE',  ( 0.0000000000000000000, 0.0000000000000000000, 1.000000000000000000 ) ) ;
#2572 = DIRECTION ( 'NONE',  ( -1.000000000000000000, 0.0000000000000000000, 0.0000000000000000000 ) ) ;
#2573 = CARTESIAN_POINT ( 'NONE',  ( -513.2675037780667300, 54.87322084212027600, -373.8383188011163200 ) ) ;
#2574 = CARTESIAN_POINT ( 'NONE',  ( -856.0612703072381500, 38.32951521151910900, -114.8138395239117400 ) ) ;
#2575 = CARTESIAN_POINT ( 'NONE',  ( -773.1775074068381200, 47.42456331262857100, -119.4009345143556800 ) ) ;
#2576 = CARTESIAN_POINT ( 'NONE',  ( -524.0839179233563500, 24.10135128894039600, -479.8898481359895500 ) ) ;
#2577 = CARTESIAN_POINT ( 'NONE',  ( -930.5722778169612200, 7.164169077462492700, -49.73579614213221600 ) ) ;
#2578 = ORIENTED_EDGE ( 'NONE', *, *, #5036, .T. ) ;
#2579 = CARTESIAN_POINT ( 'NONE',  ( -767.3778496075324300, -49.25060836388760100, 55.62471913385940100 ) ) ;
#2580 = CARTESIAN_POINT ( 'NONE',  ( -770.0781411151467600, -48.81333128179127800, 54.73844108899105300 ) ) ;
#2581 = CARTESIAN_POINT ( 'NONE',  ( -139.2920215706240600, 322.3341483901069800, 240.0000000000000300 ) ) ;
#2582 = ORIENTED_EDGE ( 'NONE', *, *, #1447, .F. ) ;
#2583 = CARTESIAN_POINT ( 'NONE',  ( -530.2061565769819300, -7.705684670995872800, 0.0000000000000000000 ) ) ;
#2584 = CARTESIAN_POINT ( 'NONE',  ( -723.7945680158910600, -29.18071593480783600, -36.91470976221314300 ) ) ;
#2585 = CARTESIAN_POINT ( 'NONE',  ( -184.6267484020536400, 310.2834448515030200, -239.9999999999997700 ) ) ;
#2586 = EDGE_LOOP ( 'NONE', ( #7005, #3804, #5323 ) ) ;
#2587 =( BOUNDED_CURVE ( )  B_SPLINE_CURVE ( 3, ( #4599, #776, #1328, #6859 ),
 .UNSPECIFIED., .F., .F. ) 
 B_SPLINE_CURVE_WITH_KNOTS ( ( 4, 4 ),
 ( 4.222631012395130900, 4.712388980384686100 ),
 .UNSPECIFIED. ) 
 CURVE ( )  GEOMETRIC_REPRESENTATION_ITEM ( )  RATIONAL_B_SPLINE_CURVE ( ( 1.000000000000000000, 0.9801111140441746100, 0.9801111140441746100, 1.000000000000000000 ) ) 
 REPRESENTATION_ITEM ( '' )  );
#2588 = AXIS2_PLACEMENT_3D ( 'NONE', #370, #6947, #397 ) ;
#2589 = CARTESIAN_POINT ( 'NONE',  ( -182.5467137553861800, 294.7514432805502300, 138.6007280696397900 ) ) ;
#2590 = ORIENTED_EDGE ( 'NONE', *, *, #6524, .F. ) ;
#2591 = CARTESIAN_POINT ( 'NONE',  ( -587.9891637241610200, -77.57978771338689200, 844.4600299651677900 ) ) ;
#2592 = CARTESIAN_POINT ( 'NONE',  ( -352.0658689731510500, 113.6354625074090000, -594.0041901475590300 ) ) ;
#2593 = CARTESIAN_POINT ( 'NONE',  ( -739.1642678354912700, 139.7940145501377700, -120.1365566964787900 ) ) ;
#2594 = CARTESIAN_POINT ( 'NONE',  ( -178.8637193026657700, 290.5349540012135800, 239.9999999999999700 ) ) ;
#2595 = EDGE_CURVE ( 'NONE', #350, #1380, #3553, .T. ) ;
#2596 = ORIENTED_EDGE ( 'NONE', *, *, #2595, .T. ) ;
#2597 = CARTESIAN_POINT ( 'NONE',  ( -880.8878834470947400, 89.90343587034560400, 88.08790152733453700 ) ) ;
#2598 = DIRECTION ( 'NONE',  ( -0.09746563625553150700, 0.9952388907942174600, 0.0000000000000000000 ) ) ;
#2599 = CARTESIAN_POINT ( 'NONE',  ( -132.6687360916150200, 282.5129340988289600, 239.9999999999999700 ) ) ;
#2600 = VERTEX_POINT ( 'NONE', #1561 ) ;
#2601 = CARTESIAN_POINT ( 'NONE',  ( -731.8165205886455200, 400.0000000000000000, -120.2917345085309900 ) ) ;
#2602 = ORIENTED_EDGE ( 'NONE', *, *, #5768, .T. ) ;
#2603 = CARTESIAN_POINT ( 'NONE',  ( -507.6681307504380200, 755.5131867469334600, -650.0000000000000000 ) ) ;
#2604 = AXIS2_PLACEMENT_3D ( 'NONE', #5343, #4285, #4234 ) ;
#2605 = VERTEX_POINT ( 'NONE', #4229 ) ;
#2606 = CARTESIAN_POINT ( 'NONE',  ( -418.8108414987674500, 78.87170263032058400, -650.0000000000000000 ) ) ;
#2607 = CARTESIAN_POINT ( 'NONE',  ( -5.573319583618286500E-011, 122.6381822921860600, 130.7298876560337800 ) ) ;
#2608 = DIRECTION ( 'NONE',  ( 0.0000000000000000000, 0.0000000000000000000, -1.000000000000000000 ) ) ;
#2609 = CARTESIAN_POINT ( 'NONE',  ( -930.8578036902035800, 7.164169077462492700, -49.74729774213167800 ) ) ;
#2610 = FACE_OUTER_BOUND ( 'NONE', #1580, .T. ) ;
#2611 = CARTESIAN_POINT ( 'NONE',  ( -182.6750553488186300, 309.0509745859432100, 138.5964500165254700 ) ) ;
#2612 = CARTESIAN_POINT ( 'NONE',  ( -167.7373814126759400, 319.6018535515686400, 239.9999999999999400 ) ) ;
#2613 = CARTESIAN_POINT ( 'NONE',  ( -308.7992690864780300, 140.4205989181334900, 650.0000000000000000 ) ) ;
#2614 = CARTESIAN_POINT ( 'NONE',  ( -1027.366565385218300, 38.33894413331797300, 47.75748126390123400 ) ) ;
#2615 = B_SPLINE_CURVE_WITH_KNOTS ( 'NONE', 3,
 ( #2944, #2408, #1869, #5145 ),
 .UNSPECIFIED., .F., .F.,
 ( 4, 4 ),
 ( 0.0000000000000000000, 0.009042700231863222100 ),
 .UNSPECIFIED. ) ;
#2616 = LINE ( 'NONE', #5312, #1243 ) ;
#2617 = CARTESIAN_POINT ( 'NONE',  ( -534.0300862400527000, -11.13421401238134900, -0.0000000000000000000 ) ) ;
#2618 = CARTESIAN_POINT ( 'NONE',  ( -994.6031951088662000, 1.565050759440166100, -54.74811187495323100 ) ) ;
#2619 = DIRECTION ( 'NONE',  ( 1.000000000000000000, 0.0000000000000000000, 0.0000000000000000000 ) ) ;
#2620 = EDGE_CURVE ( 'NONE', #2498, #2321, #3336, .T. ) ;
#2621 = CARTESIAN_POINT ( 'NONE',  ( -728.9764564147534400, 27.51828684237357700, -102.2033468029367600 ) ) ;
#2622 = CARTESIAN_POINT ( 'NONE',  ( -182.0928979570674400, 294.0628838712312900, 240.0000000000000000 ) ) ;
#2623 = CARTESIAN_POINT ( 'NONE',  ( -707.9668462475953000, 3.970680263593845200, -668.6738732425183100 ) ) ;
#2624 = CYLINDRICAL_SURFACE ( 'NONE', #4390, 12307.97677111181800 ) ;
#2625 = CARTESIAN_POINT ( 'NONE',  ( -587.9891637241610200, 36.25976149783841200, 844.4600299651677900 ) ) ;
#2626 = CARTESIAN_POINT ( 'NONE',  ( -139.3676395048738900, 281.6566371781347600, 239.9999999999999400 ) ) ;
#2627 = CARTESIAN_POINT ( 'NONE',  ( -958.7206509622672000, 62.50417855656493800, -70.53335518855084300 ) ) ;
#2628 = CARTESIAN_POINT ( 'NONE',  ( -1009.313519238900000, 0.7383211375657935400, 36.56650602504837600 ) ) ;
#2629 = CARTESIAN_POINT ( 'NONE',  ( -728.6207401753297300, -21.08220599310537600, 269.8644133654630100 ) ) ;
#2630 = CARTESIAN_POINT ( 'NONE',  ( -870.5912832282590400, 32.35403945260093600, -113.2035587037925400 ) ) ;
#2631 = VECTOR ( 'NONE', #2690, 1000.000000000000000 ) ;
#2632 = CARTESIAN_POINT ( 'NONE',  ( -5.573319583618285200E-011, 123.4320408037182900, 132.1843176483160100 ) ) ;
#2633 = CARTESIAN_POINT ( 'NONE',  ( -1007.589910239763600, 0.8351890653911404600, 39.56955737032698300 ) ) ;
#2634 = ORIENTED_EDGE ( 'NONE', *, *, #1910, .T. ) ;
#2635 = VECTOR ( 'NONE', #3488, 1000.000000000000000 ) ;
#2636 = VECTOR ( 'NONE', #6709, 1000.000000000000000 ) ;
#2637 = CARTESIAN_POINT ( 'NONE',  ( -769.6961746380799200, 23.42730997547047500, 64.71272302272220100 ) ) ;
#2638 = CARTESIAN_POINT ( 'NONE',  ( -469.0710157804053900, 28.03962429833553600, -71.65342119842550500 ) ) ;
#2639 = CARTESIAN_POINT ( 'NONE',  ( -162.0596766507878800, 321.2997500537685500, 239.9999999999999100 ) ) ;
#2640 = B_SPLINE_CURVE_WITH_KNOTS ( 'NONE', 2,
 ( #4440, #1744, #694 ),
 .UNSPECIFIED., .F., .F.,
 ( 3, 3 ),
 ( 0.0000000000000000000, 1.000000000000000000 ),
 .UNSPECIFIED. ) ;
#2641 = VERTEX_POINT ( 'NONE', #4814 ) ;
#2642 = CARTESIAN_POINT ( 'NONE',  ( -728.6948296965165400, 26.57218991196057100, 95.30066013804292900 ) ) ;
#2643 = CARTESIAN_POINT ( 'NONE',  ( -855.4052764537917700, 73.21699231938713100, -114.8776019093374900 ) ) ;
#2644 = CIRCLE ( 'NONE', #3618, 38.00000000000003600 ) ;
#2645 = FACE_OUTER_BOUND ( 'NONE', #637, .T. ) ;
#2646 = CARTESIAN_POINT ( 'NONE',  ( -388.9432538963668500, 74.58854699431687200, 650.0000000000000000 ) ) ;
#2647 = CARTESIAN_POINT ( 'NONE',  ( -152.8576616101381900, 346.1899334104874100, 139.5903631411479500 ) ) ;
#2648 = VERTEX_POINT ( 'NONE', #2138 ) ;
#2649 = CARTESIAN_POINT ( 'NONE',  ( -330.2208444011911900, 119.1623276334164000, -650.0000000000000000 ) ) ;
#2650 = CARTESIAN_POINT ( 'NONE',  ( -728.9137427894420400, 27.21156454596437200, -101.0100812437708300 ) ) ;
#2651 = CARTESIAN_POINT ( 'NONE',  ( -155.6351622113483300, 281.4869790854112900, 239.9999999999999400 ) ) ;
#2652 = CARTESIAN_POINT ( 'NONE',  ( -167.2926150697863400, 279.0826522098839200, -139.1091980258263400 ) ) ;
#2653 = CARTESIAN_POINT ( 'NONE',  ( -669.6908340607190000, 73.43984978339578600, 650.0000000000000000 ) ) ;
#2654 = ORIENTED_EDGE ( 'NONE', *, *, #5677, .T. ) ;
#2655 = CARTESIAN_POINT ( 'NONE',  ( -133.3179029597268100, 282.4292268250279700, 239.9999999999999100 ) ) ;
#2656 = CARTESIAN_POINT ( 'NONE',  ( -141.1728542065670200, 317.4233716605549500, -139.9798567212668800 ) ) ;
#2657 = CARTESIAN_POINT ( 'NONE',  ( -349.7802306235590800, -77.57978771338689200, -882.4973492124208900 ) ) ;
#2658 = CARTESIAN_POINT ( 'NONE',  ( -738.3330176091544700, -29.44950962140120900, -0.0000000000000000000 ) ) ;
#2659 = CARTESIAN_POINT ( 'NONE',  ( -347.8183075493972200, 35.41838020342040500, 877.8983430316176300 ) ) ;
#2660 = CARTESIAN_POINT ( 'NONE',  ( -1016.297700418783400, 0.3458056895779103000, 13.66169342167685300 ) ) ;
#2661 = DIRECTION ( 'NONE',  ( 0.0000000000000000000, 0.0000000000000000000, 1.000000000000000000 ) ) ;
#2662 = CARTESIAN_POINT ( 'NONE',  ( -767.7837809538689300, -49.25060836388760100, 64.10548462347611600 ) ) ;
#2663 = CARTESIAN_POINT ( 'NONE',  ( -882.7853170959830300, 28.53487575718742500, 111.5622842421166000 ) ) ;
#2664 = CARTESIAN_POINT ( 'NONE',  ( -158.8431045326721300, 321.9941614900267300, 240.0000000000000000 ) ) ;
#2665 = EDGE_CURVE ( 'NONE', #2108, #2503, #2837, .T. ) ;
#2666 = CARTESIAN_POINT ( 'NONE',  ( -322.1861935387366300, -77.57978771338689200, -894.2688876573925000 ) ) ;
#2667 = CARTESIAN_POINT ( 'NONE',  ( -413.4222416891277000, 71.91118529648213100, 453.0067876111058400 ) ) ;
#2668 = CARTESIAN_POINT ( 'NONE',  ( -996.4641940669394000, 27.31809308081838900, 78.99400159398901200 ) ) ;
#2669 = CARTESIAN_POINT ( 'NONE',  ( -1028.008818434077700, 38.11285354052467500, -13.85503231264271800 ) ) ;
#2670 = CARTESIAN_POINT ( 'NONE',  ( -1026.598354690978100, 25.45081108402424200, -47.63374830962951000 ) ) ;
#2671 = CARTESIAN_POINT ( 'NONE',  ( -320.2242704645746600, -77.57978771338689200, 889.6698814765889000 ) ) ;
#2672 = CARTESIAN_POINT ( 'NONE',  ( -165.1967190960534100, 283.5578017290268300, 239.9999999999999400 ) ) ;
#2673 = CARTESIAN_POINT ( 'NONE',  ( -183.6418911876421900, 291.7459011875620800, -138.5642221552310800 ) ) ;
#2674 = CARTESIAN_POINT ( 'NONE',  ( -937.0470885403701700, 25.13078199938942300, -100.5072134400951400 ) ) ;
#2675 = CARTESIAN_POINT ( 'NONE',  ( -426.7095391877328400, 37.87063974342984800, -856.7564247831936700 ) ) ;
#2676 = CARTESIAN_POINT ( 'NONE',  ( -143.7897080865975000, 281.1967831544586100, 239.9999999999998900 ) ) ;
#2677 = CARTESIAN_POINT ( 'NONE',  ( -177.3135895454059000, 309.5703075147267800, -138.7751655433056300 ) ) ;
#2678 = CARTESIAN_POINT ( 'NONE',  ( 465.9699137599472500, -101.6600000000000000, -1100.000000000000000 ) ) ;
#2679 = EDGE_LOOP ( 'NONE', ( #5655, #972, #1660, #4361 ) ) ;
#2680 = CARTESIAN_POINT ( 'NONE',  ( -513.4672159472800100, 45.54542476513820000, -373.8168780586473800 ) ) ;
#2681 = DIRECTION ( 'NONE',  ( 1.000000000000000000, 2.610927889176040600E-016, 0.0000000000000000000 ) ) ;
#2682 = CARTESIAN_POINT ( 'NONE',  ( -1016.771606399477400, 0.3191718704478849200, -8.564322522969108700 ) ) ;
#2683 = CARTESIAN_POINT ( 'NONE',  ( -340.2067582421398100, 32.56893566885642600, 886.5813655469405600 ) ) ;
#2684 = ORIENTED_EDGE ( 'NONE', *, *, #3696, .T. ) ;
#2685 = CARTESIAN_POINT ( 'NONE',  ( -917.1676508575110300, 55.99303254970023100, -105.2134167781798600 ) ) ;
#2686 = B_SPLINE_CURVE_WITH_KNOTS ( 'NONE', 3,
 ( #681, #85, #4469, #3853, #1776, #610, #1730, #2802, #6124, #2313, #5580, #582, #2297, #4448, #6146, #2852, #3400, #6052, #3333, #38, #4421, #3352, #1059, #5915, #2534, #6320, #2486, #4717, #1993, #930, #2514, #3674, #868, #953, #6861, #3044, #5850, #6888, #4693, #5214, #1414, #2043, #1963, #6918 ),
 .UNSPECIFIED., .F., .F.,
 ( 4, 2, 2, 2, 2, 2, 2, 2, 2, 2, 2, 2, 2, 2, 2, 2, 2, 2, 2, 2, 2, 4 ),
 ( 0.0000000000000000000, 0.008544202477248116800, 0.01708840495449623400, 0.02136050619312041300, 0.02349655681243254700, 0.02563260743174467600, 0.03417680990899370900, 0.04272101238624273500, 0.04699311362486725800, 0.05126521486349177500, 0.05980941734074109900, 0.06835361981799043000, 0.07262572105661492500, 0.07689782229523943500, 0.08544202477248844000, 0.09398622724973745800, 0.1025304297269864600, 0.1110746322042354800, 0.1153467334428600200, 0.1196188346814845700, 0.1281630371587336400, 0.1367072396359827500 ),
 .UNSPECIFIED. ) ;
#2687 = CARTESIAN_POINT ( 'NONE',  ( -1024.284852231978900, 23.37549502953773500, 52.20704611595428400 ) ) ;
#2688 = CARTESIAN_POINT ( 'NONE',  ( -152.4619313188064800, 322.8478996550479100, 239.9999999999999100 ) ) ;
#2689 = ORIENTED_EDGE ( 'NONE', *, *, #7094, .F. ) ;
#2690 = DIRECTION ( 'NONE',  ( 0.9108497937590158700, 0.1391731009600654900, 0.3885659547339650500 ) ) ;
#2691 = CARTESIAN_POINT ( 'NONE',  ( -716.3488480570222200, -33.95958923328861100, -747.4656234519203500 ) ) ;
#2692 = ORIENTED_EDGE ( 'NONE', *, *, #3294, .F. ) ;
#2693 = CARTESIAN_POINT ( 'NONE',  ( -288.7992690864781500, 213.7750709259654800, 650.0000000000000000 ) ) ;
#2694 = CARTESIAN_POINT ( 'NONE',  ( -728.8373881854719200, 26.88366327722901200, -99.39423786005592400 ) ) ;
#2695 = CARTESIAN_POINT ( 'NONE',  ( -150.1254928725024300, 281.0240327471058800, 239.9999999999999700 ) ) ;
#2696 = EDGE_CURVE ( 'NONE', #5831, #4553, #3359, .T. ) ;
#2697 = CARTESIAN_POINT ( 'NONE',  ( -713.6417422221721800, -18.34833865756946700, -692.5699940605485400 ) ) ;
#2698 = CARTESIAN_POINT ( 'NONE',  ( -567.6464968580693300, 35.92599266185628400, -843.0109761468968400 ) ) ;
#2699 = ORIENTED_EDGE ( 'NONE', *, *, #521, .T. ) ;
#2700 = CARTESIAN_POINT ( 'NONE',  ( -101.2678165310501000, 286.6282313648351300, 239.9999999999999400 ) ) ;
#2701 = CARTESIAN_POINT ( 'NONE',  ( -180.8521528847363700, 306.3920293429707200, -138.6572134319946200 ) ) ;
#2702 = CARTESIAN_POINT ( 'NONE',  ( -697.5822349096503100, 32.06173956079073400, 870.1291897400489000 ) ) ;
#2703 = COLOUR_RGB ( '',0.7960784313725489700, 0.8235294117647058400, 0.9372549019607843100 ) ;
#2704 = CARTESIAN_POINT ( 'NONE',  ( -937.7339453365490300, -42.95343469536383200, -53.02057910938210500 ) ) ;
#2705 = CARTESIAN_POINT ( 'NONE',  ( -971.0375125829706300, -46.70541187800891700, -0.0000000000000000000 ) ) ;
#2706 = CARTESIAN_POINT ( 'NONE',  ( -728.8146454189958400, 26.56045258089886800, -95.29810048309241200 ) ) ;
#2707 = CARTESIAN_POINT ( 'NONE',  ( -875.7415570237755000, 12.17161705909654600, -89.19141765914258700 ) ) ;
#2709 = CARTESIAN_POINT ( 'NONE',  ( -855.4007566443984800, 39.18019051149043700, 114.8780418480589700 ) ) ;
#2708 =( BOUNDED_SURFACE ( )  B_SPLINE_SURFACE ( 3, 2, ( 
 ( #3877, #1227, #2876 ),
 ( #3924, #1163, #2806 ),
 ( #6676, #6692, #3424 ),
 ( #4988, #3355, #128 ),
 ( #3960, #6165, #2934 ),
 ( #1286, #1308, #2898 ),
 ( #6776, #6712, #5644 ),
 ( #2400, #5155, #5659 ),
 ( #1900, #6753, #5701 ),
 ( #2421, #2336, #6249 ),
 ( #4046, #171, #5175 ),
 ( #1838, #784, #3486 ),
 ( #2977, #4069, #4605 ),
 ( #3523, #3443, #6794 ),
 ( #3999, #809, #151 ),
 ( #5137, #1332, #3979 ),
 ( #6231, #2913, #721 ),
 ( #4559, #5113, #3505 ) ),
 .UNSPECIFIED., .F., .F., .F. ) 
 B_SPLINE_SURFACE_WITH_KNOTS ( ( 4, 2, 2, 2, 2, 2, 2, 2, 4 ),
 ( 3, 3 ),
 ( 5.702601151252222800, 5.847747190234063200, 5.992893229215904500, 6.138039268197745800, 6.283185307179586200, 6.428331346161426700, 6.573477385143268000, 6.718623424125109300, 6.863769463106949700 ),
 ( 0.1475654249788353700, 1.000000000000000000 ),
 .UNSPECIFIED. ) 
 GEOMETRIC_REPRESENTATION_ITEM ( )  RATIONAL_B_SPLINE_SURFACE ( (
 ( 0.9494987379789370200, 0.8288851808331586500, 1.000000000000000000),
 ( 0.9501922088439038700, 0.8312348872940940000, 1.000000000000000000),
 ( 0.9508051998324539300, 0.8333119015697551000, 1.000000000000000000),
 ( 0.9518620589106681100, 0.8368928863375821900, 1.000000000000000000),
 ( 0.9523058899410767900, 0.8383967312608501300, 1.000000000000000000),
 ( 0.9530183930970215200, 0.8408109253583054800, 1.000000000000000000),
 ( 0.9532870661182348800, 0.8417212775673403900, 1.000000000000000000),
 ( 0.9536456914159423500, 0.8429364175561245800, 1.000000000000000000),
 ( 0.9537356441442033100, 0.8432412068666084200, 1.000000000000000000),
 ( 0.9537356441442033100, 0.8432412068666084200, 1.000000000000000000),
 ( 0.9536456914158966100, 0.8429364175559698200, 1.000000000000000000),
 ( 0.9532870661182806200, 0.8417212775674950400, 1.000000000000000000),
 ( 0.9530183930970215200, 0.8408109253583053700, 1.000000000000000000),
 ( 0.9523058899410767900, 0.8383967312608500100, 1.000000000000000000),
 ( 0.9518620589108064400, 0.8368928863380508100, 1.000000000000000000),
 ( 0.9508051998323154800, 0.8333119015692864700, 1.000000000000000000),
 ( 0.9501922088440079000, 0.8312348872944465000, 1.000000000000000000),
 ( 0.9494987379789370200, 0.8288851808331587600, 1.000000000000000000) ) ) 
 REPRESENTATION_ITEM ( '' )  SURFACE ( )  );
#2710 = CARTESIAN_POINT ( 'NONE',  ( -165.0413521747794100, 320.4891884664684800, 239.9999999999999700 ) ) ;
#2711 = CARTESIAN_POINT ( 'NONE',  ( -5.573319583618286500E-011, 126.3466639456766500, -136.1746032277062900 ) ) ;
#2712 = CARTESIAN_POINT ( 'NONE',  ( -547.8046629131712300, 32.17899601933302700, 451.8267385554135600 ) ) ;
#2713 = CARTESIAN_POINT ( 'NONE',  ( -856.8016394740775500, -50.78869975361210700, 67.44987458550431800 ) ) ;
#2714 = LINE ( 'NONE', #2105, #4763 ) ;
#2715 = CARTESIAN_POINT ( 'NONE',  ( -375.4209598999160600, 92.92953237961236800, 569.1364520728456000 ) ) ;
#2716 = EDGE_CURVE ( 'NONE', #978, #4729, #1926, .T. ) ;
#2717 = CARTESIAN_POINT ( 'NONE',  ( -143.8233943768702800, 322.8664308143299300, 114.8776203492508900 ) ) ;
#2718 = CARTESIAN_POINT ( 'NONE',  ( -710.0071642210425600, -3.065790064900423900, -674.1309127660911100 ) ) ;
#2719 = CARTESIAN_POINT ( 'NONE',  ( -966.0375125829706300, -38.04515784016426500, -0.0000000000000000000 ) ) ;
#2720 = ORIENTED_EDGE ( 'NONE', *, *, #83, .T. ) ;
#2721 = CARTESIAN_POINT ( 'NONE',  ( -32.16162463568240100, 296.9982696735072500, 239.9999999999998900 ) ) ;
#2722 = CARTESIAN_POINT ( 'NONE',  ( -167.1829898283872100, 314.6827761075345500, -139.1128522005395200 ) ) ;
#2723 = EDGE_LOOP ( 'NONE', ( #4737, #183, #5504, #3610, #1384, #1526, #65, #5290, #410 ) ) ;
#2724 = CARTESIAN_POINT ( 'NONE',  ( -702.5574734087102800, 19.87024199249027100, 820.4242371274091300 ) ) ;
#2725 = CIRCLE ( 'NONE', #6690, 80.00000000000001400 ) ;
#2726 = LINE ( 'NONE', #4511, #2636 ) ;
#2727 = CARTESIAN_POINT ( 'NONE',  ( -930.8340912860213600, -44.05372242824076100, -69.73126554151106400 ) ) ;
#2728 = CARTESIAN_POINT ( 'NONE',  ( -769.2829688526705900, -48.74655910611822700, -54.82599728835222000 ) ) ;
#2729 = CARTESIAN_POINT ( 'NONE',  ( -916.2188226148689400, 53.05136739624617800, 105.5957882377810400 ) ) ;
#2730 = CARTESIAN_POINT ( 'NONE',  ( -476.5565684798008300, 36.82738715558653600, 847.2221452066630700 ) ) ;
#2731 = ORIENTED_EDGE ( 'NONE', *, *, #6673, .T. ) ;
#2732 = CARTESIAN_POINT ( 'NONE',  ( -918.9483379989701500, 76.50511764219056900, -81.22163257603104100 ) ) ;
#2733 = ORIENTED_EDGE ( 'NONE', *, *, #1264, .T. ) ;
#2734 = CARTESIAN_POINT ( 'NONE',  ( -178.3682016629564700, 313.8819417700484000, 240.0000000000000000 ) ) ;
#2735 = CARTESIAN_POINT ( 'NONE',  ( -880.8878834471074700, 89.90343587034117000, -88.08790152733168100 ) ) ;
#2736 = CARTESIAN_POINT ( 'NONE',  ( -390.9140106874749000, 82.58970804622003900, 650.0000000000000000 ) ) ;
#2737 = CARTESIAN_POINT ( 'NONE',  ( -796.7389216428987300, -51.03968657318807100, 65.57199749713815600 ) ) ;
#2738 = EDGE_CURVE ( 'NONE', #4424, #4072, #487, .T. ) ;
#2739 = CARTESIAN_POINT ( 'NONE',  ( -958.7206509622667500, 62.50417855656503700, 70.53335518855200800 ) ) ;
#2740 = ORIENTED_EDGE ( 'NONE', *, *, #5623, .T. ) ;
#2741 = DIRECTION ( 'NONE',  ( -1.000000000000000000, -2.610927889176040600E-016, -0.0000000000000000000 ) ) ;
#2742 = CARTESIAN_POINT ( 'NONE',  ( -907.0460943670178700, 20.38490741173120600, -106.7420409600020000 ) ) ;
#2743 = CARTESIAN_POINT ( 'NONE',  ( -767.6448132372386200, 22.75773813321041300, 55.44955150076225400 ) ) ;
#2744 = CARTESIAN_POINT ( 'NONE',  ( -930.1675271803104600, -44.14907951510723200, 69.74124750178451400 ) ) ;
#2745 = CARTESIAN_POINT ( 'NONE',  ( -40.08396188827545400, 290.4532767321820200, -143.3494864652100200 ) ) ;
#2746 = CARTESIAN_POINT ( 'NONE',  ( -801.8725419067953900, -55.20046801887628600, 62.35015373822300700 ) ) ;
#2747 = PLANE ( 'NONE',  #1355 ) ;
#2748 = CARTESIAN_POINT ( 'NONE',  ( -107.4073685269938900, 285.8086692831851100, 239.9999999999999400 ) ) ;
#2749 = CARTESIAN_POINT ( 'NONE',  ( -139.2966639815506900, 317.1903681806691700, -140.0423963954342200 ) ) ;
#2750 = CARTESIAN_POINT ( 'NONE',  ( -704.4337936523577400, 14.75190279703574500, 904.5844062775204300 ) ) ;
#2751 = CARTESIAN_POINT ( 'NONE',  ( -940.2492496355424700, -42.58442640084999200, -61.08635903754562000 ) ) ;
#2752 = CARTESIAN_POINT ( 'NONE',  ( -468.2256481836728300, 36.04087694768109200, 843.4900975561563400 ) ) ;
#2753 = CARTESIAN_POINT ( 'NONE',  ( -715.8349317611191500, -30.49831232253580600, 706.9905599245729500 ) ) ;
#2754 = CARTESIAN_POINT ( 'NONE',  ( -806.5265316544838500, 44.18807967036339300, 118.6826832148217200 ) ) ;
#2755 = CARTESIAN_POINT ( 'NONE',  ( -180.1430999438819900, 312.2703999967179700, 239.9999999999999700 ) ) ;
#2756 = ORIENTED_EDGE ( 'NONE', *, *, #6151, .T. ) ;
#2757 = CARTESIAN_POINT ( 'NONE',  ( -770.0121902275802800, -49.25061185733253700, -64.73559679110665900 ) ) ;
#2758 = CARTESIAN_POINT ( 'NONE',  ( -342.6364562004772000, 111.5216994009667400, -650.0000000000000000 ) ) ;
#2759 = EDGE_CURVE ( 'NONE', #3615, #3382, #1559, .T. ) ;
#2760 = CARTESIAN_POINT ( 'NONE',  ( -711.8568504542175800, -28.00425256398110500, 269.8670942215699100 ) ) ;
#2761 = CARTESIAN_POINT ( 'NONE',  ( -696.4581469168530200, 34.58527463767816100, -655.5685260122048700 ) ) ;
#2762 = ORIENTED_EDGE ( 'NONE', *, *, #4800, .T. ) ;
#2763 = DIRECTION ( 'NONE',  ( -0.5223487729064098000, -0.02935633502662118200, 0.8522264752030254100 ) ) ;
#2764 = CARTESIAN_POINT ( 'NONE',  ( -938.1652815967243000, -42.88743503609292400, 53.50403666305379600 ) ) ;
#2765 = EDGE_LOOP ( 'NONE', ( #3797, #345, #2692, #695 ) ) ;
#2766 = CARTESIAN_POINT ( 'NONE',  ( -27.05414456146719400, 292.8672705642453000, -143.7838137094368600 ) ) ;
#2767 = CARTESIAN_POINT ( 'NONE',  ( -366.7937014670116600, 102.8553146867645300, 592.9706722561451200 ) ) ;
#2768 = CARTESIAN_POINT ( 'NONE',  ( -731.8216314142727000, 116.1323393407438300, -120.2915641476767700 ) ) ;
#2769 = CARTESIAN_POINT ( 'NONE',  ( -42.25959371570199600, 295.2471906472526900, 239.9999999999999700 ) ) ;
#2770 = CARTESIAN_POINT ( 'NONE',  ( -715.1825058820333000, -26.51366152169535800, 710.9541609990235400 ) ) ;
#2771 = VERTEX_POINT ( 'NONE', #1637 ) ;
#2772 = CARTESIAN_POINT ( 'NONE',  ( -697.7945862476950700, 31.57821741297097500, 872.7189192053476700 ) ) ;
#2773 = EDGE_LOOP ( 'NONE', ( #5696, #2596, #3917, #5521 ) ) ;
#2774 = CARTESIAN_POINT ( 'NONE',  ( -767.6435069227773100, -48.60586013564127900, -55.45043818544106500 ) ) ;
#2775 = AXIS2_PLACEMENT_3D ( 'NONE', #6203, #4015, #5457 ) ;
#2776 = CARTESIAN_POINT ( 'NONE',  ( -932.6611822375347200, 6.597369187246364700, -49.99088268688061700 ) ) ;
#2777 = ORIENTED_EDGE ( 'NONE', *, *, #7111, .T. ) ;
#2778 = CARTESIAN_POINT ( 'NONE',  ( -16.87354429593224500, 303.4303301279865100, 144.1231670516214400 ) ) ;
#2779 = VERTEX_POINT ( 'NONE', #1136 ) ;
#2780 = CARTESIAN_POINT ( 'NONE',  ( 465.9699137599472500, -201.6600000000000000, -1100.000000000000000 ) ) ;
#2781 = CARTESIAN_POINT ( 'NONE',  ( -715.9374137526652900, -31.16313701412407500, -709.0573496272285200 ) ) ;
#2782 =( LENGTH_UNIT ( ) NAMED_UNIT ( * ) SI_UNIT ( .MILLI., .METRE. ) );
#2783 = B_SPLINE_CURVE_WITH_KNOTS ( 'NONE', 3,
 ( #250, #1359, #6878, #3509, #4079, #1887, #3605, #4657, #838, #230, #4051, #4633, #5185, #275, #5710, #3031, #794, #298, #4612, #5162, #5207, #2427, #4588, #2984, #6850, #3533, #1318, #1954 ),
 .UNSPECIFIED., .F., .F.,
 ( 4, 2, 2, 2, 2, 2, 2, 2, 2, 2, 2, 2, 2, 4 ),
 ( 2.775557561562891400E-017, 0.004782643247461908200, 0.007173964871192792100, 0.009565286494923675900, 0.01434792974238537100, 0.01673925136611624200, 0.01913057298984711200, 0.02391321623730891000, 0.02630453786103980500, 0.02869585948477070700, 0.03347850273223249000, 0.03586982435596337800, 0.03706548516782883600, 0.03826114597969428700 ),
 .UNSPECIFIED. ) ;
#2784 = FACE_OUTER_BOUND ( 'NONE', #403, .T. ) ;
#2785 = CARTESIAN_POINT ( 'NONE',  ( -1038.145799342743400, 34.58527463767803300, -655.5685260122048700 ) ) ;
#2786 = CARTESIAN_POINT ( 'NONE',  ( -774.0642468253603300, 23.59035881302534000, 479.9273741711696200 ) ) ;
#2787 = DIRECTION ( 'NONE',  ( 0.8525939347305838700, 0.0000000000000000000, 0.5225739971148784000 ) ) ;
#2788 = CARTESIAN_POINT ( 'NONE',  ( -940.3849347119414700, 7.164169369840226200, 59.73525065411046600 ) ) ;
#2789 = CARTESIAN_POINT ( 'NONE',  ( -24.27771448673379200, 293.4641455603057200, -143.8763613785945900 ) ) ;
#2790 = FACE_OUTER_BOUND ( 'NONE', #1669, .T. ) ;
#2791 = CARTESIAN_POINT ( 'NONE',  ( -350.0711802801639000, 116.0662077097440300, 650.0000000000000000 ) ) ;
#2792 = CARTESIAN_POINT ( 'NONE',  ( -910.5815566374590200, 23.77432361436273200, -106.7482586470301000 ) ) ;
#2793 = CARTESIAN_POINT ( 'NONE',  ( -85.88636565890847400, 288.7144522469208100, 239.9999999999999700 ) ) ;
#2794 = CARTESIAN_POINT ( 'NONE',  ( -715.7071321399522500, -29.68635682429619400, 726.7885699272360400 ) ) ;
#2795 = CARTESIAN_POINT ( 'NONE',  ( -530.2061565769819300, -7.705684670995872800, 0.0000000000000000000 ) ) ;
#2796 = LINE ( 'NONE', #2591, #1330 ) ;
#2797 = B_SPLINE_SURFACE_WITH_KNOTS ( 'NONE', 3, 1, ( 
 ( #530, #1061 ),
 ( #5453, #1629 ),
 ( #1087, #4888 ),
 ( #6638, #3901 ),
 ( #1736, #5015 ),
 ( #3358, #638 ),
 ( #5536, #2277 ),
 ( #4494, #5958 ),
 ( #1781, #6149 ),
 ( #2281, #5042 ),
 ( #5587, #1625 ),
 ( #2170, #5326 ),
 ( #6430, #5168 ),
 ( #3305, #5076 ),
 ( #6162, #2788 ),
 ( #1323, #4655 ),
 ( #5204, #227 ),
 ( #1927, #5708 ),
 ( #4094, #6847 ),
 ( #1404, #2501 ),
 ( #3002, #3530 ),
 ( #6828, #4609 ),
 ( #4049, #2452 ),
 ( #4119, #6330 ),
 ( #6235, #857 ),
 ( #4585, #1334 ),
 ( #790, #836 ),
 ( #247, #3580 ),
 ( #3493, #1950 ),
 ( #6279, #4076 ),
 ( #1357, #1377 ),
 ( #4681, #3554 ) ),
 .UNSPECIFIED., .F., .F., .F.,
 ( 4, 1, 1, 1, 1, 1, 1, 1, 1, 1, 1, 1, 1, 1, 1, 1, 1, 1, 1, 1, 1, 1, 1, 1, 1, 1, 1, 1, 1, 4 ),
 ( 2, 2 ),
 ( 0.0000000000000000000, 0.01572003842053681900, 0.03142635456515274800, 0.04715852277060816900, 0.06295592351722634200, 0.09419377737998069200, 0.1252988282793864300, 0.1565454608293056500, 0.1879704761907682300, 0.2502336948690691000, 0.3127840375061704500, 0.3752757237845505400, 0.4375990424940250400, 0.5002095354226013800, 0.5624750269138194500, 0.6250309662853146300, 0.6874882875305398100, 0.7498238182070093800, 0.8124308279555019200, 0.8436871364421785200, 0.8747787365483299400, 0.9060652635760869700, 0.9374674908797611100, 0.9464412786460906200, 0.9553895579220131900, 0.9643194855879631000, 0.9732382626564036700, 0.9821531171139498100, 0.9910712864383091100, 1.000000000000000000 ),
 ( 0.0000000000000000000, 1.000000000000000000 ),
 .UNSPECIFIED. ) ;
#2798 =( NAMED_UNIT ( * ) PLANE_ANGLE_UNIT ( ) SI_UNIT ( $, .RADIAN. ) );
#2799 = CARTESIAN_POINT ( 'NONE',  ( -936.7889275742362500, 6.193131183706454700, -52.08305628874515500 ) ) ;
#2800 = EDGE_CURVE ( 'NONE', #7034, #58, #1182, .T. ) ;
#2801 = CARTESIAN_POINT ( 'NONE',  ( -729.5885943808306100, 26.48465650581622200, 120.3397264138162100 ) ) ;
#2802 = CARTESIAN_POINT ( 'NONE',  ( -701.2317020097956400, 23.30032009302142300, 902.2472217161649700 ) ) ;
#2803 = CYLINDRICAL_SURFACE ( 'NONE', #3334, 85.00000000000000000 ) ;
#2804 = PRESENTATION_LAYER_ASSIGNMENT (  '', '', ( #5415 ) ) ;
#2805 = ORIENTED_EDGE ( 'NONE', *, *, #925, .T. ) ;
#2806 = CARTESIAN_POINT ( 'NONE',  ( -1014.600837529027900, 42.83282856652003500, -34.29391322266703700 ) ) ;
#2807 = CARTESIAN_POINT ( 'NONE',  ( -1038.145799342743400, 50.08600469205194400, -734.0524566463253700 ) ) ;
#2808 = CARTESIAN_POINT ( 'NONE',  ( -410.0055209586288900, 68.64394721864033500, -571.5003841979898900 ) ) ;
#2809 = PRESENTATION_STYLE_ASSIGNMENT (( #2246 ) ) ;
#2810 = CYLINDRICAL_SURFACE ( 'NONE', #2478, 717.0091088048179700 ) ;
#2811 = CARTESIAN_POINT ( 'NONE',  ( -110.4287047268479400, 280.2241392128531700, -239.9999999999999100 ) ) ;
#2812 = B_SPLINE_SURFACE_WITH_KNOTS ( 'NONE', 3, 3, ( 
 ( #7019, #1096, #7069, #1049, #6468, #4923, #6521 ),
 ( #3771, #3249, #3194, #4336, #3718, #4311, #517 ),
 ( #2063, #1641, #3791, #5397, #4283, #1026, #5940 ),
 ( #5367, #6991, #3745, #2092, #5962, #2116, #4850 ) ),
 .UNSPECIFIED., .F., .F., .F.,
 ( 4, 4 ),
 ( 4, 1, 1, 1, 4 ),
 ( 0.0000000000000000000, 1.000000000000000000 ),
 ( 0.0000000000000000000, 0.2982968211775609600, 0.6153669425867313000, 0.7410739866888770300, 1.000000000000000000 ),
 .UNSPECIFIED. ) ;
#2813 = EDGE_CURVE ( 'NONE', #3382, #357, #5376, .T. ) ;
#2814 = CARTESIAN_POINT ( 'NONE',  ( -488.4730880593238000, 4.561059485897862600, 0.0000000000000000000 ) ) ;
#2815 = DIRECTION ( 'NONE',  ( 1.000000000000000000, 2.610927889176040600E-016, 0.0000000000000000000 ) ) ;
#2816 = ORIENTED_EDGE ( 'NONE', *, *, #131, .T. ) ;
#2817 = CARTESIAN_POINT ( 'NONE',  ( -938.7372758657093100, -42.79993836355713200, 54.33335089696846200 ) ) ;
#2818 = FACE_OUTER_BOUND ( 'NONE', #1747, .T. ) ;
#2819 = CARTESIAN_POINT ( 'NONE',  ( -145.0876036971974100, 275.9495193977747400, -139.8493650715793100 ) ) ;
#2820 = CARTESIAN_POINT ( 'NONE',  ( -396.7006316504052300, 94.88199682567854200, 509.9181256018205800 ) ) ;
#2821 = VECTOR ( 'NONE', #2661, 1000.000000000000000 ) ;
#2822 = DIRECTION ( 'NONE',  ( 2.610927889176040600E-016, -1.000000000000000000, 0.0000000000000000000 ) ) ;
#2823 =( BOUNDED_CURVE ( )  B_SPLINE_CURVE ( 3, ( #3395, #2909, #1848, #103 ),
 .UNSPECIFIED., .F., .F. ) 
 B_SPLINE_CURVE_WITH_KNOTS ( ( 4, 4 ),
 ( 4.733846311871580800, 4.778455634936655400 ),
 .UNSPECIFIED. ) 
 CURVE ( )  GEOMETRIC_REPRESENTATION_ITEM ( )  RATIONAL_B_SPLINE_CURVE ( ( 1.000000000000000000, 0.9998341742329751600, 0.9998341742329751600, 1.000000000000000000 ) ) 
 REPRESENTATION_ITEM ( '' )  );
#2824 = CARTESIAN_POINT ( 'NONE',  ( -396.7006316504052300, 94.88199682567854200, 509.9181256018205800 ) ) ;
#2825 = CARTESIAN_POINT ( 'NONE',  ( -715.6993799046540500, -29.63726588446418100, 741.0017254382164500 ) ) ;
#2826 = CARTESIAN_POINT ( 'NONE',  ( -855.3638864233428200, 72.96577670751436500, -114.8816014359633800 ) ) ;
#2827 = ORIENTED_EDGE ( 'NONE', *, *, #521, .F. ) ;
#2828 = CARTESIAN_POINT ( 'NONE',  ( -716.1898222894010400, -32.85264048393531800, 715.3227963218523700 ) ) ;
#2829 = CARTESIAN_POINT ( 'NONE',  ( -182.0654653120066900, 309.9764720725253800, 138.6167696844191500 ) ) ;
#2830 = B_SPLINE_CURVE_WITH_KNOTS ( 'NONE', 3,
 ( #2331, #148, #1729, #4535, #2272, #6654, #3380, #84, #7114, #3840, #2841, #6039, #1296, #1694, #2237, #6111, #2764, #2817, #1670, #3342, #4994, #5540, #1719, #1645, #6642, #3861, #3474, #4570, #6083, #1123, #184, #5493, #6575, #6597, #4951, #3317, #3362, #49, #6065, #1740, #567, #5469, #4382, #2191, #73, #6013, #4009, #753, #25, #3295, #2744, #1169 ),
 .UNSPECIFIED., .F., .F.,
 ( 4, 2, 2, 2, 2, 2, 2, 2, 2, 2, 2, 2, 2, 2, 2, 2, 2, 2, 2, 2, 2, 2, 2, 2, 2, 4 ),
 ( 1.127436811220733500E-016, 0.0005011265150205489500, 0.001002253030040985100, 0.002004506060081525300, 0.003006759090122065100, 0.004009012120162604900, 0.006013518180243985400, 0.008018024240325365800, 0.01002253030040674800, 0.01102478333044735300, 0.01202703636048795700, 0.01302928939052856200, 0.01403154242056916900, 0.01603604848065031200, 0.01804055454073145600, 0.02004506060081260100, 0.02104731363085315200, 0.02204956666089370400, 0.02305181969093425500, 0.02405407272097480700, 0.02605857878105615300, 0.02806308484113749800, 0.03006759090121884800, 0.03106984393125936100, 0.03157097044627945500, 0.03207209696129954800 ),
 .UNSPECIFIED. ) ;
#2831 = CARTESIAN_POINT ( 'NONE',  ( -24.85858544678537300, 305.5163033679318700, 143.8569990132596400 ) ) ;
#2832 = DIRECTION ( 'NONE',  ( 1.000000000000000000, 0.0000000000000000000, 0.0000000000000000000 ) ) ;
#2833 = DIRECTION ( 'NONE',  ( 0.0000000000000000000, 0.0000000000000000000, 1.000000000000000000 ) ) ;
#2834 = CARTESIAN_POINT ( 'NONE',  ( -700.9174613660214800, 24.10077794295650100, -892.2079401485254900 ) ) ;
#2835 = EDGE_CURVE ( 'NONE', #1112, #2545, #3878, .T. ) ;
#2836 = CARTESIAN_POINT ( 'NONE',  ( -0.8074310349025399800, 97.85559110999430700, 40.68698456244212700 ) ) ;
#2837 =( BOUNDED_CURVE ( )  B_SPLINE_CURVE ( 3, ( #1587, #4987, #5983, #3814 ),
 .UNSPECIFIED., .F., .F. ) 
 B_SPLINE_CURVE_WITH_KNOTS ( ( 4, 4 ),
 ( 4.192094400408546300, 4.266305409393359200 ),
 .UNSPECIFIED. ) 
 CURVE ( )  GEOMETRIC_REPRESENTATION_ITEM ( )  RATIONAL_B_SPLINE_CURVE ( ( 1.000000000000000000, 0.9995411131660680800, 0.9995411131660680800, 1.000000000000000000 ) ) 
 REPRESENTATION_ITEM ( '' )  );
#2838 = CARTESIAN_POINT ( 'NONE',  ( -707.0714089311918500, 6.860899705293418200, 915.6028969948491700 ) ) ;
#2839 = ADVANCED_FACE ( 'NONE', ( #293 ), #112, .F. ) ;
#2840 = CARTESIAN_POINT ( 'NONE',  ( -322.1861935387366300, 28.62493671749809100, -894.2688876573925000 ) ) ;
#2841 = CARTESIAN_POINT ( 'NONE',  ( -933.5977478706184900, -43.57767985786418300, 50.28232203587754900 ) ) ;
#2842 = CARTESIAN_POINT ( 'NONE',  ( -111.2734106630676800, 280.1433059851998500, -140.9765048393835800 ) ) ;
#2843 = AXIS2_PLACEMENT_3D ( 'NONE', #3552, #226, #4024 ) ;
#2844 = CARTESIAN_POINT ( 'NONE',  ( -110.4287047268478800, 280.2241392128531700, -137.9225819429058800 ) ) ;
#2845 = CARTESIAN_POINT ( 'NONE',  ( -912.8363143123485800, 24.29426468371452300, -106.2952571495083200 ) ) ;
#2846 = CARTESIAN_POINT ( 'NONE',  ( -712.9269744353281300, -15.00387880725982400, 687.5301173754916100 ) ) ;
#2847 = ORIENTED_EDGE ( 'NONE', *, *, #6887, .T. ) ;
#2848 = CARTESIAN_POINT ( 'NONE',  ( -4.503843668905401100, 97.49359434383166000, -78.67432827663029100 ) ) ;
#2849 = CARTESIAN_POINT ( 'NONE',  ( -179.4961097017173300, 312.9199541328640100, 138.7024148714288300 ) ) ;
#2850 = B_SPLINE_CURVE_WITH_KNOTS ( 'NONE', 3,
 ( #4216, #4240, #3619, #2516, #337, #5900, #956, #3728, #6428, #6977, #872, #3700, #425, #4165, #981, #1420, #5243, #1966, #5799, #906, #4721, #4931, #3299, #3803, #7028, #1651, #473, #1103, #4831, #4293, #6478, #4906, #2150, #1058, #551, #5477, #4269, #2749, #2656, #3257, #4321, #2197, #6019, #2126, #2101, #6580, #7078, #5, #448, #2722, #4885, #1600, #5973, #7055, #5922, #5994, #2677, #3228, #5430, #2701, #3203, #4367, #499, #4859, #6533, #528, #1005, #5947, #1547, #5451, #4346, #3755 ),
 .UNSPECIFIED., .F., .F.,
 ( 4, 2, 2, 2, 2, 2, 2, 2, 2, 2, 2, 2, 2, 2, 2, 2, 2, 2, 2, 2, 2, 2, 2, 2, 2, 2, 2, 2, 2, 2, 2, 2, 2, 2, 2, 4 ),
 ( 5.618469141565345700E-017, 0.0001796533707316779400, 0.0003593067414632996600, 0.0007186134829264163000, 0.001437226965852647900, 0.002874453931705187300, 0.004311680897557726100, 0.005748907863410266200, 0.008623361795115353300, 0.01149781572682044200, 0.01724672359023064800, 0.02299563145364085000, 0.03449344718046126100, 0.04599126290728167800, 0.06898689436092252100, 0.09198252581456337100, 0.1149781572682042100, 0.1207270651316144500, 0.1264759729950246900, 0.1322248808584349200, 0.1379737887218451800, 0.1437226965852554400, 0.1494716044486656700, 0.1523460583803707400, 0.1552205123120758400, 0.1609694201754860200, 0.1638438741071911200, 0.1667183280388962200, 0.1695927819706013200, 0.1724672359023064500, 0.1753416898340115500, 0.1767789167998640400, 0.1782161437657165100, 0.1810905976974213900, 0.1825278246632739100, 0.1839650516291264400 ),
 .UNSPECIFIED. ) ;
#2851 = ORIENTED_EDGE ( 'NONE', *, *, #2759, .T. ) ;
#2852 = CARTESIAN_POINT ( 'NONE',  ( -696.8479801332233600, 33.71978703902176700, 883.3050765013180100 ) ) ;
#2853 = CARTESIAN_POINT ( 'NONE',  ( -258.7992690864780900, 213.7750709259654500, -650.0000000000000000 ) ) ;
#2854 = DIRECTION ( 'NONE',  ( -0.9448755606252611200, -0.05310261065960561500, 0.3230948586316922400 ) ) ;
#2855 = ORIENTED_EDGE ( 'NONE', *, *, #2872, .F. ) ;
#2856 = EDGE_CURVE ( 'NONE', #354, #5619, #5778, .T. ) ;
#2857 = ORIENTED_EDGE ( 'NONE', *, *, #5862, .T. ) ;
#2858 = CARTESIAN_POINT ( 'NONE',  ( -1000.683529437913800, 47.73210065560851900, -51.05256886180770700 ) ) ;
#2859 = CARTESIAN_POINT ( 'NONE',  ( -916.2188226148689400, 53.05136739624617800, 105.5957882377810400 ) ) ;
#2860 = CARTESIAN_POINT ( 'NONE',  ( -965.5218452665626500, -37.86112661497390500, 62.35021923255894900 ) ) ;
#2861 = ORIENTED_EDGE ( 'NONE', *, *, #3357, .T. ) ;
#2862 = ORIENTED_EDGE ( 'NONE', *, *, #1245, .T. ) ;
#2863 = CARTESIAN_POINT ( 'NONE',  ( -739.4335370044979100, 139.6992244574324200, -95.30066013804140800 ) ) ;
#2864 = CARTESIAN_POINT ( 'NONE',  ( -531.8924248352152500, 48.45341906454059000, 373.8240249728036700 ) ) ;
#2865 = ORIENTED_EDGE ( 'NONE', *, *, #6838, .T. ) ;
#2866 = CARTESIAN_POINT ( 'NONE',  ( -513.2675037780667300, 54.87322084212027600, 373.8383188011163200 ) ) ;
#2867 = CARTESIAN_POINT ( 'NONE',  ( -732.0292279767047600, 51.41795551113903400, -120.2871615096263400 ) ) ;
#2868 = ORIENTED_EDGE ( 'NONE', *, *, #5999, .F. ) ;
#2869 = EDGE_CURVE ( 'NONE', #982, #1524, #5108, .T. ) ;
#2870 = B_SPLINE_CURVE_WITH_KNOTS ( 'NONE', 3,
 ( #2473, #273, #1315, #4631, #1906, #5141 ),
 .UNSPECIFIED., .F., .F.,
 ( 4, 1, 1, 4 ),
 ( 0.0000000000000000000, 0.8318059279503584600, 0.9159029244924025100, 1.000000000000000000 ),
 .UNSPECIFIED. ) ;
#2871 = LINE ( 'NONE', #968, #4848 ) ;
#2872 = EDGE_CURVE ( 'NONE', #6534, #23, #1605, .T. ) ;
#2873 = CARTESIAN_POINT ( 'NONE',  ( 8.201396477396263800, 376.6764974038424600, -144.9589984107323600 ) ) ;
#2874 = CARTESIAN_POINT ( 'NONE',  ( -23.51446244348252200, 305.2216636787061400, 143.9018031133696800 ) ) ;
#2875 = CARTESIAN_POINT ( 'NONE',  ( -15.65781909305309600, 96.40126417585834400, -41.15128595429767700 ) ) ;
#2876 = CARTESIAN_POINT ( 'NONE',  ( -1012.809502501466100, 43.46342736086184300, -37.02459158161065700 ) ) ;
#2877 = CARTESIAN_POINT ( 'NONE',  ( -697.7945862476949500, 31.57821741297098200, -872.7189192053476700 ) ) ;
#2878 = LINE ( 'NONE', #3320, #1249 ) ;
#2879 = CARTESIAN_POINT ( 'NONE',  ( -1024.261971745089300, 23.35497019937926300, -52.25227592812630200 ) ) ;
#2880 = CARTESIAN_POINT ( 'NONE',  ( -1028.499186825993100, 37.37719071945183900, 2.396095676514943500 ) ) ;
#2881 = CARTESIAN_POINT ( 'NONE',  ( -723.6193010487614900, -38.68068962038899600, 36.91515317970815600 ) ) ;
#2882 = CARTESIAN_POINT ( 'NONE',  ( -729.4669690585592400, 26.49656220409728000, 120.3422389738506300 ) ) ;
#2883 = CARTESIAN_POINT ( 'NONE',  ( -729.0433365355230500, 27.87242570341168200, 103.3790879573674600 ) ) ;
#2884 = DIRECTION ( 'NONE',  ( 1.000000000000000000, 0.0000000000000000000, 0.0000000000000000000 ) ) ;
#2885 = CYLINDRICAL_SURFACE ( 'NONE', #3659, 779.7862235890434000 ) ;
#2886 = CARTESIAN_POINT ( 'NONE',  ( -1007.589910239763600, 0.8351890653911342400, -39.56955737032578200 ) ) ;
#2887 = ORIENTED_EDGE ( 'NONE', *, *, #4253, .T. ) ;
#2888 = LINE ( 'NONE', #100, #4341 ) ;
#2889 = CARTESIAN_POINT ( 'NONE',  ( -152.1247306682167600, 346.4479450951809000, 114.8776203492509500 ) ) ;
#2890 = ORIENTED_EDGE ( 'NONE', *, *, #2317, .F. ) ;
#2891 = B_SPLINE_CURVE_WITH_KNOTS ( 'NONE', 2,
 ( #6073, #574, #2795 ),
 .UNSPECIFIED., .F., .F.,
 ( 3, 3 ),
 ( 0.0000000000000000000, 1.000000000000000000 ),
 .UNSPECIFIED. ) ;
#2892 = ORIENTED_EDGE ( 'NONE', *, *, #2464, .T. ) ;
#2893 = DIRECTION ( 'NONE',  ( -1.000000000000000000, 0.0000000000000000000, -0.0000000000000000000 ) ) ;
#2894 = VECTOR ( 'NONE', #2295, 1000.000000000000000 ) ;
#2895 = CARTESIAN_POINT ( 'NONE',  ( -1087.746451340229200, -3.669659796454389800, -13.28070803915316300 ) ) ;
#2896 = AXIS2_PLACEMENT_3D ( 'NONE', #4238, #5321, #2598 ) ;
#2897 = CARTESIAN_POINT ( 'NONE',  ( -802.3608228219858300, -55.78052167908376200, 0.0000000000000000000 ) ) ;
#2898 = CARTESIAN_POINT ( 'NONE',  ( -1021.980486083716300, 40.23499097073159400, -16.19151997828025100 ) ) ;
#2899 = DIRECTION ( 'NONE',  ( 0.0000000000000000000, 0.0000000000000000000, -1.000000000000000000 ) ) ;
#2900 = CARTESIAN_POINT ( 'NONE',  ( -1005.449994279857800, 46.05417501001603900, -72.93797870095347900 ) ) ;
#2901 = ORIENTED_EDGE ( 'NONE', *, *, #4468, .T. ) ;
#2902 = CARTESIAN_POINT ( 'NONE',  ( -1028.761471354944700, 37.16737571729766600, 5.660239285297022200 ) ) ;
#2903 = CARTESIAN_POINT ( 'NONE',  ( -738.8592291544625800, 137.2125294023039700, -106.2991128776066600 ) ) ;
#2904 = CARTESIAN_POINT ( 'NONE',  ( -731.2445835884602700, 45.79011218111548900, 119.6646304337033400 ) ) ;
#2905 = VERTEX_POINT ( 'NONE', #2314 ) ;
#2906 = CARTESIAN_POINT ( 'NONE',  ( -796.7536782244353600, -50.66403362770442700, -65.57245886564202000 ) ) ;
#2907 = AXIS2_PLACEMENT_3D ( 'NONE', #322, #4148, #1977 ) ;
#2908 = CARTESIAN_POINT ( 'NONE',  ( -765.1542559618690100, -49.25061185733253700, -59.50158609400679700 ) ) ;
#2909 = CARTESIAN_POINT ( 'NONE',  ( -773.0357878090169400, 101.6861739977576800, 119.4071432636657600 ) ) ;
#2910 =( BOUNDED_CURVE ( )  B_SPLINE_CURVE ( 3, ( #3386, #2739, #6105, #1189 ),
 .UNSPECIFIED., .F., .F. ) 
 B_SPLINE_CURVE_WITH_KNOTS ( ( 4, 4 ),
 ( 1.241315980897904400, 1.330577864592786600 ),
 .UNSPECIFIED. ) 
 CURVE ( )  GEOMETRIC_REPRESENTATION_ITEM ( )  RATIONAL_B_SPLINE_CURVE ( ( 1.000000000000000000, 0.9993361365512065700, 0.9993361365512065700, 1.000000000000000000 ) ) 
 REPRESENTATION_ITEM ( '' )  );
#2911 = CARTESIAN_POINT ( 'NONE',  ( -530.2020976964985300, 0.2943142993471342700, 0.0000000000000000000 ) ) ;
#2912 = CARTESIAN_POINT ( 'NONE',  ( -1030.164253487959700, 35.54745978456472200, -16.16680669486024200 ) ) ;
#2913 = CARTESIAN_POINT ( 'NONE',  ( -1026.864989869386100, 38.51551239745705100, 42.41966465846098800 ) ) ;
#2914 = CARTESIAN_POINT ( 'NONE',  ( -178.6356460347140900, 313.6595651529228800, 240.0000000000000000 ) ) ;
#2915 = EDGE_CURVE ( 'NONE', #71, #3948, #4504, .T. ) ;
#2916 = CARTESIAN_POINT ( 'NONE',  ( -1028.972724555445400, 36.98281190417792900, -7.482664718071722700 ) ) ;
#2917 = CARTESIAN_POINT ( 'NONE',  ( -69.42975113370761200, 312.9488471874012700, 240.0000000000000000 ) ) ;
#2918 = EDGE_LOOP ( 'NONE', ( #6007, #6109, #4177, #6866 ) ) ;
#2919 = CARTESIAN_POINT ( 'NONE',  ( -766.8785481993402300, 22.83277993541366500, -56.02559015193256200 ) ) ;
#2920 = CARTESIAN_POINT ( 'NONE',  ( -729.3622766676164700, 29.88537549574502300, 107.8256832410020100 ) ) ;
#2921 = CARTESIAN_POINT ( 'NONE',  ( -711.4768333177434000, -8.727644305904570700, 679.6772840174392100 ) ) ;
#2922 = VERTEX_POINT ( 'NONE', #5078 ) ;
#2923 = EDGE_CURVE ( 'NONE', #3415, #889, #1849, .T. ) ;
#2924 = ORIENTED_EDGE ( 'NONE', *, *, #3101, .T. ) ;
#2925 = CARTESIAN_POINT ( 'NONE',  ( -769.6491714209065500, 23.42789570974004900, -64.70788681387864500 ) ) ;
#2926 = CARTESIAN_POINT ( 'NONE',  ( -769.2824523160433000, -48.75290032090949700, -64.65088406369339700 ) ) ;
#2927 = ADVANCED_FACE ( 'NONE', ( #6392, #2205 ), #3043, .T. ) ;
#2928 = VERTEX_POINT ( 'NONE', #67 ) ;
#2929 = ORIENTED_EDGE ( 'NONE', *, *, #3721, .T. ) ;
#2930 = CARTESIAN_POINT ( 'NONE',  ( -320.2242704645746600, -77.57978771338689200, 889.6698814765889000 ) ) ;
#2931 = CARTESIAN_POINT ( 'NONE',  ( -1064.284014929458600, -2.351055868322728900, -29.65122492568857400 ) ) ;
#2932 = ORIENTED_EDGE ( 'NONE', *, *, #2292, .T. ) ;
#2933 = CARTESIAN_POINT ( 'NONE',  ( -997.3229168504067300, 1.412200658717064800, 78.43106737193477300 ) ) ;
#2934 = CARTESIAN_POINT ( 'NONE',  ( -1020.110940618159900, 40.89312197269811100, -22.44981282289122900 ) ) ;
#2935 = ORIENTED_EDGE ( 'NONE', *, *, #5836, .T. ) ;
#2936 = CARTESIAN_POINT ( 'NONE',  ( -700.8818804773013700, 24.18997702508776000, -826.8837021435401800 ) ) ;
#2937 = PLANE ( 'NONE',  #5604 ) ;
#2938 = ORIENTED_EDGE ( 'NONE', *, *, #2203, .F. ) ;
#2939 = ADVANCED_FACE ( 'NONE', ( #1690 ), #5596, .T. ) ;
#2940 = ORIENTED_EDGE ( 'NONE', *, *, #2439, .F. ) ;
#2941 = CARTESIAN_POINT ( 'NONE',  ( -736.3725597822340200, 51.02212853625864900, -120.1398665354113900 ) ) ;
#2942 = CARTESIAN_POINT ( 'NONE',  ( -98.67320918077966500, 317.0231112481405900, 239.9999999999999400 ) ) ;
#2943 = CARTESIAN_POINT ( 'NONE',  ( -765.7259812764267500, 22.94565302080535600, -57.56036539834506300 ) ) ;
#2944 = CARTESIAN_POINT ( 'NONE',  ( -1025.528095748797800, 24.49074053889315600, 49.74942052518749600 ) ) ;
#2945 = CARTESIAN_POINT ( 'NONE',  ( -916.1761530242722500, 26.12177652996217200, -105.6062142766427600 ) ) ;
#2946 = CARTESIAN_POINT ( 'NONE',  ( -767.1186931637163300, 22.80926207928613500, 63.66391445202589200 ) ) ;
#2947 = CARTESIAN_POINT ( 'NONE',  ( -816.7935938734851800, -51.20412180951745300, -66.19901223866646900 ) ) ;
#2948 = CARTESIAN_POINT ( 'NONE',  ( -768.7753434174060200, 23.42789570974004900, -54.95006978908394800 ) ) ;
#2949 = CARTESIAN_POINT ( 'NONE',  ( -184.4934008050203400, 300.0531383952945200, 239.9999999999999400 ) ) ;
#2950 = EDGE_CURVE ( 'NONE', #3207, #2064, #513, .T. ) ;
#2951 = CARTESIAN_POINT ( 'NONE',  ( -1017.007907741087400, 0.3058915839585551500, -2.134982145065362300 ) ) ;
#2952 = VECTOR ( 'NONE', #5613, 1000.000000000000000 ) ;
#2953 = CARTESIAN_POINT ( 'NONE',  ( -1008.212232476230000, 0.8002141576599687300, 70.42764506403951000 ) ) ;
#2954 = CARTESIAN_POINT ( 'NONE',  ( -184.6267484020535800, 288.5675407176283900, 137.9225819429061100 ) ) ;
#2955 = CARTESIAN_POINT ( 'NONE',  ( -731.8165205886363100, 116.0994112106420500, 120.2917345085320900 ) ) ;
#2956 = CARTESIAN_POINT ( 'NONE',  ( -979.4838755031083800, -40.41972416319696700, 0.0000000000000000000 ) ) ;
#2957 = CARTESIAN_POINT ( 'NONE',  ( -737.8109758952684800, 133.8123252657370900, 111.7300415381336500 ) ) ;
#2958 = DIRECTION ( 'NONE',  ( -0.0000000000000000000, -1.000000000000000000, -0.0000000000000000000 ) ) ;
#2959 = LINE ( 'NONE', #484, #746 ) ;
#2960 = CARTESIAN_POINT ( 'NONE',  ( -99.12554293734520200, 317.0839992357703600, 239.9999999999999700 ) ) ;
#2961 = ORIENTED_EDGE ( 'NONE', *, *, #6151, .F. ) ;
#2962 = CARTESIAN_POINT ( 'NONE',  ( -923.9796269583838500, 74.73396668328258800, -103.9668674994724000 ) ) ;
#2963 = CARTESIAN_POINT ( 'NONE',  ( -702.0688240822096300, 21.15430797300370000, -814.0312782901920600 ) ) ;
#2964 = FACE_OUTER_BOUND ( 'NONE', #1013, .T. ) ;
#2965 = CARTESIAN_POINT ( 'NONE',  ( -157.1660011963840300, 324.6407268731143200, 137.9225819429060500 ) ) ;
#2966 = CARTESIAN_POINT ( 'NONE',  ( -768.5107424219410200, 22.67293603029990100, 64.44262048356928600 ) ) ;
#2967 = CARTESIAN_POINT ( 'NONE',  ( -706.1432612829694300, 9.745590157974179500, 664.9404291817573900 ) ) ;
#2968 = EDGE_LOOP ( 'NONE', ( #3676, #423, #3373, #3045 ) ) ;
#2969 = CARTESIAN_POINT ( 'NONE',  ( -767.3974554370152000, -49.25061185733253700, -55.61557343847869800 ) ) ;
#2970 = CARTESIAN_POINT ( 'NONE',  ( -977.9970575583958000, 22.89356240254242200, 87.52448106196230500 ) ) ;
#2971 = ORIENTED_EDGE ( 'NONE', *, *, #819, .F. ) ;
#2972 = EDGE_CURVE ( 'NONE', #874, #3415, #6650, .T. ) ;
#2973 = CARTESIAN_POINT ( 'NONE',  ( -663.0707898217588100, 63.20167647951369400, 650.0000000000000000 ) ) ;
#2974 = CARTESIAN_POINT ( 'NONE',  ( -1030.670179620741900, 34.35407089905885400, -21.33327968166264900 ) ) ;
#2975 = ORIENTED_EDGE ( 'NONE', *, *, #3247, .F. ) ;
#2976 = CARTESIAN_POINT ( 'NONE',  ( -814.2250733321160400, 87.31717162511178300, -117.6034664767223600 ) ) ;
#2977 = CARTESIAN_POINT ( 'NONE',  ( -1037.687897314080400, 21.01968157068466100, 21.73805297754254100 ) ) ;
#2978 = CARTESIAN_POINT ( 'NONE',  ( -703.0074534641750000, 18.66695073021729100, -818.8873006569717700 ) ) ;
#2979 = DIRECTION ( 'NONE',  ( 0.0000000000000000000, 1.000000000000000000, 0.0000000000000000000 ) ) ;
#2980 = DIRECTION ( 'NONE',  ( -0.0000000000000000000, -0.0000000000000000000, -1.000000000000000000 ) ) ;
#2981 = CARTESIAN_POINT ( 'NONE',  ( -920.2160873081916200, 70.13493993235438500, 96.70323747193326400 ) ) ;
#2982 = DIRECTION ( 'NONE',  ( -0.9427946626885517200, -0.3318894391366361600, -0.03142648875628401000 ) ) ;
#2983 = CARTESIAN_POINT ( 'NONE',  ( -69.49379944996454100, 312.9581415515991100, 239.9999999999999100 ) ) ;
#2984 = CARTESIAN_POINT ( 'NONE',  ( -861.7541354303210700, 96.55649084449974900, -91.96781315334598600 ) ) ;
#2985 = CARTESIAN_POINT ( 'NONE',  ( -551.7164464755410300, 168.1149348266866100, -655.0000000000000000 ) ) ;
#2986 = CARTESIAN_POINT ( 'NONE',  ( -770.0781440828610600, -48.81333152918462300, -54.73844108900409100 ) ) ;
#2987 = CARTESIAN_POINT ( 'NONE',  ( -347.8183075493971600, 35.41838020342046900, -877.8983430316174000 ) ) ;
#2988 = CARTESIAN_POINT ( 'NONE',  ( -770.0781440828610600, -49.25061185733253700, -54.73844108900409100 ) ) ;
#2989 = CARTESIAN_POINT ( 'NONE',  ( -861.4566188129435900, 93.33712182570327800, 102.2140584719145600 ) ) ;
#2990 = EDGE_CURVE ( 'NONE', #1487, #6028, #1507, .T. ) ;
#2991 = ADVANCED_FACE ( 'NONE', ( #4417 ), #6120, .T. ) ;
#2992 = ORIENTED_EDGE ( 'NONE', *, *, #945, .T. ) ;
#2993 = CARTESIAN_POINT ( 'NONE',  ( -920.2973225776123600, 72.81222478497731700, -92.90511568884602400 ) ) ;
#2994 = CARTESIAN_POINT ( 'NONE',  ( -1092.477581501739000, -3.935552336621702500, 9.261540796220748100 ) ) ;
#2995 = CARTESIAN_POINT ( 'NONE',  ( -938.1741956451941200, 6.057469229372130400, 53.51530491075701700 ) ) ;
#2996 = CARTESIAN_POINT ( 'NONE',  ( -946.5066301728217000, 4.268108461741424400, 76.77176711742355100 ) ) ;
#2997 = CARTESIAN_POINT ( 'NONE',  ( -1012.809502501466100, 43.46342736086184300, 37.02459158161185800 ) ) ;
#2998 = CARTESIAN_POINT ( 'NONE',  ( -965.5218452665626500, -37.86112661497390500, -62.35021923255894900 ) ) ;
#2999 = CARTESIAN_POINT ( 'NONE',  ( -977.8172088364416400, -37.53297281724876900, -20.83333333333332900 ) ) ;
#3000 = ORIENTED_EDGE ( 'NONE', *, *, #3894, .T. ) ;
#3001 = CARTESIAN_POINT ( 'NONE',  ( -488.5693036824896500, 75.20711629262567000, -128.3999750720695100 ) ) ;
#3002 = CARTESIAN_POINT ( 'NONE',  ( -934.8369022611140100, -44.47907115696418900, 50.79682314338396800 ) ) ;
#3003 = CARTESIAN_POINT ( 'NONE',  ( -98.07178066755189100, 316.9420841476510300, 239.9999999999999400 ) ) ;
#3004 = DIRECTION ( 'NONE',  ( 1.000000000000000000, 0.0000000000000000000, -0.0000000000000000000 ) ) ;
#3005 =( BOUNDED_CURVE ( )  B_SPLINE_CURVE ( 3, ( #6475, #2674, #3799, #1101 ),
 .UNSPECIFIED., .F., .F. ) 
 B_SPLINE_CURVE_WITH_KNOTS ( ( 4, 4 ),
 ( 4.952006242365421000, 5.041869326281681800 ),
 .UNSPECIFIED. ) 
 CURVE ( )  GEOMETRIC_REPRESENTATION_ITEM ( )  RATIONAL_B_SPLINE_CURVE ( ( 1.000000000000000000, 0.9993271653861621800, 0.9993271653861621800, 1.000000000000000000 ) ) 
 REPRESENTATION_ITEM ( '' )  );
#3006 = CARTESIAN_POINT ( 'NONE',  ( -703.1307603362400900, 18.35582684053137100, -908.0558112440563700 ) ) ;
#3007 = CARTESIAN_POINT ( 'NONE',  ( -14.62674840205287600, 296.8509855691290200, -239.9999999999998900 ) ) ;
#3008 = ORIENTED_EDGE ( 'NONE', *, *, #1001, .T. ) ;
#3009 = EDGE_CURVE ( 'NONE', #1788, #4310, #4319, .T. ) ;
#3010 = ORIENTED_EDGE ( 'NONE', *, *, #7022, .F. ) ;
#3011 = CARTESIAN_POINT ( 'NONE',  ( -156.1235442605583300, 322.4688531487167900, 139.4815003861328100 ) ) ;
#3012 = CARTESIAN_POINT ( 'NONE',  ( -418.8108414987674500, 78.87170263032058400, -650.0000000000000000 ) ) ;
#3013 = CARTESIAN_POINT ( 'NONE',  ( -729.9629539702366400, 34.41057478844405900, -113.5725832652901500 ) ) ;
#3014 = CARTESIAN_POINT ( 'NONE',  ( -349.7802306235590800, 33.99164629527340500, 882.4973492124212300 ) ) ;
#3015 = B_SPLINE_SURFACE_WITH_KNOTS ( 'NONE', 3, 3, ( 
 ( #5294, #926, #5789, #5268, #6812, #2482, #3012 ),
 ( #5211, #4714, #6318, #1440, #6370, #362, #6835 ),
 ( #3039, #306, #1936, #4126, #5819, #4186, #4690 ),
 ( #4745, #3536, #2510, #254, #1697, #6017, #4412 ) ),
 .UNSPECIFIED., .F., .F., .F.,
 ( 4, 4 ),
 ( 4, 1, 1, 1, 4 ),
 ( 0.0000000000000000000, 1.000000000000000000 ),
 ( 0.0000000000000000000, 0.1490010684283051300, 0.3542303876842902700, 0.5841602856976757500, 1.000000000000000000 ),
 .UNSPECIFIED. ) ;
#3016 = ORIENTED_EDGE ( 'NONE', *, *, #3589, .F. ) ;
#3017 = CARTESIAN_POINT ( 'NONE',  ( -919.7712695178804600, 66.78954318569015000, -99.93497814761130400 ) ) ;
#3018 = CARTESIAN_POINT ( 'NONE',  ( -1075.011227647846700, -2.953932082078715800, 22.36803755768187300 ) ) ;
#3019 = ORIENTED_EDGE ( 'NONE', *, *, #3009, .T. ) ;
#3020 = CARTESIAN_POINT ( 'NONE',  ( -935.1465797579761600, 6.353969449686724500, 68.52193037942205900 ) ) ;
#3021 = CARTESIAN_POINT ( 'NONE',  ( -858.5902997725838800, 36.82466308761275500, -114.5607186135614800 ) ) ;
#3022 = CARTESIAN_POINT ( 'NONE',  ( -5.573319583618285200E-011, 128.0963685392958700, 137.9498953966909200 ) ) ;
#3023 = CARTESIAN_POINT ( 'NONE',  ( -876.9208409573608400, -50.18154784015116800, 51.39797523368417100 ) ) ;
#3024 = CARTESIAN_POINT ( 'NONE',  ( -978.9677902247721000, -40.23290289279391600, -62.35021923255894900 ) ) ;
#3025 = CIRCLE ( 'NONE', #1711, 19.99999999999994700 ) ;
#3026 = DIRECTION ( 'NONE',  ( 2.144690766108889100E-016, -0.8214285714285709500, 0.5703114079525475300 ) ) ;
#3027 = CARTESIAN_POINT ( 'NONE',  ( -485.5448984515973100, 50.28527772050718900, -128.5007885640880300 ) ) ;
#3028 = CARTESIAN_POINT ( 'NONE',  ( -883.3904962098082500, 89.02244791028817900, 111.8941624580741600 ) ) ;
#3029 = ADVANCED_FACE ( 'NONE', ( #3902 ), #5172, .T. ) ;
#3030 = CARTESIAN_POINT ( 'NONE',  ( -138.0383660879037100, 322.1778774182143900, 239.9999999999999100 ) ) ;
#3031 = CARTESIAN_POINT ( 'NONE',  ( -861.3710645701187300, 92.93235035606673500, -102.9125482522740400 ) ) ;
#3032 = DIRECTION ( 'NONE',  ( 1.000000000000000000, 0.0000000000000000000, 0.0000000000000000000 ) ) ;
#3033 = CARTESIAN_POINT ( 'NONE',  ( -767.1176222827147100, -48.55988722805857100, 55.81393892647133700 ) ) ;
#3034 = ORIENTED_EDGE ( 'NONE', *, *, #1663, .T. ) ;
#3035 = FACE_OUTER_BOUND ( 'NONE', #1034, .T. ) ;
#3036 =( BOUNDED_SURFACE ( )  B_SPLINE_SURFACE ( 3, 2, ( 
 ( #4194, #6382, #959 ),
 ( #1426, #2050, #5277 ),
 ( #5220, #5304, #5803 ),
 ( #4169, #4785, #5327 ) ),
 .UNSPECIFIED., .F., .F., .F. ) 
 B_SPLINE_SURFACE_WITH_KNOTS ( ( 4, 4 ),
 ( 3, 3 ),
 ( 1.468631245936000500, 1.549262254961220100 ),
 ( 0.0000000000000000000, 1.000000000000000000 ),
 .UNSPECIFIED. ) 
 GEOMETRIC_REPRESENTATION_ITEM ( )  RATIONAL_B_SPLINE_SURFACE ( (
 ( 1.000000000000000000, 0.7035835868435435000, 1.000000000000000000),
 ( 1.000000000000000000, 0.7045095346770087200, 1.000000000000000000),
 ( 1.000000000000000000, 0.7054374787216465300, 1.000000000000000000),
 ( 1.000000000000000000, 0.7063643995492552300, 1.000000000000000000) ) ) 
 REPRESENTATION_ITEM ( '' )  SURFACE ( )  );
#3037 = CARTESIAN_POINT ( 'NONE',  ( -139.2966639815496100, 281.6606173884614500, 140.0423963954343400 ) ) ;
#3038 = CARTESIAN_POINT ( 'NONE',  ( -178.8073791707424800, 337.0549249640213800, 114.3451855906894800 ) ) ;
#3039 = CARTESIAN_POINT ( 'NONE',  ( -595.7506258156511200, -23.31838057145974100, 0.0000000000000000000 ) ) ;
#3040 = CARTESIAN_POINT ( 'NONE',  ( -730.3071904876494500, 37.27885647861531000, -115.8820200454923800 ) ) ;
#3041 = CARTESIAN_POINT ( 'NONE',  ( -861.6631158949466000, 96.67107846838428000, 90.35867032851591300 ) ) ;
#3042 = ADVANCED_FACE ( 'NONE', ( #6205 ), #4221, .F. ) ;
#3043 = B_SPLINE_SURFACE_WITH_KNOTS ( 'NONE', 3, 3, ( 
 ( #2335, #5059, #88, #3959, #657, #2355 ),
 ( #701, #3978, #1757, #1778, #5582, #6164 ),
 ( #2897, #6185, #720, #3354, #3898, #4449 ),
 ( #1183, #5012, #1732, #5558, #2298, #6125 ) ),
 .UNSPECIFIED., .F., .F., .F.,
 ( 4, 4 ),
 ( 4, 1, 1, 4 ),
 ( 0.0000000000000000000, 1.000000000000000000 ),
 ( 0.0000000000000000000, 0.08409707550759747100, 0.1681940720496415700, 1.000000000000000000 ),
 .UNSPECIFIED. ) ;
#3044 = CARTESIAN_POINT ( 'NONE',  ( -700.7090764616599500, 24.61675780644185400, 818.4354919567912200 ) ) ;
#3045 = ORIENTED_EDGE ( 'NONE', *, *, #5260, .F. ) ;
#3046 = CARTESIAN_POINT ( 'NONE',  ( -957.5667416718363300, 39.00328281234496300, 94.51051213128208400 ) ) ;
#3047 = EDGE_CURVE ( 'NONE', #2928, #5913, #1255, .T. ) ;
#3048 = VECTOR ( 'NONE', #6355, 1000.000000000000000 ) ;
#3049 = CARTESIAN_POINT ( 'NONE',  ( -1016.174517870943000, 0.3527286275293268800, 14.51412582229687600 ) ) ;
#3050 = ORIENTED_EDGE ( 'NONE', *, *, #1706, .F. ) ;
#3051 = CARTESIAN_POINT ( 'NONE',  ( -933.6058714641571900, 6.504853962641778500, 50.28512632508056200 ) ) ;
#3052 = CARTESIAN_POINT ( 'NONE',  ( -587.9891637241610200, -77.57978771338689200, 844.4600299651677900 ) ) ;
#3053 = CARTESIAN_POINT ( 'NONE',  ( -733.1112887348751900, 26.14035062502194500, 95.15374386093374400 ) ) ;
#3054 = CARTESIAN_POINT ( 'NONE',  ( -488.6698759689920200, 3.216029123472907300, -210.1442394422553000 ) ) ;
#3055 = CARTESIAN_POINT ( 'NONE',  ( -930.0000000000558200, -44.47907115522036000, -49.73844108900407000 ) ) ;
#3056 = ORIENTED_EDGE ( 'NONE', *, *, #1991, .F. ) ;
#3057 = SHAPE_DEFINITION_REPRESENTATION ( #3992, #7051 ) ;
#3058 = CARTESIAN_POINT ( 'NONE',  ( -772.6855486303040800, 101.8083559545274400, 119.4279622271004400 ) ) ;
#3059 = VECTOR ( 'NONE', #6639, 999.9999999999998900 ) ;
#3060 = CARTESIAN_POINT ( 'NONE',  ( -183.8244675555539800, 306.6205793013278400, 138.5581362763008700 ) ) ;
#3061 = CARTESIAN_POINT ( 'NONE',  ( -137.7756304488644900, 322.1444002706273300, 239.9999999999999400 ) ) ;
#3062 = EDGE_CURVE ( 'NONE', #2364, #4810, #209, .T. ) ;
#3063 = CARTESIAN_POINT ( 'NONE',  ( -883.3904962088370200, 89.02244790990573600, -111.8941624635404500 ) ) ;
#3064 = CARTESIAN_POINT ( 'NONE',  ( -258.7992690864780300, 40.39804840806846200, -655.0000000000000000 ) ) ;
#3065 = CARTESIAN_POINT ( 'NONE',  ( -765.8745106486501300, -48.45315784572763800, 62.20392493036212800 ) ) ;
#3066 = VERTEX_POINT ( 'NONE', #1397 ) ;
#3067 = CARTESIAN_POINT ( 'NONE',  ( -14.85178436351319700, 301.5880360081631000, 144.1905590493686300 ) ) ;
#3068 = AXIS2_PLACEMENT_3D ( 'NONE', #851, #5827, #6841 ) ;
#3069 = CARTESIAN_POINT ( 'NONE',  ( -185.8558593327966300, 334.5736676761631000, 113.8447570626522800 ) ) ;
#3070 = CARTESIAN_POINT ( 'NONE',  ( -321.5451039146833500, 29.48596972429462300, -892.7660891112620900 ) ) ;
#3071 = CARTESIAN_POINT ( 'NONE',  ( -729.3621544948700800, 29.88453673232986000, -107.8242222202758700 ) ) ;
#3072 = CARTESIAN_POINT ( 'NONE',  ( -183.6147351567490500, 296.8498361228777200, 240.0000000000000600 ) ) ;
#3073 = CARTESIAN_POINT ( 'NONE',  ( -712.1322711308611100, -11.51364167657329000, -785.1063776348152000 ) ) ;
#3074 = CARTESIAN_POINT ( 'NONE',  ( -908.8689351518886500, 23.44699174105060300, 107.0867953730063000 ) ) ;
#3075 = ORIENTED_EDGE ( 'NONE', *, *, #368, .T. ) ;
#3076 = ADVANCED_FACE ( 'NONE', ( #5617 ), #3036, .T. ) ;
#3077 = EDGE_CURVE ( 'NONE', #709, #2413, #5534, .T. ) ;
#3078 = CARTESIAN_POINT ( 'NONE',  ( -884.7415063156291800, -53.51484258437727000, 62.35018648539097800 ) ) ;
#3079 = CARTESIAN_POINT ( 'NONE',  ( -721.5093510031267700, -27.39914864066250600, -0.0000000000000000000 ) ) ;
#3080 = CARTESIAN_POINT ( 'NONE',  ( -1086.032884322166200, -3.573356234389544600, 14.58585737363863000 ) ) ;
#3081 = CARTESIAN_POINT ( 'NONE',  ( -418.4486822469645500, 71.87170263032058400, 650.0000000000000000 ) ) ;
#3082 = CARTESIAN_POINT ( 'NONE',  ( -983.8586140089354300, 2.168903087330670100, 63.99946731421080400 ) ) ;
#3083 = CARTESIAN_POINT ( 'NONE',  ( -898.4612927688346000, -77.57635044464564100, -312.7515720249604100 ) ) ;
#3084 = CARTESIAN_POINT ( 'NONE',  ( -932.9968013111299600, -44.47907115522036000, -69.39330547916810600 ) ) ;
#3085 = CARTESIAN_POINT ( 'NONE',  ( -426.5834528092146900, 37.87167742235153900, 856.7881871487937800 ) ) ;
#3086 = CARTESIAN_POINT ( 'NONE',  ( -739.4266027890709000, 139.3637366548267900, 99.36212689910671300 ) ) ;
#3087 = B_SPLINE_SURFACE_WITH_KNOTS ( 'NONE', 3, 3, ( 
 ( #2617, #3218, #4876, #7044, #5986, #2715, #3817 ),
 ( #544, #6553, #488, #4819, #6442, #3173, #2142 ),
 ( #1540, #439, #5419, #997, #4261, #5912, #2646 ),
 ( #2235, #3903, #6036, #2760, #639, #4404, #1167 ) ),
 .UNSPECIFIED., .F., .F., .F.,
 ( 4, 4 ),
 ( 4, 1, 1, 1, 4 ),
 ( 0.0000000000000000000, 1.000000000000000000 ),
 ( 0.0000000000000000000, 0.1490010684283051300, 0.3542303876842902700, 0.5841602856976757500, 1.000000000000000000 ),
 .UNSPECIFIED. ) ;
#3088 = CARTESIAN_POINT ( 'NONE',  ( -767.3778496075324300, 23.42730997547047500, 55.62471913385940100 ) ) ;
#3089 = CARTESIAN_POINT ( 'NONE',  ( -1021.074700142277500, 20.99602887136791600, -56.80099378340560900 ) ) ;
#3090 = CARTESIAN_POINT ( 'NONE',  ( -145.1553993903171700, 322.8981372447224800, 240.0000000000000300 ) ) ;
#3091 = CARTESIAN_POINT ( 'NONE',  ( -320.2242704645747200, 89.99999999999998600, -889.6698814765889000 ) ) ;
#3092 = CARTESIAN_POINT ( 'NONE',  ( -533.7627778149709500, 62.20390297883572100, 0.0000000000000000000 ) ) ;
#3093 = CARTESIAN_POINT ( 'NONE',  ( -24.28126963468779600, 298.6123805584294900, 143.8762428736629900 ) ) ;
#3094 = VERTEX_POINT ( 'NONE', #2547 ) ;
#3095 = CARTESIAN_POINT ( 'NONE',  ( -158.4037029540072000, 344.2375755706623300, 114.7696588874113500 ) ) ;
#3096 = CARTESIAN_POINT ( 'NONE',  ( -958.2196747767413900, 4.094377080229970800, 77.26156259636846400 ) ) ;
#3097 = ORIENTED_EDGE ( 'NONE', *, *, #925, .F. ) ;
#3098 = CARTESIAN_POINT ( 'NONE',  ( -5.573319583618285800E-011, 119.9869196084536500, -119.5411502224856400 ) ) ;
#3099 = CARTESIAN_POINT ( 'NONE',  ( -731.2445465146253100, 45.78975632042175200, -119.6645496458036500 ) ) ;
#3100 = CARTESIAN_POINT ( 'NONE',  ( -169.0349764480888300, 284.8836675423536900, 240.0000000000000000 ) ) ;
#3101 = EDGE_CURVE ( 'NONE', #4553, #3599, #6474, .T. ) ;
#3102 = CARTESIAN_POINT ( 'NONE',  ( -715.7393386783310200, -29.88995709968835600, -731.8456167118823700 ) ) ;
#3103 = CARTESIAN_POINT ( 'NONE',  ( -913.9247648857676700, 24.62958576407292800, 106.0729063408058900 ) ) ;
#3104 = CARTESIAN_POINT ( 'NONE',  ( -723.7945680158910600, -29.18071593480783600, -36.91470976221314300 ) ) ;
#3105 = CARTESIAN_POINT ( 'NONE',  ( -1029.207830051881700, 36.76030263284386000, 9.238566105012481000 ) ) ;
#3106 = ORIENTED_EDGE ( 'NONE', *, *, #4468, .F. ) ;
#3107 = AXIS2_PLACEMENT_3D ( 'NONE', #6283, #1956, #4100 ) ;
#3108 = CARTESIAN_POINT ( 'NONE',  ( -237.2334984884732600, 82.16098930009823700, 111.6494292533612300 ) ) ;
#3109 = CARTESIAN_POINT ( 'NONE',  ( -389.0893363650948200, 87.82722587951471400, -374.0892309721621700 ) ) ;
#3110 = CARTESIAN_POINT ( 'NONE',  ( -938.6266217216168600, 7.164169077462492700, -65.42064159118174900 ) ) ;
#3111 = VERTEX_POINT ( 'NONE', #428 ) ;
#3112 = VERTEX_POINT ( 'NONE', #1604 ) ;
#3113 = CARTESIAN_POINT ( 'NONE',  ( -739.4500735300481400, 139.6828574510961700, 96.11536934167207800 ) ) ;
#3114 = ORIENTED_EDGE ( 'NONE', *, *, #847, .F. ) ;
#3115 = CARTESIAN_POINT ( 'NONE',  ( -184.6267484020527000, 303.3588125718725300, 138.5313935814175500 ) ) ;
#3116 = ADVANCED_FACE ( 'NONE', ( #394 ), #668, .F. ) ;
#3117 = CARTESIAN_POINT ( 'NONE',  ( -138.0529674603857600, 322.1797296533123400, 240.0000000000000000 ) ) ;
#3118 = ORIENTED_EDGE ( 'NONE', *, *, #6220, .F. ) ;
#3119 = CARTESIAN_POINT ( 'NONE',  ( -347.8183075493970500, 85.78377495892824800, -877.8983430316171700 ) ) ;
#3120 = CARTESIAN_POINT ( 'NONE',  ( -766.4217902451434800, -48.49846824506241200, 56.48444200041990400 ) ) ;
#3121 = ORIENTED_EDGE ( 'NONE', *, *, #211, .F. ) ;
#3122 = CARTESIAN_POINT ( 'NONE',  ( -15.23484172227306000, 301.3041336190506200, 144.1777904707434700 ) ) ;
#3123 = CARTESIAN_POINT ( 'NONE',  ( -166.4932370047116900, 320.0614757664951100, 139.1358439613753100 ) ) ;
#3124 = CARTESIAN_POINT ( 'NONE',  ( -967.1846563239910200, 3.216419273528655400, 71.91265335819224400 ) ) ;
#3125 = EDGE_CURVE ( 'NONE', #134, #1614, #2714, .T. ) ;
#3126 = CARTESIAN_POINT ( 'NONE',  ( -927.0045493076124800, 9.520127610477693700, 94.61641763592797400 ) ) ;
#3127 = CARTESIAN_POINT ( 'NONE',  ( -168.1937513391463900, 284.5648776768449000, 239.9999999999999400 ) ) ;
#3128 = LINE ( 'NONE', #2985, #5678 ) ;
#3129 = CARTESIAN_POINT ( 'NONE',  ( -715.7427486152961400, -29.91156419464841000, -732.8596727799824700 ) ) ;
#3130 = CARTESIAN_POINT ( 'NONE',  ( -127.1199838254683500, 283.2296999750810200, 239.9999999999999100 ) ) ;
#3131 = CARTESIAN_POINT ( 'NONE',  ( -418.8108414987674500, 78.87170263032058400, -650.0000000000000000 ) ) ;
#3132 = CARTESIAN_POINT ( 'NONE',  ( -1038.145799342743400, 39.92077323885193600, -680.0000000000000000 ) ) ;
#3133 = LINE ( 'NONE', #1804, #6716 ) ;
#3134 = CARTESIAN_POINT ( 'NONE',  ( -345.2162486971475300, 117.3747192612501500, -650.0000000000000000 ) ) ;
#3135 = CARTESIAN_POINT ( 'NONE',  ( -5.573406319792084700E-011, 373.7893821233246900, -144.6856185281506600 ) ) ;
#3136 = CARTESIAN_POINT ( 'NONE',  ( -328.9042016454120000, 142.3159073641449800, -595.8288105596224100 ) ) ;
#3137 = CARTESIAN_POINT ( 'NONE',  ( -937.3585397690145600, 7.164169077462492700, -66.93370321885431900 ) ) ;
#3138 = UNCERTAINTY_MEASURE_WITH_UNIT (LENGTH_MEASURE( 1.000000000000000100E-005 ), #3351, 'distance_accuracy_value', 'NONE');
#3139 = CARTESIAN_POINT ( 'NONE',  ( -765.2972773993071800, -49.25060836388760100, 60.70220283570781600 ) ) ;
#3140 = FACE_OUTER_BOUND ( 'NONE', #5158, .T. ) ;
#3141 = CARTESIAN_POINT ( 'NONE',  ( -453.4158454910860300, 42.20061651864961800, -209.4169311968550700 ) ) ;
#3142 = CARTESIAN_POINT ( 'NONE',  ( -139.3259889601534700, 322.3382913268148400, 240.0000000000000000 ) ) ;
#3143 = B_SPLINE_CURVE_WITH_KNOTS ( 'NONE', 3,
 ( #765, #267, #2955, #5176 ),
 .UNSPECIFIED., .F., .F.,
 ( 4, 4 ),
 ( 0.0000000000000000000, 9.996333034319696200E-005 ),
 .UNSPECIFIED. ) ;
#3144 = CARTESIAN_POINT ( 'NONE',  ( -357.9726304450874700, 146.0331211803212500, 374.2254074289194800 ) ) ;
#3145 = CARTESIAN_POINT ( 'NONE',  ( -617.2240088808476900, 12.83734477182192400, -451.2146373188919600 ) ) ;
#3146 = CARTESIAN_POINT ( 'NONE',  ( -1012.809502501466100, 43.46342736086184300, 37.02459158161183700 ) ) ;
#3147 = CARTESIAN_POINT ( 'NONE',  ( -118.6694585468867700, 284.3243733965147700, 140.7299699099232600 ) ) ;
#3148 = CARTESIAN_POINT ( 'NONE',  ( -1018.328763011401300, 21.11698506735716700, -60.33033841377616100 ) ) ;
#3149 = ORIENTED_EDGE ( 'NONE', *, *, #4668, .F. ) ;
#3150 = CARTESIAN_POINT ( 'NONE',  ( -357.9726304450874200, 146.0331211803213300, -374.2254074289194800 ) ) ;
#3151 = CARTESIAN_POINT ( 'NONE',  ( -862.7493973680042200, 96.28867775791636100, -89.88743683390909200 ) ) ;
#3152 = CARTESIAN_POINT ( 'NONE',  ( -179.3092365800490900, 290.9273778152320900, 240.0000000000000000 ) ) ;
#3153 = LINE ( 'NONE', #6254, #1855 ) ;
#3154 = B_SPLINE_SURFACE_WITH_KNOTS ( 'NONE', 3, 3, ( 
 ( #520, #3859, #46, #7071, #3881, #3792, #1692 ),
 ( #2814, #615, #4431, #1620, #3315, #1121, #5445 ),
 ( #593, #6640, #4406, #4337, #1168, #1717, #5467 ),
 ( #4992, #7092, #1141, #1075, #5538, #2164, #2257 ) ),
 .UNSPECIFIED., .F., .F., .F.,
 ( 4, 4 ),
 ( 4, 1, 1, 1, 4 ),
 ( 0.0000000000000000000, 1.000000000000000000 ),
 ( 0.0000000000000000000, 0.2982968211775609600, 0.6153669425867313000, 0.7410739866888770300, 1.000000000000000000 ),
 .UNSPECIFIED. ) ;
#3155 = CARTESIAN_POINT ( 'NONE',  ( -915.2578880754681400, 25.19762701274929000, 105.7977147145326900 ) ) ;
#3156 = CARTESIAN_POINT ( 'NONE',  ( -140.7838502806023400, 281.4903817201338300, 240.0000000000000600 ) ) ;
#3157 = CARTESIAN_POINT ( 'NONE',  ( -544.9915765026677300, -77.57978771338689200, -1340.098464202394800 ) ) ;
#3158 = EDGE_LOOP ( 'NONE', ( #4723, #5083, #5232, #4822 ) ) ;
#3159 = CIRCLE ( 'NONE', #1116, 24.99999999999998600 ) ;
#3160 = LINE ( 'NONE', #4397, #5194 ) ;
#3161 = DIRECTION ( 'NONE',  ( -0.3923846148323792400, 0.0000000000000000000, 0.9198012361607509300 ) ) ;
#3162 = CARTESIAN_POINT ( 'NONE',  ( -371.6780427110341500, 37.33666029176087900, 868.4048185177473400 ) ) ;
#3163 = CARTESIAN_POINT ( 'NONE',  ( -801.4150016023039600, -73.21928833898205400, -20.83333333333332900 ) ) ;
#3164 = CARTESIAN_POINT ( 'NONE',  ( -930.0954376987299400, -44.47907115522036000, -49.73625532188117400 ) ) ;
#3165 = CARTESIAN_POINT ( 'NONE',  ( -768.2139288377270500, 23.42730997547047500, 64.31988779411995000 ) ) ;
#3166 = EDGE_LOOP ( 'NONE', ( #6190, #962, #5370, #3954 ) ) ;
#3167 = CARTESIAN_POINT ( 'NONE',  ( -158.9670915876083100, 321.9706903168459500, 239.9999999999999400 ) ) ;
#3168 = EDGE_CURVE ( 'NONE', #4636, #1224, #5490, .T. ) ;
#3169 = CARTESIAN_POINT ( 'NONE',  ( -320.2242704645746600, 31.03790201622268100, 889.6698814765889000 ) ) ;
#3170 = CARTESIAN_POINT ( 'NONE',  ( -545.3854435389458800, 114.2875860702224500, 0.0000000000000000000 ) ) ;
#3171 = CARTESIAN_POINT ( 'NONE',  ( -1001.583692288670900, 47.41521877727062400, 75.84046615297729900 ) ) ;
#3172 = B_SPLINE_CURVE_WITH_KNOTS ( 'NONE', 3,
 ( #2558, #4281, #6464, #2009 ),
 .UNSPECIFIED., .F., .F.,
 ( 4, 4 ),
 ( 0.0000000000000000000, 2.894110820860560900E-005 ),
 .UNSPECIFIED. ) ;
#3173 = CARTESIAN_POINT ( 'NONE',  ( -410.0055209586288900, 68.64394721864033500, 571.5003841979898900 ) ) ;
#3174 = CARTESIAN_POINT ( 'NONE',  ( -1021.074700142277500, 20.99602887136784400, -56.80099378340562300 ) ) ;
#3175 = CARTESIAN_POINT ( 'NONE',  ( -948.7841062061085000, 5.018420375086949800, 81.73844108900584600 ) ) ;
#3176 = CARTESIAN_POINT ( 'NONE',  ( -728.7180913108613800, 26.58008128166897100, -96.12232767479511600 ) ) ;
#3177 = CARTESIAN_POINT ( 'NONE',  ( -180.3832513230062500, 291.9739163471158500, 240.0000000000000600 ) ) ;
#3178 = CARTESIAN_POINT ( 'NONE',  ( -712.1095509981274700, -11.36703334329556200, -682.6728385160636200 ) ) ;
#3179 = CARTESIAN_POINT ( 'NONE',  ( -138.0925930946493500, 281.8152499344000100, 240.0000000000000000 ) ) ;
#3180 = CARTESIAN_POINT ( 'NONE',  ( -1008.041002291887400, 0.8098374036339712800, 38.83358820639229900 ) ) ;
#3181 = CARTESIAN_POINT ( 'NONE',  ( -515.1253989649039800, 7.202741035155859200, -210.5078935649555100 ) ) ;
#3182 = CARTESIAN_POINT ( 'NONE',  ( -898.4612927688346000, -77.57635044464564100, 312.7515720249604100 ) ) ;
#3183 = CARTESIAN_POINT ( 'NONE',  ( -1015.798746775046000, 0.3738472033863962700, -17.10642992233797700 ) ) ;
#3184 = VERTEX_POINT ( 'NONE', #2606 ) ;
#3185 = B_SPLINE_SURFACE_WITH_KNOTS ( 'NONE', 3, 3, ( 
 ( #696, #3456, #3988, #5104, #2369, #5868, #2067 ),
 ( #1439, #6422, #4262, #924, #4798, #2592, #2649 ),
 ( #6940, #5845, #4744, #4158, #999, #5818, #1465 ),
 ( #5293, #6470, #1518, #3150, #2014, #3196, #975 ) ),
 .UNSPECIFIED., .F., .F., .F.,
 ( 4, 4 ),
 ( 4, 1, 1, 1, 4 ),
 ( 0.0000000000000000000, 1.000000000000000000 ),
 ( 0.0000000000000000000, 0.2982968211775609600, 0.6153669425867313000, 0.7410739866888770300, 1.000000000000000000 ),
 .UNSPECIFIED. ) ;
#3186 = CARTESIAN_POINT ( 'NONE',  ( -768.6627514240499300, -49.25060836388760100, 64.49320997024270200 ) ) ;
#3187 = CARTESIAN_POINT ( 'NONE',  ( -770.0781440828610600, -48.81971161484001700, -64.73844108900411200 ) ) ;
#3188 = CARTESIAN_POINT ( 'NONE',  ( -164.7297254362942200, 320.5821515249910500, 240.0000000000000000 ) ) ;
#3189 = B_SPLINE_CURVE_WITH_KNOTS ( 'NONE', 3,
 ( #3416, #2241, #6085, #6647 ),
 .UNSPECIFIED., .F., .F.,
 ( 4, 4 ),
 ( 4.163336342344337000E-017, 0.0002739323915654737400 ),
 .UNSPECIFIED. ) ;
#3190 = DIRECTION ( 'NONE',  ( 0.0000000000000000000, 0.0000000000000000000, -1.000000000000000000 ) ) ;
#3191 = CARTESIAN_POINT ( 'NONE',  ( -375.4209598999160600, 92.92953237961236800, -569.1364520728456000 ) ) ;
#3192 = VERTEX_POINT ( 'NONE', #4862 ) ;
#3193 = AXIS2_PLACEMENT_3D ( 'NONE', #1548, #983, #5380 ) ;
#3194 = CARTESIAN_POINT ( 'NONE',  ( -489.2166624601146100, 3.132967538697218700, 210.0847015248558300 ) ) ;
#3195 = CARTESIAN_POINT ( 'NONE',  ( -994.3096597503963500, 22.17500614497088000, -80.23718975910217900 ) ) ;
#3196 = CARTESIAN_POINT ( 'NONE',  ( -328.9042016454120000, 142.3159073641449200, -595.8288105596224100 ) ) ;
#3197 = DIRECTION ( 'NONE',  ( 1.000000000000000000, 0.0000000000000000000, -6.530723674265633100E-016 ) ) ;
#3198 = CARTESIAN_POINT ( 'NONE',  ( -156.1783035353579400, 281.5641939643456300, 239.9999999999999700 ) ) ;
#3199 = EDGE_CURVE ( 'NONE', #5810, #2648, #6080, .T. ) ;
#3200 = VERTEX_POINT ( 'NONE', #2200 ) ;
#3201 = CARTESIAN_POINT ( 'NONE',  ( -344.9798420320378200, 113.8747192612501500, -650.0000000000000000 ) ) ;
#3202 = CARTESIAN_POINT ( 'NONE',  ( -132.6989873636203500, 282.5090329936691100, 239.9999999999999400 ) ) ;
#3203 = CARTESIAN_POINT ( 'NONE',  ( -181.4645284611884500, 305.6685371766565700, -138.6368009127795900 ) ) ;
#3204 = ORIENTED_EDGE ( 'NONE', *, *, #4164, .F. ) ;
#3205 = DIRECTION ( 'NONE',  ( 0.9198012361607466000, 0.0000000000000000000, -0.3923846148323892300 ) ) ;
#3206 = AXIS2_PLACEMENT_3D ( 'NONE', #5543, #2262, #5520 ) ;
#3207 = VERTEX_POINT ( 'NONE', #2826 ) ;
#3208 = CARTESIAN_POINT ( 'NONE',  ( -418.8108414987675000, 78.87170263032058400, 650.0000000000000000 ) ) ;
#3209 = CARTESIAN_POINT ( 'NONE',  ( -721.0375125829706300, -43.02027741034838500, 20.83333333333332900 ) ) ;
#3210 = CARTESIAN_POINT ( 'NONE',  ( -1015.791979680859200, 0.3742275184065575500, 17.06200298702590200 ) ) ;
#3211 = CARTESIAN_POINT ( 'NONE',  ( -936.7868417222855400, 6.193335455181417300, -67.39513502824569000 ) ) ;
#3212 = CARTESIAN_POINT ( 'NONE',  ( -769.8868964756188700, -49.25060836388760100, 64.73030993236832800 ) ) ;
#3213 = CARTESIAN_POINT ( 'NONE',  ( -1022.807381789636600, 22.21082600251576300, 54.57398333969098300 ) ) ;
#3214 = CARTESIAN_POINT ( 'NONE',  ( -161.9990849607665700, 321.3145047690658800, 239.9999999999999400 ) ) ;
#3215 = AXIS2_PLACEMENT_3D ( 'NONE', #4376, #5489, #2232 ) ;
#3216 = CARTESIAN_POINT ( 'NONE',  ( -715.6691287200229700, -29.44618411695892100, -764.0658991529092000 ) ) ;
#3217 = FILL_AREA_STYLE_COLOUR ( '', #2703 ) ;
#3218 = CARTESIAN_POINT ( 'NONE',  ( -536.4089367922349500, -10.00669366827933300, 36.89144407851287600 ) ) ;
#3219 = CARTESIAN_POINT ( 'NONE',  ( -993.4463189658876000, 1.630067938184717000, -80.73639523508855100 ) ) ;
#3220 = CARTESIAN_POINT ( 'NONE',  ( -1008.493667990313800, 0.7843973019484089500, -38.09505159494270300 ) ) ;
#3221 = EDGE_CURVE ( 'NONE', #4482, #2779, #6570, .T. ) ;
#3222 = CARTESIAN_POINT ( 'NONE',  ( -780.0819614265502700, 125.3898702394614600, -94.44150617812307800 ) ) ;
#3223 = CARTESIAN_POINT ( 'NONE',  ( -153.4924192504935300, 281.2421078338484800, 239.9999999999999700 ) ) ;
#3224 = CARTESIAN_POINT ( 'NONE',  ( -712.9269744353280200, -15.00387880725981800, -687.5301173754913900 ) ) ;
#3225 = FACE_OUTER_BOUND ( 'NONE', #460, .T. ) ;
#3226 = CARTESIAN_POINT ( 'NONE',  ( -577.8086705395929800, 36.06588186995166000, -843.5768526055769600 ) ) ;
#3227 = CARTESIAN_POINT ( 'NONE',  ( -146.9637387707942400, 281.0193232469745800, 240.0000000000000000 ) ) ;
#3228 = CARTESIAN_POINT ( 'NONE',  ( -178.8048544031019000, 308.3910462304207300, -138.7254567147158200 ) ) ;
#3229 = CARTESIAN_POINT ( 'NONE',  ( -702.6063158552796000, 19.73770770990856600, 898.6741687620318500 ) ) ;
#3230 = CARTESIAN_POINT ( 'NONE',  ( -723.7945680158910600, -29.18071593480783600, 36.91470976221314300 ) ) ;
#3231 = CARTESIAN_POINT ( 'NONE',  ( -889.8048394498116500, -74.52220209115317600, 20.83333333333332900 ) ) ;
#3232 = CIRCLE ( 'NONE', #4145, 84.99999999999997200 ) ;
#3233 = CARTESIAN_POINT ( 'NONE',  ( -1011.549365940279900, 0.6126651233501082500, -31.91554654178824200 ) ) ;
#3234 = CARTESIAN_POINT ( 'NONE',  ( -527.5130262030228300, -0.1796302367026787700, 269.5430657194446000 ) ) ;
#3235 = ORIENTED_EDGE ( 'NONE', *, *, #780, .F. ) ;
#3236 = CARTESIAN_POINT ( 'NONE',  ( -931.3328229660517100, 6.727457953894219000, -69.69583524147925900 ) ) ;
#3237 = VECTOR ( 'NONE', #7099, 1000.000000000000000 ) ;
#3238 = CARTESIAN_POINT ( 'NONE',  ( -765.5763752531697700, 23.42730997547047500, 61.63020452759305100 ) ) ;
#3240 = CARTESIAN_POINT ( 'NONE',  ( -1025.528095748797800, 24.49074053889314900, 49.74942052518749600 ) ) ;
#3239 =( BOUNDED_CURVE ( )  B_SPLINE_CURVE ( 3, ( #6906, #1488, #5311, #2642 ),
 .UNSPECIFIED., .F., .F. ) 
 B_SPLINE_CURVE_WITH_KNOTS ( ( 4, 4 ),
 ( 1.413447917221653000, 1.473146369680406800 ),
 .UNSPECIFIED. ) 
 CURVE ( )  GEOMETRIC_REPRESENTATION_ITEM ( )  RATIONAL_B_SPLINE_CURVE ( ( 1.000000000000000000, 0.9997030299482579900, 0.9997030299482579900, 1.000000000000000000 ) ) 
 REPRESENTATION_ITEM ( '' )  );
#3241 = CARTESIAN_POINT ( 'NONE',  ( -168.6659145632290800, 319.2606961025070400, 240.0000000000000300 ) ) ;
#3242 = AXIS2_PLACEMENT_3D ( 'NONE', #1473, #4753, #2571 ) ;
#3243 = EDGE_LOOP ( 'NONE', ( #7097, #1986, #2174, #1715 ) ) ;
#3244 = CARTESIAN_POINT ( 'NONE',  ( -347.8183075493972200, 35.41838020342040500, 877.8983430316176300 ) ) ;
#3245 = DIRECTION ( 'NONE',  ( -6.530723674265633100E-016, -0.0000000000000000000, -1.000000000000000000 ) ) ;
#3246 = LINE ( 'NONE', #785, #6804 ) ;
#3247 = EDGE_CURVE ( 'NONE', #6028, #5149, #6326, .T. ) ;
#3248 = CYLINDRICAL_SURFACE ( 'NONE', #3540, 558.8597215707702600 ) ;
#3249 = CARTESIAN_POINT ( 'NONE',  ( -509.5312497004276200, 4.765482769164802500, 70.48636094608578200 ) ) ;
#3250 = PLANE ( 'NONE',  #4805 ) ;
#3251 = CARTESIAN_POINT ( 'NONE',  ( -903.1420864286192200, 22.63471032366720700, 108.1743023418761000 ) ) ;
#3252 = CARTESIAN_POINT ( 'NONE',  ( -156.3656451898598300, 281.5913140190168100, 240.0000000000000000 ) ) ;
#3253 = CARTESIAN_POINT ( 'NONE',  ( -177.3686721740502000, 284.1722203873534900, -138.7733294556841500 ) ) ;
#3254 = CARTESIAN_POINT ( 'NONE',  ( -258.7992690864780300, 34.37610153710668500, 650.5168418292771500 ) ) ;
#3255 = VERTEX_POINT ( 'NONE', #4444 ) ;
#3256 = CARTESIAN_POINT ( 'NONE',  ( -99.40020525583908300, 286.8790506983559100, 240.0000000000000000 ) ) ;
#3257 = CARTESIAN_POINT ( 'NONE',  ( -144.9215987749256300, 317.7584313389907000, -139.8548985689882300 ) ) ;
#3258 = CARTESIAN_POINT ( 'NONE',  ( -948.7841062061085000, 5.018420375086949800, 81.73844108900584600 ) ) ;
#3259 = ORIENTED_EDGE ( 'NONE', *, *, #5115, .F. ) ;
#3260 = CARTESIAN_POINT ( 'NONE',  ( -933.2765935157622200, -43.69598165143407400, -69.29981045071458800 ) ) ;
#3261 = CARTESIAN_POINT ( 'NONE',  ( -801.4150016023038500, -73.21928833898205400, -0.0000000000000000000 ) ) ;
#3262 = ORIENTED_EDGE ( 'NONE', *, *, #5152, .F. ) ;
#3263 = CARTESIAN_POINT ( 'NONE',  ( -728.6948296965529200, 26.57218991195626500, -95.30066013804095300 ) ) ;
#3264 = CARTESIAN_POINT ( 'NONE',  ( -936.2525967087029800, 6.245655092192891700, -67.81497975648528600 ) ) ;
#3265 = B_SPLINE_SURFACE_WITH_KNOTS ( 'NONE', 3, 3, ( 
 ( #4246, #5354, #5926, #6289, #3565, #6721 ),
 ( #5774, #4133, #3078, #1597, #5426, #5374 ),
 ( #4265, #5970, #2746, #2194, #6529, #6556 ),
 ( #3777, #5920, #1080, #1574, #525, #7052 ) ),
 .UNSPECIFIED., .F., .F., .F.,
 ( 4, 4 ),
 ( 4, 1, 1, 4 ),
 ( 0.0000000000000000000, 1.000000000000000000 ),
 ( 0.0000000000000000000, 0.08409707550759747100, 0.1681940720496415700, 1.000000000000000000 ),
 .UNSPECIFIED. ) ;
#3266 = PLANE ( 'NONE',  #1298 ) ;
#3267 = CARTESIAN_POINT ( 'NONE',  ( -1004.167345983600700, 1.027539364971647600, 44.51969783023803000 ) ) ;
#3268 = CARTESIAN_POINT ( 'NONE',  ( -152.8588503144335700, 322.8152622276568300, 240.0000000000000300 ) ) ;
#3269 = CARTESIAN_POINT ( 'NONE',  ( -861.6342496577638000, 96.68124017129572700, -89.96129063427129300 ) ) ;
#3270 = CARTESIAN_POINT ( 'NONE',  ( -712.1025273131465400, -11.31932549621518000, -792.9828681428890600 ) ) ;
#3271 = CARTESIAN_POINT ( 'NONE',  ( -770.0781440828610600, -48.81971161484003100, 64.73844108900584600 ) ) ;
#3272 = DIRECTION ( 'NONE',  ( -0.9947574284195235300, -0.09741849946394735800, -0.03110135955821431700 ) ) ;
#3273 = CARTESIAN_POINT ( 'NONE',  ( -948.7841062061123700, 5.018420375086568800, -81.73844108900408400 ) ) ;
#3274 = CARTESIAN_POINT ( 'NONE',  ( -714.4145694893449000, -22.22679184405940900, -699.5999974381491000 ) ) ;
#3275 = CARTESIAN_POINT ( 'NONE',  ( -974.7195593237231600, -41.14360454799239600, 312.7510206763798200 ) ) ;
#3276 = CARTESIAN_POINT ( 'NONE',  ( -1012.809502501466100, 43.46342736086183600, -37.02459158161067900 ) ) ;
#3277 = CARTESIAN_POINT ( 'NONE',  ( -113.7044687931865400, 284.9783812857129400, 239.9999999999998900 ) ) ;
#3278 = ORIENTED_EDGE ( 'NONE', *, *, #43, .T. ) ;
#3279 = VERTEX_POINT ( 'NONE', #6584 ) ;
#3280 = CARTESIAN_POINT ( 'NONE',  ( -940.1837984192194400, -42.58288682697867200, -58.07406516767849100 ) ) ;
#3281 = CARTESIAN_POINT ( 'NONE',  ( -588.4213002791508400, 34.97267035960752000, 839.4787391688137200 ) ) ;
#3282 = CARTESIAN_POINT ( 'NONE',  ( -940.2501048288473800, 5.854171468614280700, -61.07859416273992500 ) ) ;
#3283 = ORIENTED_EDGE ( 'NONE', *, *, #3399, .F. ) ;
#3284 = CARTESIAN_POINT ( 'NONE',  ( -184.6267484020527300, 302.0000000000000600, 239.9999999999999100 ) ) ;
#3285 = ORIENTED_EDGE ( 'NONE', *, *, #5740, .T. ) ;
#3286 = DIRECTION ( 'NONE',  ( 0.0000000000000000000, 1.000000000000000000, 3.700743415417188700E-015 ) ) ;
#3287 = CARTESIAN_POINT ( 'NONE',  ( -617.2240088808479200, 12.83734477182185800, -451.2146373188919600 ) ) ;
#3288 = ORIENTED_EDGE ( 'NONE', *, *, #6724, .T. ) ;
#3289 = CARTESIAN_POINT ( 'NONE',  ( -969.7160865310210100, 2.968511466840130000, -69.31006580178682000 ) ) ;
#3290 = CARTESIAN_POINT ( 'NONE',  ( -694.6791281471544200, 38.45685774926643300, -655.0000000000000000 ) ) ;
#3291 = DIRECTION ( 'NONE',  ( 1.000000000000000000, 2.610927889176040600E-016, 0.0000000000000000000 ) ) ;
#3292 = ORIENTED_EDGE ( 'NONE', *, *, #6462, .T. ) ;
#3293 = CARTESIAN_POINT ( 'NONE',  ( -768.8188215132986400, 22.64276525505481200, 54.93152518645363400 ) ) ;
#3294 = EDGE_CURVE ( 'NONE', #7034, #874, #6635, .T. ) ;
#3295 = CARTESIAN_POINT ( 'NONE',  ( -930.3350455795198300, -44.12521366166444600, 69.74404893989138500 ) ) ;
#3296 = CARTESIAN_POINT ( 'NONE',  ( -736.5026136057497300, 129.7992435082970000, -115.5403224415094200 ) ) ;
#3297 = VERTEX_POINT ( 'NONE', #576 ) ;
#3298 = CARTESIAN_POINT ( 'NONE',  ( -117.2003287077925100, 284.5199041183079200, 239.9999999999999400 ) ) ;
#3299 = CARTESIAN_POINT ( 'NONE',  ( -34.48340785903697300, 302.2552558492658400, -143.5361715995178700 ) ) ;
#3300 = CARTESIAN_POINT ( 'NONE',  ( -707.6329140087041200, 5.057472162087034200, 806.1456689356795100 ) ) ;
#3301 = VECTOR ( 'NONE', #4099, 1000.000000000000200 ) ;
#3302 = AXIS2_PLACEMENT_3D ( 'NONE', #6116, #5148, #3392 ) ;
#3303 = CARTESIAN_POINT ( 'NONE',  ( -934.5301646907761300, -43.50742379757995300, -68.83524956670386500 ) ) ;
#3304 = CARTESIAN_POINT ( 'NONE',  ( -766.7582225269675300, -48.52821046603805400, -56.13749726281857700 ) ) ;
#3305 = CARTESIAN_POINT ( 'NONE',  ( -940.1836404914431600, -44.47907115696418900, 61.74090350182957800 ) ) ;
#3306 = EDGE_CURVE ( 'NONE', #2771, #2491, #4083, .T. ) ;
#3307 = FACE_OUTER_BOUND ( 'NONE', #4637, .T. ) ;
#3308 = CARTESIAN_POINT ( 'NONE',  ( -182.2710937925103800, 309.6642304275007400, 239.9999999999999400 ) ) ;
#3309 = CARTESIAN_POINT ( 'NONE',  ( -5.573319583618285200E-011, 128.6706859541442300, -138.5152403254951100 ) ) ;
#3310 = CARTESIAN_POINT ( 'NONE',  ( -364.5664995695701100, 93.88282382976761700, 650.0000000000000000 ) ) ;
#3311 = SURFACE_STYLE_USAGE ( .BOTH. , #3856 ) ;
#3312 = VECTOR ( 'NONE', #1307, 1000.000000000000100 ) ;
#3313 = CARTESIAN_POINT ( 'NONE',  ( -184.6267484020529500, 296.8509855691290200, -239.9999999999997700 ) ) ;
#3314 = EDGE_CURVE ( 'NONE', #5971, #3657, #3737, .T. ) ;
#3315 = CARTESIAN_POINT ( 'NONE',  ( -362.5943677262777100, 119.5843527012690400, 509.5258950483661200 ) ) ;
#3316 = CARTESIAN_POINT ( 'NONE',  ( -663.0707898217588100, 63.20167647951367900, -650.0000000000000000 ) ) ;
#3317 = CARTESIAN_POINT ( 'NONE',  ( -938.3654608894962600, -42.90391090344827800, 65.68323966637220200 ) ) ;
#3318 = CARTESIAN_POINT ( 'NONE',  ( -150.7580045677902100, 275.8662363198159800, -139.6603517092262100 ) ) ;
#3319 = CARTESIAN_POINT ( 'NONE',  ( -1038.145799342743400, 5.057472162086926700, -806.1456689356795100 ) ) ;
#3320 = CARTESIAN_POINT ( 'NONE',  ( -1038.145799342743400, 7.809641298080244100, 916.9693845669907000 ) ) ;
#3321 = CARTESIAN_POINT ( 'NONE',  ( -23.36995910244641200, 298.8185011421117000, 239.9999999999998900 ) ) ;
#3322 = CARTESIAN_POINT ( 'NONE',  ( -715.2318509082724600, -26.80188611031112700, 711.9326841035377800 ) ) ;
#3323 = VERTEX_POINT ( 'NONE', #5070 ) ;
#3324 = CARTESIAN_POINT ( 'NONE',  ( -703.1594631296470700, 18.25733431126508000, 818.3800164892036300 ) ) ;
#3325 = LINE ( 'NONE', #1353, #4159 ) ;
#3326 = LINE ( 'NONE', #2873, #591 ) ;
#3327 = CARTESIAN_POINT ( 'NONE',  ( -765.8762357284733800, -48.44992673797842300, -57.27173513325823300 ) ) ;
#3328 = CARTESIAN_POINT ( 'NONE',  ( -715.5413182953738000, -28.65466929401487700, 766.0849721277561500 ) ) ;
#3329 = CARTESIAN_POINT ( 'NONE',  ( -180.1182485811984900, 312.3201320463614400, 138.6816769087794200 ) ) ;
#3330 = ORIENTED_EDGE ( 'NONE', *, *, #6400, .T. ) ;
#3331 = LINE ( 'NONE', #6919, #2128 ) ;
#3332 = CARTESIAN_POINT ( 'NONE',  ( -955.0848152275368600, 29.77067270132567600, 106.4736495247473000 ) ) ;
#3333 = CARTESIAN_POINT ( 'NONE',  ( -696.0696352716343000, 35.44142329663631600, 877.8692945576423200 ) ) ;
#3334 = AXIS2_PLACEMENT_3D ( 'NONE', #1500, #5901, #6452 ) ;
#3335 = CARTESIAN_POINT ( 'NONE',  ( -715.9850009433507700, -31.47626474786342100, -710.0990008257664400 ) ) ;
#3336 = B_SPLINE_CURVE_WITH_KNOTS ( 'NONE', 3,
 ( #2583, #6962, #5909, #7016, #7039, #3769, #4307 ),
 .UNSPECIFIED., .F., .F.,
 ( 4, 1, 1, 1, 4 ),
 ( 0.0000000000000000000, 0.2982968211775609600, 0.6153669425867313000, 0.7410739866888770300, 1.000000000000000000 ),
 .UNSPECIFIED. ) ;
#3337 = EDGE_CURVE ( 'NONE', #3439, #4219, #5103, .T. ) ;
#3338 = CARTESIAN_POINT ( 'NONE',  ( -968.3866203960685700, 3.098708630746708000, -70.92808119952125900 ) ) ;
#3339 = ORIENTED_EDGE ( 'NONE', *, *, #6476, .T. ) ;
#3340 = CARTESIAN_POINT ( 'NONE',  ( -1029.179182604704200, 28.46907670047858800, -40.12399577790269200 ) ) ;
#3341 = CARTESIAN_POINT ( 'NONE',  ( -944.5210601792156200, 5.467916346354196700, -83.71471282606036400 ) ) ;
#3342 = CARTESIAN_POINT ( 'NONE',  ( -939.2389473896261100, -42.72338812227279400, 55.20835895578251500 ) ) ;
#3343 = CARTESIAN_POINT ( 'NONE',  ( -15.22653713305481000, 296.1602317094656800, -144.1780672903839800 ) ) ;
#3344 = CARTESIAN_POINT ( 'NONE',  ( -533.3592136239985800, -3.954536307887489800, -123.3249956252032900 ) ) ;
#3345 =( BOUNDED_CURVE ( )  B_SPLINE_CURVE ( 3, ( #821, #1411, #5735, #3098 ),
 .UNSPECIFIED., .F., .F. ) 
 B_SPLINE_CURVE_WITH_KNOTS ( ( 4, 4 ),
 ( 1.668446283909383700, 1.728144736368140400 ),
 .UNSPECIFIED. ) 
 CURVE ( )  GEOMETRIC_REPRESENTATION_ITEM ( )  RATIONAL_B_SPLINE_CURVE ( ( 1.000000000000000000, 0.9997030299482579900, 0.9997030299482579900, 1.000000000000000000 ) ) 
 REPRESENTATION_ITEM ( '' )  );
#3346 = CARTESIAN_POINT ( 'NONE',  ( -99.31187754955715300, 286.8909315545458900, 239.9999999999999400 ) ) ;
#3347 = CARTESIAN_POINT ( 'NONE',  ( -130.9903539068807000, 321.2708796809288900, 140.3192733979231800 ) ) ;
#3348 = CARTESIAN_POINT ( 'NONE',  ( -766.8773555852030800, -48.53871835726833700, -56.02666316435482200 ) ) ;
#3349 = CARTESIAN_POINT ( 'NONE',  ( -715.6691287200228500, -29.44618411695891100, 764.0658991529089700 ) ) ;
#3350 = CARTESIAN_POINT ( 'NONE',  ( -181.8094388971554200, 310.3321568257928200, 138.6253038982475500 ) ) ;
#3351 =( LENGTH_UNIT ( ) NAMED_UNIT ( * ) SI_UNIT ( .MILLI., .METRE. ) );
#3352 = CARTESIAN_POINT ( 'NONE',  ( -695.0233383602834500, 37.70419089313927700, 865.2781397138730900 ) ) ;
#3353 = ORIENTED_EDGE ( 'NONE', *, *, #1735, .T. ) ;
#3354 = CARTESIAN_POINT ( 'NONE',  ( -811.0229706668569600, -58.88297789465520500, -312.7521233735409400 ) ) ;
#3355 = CARTESIAN_POINT ( 'NONE',  ( -1031.933833216198100, 36.73114126937346000, -31.46605895846098000 ) ) ;
#3356 = CARTESIAN_POINT ( 'NONE',  ( -855.3638864233428200, 400.0000000000000000, -114.8816014359633800 ) ) ;
#3357 = EDGE_CURVE ( 'NONE', #4891, #1487, #69, .T. ) ;
#3358 = CARTESIAN_POINT ( 'NONE',  ( -932.1670388372293700, -44.47907115696418900, 69.57899333892682100 ) ) ;
#3359 =( BOUNDED_CURVE ( )  B_SPLINE_CURVE ( 3, ( #4895, #1686, #5461, #6004 ),
 .UNSPECIFIED., .F., .F. ) 
 B_SPLINE_CURVE_WITH_KNOTS ( ( 4, 4 ),
 ( 0.6612005025985539000, 1.241315980897927100 ),
 .UNSPECIFIED. ) 
 CURVE ( )  GEOMETRIC_REPRESENTATION_ITEM ( )  RATIONAL_B_SPLINE_CURVE ( ( 1.000000000000000000, 0.9721515755180509800, 0.9721515755180509800, 1.000000000000000000 ) ) 
 REPRESENTATION_ITEM ( '' )  );
#3360 = CARTESIAN_POINT ( 'NONE',  ( -1030.301126051501800, 35.34783972485952600, -17.16482566857392200 ) ) ;
#3361 = CARTESIAN_POINT ( 'NONE',  ( -418.4486822469645500, 71.87170263032059800, 650.0000000000000000 ) ) ;
#3362 = CARTESIAN_POINT ( 'NONE',  ( -938.1634253002149500, -42.93682191123124200, 65.94811432196607400 ) ) ;
#3363 = B_SPLINE_SURFACE_WITH_KNOTS ( 'NONE', 3, 3, ( 
 ( #960, #852, #5878, #4674, #2576, #6351 ),
 ( #6432, #3163, #2495, #4196, #2549, #5251 ),
 ( #1479, #1399, #6928, #3083, #3626, #3705 ),
 ( #6895, #377, #5306, #2027, #401, #1583 ) ),
 .UNSPECIFIED., .F., .F., .F.,
 ( 4, 4 ),
 ( 4, 1, 1, 4 ),
 ( 0.0000000000000000000, 1.000000000000000000 ),
 ( 0.0000000000000000000, 0.08409707550759747100, 0.1681940720496415700, 1.000000000000000000 ),
 .UNSPECIFIED. ) ;
#3364 = ORIENTED_EDGE ( 'NONE', *, *, #6059, .T. ) ;
#3365 = CARTESIAN_POINT ( 'NONE',  ( -735.4148864932485600, 126.5432280666622700, -117.6754075845830400 ) ) ;
#3366 = DIRECTION ( 'NONE',  ( 0.09746564986554909200, -0.9952388894613625200, 0.0000000000000000000 ) ) ;
#3367 = DIRECTION ( 'NONE',  ( -0.9427946626885518300, -0.3318894391366362100, -0.03142648875628361500 ) ) ;
#3368 = CARTESIAN_POINT ( 'NONE',  ( -288.7992690864781500, -566.0111526630779500, -655.0000000000000000 ) ) ;
#3369 = CARTESIAN_POINT ( 'NONE',  ( -855.3638864233430500, 39.44847174006466200, 114.8816014359641600 ) ) ;
#3370 = ORIENTED_EDGE ( 'NONE', *, *, #5421, .F. ) ;
#3371 = CARTESIAN_POINT ( 'NONE',  ( -731.8160511472706300, 51.43864591205921500, -120.2917445830364000 ) ) ;
#3372 = ORIENTED_EDGE ( 'NONE', *, *, #6269, .F. ) ;
#3373 = ORIENTED_EDGE ( 'NONE', *, *, #5722, .F. ) ;
#3374 = CARTESIAN_POINT ( 'NONE',  ( -714.7616621900265300, -24.07596291090746700, 775.8048702260680300 ) ) ;
#3375 = CARTESIAN_POINT ( 'NONE',  ( -1004.508166210119600, 19.88191308001097500, 37.02459158161185800 ) ) ;
#3376 = B_SPLINE_CURVE_WITH_KNOTS ( 'NONE', 3,
 ( #3313, #4948, #6593, #2811, #45, #6061 ),
 .UNSPECIFIED., .F., .F.,
 ( 4, 1, 1, 4 ),
 ( 0.0000000000000000000, 0.2221646249031024600, 0.3221646249031021600, 1.000000000000000000 ),
 .UNSPECIFIED. ) ;
#3377 = ADVANCED_FACE ( 'NONE', ( #6889 ), #4057, .T. ) ;
#3378 = EDGE_LOOP ( 'NONE', ( #2029, #5886, #3874 ) ) ;
#3379 = EDGE_CURVE ( 'NONE', #1021, #6415, #2823, .T. ) ;
#3380 = CARTESIAN_POINT ( 'NONE',  ( -931.6582899186964800, -43.86289208786709500, 49.81953964496819500 ) ) ;
#3381 = CARTESIAN_POINT ( 'NONE',  ( -14.75805687833270400, 302.3116805007836100, 144.1936832988746700 ) ) ;
#3382 = VERTEX_POINT ( 'NONE', #6669 ) ;
#3383 = DIRECTION ( 'NONE',  ( 0.0000000000000000000, -1.000000000000000000, 0.0000000000000000000 ) ) ;
#3384 = CARTESIAN_POINT ( 'NONE',  ( -716.4426543951781200, -34.63241838568433900, -725.9061410037579700 ) ) ;
#3385 = CARTESIAN_POINT ( 'NONE',  ( -506.5680110321564500, 34.82548399061559500, -838.9654621079276900 ) ) ;
#3386 = CARTESIAN_POINT ( 'NONE',  ( -978.2096096027627300, 55.64353348873437700, 63.86921591008125200 ) ) ;
#3387 = CARTESIAN_POINT ( 'NONE',  ( -917.1676508575117200, 55.99303254969949300, 105.2134167781806700 ) ) ;
#3388 = CARTESIAN_POINT ( 'NONE',  ( -658.0707898217590400, 71.86193051735821800, 650.0000000000000000 ) ) ;
#3389 = CARTESIAN_POINT ( 'NONE',  ( -765.2643653141206000, 22.99085995577434000, 60.37991675965873400 ) ) ;
#3390 = CARTESIAN_POINT ( 'NONE',  ( -135.6766069332158500, 276.9747906016463000, -140.1630649637119500 ) ) ;
#3391 = CARTESIAN_POINT ( 'NONE',  ( -916.1761530242783900, 400.0000000000000000, 105.6062142766424000 ) ) ;
#3392 = DIRECTION ( 'NONE',  ( 0.0000000000000000000, 1.000000000000000000, 0.0000000000000000000 ) ) ;
#3393 = CARTESIAN_POINT ( 'NONE',  ( -732.0292279767045300, 51.41795551113726500, 120.2871615096274000 ) ) ;
#3394 = ORIENTED_EDGE ( 'NONE', *, *, #3955, .F. ) ;
#3395 = CARTESIAN_POINT ( 'NONE',  ( -731.8165205886452900, 116.0656355729309300, 120.2917345085317900 ) ) ;
#3396 = VECTOR ( 'NONE', #2958, 1000.000000000000000 ) ;
#3397 = CARTESIAN_POINT ( 'NONE',  ( -176.0669473456558200, 315.5764558570213000, 138.8167202832974300 ) ) ;
#3398 = B_SPLINE_CURVE_WITH_KNOTS ( 'NONE', 3,
 ( #6969, #2094, #2563, #5344, #3694, #896, #4712 ),
 .UNSPECIFIED., .F., .F.,
 ( 4, 1, 1, 1, 4 ),
 ( 0.0000000000000000000, 0.2982968211775609600, 0.6153669425867313000, 0.7410739866888770300, 1.000000000000000000 ),
 .UNSPECIFIED. ) ;
#3399 = EDGE_CURVE ( 'NONE', #3323, #58, #3644, .T. ) ;
#3400 = CARTESIAN_POINT ( 'NONE',  ( -696.6374927254922800, 34.18857709151181000, 881.9691892942451000 ) ) ;
#3401 = AXIS2_PLACEMENT_3D ( 'NONE', #6243, #3514, #1466 ) ;
#3402 = CARTESIAN_POINT ( 'NONE',  ( -5.573319583618285800E-011, 132.7608090009173300, -141.3397660389947200 ) ) ;
#3403 = VERTEX_POINT ( 'NONE', #5595 ) ;
#3404 = CARTESIAN_POINT ( 'NONE',  ( -714.0927055322420100, -20.59670999217189200, -686.8284605572534900 ) ) ;
#3405 = CARTESIAN_POINT ( 'NONE',  ( -705.0678767469052000, 12.94002057090459700, -906.3933866245288300 ) ) ;
#3406 = LINE ( 'NONE', #2601, #3237 ) ;
#3407 = CARTESIAN_POINT ( 'NONE',  ( -258.7992690864780300, 50.08600469205215000, -734.0524566463253700 ) ) ;
#3408 = CARTESIAN_POINT ( 'NONE',  ( -1030.767957692490700, 31.99129281977738900, -29.79407304007394300 ) ) ;
#3409 = CARTESIAN_POINT ( 'NONE',  ( -995.1635593470150500, 22.13739259372691800, 81.65449278019961800 ) ) ;
#3410 = CARTESIAN_POINT ( 'NONE',  ( -855.3638864233428200, 39.44847174006471800, -114.8816014359633800 ) ) ;
#3411 = VERTEX_POINT ( 'NONE', #3014 ) ;
#3412 = VECTOR ( 'NONE', #5773, 1000.000000000000000 ) ;
#3413 = CARTESIAN_POINT ( 'NONE',  ( -765.2638104625555100, 22.99091429345041600, -60.37581848405812200 ) ) ;
#3414 = CARTESIAN_POINT ( 'NONE',  ( -728.9551145605413500, 27.41028365779396500, 101.8102436487699000 ) ) ;
#3415 = VERTEX_POINT ( 'NONE', #1893 ) ;
#3416 = CARTESIAN_POINT ( 'NONE',  ( -916.2188226148706500, 53.05136739624566600, -105.5957882377793700 ) ) ;
#3417 = CARTESIAN_POINT ( 'NONE',  ( -367.9313192756203000, 108.1367673492333400, 593.0918799415275100 ) ) ;
#3418 = CARTESIAN_POINT ( 'NONE',  ( -770.0781440828610600, -48.81971161484001700, -64.73844108900411200 ) ) ;
#3419 = VERTEX_POINT ( 'NONE', #4038 ) ;
#3420 = DIRECTION ( 'NONE',  ( 0.9427946626885517200, 0.3318894391366361600, -0.03142648875628503700 ) ) ;
#3421 = CARTESIAN_POINT ( 'NONE',  ( -14.62674840205268400, 302.0875313624765700, 144.1980602480840900 ) ) ;
#3422 = VERTEX_POINT ( 'NONE', #2970 ) ;
#3423 = CARTESIAN_POINT ( 'NONE',  ( -5.573319583618286500E-011, 142.1126253170442300, -144.5240137853010100 ) ) ;
#3424 = CARTESIAN_POINT ( 'NONE',  ( -1016.193618240457500, 42.27212630768828900, -31.43305827269145800 ) ) ;
#3425 = CARTESIAN_POINT ( 'NONE',  ( -697.2163918740086500, 32.89082763337528100, -858.2985787232437400 ) ) ;
#3426 = CARTESIAN_POINT ( 'NONE',  ( -176.2765090170732700, 315.4223361412441600, 240.0000000000000000 ) ) ;
#3427 = EDGE_CURVE ( 'NONE', #1902, #5588, #3865, .T. ) ;
#3428 = CARTESIAN_POINT ( 'NONE',  ( -1028.454700717593400, 37.41061960111522900, 1.298294166552235600 ) ) ;
#3429 = CARTESIAN_POINT ( 'NONE',  ( -18.48917396984331100, 303.9549707836477000, 240.0000000000000300 ) ) ;
#3430 = CARTESIAN_POINT ( 'NONE',  ( -739.3133064882089200, 138.8554250124468900, -101.7601193482076100 ) ) ;
#3431 = CARTESIAN_POINT ( 'NONE',  ( -728.7059646597059600, 26.57109911396810300, 95.71140535763856900 ) ) ;
#3432 = CARTESIAN_POINT ( 'NONE',  ( -913.6667815685493700, 24.54540811308835700, -106.1257611868305900 ) ) ;
#3433 = CARTESIAN_POINT ( 'NONE',  ( -703.8057536442644300, 16.56588242570788000, 661.3112668246923200 ) ) ;
#3434 = EDGE_CURVE ( 'NONE', #923, #4509, #2587, .T. ) ;
#3435 = CARTESIAN_POINT ( 'NONE',  ( -729.0542768836838800, 26.53698324128359700, -95.29295773869242200 ) ) ;
#3436 = APPLICATION_CONTEXT ( 'automotive_design' ) ;
#3437 = B_SPLINE_CURVE_WITH_KNOTS ( 'NONE', 3,
 ( #3910, #649, #2221, #3933, #1175, #6072, #3889, #670, #1700, #6685, #1218, #4483, #2286, #4387, #4978, #5051, #2243, #1770, #1676, #3846, #5592, #2825, #1746, #622, #6117, #6137, #573, #2794, #5000, #6622, #1127, #3322, #2770, #6602, #31, #1724, #3867, #5546, #2265, #602, #5573, #2846, #2411, #142, #2921, #733, #185, #6703, #1297, #2347, #4593, #2967, #3476, #3433, #1324, #3971, #773, #4505, #713, #6159 ),
 .UNSPECIFIED., .F., .F.,
 ( 4, 2, 2, 2, 2, 2, 2, 2, 2, 2, 2, 2, 2, 2, 2, 2, 2, 2, 2, 2, 2, 2, 2, 2, 2, 2, 2, 2, 2, 4 ),
 ( 0.0000000000000000000, 0.01209213808845452900, 0.02418427617690905800, 0.02720731069902261300, 0.03023034522113617100, 0.03627641426536302300, 0.04836855235381699900, 0.05139158687593025500, 0.05441462139804349700, 0.06046069044226969100, 0.07255282853072206300, 0.07859889757494809000, 0.08162193209706127000, 0.08464496661917443600, 0.09673710470762712800, 0.1027831737518536500, 0.1058062082739669300, 0.1088292427960801800, 0.1209213808845322900, 0.1269674499287583300, 0.1299904844508713600, 0.1330135189729843300, 0.1451056570614364400, 0.1571977951498884900, 0.1602208296720014900, 0.1632438641941144900, 0.1692899332383407400, 0.1813820713267932100, 0.1874281403710193700, 0.1934742094152454800 ),
 .UNSPECIFIED. ) ;
#3438 = ORIENTED_EDGE ( 'NONE', *, *, #1876, .T. ) ;
#3439 = VERTEX_POINT ( 'NONE', #1389 ) ;
#3440 = CARTESIAN_POINT ( 'NONE',  ( -1091.001454038734200, -3.852593029381601300, -10.59774453076712500 ) ) ;
#3441 = EDGE_CURVE ( 'NONE', #1517, #3066, #635, .T. ) ;
#3442 = DIRECTION ( 'NONE',  ( -0.03125000000000001400, 0.0000000000000000000, 0.9995115994824672600 ) ) ;
#3443 = CARTESIAN_POINT ( 'NONE',  ( -1033.286065446465500, 36.25511863749611100, 27.66881905562815500 ) ) ;
#3444 = CARTESIAN_POINT ( 'NONE',  ( -476.0758129337042400, 35.75477944128254400, -842.2408689067776800 ) ) ;
#3445 = CARTESIAN_POINT ( 'NONE',  ( -184.3320442975574700, 304.8373345718552500, 239.9999999999999700 ) ) ;
#3446 = EDGE_LOOP ( 'NONE', ( #3010, #5160, #6173, #6192 ) ) ;
#3447 = CARTESIAN_POINT ( 'NONE',  ( -994.8106324898968800, 49.79952058417094200, -55.60910644273719300 ) ) ;
#3448 =( BOUNDED_CURVE ( )  B_SPLINE_CURVE ( 3, ( #1321, #6238, #711, #5067 ),
 .UNSPECIFIED., .F., .F. ) 
 B_SPLINE_CURVE_WITH_KNOTS ( ( 4, 4 ),
 ( 1.504868470608304900, 1.549392849992818700 ),
 .UNSPECIFIED. ) 
 CURVE ( )  GEOMETRIC_REPRESENTATION_ITEM ( )  RATIONAL_B_SPLINE_CURVE ( ( 1.000000000000000000, 0.9998348051261560800, 0.9998348051261560800, 1.000000000000000000 ) ) 
 REPRESENTATION_ITEM ( '' )  );
#3449 = CARTESIAN_POINT ( 'NONE',  ( -1025.528095748797800, 24.49074053889315600, 49.74942052518749600 ) ) ;
#3450 = CARTESIAN_POINT ( 'NONE',  ( -14.62674840205269800, 302.1913950899950100, 240.0000000000000000 ) ) ;
#3451 = ORIENTED_EDGE ( 'NONE', *, *, #147, .T. ) ;
#3452 = CARTESIAN_POINT ( 'NONE',  ( -765.4829167630156200, 22.96945679395951200, -61.31977829154260500 ) ) ;
#3453 = CARTESIAN_POINT ( 'NONE',  ( -729.2469134514119600, 29.10992096106289000, 106.3868287553680300 ) ) ;
#3454 = CARTESIAN_POINT ( 'NONE',  ( -723.7945680158910600, -29.18071593480783600, 36.91470976221314300 ) ) ;
#3455 = ORIENTED_EDGE ( 'NONE', *, *, #4428, .T. ) ;
#3456 = CARTESIAN_POINT ( 'NONE',  ( -532.1764711619968000, 0.3009072780147646900, -69.90283081991590600 ) ) ;
#3457 = ORIENTED_EDGE ( 'NONE', *, *, #659, .T. ) ;
#3458 = CARTESIAN_POINT ( 'NONE',  ( -769.9248101595751500, 23.42789570974004900, -54.74743358702337300 ) ) ;
#3459 = CARTESIAN_POINT ( 'NONE',  ( -731.9078426357674500, 51.42973581423980500, -120.2897758343767300 ) ) ;
#3460 = ORIENTED_EDGE ( 'NONE', *, *, #3357, .F. ) ;
#3461 = EDGE_CURVE ( 'NONE', #5841, #4433, #4378, .T. ) ;
#3462 = CARTESIAN_POINT ( 'NONE',  ( -367.9313192756203000, 108.1367673492333400, -593.0918799415275100 ) ) ;
#3463 = CARTESIAN_POINT ( 'NONE',  ( -1074.912622206676800, -2.948390393197902100, -22.43530719852428800 ) ) ;
#3464 = CARTESIAN_POINT ( 'NONE',  ( -994.6031951089477200, 1.565050759435582000, 54.74811187494922400 ) ) ;
#3465 = CARTESIAN_POINT ( 'NONE',  ( -184.6267484020527000, 302.0000000000000600, 239.9999999999999700 ) ) ;
#3466 = CARTESIAN_POINT ( 'NONE',  ( -352.5511773395459200, 35.96936945017755200, -875.8793141190113800 ) ) ;
#3467 = CARTESIAN_POINT ( 'NONE',  ( -184.1818011619280100, 305.4793383340147000, 240.0000000000000000 ) ) ;
#3468 = DIRECTION ( 'NONE',  ( 1.000000000000000000, -9.251858538542963900E-016, 0.0000000000000000000 ) ) ;
#3469 = ADVANCED_FACE ( 'NONE', ( #2278 ), #5875, .T. ) ;
#3470 = CARTESIAN_POINT ( 'NONE',  ( -99.20103709440977000, 317.0941570388971500, 239.9999999999999400 ) ) ;
#3471 = CARTESIAN_POINT ( 'NONE',  ( -739.1952091488935800, 138.3992726095356400, -103.3118623065659400 ) ) ;
#3472 = CARTESIAN_POINT ( 'NONE',  ( -875.8221502206670300, 66.35121194100121000, 112.9039487894362300 ) ) ;
#3473 = CARTESIAN_POINT ( 'NONE',  ( 4.747416705071056100, 375.1674090797846500, 119.8299807186488000 ) ) ;
#3474 = CARTESIAN_POINT ( 'NONE',  ( -940.3170078418983200, -42.56529605357287200, 59.06079369007283500 ) ) ;
#3475 = LINE ( 'NONE', #6009, #6048 ) ;
#3476 = CARTESIAN_POINT ( 'NONE',  ( -705.5802345102140400, 11.43365534904644300, 663.9830930583731300 ) ) ;
#3477 = CARTESIAN_POINT ( 'NONE',  ( -769.6241278965980000, -49.25061185733253700, -54.76506754953027200 ) ) ;
#3478 = ADVANCED_FACE ( 'NONE', ( #3140 ), #2885, .T. ) ;
#3479 = CIRCLE ( 'NONE', #5891, 20.00000000000004300 ) ;
#3480 = ORIENTED_EDGE ( 'NONE', *, *, #1716, .T. ) ;
#3481 = EDGE_CURVE ( 'NONE', #1709, #4891, #5689, .T. ) ;
#3482 = CARTESIAN_POINT ( 'NONE',  ( -969.8308515967182800, 2.957272304234565200, 68.79590352574993500 ) ) ;
#3483 = LINE ( 'NONE', #5601, #405 ) ;
#3484 = CARTESIAN_POINT ( 'NONE',  ( -1016.467930798179900, 0.3362386334106748900, -11.99751396567898500 ) ) ;
#3485 = CARTESIAN_POINT ( 'NONE',  ( -994.3096597504323900, 22.17500614497043500, 80.23718975908492700 ) ) ;
#3486 = CARTESIAN_POINT ( 'NONE',  ( -1022.687762458795500, 39.98601039338050400, 12.99443855083451500 ) ) ;
#3487 = CARTESIAN_POINT ( 'NONE',  ( -704.3951095136277400, 14.86145999664160700, -814.4674589638897300 ) ) ;
#3488 = DIRECTION ( 'NONE',  ( 1.000000000000000000, 2.610927889176040600E-016, 0.0000000000000000000 ) ) ;
#3489 = CYLINDRICAL_SURFACE ( 'NONE', #3068, 29.99999999999999300 ) ;
#3490 = CARTESIAN_POINT ( 'NONE',  ( -984.7083298120182900, 53.35580670079827600, -85.22959943904371000 ) ) ;
#3491 = VERTEX_POINT ( 'NONE', #4441 ) ;
#3492 = CARTESIAN_POINT ( 'NONE',  ( -920.0598199272263900, 68.79296931279272100, 98.09737963604054300 ) ) ;
#3493 = CARTESIAN_POINT ( 'NONE',  ( -930.5701785369145700, -44.47907115696418900, 49.73564145465413600 ) ) ;
#3494 = CARTESIAN_POINT ( 'NONE',  ( -113.5861459944480200, 319.0060677208249400, 239.9999999999999400 ) ) ;
#3495 = CARTESIAN_POINT ( 'NONE',  ( -767.6447181106009300, 22.75774744914411600, -55.44971539264285100 ) ) ;
#3496 = CARTESIAN_POINT ( 'NONE',  ( -728.8036256399489000, 26.76552443163117100, 98.58360506039349500 ) ) ;
#3497 = CARTESIAN_POINT ( 'NONE',  ( -418.8108414987674500, 78.87170263032058400, 650.0000000000000000 ) ) ;
#3498 = CARTESIAN_POINT ( 'NONE',  ( -766.4225909152171400, 22.87743270519446200, 62.99348629747629500 ) ) ;
#3499 = ORIENTED_EDGE ( 'NONE', *, *, #2759, .F. ) ;
#3500 = CARTESIAN_POINT ( 'NONE',  ( 4.747416705071056100, 375.1674090797846500, 119.8299807186488000 ) ) ;
#3501 = CARTESIAN_POINT ( 'NONE',  ( -184.3980005294838800, 299.4931184582486000, 239.9999999999999400 ) ) ;
#3502 = ADVANCED_FACE ( 'NONE', ( #6792 ), #5026, .F. ) ;
#3503 = CARTESIAN_POINT ( 'NONE',  ( -1029.345990449706100, 36.62101568537924800, -10.21502374555108600 ) ) ;
#3504 = CARTESIAN_POINT ( 'NONE',  ( -973.7201394624663600, 2.738691839372716400, 67.46626139460964600 ) ) ;
#3505 = CARTESIAN_POINT ( 'NONE',  ( -1012.809502501466300, 43.46342736086180000, 37.02459158161161700 ) ) ;
#3506 = ADVANCED_FACE ( 'NONE', ( #4947 ), #2624, .T. ) ;
#3507 = CARTESIAN_POINT ( 'NONE',  ( -418.4486822469645500, 71.87170263032059800, 650.0000000000000000 ) ) ;
#3508 = CARTESIAN_POINT ( 'NONE',  ( -46.01453462415393900, 309.3819619568980700, 239.9999999999999700 ) ) ;
#3509 = CARTESIAN_POINT ( 'NONE',  ( -857.1856712145872700, 78.45652726457913700, -114.0905180219913700 ) ) ;
#3510 = CARTESIAN_POINT ( 'NONE',  ( -588.4213002791510700, 34.97267035960745600, -839.4787391688136000 ) ) ;
#3511 = EDGE_CURVE ( 'NONE', #1895, #6946, #5272, .T. ) ;
#3512 = CARTESIAN_POINT ( 'NONE',  ( -532.1764711619969100, 0.3009072780147670800, 69.90283081991590600 ) ) ;
#3513 = ORIENTED_EDGE ( 'NONE', *, *, #2071, .F. ) ;
#3514 = DIRECTION ( 'NONE',  ( -0.0000000000000000000, -1.000000000000000000, -0.0000000000000000000 ) ) ;
#3515 = CARTESIAN_POINT ( 'NONE',  ( -184.4288548936907800, 299.6606238803981900, 239.9999999999999100 ) ) ;
#3516 = ORIENTED_EDGE ( 'NONE', *, *, #1853, .F. ) ;
#3517 = VERTEX_POINT ( 'NONE', #4999 ) ;
#3518 = CARTESIAN_POINT ( 'NONE',  ( -723.6193010487614900, -38.68068962038899600, -36.91515317970815600 ) ) ;
#3519 = CARTESIAN_POINT ( 'NONE',  ( -1016.900446132896900, 0.3119309950497118900, 5.989281179325407900 ) ) ;
#3520 = ORIENTED_EDGE ( 'NONE', *, *, #2665, .T. ) ;
#3521 = EDGE_CURVE ( 'NONE', #4157, #5565, #4945, .T. ) ;
#3522 = CARTESIAN_POINT ( 'NONE',  ( -976.9540680270084700, 2.556942986274761200, 66.09136683665653300 ) ) ;
#3523 = CARTESIAN_POINT ( 'NONE',  ( -1035.213616962849100, 21.69446416873040600, 30.15032139521711900 ) ) ;
#3524 = CARTESIAN_POINT ( 'NONE',  ( 465.9699137599472500, -201.6600000000000000, -1100.000000000000000 ) ) ;
#3525 = CARTESIAN_POINT ( 'NONE',  ( -731.8328558798130000, 116.1642536705852400, 120.2911899988262000 ) ) ;
#3526 = ORIENTED_EDGE ( 'NONE', *, *, #2485, .T. ) ;
#3527 = CARTESIAN_POINT ( 'NONE',  ( -821.4466809218378100, 110.8283606163735700, 92.63126309991223200 ) ) ;
#3528 = ORIENTED_EDGE ( 'NONE', *, *, #3944, .T. ) ;
#3529 = CARTESIAN_POINT ( 'NONE',  ( -919.0245621517921100, 76.47828466112915200, 81.59951836259084200 ) ) ;
#3530 = CARTESIAN_POINT ( 'NONE',  ( -934.8369022611140100, 7.164169369840226200, 50.79682314338396800 ) ) ;
#3531 = ADVANCED_FACE ( 'NONE', ( #4335 ), #4601, .T. ) ;
#3532 = CARTESIAN_POINT ( 'NONE',  ( -99.23340139415925900, 317.0985112835708700, 239.9999999999999400 ) ) ;
#3533 = CARTESIAN_POINT ( 'NONE',  ( -861.6893562705722600, 96.65153101495620500, -90.76437830641738500 ) ) ;
#3534 = CARTESIAN_POINT ( 'NONE',  ( -695.3498951670795800, 37.00424895828988500, -870.9143178242516100 ) ) ;
#3535 = CARTESIAN_POINT ( 'NONE',  ( -588.1345451867422300, 35.89187472434856800, -842.7842001073296400 ) ) ;
#3536 = CARTESIAN_POINT ( 'NONE',  ( -536.4089367922349500, -10.00669366827950500, -36.89144407851289000 ) ) ;
#3537 = CARTESIAN_POINT ( 'NONE',  ( -731.8151122645202800, 51.43873704579164800, -120.2917647316887700 ) ) ;
#3538 = CARTESIAN_POINT ( 'NONE',  ( -861.7541354303035600, 96.55649084450696800, 91.96781315333771500 ) ) ;
#3539 = PRESENTATION_STYLE_ASSIGNMENT (( #3311 ) ) ;
#3540 = AXIS2_PLACEMENT_3D ( 'NONE', #6678, #5584, #6755 ) ;
#3541 = CARTESIAN_POINT ( 'NONE',  ( -919.3092125744914300, 76.30036816899239200, -83.13133380107837000 ) ) ;
#3542 = EDGE_CURVE ( 'NONE', #1658, #3111, #2796, .T. ) ;
#3543 = CARTESIAN_POINT ( 'NONE',  ( -1015.791595595864200, 0.3742491042288547700, 17.06430000303003100 ) ) ;
#3544 = ORIENTED_EDGE ( 'NONE', *, *, #2915, .F. ) ;
#3545 = VECTOR ( 'NONE', #258, 1000.000000000000000 ) ;
#3546 = CARTESIAN_POINT ( 'NONE',  ( -931.3397659222288200, 6.726778016903235600, 69.69537296619257900 ) ) ;
#3547 = CARTESIAN_POINT ( 'NONE',  ( -1002.015125049440000, 1.148495557599341000, 47.28594084135892900 ) ) ;
#3548 = CARTESIAN_POINT ( 'NONE',  ( -184.6267484020529500, 296.8509855691290200, -239.9999999999997700 ) ) ;
#3549 = CARTESIAN_POINT ( 'NONE',  ( -345.2162486971475300, 117.3747192612501500, 650.0000000000000000 ) ) ;
#3550 = CARTESIAN_POINT ( 'NONE',  ( -974.7195593237231600, -41.14360454799239600, -312.7510206763798200 ) ) ;
#3551 = CARTESIAN_POINT ( 'NONE',  ( -734.4425480103329800, 123.6849575818748400, 118.9112226189439400 ) ) ;
#3552 = CARTESIAN_POINT ( 'NONE',  ( -466.7107338811861200, -69.24084322058334400, 650.0000000000000000 ) ) ;
#3553 = LINE ( 'NONE', #2666, #400 ) ;
#3554 = CARTESIAN_POINT ( 'NONE',  ( -929.9999970323415300, 7.164169369840226200, 49.73844108900585300 ) ) ;
#3555 = CARTESIAN_POINT ( 'NONE',  ( -112.4981006089315100, 318.8629628205965200, 239.9999999999999100 ) ) ;
#3556 = EDGE_LOOP ( 'NONE', ( #825, #3292, #1667, #6295, #2940, #5058, #29, #1481, #1999, #2035 ) ) ;
#3557 = CARTESIAN_POINT ( 'NONE',  ( -258.7992690864780900, 213.7750709259654500, 655.0000000000000000 ) ) ;
#3558 = CARTESIAN_POINT ( 'NONE',  ( -699.7554795454577700, 26.97178616484933000, -897.1120154088097300 ) ) ;
#3559 = VECTOR ( 'NONE', #6045, 1000.000000000000000 ) ;
#3560 = CARTESIAN_POINT ( 'NONE',  ( -765.2320030810926700, -48.39326521950788900, 60.05810047843071000 ) ) ;
#3561 =( BOUNDED_CURVE ( )  B_SPLINE_CURVE ( 3, ( #3369, #78, #5498, #3393 ),
 .UNSPECIFIED., .F., .F. ) 
 B_SPLINE_CURVE_WITH_KNOTS ( ( 4, 4 ),
 ( 1.504729672242930600, 1.549262255085036300 ),
 .UNSPECIFIED. ) 
 CURVE ( )  GEOMETRIC_REPRESENTATION_ITEM ( )  RATIONAL_B_SPLINE_CURVE ( ( 1.000000000000000000, 0.9998347442499346800, 0.9998347442499346800, 1.000000000000000000 ) ) 
 REPRESENTATION_ITEM ( '' )  );
#3562 = CARTESIAN_POINT ( 'NONE',  ( -188.2058441834560700, 333.7464089050529900, 113.6900703670591200 ) ) ;
#3563 = ORIENTED_EDGE ( 'NONE', *, *, #6975, .T. ) ;
#3564 = CIRCLE ( 'NONE', #1284, 779.7862235890434000 ) ;
#3565 = CARTESIAN_POINT ( 'NONE',  ( -769.0642468253605600, 32.25061285086996300, 479.9273741711696200 ) ) ;
#3566 = DIRECTION ( 'NONE',  ( 0.0000000000000000000, -1.000000000000000000, 0.0000000000000000000 ) ) ;
#3567 = CARTESIAN_POINT ( 'NONE',  ( -855.4052764537871100, 73.21699231938879400, 114.8776019093388500 ) ) ;
#3568 = VECTOR ( 'NONE', #6544, 1000.000000000000000 ) ;
#3569 = ADVANCED_FACE ( 'NONE', ( #7083 ), #3250, .T. ) ;
#3570 = EDGE_CURVE ( 'NONE', #4219, #2928, #6984, .T. ) ;
#3571 = CARTESIAN_POINT ( 'NONE',  ( -1030.735667485854500, 34.08958489581330300, 22.37060799453291800 ) ) ;
#3572 = ORIENTED_EDGE ( 'NONE', *, *, #1829, .F. ) ;
#3573 = CARTESIAN_POINT ( 'NONE',  ( -937.7447747082045500, 6.099523243873217200, 53.00737150436270200 ) ) ;
#3574 = CARTESIAN_POINT ( 'NONE',  ( -1038.145799342743400, 50.08600469205194400, -734.0524566463253700 ) ) ;
#3575 = CARTESIAN_POINT ( 'NONE',  ( -485.5448985313521500, 50.28527867274424100, 128.5007885874833000 ) ) ;
#3576 = CARTESIAN_POINT ( 'NONE',  ( -418.8108414987674500, 78.87170263032058400, 650.0000000000000000 ) ) ;
#3577 = CARTESIAN_POINT ( 'NONE',  ( -1027.366565385218300, 38.33894413331795200, -47.75748126389994000 ) ) ;
#3578 = ADVANCED_FACE ( 'NONE', ( #2524 ), #6968, .F. ) ;
#3579 = CARTESIAN_POINT ( 'NONE',  ( -768.1903016504994600, 23.42730997547047500, 55.16954929566293900 ) ) ;
#3580 = CARTESIAN_POINT ( 'NONE',  ( -930.8549077680145300, 7.164169369840226200, 49.74698897011925400 ) ) ;
#3581 = ORIENTED_EDGE ( 'NONE', *, *, #3168, .T. ) ;
#3582 = CARTESIAN_POINT ( 'NONE',  ( -140.2435841760453700, 322.4478064446507800, 240.0000000000000000 ) ) ;
#3583 = CARTESIAN_POINT ( 'NONE',  ( -916.5373241055175400, 52.65952509643096100, -105.5304585192918000 ) ) ;
#3584 = CARTESIAN_POINT ( 'NONE',  ( -1004.167345983600700, 1.027539364971651300, 44.51969783023805900 ) ) ;
#3585 = CARTESIAN_POINT ( 'NONE',  ( -14.62674840205208900, 301.1043781108963900, -137.9225819429059600 ) ) ;
#3586 = AXIS2_PLACEMENT_3D ( 'NONE', #2603, #957, #5948 ) ;
#3587 = CARTESIAN_POINT ( 'NONE',  ( -168.9615670094463600, 284.8137174057155800, 139.0535662945044100 ) ) ;
#3588 = CARTESIAN_POINT ( 'NONE',  ( -179.9115004248668300, 336.6662441639962800, 135.2048369887800700 ) ) ;
#3589 = EDGE_CURVE ( 'NONE', #4205, #2905, #1314, .T. ) ;
#3590 = CARTESIAN_POINT ( 'NONE',  ( -814.2958551512953100, 43.43407594906613400, -117.5987833430912400 ) ) ;
#3591 = CARTESIAN_POINT ( 'NONE',  ( -919.5031764296227300, 76.11555795107437900, -84.27382608369850900 ) ) ;
#3592 = CARTESIAN_POINT ( 'NONE',  ( -1017.022543480789200, 0.3050690460292440600, 0.4327156072118821800 ) ) ;
#3593 = CARTESIAN_POINT ( 'NONE',  ( -939.2475012264303600, 5.952358358919553000, 64.25154131935747200 ) ) ;
#3594 = DIRECTION ( 'NONE',  ( 0.0000000000000000000, 1.000000000000000000, 0.0000000000000000000 ) ) ;
#3595 = CARTESIAN_POINT ( 'NONE',  ( -5.573319583618285800E-011, 134.2133225618005400, 142.1608026483228000 ) ) ;
#3596 = CARTESIAN_POINT ( 'NONE',  ( -484.3538894122041800, 8.948579167852365400, -71.01466156690142400 ) ) ;
#3597 = CARTESIAN_POINT ( 'NONE',  ( -931.5811884387760500, 7.164169077462492700, -69.66522907176320700 ) ) ;
#3598 = ORIENTED_EDGE ( 'NONE', *, *, #847, .T. ) ;
#3599 = VERTEX_POINT ( 'NONE', #2066 ) ;
#3600 = CARTESIAN_POINT ( 'NONE',  ( -822.4673178911358500, 110.4690685623246400, 117.1897664929381500 ) ) ;
#3601 = CARTESIAN_POINT ( 'NONE',  ( -184.1267828336366400, 298.2053047023035200, 138.5480591003647500 ) ) ;
#3602 = ADVANCED_FACE ( 'NONE', ( #6388 ), #789, .T. ) ;
#3603 = CARTESIAN_POINT ( 'NONE',  ( -132.5975602885154700, 321.4778871338957600, 240.0000000000000000 ) ) ;
#3604 = ORIENTED_EDGE ( 'NONE', *, *, #3441, .F. ) ;
#3605 = CARTESIAN_POINT ( 'NONE',  ( -858.1257941851149600, 81.36043793417252300, -113.0815573237752900 ) ) ;
#3606 = CARTESIAN_POINT ( 'NONE',  ( -695.5826614938781600, 36.50386896739135500, -845.3312726717039100 ) ) ;
#3607 = CARTESIAN_POINT ( 'NONE',  ( -766.2236635958419100, -48.48086150923271000, 56.73459719286650200 ) ) ;
#3608 = ORIENTED_EDGE ( 'NONE', *, *, #6462, .F. ) ;
#3609 = CARTESIAN_POINT ( 'NONE',  ( -14.62674840205269300, 301.9390201686329600, 144.1980602480840900 ) ) ;
#3610 = ORIENTED_EDGE ( 'NONE', *, *, #760, .T. ) ;
#3611 = CARTESIAN_POINT ( 'NONE',  ( -176.4562399139424500, 337.8825901175833300, 114.4713968137522800 ) ) ;
#3612 = ORIENTED_EDGE ( 'NONE', *, *, #3589, .T. ) ;
#3613 = CARTESIAN_POINT ( 'NONE',  ( -486.9733623574722400, 75.45585723913176000, -128.4531731162367400 ) ) ;
#3614 = CARTESIAN_POINT ( 'NONE',  ( -173.8772880602521700, 287.1290433353714800, 239.9999999999999400 ) ) ;
#3615 = VERTEX_POINT ( 'NONE', #1642 ) ;
#3616 = CARTESIAN_POINT ( 'NONE',  ( -728.9337406396426800, 26.54878758476935700, 95.29554850291650300 ) ) ;
#3617 = CARTESIAN_POINT ( 'NONE',  ( -904.2917312246009900, 22.77500730725272500, 107.9619514504474300 ) ) ;
#3618 = AXIS2_PLACEMENT_3D ( 'NONE', #1469, #954, #5339 ) ;
#3619 = CARTESIAN_POINT ( 'NONE',  ( -14.64420709051254100, 296.9708203874942000, -144.1974782918021800 ) ) ;
#3620 = VERTEX_POINT ( 'NONE', #6554 ) ;
#3621 = CARTESIAN_POINT ( 'NONE',  ( -1030.668166295387200, 34.36182145443407900, 21.30267977848526000 ) ) ;
#3622 = ORIENTED_EDGE ( 'NONE', *, *, #2716, .F. ) ;
#3623 = CARTESIAN_POINT ( 'NONE',  ( -740.6150288742914000, -34.39772603926746800, 36.91500537387647500 ) ) ;
#3624 = DIRECTION ( 'NONE',  ( 1.000000000000000000, 0.0000000000000000000, 0.0000000000000000000 ) ) ;
#3625 = CARTESIAN_POINT ( 'NONE',  ( -157.1660011963854800, 279.3592731268847700, 137.9225819429061100 ) ) ;
#3626 = CARTESIAN_POINT ( 'NONE',  ( -693.4122224735933700, -5.231446897239790900, -479.9148654927763000 ) ) ;
#3627 = CARTESIAN_POINT ( 'NONE',  ( -931.1425848451413000, 7.164169077462492700, -49.76708235054682200 ) ) ;
#3628 = CARTESIAN_POINT ( 'NONE',  ( -446.4203712641256600, 37.54014082898016400, 852.4347855442166500 ) ) ;
#3629 = FACE_OUTER_BOUND ( 'NONE', #3446, .T. ) ;
#3630 = CARTESIAN_POINT ( 'NONE',  ( -739.4335370044988200, 139.6992244574321400, 95.30066013804217600 ) ) ;
#3631 = CARTESIAN_POINT ( 'NONE',  ( -970.4037882827206000, 2.925072896146106300, -68.60026894045648800 ) ) ;
#3632 = CARTESIAN_POINT ( 'NONE',  ( -132.4208685121526200, 321.4550998572816500, 240.0000000000000000 ) ) ;
#3633 = EDGE_CURVE ( 'NONE', #4377, #3297, #3475, .T. ) ;
#3634 = DIRECTION ( 'NONE',  ( -1.000000000000000000, 9.251858538542963900E-016, 0.0000000000000000000 ) ) ;
#3635 = CARTESIAN_POINT ( 'NONE',  ( -430.5817890883756100, 73.28256349372452400, -650.0000000000000000 ) ) ;
#3636 = CARTESIAN_POINT ( 'NONE',  ( -769.4395871061526600, -48.76619127326071600, 64.67917783999278900 ) ) ;
#3637 = FACE_OUTER_BOUND ( 'NONE', #2723, .T. ) ;
#3638 = CARTESIAN_POINT ( 'NONE',  ( -40.06769064993477500, 295.6050947027603700, 143.3500288398213100 ) ) ;
#3639 = CARTESIAN_POINT ( 'NONE',  ( -154.1508744330150800, 345.7346872203142400, 138.9582123831737300 ) ) ;
#3640 = CARTESIAN_POINT ( 'NONE',  ( -969.3012010720884700, 3.009141994146537200, 69.97827981301978200 ) ) ;
#3641 = CARTESIAN_POINT ( 'NONE',  ( -938.3895007698841900, 6.375814789546293300, 87.02729292219045500 ) ) ;
#3642 = CARTESIAN_POINT ( 'NONE',  ( -178.9990172815606700, 290.6521700425211100, 239.9999999999999700 ) ) ;
#3643 = CARTESIAN_POINT ( 'NONE',  ( -715.4694084533924800, -28.20432991224589300, -750.9911262143122000 ) ) ;
#3644 = LINE ( 'NONE', #2848, #3977 ) ;
#3645 = CARTESIAN_POINT ( 'NONE',  ( -916.1761530242783900, 26.27102378859758100, 105.6062142766424000 ) ) ;
#3646 = ADVANCED_FACE ( 'NONE', ( #6722 ), #3154, .F. ) ;
#3647 = CARTESIAN_POINT ( 'NONE',  ( -920.0598199272296800, 68.79296931279317600, -98.09737963603727500 ) ) ;
#3648 = DIRECTION ( 'NONE',  ( 0.0000000000000000000, 1.000000000000000000, 0.0000000000000000000 ) ) ;
#3649 = EDGE_CURVE ( 'NONE', #2364, #5184, #6033, .T. ) ;
#3650 = CARTESIAN_POINT ( 'NONE',  ( -936.7754111357478500, 6.194454874405377800, 52.09426298774359100 ) ) ;
#3651 = CARTESIAN_POINT ( 'NONE',  ( -855.3638864233428200, 39.44847174006471800, -114.8816014359633800 ) ) ;
#3652 = VECTOR ( 'NONE', #3941, 1000.000000000000000 ) ;
#3653 = CARTESIAN_POINT ( 'NONE',  ( -488.5693037611473500, 75.20711724015151800, 128.3999750694480600 ) ) ;
#3654 = CARTESIAN_POINT ( 'NONE',  ( -513.4672159472800100, 45.54542476513815100, -373.8168780586473800 ) ) ;
#3655 = CARTESIAN_POINT ( 'NONE',  ( -940.3841309089868900, 7.164169077462492700, -59.73484047611274400 ) ) ;
#3656 =( BOUNDED_CURVE ( )  B_SPLINE_CURVE ( 3, ( #6110, #6681, #2306, #2840 ),
 .UNSPECIFIED., .F., .F. ) 
 B_SPLINE_CURVE_WITH_KNOTS ( ( 4, 4 ),
 ( 5.047602617544692200, 5.232683560360833000 ),
 .UNSPECIFIED. ) 
 CURVE ( )  GEOMETRIC_REPRESENTATION_ITEM ( )  RATIONAL_B_SPLINE_CURVE ( ( 1.000000000000000000, 0.9971474569586199500, 0.9971474569586199500, 1.000000000000000000 ) ) 
 REPRESENTATION_ITEM ( '' )  );
#3657 = VERTEX_POINT ( 'NONE', #6037 ) ;
#3658 = CARTESIAN_POINT ( 'NONE',  ( -359.1563552399026100, 35.25497794235352700, 878.5822107863517700 ) ) ;
#3659 = AXIS2_PLACEMENT_3D ( 'NONE', #3368, #4459, #77 ) ;
#3660 = LINE ( 'NONE', #1207, #2894 ) ;
#3661 = CARTESIAN_POINT ( 'NONE',  ( -769.6962191069245600, 23.42730997547047500, 54.75875204565061700 ) ) ;
#3662 = CARTESIAN_POINT ( 'NONE',  ( -978.2096096027601100, 55.64353348873528700, -63.86921591008110300 ) ) ;
#3663 = CARTESIAN_POINT ( 'NONE',  ( -139.3160054814839000, 322.3370741861045300, 239.9999999999999400 ) ) ;
#3664 = EDGE_CURVE ( 'NONE', #3192, #978, #661, .T. ) ;
#3665 = DIRECTION ( 'NONE',  ( 0.0000000000000000000, 1.000000000000000000, 0.0000000000000000000 ) ) ;
#3666 = CARTESIAN_POINT ( 'NONE',  ( -767.6436131462511400, -48.60586966376928300, 55.45027007850043100 ) ) ;
#3667 = FACE_OUTER_BOUND ( 'NONE', #6494, .T. ) ;
#3668 = CIRCLE ( 'NONE', #579, 25.00000000000004600 ) ;
#3669 = CARTESIAN_POINT ( 'NONE',  ( -14.69771262424073800, 301.7726945522351800, 144.1956947740111200 ) ) ;
#3670 = CARTESIAN_POINT ( 'NONE',  ( -1005.420166944349500, 21.68559774924702000, -72.71202799489134300 ) ) ;
#3671 = CARTESIAN_POINT ( 'NONE',  ( -970.4037882827204800, 2.925072896146058400, 68.60026894045719800 ) ) ;
#3672 = CARTESIAN_POINT ( 'NONE',  ( -821.4466809227006900, 110.8283606160698200, -92.63126310756598500 ) ) ;
#3673 = CARTESIAN_POINT ( 'NONE',  ( -166.0594953287678400, 283.8264324402698500, 240.0000000000000000 ) ) ;
#3674 = CARTESIAN_POINT ( 'NONE',  ( -697.5048354111448800, 32.24347455655757200, 831.7835804254141300 ) ) ;
#3675 = CARTESIAN_POINT ( 'NONE',  ( -588.2786556008455800, 35.46265105702008200, 841.1230217803779400 ) ) ;
#3676 = ORIENTED_EDGE ( 'NONE', *, *, #4849, .F. ) ;
#3677 = EDGE_CURVE ( 'NONE', #4424, #315, #1139, .T. ) ;
#3678 = CARTESIAN_POINT ( 'NONE',  ( -143.1443012970887900, 281.2514600946267400, 240.0000000000000000 ) ) ;
#3679 = CARTESIAN_POINT ( 'NONE',  ( -1025.528095748797800, 24.49074053889317400, 49.74942052518736800 ) ) ;
#3680 = CARTESIAN_POINT ( 'NONE',  ( -541.8885715921194300, -5.816779783864600300, 0.0000000000000000000 ) ) ;
#3681 = CARTESIAN_POINT ( 'NONE',  ( -374.2334197083896500, 98.64939886248203000, -509.7361797322662400 ) ) ;
#3682 = CARTESIAN_POINT ( 'NONE',  ( -932.2270064459667100, 7.164169077462492700, -49.91128688935265200 ) ) ;
#3683 = CARTESIAN_POINT ( 'NONE',  ( -456.4218736577150800, 37.31731700544234100, 850.5393233135293900 ) ) ;
#3684 = CARTESIAN_POINT ( 'NONE',  ( -768.1903016504994600, -49.25060836388760100, 55.16954929566293900 ) ) ;
#3685 = DIRECTION ( 'NONE',  ( 0.9994449069791543300, 0.0000000000000000000, -0.03331483023263846100 ) ) ;
#3686 = CARTESIAN_POINT ( 'NONE',  ( -138.0651871637267300, 322.1812786346502000, 239.9999999999999400 ) ) ;
#3687 = B_SPLINE_CURVE_WITH_KNOTS ( 'NONE', 3,
 ( #5955, #6459, #2685, #6435, #432, #5798, #4667, #846, #4695, #1346, #3017, #803, #4621, #1393, #3647, #6837, #6268, #5719, #1894, #2993, #2437, #5242, #6323, #6817, #2541, #1995, #3591, #3541, #5217, #5169, #283, #6377 ),
 .UNSPECIFIED., .F., .F.,
 ( 4, 2, 2, 2, 2, 2, 2, 2, 2, 2, 2, 2, 2, 2, 2, 4 ),
 ( 5.721958498152796800E-017, 0.004637126336834739900, 0.006955689505252042600, 0.009274252673669344500, 0.01391137901050403500, 0.01622994217892135100, 0.01738922376313004400, 0.01854850534733873700, 0.02318563168417345600, 0.02434491326838213500, 0.02550419485259081800, 0.02782275802100819500, 0.03245988435784291600, 0.03477844752626028200, 0.03593772911046894100, 0.03709701069467760000 ),
 .UNSPECIFIED. ) ;
#3688 = CARTESIAN_POINT ( 'NONE',  ( -476.1218229458132200, 22.48589293588766600, 0.0000000000000000000 ) ) ;
#3689 = CARTESIAN_POINT ( 'NONE',  ( -1022.618064124042300, 20.59956216880852900, 54.99600975409035200 ) ) ;
#3690 = AXIS2_PLACEMENT_3D ( 'NONE', #813, #2980, #6826 ) ;
#3691 = CARTESIAN_POINT ( 'NONE',  ( -18.77492402944723100, 299.9768475943378100, 144.0597877271709700 ) ) ;
#3692 = ORIENTED_EDGE ( 'NONE', *, *, #1594, .T. ) ;
#3693 = CARTESIAN_POINT ( 'NONE',  ( -144.6562651326862000, 322.8664308143299900, 139.8637430237297400 ) ) ;
#3694 = CARTESIAN_POINT ( 'NONE',  ( -393.8887080982340200, 87.29250983550717500, 509.9464644161665200 ) ) ;
#3695 = CARTESIAN_POINT ( 'NONE',  ( -170.6011031739035700, 285.5274403795226600, 239.9999999999998900 ) ) ;
#3696 = EDGE_CURVE ( 'NONE', #2922, #1568, #6592, .T. ) ;
#3697 = CARTESIAN_POINT ( 'NONE',  ( -714.9195084235882400, -25.01122690761014400, -761.6466507166135200 ) ) ;
#3698 = CARTESIAN_POINT ( 'NONE',  ( -915.1298031822655000, 25.12953475347834600, 105.8242977706109300 ) ) ;
#3699 = CARTESIAN_POINT ( 'NONE',  ( -132.7412210387071500, 282.5035867286851500, 239.9999999999999400 ) ) ;
#3700 = CARTESIAN_POINT ( 'NONE',  ( -17.41861360943060100, 298.4579526749613500, -144.1049980745048100 ) ) ;
#3701 = EDGE_LOOP ( 'NONE', ( #1430, #1336, #6698, #3756 ) ) ;
#3702 = CARTESIAN_POINT ( 'NONE',  ( -347.8183075493971000, -77.57978771338689200, 877.8983430316175100 ) ) ;
#3703 = CARTESIAN_POINT ( 'NONE',  ( -415.5343754267136700, 37.76539559971171700, 854.4529146305319500 ) ) ;
#3704 = CARTESIAN_POINT ( 'NONE',  ( -1534.030086240052700, -101.6600000000000000, -1100.000000000000000 ) ) ;
#3705 = CARTESIAN_POINT ( 'NONE',  ( -582.4122084373265100, 33.78716018846089500, -650.0000000000000000 ) ) ;
#3706 = CARTESIAN_POINT ( 'NONE',  ( -933.9434271286185100, -44.47907115522036000, -50.39632342440564400 ) ) ;
#3707 = EDGE_LOOP ( 'NONE', ( #2333, #4496, #3622, #1269 ) ) ;
#3708 = CARTESIAN_POINT ( 'NONE',  ( -436.6483425090811500, 73.98799392542650800, 650.0000000000000000 ) ) ;
#3709 = DIRECTION ( 'NONE',  ( -0.0000000000000000000, -0.0000000000000000000, 1.000000000000000000 ) ) ;
#3710 = CARTESIAN_POINT ( 'NONE',  ( -1024.287353910936200, 23.37773914671576500, -52.20210083420786200 ) ) ;
#3711 = CARTESIAN_POINT ( 'NONE',  ( -163.4088652062896500, 320.9580640913816900, 239.9999999999999400 ) ) ;
#3712 = ORIENTED_EDGE ( 'NONE', *, *, #4062, .T. ) ;
#3713 = CARTESIAN_POINT ( 'NONE',  ( -328.9042016454120000, 142.3159073641449800, 595.8288105596224100 ) ) ;
#3714 = CARTESIAN_POINT ( 'NONE',  ( -418.4486822469645500, 71.87170263032058400, -650.0000000000000000 ) ) ;
#3715 = CARTESIAN_POINT ( 'NONE',  ( -349.7802306235590800, 95.78377495892823400, 882.4973492124212300 ) ) ;
#3716 = B_SPLINE_CURVE_WITH_KNOTS ( 'NONE', 3,
 ( #4131, #869, #2567, #2044 ),
 .UNSPECIFIED., .F., .F.,
 ( 4, 4 ),
 ( 1.688377048806384800E-015, 0.0002739323915674179300 ),
 .UNSPECIFIED. ) ;
#3717 = ORIENTED_EDGE ( 'NONE', *, *, #2835, .F. ) ;
#3718 = CARTESIAN_POINT ( 'NONE',  ( -378.6120757269669600, 103.7944812040708100, 509.7172871893691300 ) ) ;
#3719 = CARTESIAN_POINT ( 'NONE',  ( -985.4049532420384600, 2.081997833898376000, -84.75549611693981000 ) ) ;
#3720 = CARTESIAN_POINT ( 'NONE',  ( -965.9053698564273400, 3.341702246537050100, 72.81889182849516800 ) ) ;
#3721 = EDGE_CURVE ( 'NONE', #6357, #6849, #6630, .T. ) ;
#3722 = DIRECTION ( 'NONE',  ( -2.144690766108889100E-016, 0.8214285714285709500, 0.5703114079525475300 ) ) ;
#3723 = CARTESIAN_POINT ( 'NONE',  ( -177.7737966267456800, 289.6380770467595800, 239.9999999999999700 ) ) ;
#3724 = VECTOR ( 'NONE', #6273, 1000.000000000000000 ) ;
#3725 = CARTESIAN_POINT ( 'NONE',  ( -184.6267484020527800, 295.8919047183470100, -138.5313935814173800 ) ) ;
#3726 = CARTESIAN_POINT ( 'NONE',  ( -979.7195593237235000, -49.80385858583698400, 312.7510206763798200 ) ) ;
#3727 = CARTESIAN_POINT ( 'NONE',  ( -138.0706723905908600, 281.8180264167595500, 240.0000000000000300 ) ) ;
#3728 = CARTESIAN_POINT ( 'NONE',  ( -15.23484172227311700, 297.5468519500787500, -144.1777904707434200 ) ) ;
#3729 = PLANE ( 'NONE',  #5653 ) ;
#3730 = CYLINDRICAL_SURFACE ( 'NONE', #216, 558.8597215707702600 ) ;
#3731 = CARTESIAN_POINT ( 'NONE',  ( -396.7006316504052300, 94.88199682567854200, -509.9181256018205800 ) ) ;
#3732 = CARTESIAN_POINT ( 'NONE',  ( -903.1420864286368400, 22.63471032366287300, -108.1743023418718600 ) ) ;
#3733 = CARTESIAN_POINT ( 'NONE',  ( -732.0292283200511700, 51.41795547781588000, -120.2871615022315300 ) ) ;
#3734 = CARTESIAN_POINT ( 'NONE',  ( -1008.479843722427900, 0.7851742346428289800, 38.07874714157663500 ) ) ;
#3735 = CARTESIAN_POINT ( 'NONE',  ( -930.1676994236786400, 6.841560733069707500, -69.74076671785567800 ) ) ;
#3736 = CARTESIAN_POINT ( 'NONE',  ( -767.2398480514914400, 23.42730997547047500, 63.76625900012461300 ) ) ;
#3737 = CIRCLE ( 'NONE', #5003, 779.7862235890434000 ) ;
#3738 = CARTESIAN_POINT ( 'NONE',  ( -868.5604946059651200, 33.02276814255873900, 113.4522495151989000 ) ) ;
#3739 = CARTESIAN_POINT ( 'NONE',  ( -168.1320475830395700, 319.4579176843958000, 239.9999999999999700 ) ) ;
#3740 = B_SPLINE_CURVE_WITH_KNOTS ( 'NONE', 3,
 ( #7110, #4920, #2186, #4897, #1713, #634, #2713, #6549, #2737, #3271 ),
 .UNSPECIFIED., .F., .F.,
 ( 4, 2, 2, 2, 4 ),
 ( 0.0000000000000000000, 0.04011092569700288500, 0.06016638854550415700, 0.08022185139400542200, 0.1604437027880111800 ),
 .UNSPECIFIED. ) ;
#3741 = DIRECTION ( 'NONE',  ( 0.0000000000000000000, 0.0000000000000000000, 1.000000000000000000 ) ) ;
#3742 = CARTESIAN_POINT ( 'NONE',  ( -989.1354529455017000, 51.79733859293575200, 83.30622482077346500 ) ) ;
#3743 = EDGE_CURVE ( 'NONE', #1534, #6946, #3133, .T. ) ;
#3744 = FACE_OUTER_BOUND ( 'NONE', #5801, .T. ) ;
#3745 = CARTESIAN_POINT ( 'NONE',  ( -453.4158454910860900, 42.20061651864961000, 209.4169311968550700 ) ) ;
#3746 = CARTESIAN_POINT ( 'NONE',  ( -976.9737192650881100, 2.555838574129727800, -87.87440580865464300 ) ) ;
#3747 = ORIENTED_EDGE ( 'NONE', *, *, #1331, .F. ) ;
#3748 = EDGE_LOOP ( 'NONE', ( #6064, #779, #5428, #6266 ) ) ;
#3749 = CARTESIAN_POINT ( 'NONE',  ( -1029.126498737529300, -0.3751809786563704600, -52.81150998653496500 ) ) ;
#3750 = CARTESIAN_POINT ( 'NONE',  ( -728.9550057227987700, 27.40974172260040100, -101.8082072237962400 ) ) ;
#3751 = CARTESIAN_POINT ( 'NONE',  ( -159.5374461167306500, 282.1404243089800200, 239.9999999999998900 ) ) ;
#3752 = FACE_BOUND ( 'NONE', #1897, .T. ) ;
#3753 = CARTESIAN_POINT ( 'NONE',  ( -702.5090918242979100, 20.07775458805081600, -659.7961659802362000 ) ) ;
#3754 = CARTESIAN_POINT ( 'NONE',  ( -132.6808425553274700, 282.5113728862319200, 240.0000000000000600 ) ) ;
#3755 = CARTESIAN_POINT ( 'NONE',  ( -184.6267484020528700, 296.8509855691290200, -138.5313935814173500 ) ) ;
#3756 = ORIENTED_EDGE ( 'NONE', *, *, #2058, .F. ) ;
#3757 = CARTESIAN_POINT ( 'NONE',  ( -1050.258341263132900, -1.562804040277965500, 39.21754181166038900 ) ) ;
#3758 = VECTOR ( 'NONE', #2041, 1000.000000000000000 ) ;
#3759 = CARTESIAN_POINT ( 'NONE',  ( -402.1278491810006700, 89.06279344930800300, -509.9275718732693000 ) ) ;
#3760 = CARTESIAN_POINT ( 'NONE',  ( -864.5359549983905900, 34.42599652185393900, -113.9201121887055900 ) ) ;
#3761 = CARTESIAN_POINT ( 'NONE',  ( -1016.869058680211700, 0.3136949899597375500, -6.848726651073767400 ) ) ;
#3762 = CARTESIAN_POINT ( 'NONE',  ( -728.9344611486225200, 26.54871702395366700, -95.29553301665272600 ) ) ;
#3763 = CARTESIAN_POINT ( 'NONE',  ( -769.8868964756188700, 23.42730997547047500, 64.73030993236832800 ) ) ;
#3765 = CARTESIAN_POINT ( 'NONE',  ( -858.0946097206182200, 37.06505434339334900, 114.6112667926932000 ) ) ;
#3764 =( BOUNDED_CURVE ( )  B_SPLINE_CURVE ( 3, ( #6264, #5674, #3613, #280 ),
 .UNSPECIFIED., .F., .F. ) 
 B_SPLINE_CURVE_WITH_KNOTS ( ( 4, 4 ),
 ( 4.554648977027417400, 4.614726871325977700 ),
 .UNSPECIFIED. ) 
 CURVE ( )  GEOMETRIC_REPRESENTATION_ITEM ( )  RATIONAL_B_SPLINE_CURVE ( ( 1.000000000000000000, 0.9996992431677764700, 0.9996992431677764700, 1.000000000000000000 ) ) 
 REPRESENTATION_ITEM ( '' )  );
#3766 = ORIENTED_EDGE ( 'NONE', *, *, #4645, .F. ) ;
#3767 = CARTESIAN_POINT ( 'NONE',  ( -149.0559750716956000, 323.0000057211867700, 239.9999999999999100 ) ) ;
#3768 = EDGE_CURVE ( 'NONE', #6704, #6868, #18, .T. ) ;
#3769 = CARTESIAN_POINT ( 'NONE',  ( -366.7937014670116600, 102.8553146867645600, -592.9706722561451200 ) ) ;
#3770 = CARTESIAN_POINT ( 'NONE',  ( -1003.431349255079000, 46.76479312401213700, 48.53125273630164600 ) ) ;
#3771 = CARTESIAN_POINT ( 'NONE',  ( -510.5652697785646400, 2.909843662570438000, 0.0000000000000000000 ) ) ;
#3772 = ORIENTED_EDGE ( 'NONE', *, *, #636, .F. ) ;
#3773 = AXIS2_PLACEMENT_3D ( 'NONE', #4715, #3566, #5192 ) ;
#3774 = CARTESIAN_POINT ( 'NONE',  ( -1010.471146759056000, 0.6732617307471623300, -34.26776708122312700 ) ) ;
#3775 = CARTESIAN_POINT ( 'NONE',  ( -154.0834720784664900, 281.3012155653834700, 240.0000000000000000 ) ) ;
#3776 = CARTESIAN_POINT ( 'NONE',  ( -179.5544733667957200, 285.9783745191978100, -138.7004694159259900 ) ) ;
#3777 = CARTESIAN_POINT ( 'NONE',  ( -721.0375125829707500, -43.02027741034830700, -0.0000000000000000000 ) ) ;
#3778 = CARTESIAN_POINT ( 'NONE',  ( -397.3455713599017800, 37.73336983659671500, -864.9037757000334100 ) ) ;
#3779 = CARTESIAN_POINT ( 'NONE',  ( -143.1043689801757900, 281.2549966445362200, 239.9999999999999700 ) ) ;
#3780 = CARTESIAN_POINT ( 'NONE',  ( -855.4052764537871100, 73.21699231938879400, 114.8776019093388500 ) ) ;
#3781 = CARTESIAN_POINT ( 'NONE',  ( -706.9768134803713300, 7.184965482152890100, 807.6286514579138600 ) ) ;
#3782 = CARTESIAN_POINT ( 'NONE',  ( -938.1633962595910800, -42.93703643166107800, -65.97487429226177400 ) ) ;
#3783 = CARTESIAN_POINT ( 'NONE',  ( -862.5328267578803400, 35.16772644431469500, -114.1433626667938600 ) ) ;
#3784 = CARTESIAN_POINT ( 'NONE',  ( -1016.772403802560900, 0.3191270558847212900, 8.548716304690717700 ) ) ;
#3785 = CARTESIAN_POINT ( 'NONE',  ( -712.8896195770642000, -14.83301836324727700, 788.9311496333427800 ) ) ;
#3786 = B_SPLINE_CURVE_WITH_KNOTS ( 'NONE', 3,
 ( #6527, #2147, #5989, #1544 ),
 .UNSPECIFIED., .F., .F.,
 ( 4, 4 ),
 ( 4.163336342344337000E-017, 0.006137762716216558900 ),
 .UNSPECIFIED. ) ;
#3787 = CARTESIAN_POINT ( 'NONE',  ( -903.1420864286192200, 22.63471032366720700, 108.1743023418761000 ) ) ;
#3788 = CARTESIAN_POINT ( 'NONE',  ( -148.4119121169098600, 323.0017001863375900, 240.0000000000000600 ) ) ;
#3789 = PLANE ( 'NONE',  #4534 ) ;
#3790 = VERTEX_POINT ( 'NONE', #3507 ) ;
#3791 = CARTESIAN_POINT ( 'NONE',  ( -463.2905875911834500, 16.42390844174383300, 209.7508163608554200 ) ) ;
#3792 = CARTESIAN_POINT ( 'NONE',  ( -328.9042016454120000, 142.3159073641449800, 595.8288105596224100 ) ) ;
#3793 = EDGE_LOOP ( 'NONE', ( #500, #5729, #6088, #1262 ) ) ;
#3794 = CARTESIAN_POINT ( 'NONE',  ( -946.6321122026686200, 5.229169267913642100, -82.69799315674797000 ) ) ;
#3795 = CARTESIAN_POINT ( 'NONE',  ( -150.6069961145982500, 281.0433204561268200, 239.9999999999999700 ) ) ;
#3796 = EDGE_CURVE ( 'NONE', #4636, #6766, #4497, .T. ) ;
#3797 = ORIENTED_EDGE ( 'NONE', *, *, #238, .F. ) ;
#3798 = CARTESIAN_POINT ( 'NONE',  ( -163.6799603026278800, 277.9379601399057300, -139.2296198513982100 ) ) ;
#3799 = CARTESIAN_POINT ( 'NONE',  ( -957.6679311350737900, 24.00420353638590500, -94.47591096613086800 ) ) ;
#3800 = CARTESIAN_POINT ( 'NONE',  ( -587.9891637241611300, 36.25976149783838300, -844.4600299651675600 ) ) ;
#3801 = ORIENTED_EDGE ( 'NONE', *, *, #3062, .F. ) ;
#3802 = CARTESIAN_POINT ( 'NONE',  ( -70.46871733123977300, 290.9006006652400600, 239.9999999999998600 ) ) ;
#3803 = CARTESIAN_POINT ( 'NONE',  ( -40.06769064993483900, 303.2458908663697300, -143.3500288398212200 ) ) ;
#3804 = ORIENTED_EDGE ( 'NONE', *, *, #1281, .F. ) ;
#3805 = ORIENTED_EDGE ( 'NONE', *, *, #6614, .T. ) ;
#3806 = CARTESIAN_POINT ( 'NONE',  ( -936.7785836009957200, -43.09928053430574800, -52.07436084629128500 ) ) ;
#3807 = CARTESIAN_POINT ( 'NONE',  ( -770.0781440828610600, 22.51943738479926800, -54.73844108900409100 ) ) ;
#3808 = EDGE_CURVE ( 'NONE', #6857, #1483, #3974, .T. ) ;
#3809 = ORIENTED_EDGE ( 'NONE', *, *, #351, .T. ) ;
#3810 = CARTESIAN_POINT ( 'NONE',  ( -952.6493089599229100, 4.639893669336397700, 106.7233425652859000 ) ) ;
#3811 = ORIENTED_EDGE ( 'NONE', *, *, #3125, .F. ) ;
#3812 = CARTESIAN_POINT ( 'NONE',  ( -170.9493332165665700, 318.3162895190271200, 240.0000000000000600 ) ) ;
#3813 = AXIS2_PLACEMENT_3D ( 'NONE', #4403, #1164, #5442 ) ;
#3814 = CARTESIAN_POINT ( 'NONE',  ( -320.2242704645746600, 31.03790201622268100, 889.6698814765889000 ) ) ;
#3815 = CARTESIAN_POINT ( 'NONE',  ( -597.1016027295113400, -29.19774388879194400, -36.89934711224464100 ) ) ;
#3816 = FACE_OUTER_BOUND ( 'NONE', #1794, .T. ) ;
#3817 = CARTESIAN_POINT ( 'NONE',  ( -342.6364562004772000, 111.5216994009667400, 650.0000000000000000 ) ) ;
#3818 = EDGE_CURVE ( 'NONE', #2600, #3112, #590, .T. ) ;
#3819 = CARTESIAN_POINT ( 'NONE',  ( -663.0707898217588100, 63.20167647951369400, 650.0000000000000000 ) ) ;
#3820 = CARTESIAN_POINT ( 'NONE',  ( -728.6948296965165400, 26.57218991196057100, 95.30066013804292900 ) ) ;
#3821 = FACE_OUTER_BOUND ( 'NONE', #4097, .T. ) ;
#3822 = CARTESIAN_POINT ( 'NONE',  ( -22.37331396729570400, 299.0498755932404200, 239.9999999999999400 ) ) ;
#3823 = CARTESIAN_POINT ( 'NONE',  ( -551.7164464755410300, 168.1149348266866100, -650.0000000000000000 ) ) ;
#3824 = CARTESIAN_POINT ( 'NONE',  ( -342.6364562004772000, 111.5216994009667200, -650.0000000000000000 ) ) ;
#3825 = CARTESIAN_POINT ( 'NONE',  ( -940.3179782549134400, -42.56657183456169200, -59.41705747346112100 ) ) ;
#3826 = CARTESIAN_POINT ( 'NONE',  ( -578.1485142890567200, 34.70710595823119600, 838.5875552308760900 ) ) ;
#3827 = DIRECTION ( 'NONE',  ( -0.0000000000000000000, -0.0000000000000000000, 1.000000000000000000 ) ) ;
#3828 = CARTESIAN_POINT ( 'NONE',  ( -567.6530672154034400, 35.92603681860850200, 843.0111560270879600 ) ) ;
#3829 = DIRECTION ( 'NONE',  ( -0.0000000000000000000, -1.000000000000000000, -0.0000000000000000000 ) ) ;
#3830 = CARTESIAN_POINT ( 'NONE',  ( -5.573319583618284500E-011, 120.8497525157403800, -126.0734856922883700 ) ) ;
#3831 = EDGE_LOOP ( 'NONE', ( #1918, #6362, #6215, #1135 ) ) ;
#3832 = CARTESIAN_POINT ( 'NONE',  ( -616.9319087001731500, 22.69240075583843800, 451.2367140275673000 ) ) ;
#3833 = CARTESIAN_POINT ( 'NONE',  ( -721.2497326902922600, -38.01434301723115500, -123.2482987937306100 ) ) ;
#3834 = VECTOR ( 'NONE', #4936, 1000.000000000000100 ) ;
#3835 = EDGE_CURVE ( 'NONE', #5742, #6818, #7074, .T. ) ;
#3836 = LINE ( 'NONE', #2785, #308 ) ;
#3837 = CARTESIAN_POINT ( 'NONE',  ( -693.9715488891018800, 39.92077323885202800, -650.0000000000000000 ) ) ;
#3838 = CARTESIAN_POINT ( 'NONE',  ( -970.5218452665625400, -46.52138065281847900, 62.35021923255894900 ) ) ;
#3839 = CARTESIAN_POINT ( 'NONE',  ( -769.2837236896194800, 22.59723649485580300, 54.82507797307533100 ) ) ;
#3840 = CARTESIAN_POINT ( 'NONE',  ( -933.2774660925542800, -43.62514663807957800, 50.17712123572111700 ) ) ;
#3841 = VERTEX_POINT ( 'NONE', #1313 ) ;
#3842 = CARTESIAN_POINT ( 'NONE',  ( -734.4425480103389000, 123.6849575818841500, -118.9112226189394600 ) ) ;
#3843 = CARTESIAN_POINT ( 'NONE',  ( -401.1905413302769700, 86.53296445258416700, 509.9370181447180200 ) ) ;
#3844 = PLANE ( 'NONE',  #2239 ) ;
#3845 = CARTESIAN_POINT ( 'NONE',  ( -100.2687350376918300, 286.7623153837198500, 239.9999999999999400 ) ) ;
#3846 = CARTESIAN_POINT ( 'NONE',  ( -715.4694084533920200, -28.20432991224588200, 750.9911262143118600 ) ) ;
#3847 = CARTESIAN_POINT ( 'NONE',  ( -700.1460906965606900, 26.00671640974285700, 830.3337400829831300 ) ) ;
#3848 = CARTESIAN_POINT ( 'NONE',  ( -935.1204373870977000, -43.41711525980814200, -68.53590701453980200 ) ) ;
#3849 = CARTESIAN_POINT ( 'NONE',  ( -765.4838971806327700, -48.41493732905128400, -58.15580608232537700 ) ) ;
#3850 = ORIENTED_EDGE ( 'NONE', *, *, #3649, .F. ) ;
#3851 = APPLICATION_PROTOCOL_DEFINITION ( 'draft international standard', 'automotive_design', 1998, #6604 ) ;
#3852 = CARTESIAN_POINT ( 'NONE',  ( -177.4982361737175200, 314.5779987079881200, 138.7690106556954100 ) ) ;
#3853 = CARTESIAN_POINT ( 'NONE',  ( -703.8464004710544900, 16.40490686581763000, 910.0035435306343700 ) ) ;
#3854 = CARTESIAN_POINT ( 'NONE',  ( -176.7905894479833600, 315.0769184733351300, 239.9999999999999700 ) ) ;
#3855 = CARTESIAN_POINT ( 'NONE',  ( -715.1141262912087800, -26.08354345183529300, -772.0234409454402600 ) ) ;
#3856 = SURFACE_SIDE_STYLE ('',( #6873 ) ) ;
#3857 = EDGE_CURVE ( 'NONE', #3657, #191, #2011, .T. ) ;
#3858 = CARTESIAN_POINT ( 'NONE',  ( -5.573319583618285800E-011, 119.9869196084536500, -119.5411502224856400 ) ) ;
#3859 = CARTESIAN_POINT ( 'NONE',  ( -469.0710157804053900, 28.03962429833553600, 71.65342119842550500 ) ) ;
#3860 = CARTESIAN_POINT ( 'NONE',  ( -928.8385137797843100, 8.838720218791548800, -93.29077910728970800 ) ) ;
#3861 = CARTESIAN_POINT ( 'NONE',  ( -940.2498557514599000, -42.57350531052740900, 58.39547893930706100 ) ) ;
#3862 = CARTESIAN_POINT ( 'NONE',  ( -14.62674840205307300, 296.8509855691290200, -144.1980602480840000 ) ) ;
#3863 = CARTESIAN_POINT ( 'NONE',  ( -522.8754905669212600, 8.928908580527334500, 210.4483556475559600 ) ) ;
#3864 = CARTESIAN_POINT ( 'NONE',  ( -258.7992690864780300, 34.37610153710668500, -650.5168418292771500 ) ) ;
#3865 =( BOUNDED_CURVE ( )  B_SPLINE_CURVE ( 3, ( #6789, #4641, #1365, #867 ),
 .UNSPECIFIED., .F., .F. ) 
 B_SPLINE_CURVE_WITH_KNOTS ( ( 4, 4 ),
 ( 4.222631012395110500, 4.712388980384666600 ),
 .UNSPECIFIED. ) 
 CURVE ( )  GEOMETRIC_REPRESENTATION_ITEM ( )  RATIONAL_B_SPLINE_CURVE ( ( 1.000000000000000000, 0.9801111140441745000, 0.9801111140441745000, 1.000000000000000000 ) ) 
 REPRESENTATION_ITEM ( '' )  );
#3866 = CARTESIAN_POINT ( 'NONE',  ( -22.40931832566522500, 299.0413882283863800, 240.0000000000000300 ) ) ;
#3867 = CARTESIAN_POINT ( 'NONE',  ( -714.4145694893450100, -22.22679184405941700, 699.5999974381491000 ) ) ;
#3868 = CLOSED_SHELL ( 'NONE', ( #1994, #1345, #5765, #4004, #3646, #5225, #887, #1865, #5258, #654, #295, #3506, #5638, #6375, #4610, #5099, #778, #6769, #5694, #1191, #6226, #4178, #845, #4132, #2351, #4551, #5754, #5215, #4618, #309, #5834, #2462, #3937, #3377, #3076, #4521, #3531, #6194, #1280, #759, #4026, #4643, #5718, #1259, #816, #2361, #6294, #228, #3469, #3602, #823, #2991, #1850, #2939, #855, #726, #2839, #3968, #2568, #6903, #4075, #6169, #2526, #2927, #5120, #6797, #5131, #3116, #5182, #1378, #3975, #3478, #6829, #5299, #4682, #5599, #4106, #932, #192, #5654, #5091, #236, #1763, #3029, #6307, #5727, #689, #5567, #1457, #1952, #4765, #1391, #4095, #1416, #1925, #3578, #3569, #2394, #2453, #334, #1916, #3502, #1316, #6862, #5796, #4574, #257, #201, #6331, #3042, #157, #2487, #4059 ) ) ;
#3869 = CARTESIAN_POINT ( 'NONE',  ( -703.2033814766764400, 18.14162567183366900, 900.7154000666512300 ) ) ;
#3870 = CARTESIAN_POINT ( 'NONE',  ( -5.573319583618285800E-011, 400.0000000000000000, 119.9484447048561000 ) ) ;
#3871 = CARTESIAN_POINT ( 'NONE',  ( -714.0927055322420100, -20.59670999217188500, 686.8284605572532700 ) ) ;
#3872 = STYLED_ITEM ( 'NONE', ( #2296 ), #356 ) ;
#3873 = VERTEX_POINT ( 'NONE', #176 ) ;
#3874 = ORIENTED_EDGE ( 'NONE', *, *, #6094, .F. ) ;
#3875 = CARTESIAN_POINT ( 'NONE',  ( -73.72306611233145200, 313.5735652203887300, 142.2281829910748700 ) ) ;
#3876 = ORIENTED_EDGE ( 'NONE', *, *, #3221, .T. ) ;
#3877 = CARTESIAN_POINT ( 'NONE',  ( -1025.536692396613700, 24.33143166105051200, -49.79184934594356800 ) ) ;
#3878 = B_SPLINE_CURVE_WITH_KNOTS ( 'NONE', 3,
 ( #2230, #4942, #6548, #586, #3830, #7065, #6055, #514, #4331, #560, #4374, #1661, #2159, #2711, #2207, #3309, #682, #6675, #5094, #3402, #6691, #1799, #2274, #632, #5643, #6100, #3423, #6147, #6711 ),
 .UNSPECIFIED., .F., .F.,
 ( 4, 2, 2, 2, 2, 2, 2, 2, 2, 2, 2, 1, 2, 2, 4 ),
 ( 0.0000000000000000000, 0.004938218143029348200, 0.007407327214544026700, 0.009876436286058705100, 0.01481465442908806200, 0.01604920896484536900, 0.01728376350060268100, 0.01975287257211730300, 0.02469109071514648600, 0.02592564525090377800, 0.02716019978666107300, 0.02962930885817558600, 0.03209841792969010000, 0.03456752700120462000, 0.03950574514423366900 ),
 .UNSPECIFIED. ) ;
#3879 = ORIENTED_EDGE ( 'NONE', *, *, #5375, .F. ) ;
#3880 = CARTESIAN_POINT ( 'NONE',  ( -968.1904412960801700, 3.117920825600502900, -71.10066727880162300 ) ) ;
#3881 = CARTESIAN_POINT ( 'NONE',  ( -363.3325037834424100, 141.9740899135819900, 509.3156103644660700 ) ) ;
#3882 = VERTEX_POINT ( 'NONE', #5179 ) ;
#3883 = ORIENTED_EDGE ( 'NONE', *, *, #5361, .F. ) ;
#3884 = CARTESIAN_POINT ( 'NONE',  ( -733.9383775651645000, 122.2149728281169800, -119.3969208691597100 ) ) ;
#3885 = CARTESIAN_POINT ( 'NONE',  ( -541.8872186319583800, -3.150113460416930100, -0.0000000000000000000 ) ) ;
#3886 = CARTESIAN_POINT ( 'NONE',  ( -912.2753489681367700, 24.15148589246330600, -106.4088689249163900 ) ) ;
#3887 = ORIENTED_EDGE ( 'NONE', *, *, #1470, .F. ) ;
#3888 = CARTESIAN_POINT ( 'NONE',  ( -258.7992690864780300, 50.08600469205215000, -734.0524566463253700 ) ) ;
#3889 = CARTESIAN_POINT ( 'NONE',  ( -712.1322711308611100, -11.51364167657320100, 785.1063776348153200 ) ) ;
#3890 = CARTESIAN_POINT ( 'NONE',  ( -122.8039853409332100, 320.2122249436104100, 140.5921523501214400 ) ) ;
#3891 = CARTESIAN_POINT ( 'NONE',  ( -765.2723080071032200, -48.39628433378288700, -59.09731048008731600 ) ) ;
#3892 = CARTESIAN_POINT ( 'NONE',  ( -716.4664068897485500, -34.80474235148029300, 738.8793692119489800 ) ) ;
#3893 = CARTESIAN_POINT ( 'NONE',  ( -148.9894789411315200, 323.0048226781706300, 139.7193025634482800 ) ) ;
#3894 = EDGE_CURVE ( 'NONE', #5009, #6993, #737, .T. ) ;
#3895 = CIRCLE ( 'NONE', #3215, 25.00000000000004300 ) ;
#3896 = CARTESIAN_POINT ( 'NONE',  ( -729.0542765434322500, 26.53698327460332600, 95.29295773869338900 ) ) ;
#3897 = CARTESIAN_POINT ( 'NONE',  ( -28.90131413134610800, 306.3495533226124500, 143.7222413904409300 ) ) ;
#3898 = CARTESIAN_POINT ( 'NONE',  ( -605.6914360043728000, 12.37727947998290800, -479.9023568143828700 ) ) ;
#3899 = CARTESIAN_POINT ( 'NONE',  ( -712.2671831926439800, -12.00830576893119300, -675.8532106531997700 ) ) ;
#3900 = DIRECTION ( 'NONE',  ( -0.0000000000000000000, -1.000000000000000000, -0.0000000000000000000 ) ) ;
#3901 = CARTESIAN_POINT ( 'NONE',  ( -931.0042028874405600, 7.164169369840226200, 69.72312358444455100 ) ) ;
#3902 = FACE_OUTER_BOUND ( 'NONE', #2309, .T. ) ;
#3903 = CARTESIAN_POINT ( 'NONE',  ( -723.6193010487614900, -38.68068962038899600, 36.91515317970815600 ) ) ;
#3904 = EDGE_CURVE ( 'NONE', #6766, #893, #6202, .T. ) ;
#3905 = CARTESIAN_POINT ( 'NONE',  ( -1030.814107419051900, 33.80051229698376100, -23.51177689938068500 ) ) ;
#3906 = CARTESIAN_POINT ( 'NONE',  ( -735.8673913337888700, 127.8887512847990400, -116.9030234751927800 ) ) ;
#3907 = CARTESIAN_POINT ( 'NONE',  ( -543.7848070721095200, -2.460686034315916700, 69.84760131456170000 ) ) ;
#3908 = LINE ( 'NONE', #2678, #585 ) ;
#3909 = DIRECTION ( 'NONE',  ( -0.0000000000000000000, -0.0000000000000000000, 1.000000000000000000 ) ) ;
#3910 = CARTESIAN_POINT ( 'NONE',  ( -706.7668926889495000, 7.809641298080375500, 801.9693845669907000 ) ) ;
#3911 = ORIENTED_EDGE ( 'NONE', *, *, #2190, .F. ) ;
#3912 = CARTESIAN_POINT ( 'NONE',  ( -732.0292283200511700, 51.41795547781588000, -120.2871615022315300 ) ) ;
#3913 = VECTOR ( 'NONE', #1036, 1000.000000000000200 ) ;
#3914 = CARTESIAN_POINT ( 'NONE',  ( -765.8731678228479000, -48.45303464569499100, -62.20133367578615200 ) ) ;
#3915 = CARTESIAN_POINT ( 'NONE',  ( -716.3488480570221100, -33.95958923328863200, 747.4656234519201200 ) ) ;
#3916 = CARTESIAN_POINT ( 'NONE',  ( -940.1840481408672800, 5.860640526535983800, -58.07579662998317400 ) ) ;
#3917 = ORIENTED_EDGE ( 'NONE', *, *, #1099, .T. ) ;
#3918 = CIRCLE ( 'NONE', #2378, 64.99999999999994300 ) ;
#3919 = CARTESIAN_POINT ( 'NONE',  ( -706.7668926889495000, 7.809641298080331100, -916.9693845669907000 ) ) ;
#3920 = LINE ( 'NONE', #5856, #4600 ) ;
#3921 = CARTESIAN_POINT ( 'NONE',  ( -322.1861935387365200, 28.62493671749803800, 894.2688876573925000 ) ) ;
#3922 = AXIS2_PLACEMENT_3D ( 'NONE', #5730, #6281, #3004 ) ;
#3923 = DIRECTION ( 'NONE',  ( -0.9947574284195235300, -0.09741849946394735800, -0.03110135955821425100 ) ) ;
#3924 = CARTESIAN_POINT ( 'NONE',  ( -1027.911948286573100, 23.68457732771805600, -46.10507969727107300 ) ) ;
#3925 = CARTESIAN_POINT ( 'NONE',  ( -721.1684343117491400, -36.89914864066234700, 0.0000000000000000000 ) ) ;
#3926 = CARTESIAN_POINT ( 'NONE',  ( -698.2131718786195100, 30.61145301597561300, -876.5720806295381600 ) ) ;
#3927 = EDGE_CURVE ( 'NONE', #1021, #6261, #1683, .T. ) ;
#3928 = DIRECTION ( 'NONE',  ( 1.000000000000000000, 2.610927889176040600E-016, 0.0000000000000000000 ) ) ;
#3929 = ORIENTED_EDGE ( 'NONE', *, *, #4946, .F. ) ;
#3930 = CARTESIAN_POINT ( 'NONE',  ( -1030.345369944215000, 30.59052376895878600, 34.14492772307784900 ) ) ;
#3931 = CARTESIAN_POINT ( 'NONE',  ( -16.36866886462405200, 303.2235148949761800, 240.0000000000000000 ) ) ;
#3932 = CARTESIAN_POINT ( 'NONE',  ( -96.26299014210074700, 282.1464527756126000, -141.4768521900825000 ) ) ;
#3933 = CARTESIAN_POINT ( 'NONE',  ( -710.4555552472218100, -4.727853671223789100, 792.4561649190349000 ) ) ;
#3934 = CARTESIAN_POINT ( 'NONE',  ( -1009.934110109096900, 23.85787678726068600, 71.11996021954635700 ) ) ;
#3935 = CARTESIAN_POINT ( 'NONE',  ( -704.3304229550504900, 15.11302842430982100, 656.4714625361310700 ) ) ;
#3936 = CARTESIAN_POINT ( 'NONE',  ( -934.5388021668814000, 6.413490272794646800, -50.66424070620841000 ) ) ;
#3937 = ADVANCED_FACE ( 'NONE', ( #5448 ), #1761, .T. ) ;
#3938 = CARTESIAN_POINT ( 'NONE',  ( -532.1764711619969100, 0.3009072780147670800, -69.90283081991590600 ) ) ;
#3939 = CARTESIAN_POINT ( 'NONE',  ( -728.6926730425634600, 26.57240118126445000, 95.30070621036779200 ) ) ;
#3940 = B_SPLINE_SURFACE_WITH_KNOTS ( 'NONE', 3, 1, ( 
 ( #6186, #3465 ),
 ( #2954, #223 ),
 ( #3625, #4170 ),
 ( #911, #376 ),
 ( #1398, #2520 ),
 ( #4195, #1478 ) ),
 .UNSPECIFIED., .F., .F., .F.,
 ( 4, 1, 1, 4 ),
 ( 2, 2 ),
 ( 0.0000000000000000000, 0.2221646249031024600, 0.3221646249031021600, 1.000000000000000000 ),
 ( 0.0000000000000000000, 1.000000000000000000 ),
 .UNSPECIFIED. ) ;
#3941 = DIRECTION ( 'NONE',  ( 2.610927889176040600E-016, -1.000000000000000000, 0.0000000000000000000 ) ) ;
#3942 = CARTESIAN_POINT ( 'NONE',  ( -770.0781411151467600, 22.51943767543320600, 54.73844108899106000 ) ) ;
#3943 = CARTESIAN_POINT ( 'NONE',  ( -702.3126703630035800, 20.51234973991301700, -897.6280646305857500 ) ) ;
#3944 = EDGE_CURVE ( 'NONE', #3403, #5594, #39, .T. ) ;
#3945 = CARTESIAN_POINT ( 'NONE',  ( -1016.014367201151800, 42.33522756324605800, -63.13566006688402200 ) ) ;
#3946 = CARTESIAN_POINT ( 'NONE',  ( -1030.798727270738500, 33.72223502344915100, 23.76349326913567900 ) ) ;
#3947 = CARTESIAN_POINT ( 'NONE',  ( -16.50964688538181200, 303.2782411067042900, 240.0000000000000300 ) ) ;
#3948 = VERTEX_POINT ( 'NONE', #1333 ) ;
#3949 = DIRECTION ( 'NONE',  ( 0.05611209390458357600, -0.9984244753198127100, 0.0000000000000000000 ) ) ;
#3950 = ORIENTED_EDGE ( 'NONE', *, *, #6637, .F. ) ;
#3951 = ORIENTED_EDGE ( 'NONE', *, *, #6423, .T. ) ;
#3952 = CARTESIAN_POINT ( 'NONE',  ( -769.7564088682332800, -48.79284995069429000, -64.72035297927548900 ) ) ;
#3953 = B_SPLINE_CURVE_WITH_KNOTS ( 'NONE', 3,
 ( #5147, #1871, #5124, #1846, #5688, #4033, #2966, #5670, #2389, #2946, #6764, #3498, #6617, #6574, #72, #2236, #595, #3389, #2214, #566, #6595, #1739, #664, #24, #4478, #5043, #1765, #6012, #48, #2743, #1144, #617, #3293, #3839, #6491, #4471, #2253, #3942 ),
 .UNSPECIFIED., .F., .F.,
 ( 4, 2, 2, 2, 2, 2, 2, 2, 2, 2, 2, 2, 2, 2, 2, 2, 2, 2, 4 ),
 ( 1.149115189230609200E-016, 0.0004797873260719718500, 0.0009595746521438287800, 0.001919149304287229900, 0.002878723956430631000, 0.003838298608574031900, 0.004797873260717432300, 0.005757447912860833500, 0.006717022565004234800, 0.007676597217147635200, 0.008636171869291036500, 0.009595746521434437800, 0.01055532117357783700, 0.01151489582572123700, 0.01247447047786463800, 0.01343404513000803800, 0.01439361978215143900, 0.01487340710822314200, 0.01535319443429484500 ),
 .UNSPECIFIED. ) ;
#3954 = ORIENTED_EDGE ( 'NONE', *, *, #3521, .F. ) ;
#3955 = EDGE_CURVE ( 'NONE', #4922, #5742, #5337, .T. ) ;
#3956 = CARTESIAN_POINT ( 'NONE',  ( -396.7006316504052300, 94.88199682567854200, -509.9181256018205800 ) ) ;
#3957 = CARTESIAN_POINT ( 'NONE',  ( -1030.035062038852900, 35.75475992207486100, -15.15573835590664900 ) ) ;
#3958 = VERTEX_POINT ( 'NONE', #4733 ) ;
#3959 = CARTESIAN_POINT ( 'NONE',  ( -974.7195593237248700, -41.14360454799182100, -312.7510206763798200 ) ) ;
#3960 = CARTESIAN_POINT ( 'NONE',  ( -1035.213616962963400, 21.69446416872094800, -30.15032139511320300 ) ) ;
#3961 = CARTESIAN_POINT ( 'NONE',  ( -425.5813729239108100, 37.51239014776909600, -851.8840699505469700 ) ) ;
#3962 = CARTESIAN_POINT ( 'NONE',  ( -183.7446665813317000, 306.8427941990329400, 239.9999999999999400 ) ) ;
#3963 = ORIENTED_EDGE ( 'NONE', *, *, #4982, .F. ) ;
#3964 = CARTESIAN_POINT ( 'NONE',  ( -989.1354529457656800, 51.79733859340780100, -83.30622482123547500 ) ) ;
#3965 =( BOUNDED_SURFACE ( )  B_SPLINE_SURFACE ( 3, 2, ( 
 ( #5869, #2593, #5966 ),
 ( #6424, #1570, #3222 ),
 ( #5894, #5917, #3672 ),
 ( #4287, #390, #3151 ) ),
 .UNSPECIFIED., .F., .F., .F. ) 
 B_SPLINE_SURFACE_WITH_KNOTS ( ( 4, 4 ),
 ( 3, 3 ),
 ( 4.733524478120269700, 4.778723614003157900 ),
 ( 0.0000000000000000000, 1.000000000000000000 ),
 .UNSPECIFIED. ) 
 GEOMETRIC_REPRESENTATION_ITEM ( )  RATIONAL_B_SPLINE_SURFACE ( (
 ( 1.000000000000000000, 0.7095835371813863400, 1.000000000000000000),
 ( 1.000000000000000000, 0.7113457427226116400, 1.000000000000000000),
 ( 1.000000000000000000, 0.7131005369420068100, 1.000000000000000000),
 ( 1.000000000000000000, 0.7148463099497081000, 1.000000000000000000) ) ) 
 REPRESENTATION_ITEM ( '' )  SURFACE ( )  );
#3966 = ORIENTED_EDGE ( 'NONE', *, *, #2950, .T. ) ;
#3967 = CARTESIAN_POINT ( 'NONE',  ( -1030.691642663261100, 34.27590561837018900, 21.64278261393809900 ) ) ;
#3968 = ADVANCED_FACE ( 'NONE', ( #123 ), #805, .F. ) ;
#3969 = CARTESIAN_POINT ( 'NONE',  ( -767.6430435132631400, 22.75791144566750300, -64.02648618806853200 ) ) ;
#3970 = DIRECTION ( 'NONE',  ( -0.0000000000000000000, -0.0000000000000000000, -1.000000000000000000 ) ) ;
#3971 = CARTESIAN_POINT ( 'NONE',  ( -700.3723728809750400, 25.46771104089190600, 657.9107298327510300 ) ) ;
#3972 = CARTESIAN_POINT ( 'NONE',  ( -768.7753434174060200, -49.25061185733253700, -54.95006978908394800 ) ) ;
#3973 = CARTESIAN_POINT ( 'NONE',  ( -977.9970575583958000, 32.06201920788370800, 87.52448106196229100 ) ) ;
#3974 = LINE ( 'NONE', #5140, #4410 ) ;
#3975 = ADVANCED_FACE ( 'NONE', ( #2350 ), #1772, .T. ) ;
#3976 = CARTESIAN_POINT ( 'NONE',  ( -1016.900420778662500, 0.3119324199738834900, -5.990298914623188000 ) ) ;
#3977 = VECTOR ( 'NONE', #5717, 1000.000000000000200 ) ;
#3978 = CARTESIAN_POINT ( 'NONE',  ( -885.2992644139410500, -54.09632305098299600, -20.83333333333332900 ) ) ;
#3979 = CARTESIAN_POINT ( 'NONE',  ( -1016.193618240131200, 42.27212630780312000, 31.43305827268705200 ) ) ;
#3980 = CARTESIAN_POINT ( 'NONE',  ( -371.6799668294383400, 37.33681107350368900, -868.4040426601803800 ) ) ;
#3981 = CARTESIAN_POINT ( 'NONE',  ( -182.1184991448312800, 309.8907201265938600, 239.9999999999999400 ) ) ;
#3982 = DIRECTION ( 'NONE',  ( 0.0000000000000000000, 0.0000000000000000000, -1.000000000000000000 ) ) ;
#3983 = CARTESIAN_POINT ( 'NONE',  ( -1029.417231811146400, 36.54499051546423500, -10.72770169100905800 ) ) ;
#3984 = CARTESIAN_POINT ( 'NONE',  ( -966.0375125829705200, -38.04515784016426500, 20.83333333333332900 ) ) ;
#3985 = ORIENTED_EDGE ( 'NONE', *, *, #3294, .T. ) ;
#3986 = CARTESIAN_POINT ( 'NONE',  ( -767.9230606215429600, 22.73048883415080500, -55.29393639120731100 ) ) ;
#3987 = CARTESIAN_POINT ( 'NONE',  ( -883.5043171839512300, -49.23712401367324500, -51.19214116487676600 ) ) ;
#3988 = CARTESIAN_POINT ( 'NONE',  ( -516.1611622597002900, 10.16888668989800400, -210.4185866888561500 ) ) ;
#3989 = VECTOR ( 'NONE', #1214, 1000.000000000000000 ) ;
#3990 = ORIENTED_EDGE ( 'NONE', *, *, #1110, .F. ) ;
#3991 = CARTESIAN_POINT ( 'NONE',  ( -768.8424994385436500, 23.42789570974004900, -64.54452117786583200 ) ) ;
#3992 = PRODUCT_DEFINITION_SHAPE ( 'NONE', 'NONE',  #7070 ) ;
#3993 = CARTESIAN_POINT ( 'NONE',  ( -729.2237219786763900, 26.52037872249231400, -120.3472399959403600 ) ) ;
#3994 = LINE ( 'NONE', #1608, #2821 ) ;
#3995 = CARTESIAN_POINT ( 'NONE',  ( -707.3702955131854000, 5.910369557020128900, -914.2338333378568200 ) ) ;
#3996 = CARTESIAN_POINT ( 'NONE',  ( -1028.845637923624100, 37.09436039396100400, -6.417346822582615600 ) ) ;
#3997 = ORIENTED_EDGE ( 'NONE', *, *, #3062, .T. ) ;
#3998 = CARTESIAN_POINT ( 'NONE',  ( -1008.872162819567200, 21.53354026582928400, 69.85103928858868000 ) ) ;
#3999 = CARTESIAN_POINT ( 'NONE',  ( -1033.674350646560200, 22.11417396232764400, 34.26915121570569800 ) ) ;
#4000 = CARTESIAN_POINT ( 'NONE',  ( -706.3548418181710500, 9.107886569443604000, -909.7930239732512500 ) ) ;
#4001 = CARTESIAN_POINT ( 'NONE',  ( -176.3248753057019100, 315.3900408491142600, 239.9999999999999700 ) ) ;
#4002 = EDGE_CURVE ( 'NONE', #3873, #357, #3687, .T. ) ;
#4003 = CARTESIAN_POINT ( 'NONE',  ( -987.4989556647002500, 29.62112629189863400, -83.82978979338211900 ) ) ;
#4004 = ADVANCED_FACE ( 'NONE', ( #3225 ), #481, .T. ) ;
#4005 = DIRECTION ( 'NONE',  ( 1.000000000000000000, 0.0000000000000000000, 0.0000000000000000000 ) ) ;
#4006 = CARTESIAN_POINT ( 'NONE',  ( -98.97464479261900300, 317.0636920339640000, 239.9999999999999100 ) ) ;
#4007 = CARTESIAN_POINT ( 'NONE',  ( -1038.145799342743400, 4.958084258317500200, 912.8622417098479200 ) ) ;
#4008 = CARTESIAN_POINT ( 'NONE',  ( -729.4228075467472100, 30.30599572154137500, 108.5314635751892900 ) ) ;
#4009 = CARTESIAN_POINT ( 'NONE',  ( -931.3368994889730200, -43.98122368494096400, 69.69564257681527400 ) ) ;
#4010 = CARTESIAN_POINT ( 'NONE',  ( -855.3768765485617700, 73.13568227812965000, -114.8803472640966600 ) ) ;
#4011 = EDGE_CURVE ( 'NONE', #786, #1366, #1501, .T. ) ;
#4012 = CARTESIAN_POINT ( 'NONE',  ( -1021.074700142277700, 20.99602887136783000, 56.80099378340646900 ) ) ;
#4013 = CARTESIAN_POINT ( 'NONE',  ( 0.0000000000000000000, 0.0000000000000000000, 0.0000000000000000000 ) ) ;
#4014 = ORIENTED_EDGE ( 'NONE', *, *, #3796, .F. ) ;
#4015 = DIRECTION ( 'NONE',  ( 3.265361837132812600E-016, -0.0000000000000000000, 1.000000000000000000 ) ) ;
#4016 = CARTESIAN_POINT ( 'NONE',  ( -1029.554158989095000, 36.38753240919926700, -11.67891366889999500 ) ) ;
#4017 = EDGE_CURVE ( 'NONE', #5151, #3882, #5770, .T. ) ;
#4018 = CARTESIAN_POINT ( 'NONE',  ( -182.3047893437291700, 309.6131233029223000, 138.6087922166950600 ) ) ;
#4019 = CARTESIAN_POINT ( 'NONE',  ( -658.0707898217590400, 71.86193051735821800, -650.0000000000000000 ) ) ;
#4020 = ORIENTED_EDGE ( 'NONE', *, *, #2412, .F. ) ;
#4021 = CARTESIAN_POINT ( 'NONE',  ( -706.7668926889495000, 7.809641298080326700, 916.9693845669907000 ) ) ;
#4022 = ORIENTED_EDGE ( 'NONE', *, *, #4002, .T. ) ;
#4023 = CARTESIAN_POINT ( 'NONE',  ( -993.4323855457304300, 50.28470110483058900, -81.02694016190254400 ) ) ;
#4024 = DIRECTION ( 'NONE',  ( 1.000000000000000000, 0.0000000000000000000, 0.0000000000000000000 ) ) ;
#4025 = CARTESIAN_POINT ( 'NONE',  ( -903.7611102728734500, 81.85143608393630600, 108.5048087761177100 ) ) ;
#4026 = ADVANCED_FACE ( 'NONE', ( #4328 ), #5351, .T. ) ;
#4027 = CARTESIAN_POINT ( 'NONE',  ( -113.4566584325427200, 318.9890467674806600, 239.9999999999999400 ) ) ;
#4028 = VERTEX_POINT ( 'NONE', #6296 ) ;
#4029 = CARTESIAN_POINT ( 'NONE',  ( -739.3599121848072900, 139.0494780956611000, -100.9671971954677900 ) ) ;
#4030 = CARTESIAN_POINT ( 'NONE',  ( -728.8374853439750000, 26.88402910585216100, 99.39647797808193300 ) ) ;
#4031 = CARTESIAN_POINT ( 'NONE',  ( -916.7579155957737400, -45.99939545498218500, -50.15245843292295500 ) ) ;
#4032 = VERTEX_POINT ( 'NONE', #313 ) ;
#4033 = CARTESIAN_POINT ( 'NONE',  ( -768.8176989229303900, 22.64287519247875800, 64.54435747821484900 ) ) ;
#4034 = CARTESIAN_POINT ( 'NONE',  ( -1029.706934834912100, 29.34182131440267900, -37.71666584571069300 ) ) ;
#4035 = ORIENTED_EDGE ( 'NONE', *, *, #3521, .T. ) ;
#4036 = CARTESIAN_POINT ( 'NONE',  ( -345.2162486971475300, 117.3747192612501500, 650.0000000000000000 ) ) ;
#4037 = CARTESIAN_POINT ( 'NONE',  ( -766.8722773087066600, -49.25061185733253700, -56.03015368265838700 ) ) ;
#4038 = CARTESIAN_POINT ( 'NONE',  ( -770.0781440828610600, 22.51943738479926800, 64.73844108900583200 ) ) ;
#4039 = ADVANCED_FACE ( 'NONE', ( #3821 ), #2463, .T. ) ;
#4040 = ORIENTED_EDGE ( 'NONE', *, *, #1281, .T. ) ;
#4041 = AXIS2_PLACEMENT_3D ( 'NONE', #6923, #5301, #2022 ) ;
#4042 = EDGE_CURVE ( 'NONE', #3200, #1487, #6130, .T. ) ;
#4043 = CARTESIAN_POINT ( 'NONE',  ( -930.0000000000559300, -44.10239037126144300, -49.73844108900408400 ) ) ;
#4044 = CARTESIAN_POINT ( 'NONE',  ( -1030.325716666682000, 30.52013842021733900, -34.36263814317768400 ) ) ;
#4045 = CARTESIAN_POINT ( 'NONE',  ( -135.8262505225143600, 352.1854547018975300, 115.4209030207743500 ) ) ;
#4046 = CARTESIAN_POINT ( 'NONE',  ( -1039.873262562527100, 20.42349266150942100, 8.766409823940664500 ) ) ;
#4047 = CYLINDRICAL_SURFACE ( 'NONE', #5663, 2772.425355089402300 ) ;
#4048 = CARTESIAN_POINT ( 'NONE',  ( -731.8165205886451800, 51.43860034523068200, 120.2917345085317200 ) ) ;
#4049 = CARTESIAN_POINT ( 'NONE',  ( -932.9731677081913400, -44.47907115696418900, 50.07646085316138600 ) ) ;
#4050 = CARTESIAN_POINT ( 'NONE',  ( -126.6882136914332100, 320.7144011943385100, 239.9999999999999400 ) ) ;
#4051 = CARTESIAN_POINT ( 'NONE',  ( -859.9217381723992700, 87.29643628526821400, -109.4747449009614400 ) ) ;
#4052 = CARTESIAN_POINT ( 'NONE',  ( -703.8402290943743100, 16.42216022691627900, -808.9513168396403000 ) ) ;
#4053 = CARTESIAN_POINT ( 'NONE',  ( -351.1348627407838900, 167.0231835658232700, -650.0000000000000000 ) ) ;
#4054 = CARTESIAN_POINT ( 'NONE',  ( -189.7732548792596400, 333.1946375837733300, 113.6226695422161300 ) ) ;
#4055 = CARTESIAN_POINT ( 'NONE',  ( -768.0314034738755700, -49.25061185733253700, -55.24532406218320800 ) ) ;
#4056 = CARTESIAN_POINT ( 'NONE',  ( -860.2549962005692800, 88.48472478379500200, 108.4305173114422700 ) ) ;
#4057 =( BOUNDED_SURFACE ( )  B_SPLINE_SURFACE ( 3, 2, ( 
 ( #2867, #6705, #3435 ),
 ( #3459, #144, #6726 ),
 ( #4550, #6201, #1302 ),
 ( #1832, #3993, #736 ) ),
 .UNSPECIFIED., .F., .F., .F. ) 
 B_SPLINE_SURFACE_WITH_KNOTS ( ( 4, 4 ),
 ( 3, 3 ),
 ( -3.352464972294910700E-010, 0.0003555670688977704600 ),
 ( 0.0000000000000000000, 1.000000000000000000 ),
 .UNSPECIFIED. ) 
 GEOMETRIC_REPRESENTATION_ITEM ( )  RATIONAL_B_SPLINE_SURFACE ( (
 ( 1.000000000000000000, 0.7063643996572448500, 1.000000000000000000),
 ( 1.000000000000000000, 0.7063658353444475200, 1.000000000000000000),
 ( 1.000000000000000000, 0.7063672714796429600, 1.000000000000000000),
 ( 1.000000000000000000, 0.7063687080364216000, 1.000000000000000000) ) ) 
 REPRESENTATION_ITEM ( '' )  SURFACE ( )  );
#4058 = LINE ( 'NONE', #5530, #824 ) ;
#4059 = ADVANCED_FACE ( 'NONE', ( #6285 ), #4719, .T. ) ;
#4060 = ORIENTED_EDGE ( 'NONE', *, *, #4530, .T. ) ;
#4061 = CIRCLE ( 'NONE', #4214, 30.00000000000000000 ) ;
#4062 = EDGE_CURVE ( 'NONE', #5554, #1112, #3345, .T. ) ;
#4063 = CARTESIAN_POINT ( 'NONE',  ( -497.7996294928674400, 48.47557972013054000, -576.2282484482782400 ) ) ;
#4064 = FACE_BOUND ( 'NONE', #4391, .T. ) ;
#4065 = CARTESIAN_POINT ( 'NONE',  ( -1029.758609913575400, 36.14368271947471800, 13.11242733222637600 ) ) ;
#4066 = CARTESIAN_POINT ( 'NONE',  ( -935.1313730170886600, 6.355458674935659000, 50.94641474122986600 ) ) ;
#4067 = B_SPLINE_SURFACE_WITH_KNOTS ( 'NONE', 3, 3, ( 
 ( #4953, #5495, #75, #2, #2261, #2767, #6068 ),
 ( #5047, #4975, #1768, #2864, #3843, #6084, #1743 ),
 ( #3885, #3907, #3863, #2217, #6113, #5519, #2791 ),
 ( #1172, #6042, #6668, #6599, #2820, #1696, #4438 ) ),
 .UNSPECIFIED., .F., .F., .F.,
 ( 4, 4 ),
 ( 4, 1, 1, 1, 4 ),
 ( 0.0000000000000000000, 1.000000000000000000 ),
 ( 0.0000000000000000000, 0.2982968211775609600, 0.6153669425867313000, 0.7410739866888770300, 1.000000000000000000 ),
 .UNSPECIFIED. ) ;
#4068 = CARTESIAN_POINT ( 'NONE',  ( -998.1388885930439300, 22.00633187007468500, 77.90512235613456900 ) ) ;
#4069 = CARTESIAN_POINT ( 'NONE',  ( -1035.456036746052400, 35.49122954712746000, 19.93266355462789700 ) ) ;
#4070 = CARTESIAN_POINT ( 'NONE',  ( -588.4213002791508400, -77.57978771338689200, 839.4787391688137200 ) ) ;
#4071 = CARTESIAN_POINT ( 'NONE',  ( -966.0375125829705200, -38.04515784016426500, -20.83333333333332900 ) ) ;
#4072 = VERTEX_POINT ( 'NONE', #1363 ) ;
#4073 = VECTOR ( 'NONE', #951, 1000.000000000000000 ) ;
#4074 = CYLINDRICAL_SURFACE ( 'NONE', #5335, 497.5000000000000600 ) ;
#4075 = ADVANCED_FACE ( 'NONE', ( #3035 ), #897, .F. ) ;
#4076 = CARTESIAN_POINT ( 'NONE',  ( -930.2851161855123800, 7.164169369840226200, 49.73187366759710700 ) ) ;
#4077 = CARTESIAN_POINT ( 'NONE',  ( -101.5361575129460300, 317.4082924808008700, 240.0000000000000000 ) ) ;
#4078 = ORIENTED_EDGE ( 'NONE', *, *, #870, .F. ) ;
#4079 = CARTESIAN_POINT ( 'NONE',  ( -857.4257995106198700, 79.18810568218319200, -113.8766671569790500 ) ) ;
#4080 = CARTESIAN_POINT ( 'NONE',  ( -1534.030086240052700, -201.6600000000000000, 1100.000000000000000 ) ) ;
#4081 = CARTESIAN_POINT ( 'NONE',  ( -14.62674840205269600, 302.0000000000000600, 137.9225819429060500 ) ) ;
#4082 = ORIENTED_EDGE ( 'NONE', *, *, #2234, .T. ) ;
#4083 =( BOUNDED_CURVE ( )  B_SPLINE_CURVE ( 3, ( #3973, #716, #3934, #4012 ),
 .UNSPECIFIED., .F., .F. ) 
 B_SPLINE_CURVE_WITH_KNOTS ( ( 4, 4 ),
 ( 5.041869326281658700, 5.621984804581035900 ),
 .UNSPECIFIED. ) 
 CURVE ( )  GEOMETRIC_REPRESENTATION_ITEM ( )  RATIONAL_B_SPLINE_CURVE ( ( 1.000000000000000000, 0.9721515755180505400, 0.9721515755180505400, 1.000000000000000000 ) ) 
 REPRESENTATION_ITEM ( '' )  );
#4084 = CARTESIAN_POINT ( 'NONE',  ( -163.0321233620533100, 321.0828505001244400, 139.2512144160378100 ) ) ;
#4085 = CARTESIAN_POINT ( 'NONE',  ( -428.7639857112776000, 183.8977911741911800, -650.0000000000000000 ) ) ;
#4086 = CARTESIAN_POINT ( 'NONE',  ( -861.6342496577466400, 96.68124017130179500, 89.96129063427326900 ) ) ;
#4087 = EDGE_CURVE ( 'NONE', #350, #1187, #2062, .T. ) ;
#4088 = CARTESIAN_POINT ( 'NONE',  ( -984.7083298120195400, 53.35580670079777800, 85.22959943904440600 ) ) ;
#4089 = CARTESIAN_POINT ( 'NONE',  ( -1029.343024092051800, 36.62404303363247500, 10.19407262523920100 ) ) ;
#4090 = CARTESIAN_POINT ( 'NONE',  ( -937.5122131429843600, 6.122298443202726800, 66.69388707235032100 ) ) ;
#4091 = CARTESIAN_POINT ( 'NONE',  ( -991.8975767202083500, 1.717108242852424200, 56.99050842854588000 ) ) ;
#4092 = DIRECTION ( 'NONE',  ( -9.251858538542963900E-016, -1.000000000000000000, 0.0000000000000000000 ) ) ;
#4093 = CARTESIAN_POINT ( 'NONE',  ( -919.9281327846194900, 75.38684089177914400, 87.27962050027133500 ) ) ;
#4094 = CARTESIAN_POINT ( 'NONE',  ( -937.3144158156588900, -44.47907115696418900, 52.49660499083597600 ) ) ;
#4095 = ADVANCED_FACE ( 'NONE', ( #5682 ), #1960, .F. ) ;
#4096 = CARTESIAN_POINT ( 'NONE',  ( -109.2518744656474000, 318.4348569709760000, 239.9999999999999100 ) ) ;
#4097 = EDGE_LOOP ( 'NONE', ( #5341, #1891, #2654, #6618 ) ) ;
#4098 = PLANE ( 'NONE',  #237 ) ;
#4099 = DIRECTION ( 'NONE',  ( -0.08623904901945680900, -0.06596813026982224800, -0.9940880404737416600 ) ) ;
#4100 = DIRECTION ( 'NONE',  ( -0.3235513698791880900, 0.0000000000000000000, 0.9462106060752546500 ) ) ;
#4101 = EDGE_CURVE ( 'NONE', #3255, #1187, #1539, .T. ) ;
#4102 = CARTESIAN_POINT ( 'NONE',  ( -188.0720403317620500, 333.7935115107852100, 136.9434499693953700 ) ) ;
#4103 = ORIENTED_EDGE ( 'NONE', *, *, #4615, .T. ) ;
#4104 = CARTESIAN_POINT ( 'NONE',  ( -322.1861935387366300, 28.62493671749809100, -894.2688876573925000 ) ) ;
#4105 = CARTESIAN_POINT ( 'NONE',  ( -861.6006096364384300, 94.07492934256444500, 100.7943961603502300 ) ) ;
#4106 = ADVANCED_FACE ( 'NONE', ( #4232 ), #3015, .T. ) ;
#4107 = CARTESIAN_POINT ( 'NONE',  ( -1534.030086240052700, -201.6600000000000000, -1100.000000000000000 ) ) ;
#4108 = ORIENTED_EDGE ( 'NONE', *, *, #6838, .F. ) ;
#4109 = CARTESIAN_POINT ( 'NONE',  ( -1097.010153263614500, -4.190285767772747000, 3.301071067973860200 ) ) ;
#4110 = ORIENTED_EDGE ( 'NONE', *, *, #6503, .F. ) ;
#4111 = CARTESIAN_POINT ( 'NONE',  ( -930.3357172766052400, 6.825106423056387200, 69.74406049209288500 ) ) ;
#4112 = DIRECTION ( 'NONE',  ( -2.610927889176040600E-016, 1.000000000000000000, 0.0000000000000000000 ) ) ;
#4113 = CARTESIAN_POINT ( 'NONE',  ( -701.4145576514803200, 22.84792658981694700, -824.6684522029080400 ) ) ;
#4114 = CARTESIAN_POINT ( 'NONE',  ( -971.0375125829706300, -46.70541187800886000, 0.0000000000000000000 ) ) ;
#4115 = EDGE_LOOP ( 'NONE', ( #1572, #2172, #5661, #7103, #2865, #1104, #7011, #1756, #1861, #6581 ) ) ;
#4116 = PLANE ( 'NONE',  #6244 ) ;
#4117 = ORIENTED_EDGE ( 'NONE', *, *, #5714, .T. ) ;
#4118 = CARTESIAN_POINT ( 'NONE',  ( -184.6267484020527300, 302.0000000000000600, 138.5313935814176000 ) ) ;
#4119 = CARTESIAN_POINT ( 'NONE',  ( -932.2263901009130200, -44.47907115696418900, 49.91119714758191600 ) ) ;
#4120 = CARTESIAN_POINT ( 'NONE',  ( -143.0274878512888700, 322.7381498785047100, 240.0000000000000000 ) ) ;
#4121 = CARTESIAN_POINT ( 'NONE',  ( -425.2412805099893900, 74.25371985395310000, -850.3058780222702400 ) ) ;
#4122 = CARTESIAN_POINT ( 'NONE',  ( -700.5661831583933000, 24.96930525748548000, -899.9934408634962900 ) ) ;
#4123 = ORIENTED_EDGE ( 'NONE', *, *, #6376, .F. ) ;
#4124 = CARTESIAN_POINT ( 'NONE',  ( -156.1363130525731400, 281.5278219078794600, 139.4810747597334700 ) ) ;
#4125 = CARTESIAN_POINT ( 'NONE',  ( -181.5052786649521600, 310.7494722009502100, 138.6354425726218000 ) ) ;
#4126 = CARTESIAN_POINT ( 'NONE',  ( -588.0609149135337900, -13.05060390121163200, -269.6497347920996500 ) ) ;
#4127 = CARTESIAN_POINT ( 'NONE',  ( -730.9119588086135800, 42.65968660568331200, -118.7168735594052400 ) ) ;
#4128 = DIRECTION ( 'NONE',  ( 0.3320534516538571300, -0.9432605712340358400, 0.0000000000000000000 ) ) ;
#4129 = LINE ( 'NONE', #4070, #1086 ) ;
#4130 = CARTESIAN_POINT ( 'NONE',  ( -715.6993799046540500, -29.63726588446416300, -741.0017254382161100 ) ) ;
#4131 = CARTESIAN_POINT ( 'NONE',  ( -916.1761530242783900, 52.78097960269511900, 105.6062142766424000 ) ) ;
#4132 = ADVANCED_FACE ( 'NONE', ( #6041 ), #2747, .T. ) ;
#4133 = CARTESIAN_POINT ( 'NONE',  ( -885.2992644139410500, -54.09632305098299600, 20.83333333333332900 ) ) ;
#4134 = CARTESIAN_POINT ( 'NONE',  ( -938.9537712520668700, 69.46265942215609400, -76.32133650644030400 ) ) ;
#4135 = EDGE_CURVE ( 'NONE', #1350, #4205, #246, .T. ) ;
#4136 = CARTESIAN_POINT ( 'NONE',  ( -1094.977999482085100, -4.076077425886025700, 6.595789167692458900 ) ) ;
#4137 = VECTOR ( 'NONE', #1199, 1000.000000000000000 ) ;
#4138 = CARTESIAN_POINT ( 'NONE',  ( -711.8568504542180300, -28.00425256398114000, 269.8670942215699100 ) ) ;
#4139 = B_SPLINE_SURFACE_WITH_KNOTS ( 'NONE', 3, 3, ( 
 ( #4308, #1117, #4896, #5984, #3832, #540, #5463 ),
 ( #2139, #2185, #515, #4358, #2712, #561, #2736 ),
 ( #1638, #4332, #5510, #6005, #1687, #7090, #3310 ),
 ( #1071, #4966, #2231, #4943, #2667, #1615, #6520 ) ),
 .UNSPECIFIED., .F., .F., .F.,
 ( 4, 4 ),
 ( 4, 1, 1, 1, 4 ),
 ( 0.0000000000000000000, 1.000000000000000000 ),
 ( 0.0000000000000000000, 0.1490010684283051300, 0.3542303876842902700, 0.5841602856976757500, 1.000000000000000000 ),
 .UNSPECIFIED. ) ;
#4140 = DIRECTION ( 'NONE',  ( 0.0000000000000000000, 1.000000000000000000, 0.0000000000000000000 ) ) ;
#4141 = CARTESIAN_POINT ( 'NONE',  ( -729.0542768836836600, 26.53698324128182800, 95.29295773136847500 ) ) ;
#4142 = CARTESIAN_POINT ( 'NONE',  ( -476.1218229458132200, 22.48589293588767300, 0.0000000000000000000 ) ) ;
#4143 = CARTESIAN_POINT ( 'NONE',  ( -931.1131461823919200, 7.164169077462492700, -69.71471627135912300 ) ) ;
#4144 = CARTESIAN_POINT ( 'NONE',  ( -780.0819614270687900, 125.3898702392789800, 94.44150617806715800 ) ) ;
#4145 = AXIS2_PLACEMENT_3D ( 'NONE', #5863, #2089, #3741 ) ;
#4146 = CARTESIAN_POINT ( 'NONE',  ( -767.7871077613997400, 23.42730997547047500, 55.36989855253367700 ) ) ;
#4147 = VECTOR ( 'NONE', #1745, 1000.000000000000100 ) ;
#4148 = DIRECTION ( 'NONE',  ( -0.0000000000000000000, -0.0000000000000000000, 1.000000000000000000 ) ) ;
#4149 = CARTESIAN_POINT ( 'NONE',  ( -140.5050046382193900, 322.4779509828824800, 239.9999999999999400 ) ) ;
#4150 = EDGE_CURVE ( 'NONE', #2064, #943, #435, .T. ) ;
#4151 = CARTESIAN_POINT ( 'NONE',  ( -900.3022892682647600, 83.06903542859463100, -85.13963735777501500 ) ) ;
#4152 = CARTESIAN_POINT ( 'NONE',  ( -699.7421302853027800, 27.00391276891861700, -821.8782838474144200 ) ) ;
#4153 = CARTESIAN_POINT ( 'NONE',  ( -769.7564574725695400, -48.79285400844172900, 64.72035505245219200 ) ) ;
#4154 = ORIENTED_EDGE ( 'NONE', *, *, #4800, .F. ) ;
#4155 = CARTESIAN_POINT ( 'NONE',  ( -133.6706168854500700, 282.3836509373521200, 140.2299312986375800 ) ) ;
#4156 = CARTESIAN_POINT ( 'NONE',  ( -184.9846087695102300, 334.8803716406829400, 135.9479987452294300 ) ) ;
#4157 = VERTEX_POINT ( 'NONE', #4385 ) ;
#4158 = CARTESIAN_POINT ( 'NONE',  ( -397.0523550645547700, 97.52121751762267400, -374.0963778863184100 ) ) ;
#4159 = VECTOR ( 'NONE', #2446, 1000.000000000000000 ) ;
#4160 = CARTESIAN_POINT ( 'NONE',  ( -173.8480240181020200, 287.1130226463706100, 239.9999999999999400 ) ) ;
#4161 = FACE_OUTER_BOUND ( 'NONE', #5244, .T. ) ;
#4162 = CARTESIAN_POINT ( 'NONE',  ( -714.7194513955494100, -23.90258247188046400, -764.4945956412558400 ) ) ;
#4163 = CARTESIAN_POINT ( 'NONE',  ( -5.573319583618285800E-011, 400.0000000000000000, 119.9484447048561000 ) ) ;
#4164 = EDGE_CURVE ( 'NONE', #6849, #3948, #2878, .T. ) ;
#4165 = CARTESIAN_POINT ( 'NONE',  ( -18.77492402944717000, 298.8741379747917800, -144.0597877271709100 ) ) ;
#4166 = CARTESIAN_POINT ( 'NONE',  ( -1059.400215396256700, -2.076583211852444800, 32.97434247149882900 ) ) ;
#4167 = EDGE_LOOP ( 'NONE', ( #2805, #844, #1260, #3457 ) ) ;
#4168 = CARTESIAN_POINT ( 'NONE',  ( -728.6117111961243600, -24.22778181205591600, 269.8657537935164300 ) ) ;
#4169 = CARTESIAN_POINT ( 'NONE',  ( -732.0292283198920100, 51.41795547783135600, -120.2871615022349800 ) ) ;
#4170 = CARTESIAN_POINT ( 'NONE',  ( -157.1660011963854800, 279.3592731268847700, 239.9999999999999700 ) ) ;
#4171 = CARTESIAN_POINT ( 'NONE',  ( -507.2785082200171000, -3.378360235900620200, -70.37590193537735700 ) ) ;
#4172 = CARTESIAN_POINT ( 'NONE',  ( -731.8165205886455200, 51.46764385215513500, -120.2917345085309900 ) ) ;
#4173 =( BOUNDED_SURFACE ( )  B_SPLINE_SURFACE ( 3, 2, ( 
 ( #5257, #4734, #3089 ),
 ( #1485, #4176, #2032 ),
 ( #2084, #1456, #3710 ),
 ( #5309, #6902, #6958 ) ),
 .UNSPECIFIED., .F., .F., .F. ) 
 B_SPLINE_SURFACE_WITH_KNOTS ( ( 4, 4 ),
 ( 3, 3 ),
 ( 0.1496714422660734800, 0.1557369136053597400 ),
 ( 0.0000000000000000000, 1.000000000000000000 ),
 .UNSPECIFIED. ) 
 GEOMETRIC_REPRESENTATION_ITEM ( )  RATIONAL_B_SPLINE_SURFACE ( (
 ( 1.000000000000000000, 0.6912717319805836700, 1.000000000000000000),
 ( 1.000000000000000000, 0.6675334865213864400, 1.000000000000000000),
 ( 1.000000000000000000, 0.6437955936458776800, 1.000000000000000000),
 ( 1.000000000000000000, 0.6199832514251345500, 1.000000000000000000) ) ) 
 REPRESENTATION_ITEM ( '' )  SURFACE ( )  );
#4174 = CARTESIAN_POINT ( 'NONE',  ( -463.9587133603060900, 37.13691407223925700, 849.2355144136396300 ) ) ;
#4175 = PLANE ( 'NONE',  #6749 ) ;
#4176 = CARTESIAN_POINT ( 'NONE',  ( -1023.545375626104300, -0.06151829120912730800, -55.94215346184790100 ) ) ;
#4177 = ORIENTED_EDGE ( 'NONE', *, *, #5916, .T. ) ;
#4178 = ADVANCED_FACE ( 'NONE', ( #3637 ), #3844, .T. ) ;
#4179 = CARTESIAN_POINT ( 'NONE',  ( -143.4774535086120600, 322.7783524542339300, 240.0000000000000000 ) ) ;
#4180 = DIRECTION ( 'NONE',  ( -0.0000000000000000000, -0.0000000000000000000, -1.000000000000000000 ) ) ;
#4181 = CARTESIAN_POINT ( 'NONE',  ( -711.8839373918331100, -18.56752510712951200, -269.8630729374096400 ) ) ;
#4182 = CARTESIAN_POINT ( 'NONE',  ( -769.2831414461533100, -48.74657416520325600, 54.82518889372108400 ) ) ;
#4183 = CARTESIAN_POINT ( 'NONE',  ( -144.9215987749244900, 281.0925542301399100, 139.8548985689885500 ) ) ;
#4184 = CARTESIAN_POINT ( 'NONE',  ( -186.6389812888174300, 334.2979873853793700, 113.7881053965809500 ) ) ;
#4185 = CARTESIAN_POINT ( 'NONE',  ( -969.6588813519164200, 2.974113679551228600, 69.42750601085352000 ) ) ;
#4186 = CARTESIAN_POINT ( 'NONE',  ( -412.8137997136921100, 74.05357191944881400, -571.4712885500152900 ) ) ;
#4187 = CARTESIAN_POINT ( 'NONE',  ( -176.4265378626364200, 288.6783143634450500, 240.0000000000000300 ) ) ;
#4188 = EDGE_CURVE ( 'NONE', #178, #6534, #2518, .T. ) ;
#4189 = CARTESIAN_POINT ( 'NONE',  ( -912.8172059080797000, 24.28912626595114700, 106.2991371976811100 ) ) ;
#4190 = CARTESIAN_POINT ( 'NONE',  ( -139.1497956725028500, 281.6831683071918100, 239.9999999999999100 ) ) ;
#4191 = CARTESIAN_POINT ( 'NONE',  ( -711.8839373918331100, -18.56752510712951200, -269.8630729374096400 ) ) ;
#4192 = CARTESIAN_POINT ( 'NONE',  ( -1029.126498737529300, -0.3751809786563757300, 52.81150998653604500 ) ) ;
#4193 = CARTESIAN_POINT ( 'NONE',  ( -349.9923780584606400, 114.8995410430773500, -650.0000000000000000 ) ) ;
#4194 = CARTESIAN_POINT ( 'NONE',  ( -955.0848152254923200, 29.77067270152409500, -106.4736495249556900 ) ) ;
#4195 = CARTESIAN_POINT ( 'NONE',  ( -14.62674840205269800, 302.0000000000000600, 137.9225819429061100 ) ) ;
#4196 = CARTESIAN_POINT ( 'NONE',  ( -810.0711206337946400, -76.22238607692064200, -312.7521233735409400 ) ) ;
#4197 = CARTESIAN_POINT ( 'NONE',  ( -932.9968013111299600, 7.164169077462492700, -69.39330547916810600 ) ) ;
#4198 = CARTESIAN_POINT ( 'NONE',  ( -768.5786514484568700, -49.25060836388760100, 55.01547229766972400 ) ) ;
#4199 = DIRECTION ( 'NONE',  ( 0.03331483023263846100, -0.0000000000000000000, 0.9994449069791543300 ) ) ;
#4200 = CARTESIAN_POINT ( 'NONE',  ( -141.0338880067463400, 322.5382365917519100, 240.0000000000000300 ) ) ;
#4201 = CARTESIAN_POINT ( 'NONE',  ( -258.7992690864780900, 213.7750709259654500, -655.0000000000000000 ) ) ;
#4202 = CARTESIAN_POINT ( 'NONE',  ( -740.6150288742914000, -34.39772603926746800, -36.91500537387647500 ) ) ;
#4203 = CARTESIAN_POINT ( 'NONE',  ( -110.4287047268468700, 313.4778319254067500, -137.9225819429058800 ) ) ;
#4204 = B_SPLINE_CURVE_WITH_KNOTS ( 'NONE', 3,
 ( #3537, #6371, #2564, #3099, #6916, #2483, #4127, #1364, #6290, #3040, #866, #1412, #363, #2461, #3013, #5237, #1961, #5790, #6340, #3071, #6501, #2121, #1592, #5422, #2621, #3750, #2650, #2145, #2694, #419, #4314, #491, #3176, #7047, #6525 ),
 .UNSPECIFIED., .F., .F.,
 ( 4, 2, 2, 2, 2, 2, 2, 2, 2, 2, 2, 1, 2, 2, 2, 2, 2, 4 ),
 ( 0.0000000000000000000, 0.004888402940500635700, 0.007332604410750980500, 0.009776805881001325200, 0.01466520882150200300, 0.01588730955662716300, 0.01710941029175232200, 0.01955361176200259800, 0.02444201470250315100, 0.02566411543762829200, 0.02688621617275343400, 0.02933041764300371400, 0.03177461911325399300, 0.03299671984837915900, 0.03421882058350432500, 0.03666302205375468500, 0.03788512278887987100, 0.03910722352400505100 ),
 .UNSPECIFIED. ) ;
#4205 = VERTEX_POINT ( 'NONE', #1649 ) ;
#4206 = CARTESIAN_POINT ( 'NONE',  ( -146.7944606443223600, 280.9940507719437100, 139.7924698400084900 ) ) ;
#4207 = VERTEX_POINT ( 'NONE', #1125 ) ;
#4208 = CARTESIAN_POINT ( 'NONE',  ( -997.3229168503174800, 1.412200658722141400, -78.43106737187423500 ) ) ;
#4209 = CARTESIAN_POINT ( 'NONE',  ( -966.3370979652122500, 3.299422286284750000, 72.52451162079840700 ) ) ;
#4210 = EDGE_CURVE ( 'NONE', #354, #539, #4228, .T. ) ;
#4211 = DIRECTION ( 'NONE',  ( 0.0000000000000000000, 0.0000000000000000000, 1.000000000000000000 ) ) ;
#4212 = CARTESIAN_POINT ( 'NONE',  ( -165.3903488545829000, 283.6169522604030800, 239.9999999999999400 ) ) ;
#4213 = EDGE_LOOP ( 'NONE', ( #2777, #7089, #2118, #1161 ) ) ;
#4214 = AXIS2_PLACEMENT_3D ( 'NONE', #4327, #533, #4274 ) ;
#4215 = CARTESIAN_POINT ( 'NONE',  ( -139.4367951120128500, 281.6482336867387600, 239.9999999999999400 ) ) ;
#4216 = CARTESIAN_POINT ( 'NONE',  ( -14.62674840205307300, 296.8509855691290200, -144.1980602480840000 ) ) ;
#4217 = EDGE_LOOP ( 'NONE', ( #1077, #3499, #2890, #4260, #1585, #2533 ) ) ;
#4218 = CARTESIAN_POINT ( 'NONE',  ( -1009.712615037726700, 0.7158916984902883300, 35.80195815084696400 ) ) ;
#4219 = VERTEX_POINT ( 'NONE', #5475 ) ;
#4220 = CARTESIAN_POINT ( 'NONE',  ( -930.6681459972516000, -44.07755817682297600, -69.73868829033644100 ) ) ;
#4221 = PLANE ( 'NONE',  #731 ) ;
#4222 = CARTESIAN_POINT ( 'NONE',  ( -969.9082733114160000, 32.06201920788355900, -63.86921591007979500 ) ) ;
#4223 = CARTESIAN_POINT ( 'NONE',  ( -328.4293899634121800, 113.8973949287239700, -650.0000000000000000 ) ) ;
#4224 = CARTESIAN_POINT ( 'NONE',  ( -937.3290874831515100, 7.164169077462492700, -52.50820983342592300 ) ) ;
#4225 = CIRCLE ( 'NONE', #6003, 20.00000000000000400 ) ;
#4226 = CARTESIAN_POINT ( 'NONE',  ( -915.8435091414822900, 53.17888132052552700, -105.6873987006312300 ) ) ;
#4227 = CARTESIAN_POINT ( 'NONE',  ( -139.8846780290528800, 322.4057668498936100, 240.0000000000000000 ) ) ;
#4228 = B_SPLINE_CURVE_WITH_KNOTS ( 'NONE', 3,
 ( #3800, #3226, #2698, #4317, #4954, #6530, #600, #5496, #2219, #6043, #1150, #4976, #497, #5846, #6506, #2675, #7053, #3778, #1056, #4883, #4344, #1081, #4904, #6557 ),
 .UNSPECIFIED., .F., .F.,
 ( 4, 2, 2, 2, 2, 2, 2, 2, 2, 2, 2, 4 ),
 ( 1.110223024625156500E-016, 0.03033822483070667100, 0.06067644966141323000, 0.09101467449211977900, 0.1213528993228261800, 0.1365220117381793800, 0.1441065679458560200, 0.1516911241535326700, 0.1820293489842392300, 0.2123675738149458400, 0.2275366862302991600, 0.2427057986456524200 ),
 .UNSPECIFIED. ) ;
#4229 = CARTESIAN_POINT ( 'NONE',  ( -729.0542768836836600, 26.53698324128182800, -95.29295773868912500 ) ) ;
#4230 = CARTESIAN_POINT ( 'NONE',  ( -738.2193787120287400, -32.61617628806786900, 0.0000000000000000000 ) ) ;
#4231 = CARTESIAN_POINT ( 'NONE',  ( -985.1434271395694400, 53.20264057276886400, 61.17308984930221500 ) ) ;
#4232 = FACE_OUTER_BOUND ( 'NONE', #2326, .T. ) ;
#4233 = CARTESIAN_POINT ( 'NONE',  ( -160.7940353182817400, 282.3981311813020600, 139.3258173508766000 ) ) ;
#4234 = DIRECTION ( 'NONE',  ( 0.3923846148324008400, 0.0000000000000000000, 0.9198012361607417200 ) ) ;
#4235 = CARTESIAN_POINT ( 'NONE',  ( -961.8946942684915500, 3.734475385446067700, 75.27232002388250000 ) ) ;
#4236 = CARTESIAN_POINT ( 'NONE',  ( -180.7210865815202100, 292.3467387339594600, 239.9999999999999700 ) ) ;
#4237 = CARTESIAN_POINT ( 'NONE',  ( -900.0113882235753000, 83.17144053162192600, 85.17181409649983000 ) ) ;
#4238 = CARTESIAN_POINT ( 'NONE',  ( -731.4909177900718800, 51.41795551113726500, 95.29295773869347400 ) ) ;
#4239 = CARTESIAN_POINT ( 'NONE',  ( -142.6745914397788500, 281.2933689336048200, 240.0000000000000000 ) ) ;
#4240 = CARTESIAN_POINT ( 'NONE',  ( -14.62674840205280100, 296.9119654004961100, -144.1980602480840000 ) ) ;
#4241 = CARTESIAN_POINT ( 'NONE',  ( -1034.153762605289100, -0.6577164224500677800, 49.80390200799977400 ) ) ;
#4242 = CARTESIAN_POINT ( 'NONE',  ( -721.1638438405121900, -28.50215867585657400, 123.2493405169230300 ) ) ;
#4243 = CARTESIAN_POINT ( 'NONE',  ( -395.8887977302588900, 37.94220588321819300, 860.1202062659305100 ) ) ;
#4244 = FACE_OUTER_BOUND ( 'NONE', #297, .T. ) ;
#4245 = CARTESIAN_POINT ( 'NONE',  ( -5.573319583618286500E-011, 120.1545479494688800, 122.8638967704985000 ) ) ;
#4246 = CARTESIAN_POINT ( 'NONE',  ( -966.0375125829712000, -38.04515784016426500, -0.0000000000000000000 ) ) ;
#4247 = CARTESIAN_POINT ( 'NONE',  ( -939.5938345870454200, 7.164169077462492700, -63.64887813516351400 ) ) ;
#4248 = ORIENTED_EDGE ( 'NONE', *, *, #3511, .T. ) ;
#4249 = SURFACE_STYLE_FILL_AREA ( #578 ) ;
#4250 = VECTOR ( 'NONE', #592, 1000.000000000000000 ) ;
#4251 = CARTESIAN_POINT ( 'NONE',  ( -770.0143880533164500, -49.25060836388760100, 64.73573041319514200 ) ) ;
#4252 = CARTESIAN_POINT ( 'NONE',  ( -164.9167943591409900, 320.5264859082512900, 239.9999999999998900 ) ) ;
#4253 = EDGE_CURVE ( 'NONE', #2771, #4619, #5956, .T. ) ;
#4254 = DIRECTION ( 'NONE',  ( -0.03125000000000007600, 0.0000000000000000000, -0.9995115994824672600 ) ) ;
#4255 = ORIENTED_EDGE ( 'NONE', *, *, #3009, .F. ) ;
#4256 = CARTESIAN_POINT ( 'NONE',  ( -740.6734511966680000, -31.23106814407374500, -36.91485756804480900 ) ) ;
#4257 = CARTESIAN_POINT ( 'NONE',  ( -896.0995706123065900, 59.53232690312267300, -109.8103645719365200 ) ) ;
#4258 = B_SPLINE_CURVE_WITH_KNOTS ( 'NONE', 3,
 ( #3645, #903, #6403, #6944, #311, #2540, #1415, #3155, #3698, #333, #395, #3103, #2020, #4189, #422, #931, #1964, #3074, #6343, #5795, #3617, #367 ),
 .UNSPECIFIED., .F., .F.,
 ( 4, 2, 2, 2, 2, 2, 2, 2, 2, 2, 4 ),
 ( 2.081668171172168500E-017, 0.0004471814154874650700, 0.0008943628309749093300, 0.001341544246462353400, 0.001788725661949797800, 0.002683088492924401100, 0.003577451323899004100, 0.005366176985848535000, 0.007154902647798065500, 0.01073235397169711900, 0.01430980529559617100 ),
 .UNSPECIFIED. ) ;
#4259 = FACE_OUTER_BOUND ( 'NONE', #2127, .T. ) ;
#4260 = ORIENTED_EDGE ( 'NONE', *, *, #4150, .F. ) ;
#4261 = CARTESIAN_POINT ( 'NONE',  ( -547.1009680391321100, 22.47362112785342300, 451.8120207496300500 ) ) ;
#4262 = CARTESIAN_POINT ( 'NONE',  ( -489.2166624601146100, 3.132967538697218700, -210.0847015248558300 ) ) ;
#4263 = CARTESIAN_POINT ( 'NONE',  ( -182.3922303328092200, 294.5209397140281500, 239.9999999999999700 ) ) ;
#4264 = CARTESIAN_POINT ( 'NONE',  ( -413.0707898217584700, 61.93453721306585200, -650.0000000000000000 ) ) ;
#4265 = CARTESIAN_POINT ( 'NONE',  ( -802.3608228219858300, -55.78052167908376200, -0.0000000000000000000 ) ) ;
#4266 = ORIENTED_EDGE ( 'NONE', *, *, #83, .F. ) ;
#4267 = EDGE_CURVE ( 'NONE', #2045, #4929, #4792, .T. ) ;
#4268 = CARTESIAN_POINT ( 'NONE',  ( -145.5223392714813700, 281.0812802010075900, 239.9999999999999700 ) ) ;
#4269 = CARTESIAN_POINT ( 'NONE',  ( -135.5457493999852500, 316.7100198675891000, -140.1674268814863900 ) ) ;
#4270 = CARTESIAN_POINT ( 'NONE',  ( -543.7093750069233200, -4.444517910330201700, -69.79237180920748100 ) ) ;
#4271 = CARTESIAN_POINT ( 'NONE',  ( -494.0233976797541700, 33.33915645715868000, 650.0000000000000000 ) ) ;
#4272 = CARTESIAN_POINT ( 'NONE',  ( -5.573319583618285800E-011, 121.9207799509685800, 129.2445991789948000 ) ) ;
#4273 = CARTESIAN_POINT ( 'NONE',  ( -1016.869336485797900, 0.3136793771081739000, 6.841688537813736200 ) ) ;
#4274 = DIRECTION ( 'NONE',  ( 0.0000000000000000000, -1.000000000000000000, 0.0000000000000000000 ) ) ;
#4275 = CARTESIAN_POINT ( 'NONE',  ( -939.7653739017807800, 5.901642096336633600, -63.03353704111203400 ) ) ;
#4276 = CARTESIAN_POINT ( 'NONE',  ( -769.5060197261552700, -49.25060836388760100, 64.68821729051977300 ) ) ;
#4277 = CARTESIAN_POINT ( 'NONE',  ( -858.5764169975314000, 36.83127680261797100, 114.5621413703674700 ) ) ;
#4278 = CARTESIAN_POINT ( 'NONE',  ( -165.1014110735630700, 320.4710958597953500, 239.9999999999998900 ) ) ;
#4279 = B_SPLINE_CURVE_WITH_KNOTS ( 'NONE', 3,
 ( #6795, #5156, #2998, #1881, #6274, #4019 ),
 .UNSPECIFIED., .F., .F.,
 ( 4, 1, 1, 4 ),
 ( 0.0000000000000000000, 0.08409707550759747100, 0.1681940720496415700, 1.000000000000000000 ),
 .UNSPECIFIED. ) ;
#4280 = CARTESIAN_POINT ( 'NONE',  ( -469.0710157804053900, 28.03962429833553600, 71.65342119842550500 ) ) ;
#4281 = CARTESIAN_POINT ( 'NONE',  ( -731.8160522515228200, 51.44833815626905200, 120.2917445594590500 ) ) ;
#4282 = CARTESIAN_POINT ( 'NONE',  ( -1024.906767650361200, 39.20486003509097400, 51.86631233005532200 ) ) ;
#4283 = CARTESIAN_POINT ( 'NONE',  ( -366.0172453933366800, 121.2709318782747800, 509.5164487769175700 ) ) ;
#4284 = ORIENTED_EDGE ( 'NONE', *, *, #4253, .F. ) ;
#4285 = DIRECTION ( 'NONE',  ( -0.9198012361607417200, 0.0000000000000000000, 0.3923846148324008400 ) ) ;
#4286 = CARTESIAN_POINT ( 'NONE',  ( -1009.325440621710100, 0.7376511482293538500, -36.58452871476419000 ) ) ;
#4287 = CARTESIAN_POINT ( 'NONE',  ( -856.1052109713358500, 72.70716347706545000, -114.8324534550013400 ) ) ;
#4288 = CARTESIAN_POINT ( 'NONE',  ( -165.2941481615686400, 283.5875005157224100, 240.0000000000000000 ) ) ;
#4289 = EDGE_CURVE ( 'NONE', #4929, #4028, #908, .T. ) ;
#4290 = CARTESIAN_POINT ( 'NONE',  ( -184.1128010863145100, 293.1021057217007000, -138.5485251586086700 ) ) ;
#4291 = DIRECTION ( 'NONE',  ( 0.9108497937590116500, 0.1391731009600654100, -0.3885659547339750400 ) ) ;
#4292 = CARTESIAN_POINT ( 'NONE',  ( -131.5763658369161500, 282.6538036120340400, 239.9999999999999400 ) ) ;
#4293 = CARTESIAN_POINT ( 'NONE',  ( -88.68346670404344000, 310.5249207753435600, -141.7295029713510200 ) ) ;
#4294 = CARTESIAN_POINT ( 'NONE',  ( -1056.237983233738800, -1.898863742395276600, 35.13686021167535500 ) ) ;
#4295 = EDGE_LOOP ( 'NONE', ( #6616, #1610, #2720, #1701, #2935, #6443, #224, #489 ) ) ;
#4296 = AXIS2_PLACEMENT_3D ( 'NONE', #4053, #6176, #771 ) ;
#4297 = CARTESIAN_POINT ( 'NONE',  ( -516.1611622597005200, 10.16888668989803100, -210.4185866888561500 ) ) ;
#4298 = CARTESIAN_POINT ( 'NONE',  ( -800.9008742536769900, -73.04092033456127800, 62.35015373822300700 ) ) ;
#4299 = CARTESIAN_POINT ( 'NONE',  ( -1017.022520451041000, 0.3050703403158152600, 1.714539480327813600 ) ) ;
#4300 = DIRECTION ( 'NONE',  ( -1.000000000000000000, 0.0000000000000000000, 0.0000000000000000000 ) ) ;
#4301 = CARTESIAN_POINT ( 'NONE',  ( -931.6619634569149200, 6.695224595472745400, -69.65681789226260900 ) ) ;
#4302 = ORIENTED_EDGE ( 'NONE', *, *, #734, .T. ) ;
#4303 = ORIENTED_EDGE ( 'NONE', *, *, #2738, .T. ) ;
#4304 = CARTESIAN_POINT ( 'NONE',  ( -857.3882175796899200, 37.44694178525199400, 114.6823972290510300 ) ) ;
#4305 = CARTESIAN_POINT ( 'NONE',  ( -153.1429351109055700, 322.7903606903663000, 239.9999999999999700 ) ) ;
#4306 = ORIENTED_EDGE ( 'NONE', *, *, #5563, .T. ) ;
#4307 = CARTESIAN_POINT ( 'NONE',  ( -344.9798420320378200, 113.8747192612501500, -650.0000000000000000 ) ) ;
#4308 = CARTESIAN_POINT ( 'NONE',  ( -721.5093510031267700, -27.39914864066261700, -0.0000000000000000000 ) ) ;
#4309 = CARTESIAN_POINT ( 'NONE',  ( -1022.132389499899300, 40.18151682449782700, 55.77750078368767100 ) ) ;
#4310 = VERTEX_POINT ( 'NONE', #4458 ) ;
#4311 = CARTESIAN_POINT ( 'NONE',  ( -352.0658689731510500, 113.6354625074090000, 594.0041901475590300 ) ) ;
#4312 = CARTESIAN_POINT ( 'NONE',  ( -1039.273509296891200, -0.9454494600902895200, -46.55409187755806500 ) ) ;
#4313 = EDGE_CURVE ( 'NONE', #178, #5499, #4660, .T. ) ;
#4314 = CARTESIAN_POINT ( 'NONE',  ( -728.7584339923088200, 26.64755037701986500, -97.35479187488546400 ) ) ;
#4315 = CARTESIAN_POINT ( 'NONE',  ( -163.9163462205502500, 283.1808106642623700, 240.0000000000000600 ) ) ;
#4316 = CARTESIAN_POINT ( 'NONE',  ( -709.1703351470584900, -0.04318167806762227700, -671.5802090930476400 ) ) ;
#4317 = CARTESIAN_POINT ( 'NONE',  ( -547.3584627576189000, 35.80050797187922700, -842.5006205102315600 ) ) ;
#4318 = EDGE_LOOP ( 'NONE', ( #5593, #5439, #2075, #3097 ) ) ;
#4319 =( BOUNDED_CURVE ( )  B_SPLINE_CURVE ( 3, ( #5249, #3082, #6926, #2493 ),
 .UNSPECIFIED., .F., .F. ) 
 B_SPLINE_CURVE_WITH_KNOTS ( ( 4, 4 ),
 ( 5.041869326281659600, 5.621984804581030600 ),
 .UNSPECIFIED. ) 
 CURVE ( )  GEOMETRIC_REPRESENTATION_ITEM ( )  RATIONAL_B_SPLINE_CURVE ( ( 1.000000000000000000, 0.9721515755180512000, 0.9721515755180512000, 1.000000000000000000 ) ) 
 REPRESENTATION_ITEM ( '' )  );
#4320 = CARTESIAN_POINT ( 'NONE',  ( -69.56256237880973000, 291.0318819478782200, 240.0000000000000000 ) ) ;
#4321 = CARTESIAN_POINT ( 'NONE',  ( -146.7944606443235500, 317.8569347971870800, -139.7924698400084900 ) ) ;
#4322 = CARTESIAN_POINT ( 'NONE',  ( -704.3951095136276300, 14.86145999664160500, 814.4674589638898400 ) ) ;
#4323 = VECTOR ( 'NONE', #4426, 1000.000000000000000 ) ;
#4324 = CARTESIAN_POINT ( 'NONE',  ( -938.1650213226174600, -42.88749512045819000, -53.53073804037050800 ) ) ;
#4325 = CARTESIAN_POINT ( 'NONE',  ( -886.8591146803352100, 27.32148761769655800, -110.9491800667070300 ) ) ;
#4326 = CARTESIAN_POINT ( 'NONE',  ( -1016.486699085445400, 0.3351838436659470600, 11.95872374138483500 ) ) ;
#4327 = CARTESIAN_POINT ( 'NONE',  ( -258.7992690864780900, 40.39804840806844800, -685.0000000000000000 ) ) ;
#4328 = FACE_OUTER_BOUND ( 'NONE', #7058, .T. ) ;
#4329 = CARTESIAN_POINT ( 'NONE',  ( -874.6495932217510500, 31.04987214811984600, 112.6838542788469400 ) ) ;
#4330 = CARTESIAN_POINT ( 'NONE',  ( -151.6709158667303800, 322.9053225398940900, 240.0000000000000000 ) ) ;
#4331 = CARTESIAN_POINT ( 'NONE',  ( -5.573319583618286500E-011, 123.3824078117248900, -132.1800321732560200 ) ) ;
#4332 = CARTESIAN_POINT ( 'NONE',  ( -598.0982651880275400, -23.16055610677338100, 36.89919930641298200 ) ) ;
#4333 = CARTESIAN_POINT ( 'NONE',  ( -157.1660011963851700, 319.4917124422457300, -137.9225819429058500 ) ) ;
#4334 = EDGE_CURVE ( 'NONE', #4207, #1827, #5614, .T. ) ;
#4335 = FACE_OUTER_BOUND ( 'NONE', #6695, .T. ) ;
#4336 = CARTESIAN_POINT ( 'NONE',  ( -452.3121918719482400, 65.16824894476499700, 373.9673483437173300 ) ) ;
#4337 = CARTESIAN_POINT ( 'NONE',  ( -447.9801092901970500, 49.83749238180580900, 373.9530545154048600 ) ) ;
#4338 = VERTEX_POINT ( 'NONE', #4527 ) ;
#4339 = CARTESIAN_POINT ( 'NONE',  ( -258.7992690864780300, -32.11215725859787500, 859.4693845669907000 ) ) ;
#4340 = CARTESIAN_POINT ( 'NONE',  ( -162.2534823588515600, 282.7478952095996800, 240.0000000000000000 ) ) ;
#4341 = VECTOR ( 'NONE', #2310, 1000.000000000000000 ) ;
#4342 = CARTESIAN_POINT ( 'NONE',  ( -161.8570337720875000, 277.4729336593404700, -139.2903840690830200 ) ) ;
#4343 = CARTESIAN_POINT ( 'NONE',  ( -970.5218452665625400, -46.52138065281850000, 62.35021923255894900 ) ) ;
#4344 = CARTESIAN_POINT ( 'NONE',  ( -368.6035303390935400, 36.19486180224466000, -874.8896378907579700 ) ) ;
#4345 = CARTESIAN_POINT ( 'NONE',  ( -45.62769052380171100, 294.6893858310439200, 240.0000000000000000 ) ) ;
#4346 = CARTESIAN_POINT ( 'NONE',  ( -184.6267484020529500, 297.3319171099013300, -138.5313935814174300 ) ) ;
#4347 = ORIENTED_EDGE ( 'NONE', *, *, #5016, .T. ) ;
#4348 = CARTESIAN_POINT ( 'NONE',  ( -699.2537027341487600, 28.16431609973958000, 835.1075866775646500 ) ) ;
#4349 = FACE_OUTER_BOUND ( 'NONE', #558, .T. ) ;
#4350 = CARTESIAN_POINT ( 'NONE',  ( -936.2557598344071700, -43.17880302047679200, -51.66424913355589200 ) ) ;
#4351 = CARTESIAN_POINT ( 'NONE',  ( -357.3134824944481200, 36.40345366485924200, 873.9337618118877300 ) ) ;
#4352 = CARTESIAN_POINT ( 'NONE',  ( -930.2000504294431900, 7.164169077462492700, -69.74121535644221100 ) ) ;
#4353 = CARTESIAN_POINT ( 'NONE',  ( -938.1738825775873900, 6.057499888682240700, -65.96166516115785300 ) ) ;
#4354 = CARTESIAN_POINT ( 'NONE',  ( -587.9891637241611300, 36.25976149783838300, -844.4600299651675600 ) ) ;
#4355 = ORIENTED_EDGE ( 'NONE', *, *, #2990, .T. ) ;
#4356 = CARTESIAN_POINT ( 'NONE',  ( -159.0272843291928700, 321.9592040188130700, 240.0000000000000000 ) ) ;
#4357 = CARTESIAN_POINT ( 'NONE',  ( -780.2033681365539900, 125.3471317657670300, -94.42791072771088100 ) ) ;
#4358 = CARTESIAN_POINT ( 'NONE',  ( -649.9113391822240800, -19.22954615721651800, 269.7564038647546500 ) ) ;
#4359 = CARTESIAN_POINT ( 'NONE',  ( -418.4486822469645500, 71.87170263032061300, -650.0000000000000000 ) ) ;
#4360 = CARTESIAN_POINT ( 'NONE',  ( -588.4213002791508400, 62.56242444261022900, 839.4787391688137200 ) ) ;
#4361 = ORIENTED_EDGE ( 'NONE', *, *, #3808, .T. ) ;
#4362 = CARTESIAN_POINT ( 'NONE',  ( -110.4287047268469500, 313.4778319254067500, -239.9999999999998000 ) ) ;
#4363 = CARTESIAN_POINT ( 'NONE',  ( -713.8490970536408900, -19.36790809068365200, -694.3009520048759700 ) ) ;
#4364 = CARTESIAN_POINT ( 'NONE',  ( -979.4838755031083800, -40.41972416319696700, -0.0000000000000000000 ) ) ;
#4365 = DIRECTION ( 'NONE',  ( 1.000000000000000000, 0.0000000000000000000, 0.0000000000000000000 ) ) ;
#4366 = CARTESIAN_POINT ( 'NONE',  ( -113.6097962821062300, 284.9908237757883300, 240.0000000000000000 ) ) ;
#4367 = CARTESIAN_POINT ( 'NONE',  ( -182.2875675152591800, 304.5029352146149200, -138.6093662776438600 ) ) ;
#4368 = CARTESIAN_POINT ( 'NONE',  ( -939.3835861344028900, -42.73528428484207400, -63.97209038908314900 ) ) ;
#4369 = DIRECTION ( 'NONE',  ( 0.0000000000000000000, 0.0000000000000000000, 1.000000000000000000 ) ) ;
#4370 = AXIS2_PLACEMENT_3D ( 'NONE', #6389, #4199, #3685 ) ;
#4371 = CARTESIAN_POINT ( 'NONE',  ( -930.3353973518014800, 6.825137753904936500, -69.74308191163672200 ) ) ;
#4372 = CARTESIAN_POINT ( 'NONE',  ( -179.0483017427297900, 313.3103742324012200, 239.9999999999999400 ) ) ;
#4373 = ORIENTED_EDGE ( 'NONE', *, *, #614, .T. ) ;
#4374 = CARTESIAN_POINT ( 'NONE',  ( -5.573319583618284500E-011, 124.7857679016602100, -134.2258935389728500 ) ) ;
#4375 = CARTESIAN_POINT ( 'NONE',  ( -713.0413427885596300, -15.52452550545805100, -788.1025914661611300 ) ) ;
#4376 = CARTESIAN_POINT ( 'NONE',  ( -1004.508166210119600, 19.88191308001096400, -37.02459158161067900 ) ) ;
#4377 = VERTEX_POINT ( 'NONE', #3864 ) ;
#4378 = B_SPLINE_CURVE_WITH_KNOTS ( 'NONE', 3,
 ( #1413, #822, #6224, #2949, #3515, #3501, #214, #1875, #4747, #6372, #444, #2042, #5319, #3072, #6341, #1467, #6886, #1543, #4826, #364, #4263, #5296, #2622, #1000, #5870, #1493, #6446, #1962, #4236, #3177, #6997, #3152, #3642, #2594, #2018, #977, #5895, #3723, #2537, #4799, #5848, #2512, #4187, #928, #4777, #6425, #2068, #2565, #331, #3614, #4160, #6971, #5791, #899, #4716, #6399, #1442, #5270, #1990, #3695, #5821, #3100, #5345, #952, #420, #6917, #3127, #6942, #1521, #3673, #391, #4212, #4288, #523, #2672, #1031, #4315, #1053, #1622, #1571, #4340, #4879, #5400, #5446, #1593, #3751, #5423, #6472, #2146, #2122, #4900, #2166, #6526, #3252, #1078, #3198, #2651, #5371, #3775, #2096, #3223, #4853, #492, #7048, #5918, #5967, #6502, #7024, #7072, #3795, #5943, #2695, #469, #1162, #5032, #5112, #241, #1434, #5838, #1471, #3227, #2021, #5946, #4803, #1498, #7054, #4268, #6507, #980, #2676, #6945, #4779, #3678, #3779, #2100, #1523, #4239, #1004, #4752, #6427, #3156, #5404, #5322, #424, #6477, #5377, #5348, #2046, #5921, #4215, #5899, #2626, #5851, #4190, #2125, #7001, #5300, #2072, #2570, #3179, #6976, #4830, #3727, #6449, #933, #1546, #447, #7027, #2655, #5872, #6404, #3699, #3202, #3754, #2599, #472, #4292, #1035, #4858, #1575, #3130, #396, #955, #527, #2196, #6018, #2149, #2242, #1699, #3298, #1599, #550, #1057, #6579, #3277, #5429, #5972, #4366, #5522, #4386, #2748, #4977, #2700, #3845, #1650, #6532, #3256, #1126, #3346, #4956, #54, #6071, #2793, #2171, #7077, #6621, #3802, #1675, #498, #601, #4320, #4, #572, #4884, #6559, #1102, #5497, #4345, #5993, #2220, #1083, #4413, #4930, #4905, #6044, #2769, #1626, #2721, #1151, #6601, #3321, #5450, #30, #7098, #3866, #3822, #5476, #5572, #5715, #2430, #6242, #6787, #1340, #5545, #1723, #1890, #5050, #4616 ),
 .UNSPECIFIED., .F., .F.,
 ( 4, 1, 1, 1, 2, 2, 1, 1, 1, 2, 2, 1, 1, 1, 2, 2, 1, 1, 1, 2, 2, 1, 1, 1, 2, 2, 1, 1, 1, 2, 2, 1, 1, 1, 1, 2, 2, 1, 1, 1, 1, 2, 2, 1, 1, 1, 1, 2, 2, 1, 1, 1, 1, 2, 2, 1, 1, 1, 2, 2, 1, 1, 1, 2, 2, 1, 1, 1, 2, 2, 1, 1, 1, 2, 2, 1, 1, 1, 1, 2, 2, 1, 1, 1, 1, 2, 2, 1, 1, 1, 1, 2, 2, 1, 1, 1, 1, 1, 2, 2, 1, 1, 1, 1, 1, 2, 2, 1, 1, 1, 1, 2, 2, 1, 1, 1, 1, 1, 1, 1, 2, 2, 1, 1, 1, 1, 1, 1, 1, 1, 2, 2, 1, 1, 1, 1, 1, 1, 1, 2, 2, 1, 1, 1, 1, 1, 1, 1, 1, 2, 2, 1, 1, 1, 1, 1, 1, 1, 1, 2, 2, 1, 1, 1, 1, 1, 1, 1, 1, 1, 2, 2, 1, 1, 1, 1, 1, 1, 1, 1, 2, 2, 1, 1, 1, 1, 1, 1, 1, 2, 2, 1, 1, 1, 1, 2, 2, 4 ),
 ( 0.0000000000000000000, 0.007812499999713956200, 0.01171874999957091100, 0.01367187499949938700, 0.01464843749946362700, 0.01562499999942786600, 0.02343749999914224900, 0.02734374999899991100, 0.02929687499892882900, 0.03027343749889319800, 0.03124999999885756700, 0.03906249999857251700, 0.04296874999842986700, 0.04492187499835841700, 0.04589843749832269600, 0.04687499999828697400, 0.05468749999800727500, 0.05859374999786781000, 0.06054687499779792100, 0.06152343749776333100, 0.06249999999772874700, 0.07031249999745804700, 0.07421874999732286400, 0.07617187499725496000, 0.07714843749722069500, 0.07812499999718644500, 0.08593749999691627200, 0.08984374999678163000, 0.09179687499671439200, 0.09277343749668096100, 0.09374999999664751500, 0.1015624999963803800, 0.1054687499962465900, 0.1074218749961798800, 0.1083984374961467100, 0.1088867187461301100, 0.1093749999961135300, 0.1171874999958457300, 0.1210937499957118200, 0.1230468749956446900, 0.1240234374956112900, 0.1245117187455947600, 0.1249999999955782300, 0.1328124999953124400, 0.1367187499951795200, 0.1386718749951130800, 0.1396484374950798500, 0.1401367187450630300, 0.1406249999950462400, 0.1484374999947706600, 0.1523437499946327900, 0.1542968749945638500, 0.1552734374945291800, 0.1557617187445117800, 0.1562499999944943800, 0.1640624999942214300, 0.1679687499940848700, 0.1699218749940165900, 0.1708984374939827300, 0.1718749999939489000, 0.1796874999936775300, 0.1835937499935420500, 0.1855468749934744100, 0.1865234374934408900, 0.1874999999934073300, 0.1953124999931380400, 0.1992187499930035100, 0.2011718749929364600, 0.2021484374929031500, 0.2031249999928698400, 0.2109374999926011700, 0.2148437499924671100, 0.2167968749924000800, 0.2177734374923663300, 0.2187499999923326100, 0.2265624999920627700, 0.2304687499919281500, 0.2324218749918607900, 0.2333984374918268700, 0.2338867187418096600, 0.2343749999917924500, 0.2421874999915188100, 0.2460937499913817500, 0.2480468749913132000, 0.2490234374912792000, 0.2495117187412621800, 0.2499999999912451700, 0.2578124999909729400, 0.2617187499908366100, 0.2636718749907686100, 0.2646484374907349100, 0.2651367187407180400, 0.2656249999907011600, 0.2734374999904346500, 0.2773437499903014200, 0.2792968749902345300, 0.2802734374902007800, 0.2807617187401836300, 0.2810058593651750800, 0.2812499999901665300, 0.2890624999898939700, 0.2929687499897579700, 0.2949218749896898000, 0.2958984374896558900, 0.2963867187396389000, 0.2966308593646301800, 0.2968749999896214700, 0.3007812499894838600, 0.3027343749894147500, 0.3037109374893802700, 0.3041992187393633400, 0.3044433593643548500, 0.3046874999893463600, 0.3085937499892111900, 0.3105468749891439600, 0.3115234374891101600, 0.3120117187390935600, 0.3122558593640849500, 0.3123779296765808500, 0.3124389648328286800, 0.3124694824109528500, 0.3124999999890770200, 0.3281249999892460500, 0.3359374999893304800, 0.3398437499893728300, 0.3417968749893939800, 0.3427734374894047500, 0.3432617187394100300, 0.3435058593644126900, 0.3436279296769140200, 0.3436889648331646900, 0.3437499999894154100, 0.3593749999895699500, 0.3671874999896472300, 0.3710937499896858100, 0.3730468749897053500, 0.3740234374897148400, 0.3745117187397195600, 0.3747558593647221700, 0.3748779296772237200, 0.3749999999897252700, 0.4062499999901877900, 0.4218749999904191100, 0.4296874999905346800, 0.4335937499905926400, 0.4355468749906215000, 0.4365234374906359300, 0.4370117187406431500, 0.4372558593656469300, 0.4373779296781488700, 0.4374999999906507600, 0.4687499999911479700, 0.4843749999913966000, 0.4921874999915210600, 0.4960937499915834000, 0.4980468749916146500, 0.4990234374916302500, 0.4995117187416380800, 0.4997558593666420700, 0.4998779296791440200, 0.4999999999916459000, 0.5624999999926529900, 0.5937499999931564700, 0.6093749999934082700, 0.6171874999935341700, 0.6210937499935972300, 0.6230468749936287600, 0.6240234374936444200, 0.6245117187436521900, 0.6247558593686559600, 0.6248779296811579600, 0.6249999999936599600, 0.6874999999947223300, 0.7187499999952534600, 0.7343749999955191400, 0.7421874999956520300, 0.7460937499957184200, 0.7480468749957516200, 0.7490234374957682700, 0.7495117187457766000, 0.7497558593707807100, 0.7499999999957848200, 0.8124999999968222100, 0.8437499999973410200, 0.8593749999976003600, 0.8671874999977300400, 0.8710937499977948800, 0.8730468749978271800, 0.8740234374978433900, 0.8745117187478516100, 0.8749999999978598200, 0.9062499999983967300, 0.9218749999986654000, 0.9296874999987996300, 0.9335937499988669100, 0.9355468749989005500, 0.9374999999989341900, 1.000000000000000000 ),
 .UNSPECIFIED. ) ;
#4379 = CARTESIAN_POINT ( 'NONE',  ( -1028.621096614630900, 27.70685165554548500, -42.12062989957156800 ) ) ;
#4380 = CARTESIAN_POINT ( 'NONE',  ( -1009.934110109096900, 21.48676239059104600, 71.11996021954634300 ) ) ;
#4381 = EDGE_CURVE ( 'NONE', #4028, #660, #2640, .T. ) ;
#4382 = CARTESIAN_POINT ( 'NONE',  ( -934.5321036295572400, -43.50712417894578000, 68.83412282628225400 ) ) ;
#4383 = ORIENTED_EDGE ( 'NONE', *, *, #6998, .F. ) ;
#4384 = PLANE ( 'NONE',  #6030 ) ;
#4385 = CARTESIAN_POINT ( 'NONE',  ( -530.2020976964985300, 0.2943142993471342700, 0.0000000000000000000 ) ) ;
#4386 = CARTESIAN_POINT ( 'NONE',  ( -111.0814702798695100, 285.3231389869952200, 239.9999999999999400 ) ) ;
#4387 = CARTESIAN_POINT ( 'NONE',  ( -714.6475463938836600, -23.51069880383141400, 765.4299672591978400 ) ) ;
#4388 = EDGE_LOOP ( 'NONE', ( #2248, #4909, #127, #4255 ) ) ;
#4389 = CARTESIAN_POINT ( 'NONE',  ( -699.9113841578331400, 26.57947732939449300, 831.5050061413632000 ) ) ;
#4390 = AXIS2_PLACEMENT_3D ( 'NONE', #5591, #3909, #4595 ) ;
#4391 = EDGE_LOOP ( 'NONE', ( #4790, #2932 ) ) ;
#4392 = CARTESIAN_POINT ( 'NONE',  ( -770.0781440828610600, -48.81333152918462300, -54.73844108900409100 ) ) ;
#4393 = CARTESIAN_POINT ( 'NONE',  ( -716.3715562709936600, -34.11348164961818700, 721.6458995980235600 ) ) ;
#4394 = CARTESIAN_POINT ( 'NONE',  ( -937.7430954653701700, 6.099687695339030200, -53.03072656748536700 ) ) ;
#4395 = EDGE_CURVE ( 'NONE', #1154, #5044, #1092, .T. ) ;
#4396 = ORIENTED_EDGE ( 'NONE', *, *, #5514, .F. ) ;
#4397 = CARTESIAN_POINT ( 'NONE',  ( -14.62674840205289900, 296.8509855691290200, 124.8134416622476700 ) ) ;
#4398 = CARTESIAN_POINT ( 'NONE',  ( -27.55198480395189600, 306.0805170852739800, 143.7672190346873700 ) ) ;
#4399 = EDGE_LOOP ( 'NONE', ( #6314, #2699, #2404, #4557, #2602 ) ) ;
#4400 = CARTESIAN_POINT ( 'NONE',  ( -184.6267484020527500, 302.9305751101128400, 240.0000000000000000 ) ) ;
#4401 =( BOUNDED_CURVE ( )  B_SPLINE_CURVE ( 3, ( #3482, #5110, #5698, #6751 ),
 .UNSPECIFIED., .F., .F. ) 
 B_SPLINE_CURVE_WITH_KNOTS ( ( 4, 4 ),
 ( 5.041000734070402200, 5.041869326281681800 ),
 .UNSPECIFIED. ) 
 CURVE ( )  GEOMETRIC_REPRESENTATION_ITEM ( )  RATIONAL_B_SPLINE_CURVE ( ( 1.000000000000000000, 0.9999999371289650700, 0.9999999371289650700, 1.000000000000000000 ) ) 
 REPRESENTATION_ITEM ( '' )  );
#4402 = CARTESIAN_POINT ( 'NONE',  ( -820.9436691098554800, 111.0054344955169200, -92.64782683238642800 ) ) ;
#4403 = CARTESIAN_POINT ( 'NONE',  ( -347.8183075493971000, -77.57978771338689200, -877.8983430316171700 ) ) ;
#4404 = CARTESIAN_POINT ( 'NONE',  ( -497.7996294928674400, 48.47557972013054000, 576.2282484482782400 ) ) ;
#4405 = EDGE_CURVE ( 'NONE', #3873, #134, #3189, .T. ) ;
#4406 = CARTESIAN_POINT ( 'NONE',  ( -488.6698759689920200, 3.216029123472907300, 210.1442394422553000 ) ) ;
#4407 = CARTESIAN_POINT ( 'NONE',  ( -921.5967147852348900, 11.98000990660728400, -98.47406503321887800 ) ) ;
#4408 = CARTESIAN_POINT ( 'NONE',  ( -774.0642468253603300, 23.59035881302534000, -479.9273741711696200 ) ) ;
#4409 = CARTESIAN_POINT ( 'NONE',  ( -17.40817786358461900, 295.2474775137955000, -144.1053459326996900 ) ) ;
#4410 = VECTOR ( 'NONE', #6212, 1000.000000000000000 ) ;
#4411 = DIRECTION ( 'NONE',  ( 0.9952388894613625200, 0.09746564986554909200, 0.0000000000000000000 ) ) ;
#4412 = CARTESIAN_POINT ( 'NONE',  ( -342.6364562004772000, 111.5216994009667200, -650.0000000000000000 ) ) ;
#4413 = CARTESIAN_POINT ( 'NONE',  ( -42.44926926150518700, 295.2154356479820800, 239.9999999999999400 ) ) ;
#4414 = CARTESIAN_POINT ( 'NONE',  ( -1043.268415837699400, -1.169965762017712000, -43.92755575091424400 ) ) ;
#4415 = CARTESIAN_POINT ( 'NONE',  ( -705.0678767469052000, 12.94002057090459500, 906.3933866245290600 ) ) ;
#4416 = CARTESIAN_POINT ( 'NONE',  ( -769.9173694681089700, -48.79992306192293900, -54.74786995753967700 ) ) ;
#4417 = FACE_OUTER_BOUND ( 'NONE', #5247, .T. ) ;
#4418 = CARTESIAN_POINT ( 'NONE',  ( -715.4873740225858700, -28.29992610913496500, 700.8970613502011700 ) ) ;
#4419 = CARTESIAN_POINT ( 'NONE',  ( -935.4264644463288500, 6.326559806307019900, -51.13424768470842000 ) ) ;
#4420 = FILL_AREA_STYLE_COLOUR ( '', #2218 ) ;
#4421 = CARTESIAN_POINT ( 'NONE',  ( -695.3498951670795800, 37.00424895828992800, 870.9143178242518400 ) ) ;
#4422 = AXIS2_PLACEMENT_3D ( 'NONE', #3157, #3648, #5823 ) ;
#4423 = CARTESIAN_POINT ( 'NONE',  ( -918.9483379989701500, 76.50511764219056900, -81.22163257603104100 ) ) ;
#4424 = VERTEX_POINT ( 'NONE', #98 ) ;
#4425 = CARTESIAN_POINT ( 'NONE',  ( -971.5260301608118400, 22.89356240254238600, -68.60026894045670100 ) ) ;
#4426 = DIRECTION ( 'NONE',  ( -0.0000000000000000000, 1.000000000000000000, -0.0000000000000000000 ) ) ;
#4427 = B_SPLINE_CURVE_WITH_KNOTS ( 'NONE', 3,
 ( #6699, #1824, #5066, #5666, #1252, #2322, #159, #3986, #3495, #138, #2386, #2919, #6719, #4502, #5100, #6155, #2943, #2365, #4567, #6216, #1235, #6761, #205, #1293, #3413, #5046, #3452, #6133, #4524, #120, #692, #2344, #1789, #3969, #710, #5087, #5629, #1275, #730, #6174, #4545, #1868 ),
 .UNSPECIFIED., .F., .F.,
 ( 4, 2, 2, 2, 2, 2, 2, 2, 2, 2, 2, 2, 2, 2, 2, 2, 2, 2, 2, 2, 4 ),
 ( 0.0000000000000000000, 0.0004793661917027108400, 0.0009587323834054216800, 0.001917464766810520000, 0.002876197150215618600, 0.003355563341918304600, 0.003834929533620989800, 0.004793661917026606000, 0.005752394300432221700, 0.006711126683837837500, 0.007190492875540667500, 0.007669859067243497500, 0.008628591450649137500, 0.009587323834054776700, 0.01054605621746041600, 0.01150478860086607200, 0.01246352098427173100, 0.01342225336767738500, 0.01438098575108304200, 0.01486035194278571500, 0.01533971813448838800 ),
 .UNSPECIFIED. ) ;
#4428 = EDGE_CURVE ( 'NONE', #5742, #4891, #5097, .T. ) ;
#4429 = CIRCLE ( 'NONE', #630, 84.99999999999997200 ) ;
#4430 = CARTESIAN_POINT ( 'NONE',  ( -967.1721959748000500, 3.217639539380632300, -71.92203348402662800 ) ) ;
#4431 = CARTESIAN_POINT ( 'NONE',  ( -463.5651015542642900, 17.47342239933954000, 209.7805853195551700 ) ) ;
#4432 = CARTESIAN_POINT ( 'NONE',  ( -14.62674840205215400, 301.1043781108963900, -239.9999999999998900 ) ) ;
#4433 = VERTEX_POINT ( 'NONE', #2284 ) ;
#4434 = DIRECTION ( 'NONE',  ( 0.0000000000000000000, 1.000000000000000000, 0.0000000000000000000 ) ) ;
#4435 = LINE ( 'NONE', #4617, #502 ) ;
#4436 = CARTESIAN_POINT ( 'NONE',  ( -66.26700916630235800, 286.3458158754500000, -142.4767182226091200 ) ) ;
#4437 = AXIS2_PLACEMENT_3D ( 'NONE', #2717, #347, #4128 ) ;
#4438 = CARTESIAN_POINT ( 'NONE',  ( -345.2162486971475300, 117.3747192612501500, 650.0000000000000000 ) ) ;
#4439 = ORIENTED_EDGE ( 'NONE', *, *, #4267, .F. ) ;
#4440 = CARTESIAN_POINT ( 'NONE',  ( -721.5093510031267700, -27.39914864066250600, -0.0000000000000000000 ) ) ;
#4441 = CARTESIAN_POINT ( 'NONE',  ( -966.0375125829712000, -38.04515784016415800, -0.0000000000000000000 ) ) ;
#4442 = CARTESIAN_POINT ( 'NONE',  ( -916.1761530242782800, 26.27102378859763500, -105.6062142766411800 ) ) ;
#4443 = CARTESIAN_POINT ( 'NONE',  ( -731.8151122645202800, 51.43873704579164800, -120.2917647316887700 ) ) ;
#4444 = CARTESIAN_POINT ( 'NONE',  ( -347.8183075493971600, 35.41838020342046900, -877.8983430316174000 ) ) ;
#4445 = ORIENTED_EDGE ( 'NONE', *, *, #3101, .F. ) ;
#4446 = CARTESIAN_POINT ( 'NONE',  ( -702.9667470642439200, 18.87204412824041100, 654.8869434670770000 ) ) ;
#4447 = CARTESIAN_POINT ( 'NONE',  ( -938.3746904046397500, 6.037834393725156600, -53.80605784399198700 ) ) ;
#4448 = CARTESIAN_POINT ( 'NONE',  ( -698.0322221400938400, 31.03939465655172100, 889.7954423241928900 ) ) ;
#4449 = CARTESIAN_POINT ( 'NONE',  ( -494.6848649354404900, 50.80317598489592300, -650.0000000000000000 ) ) ;
#4450 = CARTESIAN_POINT ( 'NONE',  ( -714.6381003620734900, -23.44951066132704300, -691.3663725417822000 ) ) ;
#4451 = CARTESIAN_POINT ( 'NONE',  ( -594.6987467823856800, -29.35557712495107200, 0.0000000000000000000 ) ) ;
#4452 = EDGE_CURVE ( 'NONE', #2413, #1614, #993, .T. ) ;
#4453 = CARTESIAN_POINT ( 'NONE',  ( -258.7992690864780300, 40.39804840806846200, 655.0000000000000000 ) ) ;
#4454 = CARTESIAN_POINT ( 'NONE',  ( -1030.025612621816400, 35.79771259898687000, -15.03253103448610300 ) ) ;
#4455 = CARTESIAN_POINT ( 'NONE',  ( -20.27987899955033800, 304.4361768772553800, 239.9999999999999700 ) ) ;
#4456 = CARTESIAN_POINT ( 'NONE',  ( -970.5218452665625400, -46.52138065281847900, -62.35021923255894900 ) ) ;
#4457 = CARTESIAN_POINT ( 'NONE',  ( -16.07339118593051800, 295.7345216835909100, -144.1498388219548300 ) ) ;
#4458 = CARTESIAN_POINT ( 'NONE',  ( -1004.167345983600700, 1.027539364971651300, 44.51969783023805900 ) ) ;
#4459 = DIRECTION ( 'NONE',  ( -0.0000000000000000000, -0.0000000000000000000, 1.000000000000000000 ) ) ;
#4460 = CARTESIAN_POINT ( 'NONE',  ( 465.9699137599472500, -101.6600000000000000, -1100.000000000000000 ) ) ;
#4461 = ORIENTED_EDGE ( 'NONE', *, *, #1716, .F. ) ;
#4462 = CARTESIAN_POINT ( 'NONE',  ( -141.9055952027727300, 322.6817795629038400, 139.9554320213935600 ) ) ;
#4463 = CARTESIAN_POINT ( 'NONE',  ( -766.2228024940204700, -48.48489451283078500, -62.74106886667761500 ) ) ;
#4464 = CARTESIAN_POINT ( 'NONE',  ( -716.1165668082969700, -32.35161321989312500, 713.2263547366668500 ) ) ;
#4465 = DIRECTION ( 'NONE',  ( -0.5385643568985997200, -0.1895893447681803500, -0.8209776573261722300 ) ) ;
#4466 = B_SPLINE_CURVE_WITH_KNOTS ( 'NONE', 3,
 ( #5577, #2829, #3350, #11, #6605, #3329, #2849, #6653, #3852, #3397, #1705, #4487, #1682, #105, #6050, #1222, #36, #5503, #1157, #607, #4983, #5528, #62, #3893, #5007, #6093, #5054, #2395 ),
 .UNSPECIFIED., .F., .F.,
 ( 4, 2, 2, 2, 2, 2, 2, 2, 2, 2, 2, 2, 2, 4 ),
 ( 0.008037497959360087200, 0.009336271267033161400, 0.01063504457470623400, 0.01323259119005225900, 0.01583013780539828400, 0.01842768442074430700, 0.02362277765143628100, 0.02622032426678230100, 0.02881787088212831700, 0.03401296411282028100, 0.03920805734351223700, 0.04440315057420420000, 0.04700069718955017500, 0.04959824380489615000 ),
 .UNSPECIFIED. ) ;
#4467 = ORIENTED_EDGE ( 'NONE', *, *, #2334, .T. ) ;
#4468 = EDGE_CURVE ( 'NONE', #4486, #2136, #286, .T. ) ;
#4469 = CARTESIAN_POINT ( 'NONE',  ( -705.2963764212198600, 12.27854128790551000, 913.6641501442022700 ) ) ;
#4470 = CARTESIAN_POINT ( 'NONE',  ( -716.4664068897483300, -34.80474235148028600, -738.8793692119489800 ) ) ;
#4471 = CARTESIAN_POINT ( 'NONE',  ( -769.7567130265895200, 22.55091574353121300, 54.75612287880492300 ) ) ;
#4472 = DIRECTION ( 'NONE',  ( 0.0000000000000000000, 0.0000000000000000000, -1.000000000000000000 ) ) ;
#4473 = ORIENTED_EDGE ( 'NONE', *, *, #4913, .F. ) ;
#4474 = VERTEX_POINT ( 'NONE', #646 ) ;
#4475 = CARTESIAN_POINT ( 'NONE',  ( -969.8308515967182800, 2.957272304234564800, -68.93093529213737700 ) ) ;
#4476 = CARTESIAN_POINT ( 'NONE',  ( -706.7668926889495000, 7.809641298080326700, 916.9693845669907000 ) ) ;
#4477 = ORIENTED_EDGE ( 'NONE', *, *, #5714, .F. ) ;
#4478 = CARTESIAN_POINT ( 'NONE',  ( -765.8756144972705900, 22.93099915300997800, 57.27190889236442900 ) ) ;
#4479 = CARTESIAN_POINT ( 'NONE',  ( -128.1673155936132700, 277.9449854739640400, -140.4133746750320300 ) ) ;
#4480 = CARTESIAN_POINT ( 'NONE',  ( -731.8165205886455200, 51.46764385215513500, -120.2917345085309900 ) ) ;
#4481 = CARTESIAN_POINT ( 'NONE',  ( -907.7336532594164300, 23.26329343565628300, -107.3075677211247600 ) ) ;
#4482 = VERTEX_POINT ( 'NONE', #5021 ) ;
#4483 = CARTESIAN_POINT ( 'NONE',  ( -713.8981432843653500, -19.57241999700707800, 773.5970355707286200 ) ) ;
#4484 = CARTESIAN_POINT ( 'NONE',  ( -174.0990271970806300, 338.7123932947607200, 114.5752099063322500 ) ) ;
#4485 = CARTESIAN_POINT ( 'NONE',  ( -696.5525605907316700, 34.37610153710661400, 650.5168418292771500 ) ) ;
#4486 = VERTEX_POINT ( 'NONE', #1339 ) ;
#4487 = CARTESIAN_POINT ( 'NONE',  ( -173.0887365068604700, 317.3384527356674900, 138.9159939779239600 ) ) ;
#4488 = B_SPLINE_CURVE_WITH_KNOTS ( 'NONE', 3,
 ( #6367, #3609, #4796, #3669, #4742, #3067, #1515, #3122, #5342, #6967, #415, #327, #302, #3691, #5291, #5760, #6420, #948, #3093, #6911, #355, #2531, #4709, #3638, #6393, #1957, #1409, #2479, #971, #5842, #6315, #5234, #3147, #894, #4688, #4155, #5786, #3037, #387, #4183, #4206, #5867, #2508, #4124, #861, #4233, #6882, #6854, #921, #1462, #3587, #1437, #6936, #6336, #2012, #2560, #5265, #4772, #1983, #1490, #5314, #2038, #2589, #2301, #7080, #1602, #3601, #1446, #4696, #4804, #6346, #5274 ),
 .UNSPECIFIED., .F., .F.,
 ( 4, 2, 2, 2, 2, 2, 2, 2, 2, 2, 2, 2, 2, 2, 2, 2, 2, 2, 2, 2, 2, 2, 2, 2, 2, 2, 2, 2, 2, 2, 2, 2, 2, 2, 2, 4 ),
 ( 0.0000000000000000000, 0.0001796533707315271000, 0.0003593067414630542000, 0.0007186134829262321000, 0.001437226965852497200, 0.002874453931705029000, 0.004311680897557561300, 0.005748907863410092700, 0.008623361795115197200, 0.01149781572682030300, 0.01724672359023047800, 0.02299563145364064100, 0.03449344718046096900, 0.04599126290728129700, 0.06898689436092195200, 0.09198252581456260700, 0.1149781572682032800, 0.1207270651316134600, 0.1264759729950236700, 0.1322248808584338400, 0.1379737887218440400, 0.1437226965852542400, 0.1494716044486644500, 0.1523460583803695500, 0.1552205123120746500, 0.1609694201754848500, 0.1638438741071899200, 0.1667183280388950300, 0.1695927819706001300, 0.1724672359023052000, 0.1753416898340103000, 0.1767789167998628000, 0.1782161437657152900, 0.1810905976974203100, 0.1825278246632728900, 0.1839650516291254600 ),
 .UNSPECIFIED. ) ;
#4489 = EDGE_CURVE ( 'NONE', #4028, #5009, #6437, .T. ) ;
#4490 = FACE_OUTER_BOUND ( 'NONE', #1193, .T. ) ;
#4491 = CARTESIAN_POINT ( 'NONE',  ( -349.7802306235590200, 33.99164629527348300, -882.4973492124210000 ) ) ;
#4492 = CARTESIAN_POINT ( 'NONE',  ( -117.3470060928979700, 319.5018434192863900, 140.7740516583893700 ) ) ;
#4493 = CARTESIAN_POINT ( 'NONE',  ( -716.4829053190628700, -34.92454121888154400, -732.3641140398838200 ) ) ;
#4494 = CARTESIAN_POINT ( 'NONE',  ( -933.9294558982217000, -44.47907115696418900, 69.08462895828178300 ) ) ;
#4495 = CARTESIAN_POINT ( 'NONE',  ( -516.7559942095331300, 34.60752302029862200, -838.2884358593268000 ) ) ;
#4496 = ORIENTED_EDGE ( 'NONE', *, *, #1519, .F. ) ;
#4497 = CIRCLE ( 'NONE', #2843, 252.1184970328416200 ) ;
#4498 = CARTESIAN_POINT ( 'NONE',  ( -1022.132389499946000, 40.18151682449458000, -55.77750078368306000 ) ) ;
#4499 = UNCERTAINTY_MEASURE_WITH_UNIT (LENGTH_MEASURE( 1.000000000000000100E-005 ), #6076, 'distance_accuracy_value', 'NONE');
#4500 = CARTESIAN_POINT ( 'NONE',  ( -919.0409262160685600, 63.02909517864749500, 102.5518178517592100 ) ) ;
#4501 = CARTESIAN_POINT ( 'NONE',  ( -17.29733704334396500, 303.5737030821371700, 239.9999999999998900 ) ) ;
#4502 = CARTESIAN_POINT ( 'NONE',  ( -766.4232414764903800, 22.87736899448344700, -56.48254110968441200 ) ) ;
#4503 = CARTESIAN_POINT ( 'NONE',  ( -903.1420864286368400, 22.63471032366287300, -108.1743023418718600 ) ) ;
#4504 = CIRCLE ( 'NONE', #6806, 70.00000000000000000 ) ;
#4505 = CARTESIAN_POINT ( 'NONE',  ( -698.0829787441907700, 30.93167657829846500, 656.3564204965915700 ) ) ;
#4506 = ORIENTED_EDGE ( 'NONE', *, *, #966, .F. ) ;
#4507 = CIRCLE ( 'NONE', #3690, 112.5000000000000400 ) ;
#4508 = CARTESIAN_POINT ( 'NONE',  ( -181.9373751787178400, 335.9530809881290500, 114.1413722281250600 ) ) ;
#4509 = VERTEX_POINT ( 'NONE', #1361 ) ;
#4510 = VERTEX_POINT ( 'NONE', #207 ) ;
#4511 = CARTESIAN_POINT ( 'NONE',  ( -347.8183075493971600, -77.57978771338689200, 877.8983430316175100 ) ) ;
#4512 = CIRCLE ( 'NONE', #186, 19.99999999999998900 ) ;
#4513 = CARTESIAN_POINT ( 'NONE',  ( -1029.763312475015300, 36.13160363279686000, -13.15913532799072500 ) ) ;
#4514 = CARTESIAN_POINT ( 'NONE',  ( -466.7107338811861200, -69.24084322058334400, -650.0000000000000000 ) ) ;
#4515 = CARTESIAN_POINT ( 'NONE',  ( -713.5911093764103700, -18.11098111607526900, -683.3047441987548600 ) ) ;
#4516 = CARTESIAN_POINT ( 'NONE',  ( -697.5822349096504200, 32.06173956079073400, -870.1291897400490100 ) ) ;
#4517 = DIRECTION ( 'NONE',  ( -0.9950103353777802800, -0.09744326712658209200, 0.02142993660968558000 ) ) ;
#4518 = EDGE_CURVE ( 'NONE', #1237, #7034, #5884, .T. ) ;
#4519 = CARTESIAN_POINT ( 'NONE',  ( -996.4641940666410800, 27.31809308082065600, -78.99400159414884100 ) ) ;
#4520 = EDGE_LOOP ( 'NONE', ( #4562, #6284, #6014, #6658 ) ) ;
#4521 = ADVANCED_FACE ( 'NONE', ( #6881 ), #569, .T. ) ;
#4522 = CARTESIAN_POINT ( 'NONE',  ( -1030.328535329457700, 35.29550020597569200, 17.40300403849799700 ) ) ;
#4523 = CARTESIAN_POINT ( 'NONE',  ( -15.61986757404181200, 302.9040110426931300, 239.9999999999999100 ) ) ;
#4524 = CARTESIAN_POINT ( 'NONE',  ( -765.8736521931259600, 22.93119132521176300, -62.20221165909383400 ) ) ;
#4525 = AXIS2_PLACEMENT_3D ( 'NONE', #7088, #40, #3286 ) ;
#4526 = CARTESIAN_POINT ( 'NONE',  ( -730.9957691960579500, 43.43743691633540700, 118.9950614267884000 ) ) ;
#4527 = CARTESIAN_POINT ( 'NONE',  ( -728.6948296965165400, 26.57218991196057100, 95.30066013804292900 ) ) ;
#4528 = ORIENTED_EDGE ( 'NONE', *, *, #760, .F. ) ;
#4529 = CARTESIAN_POINT ( 'NONE',  ( -506.2555416100037200, 73.06764467554882000, 837.3694810831173100 ) ) ;
#4530 = EDGE_CURVE ( 'NONE', #6627, #354, #6408, .T. ) ;
#4531 = DIRECTION ( 'NONE',  ( 0.0000000000000000000, 1.000000000000000000, 0.0000000000000000000 ) ) ;
#4532 = CARTESIAN_POINT ( 'NONE',  ( -177.2354119628344900, 337.6083003018558200, 114.4371070690645700 ) ) ;
#4533 = DIRECTION ( 'NONE',  ( 1.000000000000000000, 0.0000000000000000000, 0.0000000000000000000 ) ) ;
#4534 = AXIS2_PLACEMENT_3D ( 'NONE', #6031, #1137, #5417 ) ;
#4535 = CARTESIAN_POINT ( 'NONE',  ( -930.6678826474698100, -44.00640447675123600, 49.73860826419289800 ) ) ;
#4536 = CARTESIAN_POINT ( 'NONE',  ( -1080.458894918115000, -3.260094465890358800, -18.60456408107139100 ) ) ;
#4537 = DIRECTION ( 'NONE',  ( 0.9995115994824671500, 0.0000000000000000000, 0.03125000000000000700 ) ) ;
#4538 = CARTESIAN_POINT ( 'NONE',  ( -455.8108592453900200, 36.49671661024481800, -845.5485954192919300 ) ) ;
#4539 = CARTESIAN_POINT ( 'NONE',  ( -176.0240666744551000, 315.5891570103936500, 239.9999999999999100 ) ) ;
#4540 = CARTESIAN_POINT ( 'NONE',  ( -960.9723475485961900, 3.824802565591325800, -75.78386405852849400 ) ) ;
#4541 = CARTESIAN_POINT ( 'NONE',  ( -1028.652801296488600, 37.25552008145246000, 4.577038127496751800 ) ) ;
#4542 = CARTESIAN_POINT ( 'NONE',  ( -974.7195593237231600, -41.14360454799239600, 312.7510206763798200 ) ) ;
#4543 = EDGE_LOOP ( 'NONE', ( #4022, #631, #465, #3149, #4741 ) ) ;
#4544 = ORIENTED_EDGE ( 'NONE', *, *, #260, .T. ) ;
#4545 = CARTESIAN_POINT ( 'NONE',  ( -769.9169828422775500, 22.53522021363863100, -64.73149091792176100 ) ) ;
#4546 = CARTESIAN_POINT ( 'NONE',  ( -770.0781440828610600, -48.81971161484001700, -64.73844108900411200 ) ) ;
#4547 = EDGE_LOOP ( 'NONE', ( #2689, #2892, #5837, #5637 ) ) ;
#4548 = ORIENTED_EDGE ( 'NONE', *, *, #1206, .T. ) ;
#4549 = CARTESIAN_POINT ( 'NONE',  ( -765.3333707031373500, -49.25061185733253700, -60.94816340151915300 ) ) ;
#4550 = CARTESIAN_POINT ( 'NONE',  ( -731.7864575403324400, 51.44151788583091200, -120.2923821762569900 ) ) ;
#4551 = ADVANCED_FACE ( 'NONE', ( #5264 ), #5673, .T. ) ;
#4552 = VERTEX_POINT ( 'NONE', #1808 ) ;
#4553 = VERTEX_POINT ( 'NONE', #2346 ) ;
#4554 = EDGE_CURVE ( 'NONE', #2498, #6623, #4755, .T. ) ;
#4555 = PLANE ( 'NONE',  #2775 ) ;
#4556 = CARTESIAN_POINT ( 'NONE',  ( -1097.015985943054600, -4.190613568073852800, -3.288014451388701100 ) ) ;
#4557 = ORIENTED_EDGE ( 'NONE', *, *, #3904, .T. ) ;
#4558 = CARTESIAN_POINT ( 'NONE',  ( -1005.420166944061000, 21.68559774924480300, 72.71202799509825400 ) ) ;
#4559 = CARTESIAN_POINT ( 'NONE',  ( -1025.536692396613700, 24.33143166105046300, 49.79184934594444200 ) ) ;
#4560 = CARTESIAN_POINT ( 'NONE',  ( -703.6194712129946500, 17.00412432509472500, -816.8899381166410200 ) ) ;
#4561 = CARTESIAN_POINT ( 'NONE',  ( -177.3891749612660900, 314.6513598087813600, 240.0000000000000000 ) ) ;
#4562 = ORIENTED_EDGE ( 'NONE', *, *, #1910, .F. ) ;
#4563 = CARTESIAN_POINT ( 'NONE',  ( -1012.659210049927100, 43.51633440352672000, -66.58506499032282000 ) ) ;
#4564 = VERTEX_POINT ( 'NONE', #4635 ) ;
#4565 = CARTESIAN_POINT ( 'NONE',  ( -919.6200559824769700, 75.95733513052564900, 85.03501931317792600 ) ) ;
#4566 = CARTESIAN_POINT ( 'NONE',  ( -89.85376094551317300, 315.8265307028060000, 239.9999999999999400 ) ) ;
#4567 = CARTESIAN_POINT ( 'NONE',  ( -765.3916071443219400, 22.97839891973366700, -58.46144263109938800 ) ) ;
#4568 = CARTESIAN_POINT ( 'NONE',  ( -731.1619323759229000, 45.00134029751961900, 119.4681754879163700 ) ) ;
#4569 = CARTESIAN_POINT ( 'NONE',  ( -711.8839373918331100, -18.56752510712951200, 269.8630729374096400 ) ) ;
#4570 = CARTESIAN_POINT ( 'NONE',  ( -940.3180609530219300, -42.57051183296359700, 60.40000610681431700 ) ) ;
#4571 = CARTESIAN_POINT ( 'NONE',  ( -587.9891637241610200, 36.25976149783841200, 844.4600299651677900 ) ) ;
#4572 = CARTESIAN_POINT ( 'NONE',  ( -768.0314034738755700, 23.42789570974004900, -55.24532406218320800 ) ) ;
#4573 = CARTESIAN_POINT ( 'NONE',  ( -164.6828090400512400, 342.0271589448048000, 114.7501393325509200 ) ) ;
#4574 = ADVANCED_FACE ( 'NONE', ( #3307 ), #5349, .T. ) ;
#4575 = EDGE_CURVE ( 'NONE', #1788, #3422, #386, .T. ) ;
#4576 = CARTESIAN_POINT ( 'NONE',  ( -1030.736424814797600, 34.08496736234455700, -22.38805023055485300 ) ) ;
#4577 = FACE_OUTER_BOUND ( 'NONE', #1886, .T. ) ;
#4578 = AXIS2_PLACEMENT_3D ( 'NONE', #6941, #3722, #1520 ) ;
#4579 = CARTESIAN_POINT ( 'NONE',  ( -985.4049532417711800, 2.081997833806414500, 84.75549611697752500 ) ) ;
#4580 = CARTESIAN_POINT ( 'NONE',  ( -903.5157269860262700, -47.89641535259677600, 50.56647894206921000 ) ) ;
#4581 = DIRECTION ( 'NONE',  ( 2.610927889176040600E-016, -1.000000000000000000, 0.0000000000000000000 ) ) ;
#4582 = CARTESIAN_POINT ( 'NONE',  ( -1025.528095748797800, 24.49074053889320300, -49.74942052518628800 ) ) ;
#4583 = CARTESIAN_POINT ( 'NONE',  ( -920.2589775552843300, 73.58137228624271100, 91.54189638381350800 ) ) ;
#4584 = FACE_OUTER_BOUND ( 'NONE', #4543, .T. ) ;
#4585 = CARTESIAN_POINT ( 'NONE',  ( -931.4234246686644400, -44.47907115696418900, 49.79444041411186800 ) ) ;
#4586 = CARTESIAN_POINT ( 'NONE',  ( -42.12410489859964000, 308.7300993609362600, 239.9999999999998900 ) ) ;
#4587 = ORIENTED_EDGE ( 'NONE', *, *, #6161, .F. ) ;
#4588 = CARTESIAN_POINT ( 'NONE',  ( -861.8024760773774900, 96.41589497966397500, -93.16648150660458300 ) ) ;
#4589 = CARTESIAN_POINT ( 'NONE',  ( -731.8151122644769700, 51.43873704579421300, 120.2917647316909300 ) ) ;
#4590 = LINE ( 'NONE', #5564, #5976 ) ;
#4591 = CARTESIAN_POINT ( 'NONE',  ( -587.9891637241611300, 36.25976149783838300, -844.4600299651675600 ) ) ;
#4592 = CARTESIAN_POINT ( 'NONE',  ( -721.0375125829707500, -43.02027741034830700, 0.0000000000000000000 ) ) ;
#4593 = CARTESIAN_POINT ( 'NONE',  ( -706.9473795559350700, 7.250034951176782100, 666.4800137230452000 ) ) ;
#4594 =( GEOMETRIC_REPRESENTATION_CONTEXT ( 3 ) GLOBAL_UNCERTAINTY_ASSIGNED_CONTEXT ( ( #3138 ) ) GLOBAL_UNIT_ASSIGNED_CONTEXT ( ( #3351, #2249, #4892 ) ) REPRESENTATION_CONTEXT ( 'NONE', 'WORKASPACE' ) );
#4595 = DIRECTION ( 'NONE',  ( 1.000000000000000000, 0.0000000000000000000, 0.0000000000000000000 ) ) ;
#4596 = EDGE_LOOP ( 'NONE', ( #271, #165, #440, #6670 ) ) ;
#4597 = VECTOR ( 'NONE', #4786, 1000.000000000000000 ) ;
#4598 = CARTESIAN_POINT ( 'NONE',  ( -766.4813514325362600, 23.42789570974004900, -63.10971365174059100 ) ) ;
#4599 = CARTESIAN_POINT ( 'NONE',  ( -588.4213002791508400, 62.56242444261022900, 839.4787391688137200 ) ) ;
#4600 = VECTOR ( 'NONE', #985, 1000.000000000000000 ) ;
#4601 =( BOUNDED_SURFACE ( )  B_SPLINE_SURFACE ( 3, 2, ( 
 ( #1873, #234, #4054 ),
 ( #799, #252, #6394 ),
 ( #4125, #895, #3562 ),
 ( #4711, #4102, #4184 ),
 ( #4661, #6338, #3069 ),
 ( #1933, #922, #5266 ),
 ( #279, #4156, #1386 ),
 ( #5733, #1438, #5762 ),
 ( #2013, #2532, #6856 ),
 ( #4743, #842, #5292 ),
 ( #1464, #3588, #3038 ),
 ( #864, #6939, #303 ),
 ( #5844, #328, #3611 ),
 ( #4638, #4689, #1362 ),
 ( #3123, #2480, #2562 ),
 ( #4084, #6316, #6883 ),
 ( #820, #1410, #5189 ),
 ( #1985, #5210, #5236 ),
 ( #3011, #1959, #6834 ),
 ( #5817, #5787, #2509 ),
 ( #1911, #6368, #3095 ),
 ( #359, #6912, #2459 ),
 ( #6288, #3639, #441 ),
 ( #3693, #2647, #1541 ) ),
 .UNSPECIFIED., .F., .F., .F. ) 
 B_SPLINE_SURFACE_WITH_KNOTS ( ( 4, 2, 2, 2, 2, 2, 2, 2, 2, 2, 2, 4 ),
 ( 3, 3 ),
 ( 0.04356442002380336900, 0.04604461945371027300, 0.04852481888361717000, 0.05100501831352406700, 0.05348521774343097100, 0.05596541717333787500, 0.05844561660324477200, 0.06340601546305857400, 0.06836641432287238200, 0.07332681318268617600, 0.07828721204249997100, 0.08324761090231377900 ),
 ( 0.0000000000000000000, 1.000000000000000000 ),
 .UNSPECIFIED. ) 
 GEOMETRIC_REPRESENTATION_ITEM ( )  RATIONAL_B_SPLINE_SURFACE ( (
 ( 1.000000000000000000, 0.7110071393347647800, 1.000000000000000000),
 ( 1.000000000000000000, 0.7166360156407203300, 1.000000000000000000),
 ( 1.000000000000000000, 0.7222793854362636900, 1.000000000000000000),
 ( 1.000000000000000000, 0.7329568083238313700, 1.000000000000000000),
 ( 1.000000000000000000, 0.7379825953714030900, 1.000000000000000000),
 ( 1.000000000000000000, 0.7469954642121891000, 1.000000000000000000),
 ( 1.000000000000000000, 0.7509846780746651800, 1.000000000000000000),
 ( 1.000000000000000000, 0.7578434444823338700, 1.000000000000000000),
 ( 1.000000000000000000, 0.7607188776711842900, 1.000000000000000000),
 ( 1.000000000000000000, 0.7654615341040166300, 1.000000000000000000),
 ( 1.000000000000000000, 0.7673319551658321900, 1.000000000000000000),
 ( 1.000000000000000000, 0.7702165726966236900, 1.000000000000000000),
 ( 1.000000000000000000, 0.7712317775015981000, 1.000000000000000000),
 ( 1.000000000000000000, 0.7731931499974240600, 1.000000000000000000),
 ( 1.000000000000000000, 0.7730700933663039500, 1.000000000000000000),
 ( 1.000000000000000000, 0.7706622638473716900, 1.000000000000000000),
 ( 1.000000000000000000, 0.7683735073191824100, 1.000000000000000000),
 ( 1.000000000000000000, 0.7619264557706573200, 1.000000000000000000),
 ( 1.000000000000000000, 0.7577676693246943000, 1.000000000000000000),
 ( 1.000000000000000000, 0.7475533857453985400, 1.000000000000000000),
 ( 1.000000000000000000, 0.7414406067349091900, 1.000000000000000000),
 ( 1.000000000000000000, 0.7273902473496896000, 1.000000000000000000),
 ( 1.000000000000000000, 0.7194849014062151300, 1.000000000000000000),
 ( 1.000000000000000000, 0.7110071393347647800, 1.000000000000000000) ) ) 
 REPRESENTATION_ITEM ( '' )  SURFACE ( )  );
#4602 = CARTESIAN_POINT ( 'NONE',  ( -1071.265204638374800, -2.743403193754914600, -24.91626759824603700 ) ) ;
#4603 = ORIENTED_EDGE ( 'NONE', *, *, #3721, .F. ) ;
#4604 = CARTESIAN_POINT ( 'NONE',  ( -986.1906288233158200, 2.037842363674556600, 61.06077157647494100 ) ) ;
#4605 = CARTESIAN_POINT ( 'NONE',  ( -1021.980486084044100, 40.23499097061623800, 16.19151997828175400 ) ) ;
#4606 = DIRECTION ( 'NONE',  ( 0.0000000000000000000, 1.000000000000000000, 0.0000000000000000000 ) ) ;
#4607 = CARTESIAN_POINT ( 'NONE',  ( -738.1195258406041800, 134.7862868232181500, 110.4771068390198100 ) ) ;
#4608 = CARTESIAN_POINT ( 'NONE',  ( -288.7992690864781500, -566.0111526630779500, 650.0000000000000000 ) ) ;
#4609 = CARTESIAN_POINT ( 'NONE',  ( -933.9236489272241200, 7.164169369840226200, 50.39001465470448700 ) ) ;
#4610 = ADVANCED_FACE ( 'NONE', ( #1840 ), #4047, .T. ) ;
#4611 = CARTESIAN_POINT ( 'NONE',  ( -99.25497974088280300, 317.1014143134593700, 239.9999999999999700 ) ) ;
#4612 = CARTESIAN_POINT ( 'NONE',  ( -861.6595126023507900, 94.40981206220075700, -100.0709689902600400 ) ) ;
#4613 = CARTESIAN_POINT ( 'NONE',  ( -706.0304719207883900, 10.10401156681144600, -803.5623478310375300 ) ) ;
#4614 = CARTESIAN_POINT ( 'NONE',  ( -915.6390288933268900, 25.43847784093833700, -105.7184276800855000 ) ) ;
#4615 = EDGE_CURVE ( 'NONE', #5330, #786, #6986, .T. ) ;
#4616 = CARTESIAN_POINT ( 'NONE',  ( -14.62674840205269100, 302.0000000000000600, 239.9999999999999100 ) ) ;
#4617 = CARTESIAN_POINT ( 'NONE',  ( -349.7802306235590800, -77.57978771338689200, 882.4973492124212300 ) ) ;
#4618 = ADVANCED_FACE ( 'NONE', ( #475 ), #5634, .F. ) ;
#4619 = VERTEX_POINT ( 'NONE', #2010 ) ;
#4620 = AXIS2_PLACEMENT_3D ( 'NONE', #1860, #6233, #2979 ) ;
#4621 = CARTESIAN_POINT ( 'NONE',  ( -919.9485110022336600, 67.95532906200408300, -98.90685787851065000 ) ) ;
#4622 = CARTESIAN_POINT ( 'NONE',  ( -418.4486822469645500, 71.87170263032058400, -650.0000000000000000 ) ) ;
#4623 = CARTESIAN_POINT ( 'NONE',  ( -1097.719992546004700, -4.230179189302386800, -0.6512759736092188500 ) ) ;
#4624 = CARTESIAN_POINT ( 'NONE',  ( -940.0488554859055100, 5.873880202067647700, 57.41086087448879000 ) ) ;
#4625 = EDGE_CURVE ( 'NONE', #4032, #5852, #2616, .T. ) ;
#4626 = CARTESIAN_POINT ( 'NONE',  ( -897.5226415488173200, 7.021039942723759500, 89.17374265924682700 ) ) ;
#4627 = CARTESIAN_POINT ( 'NONE',  ( -929.9999970323415300, -44.10239079642276700, 49.73844108900586700 ) ) ;
#4628 = ORIENTED_EDGE ( 'NONE', *, *, #2569, .T. ) ;
#4629 = CARTESIAN_POINT ( 'NONE',  ( -734.6921064682864000, 124.4159463903512100, 118.6275776338026300 ) ) ;
#4630 = CARTESIAN_POINT ( 'NONE',  ( -733.1112887348900800, 26.14035062502194900, -95.15374386093252200 ) ) ;
#4631 = CARTESIAN_POINT ( 'NONE',  ( -720.5218967646291000, -42.84455594880284200, -62.35012099105503600 ) ) ;
#4632 = CARTESIAN_POINT ( 'NONE',  ( -126.6605787304530800, 320.7108228234977800, 239.9999999999998000 ) ) ;
#4633 = CARTESIAN_POINT ( 'NONE',  ( -860.2549962005715500, 88.48472478379025600, -108.4305173114446600 ) ) ;
#4634 = CARTESIAN_POINT ( 'NONE',  ( -707.6329140087041200, 5.057472162087048400, -806.1456689356795100 ) ) ;
#4635 = CARTESIAN_POINT ( 'NONE',  ( -5.573319583618285800E-011, 145.4327230323249600, 144.6856185281506300 ) ) ;
#4636 = VERTEX_POINT ( 'NONE', #7067 ) ;
#4637 = EDGE_LOOP ( 'NONE', ( #6337, #2827, #1292, #5843 ) ) ;
#4638 = CARTESIAN_POINT ( 'NONE',  ( -168.2210982864198500, 319.4632938425663200, 139.0782485851837300 ) ) ;
#4639 = DIRECTION ( 'NONE',  ( 0.9995115994824671500, 0.0000000000000000000, 0.03124999999999993800 ) ) ;
#4640 = CARTESIAN_POINT ( 'NONE',  ( -912.6352985874854100, 17.02982338741765000, 104.0928650759568700 ) ) ;
#4641 = CARTESIAN_POINT ( 'NONE',  ( -505.8662347266599100, 62.83934185863051900, -832.3169284889531800 ) ) ;
#4642 = EDGE_LOOP ( 'NONE', ( #108, #2684, #6505, #3016 ) ) ;
#4643 = ADVANCED_FACE ( 'NONE', ( #1596 ), #6098, .T. ) ;
#4644 = DIRECTION ( 'NONE',  ( 1.000000000000000000, 2.610927889176040600E-016, -0.0000000000000000000 ) ) ;
#4645 = EDGE_CURVE ( 'NONE', #5600, #4433, #2871, .T. ) ;
#4646 = CARTESIAN_POINT ( 'NONE',  ( -1016.474977936960200, 0.3358425797052947400, 11.96031687036617600 ) ) ;
#4647 = CARTESIAN_POINT ( 'NONE',  ( -930.6709241619323600, 6.792278971010638600, 69.73889936537808900 ) ) ;
#4648 = CARTESIAN_POINT ( 'NONE',  ( -993.4463189661401000, 1.630067938277779200, 80.73639523506105300 ) ) ;
#4649 = CARTESIAN_POINT ( 'NONE',  ( -5.573319583618283200E-011, 142.1207013674099600, 144.5239656003887200 ) ) ;
#4650 = CARTESIAN_POINT ( 'NONE',  ( -466.7107338811861200, -69.24084322058334400, 655.0000000000000000 ) ) ;
#4651 = CARTESIAN_POINT ( 'NONE',  ( -258.7992690864780300, 50.08600469205215000, 734.0524566463253700 ) ) ;
#4652 = FACE_BOUND ( 'NONE', #3158, .T. ) ;
#4653 = CARTESIAN_POINT ( 'NONE',  ( -780.7758396659846800, 125.1456061692790200, 119.1330526032979700 ) ) ;
#4654 = CARTESIAN_POINT ( 'NONE',  ( -920.2857772427867100, 71.10618802116395900, 95.50277990237833600 ) ) ;
#4655 = CARTESIAN_POINT ( 'NONE',  ( -940.1818394801298400, 7.164169369840226200, 57.72745560709741100 ) ) ;
#4656 = CARTESIAN_POINT ( 'NONE',  ( -22.31946641790906200, 304.9374080122051400, 239.9999999999999100 ) ) ;
#4657 = CARTESIAN_POINT ( 'NONE',  ( -858.7868494281706300, 83.46312312227290400, -112.1093737480393300 ) ) ;
#4658 = CARTESIAN_POINT ( 'NONE',  ( -696.8479801332234700, 33.71978703902175300, -883.3050765013179000 ) ) ;
#4659 = ORIENTED_EDGE ( 'NONE', *, *, #4824, .T. ) ;
#4660 = LINE ( 'NONE', #1722, #6565 ) ;
#4661 = CARTESIAN_POINT ( 'NONE',  ( -179.9064680808944800, 312.5282386848416000, 138.6887362587830500 ) ) ;
#4662 = CARTESIAN_POINT ( 'NONE',  ( -338.3247860073997200, 34.31316740116155000, -881.9482525633853800 ) ) ;
#4663 = CARTESIAN_POINT ( 'NONE',  ( -907.0461148893616600, 20.38489365509378000, 106.7420206874657400 ) ) ;
#4664 = CARTESIAN_POINT ( 'NONE',  ( -861.8024760773588500, 96.41589497967201800, 93.16648150659676700 ) ) ;
#4665 = CIRCLE ( 'NONE', #4795, 70.00000000000000000 ) ;
#4666 = VERTEX_POINT ( 'NONE', #5396 ) ;
#4667 = CARTESIAN_POINT ( 'NONE',  ( -918.5437199091376200, 60.97314538799305700, -103.5507658880126600 ) ) ;
#4668 = EDGE_CURVE ( 'NONE', #134, #6897, #5132, .T. ) ;
#4669 = FACE_BOUND ( 'NONE', #188, .T. ) ;
#4670 = CARTESIAN_POINT ( 'NONE',  ( -1076.863720793818200, -3.058043381340593400, 21.10248707149592200 ) ) ;
#4671 = CARTESIAN_POINT ( 'NONE',  ( -938.9223391943179400, 5.984202099258676600, 54.63312842503414400 ) ) ;
#4672 = DIRECTION ( 'NONE',  ( -0.0000000000000000000, 0.0000000000000000000, -1.000000000000000000 ) ) ;
#4673 = CARTESIAN_POINT ( 'NONE',  ( -241.5019980290058200, 106.9289776403001000, 136.6355519271858200 ) ) ;
#4674 = CARTESIAN_POINT ( 'NONE',  ( -729.7186922751344600, -45.97881655748227600, -312.7526747221214100 ) ) ;
#4675 = CARTESIAN_POINT ( 'NONE',  ( -663.0707898217586900, 63.20167647951359400, -650.0000000000000000 ) ) ;
#4676 = ORIENTED_EDGE ( 'NONE', *, *, #3743, .F. ) ;
#4677 = CARTESIAN_POINT ( 'NONE',  ( -930.1678777340224500, 6.841543270796326400, 49.73457413267520600 ) ) ;
#4678 = CARTESIAN_POINT ( 'NONE',  ( -733.9383775651596100, 122.2149728281095900, 119.3969208691629400 ) ) ;
#4679 = LINE ( 'NONE', #1564, #4250 ) ;
#4680 = CARTESIAN_POINT ( 'NONE',  ( -769.9505933584425700, 23.42730997547047500, 54.74522419366338300 ) ) ;
#4681 = CARTESIAN_POINT ( 'NONE',  ( -929.9999970323415300, -44.47907115696418900, 49.73844108900585300 ) ) ;
#4682 = ADVANCED_FACE ( 'NONE', ( #3629 ), #5693, .T. ) ;
#4683 = CARTESIAN_POINT ( 'NONE',  ( -143.0377361604167300, 322.7390681241154200, 239.9999999999999400 ) ) ;
#4684 = CARTESIAN_POINT ( 'NONE',  ( -731.9078419832025000, 51.42973587772527800, 120.2897758484324300 ) ) ;
#4685 = CARTESIAN_POINT ( 'NONE',  ( -696.6374927254920500, 34.18857709151180300, -881.9691892942448700 ) ) ;
#4686 = CARTESIAN_POINT ( 'NONE',  ( -766.4217174955604200, -48.50290693699209800, 62.99244922521376800 ) ) ;
#4687 = ORIENTED_EDGE ( 'NONE', *, *, #5768, .F. ) ;
#4688 = CARTESIAN_POINT ( 'NONE',  ( -129.9201570822413000, 282.8675154697035100, 140.3549466254112600 ) ) ;
#4689 = CARTESIAN_POINT ( 'NONE',  ( -174.7707338517180600, 338.4759342292972500, 135.0683828321513400 ) ) ;
#4690 = CARTESIAN_POINT ( 'NONE',  ( -364.5664995695701100, 93.88282382976761700, -650.0000000000000000 ) ) ;
#4691 = CARTESIAN_POINT ( 'NONE',  ( -856.4496461967273700, 76.24316764291930300, 114.6204875268058300 ) ) ;
#4692 = EDGE_CURVE ( 'NONE', #2922, #4205, #3895, .T. ) ;
#4693 = CARTESIAN_POINT ( 'NONE',  ( -702.0688240822097400, 21.15430797300370000, 814.0312782901922900 ) ) ;
#4694 = ORIENTED_EDGE ( 'NONE', *, *, #6715, .F. ) ;
#4695 = CARTESIAN_POINT ( 'NONE',  ( -919.3216284226484700, 64.33216172391404100, -101.7668600372641200 ) ) ;
#4696 = CARTESIAN_POINT ( 'NONE',  ( -184.5035469304771700, 300.0884853144738100, 138.5355002971367600 ) ) ;
#4697 = CARTESIAN_POINT ( 'NONE',  ( -1030.391570052638800, 35.11281507583967000, 18.16011188208266000 ) ) ;
#4698 = CARTESIAN_POINT ( 'NONE',  ( -933.3015705470804700, 6.534654734046124100, 69.30970113815264700 ) ) ;
#4699 = CARTESIAN_POINT ( 'NONE',  ( -859.5615577468853400, 36.37943370726596000, -114.4603540021970800 ) ) ;
#4700 = CARTESIAN_POINT ( 'NONE',  ( 4.373401631698431700, 146.1291709910508400, 144.8313985825423300 ) ) ;
#4701 = CARTESIAN_POINT ( 'NONE',  ( -393.8887080982340200, 87.29250983550717500, -509.9464644161665200 ) ) ;
#4702 = CARTESIAN_POINT ( 'NONE',  ( -937.3585397690145600, -44.47907115522036000, -66.93370321885431900 ) ) ;
#4703 = MANIFOLD_SOLID_BREP ( 'Boss-Extrude21', #4995 ) ;
#4704 = CARTESIAN_POINT ( 'NONE',  ( -765.2977992004166500, -49.25060836388760100, 58.77309521595193300 ) ) ;
#4705 = CARTESIAN_POINT ( 'NONE',  ( -308.7992690864780300, 140.4205989181334900, -650.0000000000000000 ) ) ;
#4706 = CARTESIAN_POINT ( 'NONE',  ( -142.8852561172551000, 322.7252964863313300, 239.9999999999999400 ) ) ;
#4707 = CARTESIAN_POINT ( 'NONE',  ( -701.0409525457523600, 23.78577920417733800, -817.3103048202416400 ) ) ;
#4708 = UNCERTAINTY_MEASURE_WITH_UNIT (LENGTH_MEASURE( 1.000000000000000100E-005 ), #674, 'distance_accuracy_value', 'NONE');
#4709 = CARTESIAN_POINT ( 'NONE',  ( -34.48340785903694400, 296.5957297198643800, 143.5361715995180100 ) ) ;
#4710 = VERTEX_POINT ( 'NONE', #3715 ) ;
#4711 = CARTESIAN_POINT ( 'NONE',  ( -180.4878440881226400, 311.9312784896811200, 138.6693570585811100 ) ) ;
#4712 = CARTESIAN_POINT ( 'NONE',  ( -344.9798420320378200, 113.8747192612501500, 650.0000000000000000 ) ) ;
#4713 = VERTEX_POINT ( 'NONE', #6612 ) ;
#4714 = CARTESIAN_POINT ( 'NONE',  ( -660.9290852636136200, -29.58390484887792800, -36.90695453431306600 ) ) ;
#4715 = CARTESIAN_POINT ( 'NONE',  ( 0.0000000000000000000, -201.6600000000000000, 0.0000000000000000000 ) ) ;
#4716 = CARTESIAN_POINT ( 'NONE',  ( -171.4851273477432000, 285.9259796845202600, 239.9999999999999100 ) ) ;
#4717 = CARTESIAN_POINT ( 'NONE',  ( -695.3416348114153600, 37.02201374066154900, 848.1268445516914200 ) ) ;
#4718 = ADVANCED_FACE ( 'NONE', ( #4490 ), #6058, .F. ) ;
#4719 = PLANE ( 'NONE',  #910 ) ;
#4720 = EDGE_LOOP ( 'NONE', ( #5890, #2971, #3106, #2410 ) ) ;
#4721 = CARTESIAN_POINT ( 'NONE',  ( -28.90978129462048000, 301.2047995455107000, -143.7219591516652000 ) ) ;
#4722 = CARTESIAN_POINT ( 'NONE',  ( -1029.618435462858800, 36.31573053770597400, 12.13100930875270000 ) ) ;
#4723 = ORIENTED_EDGE ( 'NONE', *, *, #563, .F. ) ;
#4724 = CARTESIAN_POINT ( 'NONE',  ( -932.3157417822781100, 6.631198832387765300, 49.93114197795662800 ) ) ;
#4725 = CARTESIAN_POINT ( 'NONE',  ( -855.3638864233430500, 39.31032085646040700, -114.8816014359629500 ) ) ;
#4726 = DIRECTION ( 'NONE',  ( -1.000000000000000000, -2.610927889176040600E-016, 0.0000000000000000000 ) ) ;
#4727 = DIRECTION ( 'NONE',  ( 0.0000000000000000000, 1.000000000000000000, 0.0000000000000000000 ) ) ;
#4728 = CARTESIAN_POINT ( 'NONE',  ( -936.0115517724706300, -44.47907115522036000, -51.47160824854562100 ) ) ;
#4729 = VERTEX_POINT ( 'NONE', #541 ) ;
#4730 = CARTESIAN_POINT ( 'NONE',  ( -258.7992690864780300, 7.809641298080497200, 801.9693845669907000 ) ) ;
#4731 = CARTESIAN_POINT ( 'NONE',  ( -466.7107338811861200, -69.24084322058334400, 650.0000000000000000 ) ) ;
#4732 = ORIENTED_EDGE ( 'NONE', *, *, #6750, .T. ) ;
#4733 = CARTESIAN_POINT ( 'NONE',  ( -320.2242704645746600, 100.0000000000000000, 889.6698814765889000 ) ) ;
#4734 = CARTESIAN_POINT ( 'NONE',  ( -1020.631920869481400, 0.1022197289524932100, -57.37009663405386600 ) ) ;
#4735 = CARTESIAN_POINT ( 'NONE',  ( -147.8801966969735100, 322.9964554185056600, 240.0000000000000300 ) ) ;
#4736 = AXIS2_PLACEMENT_3D ( 'NONE', #1618, #2162, #5444 ) ;
#4737 = ORIENTED_EDGE ( 'NONE', *, *, #3927, .T. ) ;
#4738 = DIRECTION ( 'NONE',  ( -1.000000000000000000, 0.0000000000000000000, 0.0000000000000000000 ) ) ;
#4739 = DIRECTION ( 'NONE',  ( 0.9108497937590116500, 0.1391731009600654100, -0.3885659547339750400 ) ) ;
#4740 = CARTESIAN_POINT ( 'NONE',  ( -765.4833108208487100, -48.41706356614867000, 61.32052622385492700 ) ) ;
#4741 = ORIENTED_EDGE ( 'NONE', *, *, #4405, .F. ) ;
#4742 = CARTESIAN_POINT ( 'NONE',  ( -14.73347317345261200, 301.7235915433007000, 144.1945027557040400 ) ) ;
#4743 = CARTESIAN_POINT ( 'NONE',  ( -174.0970485257942100, 316.7639977431631500, 138.8823835772415700 ) ) ;
#4744 = CARTESIAN_POINT ( 'NONE',  ( -463.2905875911834500, 16.42390844174383300, -209.7508163608554200 ) ) ;
#4745 = CARTESIAN_POINT ( 'NONE',  ( -534.0300862400525800, -11.13421401238168300, 0.0000000000000000000 ) ) ;
#4746 = CARTESIAN_POINT ( 'NONE',  ( -910.8026782465033200, 18.14069362401754800, 105.0383286312499100 ) ) ;
#4747 = CARTESIAN_POINT ( 'NONE',  ( -184.2664800676079400, 298.8397230649670200, 240.0000000000000300 ) ) ;
#4748 = FACE_OUTER_BOUND ( 'NONE', #2968, .T. ) ;
#4749 = CARTESIAN_POINT ( 'NONE',  ( -918.9483379989669600, 76.50511764219166400, 81.22163257603277500 ) ) ;
#4750 = CARTESIAN_POINT ( 'NONE',  ( -770.0781440828610600, 23.42789570974004900, -64.73844108900411200 ) ) ;
#4751 = B_SPLINE_CURVE_WITH_KNOTS ( 'NONE', 3,
 ( #508, #3762, #2706, #3263 ),
 .UNSPECIFIED., .F., .F.,
 ( 4, 4 ),
 ( 1.566574240610908700E-013, 0.0003612493834805527200 ),
 .UNSPECIFIED. ) ;
#4752 = CARTESIAN_POINT ( 'NONE',  ( -141.3523767948110200, 281.4275086923011000, 239.9999999999999100 ) ) ;
#4753 = DIRECTION ( 'NONE',  ( 0.0000000000000000000, 1.000000000000000000, 0.0000000000000000000 ) ) ;
#4754 = EDGE_CURVE ( 'NONE', #5330, #3419, #6123, .T. ) ;
#4755 = CIRCLE ( 'NONE', #1647, 69.99999999999995700 ) ;
#4756 = CARTESIAN_POINT ( 'NONE',  ( -635.2182686816095200, 17.86686176080491300, 451.2293551246756400 ) ) ;
#4757 = CARTESIAN_POINT ( 'NONE',  ( -856.7146155524850400, 37.85182424765009300, -114.7495226953717700 ) ) ;
#4758 = CARTESIAN_POINT ( 'NONE',  ( -237.9721780719918600, 82.06018643305120000, 136.7532125957961600 ) ) ;
#4759 = CARTESIAN_POINT ( 'NONE',  ( -469.0710157804053900, 28.03962429833553600, -71.65342119842550500 ) ) ;
#4760 = CARTESIAN_POINT ( 'NONE',  ( -931.5811884387760500, -44.47907115522036000, -69.66522907176320700 ) ) ;
#4761 = CARTESIAN_POINT ( 'NONE',  ( -441.4444953622870000, 37.63886356200039500, 853.4671700968211800 ) ) ;
#4762 = CARTESIAN_POINT ( 'NONE',  ( -241.5019980675317300, 106.9289782230014800, -136.6355519259014700 ) ) ;
#4763 = VECTOR ( 'NONE', #5924, 1000.000000000000000 ) ;
#4764 = CARTESIAN_POINT ( 'NONE',  ( -984.7083298120170400, 53.35580670079875200, -85.22959943904443500 ) ) ;
#4765 = ADVANCED_FACE ( 'NONE', ( #5529 ), #1616, .T. ) ;
#4766 = CARTESIAN_POINT ( 'NONE',  ( -140.4186034506442100, 322.4680347232657600, 239.9999999999999700 ) ) ;
#4767 = EDGE_CURVE ( 'NONE', #5325, #5330, #3740, .T. ) ;
#4768 = CARTESIAN_POINT ( 'NONE',  ( -728.6207401753297300, -21.08220599310537600, -269.8644133654630100 ) ) ;
#4769 = CARTESIAN_POINT ( 'NONE',  ( -770.0781440828610600, -48.81971161484003100, 64.73844108900584600 ) ) ;
#4770 = B_SPLINE_CURVE_WITH_KNOTS ( 'NONE', 2,
 ( #47, #616, #1143 ),
 .UNSPECIFIED., .F., .F.,
 ( 3, 3 ),
 ( 0.0000000000000000000, 1.000000000000000000 ),
 .UNSPECIFIED. ) ;
#4771 = VECTOR ( 'NONE', #5813, 1000.000000000000000 ) ;
#4772 = CARTESIAN_POINT ( 'NONE',  ( -178.8048544031008200, 290.4599393387090300, 138.7254567147159600 ) ) ;
#4773 = CARTESIAN_POINT ( 'NONE',  ( -1028.008818434077700, 38.11285354052466800, 13.85503231264388200 ) ) ;
#4774 = ORIENTED_EDGE ( 'NONE', *, *, #2141, .F. ) ;
#4775 = CARTESIAN_POINT ( 'NONE',  ( -969.7163943675429900, 2.968481319820208700, 69.30927943050323800 ) ) ;
#4776 = CARTESIAN_POINT ( 'NONE',  ( -320.2242704645746600, -77.57978771338689200, -889.6698814765889000 ) ) ;
#4777 = CARTESIAN_POINT ( 'NONE',  ( -175.3583073961006600, 287.9815310184572500, 239.9999999999999400 ) ) ;
#4778 = CARTESIAN_POINT ( 'NONE',  ( -711.9784477174823700, -10.86321793139480900, -785.8810487649742500 ) ) ;
#4779 = CARTESIAN_POINT ( 'NONE',  ( -143.2372818159790000, 281.2432963365049500, 239.9999999999999100 ) ) ;
#4780 = CARTESIAN_POINT ( 'NONE',  ( -978.2096096027619300, 55.64353348873468300, -63.86921591007998000 ) ) ;
#4781 = EDGE_LOOP ( 'NONE', ( #253, #5954, #3811, #6075, #13, #1074 ) ) ;
#4782 = VECTOR ( 'NONE', #1444, 1000.000000000000000 ) ;
#4783 = SURFACE_STYLE_FILL_AREA ( #1159 ) ;
#4784 = CARTESIAN_POINT ( 'NONE',  ( -530.2061565769819300, -7.705684670995872000, 0.0000000000000000000 ) ) ;
#4785 = CARTESIAN_POINT ( 'NONE',  ( -729.5885947240024100, 26.48465647220874100, -120.3397264067265300 ) ) ;
#4786 = DIRECTION ( 'NONE',  ( -0.0000000000000000000, 1.000000000000000000, -0.0000000000000000000 ) ) ;
#4787 = CARTESIAN_POINT ( 'NONE',  ( -829.5452149936675100, 648.5186430544015400, 0.0000000000000000000 ) ) ;
#4788 = CARTESIAN_POINT ( 'NONE',  ( -940.1845144350691000, -44.47907115522036000, -61.73670946608054100 ) ) ;
#4789 = EDGE_LOOP ( 'NONE', ( #4827, #6441, #724, #3809, #1779 ) ) ;
#4790 = ORIENTED_EDGE ( 'NONE', *, *, #1459, .T. ) ;
#4791 = CARTESIAN_POINT ( 'NONE',  ( -140.5662711139798700, 322.4849539313052600, 239.9999999999999400 ) ) ;
#4792 = B_SPLINE_CURVE_WITH_KNOTS ( 'NONE', 3,
 ( #52, #141, #6701, #1216, #3344, #5571, #6070 ),
 .UNSPECIFIED., .F., .F.,
 ( 4, 1, 1, 1, 4 ),
 ( 0.0000000000000000000, 0.4158397143023242500, 0.6457696123157097300, 0.8509989315716948200, 1.000000000000000000 ),
 .UNSPECIFIED. ) ;
#4793 = CARTESIAN_POINT ( 'NONE',  ( -635.2182686816095200, 17.86686176080491300, -451.2293551246756400 ) ) ;
#4794 = CARTESIAN_POINT ( 'NONE',  ( -993.4323855455838800, 50.28470110477839900, 81.02694016188564800 ) ) ;
#4795 = AXIS2_PLACEMENT_3D ( 'NONE', #1176, #6649, #624 ) ;
#4796 = CARTESIAN_POINT ( 'NONE',  ( -14.64420709051241500, 301.8801651816349400, 144.1974782918020100 ) ) ;
#4797 = DIRECTION ( 'NONE',  ( -0.1280115903033918800, 0.9902680687415703600, 0.05460938361524608800 ) ) ;
#4798 = CARTESIAN_POINT ( 'NONE',  ( -378.6120757269669600, 103.7944812040708100, -509.7172871893691300 ) ) ;
#4799 = CARTESIAN_POINT ( 'NONE',  ( -176.7357897764268800, 288.8896217665368300, 239.9999999999999400 ) ) ;
#4800 = EDGE_CURVE ( 'NONE', #6627, #3255, #1536, .T. ) ;
#4801 = CARTESIAN_POINT ( 'NONE',  ( -715.7434552768426100, -29.91603901887008000, -734.8931487480472200 ) ) ;
#4802 = CARTESIAN_POINT ( 'NONE',  ( -588.1345451867420000, 35.89187472434861800, 842.7842001073298700 ) ) ;
#4803 = CARTESIAN_POINT ( 'NONE',  ( -145.6831152621752200, 281.0728718860407300, 239.9999999999998900 ) ) ;
#4804 = CARTESIAN_POINT ( 'NONE',  ( -184.6024823531583400, 301.0405421195286500, 138.5322024497141100 ) ) ;
#4805 = AXIS2_PLACEMENT_3D ( 'NONE', #6421, #4797, #416 ) ;
#4806 = CARTESIAN_POINT ( 'NONE',  ( -430.5817890883756100, 73.28256349372452400, 650.0000000000000000 ) ) ;
#4807 = CARTESIAN_POINT ( 'NONE',  ( -425.4433323626393000, 37.51595410881537200, 851.9188296144906200 ) ) ;
#4808 = CARTESIAN_POINT ( 'NONE',  ( -1016.994263890985800, 0.3066583770581271500, -3.420607116903925600 ) ) ;
#4809 = CARTESIAN_POINT ( 'NONE',  ( -934.8554625178761600, 7.164169077462492700, -50.80667994524125000 ) ) ;
#4810 = VERTEX_POINT ( 'NONE', #1095 ) ;
#4811 = CARTESIAN_POINT ( 'NONE',  ( -418.8108414987674500, 78.87170263032058400, 650.0000000000000000 ) ) ;
#4812 = CARTESIAN_POINT ( 'NONE',  ( -466.7107338811861200, -69.24084322058334400, -655.0000000000000000 ) ) ;
#4813 = CARTESIAN_POINT ( 'NONE',  ( -170.8618212845566400, 318.3551613702234100, 239.9999999999999400 ) ) ;
#4814 = CARTESIAN_POINT ( 'NONE',  ( -1534.030086240052700, -201.6600000000000000, 1100.000000000000000 ) ) ;
#4815 = CARTESIAN_POINT ( 'NONE',  ( -969.8308515967182800, 2.957272304234565200, -68.79590352574899700 ) ) ;
#4816 = CARTESIAN_POINT ( 'NONE',  ( -533.3592136239985800, -3.954536307887489800, -123.3249956252032900 ) ) ;
#4817 = B_SPLINE_CURVE_WITH_KNOTS ( 'NONE', 3,
 ( #5295, #1989, #4663, #4746, #4640, #2017, #5847, #1388, #6398, #3126, #255, #2511, #5820, #3641, #1913, #330, #1937, #5736 ),
 .UNSPECIFIED., .F., .F.,
 ( 4, 2, 2, 2, 2, 2, 2, 2, 4 ),
 ( 0.0000000000000000000, 0.007019102279065752400, 0.01403820455813150500, 0.02105730683719725700, 0.02807640911626301000, 0.03509551139532876600, 0.04211461367439451500, 0.04913371595346026400, 0.05615281823252601900 ),
 .UNSPECIFIED. ) ;
#4818 = ORIENTED_EDGE ( 'NONE', *, *, #6269, .T. ) ;
#4819 = CARTESIAN_POINT ( 'NONE',  ( -587.0247678124950400, -19.08031501468063200, 269.6510752201530700 ) ) ;
#4820 = ORIENTED_EDGE ( 'NONE', *, *, #2391, .T. ) ;
#4821 = CARTESIAN_POINT ( 'NONE',  ( -1002.015125049206900, 1.148495557612440300, -47.28594084122796200 ) ) ;
#4822 = ORIENTED_EDGE ( 'NONE', *, *, #4767, .F. ) ;
#4823 = CARTESIAN_POINT ( 'NONE',  ( -536.3057127037916400, 410.8086603323639000, -650.0000000000000000 ) ) ;
#4824 = EDGE_CURVE ( 'NONE', #1463, #714, #655, .T. ) ;
#4825 = CARTESIAN_POINT ( 'NONE',  ( -731.8165205886452900, 51.46764385215429600, 120.2917345085317900 ) ) ;
#4826 = CARTESIAN_POINT ( 'NONE',  ( -182.5422089380673800, 294.7573435709114700, 239.9999999999998900 ) ) ;
#4827 = ORIENTED_EDGE ( 'NONE', *, *, #1495, .F. ) ;
#4828 = CARTESIAN_POINT ( 'NONE',  ( -182.5852068256868400, 289.6249582049362600, -138.5994449672962500 ) ) ;
#4829 = CARTESIAN_POINT ( 'NONE',  ( -977.8172088364416400, -37.53297281724876900, 20.83333333333332900 ) ) ;
#4830 = CARTESIAN_POINT ( 'NONE',  ( -138.0743293218475300, 281.8175631553101000, 240.0000000000000300 ) ) ;
#4831 = CARTESIAN_POINT ( 'NONE',  ( -73.70410841174263800, 308.4268584105810200, -142.2288149144277200 ) ) ;
#4832 = ORIENTED_EDGE ( 'NONE', *, *, #5421, .T. ) ;
#4833 = CARTESIAN_POINT ( 'NONE',  ( -1008.478236838838900, 0.7852645425279661800, 38.08156161805755600 ) ) ;
#4834 = ORIENTED_EDGE ( 'NONE', *, *, #3199, .T. ) ;
#4835 = CARTESIAN_POINT ( 'NONE',  ( -113.3031258152639400, 333.6103978901779200, -115.8949626346376400 ) ) ;
#4836 = UNCERTAINTY_MEASURE_WITH_UNIT (LENGTH_MEASURE( 1.000000000000000100E-005 ), #2782, 'distance_accuracy_value', 'NONE');
#4837 = CARTESIAN_POINT ( 'NONE',  ( -696.5525605907316700, 34.37610153710661400, 650.5168418292771500 ) ) ;
#4838 = CARTESIAN_POINT ( 'NONE',  ( -694.6791281471544200, 38.45685774926644000, 655.0000000000000000 ) ) ;
#4839 = CARTESIAN_POINT ( 'NONE',  ( -1016.482751041920100, 0.3354057262364107900, -11.99965543216169600 ) ) ;
#4840 = CARTESIAN_POINT ( 'NONE',  ( -708.7346547213518300, 1.484931209317544600, 803.9143038543070400 ) ) ;
#4841 = CARTESIAN_POINT ( 'NONE',  ( -940.3178633056692200, 5.847535751253055900, -59.41451489879682400 ) ) ;
#4842 = CARTESIAN_POINT ( 'NONE',  ( -767.7837809538689300, 23.42730997547047500, 64.10548462347611600 ) ) ;
#4843 = CARTESIAN_POINT ( 'NONE',  ( -855.3638864233464600, 39.31221243612954900, 114.8816014359640100 ) ) ;
#4844 = CARTESIAN_POINT ( 'NONE',  ( -147.9308454090988800, 322.9970192977867800, 240.0000000000000300 ) ) ;
#4845 = B_SPLINE_CURVE_WITH_KNOTS ( 'NONE', 2,
 ( #198, #6301, #3549 ),
 .UNSPECIFIED., .F., .F.,
 ( 3, 3 ),
 ( 0.0000000000000000000, 1.000000000000000000 ),
 .UNSPECIFIED. ) ;
#4846 = CARTESIAN_POINT ( 'NONE',  ( -770.0781440828610600, -51.00000000000041200, -54.73844108900409100 ) ) ;
#4847 = CARTESIAN_POINT ( 'NONE',  ( -728.6117111961243600, -24.22778181205591600, -269.8657537935164300 ) ) ;
#4848 = VECTOR ( 'NONE', #5340, 1000.000000000000000 ) ;
#4849 = EDGE_CURVE ( 'NONE', #3620, #5424, #2088, .T. ) ;
#4850 = CARTESIAN_POINT ( 'NONE',  ( -308.7992690864780300, 140.4205989181334900, 650.0000000000000000 ) ) ;
#4851 = CARTESIAN_POINT ( 'NONE',  ( -1029.463172040938400, 28.93689707468068700, -38.83459501881051800 ) ) ;
#4852 = PLANE ( 'NONE',  #1209 ) ;
#4853 = CARTESIAN_POINT ( 'NONE',  ( -153.3744953492061400, 281.2309013685304000, 239.9999999999999400 ) ) ;
#4854 = ORIENTED_EDGE ( 'NONE', *, *, #1640, .T. ) ;
#4855 = CARTESIAN_POINT ( 'NONE',  ( -703.8057536442643100, 16.56588242570789000, -661.3112668246922100 ) ) ;
#4856 = CARTESIAN_POINT ( 'NONE',  ( -1006.539927943613000, 0.8941987417924398600, -41.28263253712534500 ) ) ;
#4857 =( BOUNDED_SURFACE ( )  B_SPLINE_SURFACE ( 3, 2, ( 
 ( #1820, #3490, #2359 ),
 ( #175, #3964, #200 ),
 ( #4003, #4023, #2318 ),
 ( #4519, #744, #1311 ),
 ( #6131, #2900, #3447 ),
 ( #154, #4563, #2858 ),
 ( #116, #3945, #686 ),
 ( #1289, #4498, #5063 ),
 ( #5084, #320, #1903 ),
 ( #2423, #3577, #5776 ) ),
 .UNSPECIFIED., .F., .F., .F. ) 
 B_SPLINE_SURFACE_WITH_KNOTS ( ( 4, 2, 2, 2, 4 ),
 ( 3, 3 ),
 ( 5.041869326281649000, 5.207052282524292900, 5.372235238766935900, 5.537418195009578900, 5.702601151252222800 ),
 ( 0.0000000000000000000, 1.000000000000000000 ),
 .UNSPECIFIED. ) 
 GEOMETRIC_REPRESENTATION_ITEM ( )  RATIONAL_B_SPLINE_SURFACE ( (
 ( 1.000000000000000000, 0.7441224190802596700, 1.000000000000000000),
 ( 1.000000000000000000, 0.7499348324510277700, 1.000000000000000000),
 ( 1.000000000000000000, 0.7555136892836736800, 1.000000000000000000),
 ( 1.000000000000000000, 0.7660890897124076300, 1.000000000000000000),
 ( 1.000000000000000000, 0.7710853641849434400, 1.000000000000000000),
 ( 1.000000000000000000, 0.7803960150859149400, 1.000000000000000000),
 ( 1.000000000000000000, 0.7847104072536702500, 1.000000000000000000),
 ( 1.000000000000000000, 0.7925756853449691400, 1.000000000000000000),
 ( 1.000000000000000000, 0.7961268479165667400, 1.000000000000000000),
 ( 1.000000000000000000, 0.7992633989974036200, 1.000000000000000000) ) ) 
 REPRESENTATION_ITEM ( '' )  SURFACE ( )  );
#4858 = CARTESIAN_POINT ( 'NONE',  ( -128.3348023251957700, 283.0725189227221700, 240.0000000000000600 ) ) ;
#4859 = CARTESIAN_POINT ( 'NONE',  ( -183.0252473942637200, 303.2686056193286400, -138.5847769483437400 ) ) ;
#4860 = CARTESIAN_POINT ( 'NONE',  ( -1030.581148822480800, 31.23623109973122800, 32.19094901363848000 ) ) ;
#4861 = CARTESIAN_POINT ( 'NONE',  ( -740.6734511966680000, -31.23106814407374500, 36.91485756804480900 ) ) ;
#4862 = CARTESIAN_POINT ( 'NONE',  ( -693.7416788832711100, 40.39804840806833400, 655.0000000000000000 ) ) ;
#4863 = LINE ( 'NONE', #5286, #5031 ) ;
#4864 = CARTESIAN_POINT ( 'NONE',  ( -1013.420966418355300, 0.5074799797827813700, 27.13097055452727300 ) ) ;
#4865 = FILL_AREA_STYLE_COLOUR ( '', #5697 ) ;
#4866 = EDGE_LOOP ( 'NONE', ( #6780, #179, #5004, #6129, #3712, #5607 ) ) ;
#4867 = FACE_OUTER_BOUND ( 'NONE', #6803, .T. ) ;
#4868 = CARTESIAN_POINT ( 'NONE',  ( -766.6240614248512200, 23.42730997547047500, 63.24732940658812900 ) ) ;
#4869 = CARTESIAN_POINT ( 'NONE',  ( -857.1553278937126400, 37.57964970500294300, 114.7056959723807900 ) ) ;
#4870 = CARTESIAN_POINT ( 'NONE',  ( -161.8737771863409600, 321.3448151126177100, 239.9999999999999400 ) ) ;
#4871 = EDGE_LOOP ( 'NONE', ( #5011, #323, #6225, #3879 ) ) ;
#4872 = CARTESIAN_POINT ( 'NONE',  ( -715.9925572300869600, -31.52321676645593500, -757.9177936073437000 ) ) ;
#4873 = CARTESIAN_POINT ( 'NONE',  ( -1025.411725604767300, 19.88191308001094600, 50.73740327850475800 ) ) ;
#4874 = LINE ( 'NONE', #6890, #4782 ) ;
#4875 = ORIENTED_EDGE ( 'NONE', *, *, #3927, .F. ) ;
#4876 = CARTESIAN_POINT ( 'NONE',  ( -533.3592136239985800, -3.954536307887489800, 123.3249956252032900 ) ) ;
#4877 = AXIS2_PLACEMENT_3D ( 'NONE', #5269, #2536, #4211 ) ;
#4878 = CARTESIAN_POINT ( 'NONE',  ( -1011.532361639128800, 0.6136207759473436600, -31.90874935249161800 ) ) ;
#4879 = CARTESIAN_POINT ( 'NONE',  ( -162.1868132481971300, 282.7314311018927200, 239.9999999999999700 ) ) ;
#4880 = CARTESIAN_POINT ( 'NONE',  ( -713.2982948011070900, -16.71827964656648300, -690.0274511724634300 ) ) ;
#4881 = CARTESIAN_POINT ( 'NONE',  ( -258.7992690864780300, 5.057472162087130100, 806.1456689356795100 ) ) ;
#4882 = ORIENTED_EDGE ( 'NONE', *, *, #6128, .T. ) ;
#4883 = CARTESIAN_POINT ( 'NONE',  ( -373.3555789850455000, 36.56653149616109000, -873.1155386462564800 ) ) ;
#4884 = CARTESIAN_POINT ( 'NONE',  ( -69.51277192546929500, 291.0391055999701300, 239.9999999999999400 ) ) ;
#4885 = CARTESIAN_POINT ( 'NONE',  ( -168.9615670094477200, 314.0372681634145800, -139.0535662945042400 ) ) ;
#4886 = CARTESIAN_POINT ( 'NONE',  ( -706.3548418181709400, 9.107886569443596900, 909.7930239732512500 ) ) ;
#4887 = EDGE_LOOP ( 'NONE', ( #1231, #1312, #5981, #3283 ) ) ;
#4888 = CARTESIAN_POINT ( 'NONE',  ( -930.5021719132792000, 7.164169369840226200, 69.74685346525264200 ) ) ;
#4889 = CARTESIAN_POINT ( 'NONE',  ( -931.6584390925942200, -43.93451367685270300, -69.65727128011307900 ) ) ;
#4890 = CARTESIAN_POINT ( 'NONE',  ( -801.4150016023039600, -73.21928833898205400, 20.83333333333332900 ) ) ;
#4891 = VERTEX_POINT ( 'NONE', #172 ) ;
#4892 =( NAMED_UNIT ( * ) SI_UNIT ( $, .STERADIAN. ) SOLID_ANGLE_UNIT ( ) );
#4893 = CARTESIAN_POINT ( 'NONE',  ( -865.5321902036885100, 34.07206661870581100, 113.8063720157477400 ) ) ;
#4894 = CARTESIAN_POINT ( 'NONE',  ( -154.4379478435263000, 322.6624567202409300, 239.9999999999999700 ) ) ;
#4895 = CARTESIAN_POINT ( 'NONE',  ( -1021.074700142277500, 20.99602887136788700, -56.80099378340558800 ) ) ;
#4896 = CARTESIAN_POINT ( 'NONE',  ( -721.1638438405128700, -28.50215867585638200, 123.2493405169230300 ) ) ;
#4897 = CARTESIAN_POINT ( 'NONE',  ( -883.5013115237624100, -49.26417421267674300, 68.28464704035596400 ) ) ;
#4898 = CARTESIAN_POINT ( 'NONE',  ( -731.8328558798079900, 116.1642536705869700, -120.2911899988255700 ) ) ;
#4899 = CARTESIAN_POINT ( 'NONE',  ( -932.5699866336528900, 7.677030560070400100, -90.70460225750478900 ) ) ;
#4900 = CARTESIAN_POINT ( 'NONE',  ( -157.8520155076647300, 281.8239481656242400, 240.0000000000000000 ) ) ;
#4901 = EDGE_CURVE ( 'NONE', #3491, #552, #4279, .T. ) ;
#4902 = CARTESIAN_POINT ( 'NONE',  ( -158.1885712959345700, 276.7085917886793700, -139.4126661516213200 ) ) ;
#4903 = CARTESIAN_POINT ( 'NONE',  ( -986.5062926045142100, -40.67839419687521700, 312.7510206763798200 ) ) ;
#4904 = CARTESIAN_POINT ( 'NONE',  ( -354.4524889245732300, 34.68598908641356400, -880.5041769902427400 ) ) ;
#4905 = CARTESIAN_POINT ( 'NONE',  ( -42.30161604807683100, 295.2401520031291400, 239.9999999999999700 ) ) ;
#4906 = CARTESIAN_POINT ( 'NONE',  ( -111.1702897969567900, 313.5450642595636200, -140.9799422015872800 ) ) ;
#4907 = ORIENTED_EDGE ( 'NONE', *, *, #734, .F. ) ;
#4908 = DIRECTION ( 'NONE',  ( 0.0000000000000000000, 1.000000000000000000, 0.0000000000000000000 ) ) ;
#4909 = ORIENTED_EDGE ( 'NONE', *, *, #6606, .F. ) ;
#4910 = CARTESIAN_POINT ( 'NONE',  ( -938.9130499820681700, -42.81387797026829400, -64.85938609751606500 ) ) ;
#4911 = CARTESIAN_POINT ( 'NONE',  ( -413.0707898217586400, 61.93453721306574500, 650.0000000000000000 ) ) ;
#4912 = CARTESIAN_POINT ( 'NONE',  ( -938.9216760350283300, 5.984267043717601100, -64.84484457364290200 ) ) ;
#4913 = EDGE_CURVE ( 'NONE', #5044, #5565, #4845, .T. ) ;
#4914 = ORIENTED_EDGE ( 'NONE', *, *, #3857, .F. ) ;
#4915 = CARTESIAN_POINT ( 'NONE',  ( -802.4590550234877400, 19.34831278196676500, -93.71200958796377700 ) ) ;
#4916 = CARTESIAN_POINT ( 'NONE',  ( -171.5476010027769900, 318.0483613598670400, 240.0000000000000600 ) ) ;
#4917 = ORIENTED_EDGE ( 'NONE', *, *, #5135, .T. ) ;
#4918 = AXIS2_PLACEMENT_3D ( 'NONE', #1450, #2468, #4112 ) ;
#4919 = CARTESIAN_POINT ( 'NONE',  ( -712.8896195770642000, -14.83301836324723800, -788.9311496333427800 ) ) ;
#4920 = CARTESIAN_POINT ( 'NONE',  ( -916.7563044718366400, -46.05348822740580800, 69.32437337286214100 ) ) ;
#4921 = ORIENTED_EDGE ( 'NONE', *, *, #1640, .F. ) ;
#4922 = VERTEX_POINT ( 'NONE', #1922 ) ;
#4923 = CARTESIAN_POINT ( 'NONE',  ( -367.9313192756203000, 108.1367673492333400, 593.0918799415274000 ) ) ;
#4924 = CARTESIAN_POINT ( 'NONE',  ( -1008.712152117855200, 20.80367857178739800, -39.56955737032578900 ) ) ;
#4925 = ORIENTED_EDGE ( 'NONE', *, *, #901, .F. ) ;
#4926 = CARTESIAN_POINT ( 'NONE',  ( -737.2857582750588100, 132.1860949645301600, -113.4557284712844000 ) ) ;
#4927 = CARTESIAN_POINT ( 'NONE',  ( -1004.167345983600700, 1.027539364971652700, -44.51969783023678700 ) ) ;
#4928 = CARTESIAN_POINT ( 'NONE',  ( -731.8328558798079900, 116.1642536705869700, -120.2911899988255700 ) ) ;
#4929 = VERTEX_POINT ( 'NONE', #2401 ) ;
#4930 = CARTESIAN_POINT ( 'NONE',  ( -42.34587495147882700, 295.2327404382505700, 239.9999999999999400 ) ) ;
#4931 = CARTESIAN_POINT ( 'NONE',  ( -32.62372279653304500, 301.9152620411923100, -143.5981611016014200 ) ) ;
#4932 = CARTESIAN_POINT ( 'NONE',  ( -698.3699910248353700, 30.24741498548467100, 877.8549157970903700 ) ) ;
#4933 = FACE_OUTER_BOUND ( 'NONE', #1236, .T. ) ;
#4934 = CARTESIAN_POINT ( 'NONE',  ( -935.1270327029192200, -43.34917927424653800, -50.96282958029106400 ) ) ;
#4935 = CARTESIAN_POINT ( 'NONE',  ( -768.5114643557401500, -48.68087987166185100, -55.03441068483324000 ) ) ;
#4936 = DIRECTION ( 'NONE',  ( -0.9427946626885517200, -0.3318894391366361600, 0.03142648875628503000 ) ) ;
#4937 = CARTESIAN_POINT ( 'NONE',  ( -577.8150427649254700, 36.06600322406037400, 843.5774054083775600 ) ) ;
#4938 = VECTOR ( 'NONE', #1842, 1000.000000000000100 ) ;
#4939 = CARTESIAN_POINT ( 'NONE',  ( -174.2730896984808500, 316.6550082417208500, 239.9999999999999700 ) ) ;
#4940 = AXIS2_PLACEMENT_3D ( 'NONE', #4823, #1987, #2619 ) ;
#4941 =( BOUNDED_CURVE ( )  B_SPLINE_CURVE ( 3, ( #5640, #3995, #699, #3919 ),
 .UNSPECIFIED., .F., .F. ) 
 B_SPLINE_CURVE_WITH_KNOTS ( ( 4, 4 ),
 ( 1.869521208757836800, 1.881377634859616300 ),
 .UNSPECIFIED. ) 
 CURVE ( )  GEOMETRIC_REPRESENTATION_ITEM ( )  RATIONAL_B_SPLINE_CURVE ( ( 1.000000000000000000, 0.9999882854643154000, 0.9999882854643154000, 1.000000000000000000 ) ) 
 REPRESENTATION_ITEM ( '' )  );
#4942 = CARTESIAN_POINT ( 'NONE',  ( -5.573319583618285200E-011, 119.9869196084536600, -121.2111350633758100 ) ) ;
#4943 = CARTESIAN_POINT ( 'NONE',  ( -527.5130262030224900, -0.1796302367025645900, 269.5430657194446000 ) ) ;
#4944 = CARTESIAN_POINT ( 'NONE',  ( -660.2597997243057100, -38.85965434988927600, -36.90725014597639800 ) ) ;
#4945 = B_SPLINE_CURVE_WITH_KNOTS ( 'NONE', 3,
 ( #6136, #3512, #212, #2866, #2824, #3417, #4036 ),
 .UNSPECIFIED., .F., .F.,
 ( 4, 1, 1, 1, 4 ),
 ( 0.0000000000000000000, 0.2982968211775609600, 0.6153669425867313000, 0.7410739866888770300, 1.000000000000000000 ),
 .UNSPECIFIED. ) ;
#4946 = EDGE_CURVE ( 'NONE', #3207, #709, #7068, .T. ) ;
#4947 = FACE_OUTER_BOUND ( 'NONE', #4866, .T. ) ;
#4948 = CARTESIAN_POINT ( 'NONE',  ( -184.6267484020549400, 283.4185262867598600, -239.9999999999998900 ) ) ;
#4949 = CARTESIAN_POINT ( 'NONE',  ( -1029.837739202820300, 29.57719228365731100, -37.05460665703407800 ) ) ;
#4950 = CARTESIAN_POINT ( 'NONE',  ( -927.0117250523261400, 9.517386651484473600, -94.61123259189010100 ) ) ;
#4951 = CARTESIAN_POINT ( 'NONE',  ( -938.7427687354911500, -42.84202518142500800, 65.13462608082210200 ) ) ;
#4952 = CARTESIAN_POINT ( 'NONE',  ( -156.3430647790108900, 276.4090607070185700, -139.4741830355188200 ) ) ;
#4953 = CARTESIAN_POINT ( 'NONE',  ( -530.2061565769819300, -7.705684670995872000, -0.0000000000000000000 ) ) ;
#4954 = CARTESIAN_POINT ( 'NONE',  ( -537.2326027899205200, 35.81488012208424700, -842.5561545385325000 ) ) ;
#4955 = VECTOR ( 'NONE', #3923, 1000.000000000000200 ) ;
#4956 = CARTESIAN_POINT ( 'NONE',  ( -99.29421798320792900, 286.8933071055711300, 240.0000000000000300 ) ) ;
#4957 = CARTESIAN_POINT ( 'NONE',  ( -855.3638864233522600, 73.05180959641889200, 114.8816014359633800 ) ) ;
#4958 = ORIENTED_EDGE ( 'NONE', *, *, #1390, .T. ) ;
#4959 = CARTESIAN_POINT ( 'NONE',  ( -706.3227044036659700, 9.206207298365145100, 809.2259881922757400 ) ) ;
#4960 = CIRCLE ( 'NONE', #6572, 612.0000000000000000 ) ;
#4961 = CARTESIAN_POINT ( 'NONE',  ( -715.1141262912086600, -26.08354345183530800, 772.0234409454403700 ) ) ;
#4962 = CARTESIAN_POINT ( 'NONE',  ( -855.3638864233430500, 400.0000000000000000, 114.8816014359641600 ) ) ;
#4963 = CARTESIAN_POINT ( 'NONE',  ( -32.95435467371684300, 307.1315483765967000, 143.5871400390286100 ) ) ;
#4964 = DIRECTION ( 'NONE',  ( 1.000000000000000000, 0.0000000000000000000, 0.0000000000000000000 ) ) ;
#4965 = CARTESIAN_POINT ( 'NONE',  ( -587.9891637241612400, -77.57978771338689200, -844.4600299651675600 ) ) ;
#4966 = CARTESIAN_POINT ( 'NONE',  ( -536.4089367922349500, -10.00669366827950500, 36.89144407851289000 ) ) ;
#4967 = CARTESIAN_POINT ( 'NONE',  ( -388.9432538963668500, 74.58854699431687200, -650.0000000000000000 ) ) ;
#4968 = EDGE_CURVE ( 'NONE', #6588, #5205, #900, .T. ) ;
#4969 = CARTESIAN_POINT ( 'NONE',  ( -322.1861935387366300, 90.00000000000000000, -894.2688876573925000 ) ) ;
#4970 = ORIENTED_EDGE ( 'NONE', *, *, #2317, .T. ) ;
#4971 = CARTESIAN_POINT ( 'NONE',  ( -971.0375125829706300, -46.70541187800891700, 0.0000000000000000000 ) ) ;
#4972 = CARTESIAN_POINT ( 'NONE',  ( -1021.074700142277700, 20.99602887136783000, 56.80099378340646900 ) ) ;
#4973 = CARTESIAN_POINT ( 'NONE',  ( -413.0707898217584700, 61.93453721306585200, 650.0000000000000000 ) ) ;
#4974 = CARTESIAN_POINT ( 'NONE',  ( -139.4319057943512000, 276.4947154104953000, -140.0378883350074900 ) ) ;
#4975 = CARTESIAN_POINT ( 'NONE',  ( -543.7093750069233200, -4.444517910330201700, 69.79237180920748100 ) ) ;
#4976 = CARTESIAN_POINT ( 'NONE',  ( -449.1437155460259300, 37.48036544788919100, -851.9120848864365600 ) ) ;
#4977 = CARTESIAN_POINT ( 'NONE',  ( -103.2867028085944100, 286.3579121887311200, 239.9999999999999400 ) ) ;
#4978 = CARTESIAN_POINT ( 'NONE',  ( -714.7194513955494100, -23.90258247188046100, 764.4945956412560700 ) ) ;
#4979 = CARTESIAN_POINT ( 'NONE',  ( -707.6635419309777700, 4.958084258317585500, 912.8622417098479200 ) ) ;
#4980 = CARTESIAN_POINT ( 'NONE',  ( -765.7254551088470900, -48.43646642707010100, -57.56148005813606300 ) ) ;
#4981 = CARTESIAN_POINT ( 'NONE',  ( -715.7291235476180900, -29.82373816632739100, 763.0456428029044700 ) ) ;
#4982 = EDGE_CURVE ( 'NONE', #6818, #1021, #3143, .T. ) ;
#4983 = CARTESIAN_POINT ( 'NONE',  ( -156.6786733874626200, 322.3868492172487100, 139.4629960819038400 ) ) ;
#4984 = SURFACE_STYLE_USAGE ( .BOTH. , #1093 ) ;
#4985 = CARTESIAN_POINT ( 'NONE',  ( -19.50767120194625200, 304.2299591018293700, 144.0353628214209600 ) ) ;
#4986 = EDGE_LOOP ( 'NONE', ( #1395, #5033, #6775, #3050 ) ) ;
#4987 = CARTESIAN_POINT ( 'NONE',  ( -321.5451039146831200, 29.48596972429456300, 892.7660891112622000 ) ) ;
#4988 = CARTESIAN_POINT ( 'NONE',  ( -1033.674350646355200, 22.11417396234629300, -34.26915121596590600 ) ) ;
#4989 = CARTESIAN_POINT ( 'NONE',  ( -361.6988694103687900, 88.83743286960660200, -650.0000000000000000 ) ) ;
#4990 = B_SPLINE_CURVE_WITH_KNOTS ( 'NONE', 3,
 ( #2613, #3713, #461, #3144, #1510, #4280, #3688 ),
 .UNSPECIFIED., .F., .F.,
 ( 4, 1, 1, 1, 4 ),
 ( 0.0000000000000000000, 0.2589260133111229700, 0.3846330574132687000, 0.7017031788224390400, 1.000000000000000000 ),
 .UNSPECIFIED. ) ;
#4991 = CARTESIAN_POINT ( 'NONE',  ( -966.3214397844178600, 3.300955721908109400, -72.53541750677389600 ) ) ;
#4992 = CARTESIAN_POINT ( 'NONE',  ( -530.2061565769819300, -7.705684670995867500, -0.0000000000000000000 ) ) ;
#4993 = CARTESIAN_POINT ( 'NONE',  ( -242.9611338164051200, 106.7869733464175700, 136.5869140676058500 ) ) ;
#4994 = CARTESIAN_POINT ( 'NONE',  ( -939.3852700092813800, -42.70115108764507300, 55.50838211474222600 ) ) ;
#4995 = CLOSED_SHELL ( 'NONE', ( #6739, #2384, #4039, #381, #6255, #4718 ) ) ;
#4996 = CARTESIAN_POINT ( 'NONE',  ( -130.0446369324530700, 277.7024252530008500, -140.3507972970707600 ) ) ;
#4997 = CARTESIAN_POINT ( 'NONE',  ( -184.6267484020526400, 296.8509855691290200, -137.9225819429058500 ) ) ;
#4998 = CARTESIAN_POINT ( 'NONE',  ( -702.5238485517805900, 842.3936719187338400, 0.0000000000000000000 ) ) ;
#4999 = CARTESIAN_POINT ( 'NONE',  ( -948.7841062061123700, 5.018420375086568800, -81.73844108900408400 ) ) ;
#5000 = CARTESIAN_POINT ( 'NONE',  ( -715.6336503544301900, -29.21929626025117300, 722.7850428044708900 ) ) ;
#5001 = ORIENTED_EDGE ( 'NONE', *, *, #5152, .T. ) ;
#5002 = CARTESIAN_POINT ( 'NONE',  ( -731.8155817058952800, 51.43869147891162900, -120.2917546574219900 ) ) ;
#5003 = AXIS2_PLACEMENT_3D ( 'NONE', #697, #673, #190 ) ;
#5004 = ORIENTED_EDGE ( 'NONE', *, *, #945, .F. ) ;
#5005 = CARTESIAN_POINT ( 'NONE',  ( -766.4222736989182700, -48.49851136813748600, -56.48369132554596900 ) ) ;
#5006 = CARTESIAN_POINT ( 'NONE',  ( -715.4735367841798300, -28.24089478680207300, 767.0836396420562600 ) ) ;
#5007 = CARTESIAN_POINT ( 'NONE',  ( -148.1258741792754300, 323.0056917046265400, 139.7480893888435100 ) ) ;
#5008 = EDGE_CURVE ( 'NONE', #786, #2396, #5393, .T. ) ;
#5009 = VERTEX_POINT ( 'NONE', #3576 ) ;
#5010 = CARTESIAN_POINT ( 'NONE',  ( -731.7864576315485000, 51.44151787730127300, 120.2923821743054300 ) ) ;
#5011 = ORIENTED_EDGE ( 'NONE', *, *, #1048, .T. ) ;
#5012 = CARTESIAN_POINT ( 'NONE',  ( -721.0375125829708600, -43.02027741034830700, -20.83333333333332900 ) ) ;
#5013 = CARTESIAN_POINT ( 'NONE',  ( -715.8349317611191500, -30.49831232253579900, -706.9905599245727200 ) ) ;
#5014 = CARTESIAN_POINT ( 'NONE',  ( -704.4337936523577400, 14.75190279703574500, -904.5844062775205400 ) ) ;
#5015 = CARTESIAN_POINT ( 'NONE',  ( -931.5052617981266400, 7.164169369840226200, 69.67580674372247500 ) ) ;
#5016 = EDGE_CURVE ( 'NONE', #2648, #923, #4129, .T. ) ;
#5017 = CARTESIAN_POINT ( 'NONE',  ( -1029.116794953163400, 36.85077647405886800, -8.566006217983263200 ) ) ;
#5018 = CARTESIAN_POINT ( 'NONE',  ( -769.0642468253602100, 32.25061285086973600, 479.9273741711696200 ) ) ;
#5019 = CARTESIAN_POINT ( 'NONE',  ( -524.0839179233563500, 24.10135128894039600, 479.8898481359895500 ) ) ;
#5020 = CARTESIAN_POINT ( 'NONE',  ( -146.9854125213493900, 275.8644829610982500, -139.7861047774408700 ) ) ;
#5021 = CARTESIAN_POINT ( 'NONE',  ( -706.7668926889495000, 7.809641298080331100, -916.9693845669907000 ) ) ;
#5022 = CARTESIAN_POINT ( 'NONE',  ( -976.9737192650889000, 2.555838574129717200, -87.87440580865491300 ) ) ;
#5023 = CARTESIAN_POINT ( 'NONE',  ( -855.4052764537871100, 73.21699231938879400, 114.8776019093388500 ) ) ;
#5024 = ORIENTED_EDGE ( 'NONE', *, *, #418, .T. ) ;
#5025 = CARTESIAN_POINT ( 'NONE',  ( -506.4732820139794300, 34.82758123031853600, 838.9719875434379900 ) ) ;
#5026 = CYLINDRICAL_SURFACE ( 'NONE', #3302, 80.00000000000000000 ) ;
#5027 = CARTESIAN_POINT ( 'NONE',  ( -713.5911093764103700, -18.11098111607519800, 683.3047441987547500 ) ) ;
#5028 = CARTESIAN_POINT ( 'NONE',  ( -933.3004954243094700, 6.534760022877452300, -50.16678825163163000 ) ) ;
#5029 = B_SPLINE_CURVE_WITH_KNOTS ( 'NONE', 3,
 ( #319, #881, #3658, #2054, #404, #941, #1973, #6354, #3085, #4761, #3628, #6955, #3683, #344, #4174, #2730, #509, #5411, #6515, #5998, #5953, #3828, #4937, #7010 ),
 .UNSPECIFIED., .F., .F.,
 ( 4, 2, 2, 2, 2, 2, 2, 2, 2, 2, 2, 4 ),
 ( 0.0000000000000000000, 0.01518701424963885300, 0.03037402849927770700, 0.06074805699855531000, 0.09112208549783290500, 0.1063090997474717100, 0.1139026068722911000, 0.1214961139971105100, 0.1518701424963883300, 0.1822441709956661400, 0.2126181994949439300, 0.2429922279942217700 ),
 .UNSPECIFIED. ) ;
#5030 = CARTESIAN_POINT ( 'NONE',  ( -90.07172692397512000, 315.8759922445878500, 141.6832276306868200 ) ) ;
#5031 = VECTOR ( 'NONE', #2008, 1000.000000000000000 ) ;
#5032 = CARTESIAN_POINT ( 'NONE',  ( -148.3582214366009300, 280.9999862769053000, 239.9999999999999400 ) ) ;
#5033 = ORIENTED_EDGE ( 'NONE', *, *, #1390, .F. ) ;
#5034 = CARTESIAN_POINT ( 'NONE',  ( -696.5525605907316700, 34.37610153710657100, -650.5168418292771500 ) ) ;
#5035 = CARTESIAN_POINT ( 'NONE',  ( -415.6344125201075000, 37.76371467801503500, -854.4256203439347200 ) ) ;
#5036 = EDGE_CURVE ( 'NONE', #3192, #5971, #6644, .T. ) ;
#5037 = FACE_BOUND ( 'NONE', #2586, .T. ) ;
#5038 = DIRECTION ( 'NONE',  ( 0.8525939347305837600, 0.0000000000000000000, -0.5225739971148785100 ) ) ;
#5039 =( BOUNDED_CURVE ( )  B_SPLINE_CURVE ( 3, ( #1497, #3675, #4802, #2625 ),
 .UNSPECIFIED., .F., .F. ) 
 B_SPLINE_CURVE_WITH_KNOTS ( ( 4, 4 ),
 ( 4.422776726220851300, 4.496291664398972500 ),
 .UNSPECIFIED. ) 
 CURVE ( )  GEOMETRIC_REPRESENTATION_ITEM ( )  RATIONAL_B_SPLINE_CURVE ( ( 1.000000000000000000, 0.9995496801948379200, 0.9995496801948379200, 1.000000000000000000 ) ) 
 REPRESENTATION_ITEM ( '' )  );
#5040 = CARTESIAN_POINT ( 'NONE',  ( -1030.615153357840200, 34.54066503454628600, 20.58289708186490000 ) ) ;
#5041 = CARTESIAN_POINT ( 'NONE',  ( -320.2242704645746600, 100.0000000000000000, 889.6698814765889000 ) ) ;
#5042 = CARTESIAN_POINT ( 'NONE',  ( -936.0010970477606000, 7.164169369840226200, 68.01343510453550300 ) ) ;
#5043 = CARTESIAN_POINT ( 'NONE',  ( -766.2244885543742600, 22.89683324866591400, 56.73347681971808500 ) ) ;
#5044 = VERTEX_POINT ( 'NONE', #1859 ) ;
#5045 = FACE_OUTER_BOUND ( 'NONE', #748, .T. ) ;
#5046 = CARTESIAN_POINT ( 'NONE',  ( -765.3901648918385900, 22.97854016228065500, -61.01167549496683800 ) ) ;
#5047 = CARTESIAN_POINT ( 'NONE',  ( -541.8885715921194300, -5.816779783864600300, -0.0000000000000000000 ) ) ;
#5048 = LINE ( 'NONE', #581, #3568 ) ;
#5049 = CARTESIAN_POINT ( 'NONE',  ( -911.1482789880691400, 23.89126980957379900, -106.6353059780189600 ) ) ;
#5050 = CARTESIAN_POINT ( 'NONE',  ( -14.62674840205270700, 301.6171103891456900, 239.9999999999999700 ) ) ;
#5051 = CARTESIAN_POINT ( 'NONE',  ( -714.8554148601530200, -24.65273771380776700, 762.6033802862367600 ) ) ;
#5052 = ORIENTED_EDGE ( 'NONE', *, *, #131, .F. ) ;
#5053 = CARTESIAN_POINT ( 'NONE',  ( -709.9123766264485800, -2.685871164607329700, 667.2839513352130300 ) ) ;
#5054 = CARTESIAN_POINT ( 'NONE',  ( -145.5227232030762000, 322.9245957599914000, 139.8348610880501000 ) ) ;
#5055 = B_SPLINE_CURVE_WITH_KNOTS ( 'NONE', 3,
 ( #6087, #4957, #55, #5023 ),
 .UNSPECIFIED., .F., .F.,
 ( 4, 4 ),
 ( 0.0000000000000000000, 0.0002546338832169736600 ),
 .UNSPECIFIED. ) ;
#5056 = AXIS2_PLACEMENT_3D ( 'NONE', #2254, #6568, #6032 ) ;
#5057 = CARTESIAN_POINT ( 'NONE',  ( -41.08509331251923400, 308.5611564027128700, 143.3161154177352600 ) ) ;
#5058 = ORIENTED_EDGE ( 'NONE', *, *, #2015, .F. ) ;
#5059 = CARTESIAN_POINT ( 'NONE',  ( -966.0375125829709800, -38.04515784016426500, -20.83333333333332900 ) ) ;
#5060 = CARTESIAN_POINT ( 'NONE',  ( -713.9734803023903900, -19.99378998145831000, -685.9381816140854700 ) ) ;
#5061 = CARTESIAN_POINT ( 'NONE',  ( -703.5078278837535200, 17.31374830494187100, -901.7036264381777100 ) ) ;
#5062 = EDGE_CURVE ( 'NONE', #4072, #3491, #6708, .T. ) ;
#5063 = CARTESIAN_POINT ( 'NONE',  ( -1008.475061789035200, 44.98926872797071000, -43.07104054621709800 ) ) ;
#5064 = CARTESIAN_POINT ( 'NONE',  ( -919.7712695178796600, 66.78954318568889900, 99.93497814761364900 ) ) ;
#5065 = CARTESIAN_POINT ( 'NONE',  ( -721.2497326902922600, -38.01434301723115500, 123.2482987937306100 ) ) ;
#5066 = CARTESIAN_POINT ( 'NONE',  ( -769.7568715191218900, 22.55090022205414600, -54.75735507233607500 ) ) ;
#5067 = CARTESIAN_POINT ( 'NONE',  ( -739.4335370044988200, 139.6992244574321400, 95.30066013804217600 ) ) ;
#5068 = CARTESIAN_POINT ( 'NONE',  ( -913.9420158454349800, 24.63547529036973700, -106.0693668942717100 ) ) ;
#5069 = CARTESIAN_POINT ( 'NONE',  ( -855.4052764537917700, 73.21699231938713100, -114.8776019093374900 ) ) ;
#5070 = CARTESIAN_POINT ( 'NONE',  ( -930.0000000000557100, 6.857983858691640400, -49.73844108900407700 ) ) ;
#5071 =( BOUNDED_SURFACE ( )  B_SPLINE_SURFACE ( 3, 2, ( 
 ( #6253, #883, #2471 ),
 ( #6329, #3600, #3527 ),
 ( #3058, #4653, #4144 ),
 ( #291, #2449, #6277 ) ),
 .UNSPECIFIED., .F., .F., .F. ) 
 B_SPLINE_SURFACE_WITH_KNOTS ( ( 4, 4 ),
 ( 3, 3 ),
 ( 1.504461693176428300, 1.549660829059326300 ),
 ( 0.0000000000000000000, 1.000000000000000000 ),
 .UNSPECIFIED. ) 
 GEOMETRIC_REPRESENTATION_ITEM ( )  RATIONAL_B_SPLINE_SURFACE ( (
 ( 1.000000000000000000, 0.7148463099497074400, 1.000000000000000000),
 ( 1.000000000000000000, 0.7131005369420081500, 1.000000000000000000),
 ( 1.000000000000000000, 0.7113457427226092000, 1.000000000000000000),
 ( 1.000000000000000000, 0.7095835371813853400, 1.000000000000000000) ) ) 
 REPRESENTATION_ITEM ( '' )  SURFACE ( )  );
#5072 = B_SPLINE_CURVE_WITH_KNOTS ( 'NONE', 3,
 ( #1883, #4677, #2497, #5253, #675, #6267, #256, #4724, #1370, #5248, #3051, #6925, #4066, #287, #2000, #3650, #6271, #3573, #2995, #5198, #4671, #6381, #1944, #806, #2442, #4624, #1425, #1351, #5276, #5825, #5743, #5721, #2546, #3593, #5173, #1449, #6350, #6821, #4090, #1396, #5771, #3020, #849, #4698, #263, #1898, #3546, #828, #4647, #4111, #1919, #6869 ),
 .UNSPECIFIED., .F., .F.,
 ( 4, 2, 2, 2, 2, 2, 2, 2, 2, 2, 2, 1, 2, 2, 2, 2, 2, 2, 1, 2, 2, 2, 2, 2, 2, 2, 4 ),
 ( 1.123693828313069100E-016, 0.0004994926537742923300, 0.0009989853075484723400, 0.001997970615096831900, 0.002996955922645191900, 0.003995941230193552000, 0.005993911845290577300, 0.006992897152839091700, 0.007991882460387605300, 0.009989853075484630600, 0.01098883838303322900, 0.01198782369058182600, 0.01298680899813042600, 0.01398579430567902300, 0.01598376492077628300, 0.01798173553587354600, 0.01997970615097080900, 0.02097869145851944200, 0.02197767676606806800, 0.02297666207361669800, 0.02397564738116532800, 0.02597361799626262200, 0.02797158861135991300, 0.02996955922645720300, 0.03096854453400584400, 0.03146803718778017100, 0.03196752984155449400 ),
 .UNSPECIFIED. ) ;
#5073 = ORIENTED_EDGE ( 'NONE', *, *, #3835, .F. ) ;
#5074 = ORIENTED_EDGE ( 'NONE', *, *, #3314, .T. ) ;
#5075 = EDGE_CURVE ( 'NONE', #4219, #1554, #5254, .T. ) ;
#5076 = CARTESIAN_POINT ( 'NONE',  ( -940.1836404914431600, 7.164169369840226200, 61.74090350182957800 ) ) ;
#5077 = CARTESIAN_POINT ( 'NONE',  ( -1082.314128209932300, -3.364359763119912500, -17.29182355928554300 ) ) ;
#5078 = CARTESIAN_POINT ( 'NONE',  ( -1025.528095748797800, 24.49074053889320300, -49.74942052518628800 ) ) ;
#5079 = CARTESIAN_POINT ( 'NONE',  ( -698.2809127452565000, 30.47596816176632500, -651.3210212028082000 ) ) ;
#5080 = CARTESIAN_POINT ( 'NONE',  ( -697.3559033582520200, 32.57552411112905600, -852.9686549529778900 ) ) ;
#5081 = ORIENTED_EDGE ( 'NONE', *, *, #3481, .F. ) ;
#5082 = CARTESIAN_POINT ( 'NONE',  ( -178.5031699098725500, 313.7702613091034300, 239.9999999999999400 ) ) ;
#5083 = ORIENTED_EDGE ( 'NONE', *, *, #5008, .F. ) ;
#5084 = CARTESIAN_POINT ( 'NONE',  ( -1022.618064124026500, 20.59956216882292800, -54.99600975411300400 ) ) ;
#5085 = CARTESIAN_POINT ( 'NONE',  ( -22.06562092462245400, 304.8771350549633300, 239.9999999999999400 ) ) ;
#5086 = EDGE_LOOP ( 'NONE', ( #187, #3985, #1577, #5739 ) ) ;
#5087 = CARTESIAN_POINT ( 'NONE',  ( -768.5094322262085600, 22.67306434027638300, -64.44216129968806700 ) ) ;
#5088 = ORIENTED_EDGE ( 'NONE', *, *, #725, .F. ) ;
#5089 = ORIENTED_EDGE ( 'NONE', *, *, #6551, .T. ) ;
#5090 = ORIENTED_EDGE ( 'NONE', *, *, #5170, .T. ) ;
#5091 = ADVANCED_FACE ( 'NONE', ( #2790 ), #920, .T. ) ;
#5092 = VECTOR ( 'NONE', #5805, 1000.000000000000000 ) ;
#5093 = CARTESIAN_POINT ( 'NONE',  ( -1016.985571136463900, 0.3071469154203950200, -3.419493017346964900 ) ) ;
#5094 = CARTESIAN_POINT ( 'NONE',  ( -5.573319583618284500E-011, 132.0454256852458200, -140.9175079487837600 ) ) ;
#5095 = CARTESIAN_POINT ( 'NONE',  ( -699.2537027341483100, 28.16431609973958300, -835.1075866775645400 ) ) ;
#5096 = CARTESIAN_POINT ( 'NONE',  ( -173.7114178834584900, 316.9612985977604500, 240.0000000000000300 ) ) ;
#5097 = CIRCLE ( 'NONE', #6168, 25.00000000000002100 ) ;
#5098 = CARTESIAN_POINT ( 'NONE',  ( -320.2242704645747200, 31.03790201622271600, -889.6698814765889000 ) ) ;
#5099 = ADVANCED_FACE ( 'NONE', ( #6561 ), #3730, .T. ) ;
#5100 = CARTESIAN_POINT ( 'NONE',  ( -766.2251665220428500, 22.89676685399410900, -56.73308595768304500 ) ) ;
#5101 = CARTESIAN_POINT ( 'NONE',  ( -729.6119162388349700, 31.66158438545877000, 110.5878984203646700 ) ) ;
#5102 = CARTESIAN_POINT ( 'NONE',  ( -915.9650794599418800, 25.73147891334221500, -105.6503777559489200 ) ) ;
#5103 = LINE ( 'NONE', #1810, #2952 ) ;
#5104 = CARTESIAN_POINT ( 'NONE',  ( -513.2675037780667300, 54.87322084212034000, -373.8383188011163200 ) ) ;
#5105 = AXIS2_PLACEMENT_3D ( 'NONE', #6219, #6240, #208 ) ;
#5106 = CARTESIAN_POINT ( 'NONE',  ( -768.3897797076027700, -49.25061185733253700, -55.08625445260995700 ) ) ;
#5107 = CARTESIAN_POINT ( 'NONE',  ( -189.7732548792596700, 333.1946375837733300, 113.6226695422161700 ) ) ;
#5108 = CIRCLE ( 'NONE', #6090, 252.1184970328416200 ) ;
#5109 = ORIENTED_EDGE ( 'NONE', *, *, #1470, .T. ) ;
#5110 = CARTESIAN_POINT ( 'NONE',  ( -970.0218588071624000, 2.946537576877823900, 68.73077494076235900 ) ) ;
#5111 = CARTESIAN_POINT ( 'NONE',  ( -1097.278709902189300, -4.205378822568101200, -2.628531919096428000 ) ) ;
#5112 = CARTESIAN_POINT ( 'NONE',  ( -148.1699033567629400, 281.0009394150529300, 240.0000000000000300 ) ) ;
#5113 = CARTESIAN_POINT ( 'NONE',  ( -1024.774989108362700, 39.25124967666150200, 45.84671791109734300 ) ) ;
#5114 = CARTESIAN_POINT ( 'NONE',  ( -796.7547584766827000, -50.66012725522090700, 53.90438944520338500 ) ) ;
#5115 = EDGE_CURVE ( 'NONE', #5325, #1904, #5167, .T. ) ;
#5116 = LINE ( 'NONE', #1787, #1111 ) ;
#5117 = DIRECTION ( 'NONE',  ( 1.000000000000000000, 2.610927889176040600E-016, 0.0000000000000000000 ) ) ;
#5118 = ORIENTED_EDGE ( 'NONE', *, *, #5792, .T. ) ;
#5119 = CARTESIAN_POINT ( 'NONE',  ( -919.0993825385323800, 76.44225496245421400, 81.98549023153435700 ) ) ;
#5120 = ADVANCED_FACE ( 'NONE', ( #3816 ), #3363, .T. ) ;
#5121 = CARTESIAN_POINT ( 'NONE',  ( -113.5547690264869900, 319.0019434918079900, 240.0000000000000000 ) ) ;
#5122 = CARTESIAN_POINT ( 'NONE',  ( -930.0000000000558200, -44.17288593644951100, 69.73844108900584600 ) ) ;
#5123 = CARTESIAN_POINT ( 'NONE',  ( -616.9319087001720200, 22.69240075583863700, 451.2367140275673600 ) ) ;
#5124 = CARTESIAN_POINT ( 'NONE',  ( -769.7567153513595000, 22.55091551586205500, 64.72037664457893400 ) ) ;
#5125 = ORIENTED_EDGE ( 'NONE', *, *, #1264, .F. ) ;
#5126 = B_SPLINE_SURFACE_WITH_KNOTS ( 'NONE', 3, 3, ( 
 ( #316, #2492, #6325, #4138, #5802, #2519, #3081 ),
 ( #6893, #3623, #340, #4168, #1038, #399, #4806 ),
 ( #2658, #4861, #1549, #2629, #4756, #427, #5950 ),
 ( #450, #3230, #4242, #5407, #1476, #1581, #3208 ) ),
 .UNSPECIFIED., .F., .F., .F.,
 ( 4, 4 ),
 ( 4, 1, 1, 1, 4 ),
 ( 0.0000000000000000000, 1.000000000000000000 ),
 ( 0.0000000000000000000, 0.1490010684283051300, 0.3542303876842902700, 0.5841602856976757500, 1.000000000000000000 ),
 .UNSPECIFIED. ) ;
#5127 = CARTESIAN_POINT ( 'NONE',  ( -349.7802306235590800, 95.78377495892823400, 882.4973492124212300 ) ) ;
#5128 = EDGE_CURVE ( 'NONE', #3841, #1771, #5934, .T. ) ;
#5129 = CARTESIAN_POINT ( 'NONE',  ( -418.8108414987674500, 78.87170263032058400, -650.0000000000000000 ) ) ;
#5130 = CARTESIAN_POINT ( 'NONE',  ( -769.9168489046850300, -48.80627713955637900, -64.73148514178609500 ) ) ;
#5131 = ADVANCED_FACE ( 'NONE', ( #6373, #4652 ), #3265, .F. ) ;
#5132 =( BOUNDED_CURVE ( )  B_SPLINE_CURVE ( 3, ( #6989, #4257, #486, #2643 ),
 .UNSPECIFIED., .F., .F. ) 
 B_SPLINE_CURVE_WITH_KNOTS ( ( 4, 4 ),
 ( 1.364373422688490700, 1.474428014884324300 ),
 .UNSPECIFIED. ) 
 CURVE ( )  GEOMETRIC_REPRESENTATION_ITEM ( )  RATIONAL_B_SPLINE_CURVE ( ( 1.000000000000000000, 0.9989909202246810600, 0.9989909202246810600, 1.000000000000000000 ) ) 
 REPRESENTATION_ITEM ( '' )  );
#5133 = CARTESIAN_POINT ( 'NONE',  ( -934.2228703450956600, -43.48464750793613800, -50.52340117571670700 ) ) ;
#5134 = CARTESIAN_POINT ( 'NONE',  ( -1016.860380532653900, 0.3141827074012665800, -6.847748022122463100 ) ) ;
#5135 = EDGE_CURVE ( 'NONE', #5565, #1154, #1767, .T. ) ;
#5136 = CARTESIAN_POINT ( 'NONE',  ( -922.1652657308594600, 5.636108707223756100, 83.64304241581615400 ) ) ;
#5137 = CARTESIAN_POINT ( 'NONE',  ( -1030.024134182002200, 23.10906259357039300, 42.24600841078108000 ) ) ;
#5138 = CARTESIAN_POINT ( 'NONE',  ( -1038.145799342743400, 4.958084258317500200, -912.8622417098479200 ) ) ;
#5139 = DIRECTION ( 'NONE',  ( 0.0000000000000000000, -0.5703114079525475300, -0.8214285714285709500 ) ) ;
#5140 = CARTESIAN_POINT ( 'NONE',  ( -288.7992690864781500, 213.7750709259654800, -655.0000000000000000 ) ) ;
#5141 = CARTESIAN_POINT ( 'NONE',  ( -721.0375125829707500, -43.02027741034830700, 0.0000000000000000000 ) ) ;
#5142 = CARTESIAN_POINT ( 'NONE',  ( -118.7666114414153800, 319.6852433380353800, 239.9999999999999100 ) ) ;
#5143 = EDGE_LOOP ( 'NONE', ( #1748, #596, #3604, #1374, #6741, #3963 ) ) ;
#5144 = CARTESIAN_POINT ( 'NONE',  ( -903.7611102747193900, 81.85143608260889900, -108.5048087794193500 ) ) ;
#5145 = CARTESIAN_POINT ( 'NONE',  ( -1021.074700142277700, 20.99602887136783000, 56.80099378340646900 ) ) ;
#5146 = CARTESIAN_POINT ( 'NONE',  ( -930.0000000000559300, -44.10239037126144300, -49.73844108900408400 ) ) ;
#5147 = CARTESIAN_POINT ( 'NONE',  ( -770.0781440828610600, 22.51943738479926800, 64.73844108900583200 ) ) ;
#5148 = DIRECTION ( 'NONE',  ( 1.000000000000000000, 2.610927889176040600E-016, 0.0000000000000000000 ) ) ;
#5149 = VERTEX_POINT ( 'NONE', #1003 ) ;
#5150 = CARTESIAN_POINT ( 'NONE',  ( -767.1215560583604000, 23.42789570974004900, -55.81900546832393000 ) ) ;
#5151 = VERTEX_POINT ( 'NONE', #3254 ) ;
#5152 = EDGE_CURVE ( 'NONE', #1771, #4666, #6493, .T. ) ;
#5153 = CARTESIAN_POINT ( 'NONE',  ( -930.3350885582593700, -44.05432486541278800, -49.73204005062552100 ) ) ;
#5154 = CARTESIAN_POINT ( 'NONE',  ( -1030.855719602608100, 32.60991564308454100, -27.74887291528091600 ) ) ;
#5155 = CARTESIAN_POINT ( 'NONE',  ( -1037.371161510782900, 34.81705338825039300, -8.032680029176111300 ) ) ;
#5156 = CARTESIAN_POINT ( 'NONE',  ( -966.0375125829705200, -38.04515784016426500, -20.83333333333332900 ) ) ;
#5157 = DIRECTION ( 'NONE',  ( 0.0000000000000000000, -1.000000000000000000, 0.0000000000000000000 ) ) ;
#5158 = EDGE_LOOP ( 'NONE', ( #671, #1158, #3370, #2208 ) ) ;
#5159 = CARTESIAN_POINT ( 'NONE',  ( -738.6411727530563700, 136.4814618256570800, 107.7344185163119200 ) ) ;
#5160 = ORIENTED_EDGE ( 'NONE', *, *, #282, .T. ) ;
#5161 = CARTESIAN_POINT ( 'NONE',  ( -41.76979300892520500, 308.6706069087520100, 239.9999999999999400 ) ) ;
#5162 = CARTESIAN_POINT ( 'NONE',  ( -861.7977864428353300, 95.31459447446081900, -97.86077740991305500 ) ) ;
#5163 = LINE ( 'NONE', #4080, #1834 ) ;
#5164 = CARTESIAN_POINT ( 'NONE',  ( -903.0246570427937100, 26.98952944911911100, -108.6882906446234200 ) ) ;
#5165 = CARTESIAN_POINT ( 'NONE',  ( -768.5327727875547900, -49.25061185733253700, -64.44382433090153500 ) ) ;
#5166 = CARTESIAN_POINT ( 'NONE',  ( -858.7868494281748300, 83.46312312227433900, 112.1093737480383200 ) ) ;
#5167 = LINE ( 'NONE', #430, #5092 ) ;
#5168 = CARTESIAN_POINT ( 'NONE',  ( -939.5870448557457200, 7.164169369840226200, 63.66822034062012400 ) ) ;
#5169 = CARTESIAN_POINT ( 'NONE',  ( -919.0993825385384100, 76.44225496245213900, -81.98549023152739300 ) ) ;
#5170 = EDGE_CURVE ( 'NONE', #547, #1380, #6979, .T. ) ;
#5171 = CARTESIAN_POINT ( 'NONE',  ( -1028.456309864910100, 37.40940996254030200, -0.9038878759252979600 ) ) ;
#5172 = CYLINDRICAL_SURFACE ( 'NONE', #2323, 85.00000000000000000 ) ;
#5173 = CARTESIAN_POINT ( 'NONE',  ( -938.9256751166537900, 5.983875405997622500, 64.83800684053102300 ) ) ;
#5174 = CARTESIAN_POINT ( 'NONE',  ( -953.4141936592751600, 24.23659796952168900, 95.93045245886568800 ) ) ;
#5175 = CARTESIAN_POINT ( 'NONE',  ( -1023.632468975144100, 39.65344792960335200, 6.531547620735287800 ) ) ;
#5176 = CARTESIAN_POINT ( 'NONE',  ( -731.8165205886452900, 116.0656355729309300, 120.2917345085317900 ) ) ;
#5177 = CARTESIAN_POINT ( 'NONE',  ( -774.0642468253602100, 23.59035881302527900, -479.9273741711696200 ) ) ;
#5178 = CARTESIAN_POINT ( 'NONE',  ( -736.5026136057533700, 129.7992435082774400, 115.5403224415223900 ) ) ;
#5179 = CARTESIAN_POINT ( 'NONE',  ( -258.7992690864780300, 39.92077323885215600, 650.0000000000000000 ) ) ;
#5180 = CYLINDRICAL_SURFACE ( 'NONE', #2435, 29.99999999999999300 ) ;
#5181 = CARTESIAN_POINT ( 'NONE',  ( -863.0104921238166800, 96.19676528163964200, 114.1476138099068700 ) ) ;
#5182 = ADVANCED_FACE ( 'NONE', ( #6790 ), #5624, .F. ) ;
#5183 = CARTESIAN_POINT ( 'NONE',  ( -28.84337657108666500, 306.3668805040822500, 239.9999999999999400 ) ) ;
#5184 = VERTEX_POINT ( 'NONE', #7096 ) ;
#5185 = CARTESIAN_POINT ( 'NONE',  ( -860.4098711262710100, 89.05152174173781500, -107.8823380918516400 ) ) ;
#5186 = CARTESIAN_POINT ( 'NONE',  ( -696.0696352716344100, 35.44142329663633000, -877.8692945576423200 ) ) ;
#5187 = FACE_OUTER_BOUND ( 'NONE', #4115, .T. ) ;
#5188 = CARTESIAN_POINT ( 'NONE',  ( -767.9226283392073400, -48.63011599395400000, 55.29426470885231000 ) ) ;
#5189 = CARTESIAN_POINT ( 'NONE',  ( -167.8267618920526200, 340.9204017790957000, 114.7211964094208100 ) ) ;
#5190 = ORIENTED_EDGE ( 'NONE', *, *, #6724, .F. ) ;
#5191 = CIRCLE ( 'NONE', #1417, 19.99999999999998600 ) ;
#5192 = DIRECTION ( 'NONE',  ( 0.0000000000000000000, -0.0000000000000000000, -1.000000000000000000 ) ) ;
#5193 = EDGE_CURVE ( 'NONE', #1614, #3599, #3005, .T. ) ;
#5194 = VECTOR ( 'NONE', #6688, 1000.000000000000000 ) ;
#5195 = CARTESIAN_POINT ( 'NONE',  ( -938.4690311067292900, 69.63330117621971700, 76.46280272680844800 ) ) ;
#5196 = CARTESIAN_POINT ( 'NONE',  ( -1028.655882967039100, 37.25350654609812300, 4.565737143854977200 ) ) ;
#5197 = ORIENTED_EDGE ( 'NONE', *, *, #819, .T. ) ;
#5198 = CARTESIAN_POINT ( 'NONE',  ( -938.7449902494007600, 6.001570220975436200, 54.34539040701482500 ) ) ;
#5199 = CARTESIAN_POINT ( 'NONE',  ( -855.3638864233428200, 72.96577670751436500, -114.8816014359633800 ) ) ;
#5200 = CARTESIAN_POINT ( 'NONE',  ( -1038.145799342743400, 5.057472162086926700, 806.1456689356795100 ) ) ;
#5201 = CARTESIAN_POINT ( 'NONE',  ( -731.8151122645202800, 51.43873704579164800, -120.2917647316887700 ) ) ;
#5202 = DIRECTION ( 'NONE',  ( -0.0000000000000000000, -0.0000000000000000000, 1.000000000000000000 ) ) ;
#5203 = DIRECTION ( 'NONE',  ( -0.0000000000000000000, -0.0000000000000000000, 1.000000000000000000 ) ) ;
#5204 = CARTESIAN_POINT ( 'NONE',  ( -939.5843747981613200, -44.47907115696418900, 55.80193453844437800 ) ) ;
#5205 = VERTEX_POINT ( 'NONE', #4881 ) ;
#5206 = CARTESIAN_POINT ( 'NONE',  ( -60.53916782222183500, 311.6403208167624300, 239.9999999999998600 ) ) ;
#5207 = CARTESIAN_POINT ( 'NONE',  ( -861.8390839906603600, 95.78556868610047600, -96.33447868711944300 ) ) ;
#5208 = CARTESIAN_POINT ( 'NONE',  ( -695.0370211016245300, 37.67432090519432100, -853.8181496315462500 ) ) ;
#5209 = CARTESIAN_POINT ( 'NONE',  ( -769.4396775375269000, -48.75980049973161800, 54.79647228289306300 ) ) ;
#5210 = CARTESIAN_POINT ( 'NONE',  ( -164.7850132776878000, 341.9911802652235900, 136.0007787692465800 ) ) ;
#5211 = CARTESIAN_POINT ( 'NONE',  ( -658.6126570710431500, -28.77203343414846900, 0.0000000000000000000 ) ) ;
#5212 = DIRECTION ( 'NONE',  ( -1.000000000000000000, 0.0000000000000000000, 0.0000000000000000000 ) ) ;
#5213 = CARTESIAN_POINT ( 'NONE',  ( -861.6893562705059800, 96.65153101497973900, 90.76437830641245300 ) ) ;
#5214 = CARTESIAN_POINT ( 'NONE',  ( -703.1213730651813900, 18.38139123994603400, 810.9085686637395200 ) ) ;
#5215 = ADVANCED_FACE ( 'NONE', ( #4933 ), #892, .F. ) ;
#5216 = AXIS2_PLACEMENT_3D ( 'NONE', #1718, #2815, #522 ) ;
#5217 = CARTESIAN_POINT ( 'NONE',  ( -919.2413854969704500, 76.35338900422773600, -82.74983294866861200 ) ) ;
#5218 = CARTESIAN_POINT ( 'NONE',  ( -1071.355115619816800, -2.748456248363946300, 24.85528982822725700 ) ) ;
#5219 = CARTESIAN_POINT ( 'NONE',  ( -934.5292971386973000, -43.43884909891112800, -50.65982694689395100 ) ) ;
#5220 = CARTESIAN_POINT ( 'NONE',  ( -806.5265318825047400, 44.18807964938126500, -118.6826832006815500 ) ) ;
#5221 = CARTESIAN_POINT ( 'NONE',  ( -463.5651015542642900, 17.47342239933954000, -209.7805853195551700 ) ) ;
#5222 = CARTESIAN_POINT ( 'NONE',  ( -658.0707898217586900, 71.86193051735797600, -650.0000000000000000 ) ) ;
#5223 = ORIENTED_EDGE ( 'NONE', *, *, #2058, .T. ) ;
#5224 = CARTESIAN_POINT ( 'NONE',  ( -1038.145799342743400, 7.809641298080244100, 916.9693845669907000 ) ) ;
#5225 = ADVANCED_FACE ( 'NONE', ( #2271 ), #4067, .F. ) ;
#5226 = CARTESIAN_POINT ( 'NONE',  ( -970.2128377145037300, 2.935804440173480400, -68.66556340823054000 ) ) ;
#5227 = DIRECTION ( 'NONE',  ( -0.0000000000000000000, -1.000000000000000000, -0.0000000000000000000 ) ) ;
#5228 = CARTESIAN_POINT ( 'NONE',  ( -144.8087002895958600, 322.8769881690909600, 239.9999999999999700 ) ) ;
#5229 = EDGE_LOOP ( 'NONE', ( #4110, #691, #3883, #1300, #6187 ) ) ;
#5230 = CARTESIAN_POINT ( 'NONE',  ( -695.0983761650459200, 37.54332306369102700, -852.3869581106421300 ) ) ;
#5231 = CARTESIAN_POINT ( 'NONE',  ( -672.3322355637755000, 400.0000000000000000, 2651.495409082708200 ) ) ;
#5232 = ORIENTED_EDGE ( 'NONE', *, *, #4615, .F. ) ;
#5233 =( BOUNDED_CURVE ( )  B_SPLINE_CURVE ( 3, ( #3733, #2575, #3590, #5871 ),
 .UNSPECIFIED., .F., .F. ) 
 B_SPLINE_CURVE_WITH_KNOTS ( ( 4, 4 ),
 ( 4.733923052218423200, 4.778455634936656300 ),
 .UNSPECIFIED. ) 
 CURVE ( )  GEOMETRIC_REPRESENTATION_ITEM ( )  RATIONAL_B_SPLINE_CURVE ( ( 1.000000000000000000, 0.9998347442508539500, 0.9998347442508539500, 1.000000000000000000 ) ) 
 REPRESENTATION_ITEM ( '' )  );
#5234 = CARTESIAN_POINT ( 'NONE',  ( -111.1702897969560800, 285.3059213095673400, 140.9799422015873600 ) ) ;
#5235 = ORIENTED_EDGE ( 'NONE', *, *, #4692, .T. ) ;
#5236 = CARTESIAN_POINT ( 'NONE',  ( -164.6862312608374200, 342.0259542297355300, 114.7494129850948500 ) ) ;
#5237 = CARTESIAN_POINT ( 'NONE',  ( -729.7470632147593500, 32.68989098845393200, -111.8444559480768000 ) ) ;
#5238 = CARTESIAN_POINT ( 'NONE',  ( -858.1257941851189300, 81.36043793417363200, 113.0815573237748900 ) ) ;
#5239 = ORIENTED_EDGE ( 'NONE', *, *, #3818, .T. ) ;
#5240 = CARTESIAN_POINT ( 'NONE',  ( -715.7407451331923800, -29.89886271766454600, -735.9137285739840300 ) ) ;
#5241 = B_SPLINE_CURVE_WITH_KNOTS ( 'NONE', 3,
 ( #6697, #3450, #119, #4523, #136, #3931, #3947, #5586, #95, #1821, #4501, #3429, #4455, #1805, #1192, #5085, #2343, #1738, #6783, #4656, #5664, #5183, #1335, #837, #1843, #1379, #5161, #274, #4586, #1317, #6256, #6280, #3508, #1907, #5206, #1928, #5685, #6801, #5709, #5755, #2474, #2917, #1885, #204, #2983, #248, #2385, #4566, #6214, #6740, #3003, #2942, #4006, #2960, #3470, #3532, #4611, #6830, #4077, #817, #4096, #1291, #3555, #177, #1358, #4027, #747, #5121, #6759, #3494, #768, #5142, #1867, #2406, #2426, #5728, #6236, #229, #4632, #4050, #791, #2454, #6932, #2502, #858, #2057, #1405, #3632, #6360, #3603, #5285, #2007, #1509, #888, #6959, #944, #5861, #3061, #5259, #5835, #3030, #3117, #2555, #964, #5883, #6877, #3686, #408, #2527, #6416, #6310, #349, #2581, #3663, #3142, #6848, #4227, #3582, #4766, #4149, #296, #4791, #382, #4200, #5334, #2033, #324, #4706, #1458, #5780, #4120, #4683, #4179, #6390, #5228, #3090, #1953, #6332, #6904, #1433, #1486, #1978, #5310, #5811, #917, #4735, #4844, #5392, #3788, #3767, #5414, #512, #2085, #2137, #458, #483, #2112, #4330, #2688, #3268, #1069, #4305, #1044, #5932, #4894, #5459, #1535, #7064, #1611, #5908, #5360, #6985, #6436, #1558, #2664, #3167, #4356, #1019, #6492, #5440, #2158, #4870, #3214, #2639, #2183, #3711, #5982, #3188, #4252, #2710, #4278, #1094, #1586, #6546, #2612, #5959, #6519, #1636, #3739, #3241, #434, #992, #7087, #4813, #3812, #537, #7037, #4916, #6461, #7015, #6589, #6189, #5096, #723, #2358, #4939, #1659, #743, #4539, #5486, #3426, #4001, #3854, #4561, #5660, #2734, #5082, #1268, #2914, #4372, #6167, #2755, #559, #1817, #1134, #1685, #153, #130, #1802, #3981, #2204, #3308, #5622, #2338, #1288, #583, #6735, #5646, #2229, #704, #3962, #5508, #3467, #1839, #6029, #3445, #173, #14, #4400, #3284 ),
 .UNSPECIFIED., .F., .F.,
 ( 4, 1, 1, 1, 1, 1, 2, 2, 1, 1, 1, 1, 1, 1, 2, 2, 1, 1, 1, 1, 1, 1, 1, 1, 2, 2, 1, 1, 1, 1, 1, 1, 1, 1, 1, 2, 2, 1, 1, 1, 1, 1, 1, 1, 1, 1, 2, 2, 1, 1, 1, 1, 1, 1, 1, 1, 2, 2, 1, 1, 1, 1, 1, 1, 1, 1, 2, 2, 1, 1, 1, 1, 1, 1, 1, 1, 2, 2, 1, 1, 1, 1, 1, 1, 1, 1, 1, 2, 2, 1, 1, 1, 1, 2, 2, 1, 1, 1, 1, 2, 2, 1, 1, 1, 1, 1, 2, 2, 1, 1, 1, 1, 2, 2, 1, 1, 1, 1, 2, 2, 1, 1, 1, 1, 2, 2, 1, 1, 1, 2, 2, 1, 1, 1, 2, 2, 1, 1, 1, 2, 2, 1, 1, 1, 2, 2, 1, 1, 1, 2, 2, 1, 1, 1, 1, 2, 2, 1, 1, 1, 1, 2, 2, 1, 1, 1, 1, 2, 2, 1, 1, 1, 2, 2, 1, 1, 1, 2, 2, 1, 1, 1, 2, 2, 1, 1, 1, 2, 2, 1, 1, 1, 2, 2, 1, 1, 1, 2, 2, 4 ),
 ( 0.0000000000000000000, 0.03124999999984432600, 0.04687499999976525700, 0.05468749999972567800, 0.05859374999970536800, 0.06054687499969575700, 0.06152343749969146200, 0.06249999999968716700, 0.09374999999956783200, 0.1093749999995082400, 0.1171874999994784300, 0.1210937499994635300, 0.1230468749994560300, 0.1240234374994521300, 0.1245117187494500100, 0.1249999999994479100, 0.1874999999991667500, 0.2187499999990263100, 0.2343749999989561100, 0.2421874999989210300, 0.2460937499989035200, 0.2480468749988947200, 0.2490234374988903000, 0.2495117187488880600, 0.2497558593738869700, 0.2499999999988858900, 0.3124999999986357600, 0.3437499999985107500, 0.3593749999984483000, 0.3671874999984171600, 0.3710937499984016100, 0.3730468749983939500, 0.3740234374983900700, 0.3745117187483880100, 0.3747558593733870700, 0.3748779296858865100, 0.3749999999983859600, 0.4374999999980934100, 0.4687499999979471400, 0.4843749999978740900, 0.4921874999978376200, 0.4960937499978195200, 0.4980468749978105300, 0.4990234374978060900, 0.4995117187478038100, 0.4997558593728026500, 0.4998779296853020400, 0.4999999999978014300, 0.5312499999976221200, 0.5468749999975324200, 0.5546874999974874500, 0.5585937499974651400, 0.5605468749974540400, 0.5615234374974484900, 0.5620117187474458200, 0.5622558593724444900, 0.5623779296849437100, 0.5624999999974430500, 0.5937499999972506400, 0.6093749999971543900, 0.6171874999971063100, 0.6210937499970821100, 0.6230468749970700100, 0.6240234374970640200, 0.6245117187470610200, 0.6247558593720594600, 0.6248779296845588000, 0.6249999999970580200, 0.6406249999969198000, 0.6484374999968510700, 0.6523437499968165500, 0.6542968749967993400, 0.6552734374967907900, 0.6557617187467864600, 0.6560058593717843500, 0.6561279296842835700, 0.6561889648405329100, 0.6562499999967822400, 0.6718749999966336900, 0.6796874999965596400, 0.6835937499965226700, 0.6855468749965043500, 0.6865234374964944700, 0.6870117187464888100, 0.6872558593714861400, 0.6873779296839839200, 0.6874389648402335900, 0.6874694824183589200, 0.6874999999964843700, 0.6914062499965326600, 0.6933593749965570900, 0.6943359374965694100, 0.6948242187465755200, 0.6950683593715784000, 0.6953124999965812900, 0.6992187499966217000, 0.7011718749966414600, 0.7021484374966515700, 0.7026367187466564500, 0.7028808593716591200, 0.7031249999966617800, 0.7109374999967359400, 0.7148437499967728000, 0.7167968749967912300, 0.7177734374968002300, 0.7182617187468044500, 0.7185058593718067800, 0.7187499999968091100, 0.7265624999968864900, 0.7304687499969249000, 0.7324218749969437800, 0.7333984374969532100, 0.7338867187469581000, 0.7343749999969628700, 0.7421874999970343700, 0.7460937499970701200, 0.7480468749970882200, 0.7490234374970975400, 0.7495117187471018700, 0.7499999999971062000, 0.7578124999971794800, 0.7617187499972161200, 0.7636718749972346600, 0.7646484374972438700, 0.7651367187472485300, 0.7656249999972532000, 0.7734374999973300200, 0.7773437499973687700, 0.7792968749973880900, 0.7802734374973980800, 0.7812499999974080700, 0.7890624999974907800, 0.7929687499975323100, 0.7949218749975529600, 0.7958984374975631700, 0.7968749999975733900, 0.8046874999976557600, 0.8085937499976970600, 0.8105468749977174900, 0.8115234374977274800, 0.8124999999977374800, 0.8203124999978195200, 0.8242187499978606000, 0.8261718749978812500, 0.8271484374978914600, 0.8281249999979016800, 0.8359374999979853900, 0.8398437499980270200, 0.8417968749980480100, 0.8427734374980585500, 0.8437499999980691000, 0.8515624999981514800, 0.8554687499981927800, 0.8574218749982135400, 0.8583984374982242000, 0.8588867187482293100, 0.8593749999982344100, 0.8671874999983183500, 0.8710937499983602000, 0.8730468749983810700, 0.8740234374983917300, 0.8745117187483970600, 0.8749999999984023900, 0.8828124999984902100, 0.8867187499985339500, 0.8886718749985558200, 0.8896484374985669200, 0.8901367187485725900, 0.8906249999985781400, 0.8984374999986696200, 0.9023437499987155800, 0.9042968749987383400, 0.9052734374987501100, 0.9062499999987619900, 0.9140624999988595800, 0.9179687499989083200, 0.9199218749989330800, 0.9208984374989456200, 0.9218749999989581700, 0.9296874999990618600, 0.9335937499991142600, 0.9355468749991402400, 0.9365234374991537900, 0.9374999999991673300, 0.9453124999992758000, 0.9492187499993297600, 0.9511718749993562900, 0.9521484374993696200, 0.9531249999993829400, 0.9609374999994860800, 0.9648437499995375900, 0.9667968749995640200, 0.9677734374995766700, 0.9687499999995893300, 0.9765624999996955800, 0.9804687499997485300, 0.9824218749997747400, 0.9833984374997872800, 0.9843749999997998300, 1.000000000000000000 ),
 .UNSPECIFIED. ) ;
#5242 = CARTESIAN_POINT ( 'NONE',  ( -920.2589775552888800, 73.58137228624283900, -91.54189638380881900 ) ) ;
#5243 = CARTESIAN_POINT ( 'NONE',  ( -21.51638725317691600, 299.5994828275084400, -143.9684056197132200 ) ) ;
#5244 = EDGE_LOOP ( 'NONE', ( #841, #4548, #5235, #798, #2499 ) ) ;
#5245 = EDGE_CURVE ( 'NONE', #6913, #6855, #6965, .T. ) ;
#5246 = CARTESIAN_POINT ( 'NONE',  ( -1064.312350017403100, -2.352648318387856400, 29.63195011351033200 ) ) ;
#5247 = EDGE_LOOP ( 'NONE', ( #2961, #6665, #5517, #5781, #3572, #3372 ) ) ;
#5248 = CARTESIAN_POINT ( 'NONE',  ( -933.2849877969650800, 6.536278714513213300, 50.17942390786844000 ) ) ;
#5249 = CARTESIAN_POINT ( 'NONE',  ( -970.4037882827204800, 2.925072896146058400, 68.60026894045719800 ) ) ;
#5250 = CARTESIAN_POINT ( 'NONE',  ( -5.573319583618286500E-011, 126.3303946094904700, 136.2163606457130800 ) ) ;
#5251 = CARTESIAN_POINT ( 'NONE',  ( -494.0233976797541700, 33.33915645715868000, -650.0000000000000000 ) ) ;
#5252 = CARTESIAN_POINT ( 'NONE',  ( -934.8554625178761600, -44.47907115522036000, -50.80667994524125000 ) ) ;
#5253 = CARTESIAN_POINT ( 'NONE',  ( -930.6693226185771000, 6.792435813217649900, 49.73865511901531300 ) ) ;
#5254 = LINE ( 'NONE', #3524, #2513 ) ;
#5255 = CARTESIAN_POINT ( 'NONE',  ( -1038.145799342743400, 34.37610153710647900, 650.5168418292771500 ) ) ;
#5256 = CARTESIAN_POINT ( 'NONE',  ( -766.0237882265628300, -49.25060836388760100, 56.98650297030329200 ) ) ;
#5257 = CARTESIAN_POINT ( 'NONE',  ( -1004.167345983600700, 1.027539364971647600, -44.51969783023680100 ) ) ;
#5258 = ADVANCED_FACE ( 'NONE', ( #6276, #121, #6467 ), #6646, .T. ) ;
#5259 = CARTESIAN_POINT ( 'NONE',  ( -137.9390945681529700, 322.1652548363841800, 240.0000000000000300 ) ) ;
#5260 = EDGE_CURVE ( 'NONE', #5424, #3094, #1915, .T. ) ;
#5261 = CARTESIAN_POINT ( 'NONE',  ( -729.0542768836838800, 26.53698324128359700, 95.29295773869355900 ) ) ;
#5262 = CARTESIAN_POINT ( 'NONE',  ( -701.7218075551459200, 22.05208700818716100, -815.1049624598874700 ) ) ;
#5263 = DIRECTION ( 'NONE',  ( -0.0000000000000000000, -0.0000000000000000000, 1.000000000000000000 ) ) ;
#5264 = FACE_OUTER_BOUND ( 'NONE', #1066, .T. ) ;
#5265 = CARTESIAN_POINT ( 'NONE',  ( -177.3135895454047700, 289.2806780544030400, 138.7751655433058300 ) ) ;
#5266 = CARTESIAN_POINT ( 'NONE',  ( -184.2897508612430500, 335.1249805789841500, 113.9614012750676700 ) ) ;
#5267 = CARTESIAN_POINT ( 'NONE',  ( -952.5887175398104300, 4.645827503112476700, 80.01323808492000500 ) ) ;
#5268 = CARTESIAN_POINT ( 'NONE',  ( -711.8839373918325500, -18.56752510712973600, -269.8630729374096400 ) ) ;
#5269 = CARTESIAN_POINT ( 'NONE',  ( -544.9915765026678400, -77.57978771338689200, 1340.098464202395000 ) ) ;
#5270 = CARTESIAN_POINT ( 'NONE',  ( -171.1259834277611000, 285.7627286108581200, 239.9999999999999400 ) ) ;
#5271 = CARTESIAN_POINT ( 'NONE',  ( -712.4272501033468600, -12.78241249725417600, -783.5355992420617200 ) ) ;
#5272 = CIRCLE ( 'NONE', #2551, 80.00000000000001400 ) ;
#5273 = CARTESIAN_POINT ( 'NONE',  ( -322.1861935387365200, 100.0000000000000000, 894.2688876573925000 ) ) ;
#5274 = CARTESIAN_POINT ( 'NONE',  ( -184.6267484020527300, 302.0000000000000600, 138.5313935814176000 ) ) ;
#5275 = CARTESIAN_POINT ( 'NONE',  ( -1080.576111023647600, -3.266682085978365600, 18.52784668722709700 ) ) ;
#5276 = CARTESIAN_POINT ( 'NONE',  ( -940.3181599030206100, 5.847506704906583000, 60.39651228385541500 ) ) ;
#5277 = CARTESIAN_POINT ( 'NONE',  ( -876.6408732644484900, 12.08354529787420300, -89.13503093578251000 ) ) ;
#5278 = CARTESIAN_POINT ( 'NONE',  ( -347.8183075493972200, 35.41838020342040500, 877.8983430316176300 ) ) ;
#5279 = CARTESIAN_POINT ( 'NONE',  ( -308.7992690864780300, 140.4205989181335200, -650.0000000000000000 ) ) ;
#5280 = CARTESIAN_POINT ( 'NONE',  ( -940.3841309089868900, -44.47907115522036000, -59.73484047611274400 ) ) ;
#5281 = ORIENTED_EDGE ( 'NONE', *, *, #4405, .T. ) ;
#5282 = LINE ( 'NONE', #2836, #2367 ) ;
#5283 = CARTESIAN_POINT ( 'NONE',  ( -765.5778448201333500, -49.25060836388760100, 57.84489251316715300 ) ) ;
#5284 = CARTESIAN_POINT ( 'NONE',  ( -923.1077413794375800, 75.04089419066011100, -103.9163419255811200 ) ) ;
#5285 = CARTESIAN_POINT ( 'NONE',  ( -132.6270776899878900, 321.4816937062260000, 239.9999999999999100 ) ) ;
#5286 = CARTESIAN_POINT ( 'NONE',  ( -258.7992690864780300, 7.809641298080448400, -916.9693845669907000 ) ) ;
#5287 = CARTESIAN_POINT ( 'NONE',  ( -616.9319087001720200, 22.69240075583863700, -451.2367140275673600 ) ) ;
#5288 = CARTESIAN_POINT ( 'NONE',  ( -769.9172329506810700, -48.79991223945976500, 54.74699833021900000 ) ) ;
#5289 = LINE ( 'NONE', #5041, #6587 ) ;
#5290 = ORIENTED_EDGE ( 'NONE', *, *, #3835, .T. ) ;
#5291 = CARTESIAN_POINT ( 'NONE',  ( -19.22982709354724700, 299.8485076329537300, 144.0446242917009600 ) ) ;
#5292 = CARTESIAN_POINT ( 'NONE',  ( -179.5908470121079000, 336.7791229121610900, 114.2970657991369700 ) ) ;
#5293 = CARTESIAN_POINT ( 'NONE',  ( -476.1218229458132200, 22.48589293588768000, 0.0000000000000000000 ) ) ;
#5294 = CARTESIAN_POINT ( 'NONE',  ( -721.5093510031267700, -27.39914864066261700, 0.0000000000000000000 ) ) ;
#5295 = CARTESIAN_POINT ( 'NONE',  ( -903.1420864286192200, 22.63471032366720700, 108.1743023418761000 ) ) ;
#5296 = CARTESIAN_POINT ( 'NONE',  ( -182.3606953347470200, 294.4721892885422100, 239.9999999999999700 ) ) ;
#5297 = EDGE_CURVE ( 'NONE', #4310, #2491, #3025, .T. ) ;
#5298 = EDGE_LOOP ( 'NONE', ( #6353, #1934, #6366, #1041 ) ) ;
#5299 = ADVANCED_FACE ( 'NONE', ( #812, #6636, #2103, #5764 ), #27, .T. ) ;
#5300 = CARTESIAN_POINT ( 'NONE',  ( -138.2695380888132500, 281.7928818547993000, 240.0000000000000600 ) ) ;
#5301 = DIRECTION ( 'NONE',  ( -1.000000000000000000, -2.610927889176040600E-016, 0.0000000000000000000 ) ) ;
#5302 = CARTESIAN_POINT ( 'NONE',  ( -1011.547652396229100, 0.6127614256214090100, 31.91848605422537600 ) ) ;
#5303 = CARTESIAN_POINT ( 'NONE',  ( -350.0711802801639000, 116.0662077097440300, -650.0000000000000000 ) ) ;
#5304 = CARTESIAN_POINT ( 'NONE',  ( -804.1801984142925900, 19.17975791454774300, -118.7989307936743600 ) ) ;
#5305 = CARTESIAN_POINT ( 'NONE',  ( 9.142340517257457200, 121.4409679847965900, 119.8452759080635000 ) ) ;
#5306 = CARTESIAN_POINT ( 'NONE',  ( -970.5218452665625400, -46.52138065281847900, -62.35021923255894900 ) ) ;
#5307 = CARTESIAN_POINT ( 'NONE',  ( -936.0115517724706300, 7.164169077462492700, -51.47160824854562100 ) ) ;
#5308 = CARTESIAN_POINT ( 'NONE',  ( -969.8308515967182800, 2.957272304234565200, -68.79590352574899700 ) ) ;
#5309 = CARTESIAN_POINT ( 'NONE',  ( -1007.589910239763600, 0.8351890653911335800, -39.56955737032589600 ) ) ;
#5310 = CARTESIAN_POINT ( 'NONE',  ( -147.2693089951841900, 322.9865390405052500, 240.0000000000000000 ) ) ;
#5311 = CARTESIAN_POINT ( 'NONE',  ( -484.9030400885461100, 50.45440574726846000, 103.4105467707258400 ) ) ;
#5312 = CARTESIAN_POINT ( 'NONE',  ( -184.6267484020527000, 296.8509855691290200, 124.8134416622477800 ) ) ;
#5313 = B_SPLINE_CURVE_WITH_KNOTS ( 'NONE', 3,
 ( #3820, #5539, #2258, #6573 ),
 .UNSPECIFIED., .F., .F.,
 ( 4, 4 ),
 ( 0.0000000000000000000, 0.0003612493835166366400 ),
 .UNSPECIFIED. ) ;
#5314 = CARTESIAN_POINT ( 'NONE',  ( -181.4645284611878300, 293.1824483924729100, 138.6368009127797600 ) ) ;
#5315 = ORIENTED_EDGE ( 'NONE', *, *, #1120, .F. ) ;
#5316 = CARTESIAN_POINT ( 'NONE',  ( -1012.809502501466100, 43.46342736086184300, 37.02459158161185800 ) ) ;
#5317 = CARTESIAN_POINT ( 'NONE',  ( -969.8308515967171400, 2.957272304234655400, 68.92925905442729100 ) ) ;
#5318 = EDGE_CURVE ( 'NONE', #1517, #4207, #584, .T. ) ;
#5319 = CARTESIAN_POINT ( 'NONE',  ( -183.6566439552161700, 296.9527641647351300, 240.0000000000000600 ) ) ;
#5320 = CARTESIAN_POINT ( 'NONE',  ( -715.3684853197158900, -27.60725380974166400, -714.8721036543552100 ) ) ;
#5321 = DIRECTION ( 'NONE',  ( 0.9950103367123475100, 0.09744325351987666300, 0.02142993651511772300 ) ) ;
#5322 = CARTESIAN_POINT ( 'NONE',  ( -140.6460425708215500, 281.5059669659028700, 239.9999999999999700 ) ) ;
#5323 = ORIENTED_EDGE ( 'NONE', *, *, #3894, .F. ) ;
#5324 = CARTESIAN_POINT ( 'NONE',  ( -1047.420130028380100, -1.403294754123274300, 41.14998190870709000 ) ) ;
#5325 = VERTEX_POINT ( 'NONE', #5122 ) ;
#5326 = CARTESIAN_POINT ( 'NONE',  ( -938.6168143272911900, 7.164169369840226200, 65.43478420662864900 ) ) ;
#5327 = CARTESIAN_POINT ( 'NONE',  ( -729.0542768835259700, 26.53698324129729300, -95.29295773136769300 ) ) ;
#5328 = CARTESIAN_POINT ( 'NONE',  ( -366.7937014670116600, 102.8553146867645600, -592.9706722561451200 ) ) ;
#5329 = CARTESIAN_POINT ( 'NONE',  ( -938.6266217216168600, -44.47907115522036000, -65.42064159118174900 ) ) ;
#5330 = VERTEX_POINT ( 'NONE', #181 ) ;
#5331 = ORIENTED_EDGE ( 'NONE', *, *, #4381, .T. ) ;
#5332 = CARTESIAN_POINT ( 'NONE',  ( -183.9370075502115800, 306.2987875993129000, 138.5543849431455800 ) ) ;
#5333 = CARTESIAN_POINT ( 'NONE',  ( -1029.126498737529300, -0.3751809786563600800, 52.81150998653615900 ) ) ;
#5334 = CARTESIAN_POINT ( 'NONE',  ( -141.6738531259763400, 322.6076779479938600, 240.0000000000000000 ) ) ;
#5335 = AXIS2_PLACEMENT_3D ( 'NONE', #6770, #2417, #6816 ) ;
#5336 = ORIENTED_EDGE ( 'NONE', *, *, #2120, .T. ) ;
#5337 = B_SPLINE_CURVE_WITH_KNOTS ( 'NONE', 3,
 ( #4118, #3115, #6901, #5332, #3060, #5833, #914, #1484, #2611, #1949 ),
 .UNSPECIFIED., .F., .F.,
 ( 4, 2, 2, 2, 4 ),
 ( 0.0000000000000000000, 0.004018748979680214500, 0.005023436224600183100, 0.006028123469520150900, 0.008037497959360087200 ),
 .UNSPECIFIED. ) ;
#5338 = PLANE ( 'NONE',  #454 ) ;
#5339 = DIRECTION ( 'NONE',  ( -1.000000000000000000, 0.0000000000000000000, 0.0000000000000000000 ) ) ;
#5340 = DIRECTION ( 'NONE',  ( -0.0000000000000000000, -0.0000000000000000000, 1.000000000000000000 ) ) ;
#5341 = ORIENTED_EDGE ( 'NONE', *, *, #6400, .F. ) ;
#5342 = CARTESIAN_POINT ( 'NONE',  ( -15.44478176185831100, 301.1912452073426600, 144.1707924694238200 ) ) ;
#5343 = CARTESIAN_POINT ( 'NONE',  ( -322.1861935387366300, -77.57978771338689200, -894.2688876573925000 ) ) ;
#5344 = CARTESIAN_POINT ( 'NONE',  ( -513.4672159472800100, 45.54542476513815100, 373.8168780586473800 ) ) ;
#5345 = CARTESIAN_POINT ( 'NONE',  ( -168.6012988545748500, 284.7174447772843600, 240.0000000000000000 ) ) ;
#5346 = CIRCLE ( 'NONE', #6142, 114.9999999999999900 ) ;
#5347 = CARTESIAN_POINT ( 'NONE',  ( -169.0626498094555900, 279.7371687536130500, -139.0501968678373100 ) ) ;
#5348 = CARTESIAN_POINT ( 'NONE',  ( -140.0939376676122100, 281.5695136865412600, 239.9999999999999700 ) ) ;
#5349 = CYLINDRICAL_SURFACE ( 'NONE', #1998, 29.99999999999999300 ) ;
#5350 = CARTESIAN_POINT ( 'NONE',  ( -541.8872186319583800, -3.150113460416930100, 0.0000000000000000000 ) ) ;
#5351 =( BOUNDED_SURFACE ( )  B_SPLINE_SURFACE ( 3, 2, ( 
 ( #2488, #4088, #1419 ),
 ( #3046, #5767, #6344 ),
 ( #2515, #826, #5195 ),
 ( #6864, #5738, #1965 ) ),
 .UNSPECIFIED., .F., .F., .F. ) 
 B_SPLINE_SURFACE_WITH_KNOTS ( ( 4, 4 ),
 ( 3, 3 ),
 ( 1.241315980897904600, 1.331656614473511600 ),
 ( 0.0000000000000000000, 1.000000000000000000 ),
 .UNSPECIFIED. ) 
 GEOMETRIC_REPRESENTATION_ITEM ( )  RATIONAL_B_SPLINE_SURFACE ( (
 ( 1.000000000000000000, 0.7441224190802640000, 1.000000000000000000),
 ( 1.000000000000000000, 0.7409437060505336100, 1.000000000000000000),
 ( 1.000000000000000000, 0.7376954447171654200, 1.000000000000000000),
 ( 1.000000000000000000, 0.7343883422762469400, 1.000000000000000000) ) ) 
 REPRESENTATION_ITEM ( '' )  SURFACE ( )  );
#5352 = CARTESIAN_POINT ( 'NONE',  ( -445.4336154211354700, 36.88564139472533300, 847.4532057368011200 ) ) ;
#5353 = CARTESIAN_POINT ( 'NONE',  ( -5.573319583618286500E-011, 120.8631462348667200, 126.1217922025743500 ) ) ;
#5354 = CARTESIAN_POINT ( 'NONE',  ( -966.0375125829709800, -38.04515784016426500, 20.83333333333332900 ) ) ;
#5355 = CARTESIAN_POINT ( 'NONE',  ( -930.2861991878324900, 7.164169077462492700, -49.73188639642518200 ) ) ;
#5356 = AXIS2_PLACEMENT_3D ( 'NONE', #5441, #6610, #5487 ) ;
#5357 = CARTESIAN_POINT ( 'NONE',  ( -770.0781440828611700, 23.42730997547047500, 64.73844108900584600 ) ) ;
#5358 = VECTOR ( 'NONE', #2681, 1000.000000000000000 ) ;
#5359 = CARTESIAN_POINT ( 'NONE',  ( -357.9726304450874700, 146.0331211803212500, -374.2254074289194800 ) ) ;
#5360 = CARTESIAN_POINT ( 'NONE',  ( -156.6129906567784900, 322.3740178702282200, 239.9999999999999700 ) ) ;
#5361 = EDGE_CURVE ( 'NONE', #4338, #3112, #6466, .T. ) ;
#5362 = CARTESIAN_POINT ( 'NONE',  ( -322.1861935387365200, 100.0000000000000000, 894.2688876573925000 ) ) ;
#5363 = CARTESIAN_POINT ( 'NONE',  ( -338.3247860073997800, 34.31316740116147200, 881.9482525633857200 ) ) ;
#5364 = CARTESIAN_POINT ( 'NONE',  ( -994.8106324899615600, 49.79952058414814800, 55.60910644273843000 ) ) ;
#5365 = B_SPLINE_CURVE_WITH_KNOTS ( 'NONE', 3,
 ( #1693, #4432, #4362, #5516, #7113, #6011 ),
 .UNSPECIFIED., .F., .F.,
 ( 4, 1, 1, 4 ),
 ( 0.0000000000000000000, 0.6778353750968978400, 0.7778353750968976000, 1.000000000000000000 ),
 .UNSPECIFIED. ) ;
#5366 = LINE ( 'NONE', #4201, #6656 ) ;
#5367 = CARTESIAN_POINT ( 'NONE',  ( -476.1218229458132200, 22.48589293588768000, 0.0000000000000000000 ) ) ;
#5368 =( GEOMETRIC_REPRESENTATION_CONTEXT ( 3 ) GLOBAL_UNCERTAINTY_ASSIGNED_CONTEXT ( ( #4708 ) ) GLOBAL_UNIT_ASSIGNED_CONTEXT ( ( #674, #6671, #6092 ) ) REPRESENTATION_CONTEXT ( 'NONE', 'WORKASPACE' ) );
#5369 = CARTESIAN_POINT ( 'NONE',  ( -991.8975767202769000, 1.717108242848574200, -56.99050842856865300 ) ) ;
#5370 = ORIENTED_EDGE ( 'NONE', *, *, #4913, .T. ) ;
#5371 = CARTESIAN_POINT ( 'NONE',  ( -154.9154124524792200, 281.3935497481667800, 239.9999999999999400 ) ) ;
#5372 = CIRCLE ( 'NONE', #4940, 369.9999999999997700 ) ;
#5373 = CARTESIAN_POINT ( 'NONE',  ( -181.4706009092691700, 288.0746443078497800, -138.6365984978436100 ) ) ;
#5374 = CARTESIAN_POINT ( 'NONE',  ( -577.6248807457196800, 54.16390315882591000, 650.0000000000000000 ) ) ;
#5375 = EDGE_CURVE ( 'NONE', #1568, #2491, #2615, .T. ) ;
#5376 =( BOUNDED_CURVE ( )  B_SPLINE_CURVE ( 3, ( #6078, #2735, #1613, #4423 ),
 .UNSPECIFIED., .F., .F. ) 
 B_SPLINE_CURVE_WITH_KNOTS ( ( 4, 4 ),
 ( 4.809384199351082900, 4.918036579829275100 ),
 .UNSPECIFIED. ) 
 CURVE ( )  GEOMETRIC_REPRESENTATION_ITEM ( )  RATIONAL_B_SPLINE_CURVE ( ( 1.000000000000000000, 0.9990164636158436200, 0.9990164636158436200, 1.000000000000000000 ) ) 
 REPRESENTATION_ITEM ( '' )  );
#5377 = CARTESIAN_POINT ( 'NONE',  ( -140.3961647609179100, 281.5344245307965100, 239.9999999999999400 ) ) ;
#5378 = CARTESIAN_POINT ( 'NONE',  ( -152.1247306682167600, 346.4479450951809000, 114.8776203492509500 ) ) ;
#5379 = ORIENTED_EDGE ( 'NONE', *, *, #2464, .F. ) ;
#5380 = DIRECTION ( 'NONE',  ( 1.000000000000000000, 0.0000000000000000000, -0.0000000000000000000 ) ) ;
#5381 = CIRCLE ( 'NONE', #5216, 30.00000000000000000 ) ;
#5382 = ORIENTED_EDGE ( 'NONE', *, *, #4210, .T. ) ;
#5383 = PLANE ( 'NONE',  #61 ) ;
#5384 = CARTESIAN_POINT ( 'NONE',  ( -1038.145799342743400, 7.809641298080244100, -916.9693845669907000 ) ) ;
#5385 = CARTESIAN_POINT ( 'NONE',  ( -5.573319583618286500E-011, 120.6554859766938400, 125.3159394877816600 ) ) ;
#5386 = CARTESIAN_POINT ( 'NONE',  ( -1009.714037273032900, 0.7158117679567064200, 35.79918301487890600 ) ) ;
#5387 = CARTESIAN_POINT ( 'NONE',  ( -709.6930609965627400, -1.903774516714727700, 801.4303322507282700 ) ) ;
#5388 = CARTESIAN_POINT ( 'NONE',  ( -940.3014912292019300, 5.849139100046445000, -59.07999040376888200 ) ) ;
#5389 = CARTESIAN_POINT ( 'NONE',  ( -765.2972773993071800, 23.42730997547047500, 60.70220283570781600 ) ) ;
#5390 = CARTESIAN_POINT ( 'NONE',  ( -1026.360471336999600, -0.2197284701793967800, 54.41246317551600200 ) ) ;
#5391 = ORIENTED_EDGE ( 'NONE', *, *, #6292, .F. ) ;
#5392 = CARTESIAN_POINT ( 'NONE',  ( -147.9545351525718200, 322.9972671501149600, 239.9999999999999700 ) ) ;
#5393 = B_SPLINE_CURVE_WITH_KNOTS ( 'NONE', 3,
 ( #1287, #1373, #5114, #831, #6232, #289, #5746, #3023, #4580, #4627 ),
 .UNSPECIFIED., .F., .F.,
 ( 4, 2, 2, 2, 4 ),
 ( 1.114551395912170200E-016, 0.04011257804652164400, 0.06016886706978223600, 0.08022515609304282900, 0.1604503121860848800 ),
 .UNSPECIFIED. ) ;
#5394 = DIRECTION ( 'NONE',  ( -0.03125000000000003500, 0.0000000000000000000, -0.9995115994824672600 ) ) ;
#5395 = CARTESIAN_POINT ( 'NONE',  ( -738.3330176091544700, -29.44950962140120900, 0.0000000000000000000 ) ) ;
#5396 = CARTESIAN_POINT ( 'NONE',  ( -1004.167345983600700, 1.027539364971652700, -44.51969783023678700 ) ) ;
#5397 = CARTESIAN_POINT ( 'NONE',  ( -397.0523550645547700, 97.52121751762267400, 374.0963778863184100 ) ) ;
#5398 = CARTESIAN_POINT ( 'NONE',  ( -693.7416788832711100, 40.39804840806833400, -655.0000000000000000 ) ) ;
#5399 = CARTESIAN_POINT ( 'NONE',  ( -1025.528095748797800, 24.49074053889314200, -49.74942052518630200 ) ) ;
#5400 = CARTESIAN_POINT ( 'NONE',  ( -161.6239919869378800, 282.5933900548561200, 239.9999999999999100 ) ) ;
#5401 = EDGE_CURVE ( 'NONE', #3066, #1709, #3448, .T. ) ;
#5402 = CARTESIAN_POINT ( 'NONE',  ( -713.1784001949513400, -16.15812585199232700, -689.1889285455598600 ) ) ;
#5403 = CARTESIAN_POINT ( 'NONE',  ( -978.9677902247721000, -40.23290289279391600, 62.35021923255894900 ) ) ;
#5404 = CARTESIAN_POINT ( 'NONE',  ( -140.6874882314088500, 281.5012653686379700, 239.9999999999999400 ) ) ;
#5405 = CARTESIAN_POINT ( 'NONE',  ( -1026.062289031846800, 24.96993600802364800, 48.69343506042290000 ) ) ;
#5406 = AXIS2_PLACEMENT_3D ( 'NONE', #6263, #5763, #1912 ) ;
#5407 = CARTESIAN_POINT ( 'NONE',  ( -711.8839373918331100, -18.56752510712951200, 269.8630729374096400 ) ) ;
#5408 = CARTESIAN_POINT ( 'NONE',  ( -729.7186922751344600, -45.97881655748227600, 312.7526747221214100 ) ) ;
#5409 = CARTESIAN_POINT ( 'NONE',  ( -1010.857640209273800, 0.6515405517213944700, 33.48532719775536000 ) ) ;
#5410 = CARTESIAN_POINT ( 'NONE',  ( -937.0752082723203100, 45.96534525729736500, 100.4989881212985000 ) ) ;
#5411 = CARTESIAN_POINT ( 'NONE',  ( -506.8502961665491900, 36.15522773701943700, 843.9588576692399300 ) ) ;
#5412 = DIRECTION ( 'NONE',  ( -0.0000000000000000000, -0.0000000000000000000, -1.000000000000000000 ) ) ;
#5413 = CARTESIAN_POINT ( 'NONE',  ( -856.7000535346885500, 37.86133730871608800, 114.7509644791536700 ) ) ;
#5414 = CARTESIAN_POINT ( 'NONE',  ( -149.8045018759658800, 322.9841113240252100, 239.9999999999998900 ) ) ;
#5415 = STYLED_ITEM ( 'NONE', ( #3539 ), #4703 ) ;
#5416 = DIRECTION ( 'NONE',  ( -0.3923846148323792400, 0.0000000000000000000, 0.9198012361607509300 ) ) ;
#5417 = DIRECTION ( 'NONE',  ( -0.9432605712340358400, -0.3320534516538568000, 0.0000000000000000000 ) ) ;
#5418 = ORIENTED_EDGE ( 'NONE', *, *, #1560, .F. ) ;
#5419 = CARTESIAN_POINT ( 'NONE',  ( -657.1477111387589500, -36.52210372559174100, 123.2738644042215400 ) ) ;
#5420 = CARTESIAN_POINT ( 'NONE',  ( -1020.631920869481400, 0.1022197289524302800, -57.37009663405386600 ) ) ;
#5421 = EDGE_CURVE ( 'NONE', #4810, #6857, #33, .T. ) ;
#5422 = CARTESIAN_POINT ( 'NONE',  ( -729.0432225372624100, 27.87178848488811100, -103.3772041278320300 ) ) ;
#5423 = CARTESIAN_POINT ( 'NONE',  ( -159.3462736024644900, 282.1027028741498800, 240.0000000000000300 ) ) ;
#5424 = VERTEX_POINT ( 'NONE', #4634 ) ;
#5425 = CARTESIAN_POINT ( 'NONE',  ( -172.5187303640434500, 281.2249801341737900, -138.9349941826843100 ) ) ;
#5426 = CARTESIAN_POINT ( 'NONE',  ( -688.6248947819867700, 15.14529607312527800, 479.9148654927763000 ) ) ;
#5427 = CARTESIAN_POINT ( 'NONE',  ( -992.5384999558579000, 50.59937321614901900, -58.96953282385597800 ) ) ;
#5428 = ORIENTED_EDGE ( 'NONE', *, *, #5115, .T. ) ;
#5429 = CARTESIAN_POINT ( 'NONE',  ( -113.6492302732339400, 284.9856409245147100, 239.9999999999999400 ) ) ;
#5430 = CARTESIAN_POINT ( 'NONE',  ( -179.5242156581906300, 307.7522041931682700, -138.7014780062128500 ) ) ;
#5431 = ORIENTED_EDGE ( 'NONE', *, *, #519, .T. ) ;
#5432 = CARTESIAN_POINT ( 'NONE',  ( -700.9174613660216000, 24.10077794295650500, 892.2079401485256100 ) ) ;
#5433 = ORIENTED_EDGE ( 'NONE', *, *, #1495, .T. ) ;
#5434 = CARTESIAN_POINT ( 'NONE',  ( -940.3016272692001400, -42.56787079500168100, -59.08164849728965600 ) ) ;
#5435 = CARTESIAN_POINT ( 'NONE',  ( -971.0375125829706300, -46.70541187800889600, 20.83333333333332900 ) ) ;
#5436 = CARTESIAN_POINT ( 'NONE',  ( -713.3313801377543100, -16.87225995215482000, 786.4237230304519200 ) ) ;
#5437 = EDGE_LOOP ( 'NONE', ( #262, #2731, #6702, #7063, #3563 ) ) ;
#5438 = CARTESIAN_POINT ( 'NONE',  ( -860.0401653883415100, 36.17283894786665900, 114.4102738448823100 ) ) ;
#5439 = ORIENTED_EDGE ( 'NONE', *, *, #5008, .T. ) ;
#5440 = CARTESIAN_POINT ( 'NONE',  ( -161.2460480930646200, 321.4933946196882700, 239.9999999999998600 ) ) ;
#5441 = CARTESIAN_POINT ( 'NONE',  ( -851.1702106337737600, 303.3400564877736100, 0.0000000000000000000 ) ) ;
#5442 = DIRECTION ( 'NONE',  ( 0.9198012361607466000, 0.0000000000000000000, -0.3923846148323892300 ) ) ;
#5443 = EDGE_CURVE ( 'NONE', #3111, #923, #5859, .T. ) ;
#5444 = DIRECTION ( 'NONE',  ( -1.000000000000000000, 0.0000000000000000000, 0.0000000000000000000 ) ) ;
#5445 = CARTESIAN_POINT ( 'NONE',  ( -313.7879653329613900, 124.6398863986655800, 650.0000000000000000 ) ) ;
#5446 = CARTESIAN_POINT ( 'NONE',  ( -160.8696293741179800, 282.4184853916976300, 239.9999999999999700 ) ) ;
#5447 = CARTESIAN_POINT ( 'NONE',  ( -347.8183075493970500, -77.57978771338689200, -877.8983430316171700 ) ) ;
#5448 = FACE_OUTER_BOUND ( 'NONE', #1753, .T. ) ;
#5449 = DIRECTION ( 'NONE',  ( -0.0000000000000000000, -0.0000000000000000000, 1.000000000000000000 ) ) ;
#5450 = CARTESIAN_POINT ( 'NONE',  ( -22.84669997237481500, 298.9390584427532600, 239.9999999999999400 ) ) ;
#5451 = CARTESIAN_POINT ( 'NONE',  ( -184.6024823531584800, 297.8104434496007100, -138.5322024497139100 ) ) ;
#5452 = CARTESIAN_POINT ( 'NONE',  ( -699.4887755930474200, 27.60521235697080300, 885.2699039839529900 ) ) ;
#5453 = CARTESIAN_POINT ( 'NONE',  ( -930.1674393579720600, -44.47907115696418900, 69.74124603058601200 ) ) ;
#5454 = CARTESIAN_POINT ( 'NONE',  ( -939.3920160769610000, -42.70012711492388700, -55.52262901820211000 ) ) ;
#5455 = CARTESIAN_POINT ( 'NONE',  ( -970.5218452665625400, -46.52138065281847900, 62.35021923255894900 ) ) ;
#5456 = CARTESIAN_POINT ( 'NONE',  ( -939.6504964060640100, 5.912892269429250700, -63.34620524033731900 ) ) ;
#5457 = DIRECTION ( 'NONE',  ( 1.000000000000000000, 0.0000000000000000000, -3.265361837132812600E-016 ) ) ;
#5458 = ORIENTED_EDGE ( 'NONE', *, *, #6887, .F. ) ;
#5459 = CARTESIAN_POINT ( 'NONE',  ( -155.2752143074901900, 322.5589940303392500, 240.0000000000000000 ) ) ;
#5460 =( BOUNDED_SURFACE ( )  B_SPLINE_SURFACE ( 3, 2, ( 
 ( #6027, #2801, #3896 ),
 ( #2754, #536, #1067 ),
 ( #1113, #2227, #6051 ),
 ( #3332, #3810, #2156 ) ),
 .UNSPECIFIED., .F., .F., .F. ) 
 B_SPLINE_SURFACE_WITH_KNOTS ( ( 4, 4 ),
 ( 3, 3 ),
 ( 4.733923052094549900, 4.814554061244326300 ),
 ( 0.0000000000000000000, 1.000000000000000000 ),
 .UNSPECIFIED. ) 
 GEOMETRIC_REPRESENTATION_ITEM ( )  RATIONAL_B_SPLINE_SURFACE ( (
 ( 1.000000000000000000, 0.7063643995535251500, 1.000000000000000000),
 ( 1.000000000000000000, 0.7054374787244874800, 1.000000000000000000),
 ( 1.000000000000000000, 0.7045095346784138200, 1.000000000000000000),
 ( 1.000000000000000000, 0.7035835868435179600, 1.000000000000000000) ) ) 
 REPRESENTATION_ITEM ( '' )  SURFACE ( )  );
#5461 = CARTESIAN_POINT ( 'NONE',  ( -995.1635593470149400, 27.65220633256806000, -81.65449278019848100 ) ) ;
#5462 = ORIENTED_EDGE ( 'NONE', *, *, #418, .F. ) ;
#5463 = CARTESIAN_POINT ( 'NONE',  ( -418.8108414987674500, 78.87170263032058400, 650.0000000000000000 ) ) ;
#5464 = CARTESIAN_POINT ( 'NONE',  ( -770.0781440828610600, -51.00000000000041200, 64.73844108900584600 ) ) ;
#5465 = FACE_OUTER_BOUND ( 'NONE', #1819, .T. ) ;
#5466 = CIRCLE ( 'NONE', #4736, 154.0000000000000300 ) ;
#5467 = CARTESIAN_POINT ( 'NONE',  ( -328.4293899634121800, 113.8973949287239700, 650.0000000000000000 ) ) ;
#5468 = CARTESIAN_POINT ( 'NONE',  ( -916.2503525128727200, 14.89195850003384600, -102.0191035243859700 ) ) ;
#5469 = CARTESIAN_POINT ( 'NONE',  ( -935.1358112731621800, -43.41475549787490000, 68.52779630542481500 ) ) ;
#5470 = VECTOR ( 'NONE', #6471, 1000.000000000000000 ) ;
#5471 = EDGE_LOOP ( 'NONE', ( #2339, #5627, #5734, #2887, #1299 ) ) ;
#5472 = CARTESIAN_POINT ( 'NONE',  ( -14.69591375056344700, 296.6267490809309500, -144.1957547364669900 ) ) ;
#5473 = CARTESIAN_POINT ( 'NONE',  ( -1005.401035527967500, 0.9582052237583823500, -42.93404041659988500 ) ) ;
#5474 = FACE_OUTER_BOUND ( 'NONE', #1278, .T. ) ;
#5475 = CARTESIAN_POINT ( 'NONE',  ( 465.9699137599472500, -201.6600000000000000, -1100.000000000000000 ) ) ;
#5476 = CARTESIAN_POINT ( 'NONE',  ( -22.35695832401222600, 299.0537348505726500, 239.9999999999999700 ) ) ;
#5477 = CARTESIAN_POINT ( 'NONE',  ( -133.6706168854510400, 316.4673346317786700, -140.2299312986374700 ) ) ;
#5478 = CARTESIAN_POINT ( 'NONE',  ( -703.6194712129944300, 17.00412432509472200, 816.8899381166407900 ) ) ;
#5479 = CARTESIAN_POINT ( 'NONE',  ( -940.3166335943242300, -42.57082612202526700, -60.42069117293265600 ) ) ;
#5480 = CARTESIAN_POINT ( 'NONE',  ( -516.6903487949471100, 34.60856529943475800, 838.2916872105213300 ) ) ;
#5481 = ORIENTED_EDGE ( 'NONE', *, *, #5579, .T. ) ;
#5482 = CARTESIAN_POINT ( 'NONE',  ( -699.9177170388997000, 26.58552693856750100, 652.3409428393840700 ) ) ;
#5483 = CARTESIAN_POINT ( 'NONE',  ( -933.2841304343697900, 6.536362677673595900, -69.29750887679000500 ) ) ;
#5484 = B_SPLINE_CURVE_WITH_KNOTS ( 'NONE', 3,
 ( #57, #4462, #1200, #6624, #3347, #3890, #4492, #1160, #5030, #3875, #5557, #2273, #5507, #5602, #5057, #6655, #4963, #3897, #4398, #2831, #2874, #66, #6077, #4985, #1133, #1225, #2778, #6628, #656, #629, #6689, #1755, #3381, #1710, #3421, #1208 ),
 .UNSPECIFIED., .F., .F.,
 ( 4, 2, 2, 2, 2, 2, 2, 2, 2, 2, 2, 2, 2, 2, 2, 2, 2, 4 ),
 ( 0.04959824380489615000, 0.05784445168332846800, 0.06609065956176078700, 0.08258307531862541000, 0.1155679068323547400, 0.1320603225892194000, 0.1485527383460840700, 0.1567989462245164000, 0.1650451541029487300, 0.1691682580421649000, 0.1732913619813810600, 0.1753529139509891200, 0.1774144659205971800, 0.1794760178902052900, 0.1805067938750093400, 0.1810221818674113100, 0.1812798758636123300, 0.1815375698598133400 ),
 .UNSPECIFIED. ) ;
#5485 = CARTESIAN_POINT ( 'NONE',  ( -729.0542768836836600, 26.53698324128182800, -95.29295773868912500 ) ) ;
#5486 = CARTESIAN_POINT ( 'NONE',  ( -176.1757791179144600, 315.4891668659200300, 240.0000000000000000 ) ) ;
#5487 = DIRECTION ( 'NONE',  ( 1.000000000000000000, 0.0000000000000000000, 0.0000000000000000000 ) ) ;
#5488 = CARTESIAN_POINT ( 'NONE',  ( -713.4697463862523800, -17.52863790391623800, -785.5734218383169000 ) ) ;
#5489 = DIRECTION ( 'NONE',  ( 0.5385643568985994900, 0.1895893447681801800, -0.8209776573261722300 ) ) ;
#5490 = B_SPLINE_CURVE_WITH_KNOTS ( 'NONE', 3,
 ( #1631, #5978, #5951, #4837 ),
 .UNSPECIFIED., .F., .F.,
 ( 4, 4 ),
 ( 0.0000000000000000000, 0.006137762716216455700 ),
 .UNSPECIFIED. ) ;
#5491 = CARTESIAN_POINT ( 'NONE',  ( -5.573319583618285800E-011, 145.4327230323249600, 144.6856185281506300 ) ) ;
#5492 = EDGE_CURVE ( 'NONE', #4310, #3841, #1513, .T. ) ;
#5493 = CARTESIAN_POINT ( 'NONE',  ( -939.3897206489456300, -42.73425124967870700, 63.95915777979733700 ) ) ;
#5494 = CARTESIAN_POINT ( 'NONE',  ( -43.81882287036725600, 289.8306502482418500, -143.2249910991403100 ) ) ;
#5495 = CARTESIAN_POINT ( 'NONE',  ( -531.9501749664385700, -5.650588350028089100, 69.73714230385326100 ) ) ;
#5496 = CARTESIAN_POINT ( 'NONE',  ( -486.7824486820869100, 36.56969405062828600, -845.9119047431394200 ) ) ;
#5497 = CARTESIAN_POINT ( 'NONE',  ( -49.18140272146264600, 294.1135329940221900, 239.9999999999999400 ) ) ;
#5498 = CARTESIAN_POINT ( 'NONE',  ( -773.1775071780791700, 47.42456333482935800, 119.4009345243831300 ) ) ;
#5499 = VERTEX_POINT ( 'NONE', #3064 ) ;
#5500 = CARTESIAN_POINT ( 'NONE',  ( -702.7545956215969900, 19.34366334440645800, 899.1898786402738300 ) ) ;
#5501 = CARTESIAN_POINT ( 'NONE',  ( -765.2637996017078900, -48.39639168392665200, -60.37567659094303700 ) ) ;
#5502 = CARTESIAN_POINT ( 'NONE',  ( -710.7706837365666400, -5.929911951216549700, 669.9816153188719500 ) ) ;
#5503 = CARTESIAN_POINT ( 'NONE',  ( -163.3970663943142400, 320.9840686258777400, 139.2390496483422200 ) ) ;
#5504 = ORIENTED_EDGE ( 'NONE', *, *, #5836, .F. ) ;
#5505 = EDGE_CURVE ( 'NONE', #4482, #1534, #7018, .T. ) ;
#5506 = VERTEX_POINT ( 'NONE', #5814 ) ;
#5507 = CARTESIAN_POINT ( 'NONE',  ( -51.94826630523001400, 310.3352009499397500, 142.9540096513116200 ) ) ;
#5508 = CARTESIAN_POINT ( 'NONE',  ( -183.9721129261900500, 306.2198493662576200, 239.9999999999998900 ) ) ;
#5509 = ORIENTED_EDGE ( 'NONE', *, *, #3743, .T. ) ;
#5510 = CARTESIAN_POINT ( 'NONE',  ( -594.8326090302857700, -18.90785067022326200, 123.2997772557765300 ) ) ;
#5511 = CARTESIAN_POINT ( 'NONE',  ( -711.8568504542175800, -28.00425256398110500, -269.8670942215699100 ) ) ;
#5512 = ORIENTED_EDGE ( 'NONE', *, *, #4452, .F. ) ;
#5513 = CARTESIAN_POINT ( 'NONE',  ( -969.2964458175645200, 3.009607685326152600, -69.98447447726657300 ) ) ;
#5514 = EDGE_CURVE ( 'NONE', #4810, #1524, #3128, .T. ) ;
#5515 = CARTESIAN_POINT ( 'NONE',  ( -971.0375125829706300, -46.70541187800889600, 20.83333333333332900 ) ) ;
#5516 = CARTESIAN_POINT ( 'NONE',  ( -157.1660011963852500, 319.4917124422457300, -239.9999999999997700 ) ) ;
#5517 = ORIENTED_EDGE ( 'NONE', *, *, #4575, .F. ) ;
#5518 = CARTESIAN_POINT ( 'NONE',  ( -118.7810999971438000, 279.1607936435042900, -140.7262485282476500 ) ) ;
#5519 = CARTESIAN_POINT ( 'NONE',  ( -372.4858471441371000, 106.2344382435709300, 593.0514773797333400 ) ) ;
#5520 = DIRECTION ( 'NONE',  ( -1.000000000000000000, 0.0000000000000000000, 0.0000000000000000000 ) ) ;
#5521 = ORIENTED_EDGE ( 'NONE', *, *, #6347, .F. ) ;
#5522 = CARTESIAN_POINT ( 'NONE',  ( -113.6038428234673300, 284.9916062621035700, 240.0000000000000000 ) ) ;
#5523 = CARTESIAN_POINT ( 'NONE',  ( -1025.528095748797800, 24.49074053889315600, 49.74942052518749600 ) ) ;
#5524 = CARTESIAN_POINT ( 'NONE',  ( -697.2329864793703100, 32.85340282095710100, 856.9659965924661300 ) ) ;
#5525 = CIRCLE ( 'NONE', #1612, 64.99999999999994300 ) ;
#5526 = CARTESIAN_POINT ( 'NONE',  ( -547.3859554762216200, 34.35137113464589500, 837.4995630862175600 ) ) ;
#5527 = CARTESIAN_POINT ( 'NONE',  ( -715.1938677321609200, -26.52991599926863800, 696.9944497586100200 ) ) ;
#5528 = CARTESIAN_POINT ( 'NONE',  ( -153.2806047675746600, 322.8033342737988400, 139.5762650359001500 ) ) ;
#5529 = FACE_OUTER_BOUND ( 'NONE', #1654, .T. ) ;
#5530 = CARTESIAN_POINT ( 'NONE',  ( -258.7992690864780900, 213.7750709259654500, -650.0000000000000000 ) ) ;
#5531 = CARTESIAN_POINT ( 'NONE',  ( -770.0781440828610600, -51.00000000000041200, -54.73844108900409100 ) ) ;
#5532 = CARTESIAN_POINT ( 'NONE',  ( -716.1898222894010400, -32.85264048393532500, -715.3227963218524800 ) ) ;
#5533 = FILL_AREA_STYLE ('',( #3217 ) ) ;
#5534 = B_SPLINE_CURVE_WITH_KNOTS ( 'NONE', 3,
 ( #3651, #4725, #1477, #5876, #6299, #6870, #2574, #938, #4757, #1945, #5772, #6327, #3021, #4699, #6409, #850, #3783, #3760, #7007, #506, #2630, #6455, #1582, #477, #4325, #2177, #1528, #3732 ),
 .UNSPECIFIED., .F., .F.,
 ( 4, 2, 2, 2, 2, 2, 2, 2, 2, 2, 2, 2, 2, 4 ),
 ( 3.469446951953614200E-017, 0.0004075131463257687500, 0.0008150262926515028000, 0.001630052585302968500, 0.002445078877954434200, 0.003260105170605899800, 0.004890157755909122600, 0.006520210341212345900, 0.009780315511818486400, 0.01304042068242462800, 0.01956063102363690700, 0.02608084136484919300, 0.03912126204727375100, 0.05216168272969831700 ),
 .UNSPECIFIED. ) ;
#5535 = EDGE_CURVE ( 'NONE', #2641, #1445, #5163, .T. ) ;
#5536 = CARTESIAN_POINT ( 'NONE',  ( -932.9810576344058300, -44.47907115696418900, 69.39802070663799300 ) ) ;
#5537 = CARTESIAN_POINT ( 'NONE',  ( -969.8027014340808600, 2.960029103556109900, -69.05959828207571100 ) ) ;
#5538 = CARTESIAN_POINT ( 'NONE',  ( -393.8887080982340200, 87.29250983550717500, 509.9464644161665200 ) ) ;
#5539 = CARTESIAN_POINT ( 'NONE',  ( -728.8146454189196700, 26.56045258090649600, 95.29810048309465700 ) ) ;
#5540 = CARTESIAN_POINT ( 'NONE',  ( -939.6470802218283300, -42.66158911014316900, 56.12177411033351900 ) ) ;
#5541 = CARTESIAN_POINT ( 'NONE',  ( -20.59195121625243300, 294.3311339708714600, -143.9992201542774200 ) ) ;
#5542 = CARTESIAN_POINT ( 'NONE',  ( -14.62674840205266600, 296.8509855691290200, -137.9225819429059600 ) ) ;
#5543 = CARTESIAN_POINT ( 'NONE',  ( -345.0319055377163400, 151.8746835953304500, 650.0000000000000000 ) ) ;
#5544 = LINE ( 'NONE', #5362, #2631 ) ;
#5545 = CARTESIAN_POINT ( 'NONE',  ( -16.73615663488694200, 300.6365037570094500, 239.9999999999999400 ) ) ;
#5546 = CARTESIAN_POINT ( 'NONE',  ( -713.8490970536408900, -19.36790809068364500, 694.3009520048759700 ) ) ;
#5547 = ORIENTED_EDGE ( 'NONE', *, *, #4313, .T. ) ;
#5548 = CARTESIAN_POINT ( 'NONE',  ( -731.8165205886458600, 51.43860034523280700, -120.2917345085309900 ) ) ;
#5549 = LINE ( 'NONE', #5138, #2635 ) ;
#5550 = FACE_OUTER_BOUND ( 'NONE', #6608, .T. ) ;
#5551 = CARTESIAN_POINT ( 'NONE',  ( -765.7232061239892600, -48.43925390850151300, -61.91252206166709700 ) ) ;
#5552 = CARTESIAN_POINT ( 'NONE',  ( -715.9925572300867300, -31.52321676645592800, 757.9177936073434700 ) ) ;
#5553 = CARTESIAN_POINT ( 'NONE',  ( -931.6749982788013500, 6.693948070409750700, -49.82173528591423000 ) ) ;
#5554 = VERTEX_POINT ( 'NONE', #5936 ) ;
#5555 = VECTOR ( 'NONE', #7023, 1000.000000000000000 ) ;
#5556 = FACE_OUTER_BOUND ( 'NONE', #6771, .T. ) ;
#5557 = CARTESIAN_POINT ( 'NONE',  ( -68.27553210742779300, 312.7895123150523200, 142.4097674579049600 ) ) ;
#5558 = CARTESIAN_POINT ( 'NONE',  ( -729.7186922751338900, -45.97881655748224700, -312.7526747221214100 ) ) ;
#5559 = CARTESIAN_POINT ( 'NONE',  ( -14.62674840205307300, 296.8509855691290200, -144.1980602480840000 ) ) ;
#5560 = CARTESIAN_POINT ( 'NONE',  ( -658.0707898217590400, 71.86193051735821800, -650.0000000000000000 ) ) ;
#5561 = CARTESIAN_POINT ( 'NONE',  ( -702.1671391254971000, 20.89337023790939400, -897.0970138057373300 ) ) ;
#5562 = EDGE_LOOP ( 'NONE', ( #3259, #727, #5933, #6558 ) ) ;
#5563 = EDGE_CURVE ( 'NONE', #6623, #4157, #5346, .T. ) ;
#5564 = CARTESIAN_POINT ( 'NONE',  ( -258.7992690864780300, 7.809641298080448400, 916.9693845669907000 ) ) ;
#5565 = VERTEX_POINT ( 'NONE', #411 ) ;
#5566 = CARTESIAN_POINT ( 'NONE',  ( -1029.142567145361900, 36.83212977891389500, 8.893730681850858100 ) ) ;
#5567 = ADVANCED_FACE ( 'NONE', ( #4748 ), #564, .F. ) ;
#5568 = CARTESIAN_POINT ( 'NONE',  ( -729.7186922751344600, -45.97881655748227600, 312.7526747221214100 ) ) ;
#5569 = CARTESIAN_POINT ( 'NONE',  ( -732.9069354061400600, 119.2305944951993600, -120.0956647967962900 ) ) ;
#5570 = CARTESIAN_POINT ( 'NONE',  ( -184.6267484020548600, 283.4185262867598600, -137.9225819429058500 ) ) ;
#5571 = CARTESIAN_POINT ( 'NONE',  ( -536.4089367922349500, -10.00669366827933300, -36.89144407851287600 ) ) ;
#5572 = CARTESIAN_POINT ( 'NONE',  ( -21.08586916811985300, 299.3540128661514900, 239.9999999999998900 ) ) ;
#5573 = CARTESIAN_POINT ( 'NONE',  ( -713.1784001949513400, -16.15812585199232700, 689.1889285455598600 ) ) ;
#5574 = CARTESIAN_POINT ( 'NONE',  ( -766.8658810447312800, -48.54277251741574900, -63.45089436171033300 ) ) ;
#5575 = CARTESIAN_POINT ( 'NONE',  ( -706.7742996700783400, 7.809196471511757700, 660.2824392206596300 ) ) ;
#5576 = EDGE_CURVE ( 'NONE', #4552, #4338, #3239, .T. ) ;
#5577 = CARTESIAN_POINT ( 'NONE',  ( -182.3047893437291700, 309.6131233029223000, 138.6087922166950600 ) ) ;
#5578 = B_SPLINE_CURVE_WITH_KNOTS ( 'NONE', 3,
 ( #643, #2215, #4456, #597, #4408, #1145 ),
 .UNSPECIFIED., .F., .F.,
 ( 4, 1, 1, 4 ),
 ( 0.0000000000000000000, 0.08409707550759747100, 0.1681940720496415700, 1.000000000000000000 ),
 .UNSPECIFIED. ) ;
#5579 = EDGE_CURVE ( 'NONE', #3112, #6261, #3172, .T. ) ;
#5580 = CARTESIAN_POINT ( 'NONE',  ( -700.5661831583936400, 24.96930525748549800, 899.9934408634966300 ) ) ;
#5581 = ORIENTED_EDGE ( 'NONE', *, *, #2856, .T. ) ;
#5582 = CARTESIAN_POINT ( 'NONE',  ( -688.6248947819867700, 15.14529607312527800, -479.9148654927763000 ) ) ;
#5583 = CARTESIAN_POINT ( 'NONE',  ( -702.6063158552796000, 19.73770770990856600, -898.6741687620319700 ) ) ;
#5584 = DIRECTION ( 'NONE',  ( -0.0000000000000000000, -1.000000000000000000, -0.0000000000000000000 ) ) ;
#5585 = CARTESIAN_POINT ( 'NONE',  ( -1028.576682404451500, 27.68329054205706500, 42.15314106438376000 ) ) ;
#5586 = CARTESIAN_POINT ( 'NONE',  ( -16.57155175398151700, 303.3018307089461100, 239.9999999999998900 ) ) ;
#5587 = CARTESIAN_POINT ( 'NONE',  ( -937.3200811255742300, -44.47907115696418900, 66.97472584842472500 ) ) ;
#5588 = VERTEX_POINT ( 'NONE', #3119 ) ;
#5589 = CARTESIAN_POINT ( 'NONE',  ( -157.1660011963871600, 274.2102586960153900, -239.9999999999998900 ) ) ;
#5590 = CARTESIAN_POINT ( 'NONE',  ( -904.2930463377362000, 22.77516779717030500, -107.9617085358978000 ) ) ;
#5591 = CARTESIAN_POINT ( 'NONE',  ( -1928.659063898404200, 12275.91413284360400, -239.9999999999998900 ) ) ;
#5592 = CARTESIAN_POINT ( 'NONE',  ( -715.5906403539564700, -28.95760524894873100, 747.0323087305508800 ) ) ;
#5593 = ORIENTED_EDGE ( 'NONE', *, *, #4011, .F. ) ;
#5594 = VERTEX_POINT ( 'NONE', #4815 ) ;
#5595 = CARTESIAN_POINT ( 'NONE',  ( -970.4037882827206000, 2.925072896146106300, -68.60026894045648800 ) ) ;
#5596 =( BOUNDED_SURFACE ( )  B_SPLINE_SURFACE ( 3, 2, ( 
 ( #783, #6272, #1879 ),
 ( #1920, #1857, #3504 ),
 ( #6206, #4579, #3522 ),
 ( #3485, #4648, #5744 ),
 ( #4068, #2933, #4604 ),
 ( #4558, #1371, #4091 ),
 ( #3998, #2953, #3464 ),
 ( #5680, #740, #2379 ),
 ( #196, #170, #3547 ),
 ( #2399, #6793, #222 ) ),
 .UNSPECIFIED., .F., .F., .T. ) 
 B_SPLINE_SURFACE_WITH_KNOTS ( ( 4, 2, 2, 2, 4 ),
 ( 3, 3 ),
 ( 5.041869326281659600, 5.186898195856501900, 5.331927065431345100, 5.476955935006188300, 5.621984804581030600 ),
 ( 0.0000000000000000000, 1.000000000000000000 ),
 .UNSPECIFIED. ) 
 GEOMETRIC_REPRESENTATION_ITEM ( )  RATIONAL_B_SPLINE_SURFACE ( (
 ( 1.000000000000000000, 0.7006585670461694700, 1.000000000000000000),
 ( 1.000000000000000000, 0.6997427311303148200, 1.000000000000000000),
 ( 1.000000000000000000, 0.6988478715163882700, 1.000000000000000000),
 ( 1.000000000000000000, 0.6971193740742521700, 1.000000000000000000),
 ( 1.000000000000000000, 0.6962857652519851600, 1.000000000000000000),
 ( 1.000000000000000000, 0.6946980584610185100, 1.000000000000000000),
 ( 1.000000000000000000, 0.6939439750766252000, 1.000000000000000000),
 ( 1.000000000000000000, 0.6925320120771731900, 1.000000000000000000),
 ( 1.000000000000000000, 0.6918741116751824200, 1.000000000000000000),
 ( 1.000000000000000000, 0.6912717319805838900, 1.000000000000000000) ) ) 
 REPRESENTATION_ITEM ( '' )  SURFACE ( )  );
#5597 = CARTESIAN_POINT ( 'NONE',  ( -935.1371004647523900, 6.354897775020540400, -50.96835106097336900 ) ) ;
#5598 = B_SPLINE_CURVE_WITH_KNOTS ( 'NONE', 3,
 ( #243, #1924, #6305, #225, #4678, #3551, #4629, #1354, #854, #5178, #1863, #5683, #1402, #2957, #4607, #5705, #5159, #270, #1884, #833, #6845, #5807, #2550, #3086, #1975, #6899, #2522, #3113, #1453, #3630 ),
 .UNSPECIFIED., .F., .F.,
 ( 4, 2, 2, 2, 2, 2, 2, 2, 2, 2, 2, 2, 2, 2, 4 ),
 ( 0.0000000000000000000, 0.004847449131475722000, 0.007271173697213583400, 0.009694898262951444000, 0.01454234739442718200, 0.01696607196016501600, 0.01938979652590285000, 0.02423724565737852400, 0.02666097022311638200, 0.02908469478885423700, 0.03150841935459209500, 0.03393214392032995600, 0.03635586848606780400, 0.03756773076893674100, 0.03877959305180566500 ),
 .UNSPECIFIED. ) ;
#5599 = ADVANCED_FACE ( 'NONE', ( #1678 ), #1567, .T. ) ;
#5600 = VERTEX_POINT ( 'NONE', #1537 ) ;
#5601 = CARTESIAN_POINT ( 'NONE',  ( -695.1514322792051000, 39.92077323885202800, 650.0000000000000000 ) ) ;
#5602 = CARTESIAN_POINT ( 'NONE',  ( -43.79948128684844000, 309.0135177631745500, 143.2256358185910300 ) ) ;
#5603 = ORIENTED_EDGE ( 'NONE', *, *, #3633, .T. ) ;
#5604 = AXIS2_PLACEMENT_3D ( 'NONE', #2422, #4092, #2403 ) ;
#5605 = CARTESIAN_POINT ( 'NONE',  ( -698.7111730830299600, 29.44918237155151900, -880.3726252731426000 ) ) ;
#5606 = DIRECTION ( 'NONE',  ( -0.0000000000000000000, 1.000000000000000000, -0.0000000000000000000 ) ) ;
#5607 = ORIENTED_EDGE ( 'NONE', *, *, #6960, .T. ) ;
#5608 = CARTESIAN_POINT ( 'NONE',  ( -919.9485110022307000, 67.95532906200347200, 98.90685787851370500 ) ) ;
#5609 = CARTESIAN_POINT ( 'NONE',  ( -739.1236205614035300, 138.1367078960099700, -104.0731265631411900 ) ) ;
#5610 = CARTESIAN_POINT ( 'NONE',  ( -729.7471788742047900, 32.69078746187291500, 111.8454724751041700 ) ) ;
#5611 = CARTESIAN_POINT ( 'NONE',  ( -915.1432424847928400, 25.13652624751789900, -105.8215100661229000 ) ) ;
#5612 = CARTESIAN_POINT ( 'NONE',  ( -855.3638864233499800, 73.05180959641654700, -114.8816014359627600 ) ) ;
#5613 = DIRECTION ( 'NONE',  ( -0.0000000000000000000, -0.0000000000000000000, -1.000000000000000000 ) ) ;
#5614 = LINE ( 'NONE', #3391, #4137 ) ;
#5615 = CARTESIAN_POINT ( 'NONE',  ( -969.8308515967182800, 2.957272304234565200, 68.79590352574993500 ) ) ;
#5616 = CARTESIAN_POINT ( 'NONE',  ( -1016.591179363420100, 0.3293119852391553400, -10.71019283429815700 ) ) ;
#5617 = FACE_OUTER_BOUND ( 'NONE', #687, .T. ) ;
#5618 = CARTESIAN_POINT ( 'NONE',  ( -929.9999970323415300, -51.00000000000041200, 49.73844108900585300 ) ) ;
#5619 = VERTEX_POINT ( 'NONE', #2090 ) ;
#5620 = CARTESIAN_POINT ( 'NONE',  ( -1534.030086240052700, -201.6600000000000000, -1100.000000000000000 ) ) ;
#5621 = CARTESIAN_POINT ( 'NONE',  ( -699.4887755930477600, 27.60521235697081700, -885.2699039839533300 ) ) ;
#5622 = CARTESIAN_POINT ( 'NONE',  ( -182.3001653126925700, 309.6203191128620900, 240.0000000000000300 ) ) ;
#5623 = EDGE_CURVE ( 'NONE', #2503, #5810, #2181, .T. ) ;
#5624 = B_SPLINE_SURFACE_WITH_KNOTS ( 'NONE', 3, 3, ( 
 ( #1545, #2099, #4343, #3726, #2148, #7026 ),
 ( #4364, #1648, #5403, #6016, #7000, #446 ),
 ( #5991, #4829, #496, #4903, #471, #2653 ),
 ( #2719, #1033, #2124, #3275, #5945, #549 ) ),
 .UNSPECIFIED., .F., .F., .F.,
 ( 4, 4 ),
 ( 4, 1, 1, 4 ),
 ( 0.0000000000000000000, 1.000000000000000000 ),
 ( 0.0000000000000000000, 0.08409707550759747100, 0.1681940720496415700, 1.000000000000000000 ),
 .UNSPECIFIED. ) ;
#5625 = ORIENTED_EDGE ( 'NONE', *, *, #2203, .T. ) ;
#5626 = CARTESIAN_POINT ( 'NONE',  ( -1028.489763414086400, 37.38376853534553800, -2.019329192619598000 ) ) ;
#5627 = ORIENTED_EDGE ( 'NONE', *, *, #5375, .T. ) ;
#5628 = CYLINDRICAL_SURFACE ( 'NONE', #4620, 65.00000000000000000 ) ;
#5629 = CARTESIAN_POINT ( 'NONE',  ( -768.8170081430428100, 22.64294284187574000, -64.54414857166148100 ) ) ;
#5630 = CARTESIAN_POINT ( 'NONE',  ( -729.9630625047289000, 34.41145251588084600, 113.5734066347483700 ) ) ;
#5631 = CARTESIAN_POINT ( 'NONE',  ( -863.4836486381740300, -50.48501208658142800, -51.81809277202108200 ) ) ;
#5632 = CARTESIAN_POINT ( 'NONE',  ( -663.0707898217588100, 63.20167647951369400, 650.0000000000000000 ) ) ;
#5633 = EDGE_CURVE ( 'NONE', #5588, #4510, #1494, .T. ) ;
#5634 = B_SPLINE_SURFACE_WITH_KNOTS ( 'NONE', 3, 1, ( 
 ( #6852, #3007 ),
 ( #3585, #385 ),
 ( #4203, #947 ),
 ( #4333, #438 ),
 ( #6418, #2585 ),
 ( #2114, #6440 ) ),
 .UNSPECIFIED., .F., .F., .F.,
 ( 4, 1, 1, 4 ),
 ( 2, 2 ),
 ( 0.0000000000000000000, 0.6778353750968978400, 0.7778353750968976000, 1.000000000000000000 ),
 ( 0.0000000000000000000, 1.000000000000000000 ),
 .UNSPECIFIED. ) ;
#5635 = CARTESIAN_POINT ( 'NONE',  ( -769.1872778920909500, 23.42789570974004900, -54.84248903169684300 ) ) ;
#5636 = CARTESIAN_POINT ( 'NONE',  ( -155.2621046880578600, 345.3435038578518300, 114.7730412152562000 ) ) ;
#5637 = ORIENTED_EDGE ( 'NONE', *, *, #6210, .F. ) ;
#5638 = ADVANCED_FACE ( 'NONE', ( #2784 ), #3789, .T. ) ;
#5639 = DIRECTION ( 'NONE',  ( 0.0000000000000000000, 0.0000000000000000000, 1.000000000000000000 ) ) ;
#5640 = CARTESIAN_POINT ( 'NONE',  ( -707.6635419309777700, 4.958084258317585500, -912.8622417098479200 ) ) ;
#5641 = CARTESIAN_POINT ( 'NONE',  ( -1059.433308974922100, -2.078443092143193100, -32.95183448588308300 ) ) ;
#5642 = EDGE_LOOP ( 'NONE', ( #4303, #3772, #3114, #2119 ) ) ;
#5643 = CARTESIAN_POINT ( 'NONE',  ( -5.573319583618287100E-011, 138.8521786950651300, -143.8406521959325300 ) ) ;
#5644 = CARTESIAN_POINT ( 'NONE',  ( -1022.687762458795800, 39.98601039338048900, -12.99443855083601200 ) ) ;
#5645 = CARTESIAN_POINT ( 'NONE',  ( -395.9297836425273500, 37.94261202905195800, -860.1068298539454400 ) ) ;
#5646 = CARTESIAN_POINT ( 'NONE',  ( -183.4865753504812200, 307.4510643914022700, 240.0000000000000000 ) ) ;
#5647 = CARTESIAN_POINT ( 'NONE',  ( -930.0000000000559300, -44.10239037126144300, -49.73844108900408400 ) ) ;
#5648 = CARTESIAN_POINT ( 'NONE',  ( -711.8568504542175800, -28.00425256398110500, 269.8670942215699100 ) ) ;
#5649 = CARTESIAN_POINT ( 'NONE',  ( -738.9556303599223400, 137.5433357310144200, -105.5667516108793100 ) ) ;
#5650 = CARTESIAN_POINT ( 'NONE',  ( -730.1905033152803500, 36.28975564181909900, 115.1593899106916900 ) ) ;
#5651 = CARTESIAN_POINT ( 'NONE',  ( -836.8519917889400400, -51.27574871544559400, -66.82614346473982900 ) ) ;
#5652 = CARTESIAN_POINT ( 'NONE',  ( -768.8424994385436500, -49.25061185733253700, -64.54452117786583200 ) ) ;
#5653 = AXIS2_PLACEMENT_3D ( 'NONE', #2657, #2074, #3205 ) ;
#5654 = ADVANCED_FACE ( 'NONE', ( #1319 ), #4139, .F. ) ;
#5655 = ORIENTED_EDGE ( 'NONE', *, *, #2097, .T. ) ;
#5656 = EDGE_CURVE ( 'NONE', #5424, #3297, #2061, .T. ) ;
#5657 = CARTESIAN_POINT ( 'NONE',  ( -1028.579289975751000, 37.31407085798612400, -3.641659309627950100 ) ) ;
#5658 = CARTESIAN_POINT ( 'NONE',  ( -927.3335783567904400, 5.345646232141084500, 103.2736963770487400 ) ) ;
#5659 = CARTESIAN_POINT ( 'NONE',  ( -1023.632468975144300, 39.65344792960333800, -6.531547620731116100 ) ) ;
#5660 = CARTESIAN_POINT ( 'NONE',  ( -178.0483830430172500, 314.1407659139845200, 240.0000000000000000 ) ) ;
#5661 = ORIENTED_EDGE ( 'NONE', *, *, #1619, .F. ) ;
#5662 = CARTESIAN_POINT ( 'NONE',  ( -929.9999970323415300, -51.00000000000041200, 49.73844108900585300 ) ) ;
#5663 = AXIS2_PLACEMENT_3D ( 'NONE', #5231, #5732, #1981 ) ;
#5664 = CARTESIAN_POINT ( 'NONE',  ( -24.63329921121071200, 305.4840423444911700, 239.9999999999999700 ) ) ;
#5665 = ORIENTED_EDGE ( 'NONE', *, *, #1560, .T. ) ;
#5666 = CARTESIAN_POINT ( 'NONE',  ( -769.4399713109814900, 22.58193486615413200, -54.79671126397033000 ) ) ;
#5667 = CARTESIAN_POINT ( 'NONE',  ( -581.9108421284904600, 67.54256692194218200, 914.5255846426788400 ) ) ;
#5668 = CARTESIAN_POINT ( 'NONE',  ( -796.7398273853724500, -51.03642563929150800, -53.90485636258882400 ) ) ;
#5669 = ORIENTED_EDGE ( 'NONE', *, *, #6476, .F. ) ;
#5670 = CARTESIAN_POINT ( 'NONE',  ( -767.9223319890176100, 22.73056019052903000, 64.18300531351000900 ) ) ;
#5671 = CARTESIAN_POINT ( 'NONE',  ( -957.6817991869520500, 38.96419166205900100, -94.47116886415673800 ) ) ;
#5672 = ORIENTED_EDGE ( 'NONE', *, *, #2665, .F. ) ;
#5673 = B_SPLINE_SURFACE_WITH_KNOTS ( 'NONE', 3, 1, ( 
 ( #4081, #1889 ),
 ( #1826, #2388 ),
 ( #2409, #6239 ),
 ( #2965, #6744 ),
 ( #6218, #232 ),
 ( #182, #5712 ) ),
 .UNSPECIFIED., .F., .F., .F.,
 ( 4, 1, 1, 4 ),
 ( 2, 2 ),
 ( 0.0000000000000000000, 0.6778353750968978400, 0.7778353750968976000, 1.000000000000000000 ),
 ( 0.0000000000000000000, 1.000000000000000000 ),
 .UNSPECIFIED. ) ;
#5674 = CARTESIAN_POINT ( 'NONE',  ( -242.9611338163973400, 106.7869733464180500, -136.5869140676059600 ) ) ;
#5675 = CARTESIAN_POINT ( 'NONE',  ( -861.7977864428330600, 95.31459447446454200, 97.86077740990582200 ) ) ;
#5676 = EDGE_LOOP ( 'NONE', ( #5855, #4882, #6767, #1632 ) ) ;
#5677 = EDGE_CURVE ( 'NONE', #2928, #2641, #6034, .T. ) ;
#5678 = VECTOR ( 'NONE', #251, 1000.000000000000000 ) ;
#5679 = CARTESIAN_POINT ( 'NONE',  ( -1094.984363313623400, -4.076435077272655000, -6.588665786955447200 ) ) ;
#5680 = CARTESIAN_POINT ( 'NONE',  ( -1015.326489202846000, 21.24923267611350000, 63.66016581222187700 ) ) ;
#5681 = CARTESIAN_POINT ( 'NONE',  ( -705.0318725017002600, 13.04445947321442900, -812.6453939824087900 ) ) ;
#5682 = FACE_OUTER_BOUND ( 'NONE', #5812, .T. ) ;
#5683 = CARTESIAN_POINT ( 'NONE',  ( -737.1002142192871800, 131.6162775232474800, 114.0051590739929600 ) ) ;
#5684 = CARTESIAN_POINT ( 'NONE',  ( -731.8160511472557300, 51.43864591205847600, 120.2917445830374300 ) ) ;
#5685 = CARTESIAN_POINT ( 'NONE',  ( -67.19830715935459900, 312.6239139472021400, 240.0000000000000000 ) ) ;
#5686 = CARTESIAN_POINT ( 'NONE',  ( -729.1387881644699300, 28.41802251108948600, 104.9133078089565900 ) ) ;
#5687 = CARTESIAN_POINT ( 'NONE',  ( -876.8369412057331800, -49.71575963049110700, -51.40059847485408500 ) ) ;
#5688 = CARTESIAN_POINT ( 'NONE',  ( -769.2833338315761000, 22.59727467440039200, 64.65104031212483400 ) ) ;
#5689 = LINE ( 'NONE', #6086, #4147 ) ;
#5690 = CARTESIAN_POINT ( 'NONE',  ( -783.4085009152377100, -49.92969643381532300, -65.15521829421858500 ) ) ;
#5691 = AXIS2_PLACEMENT_3D ( 'NONE', #2930, #1877, #2397 ) ;
#5692 = CARTESIAN_POINT ( 'NONE',  ( -946.5066301737686000, 4.268108461688164800, -76.77176712034750500 ) ) ;
#5693 = B_SPLINE_SURFACE_WITH_KNOTS ( 'NONE', 3, 3, ( 
 ( #5888, #996, #4816, #5910, #6465, #3191, #2758 ),
 ( #4451, #3815, #6006, #1639, #1138, #2808, #4989 ),
 ( #5985, #4944, #6634, #1688, #6591, #613, #4967 ),
 ( #2160, #562, #3833, #5511, #3287, #16, #4359 ) ),
 .UNSPECIFIED., .F., .F., .F.,
 ( 4, 4 ),
 ( 4, 1, 1, 1, 4 ),
 ( 0.0000000000000000000, 1.000000000000000000 ),
 ( 0.0000000000000000000, 0.1490010684283051300, 0.3542303876842902700, 0.5841602856976757500, 1.000000000000000000 ),
 .UNSPECIFIED. ) ;
#5694 = ADVANCED_FACE ( 'NONE', ( #6972 ), #6197, .T. ) ;
#5695 = VECTOR ( 'NONE', #1844, 1000.000000000000000 ) ;
#5696 = ORIENTED_EDGE ( 'NONE', *, *, #4087, .F. ) ;
#5697 = COLOUR_RGB ( '',0.7960784313725489700, 0.8235294117647058400, 0.9372549019607843100 ) ;
#5698 = CARTESIAN_POINT ( 'NONE',  ( -970.2128377145036200, 2.935804440173523900, 68.66556340823159100 ) ) ;
#5699 = CYLINDRICAL_SURFACE ( 'NONE', #1180, 80.00000000000000000 ) ;
#5700 = CARTESIAN_POINT ( 'NONE',  ( -1079.527261641290100, -3.207736080047484800, -19.25557350944201200 ) ) ;
#5701 = CARTESIAN_POINT ( 'NONE',  ( -1023.869892135917900, 39.56986850050211800, -3.265785876998510900 ) ) ;
#5702 = CARTESIAN_POINT ( 'NONE',  ( -700.1460906965606900, 26.00671640974286400, -830.3337400829832400 ) ) ;
#5703 = CARTESIAN_POINT ( 'NONE',  ( -988.1729592711797100, -43.56514554282340900, -312.7510206763798200 ) ) ;
#5704 = ORIENTED_EDGE ( 'NONE', *, *, #2869, .T. ) ;
#5705 = CARTESIAN_POINT ( 'NONE',  ( -738.5187333241516400, 136.0786923256630700, 108.4409687158924500 ) ) ;
#5706 = CYLINDRICAL_SURFACE ( 'NONE', #278, 25.00000000000002800 ) ;
#5707 = CARTESIAN_POINT ( 'NONE',  ( -731.8155817058664100, 51.43869147891317800, 120.2917546574238100 ) ) ;
#5708 = CARTESIAN_POINT ( 'NONE',  ( -938.6127376900055900, 7.164169369840226200, 54.03636266494690000 ) ) ;
#5709 = CARTESIAN_POINT ( 'NONE',  ( -68.92241611418722900, 312.8751630351115400, 239.9999999999999100 ) ) ;
#5710 = CARTESIAN_POINT ( 'NONE',  ( -861.0800264558890800, 91.64005138580350300, -104.9233355974889300 ) ) ;
#5711 = CARTESIAN_POINT ( 'NONE',  ( -702.0841255488471700, 21.11440169158027700, -904.9539752696907700 ) ) ;
#5712 = CARTESIAN_POINT ( 'NONE',  ( -184.6267484020527300, 302.0000000000000600, 239.9999999999999100 ) ) ;
#5713 = VERTEX_POINT ( 'NONE', #5559 ) ;
#5714 = EDGE_CURVE ( 'NONE', #3599, #3403, #4225, .T. ) ;
#5715 = CARTESIAN_POINT ( 'NONE',  ( -19.43694921830005400, 299.7767887037370500, 239.9999999999998300 ) ) ;
#5716 = CARTESIAN_POINT ( 'NONE',  ( -765.4872778177197000, -49.25061185733253700, -57.82519722479804600 ) ) ;
#5717 = DIRECTION ( 'NONE',  ( 0.9947574284195235300, 0.09741849946394735800, -0.03110135955821438000 ) ) ;
#5718 = ADVANCED_FACE ( 'NONE', ( #2418 ), #2708, .T. ) ;
#5719 = CARTESIAN_POINT ( 'NONE',  ( -920.3039245909888000, 72.19268143819354600, -93.89606444129420000 ) ) ;
#5720 = CARTESIAN_POINT ( 'NONE',  ( -1082.425021963722900, -3.370592062999642600, 17.22455559040390600 ) ) ;
#5721 = CARTESIAN_POINT ( 'NONE',  ( -939.7884800296479900, 5.899379268997130900, 63.01926314308810400 ) ) ;
#5722 = EDGE_CURVE ( 'NONE', #3094, #4474, #5525, .T. ) ;
#5723 = DIRECTION ( 'NONE',  ( -0.0000000000000000000, 1.000000000000000000, -0.0000000000000000000 ) ) ;
#5724 = CARTESIAN_POINT ( 'NONE',  ( -5.573319583618285200E-011, 136.5157690813217100, 143.0997398351859700 ) ) ;
#5725 = CARTESIAN_POINT ( 'NONE',  ( -699.9113841578331400, 26.57947732939449300, -831.5050061413632000 ) ) ;
#5726 = CARTESIAN_POINT ( 'NONE',  ( -918.9483379989669600, 76.50511764219166400, 81.22163257603277500 ) ) ;
#5727 = ADVANCED_FACE ( 'NONE', ( #193, #2610 ), #2266, .T. ) ;
#5728 = CARTESIAN_POINT ( 'NONE',  ( -126.2101647875883400, 320.6524889656835200, 239.9999999999999400 ) ) ;
#5729 = ORIENTED_EDGE ( 'NONE', *, *, #1447, .T. ) ;
#5730 = CARTESIAN_POINT ( 'NONE',  ( 465.9699137599472500, -201.6600000000000000, 1100.000000000000000 ) ) ;
#5731 = CARTESIAN_POINT ( 'NONE',  ( -694.9359293463326100, 37.88990263032700100, -858.1420648882505000 ) ) ;
#5732 = DIRECTION ( 'NONE',  ( -0.0000000000000000000, -1.000000000000000000, -0.0000000000000000000 ) ) ;
#5733 = CARTESIAN_POINT ( 'NONE',  ( -176.4606541778337900, 315.3164825784819000, 138.8035967221927900 ) ) ;
#5734 = ORIENTED_EDGE ( 'NONE', *, *, #3306, .F. ) ;
#5735 = CARTESIAN_POINT ( 'NONE',  ( -241.9326085814534800, 81.60189885206995100, -111.4931104115488400 ) ) ;
#5736 = CARTESIAN_POINT ( 'NONE',  ( -948.7841062061085000, 5.018420375086949800, 81.73844108900584600 ) ) ;
#5737 = CARTESIAN_POINT ( 'NONE',  ( -857.8954111923328600, 80.63858841612048400, 113.3730292929486400 ) ) ;
#5738 = CARTESIAN_POINT ( 'NONE',  ( -923.1077413794350800, 75.04089419066095000, 103.9163419255826700 ) ) ;
#5739 = ORIENTED_EDGE ( 'NONE', *, *, #2352, .F. ) ;
#5740 = EDGE_CURVE ( 'NONE', #5971, #6766, #1166, .T. ) ;
#5741 = CARTESIAN_POINT ( 'NONE',  ( -1028.959050610081200, 36.99549959777644400, 7.349655257884223600 ) ) ;
#5742 = VERTEX_POINT ( 'NONE', #4018 ) ;
#5743 = CARTESIAN_POINT ( 'NONE',  ( -939.9848902015007800, 5.880144444833193900, 62.38269753182579800 ) ) ;
#5744 = CARTESIAN_POINT ( 'NONE',  ( -983.1893413521462400, 2.206516638574498300, 62.88860818958172400 ) ) ;
#5745 = CARTESIAN_POINT ( 'NONE',  ( -5.573319583618285800E-011, 130.0148334640140600, 139.5483089191592400 ) ) ;
#5746 = CARTESIAN_POINT ( 'NONE',  ( -843.5399472555286600, -51.16526835970393000, 52.44163788724657100 ) ) ;
#5747 = CARTESIAN_POINT ( 'NONE',  ( -977.8172088364417500, -37.53297281724876900, 0.0000000000000000000 ) ) ;
#5748 = ORIENTED_EDGE ( 'NONE', *, *, #4395, .F. ) ;
#5749 = ORIENTED_EDGE ( 'NONE', *, *, #5193, .T. ) ;
#5750 = AXIS2_PLACEMENT_3D ( 'NONE', #4812, #3709, #1042 ) ;
#5751 = ORIENTED_EDGE ( 'NONE', *, *, #3696, .F. ) ;
#5752 = CARTESIAN_POINT ( 'NONE',  ( -970.4037882827206000, 2.925072896146106300, -68.60026894045648800 ) ) ;
#5753 = CARTESIAN_POINT ( 'NONE',  ( -855.3638864233430500, 39.44847174006466200, 114.8816014359641600 ) ) ;
#5754 = ADVANCED_FACE ( 'NONE', ( #4577 ), #3940, .T. ) ;
#5755 = CARTESIAN_POINT ( 'NONE',  ( -69.21207465579179500, 312.9172459699693700, 239.9999999999998900 ) ) ;
#5756 = CARTESIAN_POINT ( 'NONE',  ( -696.5966150131386000, 34.28435038898390300, -837.1164234768309600 ) ) ;
#5757 = CARTESIAN_POINT ( 'NONE',  ( -767.9211846810460400, -48.63592806500859900, 64.18241735825884600 ) ) ;
#5758 =( BOUNDED_CURVE ( )  B_SPLINE_CURVE ( 3, ( #4825, #1030, #4993, #5491 ),
 .UNSPECIFIED., .F., .F. ) 
 B_SPLINE_CURVE_WITH_KNOTS ( ( 4, 4 ),
 ( 4.810051089443400800, 4.870128983741961900 ),
 .UNSPECIFIED. ) 
 CURVE ( )  GEOMETRIC_REPRESENTATION_ITEM ( )  RATIONAL_B_SPLINE_CURVE ( ( 1.000000000000000000, 0.9996992431677764700, 0.9996992431677764700, 1.000000000000000000 ) ) 
 REPRESENTATION_ITEM ( '' )  );
#5759 = ORIENTED_EDGE ( 'NONE', *, *, #2292, .F. ) ;
#5760 = CARTESIAN_POINT ( 'NONE',  ( -20.59857779524287800, 299.4784846216811000, 143.9989992683110500 ) ) ;
#5761 = AXIS2_PLACEMENT_3D ( 'NONE', #1149, #6683, #693 ) ;
#5762 = CARTESIAN_POINT ( 'NONE',  ( -181.9406225998893400, 335.9519378072923800, 114.1372172638227100 ) ) ;
#5763 = DIRECTION ( 'NONE',  ( 0.9962581592708086300, -0.0000000000000000000, 0.08642731099797243400 ) ) ;
#5764 = FACE_BOUND ( 'NONE', #1811, .T. ) ;
#5765 = ADVANCED_FACE ( 'NONE', ( #5187 ), #6927, .T. ) ;
#5766 = CARTESIAN_POINT ( 'NONE',  ( -713.8981432843648900, -19.57241999700709200, -773.5970355707285100 ) ) ;
#5767 = CARTESIAN_POINT ( 'NONE',  ( -964.3867633542596400, 60.50955243315193900, 92.40514392433671300 ) ) ;
#5768 = EDGE_CURVE ( 'NONE', #893, #3279, #739, .T. ) ;
#5769 = CARTESIAN_POINT ( 'NONE',  ( -1017.022571290108400, 0.3050674831277283600, -0.4229673796095212400 ) ) ;
#5770 = CIRCLE ( 'NONE', #1148, 30.00000000000000000 ) ;
#5771 = CARTESIAN_POINT ( 'NONE',  ( -936.2668042929351500, 6.244263716268069000, 67.80426007713461400 ) ) ;
#5772 = CARTESIAN_POINT ( 'NONE',  ( -857.4040082404711700, 37.43810813269154600, -114.6808136049216500 ) ) ;
#5773 = DIRECTION ( 'NONE',  ( -0.0000000000000000000, -1.000000000000000000, -0.0000000000000000000 ) ) ;
#5774 = CARTESIAN_POINT ( 'NONE',  ( -885.2992644139411600, -54.09632305098299600, -0.0000000000000000000 ) ) ;
#5775 = CARTESIAN_POINT ( 'NONE',  ( -930.8578036902035800, -44.47907115522036000, -49.74729774213167800 ) ) ;
#5776 = CARTESIAN_POINT ( 'NONE',  ( -1012.809502501466100, 43.46342736086182200, -37.02459158161055800 ) ) ;
#5777 = CARTESIAN_POINT ( 'NONE',  ( -769.9505933584425700, -49.25060836388760100, 54.74522419366338300 ) ) ;
#5778 = LINE ( 'NONE', #4965, #6054 ) ;
#5779 = CARTESIAN_POINT ( 'NONE',  ( -923.9796269583836200, 74.73396668328261700, 103.9668674994734400 ) ) ;
#5780 = CARTESIAN_POINT ( 'NONE',  ( -143.0038662064520200, 322.7360288733602300, 239.9999999999999100 ) ) ;
#5781 = ORIENTED_EDGE ( 'NONE', *, *, #260, .F. ) ;
#5782 = CARTESIAN_POINT ( 'NONE',  ( -698.0170398821221600, 31.07444923467246100, -829.2154502562028700 ) ) ;
#5783 = CARTESIAN_POINT ( 'NONE',  ( -768.8168390441551300, -48.71332103239137000, 64.54411551598313700 ) ) ;
#5784 = ORIENTED_EDGE ( 'NONE', *, *, #3904, .F. ) ;
#5785 = AXIS2_PLACEMENT_3D ( 'NONE', #2557, #4180, #4738 ) ;
#5786 = CARTESIAN_POINT ( 'NONE',  ( -135.5457493999841700, 282.1409657015416300, 140.1674268814865100 ) ) ;
#5787 = CARTESIAN_POINT ( 'NONE',  ( -160.0242670319496800, 343.6670928089686800, 136.9796290454889300 ) ) ;
#5788 = ORIENTED_EDGE ( 'NONE', *, *, #2120, .F. ) ;
#5789 = CARTESIAN_POINT ( 'NONE',  ( -721.1638438405128700, -28.50215867585638200, -123.2493405169230300 ) ) ;
#5790 = CARTESIAN_POINT ( 'NONE',  ( -729.4538045781278000, 30.52517083322021600, -108.8793492546754900 ) ) ;
#5791 = CARTESIAN_POINT ( 'NONE',  ( -172.7130653170726200, 286.5112433933272200, 240.0000000000000000 ) ) ;
#5792 = EDGE_CURVE ( 'NONE', #5499, #2364, #6380, .T. ) ;
#5793 = FACE_OUTER_BOUND ( 'NONE', #101, .T. ) ;
#5794 = CARTESIAN_POINT ( 'NONE',  ( -707.8417646458393600, 4.460802743812378100, -799.8848274469550000 ) ) ;
#5795 = CARTESIAN_POINT ( 'NONE',  ( -905.4395593262546500, 22.92605989830107300, 107.7462022555501200 ) ) ;
#5796 = ADVANCED_FACE ( 'NONE', ( #6304 ), #3489, .F. ) ;
#5797 = PRODUCT ( '2026 Front Wing D_2', '2026 Front Wing D_2', '', ( #777 ) ) ;
#5798 = CARTESIAN_POINT ( 'NONE',  ( -918.3648032255035800, 60.26968522877226100, -103.8537870494429600 ) ) ;
#5799 = CARTESIAN_POINT ( 'NONE',  ( -24.28126963468774200, 300.2386050107005000, -143.8762428736629300 ) ) ;
#5800 = CARTESIAN_POINT ( 'NONE',  ( -1028.845550214259900, 37.09442877233950500, 6.416256067329080700 ) ) ;
#5801 = EDGE_LOOP ( 'NONE', ( #5784, #1731, #5074, #880 ) ) ;
#5802 = CARTESIAN_POINT ( 'NONE',  ( -617.2240088808476900, 12.83734477182192400, 451.2146373188919600 ) ) ;
#5803 = CARTESIAN_POINT ( 'NONE',  ( -802.8798102885566500, 19.30710741330748400, -93.70294762194396300 ) ) ;
#5804 = CARTESIAN_POINT ( 'NONE',  ( -5.573319583618285200E-011, 123.8698008024374800, 132.8994223664616600 ) ) ;
#5805 = DIRECTION ( 'NONE',  ( -0.0000000000000000000, 1.000000000000000000, -0.0000000000000000000 ) ) ;
#5806 = CARTESIAN_POINT ( 'NONE',  ( -940.1826256141716800, 7.164169077462492700, -57.73122555070944600 ) ) ;
#5807 = CARTESIAN_POINT ( 'NONE',  ( -739.3133064881543500, 138.8554250124539100, 101.7601193482531300 ) ) ;
#5808 = CARTESIAN_POINT ( 'NONE',  ( -768.9458012059661800, 23.42730997547047500, 54.90091028986243100 ) ) ;
#5809 = CARTESIAN_POINT ( 'NONE',  ( -476.1218229458132200, 22.48589293588766600, 0.0000000000000000000 ) ) ;
#5810 = VERTEX_POINT ( 'NONE', #5278 ) ;
#5811 = CARTESIAN_POINT ( 'NONE',  ( -147.6263905758506500, 322.9930650008984700, 240.0000000000000300 ) ) ;
#5812 = EDGE_LOOP ( 'NONE', ( #1992, #2847, #5109, #2451 ) ) ;
#5813 = DIRECTION ( 'NONE',  ( 1.000000000000000000, 2.610927889176040600E-016, 0.0000000000000000000 ) ) ;
#5814 = CARTESIAN_POINT ( 'NONE',  ( -418.4486822469645500, 71.87170263032058400, -650.0000000000000000 ) ) ;
#5815 = CARTESIAN_POINT ( 'NONE',  ( -768.5097169517030100, -48.68694465982610400, 64.44224947651088100 ) ) ;
#5816 = CARTESIAN_POINT ( 'NONE',  ( -770.0781411151467600, 22.51943767543320600, 54.73844108899106000 ) ) ;
#5817 = CARTESIAN_POINT ( 'NONE',  ( -152.7171670023067800, 322.8529575316367200, 139.5950462947436400 ) ) ;
#5818 = CARTESIAN_POINT ( 'NONE',  ( -337.8090684202434800, 125.8181341851555300, -594.9165003535907800 ) ) ;
#5819 = CARTESIAN_POINT ( 'NONE',  ( -479.7270048121444000, 48.60183823377768400, -452.4167630832597000 ) ) ;
#5820 = CARTESIAN_POINT ( 'NONE',  ( -934.4730230582889600, 7.193767785699016300, 89.44114856172645000 ) ) ;
#5821 = CARTESIAN_POINT ( 'NONE',  ( -169.8898224210902300, 285.2234977912276600, 240.0000000000000000 ) ) ;
#5822 = CARTESIAN_POINT ( 'NONE',  ( -712.5683629720335800, -13.40050481669665000, -782.7399769619719300 ) ) ;
#5823 = DIRECTION ( 'NONE',  ( 0.0000000000000000000, 0.0000000000000000000, 1.000000000000000000 ) ) ;
#5824 = CARTESIAN_POINT ( 'NONE',  ( -1017.007783940206800, 0.3058985416471965400, 2.143433461030581200 ) ) ;
#5825 = CARTESIAN_POINT ( 'NONE',  ( -940.2502712844697000, 5.854155167296380700, 61.07441525268637200 ) ) ;
#5826 = CARTESIAN_POINT ( 'NONE',  ( -977.9970575583958000, 400.0000000000000000, -87.52448106196112600 ) ) ;
#5827 = DIRECTION ( 'NONE',  ( 1.000000000000000000, 2.610927889176040600E-016, 0.0000000000000000000 ) ) ;
#5828 = CARTESIAN_POINT ( 'NONE',  ( -334.4625401839086300, 122.2302905045113700, -594.8760977917967200 ) ) ;
#5829 = CARTESIAN_POINT ( 'NONE',  ( -931.4263944230313000, -44.47907115522036000, -49.79488626819294700 ) ) ;
#5830 = ORIENTED_EDGE ( 'NONE', *, *, #2923, .F. ) ;
#5831 = VERTEX_POINT ( 'NONE', #6894 ) ;
#5832 = DIRECTION ( 'NONE',  ( 0.0000000000000000000, 0.0000000000000000000, -1.000000000000000000 ) ) ;
#5833 = CARTESIAN_POINT ( 'NONE',  ( -183.5774486120207300, 307.2502879297186400, 138.5663702410853700 ) ) ;
#5834 = ADVANCED_FACE ( 'NONE', ( #1935 ), #6286, .T. ) ;
#5835 = CARTESIAN_POINT ( 'NONE',  ( -138.0074971593882700, 322.1739573521268800, 239.9999999999999400 ) ) ;
#5836 = EDGE_CURVE ( 'NONE', #5149, #4564, #755, .T. ) ;
#5837 = ORIENTED_EDGE ( 'NONE', *, *, #2542, .F. ) ;
#5838 = CARTESIAN_POINT ( 'NONE',  ( -148.0066995254493100, 281.0022279161088400, 240.0000000000000300 ) ) ;
#5839 = CARTESIAN_POINT ( 'NONE',  ( -738.2234280339896500, -34.33103857364492500, -123.2486460347947900 ) ) ;
#5840 = DIRECTION ( 'NONE',  ( -1.000000000000000000, 0.0000000000000000000, 0.0000000000000000000 ) ) ;
#5841 = VERTEX_POINT ( 'NONE', #2494 ) ;
#5842 = CARTESIAN_POINT ( 'NONE',  ( -88.68346670404302800, 288.3260647937871100, 141.7295029713512200 ) ) ;
#5843 = ORIENTED_EDGE ( 'NONE', *, *, #1348, .F. ) ;
#5844 = CARTESIAN_POINT ( 'NONE',  ( -170.7732510738579500, 318.4043641205038300, 138.9931768257348800 ) ) ;
#5845 = CARTESIAN_POINT ( 'NONE',  ( -487.8934483690582100, 14.25901609283089800, -71.06989107225562900 ) ) ;
#5846 = CARTESIAN_POINT ( 'NONE',  ( -441.6396025932481300, 37.63010077932646900, -853.4454729517159400 ) ) ;
#5847 = CARTESIAN_POINT ( 'NONE',  ( -918.0277154142125900, 13.86845839938640000, 100.8936424305039000 ) ) ;
#5848 = CARTESIAN_POINT ( 'NONE',  ( -176.5825657692210800, 288.7844297784639000, 240.0000000000000300 ) ) ;
#5849 = ORIENTED_EDGE ( 'NONE', *, *, #6863, .T. ) ;
#5850 = CARTESIAN_POINT ( 'NONE',  ( -701.0409525457527000, 23.78577920417728800, 817.3103048202417500 ) ) ;
#5851 = CARTESIAN_POINT ( 'NONE',  ( -139.3517418926579400, 281.6585719581780700, 240.0000000000000300 ) ) ;
#5852 = VERTEX_POINT ( 'NONE', #3548 ) ;
#5853 = EDGE_CURVE ( 'NONE', #4564, #4552, #5911, .T. ) ;
#5854 = CARTESIAN_POINT ( 'NONE',  ( -930.0000000000557100, 6.857983858691640400, 69.73844108900584600 ) ) ;
#5855 = ORIENTED_EDGE ( 'NONE', *, *, #5016, .F. ) ;
#5856 = CARTESIAN_POINT ( 'NONE',  ( -184.6267484020527300, 302.0000000000000600, -128.7958889368372300 ) ) ;
#5857 = DIRECTION ( 'NONE',  ( -0.0000000000000000000, -0.0000000000000000000, -1.000000000000000000 ) ) ;
#5858 = CARTESIAN_POINT ( 'NONE',  ( -940.1845144350691000, 7.164169077462492700, -61.73670946608054100 ) ) ;
#5859 = LINE ( 'NONE', #5667, #3301 ) ;
#5860 = CARTESIAN_POINT ( 'NONE',  ( -769.3183687652835900, -49.25060836388760100, 54.81622354801171300 ) ) ;
#5861 = CARTESIAN_POINT ( 'NONE',  ( -137.3420664630166600, 322.0888930020300300, 239.9999999999999700 ) ) ;
#5862 = EDGE_CURVE ( 'NONE', #2905, #4619, #5990, .T. ) ;
#5863 = CARTESIAN_POINT ( 'NONE',  ( -258.7992690864780300, 50.08600469205215000, 734.0524566463253700 ) ) ;
#5864 = CARTESIAN_POINT ( 'NONE',  ( -721.5093510031268800, -27.39914864066235400, 0.0000000000000000000 ) ) ;
#5865 = B_SPLINE_CURVE_WITH_KNOTS ( 'NONE', 3,
 ( #3273, #3794, #3341, #1644, #1076, #1122, #4899, #3860, #4950, #1621, #594, #4407, #2165, #6063, #5468, #2189, #2213, #2742, #1668, #6038 ),
 .UNSPECIFIED., .F., .F.,
 ( 4, 2, 2, 2, 2, 2, 2, 2, 2, 4 ),
 ( 0.0000000000000000000, 0.007005022325729417900, 0.01401004465145883600, 0.02101506697718825300, 0.02802008930291767200, 0.03152260046578251500, 0.03502511162864736800, 0.04203013395437707500, 0.04903515628010678100, 0.05604017860583650200 ),
 .UNSPECIFIED. ) ;
#5866 = VECTOR ( 'NONE', #6082, 1000.000000000000000 ) ;
#5867 = CARTESIAN_POINT ( 'NONE',  ( -150.5356004847032800, 281.0065293044911500, 139.6677651786625900 ) ) ;
#5868 = CARTESIAN_POINT ( 'NONE',  ( -367.9313192756203000, 108.1367673492333400, -593.0918799415274000 ) ) ;
#5869 = CARTESIAN_POINT ( 'NONE',  ( -730.9244628691814100, 116.3768325098218200, -120.3107350121473600 ) ) ;
#5870 = CARTESIAN_POINT ( 'NONE',  ( -181.2119747468158300, 292.9105873639264800, 239.9999999999999400 ) ) ;
#5871 = CARTESIAN_POINT ( 'NONE',  ( -855.3638864233428200, 39.44847174006471800, -114.8816014359633800 ) ) ;
#5872 = CARTESIAN_POINT ( 'NONE',  ( -132.9917051831889400, 282.4712867000051800, 239.9999999999999700 ) ) ;
#5873 = CARTESIAN_POINT ( 'NONE',  ( -1031.635077009311300, -0.5161646815147567000, 51.33847953123856900 ) ) ;
#5874 = CARTESIAN_POINT ( 'NONE',  ( -543.7848070721095200, -2.460686034315916700, -69.84760131456170000 ) ) ;
#5875 =( BOUNDED_SURFACE ( )  B_SPLINE_SURFACE ( 3, 2, ( 
 ( #774, #5022, #2264 ),
 ( #1326, #99, #5692 ),
 ( #6648, #1174, #6684 ),
 ( #5164, #648, #6262 ) ),
 .UNSPECIFIED., .F., .F., .F. ) 
 B_SPLINE_SURFACE_WITH_KNOTS ( ( 4, 4 ),
 ( 3, 3 ),
 ( 1.241315980897903300, 1.350018454269990200 ),
 ( 0.0000000000000000000, 1.000000000000000000 ),
 .UNSPECIFIED. ) 
 GEOMETRIC_REPRESENTATION_ITEM ( )  RATIONAL_B_SPLINE_SURFACE ( (
 ( 1.000000000000000000, 0.7006585670461690200, 1.000000000000000000),
 ( 1.000000000000000000, 0.7013449952094303900, 1.000000000000000000),
 ( 1.000000000000000000, 0.7020431806302217500, 1.000000000000000000),
 ( 1.000000000000000000, 0.7027489190953186700, 1.000000000000000000) ) ) 
 REPRESENTATION_ITEM ( '' )  SURFACE ( )  );
#5876 = CARTESIAN_POINT ( 'NONE',  ( -855.5190440597569900, 38.93117749345982800, -114.8665956199895000 ) ) ;
#5877 = LINE ( 'NONE', #6905, #4771 ) ;
#5878 = CARTESIAN_POINT ( 'NONE',  ( -720.5218967646291000, -42.84455594880284200, -62.35012099105503600 ) ) ;
#5879 = CARTESIAN_POINT ( 'NONE',  ( -930.2861991878324900, -44.47907115522036000, -49.73188639642518200 ) ) ;
#5880 = ORIENTED_EDGE ( 'NONE', *, *, #1829, .T. ) ;
#5881 = CYLINDRICAL_SURFACE ( 'NONE', #5105, 92.50000000000069600 ) ;
#5882 = CARTESIAN_POINT ( 'NONE',  ( -237.2334984883048000, 82.16098930012350400, -111.6494292484865400 ) ) ;
#5883 = CARTESIAN_POINT ( 'NONE',  ( -138.0650403425077300, 322.1812600157373400, 240.0000000000000000 ) ) ;
#5884 = B_SPLINE_CURVE_WITH_KNOTS ( 'NONE', 3,
 ( #5146, #4031, #161, #3987, #5687, #5631, #1322, #1277, #5668, #2986 ),
 .UNSPECIFIED., .F., .F.,
 ( 4, 2, 2, 2, 4 ),
 ( 0.0000000000000000000, 0.04011238801426877900, 0.06016858202140332900, 0.08022477602853789200, 0.1604495520570754500 ),
 .UNSPECIFIED. ) ;
#5885 = CARTESIAN_POINT ( 'NONE',  ( -731.6650749216356600, 51.45330151009205400, 120.2949804879640700 ) ) ;
#5886 = ORIENTED_EDGE ( 'NONE', *, *, #6606, .T. ) ;
#5887 = CARTESIAN_POINT ( 'NONE',  ( -721.2497326902915800, -38.01434301723119100, -123.2482987937306400 ) ) ;
#5888 = CARTESIAN_POINT ( 'NONE',  ( -534.0300862400527000, -11.13421401238134900, 0.0000000000000000000 ) ) ;
#5889 = FACE_OUTER_BOUND ( 'NONE', #1385, .T. ) ;
#5890 = ORIENTED_EDGE ( 'NONE', *, *, #5563, .F. ) ;
#5891 = AXIS2_PLACEMENT_3D ( 'NONE', #110, #6097, #1684 ) ;
#5892 = CARTESIAN_POINT ( 'NONE',  ( -1004.167345983600700, 1.027539364971592000, -44.51969783023680800 ) ) ;
#5893 = CARTESIAN_POINT ( 'NONE',  ( -916.1761530242783900, 26.27102378859758100, 105.6062142766424000 ) ) ;
#5894 = CARTESIAN_POINT ( 'NONE',  ( -814.4266634068872000, 87.24684633499565200, -117.6012469882298500 ) ) ;
#5895 = CARTESIAN_POINT ( 'NONE',  ( -178.3274448839304700, 290.0796073368446200, 239.9999999999999700 ) ) ;
#5896 = EDGE_CURVE ( 'NONE', #6026, #3192, #464, .T. ) ;
#5897 = CARTESIAN_POINT ( 'NONE',  ( -699.6262859447134600, 27.28891914701938100, -657.3461647953795400 ) ) ;
#5898 = VERTEX_POINT ( 'NONE', #4141 ) ;
#5899 = CARTESIAN_POINT ( 'NONE',  ( -139.3953344788098400, 281.6532700022779100, 240.0000000000000300 ) ) ;
#5900 = CARTESIAN_POINT ( 'NONE',  ( -14.85178436351327700, 297.2629495609659800, -144.1905590493687200 ) ) ;
#5901 = DIRECTION ( 'NONE',  ( 1.000000000000000000, 2.610927889176040600E-016, 0.0000000000000000000 ) ) ;
#5902 = CARTESIAN_POINT ( 'NONE',  ( -532.1764711619969100, 0.3009072780147670800, -69.90283081991590600 ) ) ;
#5903 = CARTESIAN_POINT ( 'NONE',  ( -810.0711206337946400, -76.22238607692064200, 312.7521233735409400 ) ) ;
#5904 = CARTESIAN_POINT ( 'NONE',  ( -992.5384999558581300, 50.59937321614887700, 58.96953282385683800 ) ) ;
#5905 = CARTESIAN_POINT ( 'NONE',  ( -1015.319285932001100, 0.4007932093322745200, 19.60930273782928900 ) ) ;
#5906 = CARTESIAN_POINT ( 'NONE',  ( -731.0835896467239100, 142.6386337000444900, -95.57899171663386500 ) ) ;
#5907 = CARTESIAN_POINT ( 'NONE',  ( -768.2139288377270500, -49.25060836388760100, 64.31988779411995000 ) ) ;
#5908 = CARTESIAN_POINT ( 'NONE',  ( -156.0560749796776500, 322.4531814161987300, 239.9999999999999100 ) ) ;
#5909 = CARTESIAN_POINT ( 'NONE',  ( -515.1253989649039800, 7.202741035155889400, -210.5078935649555100 ) ) ;
#5910 = CARTESIAN_POINT ( 'NONE',  ( -527.5130262030228300, -0.1796302367026787700, -269.5430657194446000 ) ) ;
#5911 = B_SPLINE_CURVE_WITH_KNOTS ( 'NONE', 3,
 ( #1372, #830, #4649, #1946, #6328, #1921, #5724, #3595, #877, #2002, #5745, #6300, #3022, #5250, #1969, #5804, #2632, #2607, #4272, #1529, #5353, #5385, #4245, #2077, #5925 ),
 .UNSPECIFIED., .F., .F.,
 ( 4, 2, 2, 2, 2, 2, 2, 2, 2, 1, 2, 2, 4 ),
 ( 0.0000000000000000000, 0.004938261765676869300, 0.007407392648515271500, 0.009876523531353672800, 0.01481478529703055200, 0.01728391617986901500, 0.01975304706270747700, 0.02469130882838440500, 0.02716043971122289800, 0.02962957059406139800, 0.03209870147689989500, 0.03456783235973839200, 0.03950609412541534300 ),
 .UNSPECIFIED. ) ;
#5912 = CARTESIAN_POINT ( 'NONE',  ( -452.7720532934483800, 52.79374271373869500, 573.8643163231339500 ) ) ;
#5913 = VERTEX_POINT ( 'NONE', #3704 ) ;
#5914 = CARTESIAN_POINT ( 'NONE',  ( -982.2282641612464400, 22.70718134904985400, -86.07764387391417000 ) ) ;
#5915 = CARTESIAN_POINT ( 'NONE',  ( -694.9359293463326100, 37.88990263032700800, 858.1420648882505000 ) ) ;
#5916 = EDGE_CURVE ( 'NONE', #1237, #3323, #1708, .T. ) ;
#5917 = CARTESIAN_POINT ( 'NONE',  ( -822.4673178911613100, 110.4690685586915200, -117.1897665034838800 ) ) ;
#5918 = CARTESIAN_POINT ( 'NONE',  ( -152.1225598089545500, 281.1245497797560200, 239.9999999999999400 ) ) ;
#5919 = CARTESIAN_POINT ( 'NONE',  ( -700.3723728809745800, 25.46771104089190300, -657.9107298327509200 ) ) ;
#5920 = CARTESIAN_POINT ( 'NONE',  ( -721.0375125829708600, -43.02027741034830700, 20.83333333333332900 ) ) ;
#5921 = CARTESIAN_POINT ( 'NONE',  ( -139.5329637955804000, 281.6365834215361000, 240.0000000000000000 ) ) ;
#5922 = CARTESIAN_POINT ( 'NONE',  ( -174.9412196443283800, 311.1306990120314700, -138.8542445400082700 ) ) ;
#5923 = ORIENTED_EDGE ( 'NONE', *, *, #2620, .T. ) ;
#5924 = DIRECTION ( 'NONE',  ( -0.0000000000000000000, -1.000000000000000000, -0.0000000000000000000 ) ) ;
#5925 = CARTESIAN_POINT ( 'NONE',  ( -5.573319583618285800E-011, 119.9869196084536500, 119.5411502224856300 ) ) ;
#5926 = CARTESIAN_POINT ( 'NONE',  ( -965.5218452665623100, -37.86112661497394100, 62.35021923255894900 ) ) ;
#5927 = CARTESIAN_POINT ( 'NONE',  ( -711.3770716220201400, -8.305834493895019900, 795.9645586912505500 ) ) ;
#5928 = CARTESIAN_POINT ( 'NONE',  ( -930.6694947847304300, 6.792418952656680300, -69.73865235853956800 ) ) ;
#5929 = ORIENTED_EDGE ( 'NONE', *, *, #4554, .T. ) ;
#5930 = ORIENTED_EDGE ( 'NONE', *, *, #6809, .F. ) ;
#5931 = CARTESIAN_POINT ( 'NONE',  ( -769.3164490974737600, 23.42730997547047500, 64.65611228018609300 ) ) ;
#5932 = CARTESIAN_POINT ( 'NONE',  ( -153.7273285245733500, 322.7368086167111300, 239.9999999999999400 ) ) ;
#5933 = ORIENTED_EDGE ( 'NONE', *, *, #4754, .T. ) ;
#5934 = B_SPLINE_CURVE_WITH_KNOTS ( 'NONE', 3,
 ( #2633, #478, #3734, #6483, #5386, #5409, #2106, #4864, #6457, #5905, #987, #3210, #2132, #2660, #4326, #3784, #4273, #1011, #4299, #7032, #4808, #3761, #2682, #4839, #1530, #3183, #2078, #1040, #7008, #3233, #6512, #7061, #507, #1063 ),
 .UNSPECIFIED., .F., .F.,
 ( 4, 2, 2, 2, 2, 2, 2, 2, 2, 2, 2, 2, 2, 2, 2, 2, 4 ),
 ( 0.0000000000000000000, 0.002603871004823463900, 0.005207742009646927800, 0.01041548401929385600, 0.02083096803858771800, 0.02343483904341121800, 0.02603871004823472100, 0.03124645205788173200, 0.03645419406752874200, 0.04166193607717575500, 0.04686967808682276200, 0.05207742009646977600, 0.05728516210611679000, 0.06249290411576381700, 0.07290838813505772000, 0.07811613014470453200, 0.08332387215435135800 ),
 .UNSPECIFIED. ) ;
#5935 = DIRECTION ( 'NONE',  ( -0.9995115994824671500, 0.0000000000000000000, 0.03125000000000006900 ) ) ;
#5936 = CARTESIAN_POINT ( 'NONE',  ( -728.6948296965529200, 26.57218991195626500, -95.30066013804095300 ) ) ;
#5937 = CARTESIAN_POINT ( 'NONE',  ( -991.6856281360329600, 50.89960736165202300, 57.64427143349269800 ) ) ;
#5938 = EDGE_CURVE ( 'NONE', #4553, #1350, #3159, .T. ) ;
#5939 = ORIENTED_EDGE ( 'NONE', *, *, #4849, .T. ) ;
#5940 = CARTESIAN_POINT ( 'NONE',  ( -316.8340898547966200, 127.6339125251534900, 650.0000000000000000 ) ) ;
#5941 = CARTESIAN_POINT ( 'NONE',  ( -1034.189430162540500, -0.6597209619783704900, -49.79496904847845700 ) ) ;
#5942 = CARTESIAN_POINT ( 'NONE',  ( -288.7992690864781500, -566.0111526630779500, -650.0000000000000000 ) ) ;
#5943 = CARTESIAN_POINT ( 'NONE',  ( -150.5777096849991800, 281.0421257126615700, 239.9999999999999700 ) ) ;
#5944 = CARTESIAN_POINT ( 'NONE',  ( -166.3947553356307500, 278.7791156731040600, -139.1391266836314700 ) ) ;
#5945 = CARTESIAN_POINT ( 'NONE',  ( -769.0642468253602100, 32.25061285086973600, 479.9273741711696200 ) ) ;
#5946 = CARTESIAN_POINT ( 'NONE',  ( -145.8676599028875700, 281.0636723490665100, 239.9999999999999700 ) ) ;
#5947 = CARTESIAN_POINT ( 'NONE',  ( -184.4286076020792400, 299.2372580119731500, -138.5379982747498400 ) ) ;
#5948 = DIRECTION ( 'NONE',  ( 1.000000000000000000, 0.0000000000000000000, 0.0000000000000000000 ) ) ;
#5949 = VECTOR ( 'NONE', #620, 1000.000000000000000 ) ;
#5950 = CARTESIAN_POINT ( 'NONE',  ( -430.7025088389766000, 75.61589682705786700, 650.0000000000000000 ) ) ;
#5951 = CARTESIAN_POINT ( 'NONE',  ( -695.7207114499510700, 36.22129902397431800, 650.1698296730378400 ) ) ;
#5952 = CARTESIAN_POINT ( 'NONE',  ( -330.9824330960253200, 30.77491495496115100, 890.5164366549706800 ) ) ;
#5953 = CARTESIAN_POINT ( 'NONE',  ( -547.3533221996548300, 35.80047265890947700, 842.5004765983868500 ) ) ;
#5954 = ORIENTED_EDGE ( 'NONE', *, *, #4452, .T. ) ;
#5955 = CARTESIAN_POINT ( 'NONE',  ( -916.2188226148706500, 53.05136739624566600, -105.5957882377793700 ) ) ;
#5956 = CIRCLE ( 'NONE', #503, 24.99999999999999600 ) ;
#5957 = CARTESIAN_POINT ( 'NONE',  ( -856.0528167478910300, 38.33678008681285100, 114.8146659380472600 ) ) ;
#5958 = CARTESIAN_POINT ( 'NONE',  ( -933.9294558982217000, 7.164169369840226200, 69.08462895828178300 ) ) ;
#5959 = CARTESIAN_POINT ( 'NONE',  ( -167.9508130830612900, 319.5244039743773200, 239.9999999999998900 ) ) ;
#5960 = CARTESIAN_POINT ( 'NONE',  ( -714.1061296886238100, -20.65480711017743300, -781.2255730918246900 ) ) ;
#5961 = CARTESIAN_POINT ( 'NONE',  ( -981.7263400008241700, 54.40554845806077800, 62.66668982281396400 ) ) ;
#5962 = CARTESIAN_POINT ( 'NONE',  ( -363.3325037834424100, 141.9740899135819600, 509.3156103644660700 ) ) ;
#5963 = MECHANICAL_DESIGN_GEOMETRIC_PRESENTATION_REPRESENTATION (  '', ( #87 ), #6099 ) ;
#5964 = CARTESIAN_POINT ( 'NONE',  ( -1008.872162819499600, 21.53354026583386700, -69.85103928865230200 ) ) ;
#5965 = ORIENTED_EDGE ( 'NONE', *, *, #6915, .T. ) ;
#5966 = CARTESIAN_POINT ( 'NONE',  ( -738.6974510555207900, 139.9583467906727200, -95.31631867009338100 ) ) ;
#5967 = CARTESIAN_POINT ( 'NONE',  ( -151.3351301510777500, 281.0775835708486200, 240.0000000000000000 ) ) ;
#5968 = FACE_OUTER_BOUND ( 'NONE', #3556, .T. ) ;
#5969 = CARTESIAN_POINT ( 'NONE',  ( -715.0761887291869200, -25.89993442396983200, -709.0089508509319100 ) ) ;
#5970 = CARTESIAN_POINT ( 'NONE',  ( -802.3608228219858300, -55.78052167908376200, 20.83333333333332900 ) ) ;
#5971 = VERTEX_POINT ( 'NONE', #6410 ) ;
#5972 = CARTESIAN_POINT ( 'NONE',  ( -113.6255683189418400, 284.9887508191621900, 240.0000000000000000 ) ) ;
#5973 = CARTESIAN_POINT ( 'NONE',  ( -172.4348963427406400, 312.4849282411223000, -138.9377886500610900 ) ) ;
#5974 = ORIENTED_EDGE ( 'NONE', *, *, #3768, .T. ) ;
#5975 = CARTESIAN_POINT ( 'NONE',  ( -698.2131718786191600, 30.61145301597560600, 876.5720806295379400 ) ) ;
#5976 = VECTOR ( 'NONE', #6008, 1000.000000000000000 ) ;
#5977 = CARTESIAN_POINT ( 'NONE',  ( -939.9835165237942600, -42.61128733040318700, -57.08833847710509000 ) ) ;
#5978 = CARTESIAN_POINT ( 'NONE',  ( -694.8606092940860900, 38.06986081394238400, 650.0000000000000000 ) ) ;
#5979 = CARTESIAN_POINT ( 'NONE',  ( -710.0710341330011500, 575.0002284706995400, 0.0000000000000000000 ) ) ;
#5980 = CARTESIAN_POINT ( 'NONE',  ( -855.5931319013266100, 38.82442772337599700, 114.8594170278254300 ) ) ;
#5981 = ORIENTED_EDGE ( 'NONE', *, *, #2800, .T. ) ;
#5982 = CARTESIAN_POINT ( 'NONE',  ( -164.2916058872596400, 320.7100741425095400, 239.9999999999999100 ) ) ;
#5983 = CARTESIAN_POINT ( 'NONE',  ( -320.8908293186312300, 30.29066075265440400, 891.2323832535689700 ) ) ;
#5984 = CARTESIAN_POINT ( 'NONE',  ( -711.8839373918325500, -18.56752510712973600, 269.8630729374096400 ) ) ;
#5985 = CARTESIAN_POINT ( 'NONE',  ( -657.8329383822367600, -38.04780047810552200, 0.0000000000000000000 ) ) ;
#5986 = CARTESIAN_POINT ( 'NONE',  ( -413.4222416891278700, 71.91118529648198900, 453.0067876111058400 ) ) ;
#5987 = ORIENTED_EDGE ( 'NONE', *, *, #1368, .F. ) ;
#5988 = EDGE_CURVE ( 'NONE', #1073, #1341, #909, .T. ) ;
#5989 = CARTESIAN_POINT ( 'NONE',  ( -694.8606092940860900, 38.06986081394234800, -650.0000000000000000 ) ) ;
#5990 =( BOUNDED_CURVE ( )  B_SPLINE_CURVE ( 3, ( #2997, #6823, #5904, #6456 ),
 .UNSPECIFIED., .F., .F. ) 
 B_SPLINE_CURVE_WITH_KNOTS ( ( 4, 4 ),
 ( 0.5805841559273640100, 1.241315980897926600 ),
 .UNSPECIFIED. ) 
 CURVE ( )  GEOMETRIC_REPRESENTATION_ITEM ( )  RATIONAL_B_SPLINE_CURVE ( ( 1.000000000000000000, 0.9639491392049667200, 0.9639491392049667200, 1.000000000000000000 ) ) 
 REPRESENTATION_ITEM ( '' )  );
#5991 = CARTESIAN_POINT ( 'NONE',  ( -977.8172088364417500, -37.53297281724876900, -0.0000000000000000000 ) ) ;
#5992 = DIRECTION ( 'NONE',  ( 0.9994449069791543300, 0.0000000000000000000, 0.03331483023263736400 ) ) ;
#5993 = CARTESIAN_POINT ( 'NONE',  ( -43.91408456092401700, 294.9716091402819400, 239.9999999999998900 ) ) ;
#5994 = CARTESIAN_POINT ( 'NONE',  ( -176.5384936330621900, 310.1145920994911800, -138.8010020737170900 ) ) ;
#5995 = CARTESIAN_POINT ( 'NONE',  ( -698.8958601792634200, 29.01424993776194200, 881.6114283358409700 ) ) ;
#5996 = CARTESIAN_POINT ( 'NONE',  ( -936.7745852258011600, -43.15946042625218100, -67.40542783184179100 ) ) ;
#5997 = CARTESIAN_POINT ( 'NONE',  ( -767.1153733111523300, -48.56500129546341100, -63.66145834829202200 ) ) ;
#5998 = CARTESIAN_POINT ( 'NONE',  ( -537.2155530295427800, 35.81486341591907800, 842.5560566322553800 ) ) ;
#5999 = EDGE_CURVE ( 'NONE', #6860, #709, #5233, .T. ) ;
#6000 = CARTESIAN_POINT ( 'NONE',  ( -322.1861935387366300, 28.62493671749809100, -894.2688876573925000 ) ) ;
#6001 = DIRECTION ( 'NONE',  ( 0.0000000000000000000, 0.0000000000000000000, -1.000000000000000000 ) ) ;
#6002 = EDGE_LOOP ( 'NONE', ( #5547, #5118, #3997, #4832, #4628 ) ) ;
#6003 = AXIS2_PLACEMENT_3D ( 'NONE', #4425, #2854, #6148 ) ;
#6004 = CARTESIAN_POINT ( 'NONE',  ( -977.9970575583958000, 32.06201920788353700, -87.52448106196112600 ) ) ;
#6005 = CARTESIAN_POINT ( 'NONE',  ( -588.0609149135337900, -13.05060390121163200, 269.6497347920996500 ) ) ;
#6006 = CARTESIAN_POINT ( 'NONE',  ( -593.7575160634745500, -25.02859990243446500, -123.2994300147123900 ) ) ;
#6007 = ORIENTED_EDGE ( 'NONE', *, *, #392, .F. ) ;
#6008 = DIRECTION ( 'NONE',  ( 1.489041960538560700E-016, -0.5703114079525475300, -0.8214285714285709500 ) ) ;
#6009 = CARTESIAN_POINT ( 'NONE',  ( -1038.145799342743400, 34.37610153710649300, -650.5168418292771500 ) ) ;
#6010 = ORIENTED_EDGE ( 'NONE', *, *, #6522, .T. ) ;
#6011 = CARTESIAN_POINT ( 'NONE',  ( -184.6267484020529500, 296.8509855691290200, -239.9999999999997700 ) ) ;
#6012 = CARTESIAN_POINT ( 'NONE',  ( -766.8691547590335600, 22.83369985300700800, 56.02307081678066700 ) ) ;
#6013 = CARTESIAN_POINT ( 'NONE',  ( -931.6708856413706600, -43.93270296044391200, 69.65566055208104500 ) ) ;
#6014 = ORIENTED_EDGE ( 'NONE', *, *, #3570, .T. ) ;
#6015 = CARTESIAN_POINT ( 'NONE',  ( -18.76567194960053800, 294.8304934588436500, -144.0600961298324600 ) ) ;
#6016 = CARTESIAN_POINT ( 'NONE',  ( -988.1729592711797100, -43.56514554282340900, 312.7510206763798200 ) ) ;
#6017 = CARTESIAN_POINT ( 'NONE',  ( -375.4209598999159400, 92.92953237961241100, -569.1364520728456000 ) ) ;
#6018 = CARTESIAN_POINT ( 'NONE',  ( -126.7390867944492800, 283.2790115795804100, 239.9999999999999400 ) ) ;
#6019 = CARTESIAN_POINT ( 'NONE',  ( -152.4038922335055900, 317.7341039240751000, -139.6054887870356300 ) ) ;
#6020 = ORIENTED_EDGE ( 'NONE', *, *, #7111, .F. ) ;
#6021 = CARTESIAN_POINT ( 'NONE',  ( -697.2206062459602000, 32.88131567052330700, 862.2771953460512600 ) ) ;
#6022 = ORIENTED_EDGE ( 'NONE', *, *, #3818, .F. ) ;
#6023 = CARTESIAN_POINT ( 'NONE',  ( -931.3300476938574100, -43.98221331167094000, -69.69610150787799800 ) ) ;
#6024 = CARTESIAN_POINT ( 'NONE',  ( -5.573319583618285800E-011, 399.9999999999999400, 134.4721470217467600 ) ) ;
#6025 = CARTESIAN_POINT ( 'NONE',  ( -714.6381003620733700, -23.44951066132697200, 691.3663725417819700 ) ) ;
#6026 = VERTEX_POINT ( 'NONE', #2070 ) ;
#6027 = CARTESIAN_POINT ( 'NONE',  ( -732.0292279767036200, 51.41795551113739300, 120.2871615096273100 ) ) ;
#6028 = VERTEX_POINT ( 'NONE', #4163 ) ;
#6029 = CARTESIAN_POINT ( 'NONE',  ( -184.3087157202215800, 304.9447578217794900, 239.9999999999999400 ) ) ;
#6030 = AXIS2_PLACEMENT_3D ( 'NONE', #6742, #3949, #749 ) ;
#6031 = CARTESIAN_POINT ( 'NONE',  ( -125.2851713949062700, 355.8962020979213900, -239.9999999999998900 ) ) ;
#6032 = DIRECTION ( 'NONE',  ( 0.0000000000000000000, -0.0000000000000000000, -1.000000000000000000 ) ) ;
#6033 = B_SPLINE_CURVE_WITH_KNOTS ( 'NONE', 3,
 ( #5398, #3290, #7112, #2761 ),
 .UNSPECIFIED., .F., .F.,
 ( 4, 4 ),
 ( 0.0000000000000000000, 0.006441332106774354200 ),
 .UNSPECIFIED. ) ;
#6034 = LINE ( 'NONE', #5620, #2005 ) ;
#6035 = EDGE_CURVE ( 'NONE', #4207, #6704, #3716, .T. ) ;
#6036 = CARTESIAN_POINT ( 'NONE',  ( -721.2497326902922600, -38.01434301723115500, 123.2482987937306100 ) ) ;
#6037 = CARTESIAN_POINT ( 'NONE',  ( -288.7992690864781500, 213.7750709259654800, 655.0000000000000000 ) ) ;
#6038 = CARTESIAN_POINT ( 'NONE',  ( -903.1420864286368400, 22.63471032366287300, -108.1743023418718600 ) ) ;
#6039 = CARTESIAN_POINT ( 'NONE',  ( -934.5304161944366100, -43.43888046756739400, 50.64175051097254300 ) ) ;
#6040 = CARTESIAN_POINT ( 'NONE',  ( -14.64406543844063800, 296.7320001502884000, -144.1974830135377800 ) ) ;
#6041 = FACE_OUTER_BOUND ( 'NONE', #4295, .T. ) ;
#6042 = CARTESIAN_POINT ( 'NONE',  ( -532.1764711619969100, 0.3009072780147670800, 69.90283081991590600 ) ) ;
#6043 = CARTESIAN_POINT ( 'NONE',  ( -461.6724969645883900, 37.19314392008536900, -849.5987129731908000 ) ) ;
#6044 = CARTESIAN_POINT ( 'NONE',  ( -42.27212187775379700, 295.2450919855352800, 239.9999999999999400 ) ) ;
#6045 = DIRECTION ( 'NONE',  ( -1.000000000000000000, -2.610927889176040600E-016, -0.0000000000000000000 ) ) ;
#6046 = CARTESIAN_POINT ( 'NONE',  ( -703.0074534641748900, 18.66695073021729100, 818.8873006569718900 ) ) ;
#6047 = CARTESIAN_POINT ( 'NONE',  ( -765.3900726117242400, -48.40835081150562800, -61.01129827765275600 ) ) ;
#6048 = VECTOR ( 'NONE', #2741, 1000.000000000000000 ) ;
#6049 = CARTESIAN_POINT ( 'NONE',  ( -707.8819249630494100, 4.250883286271466900, 662.4616314755270400 ) ) ;
#6050 = CARTESIAN_POINT ( 'NONE',  ( -168.3437408600776500, 319.3871741432940900, 139.0741604994833800 ) ) ;
#6051 = CARTESIAN_POINT ( 'NONE',  ( -876.6408731495237100, 12.08354530912902500, 89.13503094757886900 ) ) ;
#6052 = CARTESIAN_POINT ( 'NONE',  ( -696.2485368843904300, 35.04892814365872100, 879.2536509349706600 ) ) ;
#6053 = CARTESIAN_POINT ( 'NONE',  ( -948.0685558445707100, 400.0000000000000000, 5.863365348801608000E-013 ) ) ;
#6054 = VECTOR ( 'NONE', #1814, 1000.000000000000000 ) ;
#6055 = CARTESIAN_POINT ( 'NONE',  ( -5.573319583618285800E-011, 121.6275477109418000, -128.4466496349271300 ) ) ;
#6056 = EDGE_LOOP ( 'NONE', ( #17, #4103, #623, #217 ) ) ;
#6057 = DIRECTION ( 'NONE',  ( -0.0000000000000000000, -1.000000000000000000, -0.0000000000000000000 ) ) ;
#6058 = PLANE ( 'NONE',  #5056 ) ;
#6059 = EDGE_CURVE ( 'NONE', #2600, #5898, #6222, .T. ) ;
#6060 = FACE_OUTER_BOUND ( 'NONE', #4789, .T. ) ;
#6061 = CARTESIAN_POINT ( 'NONE',  ( -14.62674840205313500, 296.8509855691290200, -239.9999999999998900 ) ) ;
#6062 = CARTESIAN_POINT ( 'NONE',  ( -320.2242704645746600, 100.0000000000000000, 889.6698814765889000 ) ) ;
#6063 = CARTESIAN_POINT ( 'NONE',  ( -918.0313104987047800, 13.86640236423898300, -100.8913492329716200 ) ) ;
#6064 = ORIENTED_EDGE ( 'NONE', *, *, #1230, .F. ) ;
#6065 = CARTESIAN_POINT ( 'NONE',  ( -937.5010464847748600, -43.04366449941422700, 66.70542129674042500 ) ) ;
#6066 = VECTOR ( 'NONE', #898, 1000.000000000000000 ) ;
#6067 = CARTESIAN_POINT ( 'NONE',  ( -141.3106194326933300, 276.2628602752527100, -139.9752645470626600 ) ) ;
#6068 = CARTESIAN_POINT ( 'NONE',  ( -344.9798420320378200, 113.8747192612501500, 650.0000000000000000 ) ) ;
#6069 = CIRCLE ( 'NONE', #3586, 700.0000000000003400 ) ;
#6070 = CARTESIAN_POINT ( 'NONE',  ( -534.0300862400527000, -11.13421401238157100, 0.0000000000000000000 ) ) ;
#6071 = CARTESIAN_POINT ( 'NONE',  ( -93.75174729089823700, 287.6389130592169700, 239.9999999999998900 ) ) ;
#6072 = CARTESIAN_POINT ( 'NONE',  ( -711.9784477174823700, -10.86321793139480900, 785.8810487649742500 ) ) ;
#6073 = CARTESIAN_POINT ( 'NONE',  ( -530.2020976964985300, 0.2943142993471342700, 0.0000000000000000000 ) ) ;
#6074 = CARTESIAN_POINT ( 'NONE',  ( -537.1466848967629600, 34.37039788130328300, 837.5554724092271500 ) ) ;
#6075 = ORIENTED_EDGE ( 'NONE', *, *, #4668, .T. ) ;
#6076 =( LENGTH_UNIT ( ) NAMED_UNIT ( * ) SI_UNIT ( .MILLI., .METRE. ) );
#6077 = CARTESIAN_POINT ( 'NONE',  ( -20.83856141484916700, 304.5790209696031100, 143.9909998143242000 ) ) ;
#6078 = CARTESIAN_POINT ( 'NONE',  ( -861.6342496577638000, 96.68124017129572700, -89.96129063427129300 ) ) ;
#6079 = CARTESIAN_POINT ( 'NONE',  ( -709.9123766264485800, -2.685871164607336800, -667.2839513352131500 ) ) ;
#6080 = B_SPLINE_CURVE_WITH_KNOTS ( 'NONE', 3,
 ( #2659, #1550, #4351, #1089, #3162, #6980, #4243, #3703, #4807, #5352, #2223, #2752, #650, #34, #1177, #1656, #7102, #5025, #5480, #6074, #5526, #2245, #3826, #3281 ),
 .UNSPECIFIED., .F., .F.,
 ( 4, 2, 2, 2, 2, 2, 2, 2, 2, 2, 2, 4 ),
 ( 0.0000000000000000000, 0.01533412967707401000, 0.03066825935414802000, 0.06133651870829631000, 0.09200477806244460000, 0.1226730374165929000, 0.1303401022551299300, 0.1380071670936669500, 0.1533412967707409000, 0.1840095561248884500, 0.2146778154790360300, 0.2453460748331836000 ),
 .UNSPECIFIED. ) ;
#6081 = CARTESIAN_POINT ( 'NONE',  ( -963.6870494538029600, 3.558946610620118600, -74.23055151717952100 ) ) ;
#6082 = DIRECTION ( 'NONE',  ( 1.000000000000000000, 2.610927889176040600E-016, 0.0000000000000000000 ) ) ;
#6083 = CARTESIAN_POINT ( 'NONE',  ( -940.2496474277866100, -42.58433637996731800, 61.08013554287606400 ) ) ;
#6084 = CARTESIAN_POINT ( 'NONE',  ( -372.1066412079341600, 104.4739540227479900, 593.0110748179392900 ) ) ;
#6085 = CARTESIAN_POINT ( 'NONE',  ( -916.1761530242706600, 52.87348742163909100, -105.6062142766431000 ) ) ;
#6086 = CARTESIAN_POINT ( 'NONE',  ( -135.8262505225143600, 352.1854547018975300, 115.4209030207743500 ) ) ;
#6087 = CARTESIAN_POINT ( 'NONE',  ( -855.3638864233430500, 72.96577670751425200, 114.8816014359641600 ) ) ;
#6088 = ORIENTED_EDGE ( 'NONE', *, *, #6181, .F. ) ;
#6089 = CARTESIAN_POINT ( 'NONE',  ( -731.8874231648911700, 51.43171811125382200, -120.2902128949164200 ) ) ;
#6090 = AXIS2_PLACEMENT_3D ( 'NONE', #4514, #1226, #2832 ) ;
#6091 = CARTESIAN_POINT ( 'NONE',  ( -765.2965473559073600, -48.39838701071539600, -58.93621015006602400 ) ) ;
#6092 =( NAMED_UNIT ( * ) SI_UNIT ( $, .STERADIAN. ) SOLID_ANGLE_UNIT ( ) );
#6093 = CARTESIAN_POINT ( 'NONE',  ( -146.3929634681672100, 322.9656440688174800, 139.8058530792137900 ) ) ;
#6094 = EDGE_CURVE ( 'NONE', #2771, #3422, #3331, .T. ) ;
#6095 = ORIENTED_EDGE ( 'NONE', *, *, #2255, .T. ) ;
#6096 = CARTESIAN_POINT ( 'NONE',  ( -516.1611622597005200, 10.16888668989803100, -210.4185866888561500 ) ) ;
#6097 = DIRECTION ( 'NONE',  ( -0.6136994490979207400, -0.03449030143811620400, 0.7887860326372524400 ) ) ;
#6098 =( BOUNDED_SURFACE ( )  B_SPLINE_SURFACE ( 3, 2, ( 
 ( #4873, #2614, #3146 ),
 ( #3689, #4282, #1512 ),
 ( #1562, #4309, #463 ),
 ( #7017, #6964, #3770 ),
 ( #1023, #1072, #516 ),
 ( #1047, #412, #5364 ),
 ( #2668, #3171, #5937 ),
 ( #2140, #4794, #4231 ),
 ( #2037, #3742, #5961 ),
 ( #1538, #6496, #7041 ) ),
 .UNSPECIFIED., .F., .F., .F. ) 
 B_SPLINE_SURFACE_WITH_KNOTS ( ( 4, 2, 2, 2, 4 ),
 ( 3, 3 ),
 ( 0.5805841559273639000, 0.7457671121700050200, 0.9109500684126461400, 1.076133024655287200, 1.241315980897928400 ),
 ( 0.0000000000000000000, 1.000000000000000000 ),
 .UNSPECIFIED. ) 
 GEOMETRIC_REPRESENTATION_ITEM ( )  RATIONAL_B_SPLINE_SURFACE ( (
 ( 1.000000000000000000, 0.7992633989974036200, 1.000000000000000000),
 ( 1.000000000000000000, 0.7961268479166124800, 1.000000000000000000),
 ( 1.000000000000000000, 0.7925756853449084100, 1.000000000000000000),
 ( 1.000000000000000000, 0.7847104072537307600, 1.000000000000000000),
 ( 1.000000000000000000, 0.7803960150855908700, 1.000000000000000000),
 ( 1.000000000000000000, 0.7710853641852650800, 1.000000000000000000),
 ( 1.000000000000000000, 0.7660890897112447900, 1.000000000000000000),
 ( 1.000000000000000000, 0.7555136892848367500, 1.000000000000000000),
 ( 1.000000000000000000, 0.7499348324501558000, 1.000000000000000000),
 ( 1.000000000000000000, 0.7441224190802605600, 1.000000000000000000) ) ) 
 REPRESENTATION_ITEM ( '' )  SURFACE ( )  );
#6099 =( GEOMETRIC_REPRESENTATION_CONTEXT ( 3 ) GLOBAL_UNCERTAINTY_ASSIGNED_CONTEXT ( ( #4499 ) ) GLOBAL_UNIT_ASSIGNED_CONTEXT ( ( #6076, #2798, #1239 ) ) REPRESENTATION_CONTEXT ( 'NONE', 'WORKASPACE' ) );
#6100 = CARTESIAN_POINT ( 'NONE',  ( -5.573319583618286500E-011, 139.6643029356203600, -144.0421397755867200 ) ) ;
#6101 = CARTESIAN_POINT ( 'NONE',  ( -715.7801306487405100, -30.14721117280040000, -705.9669493332169200 ) ) ;
#6102 = CARTESIAN_POINT ( 'NONE',  ( -707.6635419309777700, 4.958084258317585500, -912.8622417098479200 ) ) ;
#6103 = EDGE_LOOP ( 'NONE', ( #5929, #102, #2224, #6317 ) ) ;
#6104 = ORIENTED_EDGE ( 'NONE', *, *, #6106, .F. ) ;
#6105 = CARTESIAN_POINT ( 'NONE',  ( -938.9537712520652800, 69.46265942215659100, 76.32133650644178100 ) ) ;
#6106 = EDGE_CURVE ( 'NONE', #2641, #3439, #4874, .T. ) ;
#6107 = CARTESIAN_POINT ( 'NONE',  ( -1029.133014436315300, 28.43963964583465700, 40.17412243194436900 ) ) ;
#6108 = CARTESIAN_POINT ( 'NONE',  ( -258.7992690864780900, 213.7750709259654500, 655.0000000000000000 ) ) ;
#6109 = ORIENTED_EDGE ( 'NONE', *, *, #238, .T. ) ;
#6110 = CARTESIAN_POINT ( 'NONE',  ( -349.7802306235590200, 33.99164629527348300, -882.4973492124210000 ) ) ;
#6111 = CARTESIAN_POINT ( 'NONE',  ( -937.7351337887660100, -42.95331914665081300, 52.99671695290127400 ) ) ;
#6112 = CARTESIAN_POINT ( 'NONE',  ( -731.8328558798079900, 116.1642536705869700, -120.2911899988255700 ) ) ;
#6113 = CARTESIAN_POINT ( 'NONE',  ( -402.1278491810006700, 89.06279344930800300, 509.9275718732693000 ) ) ;
#6114 = CARTESIAN_POINT ( 'NONE',  ( -908.8766831937715600, 23.44824487901801300, -107.0852874659883400 ) ) ;
#6115 = ORIENTED_EDGE ( 'NONE', *, *, #6128, .F. ) ;
#6116 = CARTESIAN_POINT ( 'NONE',  ( -1038.145799342743400, 50.08600469205194400, 734.0524566463253700 ) ) ;
#6117 = CARTESIAN_POINT ( 'NONE',  ( -715.7434552768428400, -29.91603901887007700, 734.8931487480472200 ) ) ;
#6118 = CARTESIAN_POINT ( 'NONE',  ( -167.8228358518130100, 340.9217838523559900, 114.7354576377846100 ) ) ;
#6119 = CARTESIAN_POINT ( 'NONE',  ( -716.2388930281242700, -33.17596634035937300, 751.6854235295485300 ) ) ;
#6120 =( BOUNDED_SURFACE ( )  B_SPLINE_SURFACE ( 3, 2, ( 
 ( #763, #2443, #4626 ),
 ( #1837, #5658, #5136 ),
 ( #5174, #1899, #2996 ),
 ( #6822, #265, #829 ) ),
 .UNSPECIFIED., .F., .F., .F. ) 
 B_SPLINE_SURFACE_WITH_KNOTS ( ( 4, 4 ),
 ( 3, 3 ),
 ( 4.933166852909572200, 5.041869326281681800 ),
 ( 0.0000000000000000000, 1.000000000000000000 ),
 .UNSPECIFIED. ) 
 GEOMETRIC_REPRESENTATION_ITEM ( )  RATIONAL_B_SPLINE_SURFACE ( (
 ( 1.000000000000000000, 0.7027489190953187800, 1.000000000000000000),
 ( 1.000000000000000000, 0.7020431806302215300, 1.000000000000000000),
 ( 1.000000000000000000, 0.7013449952094306100, 1.000000000000000000),
 ( 1.000000000000000000, 0.7006585670461695800, 1.000000000000000000) ) ) 
 REPRESENTATION_ITEM ( '' )  SURFACE ( )  );
#6121 = CARTESIAN_POINT ( 'NONE',  ( -934.2317359232686200, 6.443561857921038100, -50.52715020816467000 ) ) ;
#6122 = B_SPLINE_CURVE_WITH_KNOTS ( 'NONE', 3,
 ( #4973, #5019, #5568, #618, #772, #4592 ),
 .UNSPECIFIED., .F., .F.,
 ( 4, 1, 1, 4 ),
 ( 0.0000000000000000000, 0.8318059279503584600, 0.9159029244924025100, 1.000000000000000000 ),
 .UNSPECIFIED. ) ;
#6123 = LINE ( 'NONE', #5464, #4323 ) ;
#6124 = CARTESIAN_POINT ( 'NONE',  ( -701.0637841235294400, 23.72466673437405000, 901.6918942658425100 ) ) ;
#6125 = CARTESIAN_POINT ( 'NONE',  ( -413.0707898217584700, 61.93453721306596500, -650.0000000000000000 ) ) ;
#6126 = CARTESIAN_POINT ( 'NONE',  ( -769.8717750617798900, -49.25061185733253700, -64.72954130641744500 ) ) ;
#6127 = CARTESIAN_POINT ( 'NONE',  ( -588.4213002791510700, 34.97267035960745600, -839.4787391688136000 ) ) ;
#6128 = EDGE_CURVE ( 'NONE', #2648, #1658, #5039, .T. ) ;
#6129 = ORIENTED_EDGE ( 'NONE', *, *, #7043, .T. ) ;
#6130 = CIRCLE ( 'NONE', #4437, 25.00000000000003200 ) ;
#6131 = CARTESIAN_POINT ( 'NONE',  ( -1000.746607440859700, 26.21800630331760500, -76.20507179183036300 ) ) ;
#6132 = DIRECTION ( 'NONE',  ( 1.000000000000000000, 2.610927889176040600E-016, 0.0000000000000000000 ) ) ;
#6133 = CARTESIAN_POINT ( 'NONE',  ( -765.7235853774421900, 22.94588765577998400, -61.91333171583454500 ) ) ;
#6134 = CARTESIAN_POINT ( 'NONE',  ( -157.1660011963871000, 274.2102586960153900, -137.9225819429058500 ) ) ;
#6135 = CARTESIAN_POINT ( 'NONE',  ( -969.9082733114157700, 32.06201920788370100, 63.86921591008129400 ) ) ;
#6136 = CARTESIAN_POINT ( 'NONE',  ( -530.2020976964985300, 0.2943142993471342700, 0.0000000000000000000 ) ) ;
#6137 = CARTESIAN_POINT ( 'NONE',  ( -715.7427486152961400, -29.91156419464841700, 732.8596727799827000 ) ) ;
#6138 = ORIENTED_EDGE ( 'NONE', *, *, #4489, .T. ) ;
#6139 = FACE_OUTER_BOUND ( 'NONE', #1119, .T. ) ;
#6140 = CARTESIAN_POINT ( 'NONE',  ( -930.6710770104139100, 6.792264002266271900, -49.73883316457103400 ) ) ;
#6141 = B_SPLINE_CURVE_WITH_KNOTS ( 'NONE', 2,
 ( #2390, #1828, #5632 ),
 .UNSPECIFIED., .F., .F.,
 ( 3, 3 ),
 ( 0.0000000000000000000, 1.000000000000000000 ),
 .UNSPECIFIED. ) ;
#6142 = AXIS2_PLACEMENT_3D ( 'NONE', #3170, #3190, #6364 ) ;
#6143 = ORIENTED_EDGE ( 'NONE', *, *, #3427, .T. ) ;
#6144 = DIRECTION ( 'NONE',  ( -1.000000000000000000, -2.610927889176040600E-016, 0.0000000000000000000 ) ) ;
#6145 = FACE_OUTER_BOUND ( 'NONE', #4986, .T. ) ;
#6146 = CARTESIAN_POINT ( 'NONE',  ( -697.5234109837492700, 32.20112262272540700, 887.2496371014585700 ) ) ;
#6147 = CARTESIAN_POINT ( 'NONE',  ( -5.573319583618285800E-011, 143.7633205608470600, -144.6856185281509700 ) ) ;
#6148 = DIRECTION ( 'NONE',  ( 0.3235513698792102400, 0.0000000000000000000, 0.9462106060752472100 ) ) ;
#6149 = CARTESIAN_POINT ( 'NONE',  ( -934.8438756385440900, 7.164169369840226200, 68.67666249178779500 ) ) ;
#6150 = CARTESIAN_POINT ( 'NONE',  ( -460.8738266186366000, 36.30890829904498000, -844.6625111570947400 ) ) ;
#6151 = EDGE_CURVE ( 'NONE', #1827, #6541, #4258, .T. ) ;
#6152 = ORIENTED_EDGE ( 'NONE', *, *, #2542, .T. ) ;
#6153 = CARTESIAN_POINT ( 'NONE',  ( -1027.248464966459100, 26.12237371519225000, 46.04358202085152400 ) ) ;
#6154 = CARTESIAN_POINT ( 'NONE',  ( -658.0707898217590400, 71.86193051735821800, 650.0000000000000000 ) ) ;
#6155 = CARTESIAN_POINT ( 'NONE',  ( -765.8768879527095800, 22.93087444108073200, -57.27056665856493100 ) ) ;
#6156 = CARTESIAN_POINT ( 'NONE',  ( -728.7585181920779900, 26.64774109412768500, 97.35718551427029900 ) ) ;
#6157 = CARTESIAN_POINT ( 'NONE',  ( -905.4418960678215200, 22.92636367943854500, -107.7457635968348500 ) ) ;
#6158 = VERTEX_POINT ( 'NONE', #5273 ) ;
#6159 = CARTESIAN_POINT ( 'NONE',  ( -696.4581469168530200, 34.58527463767817500, 655.5685260122048700 ) ) ;
#6160 = CARTESIAN_POINT ( 'NONE',  ( -183.5040215248412200, 335.4015787387869500, 114.0199289335920300 ) ) ;
#6161 = EDGE_CURVE ( 'NONE', #2136, #2321, #2644, .T. ) ;
#6162 = CARTESIAN_POINT ( 'NONE',  ( -940.3849347119414700, -44.47907115696418900, 59.73525065411046600 ) ) ;
#6163 = CARTESIAN_POINT ( 'NONE',  ( -1085.995178059513800, -3.571237118327399000, -14.61446840394332400 ) ) ;
#6164 = CARTESIAN_POINT ( 'NONE',  ( -577.6248807457196800, 54.16390315882591000, -650.0000000000000000 ) ) ;
#6165 = CARTESIAN_POINT ( 'NONE',  ( -1033.286065446823800, 36.25511863746636700, -27.66881905560307700 ) ) ;
#6166 = CARTESIAN_POINT ( 'NONE',  ( -699.9357711079585400, 26.52726969370716900, -887.6318544914248600 ) ) ;
#6167 = CARTESIAN_POINT ( 'NONE',  ( -179.5736621307780800, 312.8368202621289200, 239.9999999999999400 ) ) ;
#6168 = AXIS2_PLACEMENT_3D ( 'NONE', #667, #3367, #712 ) ;
#6169 = ADVANCED_FACE ( 'NONE', ( #1195 ), #1643, .F. ) ;
#6170 = CARTESIAN_POINT ( 'NONE',  ( -1030.030941500316700, 29.89683454031776900, 36.17277724533821700 ) ) ;
#6171 = CARTESIAN_POINT ( 'NONE',  ( -977.9970575583958000, 22.89356240254242200, 87.52448106196230500 ) ) ;
#6172 = EDGE_LOOP ( 'NONE', ( #174, #6550, #2436, #5089 ) ) ;
#6173 = ORIENTED_EDGE ( 'NONE', *, *, #6230, .F. ) ;
#6174 = CARTESIAN_POINT ( 'NONE',  ( -769.7566672274886100, 22.55092022872490500, -64.72037505542860500 ) ) ;
#6175 = CARTESIAN_POINT ( 'NONE',  ( -730.1517920995834200, 35.96552106699476100, 114.9056968153762700 ) ) ;
#6176 = DIRECTION ( 'NONE',  ( -0.0000000000000000000, -0.0000000000000000000, 1.000000000000000000 ) ) ;
#6177 = EDGE_LOOP ( 'NONE', ( #1864, #1579, #6183, #6349, #3887, #6143 ) ) ;
#6178 = CARTESIAN_POINT ( 'NONE',  ( -769.4025474927482300, -49.25061185733253700, -64.67269670123501200 ) ) ;
#6179 = CARTESIAN_POINT ( 'NONE',  ( -188.2044368611287600, 333.7469043209015400, 113.6749634761538600 ) ) ;
#6180 = ORIENTED_EDGE ( 'NONE', *, *, #7106, .F. ) ;
#6181 = EDGE_CURVE ( 'NONE', #5506, #3184, #413, .T. ) ;
#6182 = CARTESIAN_POINT ( 'NONE',  ( -1015.315854577011400, 0.4009860536767192500, -19.62541651548399500 ) ) ;
#6183 = ORIENTED_EDGE ( 'NONE', *, *, #5170, .F. ) ;
#6184 = AXIS2_PLACEMENT_3D ( 'NONE', #2780, #4964, #6001 ) ;
#6185 = CARTESIAN_POINT ( 'NONE',  ( -802.3608228219858300, -55.78052167908376200, -20.83333333333332900 ) ) ;
#6186 = CARTESIAN_POINT ( 'NONE',  ( -184.6267484020527000, 302.0000000000000600, 137.9225819429061100 ) ) ;
#6187 = ORIENTED_EDGE ( 'NONE', *, *, #5853, .F. ) ;
#6188 = CARTESIAN_POINT ( 'NONE',  ( -567.8794302370920400, 34.51967385910973000, -838.0154190202579200 ) ) ;
#6189 = CARTESIAN_POINT ( 'NONE',  ( -173.6291769025735900, 317.0057666026143600, 239.9999999999999400 ) ) ;
#6190 = ORIENTED_EDGE ( 'NONE', *, *, #1941, .T. ) ;
#6191 = CARTESIAN_POINT ( 'NONE',  ( -958.2158849664388100, 4.094748223608620600, -77.26343180550519200 ) ) ;
#6192 = ORIENTED_EDGE ( 'NONE', *, *, #4267, .T. ) ;
#6193 = CARTESIAN_POINT ( 'NONE',  ( -1028.724752950297400, 37.19791389292169000, -5.307627442076887200 ) ) ;
#6194 = ADVANCED_FACE ( 'NONE', ( #5889 ), #414, .T. ) ;
#6195 = CARTESIAN_POINT ( 'NONE',  ( -588.4213002791510700, 34.97267035960745600, -839.4787391688136000 ) ) ;
#6196 = CARTESIAN_POINT ( 'NONE',  ( -739.4266027890856800, 139.3637366548300100, -99.36212689905791300 ) ) ;
#6197 = CYLINDRICAL_SURFACE ( 'NONE', #2561, 717.0091088048179700 ) ;
#6198 = CARTESIAN_POINT ( 'NONE',  ( -728.9138485920900600, 27.21205358657578800, 101.0121961458256400 ) ) ;
#6199 = CARTESIAN_POINT ( 'NONE',  ( -587.9891637241610200, 62.89298514426514000, 844.4600299651677900 ) ) ;
#6200 = CARTESIAN_POINT ( 'NONE',  ( -767.3158090565556200, -49.25061185733253700, -63.83756961126599100 ) ) ;
#6201 = CARTESIAN_POINT ( 'NONE',  ( -729.3453447201203500, 26.50846962680957100, -120.3447435053587200 ) ) ;
#6202 = CIRCLE ( 'NONE', #155, 779.7862235890434000 ) ;
#6203 = CARTESIAN_POINT ( 'NONE',  ( 7.836868409118748200E-014, 400.0000000000000000, 239.9999999999999100 ) ) ;
#6204 = CARTESIAN_POINT ( 'NONE',  ( -1050.325149824583800, -1.566558724155874300, -39.17203008967106100 ) ) ;
#6205 = FACE_OUTER_BOUND ( 'NONE', #5676, .T. ) ;
#6206 = CARTESIAN_POINT ( 'NONE',  ( -986.3543110252354600, 22.52543249267133900, 84.32346803301148000 ) ) ;
#6207 = DIRECTION ( 'NONE',  ( 0.0000000000000000000, 1.000000000000000000, 0.0000000000000000000 ) ) ;
#6208 = CARTESIAN_POINT ( 'NONE',  ( -703.1594631296469500, 18.25733431126507600, -818.3800164892036300 ) ) ;
#6209 = CARTESIAN_POINT ( 'NONE',  ( -669.6908340607190000, 73.43984978339578600, -650.0000000000000000 ) ) ;
#6210 = EDGE_CURVE ( 'NONE', #3411, #4710, #4435, .T. ) ;
#6211 = CARTESIAN_POINT ( 'NONE',  ( -1009.934110109097100, 21.48676239059106100, -71.11996021954532000 ) ) ;
#6212 = DIRECTION ( 'NONE',  ( -0.0000000000000000000, -0.0000000000000000000, 1.000000000000000000 ) ) ;
#6213 = FACE_OUTER_BOUND ( 'NONE', #3243, .T. ) ;
#6214 = CARTESIAN_POINT ( 'NONE',  ( -94.50360548081531000, 316.4596867371150200, 239.9999999999998600 ) ) ;
#6215 = ORIENTED_EDGE ( 'NONE', *, *, #1663, .F. ) ;
#6216 = CARTESIAN_POINT ( 'NONE',  ( -765.2966510221904200, 22.98769815457095300, -58.93557897508814800 ) ) ;
#6217 = FACE_OUTER_BOUND ( 'NONE', #3748, .T. ) ;
#6218 = CARTESIAN_POINT ( 'NONE',  ( -184.6267484020523300, 315.4324592823715000, 137.9225819429060500 ) ) ;
#6219 = CARTESIAN_POINT ( 'NONE',  ( -948.0685558445707100, 400.0000000000000000, 5.863365348801608000E-013 ) ) ;
#6220 = EDGE_CURVE ( 'NONE', #2545, #6913, #3764, .T. ) ;
#6221 = ORIENTED_EDGE ( 'NONE', *, *, #2412, .T. ) ;
#6222 = CIRCLE ( 'NONE', #2896, 25.00000000000000000 ) ;
#6223 = CARTESIAN_POINT ( 'NONE',  ( -767.3158090565556200, 23.42789570974004900, -63.83756961126599100 ) ) ;
#6224 = CARTESIAN_POINT ( 'NONE',  ( -184.5927022070657100, 300.8448415446100600, 240.0000000000000300 ) ) ;
#6225 = ORIENTED_EDGE ( 'NONE', *, *, #5297, .T. ) ;
#6226 = ADVANCED_FACE ( 'NONE', ( #4259 ), #64, .T. ) ;
#6227 = CARTESIAN_POINT ( 'NONE',  ( -932.6553127623110400, -43.71716821478978700, -49.98957302454345400 ) ) ;
#6228 = CARTESIAN_POINT ( 'NONE',  ( -1095.985989272548300, -4.132727096621547200, -5.267150036410193100 ) ) ;
#6229 = ORIENTED_EDGE ( 'NONE', *, *, #7022, .T. ) ;
#6230 = EDGE_CURVE ( 'NONE', #2045, #5506, #6811, .T. ) ;
#6231 = CARTESIAN_POINT ( 'NONE',  ( -1027.911948286700600, 23.68457732767492300, 46.10507969706616600 ) ) ;
#6232 = CARTESIAN_POINT ( 'NONE',  ( -823.4795694045186600, -51.28511978471855300, 53.06883101653951900 ) ) ;
#6233 = DIRECTION ( 'NONE',  ( 1.000000000000000000, 2.610927889176040600E-016, 0.0000000000000000000 ) ) ;
#6234 = CARTESIAN_POINT ( 'NONE',  ( -439.1556025612816300, 231.5219260081761700, 650.0000000000000000 ) ) ;
#6235 = CARTESIAN_POINT ( 'NONE',  ( -931.7072111055728100, -44.47907115696418900, 49.83040187076174700 ) ) ;
#6236 = CARTESIAN_POINT ( 'NONE',  ( -126.4673254208878200, 320.6857968007962000, 239.9999999999999100 ) ) ;
#6237 = CARTESIAN_POINT ( 'NONE',  ( -875.6907977575198200, 66.39538310997585300, -112.9302881364199000 ) ) ;
#6238 = CARTESIAN_POINT ( 'NONE',  ( -820.9436691098444500, 111.0054344955209000, 92.64782683238753700 ) ) ;
#6239 = CARTESIAN_POINT ( 'NONE',  ( -110.4287047268466000, 318.6268463562761300, 239.9999999999999100 ) ) ;
#6240 = DIRECTION ( 'NONE',  ( -0.0000000000000000000, -1.000000000000000000, -0.0000000000000000000 ) ) ;
#6241 = CARTESIAN_POINT ( 'NONE',  ( -937.0752082723214500, 45.96534525729701700, -100.4989881212968900 ) ) ;
#6242 = CARTESIAN_POINT ( 'NONE',  ( -17.25075598798307300, 300.4532168593449900, 239.9999999999999400 ) ) ;
#6243 = CARTESIAN_POINT ( 'NONE',  ( -672.3322355637784500, 400.0000000000000000, -2651.495409082707300 ) ) ;
#6244 = AXIS2_PLACEMENT_3D ( 'NONE', #5224, #3026, #5139 ) ;
#6245 = ORIENTED_EDGE ( 'NONE', *, *, #5128, .T. ) ;
#6246 = EDGE_CURVE ( 'NONE', #6687, #71, #1525, .T. ) ;
#6247 = CARTESIAN_POINT ( 'NONE',  ( -1029.832351556894800, 36.04054049824950600, -13.65616413825281600 ) ) ;
#6248 = CARTESIAN_POINT ( 'NONE',  ( -773.0357878090186400, 101.6861739977570700, -119.4071432636648100 ) ) ;
#6249 = CARTESIAN_POINT ( 'NONE',  ( -1023.869892135917900, 39.56986850050211800, 3.265785876999444300 ) ) ;
#6250 = DIRECTION ( 'NONE',  ( 1.000000000000000000, 2.610927889176040600E-016, 0.0000000000000000000 ) ) ;
#6251 = DIRECTION ( 'NONE',  ( -1.000000000000000000, -2.610927889176040600E-016, -0.0000000000000000000 ) ) ;
#6252 = ORIENTED_EDGE ( 'NONE', *, *, #5623, .F. ) ;
#6253 = CARTESIAN_POINT ( 'NONE',  ( -856.1052109713369900, 72.70716347706508000, 114.8324534550022400 ) ) ;
#6254 = CARTESIAN_POINT ( 'NONE',  ( 3.914545949255123300, 375.1674090797846500, 144.8161033931276300 ) ) ;
#6255 = ADVANCED_FACE ( 'NONE', ( #5045 ), #307, .T. ) ;
#6256 = CARTESIAN_POINT ( 'NONE',  ( -42.20875326983825500, 308.7442902923770000, 239.9999999999999400 ) ) ;
#6257 = ORIENTED_EDGE ( 'NONE', *, *, #6569, .F. ) ;
#6258 = CARTESIAN_POINT ( 'NONE',  ( -696.2485368843905500, 35.04892814365872100, -879.2536509349710100 ) ) ;
#6259 = CARTESIAN_POINT ( 'NONE',  ( -915.8613613362432500, 25.62572284350428800, -105.6720506881550700 ) ) ;
#6260 = ORIENTED_EDGE ( 'NONE', *, *, #3570, .F. ) ;
#6261 = VERTEX_POINT ( 'NONE', #1441 ) ;
#6262 = CARTESIAN_POINT ( 'NONE',  ( -897.5226415488326700, 7.021039942722858000, -89.17374265924249200 ) ) ;
#6263 = CARTESIAN_POINT ( 'NONE',  ( -588.4213002791510700, -77.57978771338689200, -839.4787391688136000 ) ) ;
#6264 = CARTESIAN_POINT ( 'NONE',  ( -5.573406319792084700E-011, 145.4327230323256400, -144.6856185281506600 ) ) ;
#6265 = CARTESIAN_POINT ( 'NONE',  ( -861.3710645701210100, 92.93235035606994600, 102.9125482522686200 ) ) ;
#6266 = ORIENTED_EDGE ( 'NONE', *, *, #166, .F. ) ;
#6267 = CARTESIAN_POINT ( 'NONE',  ( -931.3328162933254400, 6.727458607366993500, 49.78049227821631500 ) ) ;
#6268 = CARTESIAN_POINT ( 'NONE',  ( -920.2857772427861400, 71.10618802116582100, -95.50277990237542300 ) ) ;
#6269 = EDGE_CURVE ( 'NONE', #6541, #1982, #4817, .T. ) ;
#6270 = CARTESIAN_POINT ( 'NONE',  ( -1095.978826124762500, -4.132324523110622900, 5.277208640751727100 ) ) ;
#6271 = CARTESIAN_POINT ( 'NONE',  ( -937.0270378844302300, 6.169812585158365600, 52.31390652992104200 ) ) ;
#6272 = CARTESIAN_POINT ( 'NONE',  ( -976.9737192650881100, 2.555838574129727800, 87.87440580865578000 ) ) ;
#6273 = DIRECTION ( 'NONE',  ( 1.000000000000000000, -9.251858538542963900E-016, 0.0000000000000000000 ) ) ;
#6274 = CARTESIAN_POINT ( 'NONE',  ( -769.0642468253602100, 32.25061285086973600, -479.9273741711696200 ) ) ;
#6275 = CARTESIAN_POINT ( 'NONE',  ( -979.7195593237235000, -49.80385858583698400, -312.7510206763798200 ) ) ;
#6276 = FACE_OUTER_BOUND ( 'NONE', #7042, .T. ) ;
#6277 = CARTESIAN_POINT ( 'NONE',  ( -738.6974510554974800, 139.9583467906809300, 95.31631867009471600 ) ) ;
#6278 = DIRECTION ( 'NONE',  ( -0.0000000000000000000, -0.0000000000000000000, -1.000000000000000000 ) ) ;
#6279 = CARTESIAN_POINT ( 'NONE',  ( -930.2851161855123800, -44.47907115696418900, 49.73187366759710700 ) ) ;
#6280 = CARTESIAN_POINT ( 'NONE',  ( -42.22791141289170000, 308.7475009032749000, 239.9999999999999400 ) ) ;
#6281 = DIRECTION ( 'NONE',  ( 0.0000000000000000000, -0.0000000000000000000, 1.000000000000000000 ) ) ;
#6282 = CARTESIAN_POINT ( 'NONE',  ( -1005.401035527967500, 0.9582052237583832400, 42.93404041660109300 ) ) ;
#6283 = CARTESIAN_POINT ( 'NONE',  ( -971.5260301608121800, 22.89356240254236500, 68.60026894045742600 ) ) ;
#6284 = ORIENTED_EDGE ( 'NONE', *, *, #5075, .F. ) ;
#6285 = FACE_OUTER_BOUND ( 'NONE', #6738, .T. ) ;
#6286 =( BOUNDED_SURFACE ( )  B_SPLINE_SURFACE ( 3, 2, ( 
 ( #3053, #266, #6383 ),
 ( #2548, #3575, #3653 ),
 ( #3108, #4758, #4673 ),
 ( #5305, #2444, #4700 ) ),
 .UNSPECIFIED., .F., .F., .T. ) 
 B_SPLINE_SURFACE_WITH_KNOTS ( ( 4, 4 ),
 ( 3, 3 ),
 ( 4.809678397221721200, 4.870489524019419000 ),
 ( 0.0000000000000000000, 1.000000000000000000 ),
 .UNSPECIFIED. ) 
 GEOMETRIC_REPRESENTATION_ITEM ( )  RATIONAL_B_SPLINE_SURFACE ( (
 ( 1.000000000000000000, 0.7059617306419783100, 1.000000000000000000),
 ( 1.000000000000000000, 0.7057237181777712400, 1.000000000000000000),
 ( 1.000000000000000000, 0.7054862917972498600, 1.000000000000000000),
 ( 1.000000000000000000, 0.7052498927114205800, 1.000000000000000000) ) ) 
 REPRESENTATION_ITEM ( '' )  SURFACE ( )  );
#6287 = AXIS2_PLACEMENT_3D ( 'NONE', #2180, #37, #7107 ) ;
#6288 = CARTESIAN_POINT ( 'NONE',  ( -146.1794074588865400, 322.9686786833808600, 139.8129716128563900 ) ) ;
#6289 = CARTESIAN_POINT ( 'NONE',  ( -974.7195593237248700, -41.14360454799182100, 312.7510206763798200 ) ) ;
#6290 = CARTESIAN_POINT ( 'NONE',  ( -730.5038028408574700, 38.96947129314757100, -117.0136611303093400 ) ) ;
#6291 = CARTESIAN_POINT ( 'NONE',  ( -859.7458978054858100, 86.68399248693653200, 109.9629069262839200 ) ) ;
#6292 = EDGE_CURVE ( 'NONE', #6855, #5554, #4204, .T. ) ;
#6293 = FACE_OUTER_BOUND ( 'NONE', #2416, .T. ) ;
#6294 = ADVANCED_FACE ( 'NONE', ( #6497 ), #3965, .T. ) ;
#6295 = ORIENTED_EDGE ( 'NONE', *, *, #5722, .T. ) ;
#6296 = CARTESIAN_POINT ( 'NONE',  ( -721.5093510031267700, -27.39914864066250600, -0.0000000000000000000 ) ) ;
#6297 = LINE ( 'NONE', #1499, #3913 ) ;
#6298 = CARTESIAN_POINT ( 'NONE',  ( -1097.628712468208500, -4.225049190562846700, 1.323616022262073200 ) ) ;
#6299 = CARTESIAN_POINT ( 'NONE',  ( -855.5974315777700700, 38.81846834995223400, -114.8590000469126100 ) ) ;
#6300 = CARTESIAN_POINT ( 'NONE',  ( -5.573319583618285200E-011, 128.7151369489156100, 138.5010596647530300 ) ) ;
#6301 = CARTESIAN_POINT ( 'NONE',  ( -352.4986460716720600, 115.4119519339909600, 650.0000000000000000 ) ) ;
#6302 = CARTESIAN_POINT ( 'NONE',  ( -977.3011235581049000, -37.34615154684571800, -62.35021923255894900 ) ) ;
#6303 = ORIENTED_EDGE ( 'NONE', *, *, #392, .T. ) ;
#6304 = FACE_OUTER_BOUND ( 'NONE', #3707, .T. ) ;
#6305 = CARTESIAN_POINT ( 'NONE',  ( -732.9069354061400600, 119.2305944951946800, 120.0956647967975400 ) ) ;
#6306 = FACE_OUTER_BOUND ( 'NONE', #343, .T. ) ;
#6307 = ADVANCED_FACE ( 'NONE', ( #2818 ), #6970, .F. ) ;
#6308 = CARTESIAN_POINT ( 'NONE',  ( -918.9483379989669600, 76.50511764219166400, 81.22163257603277500 ) ) ;
#6309 = CARTESIAN_POINT ( 'NONE',  ( -900.3022892663303800, 83.06903542927554400, 85.13963735380271200 ) ) ;
#6310 = CARTESIAN_POINT ( 'NONE',  ( -139.1707928955426000, 322.3193253052686500, 239.9999999999999700 ) ) ;
#6311 = PLANE ( 'NONE',  #3922 ) ;
#6312 = CARTESIAN_POINT ( 'NONE',  ( -700.7311293955405100, 24.55890455296084000, -900.5653940088116100 ) ) ;
#6313 = CARTESIAN_POINT ( 'NONE',  ( -765.2643303741659800, -48.39644291560253500, 60.37959642993865800 ) ) ;
#6314 = ORIENTED_EDGE ( 'NONE', *, *, #1619, .T. ) ;
#6315 = CARTESIAN_POINT ( 'NONE',  ( -96.17735229394982400, 287.3070582754243700, 141.4797067850209400 ) ) ;
#6316 = CARTESIAN_POINT ( 'NONE',  ( -169.7121836908592100, 340.2566818747427500, 135.3685827646549700 ) ) ;
#6317 = ORIENTED_EDGE ( 'NONE', *, *, #1818, .F. ) ;
#6318 = CARTESIAN_POINT ( 'NONE',  ( -657.8006238187803100, -27.13989833669826600, -123.2745588863497700 ) ) ;
#6319 = CARTESIAN_POINT ( 'NONE',  ( -861.8216006455528500, 96.28567541412432700, 93.96256307821506900 ) ) ;
#6320 = CARTESIAN_POINT ( 'NONE',  ( -695.0370211016245300, 37.67432090519430000, 853.8181496315462500 ) ) ;
#6321 = ORIENTED_EDGE ( 'NONE', *, *, #1459, .F. ) ;
#6322 = AXIS2_PLACEMENT_3D ( 'NONE', #4013, #5639, #4533 ) ;
#6323 = CARTESIAN_POINT ( 'NONE',  ( -920.2240832518405100, 73.92943652447888800, -90.84762017663588600 ) ) ;
#6324 = CARTESIAN_POINT ( 'NONE',  ( -1028.502542542582900, 37.37394374311591600, 2.279276370932416200 ) ) ;
#6325 = CARTESIAN_POINT ( 'NONE',  ( -721.2497326902915800, -38.01434301723119100, 123.2482987937306400 ) ) ;
#6326 =( BOUNDED_CURVE ( )  B_SPLINE_CURVE ( 3, ( #3870, #6024, #604, #2267 ),
 .UNSPECIFIED., .F., .F. ) 
 B_SPLINE_CURVE_WITH_KNOTS ( ( 4, 4 ),
 ( 3.052555804368844800, 4.612289601157166400 ),
 .UNSPECIFIED. ) 
 CURVE ( )  GEOMETRIC_REPRESENTATION_ITEM ( )  RATIONAL_B_SPLINE_CURVE ( ( 1.000000000000000000, 0.8073380928898431500, 0.8073380928898431500, 1.000000000000000000 ) ) 
 REPRESENTATION_ITEM ( '' )  );
#6327 = CARTESIAN_POINT ( 'NONE',  ( -858.1096611681988400, 37.05754169003946400, -114.6097376773761000 ) ) ;
#6328 = CARTESIAN_POINT ( 'NONE',  ( -5.573319583618285200E-011, 138.8955297712160800, 143.8521604490320300 ) ) ;
#6329 = CARTESIAN_POINT ( 'NONE',  ( -814.4266634077107500, 87.24684633740551500, 117.6012469881760700 ) ) ;
#6330 = CARTESIAN_POINT ( 'NONE',  ( -932.2263901009130200, 7.164169369840226200, 49.91119714758191600 ) ) ;
#6331 = ADVANCED_FACE ( 'NONE', ( #3667 ), #2448, .T. ) ;
#6332 = CARTESIAN_POINT ( 'NONE',  ( -145.4005399374369200, 322.9120890120078100, 240.0000000000000300 ) ) ;
#6333 = CARTESIAN_POINT ( 'NONE',  ( -860.9502343962403800, 96.92203220215058900, -90.02740130938413200 ) ) ;
#6334 = CARTESIAN_POINT ( 'NONE',  ( -700.7090764616599500, 24.61675780644193200, -818.4354919567912200 ) ) ;
#6335 = CARTESIAN_POINT ( 'NONE',  ( -766.2234195609777300, -48.48495110301914200, 62.74234688334766500 ) ) ;
#6336 = CARTESIAN_POINT ( 'NONE',  ( -174.1189674324188300, 287.2485783283042300, 138.8816529470720400 ) ) ;
#6337 = ORIENTED_EDGE ( 'NONE', *, *, #3168, .F. ) ;
#6338 = CARTESIAN_POINT ( 'NONE',  ( -187.3402415975984600, 334.0511246274896300, 136.6519711804041300 ) ) ;
#6339 = ORIENTED_EDGE ( 'NONE', *, *, #5505, .T. ) ;
#6340 = CARTESIAN_POINT ( 'NONE',  ( -729.4226848318752400, 30.30513283554957800, -108.5300690943266900 ) ) ;
#6341 = CARTESIAN_POINT ( 'NONE',  ( -183.5927336330734100, 296.7967542508567900, 240.0000000000000600 ) ) ;
#6342 = CARTESIAN_POINT ( 'NONE',  ( -714.2674439110007800, -21.46875047736059000, -770.0564010996211000 ) ) ;
#6343 = CARTESIAN_POINT ( 'NONE',  ( -907.7284708287141900, 23.26249189290067300, 107.3085667405041600 ) ) ;
#6344 = CARTESIAN_POINT ( 'NONE',  ( -958.4916392537309100, 62.58479692502813700, 70.61166444894027400 ) ) ;
#6345 = ORIENTED_EDGE ( 'NONE', *, *, #1775, .T. ) ;
#6346 = CARTESIAN_POINT ( 'NONE',  ( -184.6267484020528400, 301.5190684592279800, 138.5313935814176300 ) ) ;
#6347 = EDGE_CURVE ( 'NONE', #1187, #4510, #1024, .T. ) ;
#6348 = CARTESIAN_POINT ( 'NONE',  ( -1028.579827766932600, 37.31364539224779300, 3.648605938880314700 ) ) ;
#6349 = ORIENTED_EDGE ( 'NONE', *, *, #2391, .F. ) ;
#6350 = CARTESIAN_POINT ( 'NONE',  ( -938.1733232208089200, 6.057554667562442300, 65.93555496530281300 ) ) ;
#6351 = CARTESIAN_POINT ( 'NONE',  ( -413.0707898217586400, 61.93453721306574500, -650.0000000000000000 ) ) ;
#6352 = CARTESIAN_POINT ( 'NONE',  ( -935.7745354541992800, 7.164169077462492700, -68.19774244339259900 ) ) ;
#6353 = ORIENTED_EDGE ( 'NONE', *, *, #493, .F. ) ;
#6354 = CARTESIAN_POINT ( 'NONE',  ( -416.7647816684656200, 37.94400590785235000, 859.3005217699397900 ) ) ;
#6355 = DIRECTION ( 'NONE',  ( 1.000000000000000000, 2.610927889176040600E-016, 0.0000000000000000000 ) ) ;
#6356 = AXIS2_PLACEMENT_3D ( 'NONE', #5618, #3442, #4537 ) ;
#6357 = VERTEX_POINT ( 'NONE', #468 ) ;
#6358 = CARTESIAN_POINT ( 'NONE',  ( -765.1992559046037700, -49.25060836388760100, 59.73750214031375800 ) ) ;
#6359 = CARTESIAN_POINT ( 'NONE',  ( -958.4916392531854400, 62.58479692522018900, -70.61166444868901200 ) ) ;
#6360 = CARTESIAN_POINT ( 'NONE',  ( -132.5385844330663200, 321.4702814402874700, 239.9999999999999100 ) ) ;
#6361 = EDGE_CURVE ( 'NONE', #1524, #1483, #3564, .T. ) ;
#6362 = ORIENTED_EDGE ( 'NONE', *, *, #6210, .T. ) ;
#6363 = CARTESIAN_POINT ( 'NONE',  ( -732.0292279767047600, 51.41795551113903400, 120.2871615096274800 ) ) ;
#6364 = DIRECTION ( 'NONE',  ( -1.000000000000000000, 0.0000000000000000000, 0.0000000000000000000 ) ) ;
#6365 = CARTESIAN_POINT ( 'NONE',  ( -765.3910280424295300, -48.40668206087764200, 58.46356736895159400 ) ) ;
#6366 = ORIENTED_EDGE ( 'NONE', *, *, #3337, .T. ) ;
#6367 = CARTESIAN_POINT ( 'NONE',  ( -14.62674840205269100, 302.0000000000000600, 144.1980602480840900 ) ) ;
#6368 = CARTESIAN_POINT ( 'NONE',  ( -158.4800674044099400, 344.2106932010319700, 137.3980184909751500 ) ) ;
#6369 = CARTESIAN_POINT ( 'NONE',  ( -950.6919676214159800, 4.831579854016702300, 80.88774523990157700 ) ) ;
#6370 = CARTESIAN_POINT ( 'NONE',  ( -547.8046629131712300, 32.17899601933302700, -451.8267385554135600 ) ) ;
#6371 = CARTESIAN_POINT ( 'NONE',  ( -731.6540543439579100, 49.79367726020525700, -120.2952210534877100 ) ) ;
#6372 = CARTESIAN_POINT ( 'NONE',  ( -184.1027373380568400, 298.2013660902483100, 240.0000000000000600 ) ) ;
#6373 = FACE_OUTER_BOUND ( 'NONE', #4596, .T. ) ;
#6374 = CARTESIAN_POINT ( 'NONE',  ( -715.7232881800608800, -29.78846813974605500, -738.9760712531841600 ) ) ;
#6375 = ADVANCED_FACE ( 'NONE', ( #1862 ), #4852, .F. ) ;
#6376 = EDGE_CURVE ( 'NONE', #4509, #3958, #6908, .T. ) ;
#6377 = CARTESIAN_POINT ( 'NONE',  ( -918.9483379989701500, 76.50511764219056900, -81.22163257603104100 ) ) ;
#6378 = PLANE ( 'NONE',  #4041 ) ;
#6379 = CARTESIAN_POINT ( 'NONE',  ( -1097.718637244816400, -4.230103020511854200, 0.6662758696049639900 ) ) ;
#6380 = LINE ( 'NONE', #197, #678 ) ;
#6381 = CARTESIAN_POINT ( 'NONE',  ( -939.2442461228716900, 5.952677137443019200, 55.21885250027326500 ) ) ;
#6382 = CARTESIAN_POINT ( 'NONE',  ( -952.6493089578782500, 4.639893669536637500, -106.7233425654925000 ) ) ;
#6383 = CARTESIAN_POINT ( 'NONE',  ( -736.3725597822191300, 51.02212853625864900, 120.1398665354126100 ) ) ;
#6384 = CARTESIAN_POINT ( 'NONE',  ( -357.9726304450874700, 146.0331211803212500, -374.2254074289194800 ) ) ;
#6385 = CARTESIAN_POINT ( 'NONE',  ( -938.6237299408105600, 7.164169077462492700, -54.05232127270478800 ) ) ;
#6386 = DIRECTION ( 'NONE',  ( 1.000000000000000000, 0.0000000000000000000, 0.0000000000000000000 ) ) ;
#6387 = CARTESIAN_POINT ( 'NONE',  ( 9.142340517286161400, 121.4409679848001500, -119.8452759080645400 ) ) ;
#6388 = FACE_OUTER_BOUND ( 'NONE', #1070, .T. ) ;
#6389 = CARTESIAN_POINT ( 'NONE',  ( -4.817501171858571000, 400.0000000000000000, -144.5250351557572200 ) ) ;
#6390 = CARTESIAN_POINT ( 'NONE',  ( -144.1031200542281000, 322.8290670563247300, 240.0000000000000000 ) ) ;
#6391 = CARTESIAN_POINT ( 'NONE',  ( -635.3156354085016300, 14.58184309946601000, -451.2219962217839100 ) ) ;
#6392 = FACE_OUTER_BOUND ( 'NONE', #6485, .T. ) ;
#6393 = CARTESIAN_POINT ( 'NONE',  ( -43.79741228524532200, 294.9832177758118000, 143.2257047853109700 ) ) ;
#6394 = CARTESIAN_POINT ( 'NONE',  ( -188.9899613374996100, 333.4703782774178100, 113.6487793278111000 ) ) ;
#6395 = ORIENTED_EDGE ( 'NONE', *, *, #2439, .T. ) ;
#6396 = CARTESIAN_POINT ( 'NONE',  ( -1007.589910239763600, 0.8351890653911300300, -39.56955737032578900 ) ) ;
#6397 = FACE_OUTER_BOUND ( 'NONE', #6172, .T. ) ;
#6398 = CARTESIAN_POINT ( 'NONE',  ( -923.3736790701314000, 11.08669118280865700, 97.22498422022815100 ) ) ;
#6399 = CARTESIAN_POINT ( 'NONE',  ( -171.2760718788890400, 285.8305372391480400, 239.9999999999998900 ) ) ;
#6400 = EDGE_CURVE ( 'NONE', #5913, #1445, #2544, .T. ) ;
#6401 = FACE_OUTER_BOUND ( 'NONE', #6909, .T. ) ;
#6402 = CARTESIAN_POINT ( 'NONE',  ( -715.5906403539565900, -28.95760524894873800, -747.0323087305509900 ) ) ;
#6403 = CARTESIAN_POINT ( 'NONE',  ( -916.1225732071532100, 25.97487875984856800, 105.6174376935817500 ) ) ;
#6404 = CARTESIAN_POINT ( 'NONE',  ( -132.8252715451609400, 282.4927481360350000, 239.9999999999999700 ) ) ;
#6405 = CARTESIAN_POINT ( 'NONE',  ( -721.1638438405121900, -28.50215867585657400, -123.2493405169230300 ) ) ;
#6406 = CARTESIAN_POINT ( 'NONE',  ( -1030.381391933529800, -0.4457067786498502500, 52.08518845337777500 ) ) ;
#6407 = CARTESIAN_POINT ( 'NONE',  ( -367.9313192756203000, 108.1367673492333400, -593.0918799415275100 ) ) ;
#6408 =( BOUNDED_CURVE ( )  B_SPLINE_CURVE ( 3, ( #3510, #1870, #3535, #4591 ),
 .UNSPECIFIED., .F., .F. ) 
 B_SPLINE_CURVE_WITH_KNOTS ( ( 4, 4 ),
 ( 4.422776726220848600, 4.496291664398969900 ),
 .UNSPECIFIED. ) 
 CURVE ( )  GEOMETRIC_REPRESENTATION_ITEM ( )  RATIONAL_B_SPLINE_CURVE ( ( 1.000000000000000000, 0.9995496801948379200, 0.9995496801948379200, 1.000000000000000000 ) ) 
 REPRESENTATION_ITEM ( '' )  );
#6409 = CARTESIAN_POINT ( 'NONE',  ( -860.0524336286268900, 36.16760311012000500, -114.4089845489030800 ) ) ;
#6410 = CARTESIAN_POINT ( 'NONE',  ( -551.7164464755410300, 168.1149348266866100, 655.0000000000000000 ) ) ;
#6411 = DIRECTION ( 'NONE',  ( -0.0000000000000000000, -1.000000000000000000, -0.0000000000000000000 ) ) ;
#6412 = CARTESIAN_POINT ( 'NONE',  ( -930.5784960259366000, 7.164169077462492700, -69.74646357959615300 ) ) ;
#6413 = CARTESIAN_POINT ( 'NONE',  ( -766.5251973323377100, -49.25060836388760100, 56.35446640037435600 ) ) ;
#6414 = CARTESIAN_POINT ( 'NONE',  ( -936.8207834206840500, 46.05178689512150900, -100.5730325133627200 ) ) ;
#6415 = VERTEX_POINT ( 'NONE', #976 ) ;
#6416 = CARTESIAN_POINT ( 'NONE',  ( -138.9969933611534400, 322.2979681307343200, 239.9999999999999700 ) ) ;
#6417 = B_SPLINE_SURFACE_WITH_KNOTS ( 'NONE', 3, 3, ( 
 ( #4114, #853, #1882, #6275, #5177, #4675 ),
 ( #2956, #6843, #3024, #5703, #2470, #1948 ),
 ( #5747, #2999, #6302, #2381, #290, #6209 ),
 ( #6825, #4071, #1400, #3550, #268, #5222 ) ),
 .UNSPECIFIED., .F., .F., .F.,
 ( 4, 4 ),
 ( 4, 1, 1, 4 ),
 ( 0.0000000000000000000, 1.000000000000000000 ),
 ( 0.0000000000000000000, 0.08409707550759747100, 0.1681940720496415700, 1.000000000000000000 ),
 .UNSPECIFIED. ) ;
#6418 = CARTESIAN_POINT ( 'NONE',  ( -184.6267484020535800, 310.2834448515030200, -137.9225819429058500 ) ) ;
#6419 = B_SPLINE_CURVE_WITH_KNOTS ( 'NONE', 3,
 ( #6641, #2881, #5065, #5648, #663, #2320, #3361 ),
 .UNSPECIFIED., .F., .F.,
 ( 4, 1, 1, 1, 4 ),
 ( 0.0000000000000000000, 0.1490010684283051300, 0.3542303876842902700, 0.5841602856976757500, 1.000000000000000000 ),
 .UNSPECIFIED. ) ;
#6420 = CARTESIAN_POINT ( 'NONE',  ( -21.51638725317699000, 299.2515027416213200, 143.9684056197132800 ) ) ;
#6421 = CARTESIAN_POINT ( 'NONE',  ( -322.1861935387366300, 90.00000000000000000, -894.2688876573925000 ) ) ;
#6422 = CARTESIAN_POINT ( 'NONE',  ( -509.5312497004276200, 4.765482769164802500, -70.48636094608578200 ) ) ;
#6423 = EDGE_CURVE ( 'NONE', #2503, #3958, #936, .T. ) ;
#6424 = CARTESIAN_POINT ( 'NONE',  ( -772.6855486305775000, 101.8083559552814400, -119.4279622270934200 ) ) ;
#6425 = CARTESIAN_POINT ( 'NONE',  ( -174.6011917701644900, 287.5351375828349200, 239.9999999999999700 ) ) ;
#6426 = DIRECTION ( 'NONE',  ( -0.0000000000000000000, -1.000000000000000000, -0.0000000000000000000 ) ) ;
#6427 = CARTESIAN_POINT ( 'NONE',  ( -140.9751964102819100, 281.4689614035816000, 240.0000000000000000 ) ) ;
#6428 = CARTESIAN_POINT ( 'NONE',  ( -15.44478176185834600, 297.6597403617865900, -144.1707924694238700 ) ) ;
#6429 = CARTESIAN_POINT ( 'NONE',  ( -1012.795966358685000, 0.5426053827606932600, 28.72853827697104000 ) ) ;
#6430 = CARTESIAN_POINT ( 'NONE',  ( -939.5870448557457200, -44.47907115696418900, 63.66822034062012400 ) ) ;
#6431 = CARTESIAN_POINT ( 'NONE',  ( -693.7416788832711100, 40.39804840806833400, 655.0000000000000000 ) ) ;
#6432 = CARTESIAN_POINT ( 'NONE',  ( -801.4150016023038500, -73.21928833898205400, 0.0000000000000000000 ) ) ;
#6433 = CARTESIAN_POINT ( 'NONE',  ( -930.0954376987299400, 7.164169077462492700, -49.73625532188117400 ) ) ;
#6434 = ORIENTED_EDGE ( 'NONE', *, *, #4625, .T. ) ;
#6435 = CARTESIAN_POINT ( 'NONE',  ( -917.7907936681411900, 58.14611993047839900, -104.6190166580202300 ) ) ;
#6436 = CARTESIAN_POINT ( 'NONE',  ( -158.2232870660408800, 322.1084797309914100, 240.0000000000000600 ) ) ;
#6437 = B_SPLINE_CURVE_WITH_KNOTS ( 'NONE', 3,
 ( #2368, #3454, #796, #4569, #5123, #6763, #3497 ),
 .UNSPECIFIED., .F., .F.,
 ( 4, 1, 1, 1, 4 ),
 ( 0.0000000000000000000, 0.1490010684283051300, 0.3542303876842902700, 0.5841602856976757500, 1.000000000000000000 ),
 .UNSPECIFIED. ) ;
#6438 = DIRECTION ( 'NONE',  ( -0.9995115994824671500, 0.0000000000000000000, 0.03125000000000002800 ) ) ;
#6439 = CARTESIAN_POINT ( 'NONE',  ( -723.6193010487612600, -38.68068962038901000, -36.91515317970814200 ) ) ;
#6440 = CARTESIAN_POINT ( 'NONE',  ( -184.6267484020529300, 296.8509855691290200, -239.9999999999997700 ) ) ;
#6441 = ORIENTED_EDGE ( 'NONE', *, *, #4150, .T. ) ;
#6442 = CARTESIAN_POINT ( 'NONE',  ( -478.6549489604646500, 42.20597046175941400, 452.4094041803679100 ) ) ;
#6443 = ORIENTED_EDGE ( 'NONE', *, *, #5853, .T. ) ;
#6444 = CARTESIAN_POINT ( 'NONE',  ( -986.1906288232471500, 2.037842363678421100, -61.06077157645003000 ) ) ;
#6445 = CARTESIAN_POINT ( 'NONE',  ( -1.567373681823751200E-013, 400.0000000000000000, -239.9999999999998900 ) ) ;
#6446 = CARTESIAN_POINT ( 'NONE',  ( -180.8376667170870200, 292.4773674689500900, 240.0000000000000600 ) ) ;
#6447 = ORIENTED_EDGE ( 'NONE', *, *, #338, .T. ) ;
#6448 = DIRECTION ( 'NONE',  ( 0.0000000000000000000, 1.000000000000000000, 0.0000000000000000000 ) ) ;
#6449 = CARTESIAN_POINT ( 'NONE',  ( -138.0675042549842700, 281.8184277924197000, 240.0000000000000300 ) ) ;
#6450 = CARTESIAN_POINT ( 'NONE',  ( -322.1861935387366300, 90.00000000000000000, -894.2688876573925000 ) ) ;
#6451 = ORIENTED_EDGE ( 'NONE', *, *, #3427, .F. ) ;
#6452 = DIRECTION ( 'NONE',  ( 0.0000000000000000000, 1.000000000000000000, 0.0000000000000000000 ) ) ;
#6453 = EDGE_LOOP ( 'NONE', ( #6010, #2554, #4461, #4694 ) ) ;
#6454 = CARTESIAN_POINT ( 'NONE',  ( -531.9501749664385700, -5.650588350028089100, -69.73714230385326100 ) ) ;
#6455 = CARTESIAN_POINT ( 'NONE',  ( -874.6490849887925400, 31.05004079847465800, -112.6839159416800700 ) ) ;
#6456 = CARTESIAN_POINT ( 'NONE',  ( -978.2096096027627300, 55.64353348873437700, 63.86921591008125200 ) ) ;
#6457 = CARTESIAN_POINT ( 'NONE',  ( -1014.400457403709300, 0.4524319601203406500, 23.83940960244698500 ) ) ;
#6458 = CARTESIAN_POINT ( 'NONE',  ( -349.7802306235590800, 33.99164629527340500, 882.4973492124212300 ) ) ;
#6459 = CARTESIAN_POINT ( 'NONE',  ( -916.7134592188858700, 54.53435019948024400, -105.4749109226796300 ) ) ;
#6460 = CARTESIAN_POINT ( 'NONE',  ( -1005.401007753971300, 0.9582067846747253100, 42.93407611499536400 ) ) ;
#6461 = CARTESIAN_POINT ( 'NONE',  ( -172.2533574967570200, 317.7160976679936100, 239.9999999999999400 ) ) ;
#6462 = EDGE_CURVE ( 'NONE', #23, #4377, #5381, .T. ) ;
#6463 = CARTESIAN_POINT ( 'NONE',  ( -1021.074700142277700, 20.99602887136783000, 56.80099378340646900 ) ) ;
#6464 = CARTESIAN_POINT ( 'NONE',  ( -731.8165205886824700, 51.45799681608176000, 120.2917345085304800 ) ) ;
#6465 = CARTESIAN_POINT ( 'NONE',  ( -413.4222416891278700, 71.91118529648198900, -453.0067876111058400 ) ) ;
#6466 = B_SPLINE_CURVE_WITH_KNOTS ( 'NONE', 3,
 ( #6762, #3431, #1807, #1825, #6156, #3496, #4030, #732, #6198, #3414, #6720, #2883, #5686, #3453, #1253, #2920, #4008, #160, #5101, #5610, #5630, #2345, #6175, #5650, #2366, #6700, #770, #139, #750, #4526, #4568, #2904, #1294, #1845, #4589 ),
 .UNSPECIFIED., .F., .F.,
 ( 4, 2, 2, 2, 2, 2, 1, 2, 2, 2, 2, 2, 2, 2, 2, 2, 2, 4 ),
 ( -0.0002906752595426948500, 0.0009419966197500599300, 0.002174668499042814700, 0.004640012257628336000, 0.005872684136921076500, 0.007105356016213816900, 0.009570699774799318700, 0.01203604353338482000, 0.01326871541267759000, 0.01450138729197036000, 0.01943207480914139300, 0.02189741856772692600, 0.02313009044701968400, 0.02436276232631243500, 0.02929344984348350100, 0.03175879360206902000, 0.03422413736065454300, 0.03915482487782565000 ),
 .UNSPECIFIED. ) ;
#6467 = FACE_BOUND ( 'NONE', #1563, .T. ) ;
#6468 = CARTESIAN_POINT ( 'NONE',  ( -396.7006316504052300, 94.88199682567851300, 509.9181256018205800 ) ) ;
#6469 = PRESENTATION_LAYER_ASSIGNMENT (  '', '', ( #87 ) ) ;
#6470 = CARTESIAN_POINT ( 'NONE',  ( -469.0710157804053900, 28.03962429833554300, -71.65342119842550500 ) ) ;
#6471 = DIRECTION ( 'NONE',  ( 0.9108497937590158700, 0.1391731009600654900, 0.3885659547339650500 ) ) ;
#6472 = CARTESIAN_POINT ( 'NONE',  ( -159.2187432957772200, 282.0777458773092700, 240.0000000000000600 ) ) ;
#6473 = CARTESIAN_POINT ( 'NONE',  ( -180.5426152707339300, 286.9941512753984500, -138.6675313524613400 ) ) ;
#6474 = LINE ( 'NONE', #5826, #915 ) ;
#6475 = CARTESIAN_POINT ( 'NONE',  ( -916.1761530242782800, 26.27102378859763500, -105.6062142766411800 ) ) ;
#6476 = EDGE_CURVE ( 'NONE', #6629, #5852, #5365, .T. ) ;
#6477 = CARTESIAN_POINT ( 'NONE',  ( -140.6028232404625600, 281.5108796864503800, 240.0000000000000300 ) ) ;
#6478 = CARTESIAN_POINT ( 'NONE',  ( -96.17735229395033500, 311.5439272937064200, -141.4797067850208000 ) ) ;
#6479 = CARTESIAN_POINT ( 'NONE',  ( 465.9699137599472500, -101.6600000000000000, 1100.000000000000000 ) ) ;
#6480 = CARTESIAN_POINT ( 'NONE',  ( -401.1905413302769700, 86.53296445258416700, -509.9370181447180200 ) ) ;
#6481 = DIRECTION ( 'NONE',  ( -0.0000000000000000000, -1.000000000000000000, -0.0000000000000000000 ) ) ;
#6482 = LINE ( 'NONE', #4007, #5695 ) ;
#6483 = CARTESIAN_POINT ( 'NONE',  ( -1009.315001393105800, 0.7382378395517401600, 36.56371715840501200 ) ) ;
#6484 = CARTESIAN_POINT ( 'NONE',  ( -342.6364562004772000, 111.5216994009667200, 650.0000000000000000 ) ) ;
#6485 = EDGE_LOOP ( 'NONE', ( #1872, #4907, #2407, #1436 ) ) ;
#6486 = CARTESIAN_POINT ( 'NONE',  ( -930.0000000000558200, 6.857983858691626200, -69.73844108900407000 ) ) ;
#6487 = ORIENTED_EDGE ( 'NONE', *, *, #3077, .F. ) ;
#6488 = LINE ( 'NONE', #1375, #2440 ) ;
#6489 = CARTESIAN_POINT ( 'NONE',  ( -768.6627514240499300, 23.42730997547047500, 64.49320997024270200 ) ) ;
#6490 = CARTESIAN_POINT ( 'NONE',  ( -876.6827469256780900, 30.41360020472272300, 112.4121479673280400 ) ) ;
#6491 = CARTESIAN_POINT ( 'NONE',  ( -769.4401581319072000, 22.58191657042314300, 54.79639682093549900 ) ) ;
#6492 = CARTESIAN_POINT ( 'NONE',  ( -160.3635184798018800, 321.6921441375711800, 239.9999999999999400 ) ) ;
#6493 = B_SPLINE_CURVE_WITH_KNOTS ( 'NONE', 3,
 ( #6577, #4856, #5473, #4927 ),
 .UNSPECIFIED., .F., .F.,
 ( 4, 4 ),
 ( 0.0000000000000000000, 0.006021198825662623500 ),
 .UNSPECIFIED. ) ;
#6494 = EDGE_LOOP ( 'NONE', ( #5462, #4834, #4347, #1482 ) ) ;
#6495 = CARTESIAN_POINT ( 'NONE',  ( -715.5413182953736900, -28.65466929401487700, -766.0849721277561500 ) ) ;
#6496 = CARTESIAN_POINT ( 'NONE',  ( -984.7083298120189700, 53.35580670079801300, 85.22959943904456300 ) ) ;
#6497 = FACE_OUTER_BOUND ( 'NONE', #4217, .T. ) ;
#6498 = FACE_OUTER_BOUND ( 'NONE', #1015, .T. ) ;
#6499 = CARTESIAN_POINT ( 'NONE',  ( -998.1388885927550500, 22.00633187007248300, -77.90512235633939000 ) ) ;
#6500 = CARTESIAN_POINT ( 'NONE',  ( -1027.487820284098500, 26.36794464256711400, -45.46422985452754500 ) ) ;
#6501 = CARTESIAN_POINT ( 'NONE',  ( -729.3327099301161500, 29.68371209194455000, -107.4673683748021600 ) ) ;
#6502 = CARTESIAN_POINT ( 'NONE',  ( -150.9426933981997400, 281.0580169883807000, 239.9999999999999700 ) ) ;
#6503 = EDGE_CURVE ( 'NONE', #6261, #4564, #5758, .T. ) ;
#6504 = CARTESIAN_POINT ( 'NONE',  ( -183.0589965845883300, 290.4453153110001700, -138.5836519753328800 ) ) ;
#6505 = ORIENTED_EDGE ( 'NONE', *, *, #115, .T. ) ;
#6506 = CARTESIAN_POINT ( 'NONE',  ( -439.1462530178468500, 37.67462355119052100, -853.9816959920973400 ) ) ;
#6507 = CARTESIAN_POINT ( 'NONE',  ( -145.1092144783944800, 281.1035127863676700, 239.9999999999999100 ) ) ;
#6508 = CARTESIAN_POINT ( 'NONE',  ( -706.7668926889495000, 7.809641298080326700, -801.9693845669907000 ) ) ;
#6509 = CARTESIAN_POINT ( 'NONE',  ( -1010.856391224734600, 0.6516107454510896600, 33.48805867875242400 ) ) ;
#6510 = AXIS2_PLACEMENT_3D ( 'NONE', #3473, #2429, #6786 ) ;
#6511 = CARTESIAN_POINT ( 'NONE',  ( -605.0299687486865400, -5.086740047754328300, 479.9023568143828700 ) ) ;
#6512 = CARTESIAN_POINT ( 'NONE',  ( -1010.852932725354000, 0.6518051153276436200, -33.49576159998505900 ) ) ;
#6513 = VERTEX_POINT ( 'NONE', #3316 ) ;
#6514 = CARTESIAN_POINT ( 'NONE',  ( -712.1025273131466500, -11.31932549621521600, 792.9828681428890600 ) ) ;
#6515 = CARTESIAN_POINT ( 'NONE',  ( -516.9640403478546200, 35.99228126104556900, 843.2852487090509600 ) ) ;
#6516 = CARTESIAN_POINT ( 'NONE',  ( -466.7107338811861200, -69.24084322058334400, 655.0000000000000000 ) ) ;
#6517 = CARTESIAN_POINT ( 'NONE',  ( -1020.631920869481100, 0.1022197289525001600, 57.37009663405524400 ) ) ;
#6518 = CARTESIAN_POINT ( 'NONE',  ( -675.5008561801989800, 74.22880941641467700, -650.0000000000000000 ) ) ;
#6519 = CARTESIAN_POINT ( 'NONE',  ( -168.0420288320277700, 319.4910062326945900, 239.9999999999999700 ) ) ;
#6520 = CARTESIAN_POINT ( 'NONE',  ( -342.6364562004772000, 111.5216994009667200, 650.0000000000000000 ) ) ;
#6521 = CARTESIAN_POINT ( 'NONE',  ( -345.2162486971475300, 117.3747192612501500, 650.0000000000000000 ) ) ;
#6522 = EDGE_CURVE ( 'NONE', #3491, #4424, #4770, .T. ) ;
#6523 = CARTESIAN_POINT ( 'NONE',  ( -981.2416451011426900, 2.315978413137315800, -86.47034063728158100 ) ) ;
#6524 = EDGE_CURVE ( 'NONE', #4338, #5898, #5313, .T. ) ;
#6525 = CARTESIAN_POINT ( 'NONE',  ( -728.6948296965529200, 26.57218991195626500, -95.30066013804095300 ) ) ;
#6526 = CARTESIAN_POINT ( 'NONE',  ( -156.5514194903700500, 281.6186007786154700, 239.9999999999999700 ) ) ;
#6527 = CARTESIAN_POINT ( 'NONE',  ( -696.5525605907316700, 34.37610153710657100, -650.5168418292771500 ) ) ;
#6528 =( BOUNDED_CURVE ( )  B_SPLINE_CURVE ( 3, ( #4972, #4380, #3409, #707 ),
 .UNSPECIFIED., .F., .F. ) 
 B_SPLINE_CURVE_WITH_KNOTS ( ( 4, 4 ),
 ( 0.6612005025985501200, 1.241315980897927300 ),
 .UNSPECIFIED. ) 
 CURVE ( )  GEOMETRIC_REPRESENTATION_ITEM ( )  RATIONAL_B_SPLINE_CURVE ( ( 1.000000000000000000, 0.9721515755180505400, 0.9721515755180505400, 1.000000000000000000 ) ) 
 REPRESENTATION_ITEM ( '' )  );
#6529 = CARTESIAN_POINT ( 'NONE',  ( -605.6914360043728000, 12.37727947998290800, 479.9023568143828700 ) ) ;
#6530 = CARTESIAN_POINT ( 'NONE',  ( -517.0168036593873900, 35.99165351456834800, -843.2826395117026500 ) ) ;
#6531 = B_SPLINE_SURFACE_WITH_KNOTS ( 'NONE', 3, 1, ( 
 ( #3055, #1971 ),
 ( #3164, #6433 ),
 ( #5879, #5355 ),
 ( #2053, #2577 ),
 ( #5775, #2609 ),
 ( #402, #3627 ),
 ( #5829, #879 ),
 ( #1480, #913 ),
 ( #6872, #3682 ),
 ( #6896, #6982 ),
 ( #3706, #431 ),
 ( #5252, #4809 ),
 ( #4728, #5307 ),
 ( #2004, #4224 ),
 ( #1452, #6385 ),
 ( #6953, #6929 ),
 ( #961, #5806 ),
 ( #5280, #3655 ),
 ( #4788, #5858 ),
 ( #1505, #4247 ),
 ( #5329, #3110 ),
 ( #4702, #3137 ),
 ( #2521, #6352 ),
 ( #378, #988 ),
 ( #3084, #4197 ),
 ( #940, #1531 ),
 ( #4760, #3597 ),
 ( #318, #4143 ),
 ( #2028, #6412 ),
 ( #2133, #4352 ),
 ( #7104, #1012 ) ),
 .UNSPECIFIED., .F., .F., .F.,
 ( 4, 1, 1, 1, 1, 1, 1, 1, 1, 1, 1, 1, 1, 1, 1, 1, 1, 1, 1, 1, 1, 1, 1, 1, 1, 1, 1, 1, 4 ),
 ( 2, 2 ),
 ( 0.0000000000000000000, 0.008963183152682519000, 0.01791566843147318600, 0.02685813342854692600, 0.03579113212455320400, 0.04471511158140684100, 0.05363042876970236500, 0.06253736750800365000, 0.09393627246238844800, 0.1252309910192004300, 0.1582758663120358300, 0.1875832646846012900, 0.2501956511385704500, 0.3142821791013650200, 0.3749987298224826100, 0.4379049496654140400, 0.4998308325769127400, 0.5620630051853388000, 0.6247753660083329400, 0.6857340499023368800, 0.7498276971185194900, 0.8083249665310772200, 0.8746921272485900200, 0.9042795344645144800, 0.9370396634042442700, 0.9497477520125671100, 0.9644720020107473400, 0.9812195165728187000, 1.000000000000000000 ),
 ( 0.0000000000000000000, 1.000000000000000000 ),
 .UNSPECIFIED. ) ;
#6532 = CARTESIAN_POINT ( 'NONE',  ( -99.52395713754170000, 286.8624078363728200, 239.9999999999999100 ) ) ;
#6533 = CARTESIAN_POINT ( 'NONE',  ( -183.2427149427074900, 302.8446467139191900, -138.5775280300622400 ) ) ;
#6534 = VERTEX_POINT ( 'NONE', #1098 ) ;
#6535 = CARTESIAN_POINT ( 'NONE',  ( -698.3219601143353000, 30.36060382526991900, 841.3293489612111700 ) ) ;
#6536 = ORIENTED_EDGE ( 'NONE', *, *, #6246, .T. ) ;
#6537 = CARTESIAN_POINT ( 'NONE',  ( -937.5036975170894500, -42.98863280890582000, -52.77419393107794600 ) ) ;
#6538 = CARTESIAN_POINT ( 'NONE',  ( -721.0375125829706300, -43.02027741034836300, -0.0000000000000000000 ) ) ;
#6539 = CARTESIAN_POINT ( 'NONE',  ( -770.0781440828610600, -48.81333152918462300, -54.73844108900409100 ) ) ;
#6540 = CARTESIAN_POINT ( 'NONE',  ( -932.6399577996941200, 6.599447737079009000, -69.47398665261272300 ) ) ;
#6541 = VERTEX_POINT ( 'NONE', #3251 ) ;
#6542 = ORIENTED_EDGE ( 'NONE', *, *, #4042, .T. ) ;
#6543 = PRODUCT_DEFINITION_CONTEXT ( 'detailed design', #3436, 'design' ) ;
#6544 = DIRECTION ( 'NONE',  ( -0.0000000000000000000, -1.000000000000000000, -0.0000000000000000000 ) ) ;
#6545 = CARTESIAN_POINT ( 'NONE',  ( -862.5200700715798800, 35.17257364488724400, 114.1447627148358800 ) ) ;
#6546 = CARTESIAN_POINT ( 'NONE',  ( -167.3081383807168500, 319.7548387590129000, 239.9999999999999700 ) ) ;
#6547 = ORIENTED_EDGE ( 'NONE', *, *, #608, .F. ) ;
#6548 = CARTESIAN_POINT ( 'NONE',  ( -5.573319583618285800E-011, 120.1544563829932000, -122.8524595691526300 ) ) ;
#6549 = CARTESIAN_POINT ( 'NONE',  ( -823.4214518720573300, -51.75754870041144100, 66.40623400834317600 ) ) ;
#6550 = ORIENTED_EDGE ( 'NONE', *, *, #1991, .T. ) ;
#6551 = EDGE_CURVE ( 'NONE', #5205, #1943, #3918, .T. ) ;
#6552 = ORIENTED_EDGE ( 'NONE', *, *, #4135, .T. ) ;
#6553 = CARTESIAN_POINT ( 'NONE',  ( -597.1016027295113400, -29.19774388879194400, 36.89934711224464100 ) ) ;
#6554 = CARTESIAN_POINT ( 'NONE',  ( -707.6635419309777700, 4.958084258317585500, -912.8622417098479200 ) ) ;
#6555 = ORIENTED_EDGE ( 'NONE', *, *, #493, .T. ) ;
#6556 = CARTESIAN_POINT ( 'NONE',  ( -494.6848649354404900, 50.80317598489592300, 650.0000000000000000 ) ) ;
#6557 = CARTESIAN_POINT ( 'NONE',  ( -349.7802306235590200, 33.99164629527348300, -882.4973492124210000 ) ) ;
#6558 = ORIENTED_EDGE ( 'NONE', *, *, #1029, .F. ) ;
#6559 = CARTESIAN_POINT ( 'NONE',  ( -64.18805191142465100, 291.8117050487274500, 239.9999999999999400 ) ) ;
#6560 = CARTESIAN_POINT ( 'NONE',  ( -705.0318725017001500, 13.04445947321442900, 812.6453939824086800 ) ) ;
#6561 = FACE_OUTER_BOUND ( 'NONE', #4781, .T. ) ;
#6562 = CARTESIAN_POINT ( 'NONE',  ( -940.2345171539867600, -42.57602723213304300, -58.40906013937043900 ) ) ;
#6563 = CARTESIAN_POINT ( 'NONE',  ( -767.6418924300758100, -48.61147614149101800, -64.02579573610897500 ) ) ;
#6564 = CARTESIAN_POINT ( 'NONE',  ( -940.0484129154273200, 5.873923543841884000, -62.06784654588497600 ) ) ;
#6565 = VECTOR ( 'NONE', #2822, 1000.000000000000000 ) ;
#6566 = CARTESIAN_POINT ( 'NONE',  ( 465.9699137599472500, -201.6600000000000000, -1100.000000000000000 ) ) ;
#6567 = CARTESIAN_POINT ( 'NONE',  ( -707.6329140087041200, 5.057472162087048400, -806.1456689356795100 ) ) ;
#6568 = DIRECTION ( 'NONE',  ( 0.0000000000000000000, -1.000000000000000000, 0.0000000000000000000 ) ) ;
#6569 = EDGE_CURVE ( 'NONE', #2922, #1771, #5191, .T. ) ;
#6570 = LINE ( 'NONE', #5384, #5358 ) ;
#6571 = CARTESIAN_POINT ( 'NONE',  ( -969.8308515967182800, 2.957272304234565200, -68.79590352574899700 ) ) ;
#6572 = AXIS2_PLACEMENT_3D ( 'NONE', #5979, #4369, #4300 ) ;
#6573 = CARTESIAN_POINT ( 'NONE',  ( -729.0542768836836600, 26.53698324128182800, 95.29295773136847500 ) ) ;
#6574 = CARTESIAN_POINT ( 'NONE',  ( -765.8750742251767200, 22.93105206289046500, 62.20493807403948200 ) ) ;
#6575 = CARTESIAN_POINT ( 'NONE',  ( -939.2411643676848600, -42.75922364905557800, 64.26407126182530800 ) ) ;
#6576 = CARTESIAN_POINT ( 'NONE',  ( -733.6829613508962200, 121.4735770468929300, -119.6004556858396300 ) ) ;
#6577 = CARTESIAN_POINT ( 'NONE',  ( -1007.589910239763600, 0.8351890653911342400, -39.56955737032578200 ) ) ;
#6578 = DIRECTION ( 'NONE',  ( 1.000000000000000000, 2.610927889176040600E-016, 0.0000000000000000000 ) ) ;
#6579 = CARTESIAN_POINT ( 'NONE',  ( -113.8150550061754000, 284.9638491362790100, 239.9999999999999400 ) ) ;
#6580 = CARTESIAN_POINT ( 'NONE',  ( -160.7940353182829700, 316.4528543878283200, -139.3258173508763800 ) ) ;
#6581 = ORIENTED_EDGE ( 'NONE', *, *, #6551, .F. ) ;
#6582 = CARTESIAN_POINT ( 'NONE',  ( -697.2163918740085400, 32.89082763337528800, 858.2985787232438500 ) ) ;
#6583 = CARTESIAN_POINT ( 'NONE',  ( -938.3670337730620800, -42.85657279283491800, -53.79563132839372500 ) ) ;
#6584 = CARTESIAN_POINT ( 'NONE',  ( -258.7992690864780900, 213.7750709259654500, 650.0000000000000000 ) ) ;
#6585 = CARTESIAN_POINT ( 'NONE',  ( -708.6674478287523000, 1.621624252499366500, 664.2146242054324100 ) ) ;
#6586 = DIRECTION ( 'NONE',  ( -0.8361423757859027800, 0.0000000000000000000, 0.5485124678757139500 ) ) ;
#6587 = VECTOR ( 'NONE', #1764, 1000.000000000000000 ) ;
#6588 = VERTEX_POINT ( 'NONE', #546 ) ;
#6589 = CARTESIAN_POINT ( 'NONE',  ( -173.4363512790412500, 317.1090687183049700, 239.9999999999999100 ) ) ;
#6590 = CARTESIAN_POINT ( 'NONE',  ( -714.7616621900266400, -24.07596291090748200, -775.8048702260682600 ) ) ;
#6591 = CARTESIAN_POINT ( 'NONE',  ( -547.1009680391321100, 22.47362112785342300, -451.8120207496300500 ) ) ;
#6592 = B_SPLINE_CURVE_WITH_KNOTS ( 'NONE', 3,
 ( #6615, #545, #2188, #4379, #3340, #4949, #1097, #1666, #2212, #3408, #1190, #3905, #6696, #3360, #4454, #728, #3983, #5017, #2916, #6193, #1762, #1737, #5626, #640, #2362, #3428, #2880, #4541, #2902, #5566, #118, #2280, #4522, #5040, #3967, #3946, #2342, #156, #1273, #3930, #6170, #135, #6107, #5585, #2304, #6153, #706, #3449 ),
 .UNSPECIFIED., .F., .F.,
 ( 4, 2, 2, 2, 2, 2, 2, 2, 2, 2, 2, 2, 2, 2, 2, 2, 2, 2, 2, 2, 2, 2, 2, 4 ),
 ( 1.551583845779545700E-017, 0.006617936109172120600, 0.01323587221834422600, 0.01654484027293027700, 0.01985380832751633100, 0.02647174443668843400, 0.03308968054586054100, 0.03970761665503264700, 0.04301658470961870100, 0.04632555276420476100, 0.04963452081879081400, 0.05128900484608384800, 0.05294348887337688200, 0.05625245692796294900, 0.05956142498254900200, 0.06617936109172112300, 0.07279729720089324300, 0.07610626525547931100, 0.07941523331006537800, 0.08603316941923748500, 0.09265110552840960500, 0.09596007358299560300, 0.09926904163758158700, 0.1058869777467537900 ),
 .UNSPECIFIED. ) ;
#6593 = CARTESIAN_POINT ( 'NONE',  ( -157.1660011963871900, 274.2102586960153900, -239.9999999999998900 ) ) ;
#6594 = ORIENTED_EDGE ( 'NONE', *, *, #5401, .T. ) ;
#6595 = CARTESIAN_POINT ( 'NONE',  ( -765.2644063370273700, 22.99085593832256400, 59.09770407545971700 ) ) ;
#6596 = EDGE_CURVE ( 'NONE', #3517, #2413, #5865, .T. ) ;
#6597 = CARTESIAN_POINT ( 'NONE',  ( -938.9180432313130500, -42.81304988425857500, 64.85088875770192400 ) ) ;
#6598 = CARTESIAN_POINT ( 'NONE',  ( -15.43573885313832900, 296.0470230436027900, -144.1710938997145800 ) ) ;
#6599 = CARTESIAN_POINT ( 'NONE',  ( -513.2675037780667300, 54.87322084212027600, 373.8383188011163200 ) ) ;
#6600 = CARTESIAN_POINT ( 'NONE',  ( -978.2096096027619300, 55.64353348873468300, -63.86921591007998000 ) ) ;
#6601 = CARTESIAN_POINT ( 'NONE',  ( -24.45836415436765800, 298.5736028476965200, 239.9999999999998900 ) ) ;
#6602 = CARTESIAN_POINT ( 'NONE',  ( -715.0761887291868100, -25.89993442396981400, 709.0089508509318000 ) ) ;
#6603 = CARTESIAN_POINT ( 'NONE',  ( -767.2501029580971600, -48.57146888820512500, -55.72229565620869400 ) ) ;
#6604 = APPLICATION_CONTEXT ( 'automotive_design' ) ;
#6605 = CARTESIAN_POINT ( 'NONE',  ( -180.9906337076540700, 311.3549651580600000, 138.6525974045642300 ) ) ;
#6606 = EDGE_CURVE ( 'NONE', #2491, #3422, #6528, .T. ) ;
#6607 = DIRECTION ( 'NONE',  ( 1.000000000000000000, -9.251858538542963900E-016, -0.0000000000000000000 ) ) ;
#6608 = EDGE_LOOP ( 'NONE', ( #4306, #4035, #4917, #3526 ) ) ;
#6609 = AXIS2_PLACEMENT_3D ( 'NONE', #2308, #3366, #4411 ) ;
#6610 = DIRECTION ( 'NONE',  ( 0.0000000000000000000, 0.0000000000000000000, 1.000000000000000000 ) ) ;
#6611 = CARTESIAN_POINT ( 'NONE',  ( -715.4873740225861000, -28.29992610913501100, -700.8970613502011700 ) ) ;
#6612 = CARTESIAN_POINT ( 'NONE',  ( -929.9999970323414100, 6.857984149325563500, 49.73844108900586700 ) ) ;
#6613 = CARTESIAN_POINT ( 'NONE',  ( -968.7664920615070500, 3.061507071272382900, -70.56873475339486400 ) ) ;
#6614 = EDGE_CURVE ( 'NONE', #191, #3279, #1342, .T. ) ;
#6615 = CARTESIAN_POINT ( 'NONE',  ( -1025.528095748797800, 24.49074053889320300, -49.74942052518628800 ) ) ;
#6616 = ORIENTED_EDGE ( 'NONE', *, *, #351, .F. ) ;
#6617 = CARTESIAN_POINT ( 'NONE',  ( -766.2241844022841000, 22.89686303486236300, 62.74338315269044100 ) ) ;
#6618 = ORIENTED_EDGE ( 'NONE', *, *, #5535, .T. ) ;
#6619 = CARTESIAN_POINT ( 'NONE',  ( -16.51613985825477800, 295.5641235119393900, -144.1350805328773100 ) ) ;
#6620 = CARTESIAN_POINT ( 'NONE',  ( -1005.289587861692300, 20.99602887136790500, 44.51969783023806600 ) ) ;
#6621 = CARTESIAN_POINT ( 'NONE',  ( -71.44273208879982900, 290.7598731572809900, 239.9999999999999400 ) ) ;
#6622 = CARTESIAN_POINT ( 'NONE',  ( -715.4447288401053100, -28.06697040041239100, 716.8424645588378300 ) ) ;
#6623 = VERTEX_POINT ( 'NONE', #2363 ) ;
#6624 = CARTESIAN_POINT ( 'NONE',  ( -133.7192937078643000, 321.6226091310654200, 140.2283087378905300 ) ) ;
#6625 = CARTESIAN_POINT ( 'NONE',  ( -713.8663487503413300, -19.44584221538666600, 782.9903893409161800 ) ) ;
#6626 = CARTESIAN_POINT ( 'NONE',  ( -930.1679308213646200, 6.841538071851249300, -49.73459504416813100 ) ) ;
#6627 = VERTEX_POINT ( 'NONE', #6195 ) ;
#6628 = CARTESIAN_POINT ( 'NONE',  ( -15.91830124969495800, 303.0397179202838100, 144.1550084864960000 ) ) ;
#6629 = VERTEX_POINT ( 'NONE', #158 ) ;
#6630 =( BOUNDED_CURVE ( )  B_SPLINE_CURVE ( 3, ( #662, #6717, #2838, #4476 ),
 .UNSPECIFIED., .F., .F. ) 
 B_SPLINE_CURVE_WITH_KNOTS ( ( 4, 4 ),
 ( 5.011113862347628800, 5.022970288449408300 ),
 .UNSPECIFIED. ) 
 CURVE ( )  GEOMETRIC_REPRESENTATION_ITEM ( )  RATIONAL_B_SPLINE_CURVE ( ( 1.000000000000000000, 0.9999882854643154000, 0.9999882854643154000, 1.000000000000000000 ) ) 
 REPRESENTATION_ITEM ( '' )  );
#6631 = DIRECTION ( 'NONE',  ( 1.000000000000000000, 2.610927889176040600E-016, 0.0000000000000000000 ) ) ;
#6632 = CARTESIAN_POINT ( 'NONE',  ( -708.6674478287523000, 1.621624252499361800, -664.2146242054323000 ) ) ;
#6633 = DIRECTION ( 'NONE',  ( 1.000000000000000000, 2.610927889176040600E-016, 0.0000000000000000000 ) ) ;
#6634 = CARTESIAN_POINT ( 'NONE',  ( -657.1477111387589500, -36.52210372559174100, -123.2738644042215400 ) ) ;
#6635 = B_SPLINE_CURVE_WITH_KNOTS ( 'NONE', 3,
 ( #4392, #4416, #1109, #80, #2728, #1201, #4935, #1703, #2774, #6603, #1155, #3348, #3304, #5005, #9, #3327, #4980, #3849, #59, #6091, #3891, #1130, #1679, #1725, #5501, #6047, #625, #5551, #3914, #4463, #1749, #5574, #5997, #6563, #1793, #164, #2349, #2926, #1258, #3952, #5130, #3418 ),
 .UNSPECIFIED., .F., .F.,
 ( 4, 2, 2, 2, 2, 2, 2, 2, 2, 2, 2, 2, 2, 2, 2, 2, 2, 2, 2, 2, 4 ),
 ( 1.131699347449450300E-016, 0.0004791289037718411600, 0.0009582578075435691300, 0.001916515615087025100, 0.002874773422630480700, 0.003353902326402338500, 0.003833031230174196300, 0.004791289037717926700, 0.005749546845261657000, 0.006707804652805386500, 0.007186933556577219600, 0.007666062460349051800, 0.008624320267892718000, 0.009582578075436382400, 0.01054083588298004900, 0.01149909369052373000, 0.01245735149806741200, 0.01341560930561109400, 0.01437386711315477700, 0.01485299601692661700, 0.01533212492069845800 ),
 .UNSPECIFIED. ) ;
#6636 = FACE_BOUND ( 'NONE', #2091, .T. ) ;
#6637 = EDGE_CURVE ( 'NONE', #660, #3790, #6419, .T. ) ;
#6638 = CARTESIAN_POINT ( 'NONE',  ( -931.0042028874405600, -44.47907115696418900, 69.72312358444455100 ) ) ;
#6639 = DIRECTION ( 'NONE',  ( 0.3923846148324007800, 0.0000000000000000000, 0.9198012361607417200 ) ) ;
#6640 = CARTESIAN_POINT ( 'NONE',  ( -507.2785082200171000, -3.378360235900620200, 70.37590193537735700 ) ) ;
#6641 = CARTESIAN_POINT ( 'NONE',  ( -721.1684343117491400, -36.89914864066234700, 0.0000000000000000000 ) ) ;
#6642 = CARTESIAN_POINT ( 'NONE',  ( -940.0472776314105700, -42.60225328241312300, 57.40406649872516500 ) ) ;
#6643 = CARTESIAN_POINT ( 'NONE',  ( -734.6921064682887800, 124.4159463903627500, -118.6275776337975000 ) ) ;
#6644 = CIRCLE ( 'NONE', #1020, 252.1184970328416200 ) ;
#6645 = AXIS2_PLACEMENT_3D ( 'NONE', #4107, #871, #336 ) ;
#6646 = PLANE ( 'NONE',  #6609 ) ;
#6647 = CARTESIAN_POINT ( 'NONE',  ( -916.1761530242782800, 52.78097960269511900, -105.6062142766411800 ) ) ;
#6648 = CARTESIAN_POINT ( 'NONE',  ( -928.3743774157940200, 25.60459821386072200, -102.9988923279159700 ) ) ;
#6649 = DIRECTION ( 'NONE',  ( -1.000000000000000000, -2.610927889176040600E-016, 0.0000000000000000000 ) ) ;
#6650 = LINE ( 'NONE', #808, #577 ) ;
#6651 = CARTESIAN_POINT ( 'NONE',  ( -713.4697463862526100, -17.52863790391624500, 785.5734218383171300 ) ) ;
#6652 =( BOUNDED_SURFACE ( )  B_SPLINE_SURFACE ( 3, 2, ( 
 ( #325, #2504, #6333 ),
 ( #6237, #3063, #6805 ),
 ( #2475, #5144, #4151 ),
 ( #3583, #2962, #6784 ) ),
 .UNSPECIFIED., .F., .F., .F. ) 
 B_SPLINE_SURFACE_WITH_KNOTS ( ( 4, 4 ),
 ( 3, 3 ),
 ( 4.808096964742087000, 4.919472212044270000 ),
 ( 0.0000000000000000000, 1.000000000000000000 ),
 .UNSPECIFIED. ) 
 GEOMETRIC_REPRESENTATION_ITEM ( )  RATIONAL_B_SPLINE_SURFACE ( (
 ( 1.000000000000000000, 0.7182380075418430800, 1.000000000000000000),
 ( 1.000000000000000000, 0.7225092902759918700, 1.000000000000000000),
 ( 1.000000000000000000, 0.7267194494450940300, 1.000000000000000000),
 ( 1.000000000000000000, 0.7308461844816095400, 1.000000000000000000) ) ) 
 REPRESENTATION_ITEM ( '' )  SURFACE ( )  );
#6653 = CARTESIAN_POINT ( 'NONE',  ( -178.1861452253120300, 314.0489323540597300, 138.7460803539756600 ) ) ;
#6654 = CARTESIAN_POINT ( 'NONE',  ( -931.3299015411521400, -43.91065604125822800, 49.78021668885429600 ) ) ;
#6655 = CARTESIAN_POINT ( 'NONE',  ( -35.66255148858737600, 307.6198040409879600, 143.4968668118663100 ) ) ;
#6656 = VECTOR ( 'NONE', #2034, 1000.000000000000000 ) ;
#6657 = CARTESIAN_POINT ( 'NONE',  ( -258.7992690864780300, -32.11215725859787500, 859.4693845669907000 ) ) ;
#6658 = ORIENTED_EDGE ( 'NONE', *, *, #3047, .T. ) ;
#6659 = CARTESIAN_POINT ( 'NONE',  ( -716.4850917178774800, -34.94053111857112300, -734.5280894563629800 ) ) ;
#6660 = CARTESIAN_POINT ( 'NONE',  ( -698.3699910248356000, 30.24741498548466700, -877.8549157970904800 ) ) ;
#6661 = EDGE_CURVE ( 'NONE', #3439, #1664, #5116, .T. ) ;
#6662 = FACE_OUTER_BOUND ( 'NONE', #2328, .T. ) ;
#6663 = CARTESIAN_POINT ( 'NONE',  ( -1008.712152117855200, 20.80367857178739000, 39.56955737032698300 ) ) ;
#6664 = CARTESIAN_POINT ( 'NONE',  ( -916.7134592188842800, 54.53435019948062000, 105.4749109226810600 ) ) ;
#6665 = ORIENTED_EDGE ( 'NONE', *, *, #6673, .F. ) ;
#6666 = FACE_OUTER_BOUND ( 'NONE', #3378, .T. ) ;
#6667 = CARTESIAN_POINT ( 'NONE',  ( -736.7074765593075700, 130.4192903715945400, -115.0506835282121900 ) ) ;
#6668 = CARTESIAN_POINT ( 'NONE',  ( -516.1611622597005200, 10.16888668989803100, 210.4185866888561500 ) ) ;
#6669 = CARTESIAN_POINT ( 'NONE',  ( -861.6342496577638000, 96.68124017129572700, -89.96129063427129300 ) ) ;
#6670 = ORIENTED_EDGE ( 'NONE', *, *, #636, .T. ) ;
#6671 =( NAMED_UNIT ( * ) PLANE_ANGLE_UNIT ( ) SI_UNIT ( $, .RADIAN. ) );
#6672 = B_SPLINE_CURVE_WITH_KNOTS ( 'NONE', 2,
 ( #5560, #6518, #90 ),
 .UNSPECIFIED., .F., .F.,
 ( 3, 3 ),
 ( 0.0000000000000000000, 1.000000000000000000 ),
 .UNSPECIFIED. ) ;
#6673 = EDGE_CURVE ( 'NONE', #3422, #1827, #2466, .T. ) ;
#6674 = EDGE_LOOP ( 'NONE', ( #5315, #1303, #4477, #1475, #5512, #96 ) ) ;
#6675 = CARTESIAN_POINT ( 'NONE',  ( -5.573319583618286500E-011, 131.6907423102409500, -140.6963142083843100 ) ) ;
#6676 = CARTESIAN_POINT ( 'NONE',  ( -1030.024134182208200, 23.10906259355152800, -42.24600841051668000 ) ) ;
#6677 = CARTESIAN_POINT ( 'NONE',  ( -357.3089448166258500, 36.40308763153177600, -873.9355724467851600 ) ) ;
#6678 = CARTESIAN_POINT ( 'NONE',  ( -801.6322291414305700, 400.0000000000000000, -441.3891037066828200 ) ) ;
#6679 = CARTESIAN_POINT ( 'NONE',  ( -918.5437199091361400, 60.97314538799251000, 103.5507658880144100 ) ) ;
#6680 = CARTESIAN_POINT ( 'NONE',  ( -957.6679311350740100, 24.00420353638592300, 94.47591096613183500 ) ) ;
#6681 = CARTESIAN_POINT ( 'NONE',  ( -340.2067582421399300, 32.56893566885652500, -886.5813655469403300 ) ) ;
#6682 = CARTESIAN_POINT ( 'NONE',  ( -739.4433708279610800, 139.6957626833236900, -95.70448686867337100 ) ) ;
#6683 = DIRECTION ( 'NONE',  ( 0.0000000000000000000, -0.0000000000000000000, 1.000000000000000000 ) ) ;
#6684 = CARTESIAN_POINT ( 'NONE',  ( -922.1652657300996900, 5.636108707266415300, -83.64304241334421900 ) ) ;
#6685 = CARTESIAN_POINT ( 'NONE',  ( -712.9738794143040600, -15.20638926044036200, 780.3228509424229700 ) ) ;
#6686 = B_SPLINE_CURVE_WITH_KNOTS ( 'NONE', 3,
 ( #5069, #4010, #5612, #2325 ),
 .UNSPECIFIED., .F., .F.,
 ( 4, 4 ),
 ( 4.163336342344337000E-017, 0.0002546338832175056300 ),
 .UNSPECIFIED. ) ;
#6687 = VERTEX_POINT ( 'NONE', #729 ) ;
#6688 = DIRECTION ( 'NONE',  ( -6.530723674265633100E-016, -0.0000000000000000000, -1.000000000000000000 ) ) ;
#6689 = CARTESIAN_POINT ( 'NONE',  ( -15.01232650353378500, 302.5462954133785200, 144.1852076447013900 ) ) ;
#6690 = AXIS2_PLACEMENT_3D ( 'NONE', #4651, #6251, #5157 ) ;
#6691 = CARTESIAN_POINT ( 'NONE',  ( -5.573319583618285200E-011, 133.1224548229027400, -141.5414775489616400 ) ) ;
#6692 = CARTESIAN_POINT ( 'NONE',  ( -1028.725447602919100, 37.86058052461051200, -38.83946955091381900 ) ) ;
#6693 = CARTESIAN_POINT ( 'NONE',  ( -697.2952484366500100, 32.71328819415810300, -864.9083275860757600 ) ) ;
#6694 = ORIENTED_EDGE ( 'NONE', *, *, #4645, .T. ) ;
#6695 = EDGE_LOOP ( 'NONE', ( #6542, #3460, #455, #3451 ) ) ;
#6696 = CARTESIAN_POINT ( 'NONE',  ( -1030.694514953006500, 34.34938801619277600, -21.40449740836212900 ) ) ;
#6697 = CARTESIAN_POINT ( 'NONE',  ( -14.62674840205269100, 302.0000000000000600, 239.9999999999999100 ) ) ;
#6698 = ORIENTED_EDGE ( 'NONE', *, *, #6750, .F. ) ;
#6699 = CARTESIAN_POINT ( 'NONE',  ( -770.0781440828610600, 22.51943738479926800, -54.73844108900409100 ) ) ;
#6700 = CARTESIAN_POINT ( 'NONE',  ( -730.3072835549878600, 37.27965236758888100, 115.8825713485719700 ) ) ;
#6701 = CARTESIAN_POINT ( 'NONE',  ( -413.4222416891278700, 71.91118529648198900, -453.0067876111058400 ) ) ;
#6702 = ORIENTED_EDGE ( 'NONE', *, *, #4334, .F. ) ;
#6703 = CARTESIAN_POINT ( 'NONE',  ( -707.9668462475953000, 3.970680263593843000, 668.6738732425182000 ) ) ;
#6704 = VERTEX_POINT ( 'NONE', #641 ) ;
#6705 = CARTESIAN_POINT ( 'NONE',  ( -729.5885947223563300, 26.48465647974861900, -120.3397264064596800 ) ) ;
#6706 = APPLICATION_PROTOCOL_DEFINITION ( 'draft international standard', 'automotive_design', 1998, #3436 ) ;
#6707 = ORIENTED_EDGE ( 'NONE', *, *, #5036, .F. ) ;
#6708 = CIRCLE ( 'NONE', #1242, 700.0000000000000000 ) ;
#6709 = DIRECTION ( 'NONE',  ( 0.0000000000000000000, 1.000000000000000000, 0.0000000000000000000 ) ) ;
#6710 = CARTESIAN_POINT ( 'NONE',  ( -1030.500444841677600, 34.86216924167715100, -19.24496342613655000 ) ) ;
#6711 = CARTESIAN_POINT ( 'NONE',  ( -5.573406319792084700E-011, 145.4327230323256400, -144.6856185281506600 ) ) ;
#6712 = CARTESIAN_POINT ( 'NONE',  ( -1036.276792708412600, 35.20230105949973900, -15.98880057305168400 ) ) ;
#6713 = CARTESIAN_POINT ( 'NONE',  ( -697.2206062459603100, 32.88131567052330700, -862.2771953460513700 ) ) ;
#6714 = CARTESIAN_POINT ( 'NONE',  ( -551.7164464755410300, 168.1149348266866100, 650.0000000000000000 ) ) ;
#6715 = EDGE_CURVE ( 'NONE', #3491, #714, #969, .T. ) ;
#6716 = VECTOR ( 'NONE', #6132, 1000.000000000000000 ) ;
#6717 = CARTESIAN_POINT ( 'NONE',  ( -707.3702955131855100, 5.910369557019837600, 914.2338333378565900 ) ) ;
#6718 =( BOUNDED_CURVE ( )  B_SPLINE_CURVE ( 3, ( #609, #2707, #4915, #5485 ),
 .UNSPECIFIED., .F., .F. ) 
 B_SPLINE_CURVE_WITH_KNOTS ( ( 4, 4 ),
 ( 1.469112146586250200, 1.549262254961220500 ),
 .UNSPECIFIED. ) 
 CURVE ( )  GEOMETRIC_REPRESENTATION_ITEM ( )  RATIONAL_B_SPLINE_CURVE ( ( 1.000000000000000000, 0.9994647349864550500, 0.9994647349864550500, 1.000000000000000000 ) ) 
 REPRESENTATION_ITEM ( '' )  );
#6719 = CARTESIAN_POINT ( 'NONE',  ( -766.7593747965331700, 22.84445081491237400, -56.13638687515913300 ) ) ;
#6720 = CARTESIAN_POINT ( 'NONE',  ( -728.9765666348811200, 27.51885365671584100, 102.2053446399284000 ) ) ;
#6721 = CARTESIAN_POINT ( 'NONE',  ( -658.0707898217590400, 71.86193051735823200, 650.0000000000000000 ) ) ;
#6722 = FACE_OUTER_BOUND ( 'NONE', #6103, .T. ) ;
#6723 = CARTESIAN_POINT ( 'NONE',  ( -823.4772595859218400, -51.29052545404716300, -66.40797885158203000 ) ) ;
#6724 = EDGE_CURVE ( 'NONE', #3958, #6158, #5289, .T. ) ;
#6725 = CARTESIAN_POINT ( 'NONE',  ( -767.7006262591858100, 23.42789570974004900, -55.42311966974517600 ) ) ;
#6726 = CARTESIAN_POINT ( 'NONE',  ( -728.9337412876578800, 26.54878752130800400, -95.29554848906605000 ) ) ;
#6727 = AXIS2_PLACEMENT_3D ( 'NONE', #1759, #4472, #1186 ) ;
#6728 = EDGE_LOOP ( 'NONE', ( #4774, #802, #3544, #1202 ) ) ;
#6729 = CARTESIAN_POINT ( 'NONE',  ( -345.2162486971475300, 117.3747192612501500, -650.0000000000000000 ) ) ;
#6730 = FACE_OUTER_BOUND ( 'NONE', #2263, .T. ) ;
#6731 = CARTESIAN_POINT ( 'NONE',  ( -1014.771351115827000, 0.4315874963502548400, -22.13125143839190700 ) ) ;
#6732 = EDGE_CURVE ( 'NONE', #4433, #5841, #5241, .T. ) ;
#6733 = CARTESIAN_POINT ( 'NONE',  ( -551.7164464755410300, 168.1149348266866100, 655.0000000000000000 ) ) ;
#6734 = CARTESIAN_POINT ( 'NONE',  ( -578.1410800271957000, 34.70691377323838400, -838.5869102943642000 ) ) ;
#6735 = CARTESIAN_POINT ( 'NONE',  ( -183.4210192997672100, 307.5992903104640300, 239.9999999999999400 ) ) ;
#6736 = ORIENTED_EDGE ( 'NONE', *, *, #3199, .F. ) ;
#6737 = CARTESIAN_POINT ( 'NONE',  ( -1021.074700142277500, 20.99602887136788700, -56.80099378340558800 ) ) ;
#6738 = EDGE_LOOP ( 'NONE', ( #6152, #5190, #4123, #1152, #2377, #3034 ) ) ;
#6739 = ADVANCED_FACE ( 'NONE', ( #2294 ), #7108, .T. ) ;
#6740 = CARTESIAN_POINT ( 'NONE',  ( -96.87469448290067900, 316.7805678313005700, 239.9999999999999400 ) ) ;
#6741 = ORIENTED_EDGE ( 'NONE', *, *, #3379, .F. ) ;
#6742 = CARTESIAN_POINT ( 'NONE',  ( -3.219254795445912100, 57.28146209495351100, -239.9999999999998900 ) ) ;
#6743 = DIRECTION ( 'NONE',  ( -0.6136994490979275100, -0.03449030143811548200, -0.7887860326372471100 ) ) ;
#6744 = CARTESIAN_POINT ( 'NONE',  ( -157.1660011963840300, 324.6407268731143200, 239.9999999999999100 ) ) ;
#6745 = ORIENTED_EDGE ( 'NONE', *, *, #6569, .T. ) ;
#6746 = CARTESIAN_POINT ( 'NONE',  ( -843.5366857629792300, -51.17451922384034900, -67.03514222653198800 ) ) ;
#6747 = CARTESIAN_POINT ( 'NONE',  ( -765.7934321333032100, -49.25061185733253700, -62.15786271454411600 ) ) ;
#6748 = CARTESIAN_POINT ( 'NONE',  ( -186.6375940985745700, 334.2984757141851400, 113.7865269289466700 ) ) ;
#6749 = AXIS2_PLACEMENT_3D ( 'NONE', #4731, #5832, #6386 ) ;
#6750 = EDGE_CURVE ( 'NONE', #6860, #2605, #2370, .T. ) ;
#6751 = CARTESIAN_POINT ( 'NONE',  ( -970.4037882827204800, 2.925072896146058400, 68.60026894045719800 ) ) ;
#6752 = CARTESIAN_POINT ( 'NONE',  ( -1030.586060720928800, 31.25276721074571300, -32.13955228785963700 ) ) ;
#6753 = CARTESIAN_POINT ( 'NONE',  ( -1037.646325068038800, 34.72018831021925700, -4.014916160718863500 ) ) ;
#6754 = DIRECTION ( 'NONE',  ( 1.000000000000000000, 0.0000000000000000000, 0.0000000000000000000 ) ) ;
#6755 = DIRECTION ( 'NONE',  ( 0.0000000000000000000, 0.0000000000000000000, -1.000000000000000000 ) ) ;
#6756 = PRODUCT_RELATED_PRODUCT_CATEGORY ( 'part', '', ( #5797 ) ) ;
#6757 = CARTESIAN_POINT ( 'NONE',  ( -731.8165205886452900, 400.0000000000000000, 120.2917345085317900 ) ) ;
#6758 = CARTESIAN_POINT ( 'NONE',  ( -916.5373241055170900, 52.65952509643106100, 105.5304585192929200 ) ) ;
#6759 = CARTESIAN_POINT ( 'NONE',  ( -113.5743971360233500, 319.0045234589901500, 239.9999999999999700 ) ) ;
#6760 = ORIENTED_EDGE ( 'NONE', *, *, #6596, .T. ) ;
#6761 = CARTESIAN_POINT ( 'NONE',  ( -765.2401902142017900, 22.99322746959346000, -59.41736793765744600 ) ) ;
#6762 = CARTESIAN_POINT ( 'NONE',  ( -728.6948296965165400, 26.57218991196057100, 95.30066013804292900 ) ) ;
#6763 = CARTESIAN_POINT ( 'NONE',  ( -497.9837345322556500, 56.56828094207282500, 576.1409615043545500 ) ) ;
#6764 = CARTESIAN_POINT ( 'NONE',  ( -766.8691952934900700, 22.83369588339003500, 63.45377964532089300 ) ) ;
#6765 = CARTESIAN_POINT ( 'NONE',  ( -876.9167811137726900, -50.20160361102779200, -68.07877991943360000 ) ) ;
#6766 = VERTEX_POINT ( 'NONE', #6714 ) ;
#6767 = ORIENTED_EDGE ( 'NONE', *, *, #3542, .T. ) ;
#6768 = DIRECTION ( 'NONE',  ( -0.1280115903033930700, 0.9902680687415703600, -0.05460938361524352700 ) ) ;
#6769 = ADVANCED_FACE ( 'NONE', ( #6666 ), #1106, .T. ) ;
#6770 = CARTESIAN_POINT ( 'NONE',  ( -544.9915765026678400, -77.57978771338689200, 1340.098464202395000 ) ) ;
#6771 = EDGE_LOOP ( 'NONE', ( #5379, #3520, #3951, #3288 ) ) ;
#6772 = EDGE_CURVE ( 'NONE', #4729, #71, #2725, .T. ) ;
#6773 = CARTESIAN_POINT ( 'NONE',  ( -931.6712417350329400, -43.86100605486663500, -49.82124399824523700 ) ) ;
#6774 = CARTESIAN_POINT ( 'NONE',  ( -1017.013426819989500, 0.3055814081953639500, -1.706896768676649200 ) ) ;
#6775 = ORIENTED_EDGE ( 'NONE', *, *, #4002, .F. ) ;
#6776 = CARTESIAN_POINT ( 'NONE',  ( -1038.623791459363200, 20.76436957200666500, -17.44327277259031900 ) ) ;
#6777 = CARTESIAN_POINT ( 'NONE',  ( -729.0542768836836600, 26.53698324128182800, 95.29295773136847500 ) ) ;
#6778 = ORIENTED_EDGE ( 'NONE', *, *, #6230, .T. ) ;
#6779 = CARTESIAN_POINT ( 'NONE',  ( -345.2162486971475300, 117.3747192612501500, -650.0000000000000000 ) ) ;
#6780 = ORIENTED_EDGE ( 'NONE', *, *, #5576, .T. ) ;
#6781 = CARTESIAN_POINT ( 'NONE',  ( -920.2903824219700900, 73.01051709191124000, 92.56665915915354500 ) ) ;
#6782 = CARTESIAN_POINT ( 'NONE',  ( -860.9502343962361700, 96.92203220215202500, 90.02740130938558100 ) ) ;
#6783 = CARTESIAN_POINT ( 'NONE',  ( -22.29831651478054900, 304.9324060176871300, 239.9999999999998600 ) ) ;
#6784 = CARTESIAN_POINT ( 'NONE',  ( -919.6985022082793600, 76.24103937728185100, -81.06458894969902900 ) ) ;
#6785 = CARTESIAN_POINT ( 'NONE',  ( -703.8464004710544900, 16.40490686581763300, -910.0035435306346000 ) ) ;
#6786 = DIRECTION ( 'NONE',  ( 0.3320534516538564100, -0.9432605712340359500, 0.0000000000000000000 ) ) ;
#6787 = CARTESIAN_POINT ( 'NONE',  ( -16.94467517308585200, 300.5606690885990100, 239.9999999999999400 ) ) ;
#6788 = CARTESIAN_POINT ( 'NONE',  ( -767.9768119110273100, 23.42789570974004900, -64.22119555543962100 ) ) ;
#6789 = CARTESIAN_POINT ( 'NONE',  ( -588.4213002791510700, 52.56242444261036400, -839.4787391688136000 ) ) ;
#6790 = FACE_OUTER_BOUND ( 'NONE', #6453, .T. ) ;
#6791 = CARTESIAN_POINT ( 'NONE',  ( -1030.396940639965400, 35.10116397286628900, -18.21142473874707000 ) ) ;
#6792 = FACE_OUTER_BOUND ( 'NONE', #6810, .T. ) ;
#6793 = CARTESIAN_POINT ( 'NONE',  ( -1020.631920869481100, 0.1022197289524580200, 57.37009663405524400 ) ) ;
#6794 = CARTESIAN_POINT ( 'NONE',  ( -1020.110940617832200, 40.89312197281354600, 22.44981282289272800 ) ) ;
#6795 = CARTESIAN_POINT ( 'NONE',  ( -966.0375125829712000, -38.04515784016415800, -0.0000000000000000000 ) ) ;
#6796 = CARTESIAN_POINT ( 'NONE',  ( -352.4986460716720600, 115.4119519339909600, -650.0000000000000000 ) ) ;
#6797 = ADVANCED_FACE ( 'NONE', ( #5465 ), #6417, .T. ) ;
#6798 = CARTESIAN_POINT ( 'NONE',  ( -919.5031764296189700, 76.11555795107496200, 84.27382608370443500 ) ) ;
#6799 = FACE_OUTER_BOUND ( 'NONE', #5562, .T. ) ;
#6800 = DIRECTION ( 'NONE',  ( 0.0000000000000000000, 0.0000000000000000000, -1.000000000000000000 ) ) ;
#6801 = CARTESIAN_POINT ( 'NONE',  ( -68.34507650166305800, 312.7911755255730700, 239.9999999999999700 ) ) ;
#6802 = EDGE_LOOP ( 'NONE', ( #2975, #365, #1229, #4528 ) ) ;
#6803 = EDGE_LOOP ( 'NONE', ( #6745, #7049, #1674, #5751 ) ) ;
#6804 = VECTOR ( 'NONE', #342, 1000.000000000000000 ) ;
#6805 = CARTESIAN_POINT ( 'NONE',  ( -880.6792016605444400, 89.97689755170338800, -88.13339504144764200 ) ) ;
#6806 = AXIS2_PLACEMENT_3D ( 'NONE', #6657, #6631, #3383 ) ;
#6807 = LINE ( 'NONE', #1576, #3559 ) ;
#6808 = CARTESIAN_POINT ( 'NONE',  ( -916.1234753870023700, 25.97750456936796900, -105.6172486092623800 ) ) ;
#6809 = EDGE_CURVE ( 'NONE', #3620, #4474, #5549, .T. ) ;
#6810 = EDGE_LOOP ( 'NONE', ( #269, #647, #4921, #6536 ) ) ;
#6811 = CIRCLE ( 'NONE', #2163, 112.5000000000000400 ) ;
#6812 = CARTESIAN_POINT ( 'NONE',  ( -616.9319087001731500, 22.69240075583843800, -451.2367140275673000 ) ) ;
#6813 = CARTESIAN_POINT ( 'NONE',  ( -765.7934321333032100, 23.42789570974004900, -62.15786271454411600 ) ) ;
#6814 = CARTESIAN_POINT ( 'NONE',  ( -861.8390839906575100, 95.78556868610391500, 96.33447868711157000 ) ) ;
#6815 = LINE ( 'NONE', #4962, #1939 ) ;
#6816 = DIRECTION ( 'NONE',  ( 0.0000000000000000000, 0.0000000000000000000, 1.000000000000000000 ) ) ;
#6817 = CARTESIAN_POINT ( 'NONE',  ( -920.0787926480002200, 74.87905651297954500, -88.73249411970213900 ) ) ;
#6818 = VERTEX_POINT ( 'NONE', #3525 ) ;
#6819 = CARTESIAN_POINT ( 'NONE',  ( -1087.772383252072600, -3.671117186494152800, 13.26011405990523300 ) ) ;
#6820 = ORIENTED_EDGE ( 'NONE', *, *, #4062, .F. ) ;
#6821 = CARTESIAN_POINT ( 'NONE',  ( -937.7427340304840300, 6.099723091349390300, 66.44659359822927100 ) ) ;
#6822 = CARTESIAN_POINT ( 'NONE',  ( -977.9970575583981800, 22.89356240254228300, 87.52448106196195000 ) ) ;
#6823 = CARTESIAN_POINT ( 'NONE',  ( -1004.503132905697700, 46.38749604251904700, 49.68666950093310700 ) ) ;
#6824 = CARTESIAN_POINT ( 'NONE',  ( -699.4652907510534300, 27.65803900239733800, -833.8913066434200800 ) ) ;
#6825 = CARTESIAN_POINT ( 'NONE',  ( -966.0375125829706300, -38.04515784016426500, 0.0000000000000000000 ) ) ;
#6826 = DIRECTION ( 'NONE',  ( -1.000000000000000000, 0.0000000000000000000, 0.0000000000000000000 ) ) ;
#6827 = CARTESIAN_POINT ( 'NONE',  ( -920.3039245909897100, 72.19268143819161300, 93.89606444129735500 ) ) ;
#6828 = CARTESIAN_POINT ( 'NONE',  ( -933.9236489272241200, -44.47907115696418900, 50.39001465470448700 ) ) ;
#6829 = ADVANCED_FACE ( 'NONE', ( #6995 ), #2937, .F. ) ;
#6830 = CARTESIAN_POINT ( 'NONE',  ( -99.26773476026637900, 317.1031302417982300, 239.9999999999999700 ) ) ;
#6831 = CARTESIAN_POINT ( 'NONE',  ( -587.9891637241612400, 52.89298514426529600, -844.4600299651675600 ) ) ;
#6832 = CARTESIAN_POINT ( 'NONE',  ( -701.2317020097957500, 23.30032009302142300, -902.2472217161647400 ) ) ;
#6833 = CARTESIAN_POINT ( 'NONE',  ( -767.6427836568856300, -48.61155446940478700, 64.02651287558529700 ) ) ;
#6834 = CARTESIAN_POINT ( 'NONE',  ( -163.1156327466065600, 342.5788477500599400, 114.7553023385805200 ) ) ;
#6835 = CARTESIAN_POINT ( 'NONE',  ( -390.9140106874749000, 82.58970804622003900, -650.0000000000000000 ) ) ;
#6836 = DIRECTION ( 'NONE',  ( 0.0000000000000000000, 0.0000000000000000000, -1.000000000000000000 ) ) ;
#6837 = CARTESIAN_POINT ( 'NONE',  ( -920.2160873081956000, 70.13493993235475400, -96.70323747192968300 ) ) ;
#6838 = EDGE_CURVE ( 'NONE', #191, #978, #1263, .T. ) ;
#6839 = CARTESIAN_POINT ( 'NONE',  ( -1028.449723387226600, 37.41440998672506900, -0.4493131354926059900 ) ) ;
#6840 =( BOUNDED_CURVE ( )  B_SPLINE_CURVE ( 3, ( #4749, #4237, #2597, #393 ),
 .UNSPECIFIED., .F., .F. ) 
 B_SPLINE_CURVE_WITH_KNOTS ( ( 4, 4 ),
 ( 1.365148727350318400, 1.473801107828537600 ),
 .UNSPECIFIED. ) 
 CURVE ( )  GEOMETRIC_REPRESENTATION_ITEM ( )  RATIONAL_B_SPLINE_CURVE ( ( 1.000000000000000000, 0.9990164636158429500, 0.9990164636158429500, 1.000000000000000000 ) ) 
 REPRESENTATION_ITEM ( '' )  );
#6841 = DIRECTION ( 'NONE',  ( 0.0000000000000000000, 1.000000000000000000, 0.0000000000000000000 ) ) ;
#6842 = CARTESIAN_POINT ( 'NONE',  ( -702.5574734087101700, 19.87024199249026800, -820.4242371274089000 ) ) ;
#6843 = CARTESIAN_POINT ( 'NONE',  ( -979.4838755031083800, -40.41972416319696700, -20.83333333333332900 ) ) ;
#6844 = EDGE_LOOP ( 'NONE', ( #984, #6221, #2855, #2175, #2330 ) ) ;
#6845 = CARTESIAN_POINT ( 'NONE',  ( -739.1952091488486800, 138.3992726095371200, 103.3118623066079500 ) ) ;
#6846 = CARTESIAN_POINT ( 'NONE',  ( -769.6962191069245600, -49.25060836388760100, 54.75875204565061700 ) ) ;
#6847 = CARTESIAN_POINT ( 'NONE',  ( -937.3144158156588900, 7.164169369840226200, 52.49660499083597600 ) ) ;
#6848 = CARTESIAN_POINT ( 'NONE',  ( -139.5618425925544600, 322.3670191329125000, 239.9999999999999700 ) ) ;
#6849 = VERTEX_POINT ( 'NONE', #4021 ) ;
#6850 = CARTESIAN_POINT ( 'NONE',  ( -861.7347391325686200, 96.59425868281807900, -91.56730516856505600 ) ) ;
#6851 = CARTESIAN_POINT ( 'NONE',  ( -694.9389399421459100, 37.88348887351197900, -862.4375805573663500 ) ) ;
#6852 = CARTESIAN_POINT ( 'NONE',  ( -14.62674840205281000, 296.8509855691290200, -137.9225819429059600 ) ) ;
#6853 = ORIENTED_EDGE ( 'NONE', *, *, #6865, .F. ) ;
#6854 = CARTESIAN_POINT ( 'NONE',  ( -163.5588102887067500, 283.0789440207422600, 139.2336581851957900 ) ) ;
#6855 = VERTEX_POINT ( 'NONE', #5201 ) ;
#6856 = CARTESIAN_POINT ( 'NONE',  ( -181.1574695703338300, 336.2276290368079700, 114.1931024464833500 ) ) ;
#6857 = VERTEX_POINT ( 'NONE', #1923 ) ;
#6858 = DIRECTION ( 'NONE',  ( -0.03124999999999994100, 0.0000000000000000000, 0.9995115994824672600 ) ) ;
#6859 = CARTESIAN_POINT ( 'NONE',  ( -347.8183075493971600, 95.78377495892826200, 877.8983430316175100 ) ) ;
#6860 = VERTEX_POINT ( 'NONE', #199 ) ;
#6861 = CARTESIAN_POINT ( 'NONE',  ( -699.7421302853028900, 27.00391276891854600, 821.8782838474143100 ) ) ;
#6862 = ADVANCED_FACE ( 'NONE', ( #6397 ), #5628, .F. ) ;
#6863 = EDGE_CURVE ( 'NONE', #5898, #1982, #1220, .T. ) ;
#6864 = CARTESIAN_POINT ( 'NONE',  ( -915.8435091414796700, 53.17888132052630100, 105.6873987006327100 ) ) ;
#6865 = EDGE_CURVE ( 'NONE', #3657, #893, #3325, .T. ) ;
#6866 = ORIENTED_EDGE ( 'NONE', *, *, #93, .F. ) ;
#6867 = CARTESIAN_POINT ( 'NONE',  ( -1016.283270475226500, 0.3466166616322766100, 13.66323520954745500 ) ) ;
#6868 = VERTEX_POINT ( 'NONE', #5726 ) ;
#6869 = CARTESIAN_POINT ( 'NONE',  ( -930.0000000000557100, 6.857983858691640400, 69.73844108900584600 ) ) ;
#6870 = CARTESIAN_POINT ( 'NONE',  ( -855.8578987436720800, 38.50513073672516400, -114.8336894145434600 ) ) ;
#6871 = CARTESIAN_POINT ( 'NONE',  ( -515.1253989649039800, 7.202741035155889400, -210.5078935649555100 ) ) ;
#6872 = CARTESIAN_POINT ( 'NONE',  ( -932.2270064459667100, -44.47907115522036000, -49.91128688935265200 ) ) ;
#6873 = SURFACE_STYLE_FILL_AREA ( #5533 ) ;
#6874 = CARTESIAN_POINT ( 'NONE',  ( -344.9798420320378200, 113.8747192612501500, -650.0000000000000000 ) ) ;
#6875 = CARTESIAN_POINT ( 'NONE',  ( -766.0237882265628300, 23.42730997547047500, 56.98650297030329200 ) ) ;
#6876 = CARTESIAN_POINT ( 'NONE',  ( -1007.589910239763600, 0.8351890653911404600, 39.56955737032698300 ) ) ;
#6877 = CARTESIAN_POINT ( 'NONE',  ( -138.0660287500091700, 322.1813852600454300, 240.0000000000000000 ) ) ;
#6878 = CARTESIAN_POINT ( 'NONE',  ( -856.4496461967385100, 76.24316764291442900, -114.6204875268039000 ) ) ;
#6879 = CARTESIAN_POINT ( 'NONE',  ( -706.7668926889495000, 7.809641298080331100, -916.9693845669907000 ) ) ;
#6880 = CARTESIAN_POINT ( 'NONE',  ( -765.7241265371365000, -48.43933833784726100, 61.91420445858693700 ) ) ;
#6881 = FACE_OUTER_BOUND ( 'NONE', #6802, .T. ) ;
#6882 = CARTESIAN_POINT ( 'NONE',  ( -161.7212291768936400, 282.6110420130856900, 139.2949108889228600 ) ) ;
#6883 = CARTESIAN_POINT ( 'NONE',  ( -169.3966952458110600, 340.3677424134020800, 114.6988996945207800 ) ) ;
#6884 = CARTESIAN_POINT ( 'NONE',  ( -425.2412805099895600, 84.25371985395310000, 850.3058780222703500 ) ) ;
#6885 = CARTESIAN_POINT ( 'NONE',  ( -930.0000000000558200, -51.00000000000041200, -69.73844108900408400 ) ) ;
#6886 = CARTESIAN_POINT ( 'NONE',  ( -183.1240627347678200, 295.7625510597782200, 240.0000000000000300 ) ) ;
#6887 = EDGE_CURVE ( 'NONE', #6627, #1902, #3246, .T. ) ;
#6888 = CARTESIAN_POINT ( 'NONE',  ( -701.7218075551460300, 22.05208700818710100, 815.1049624598873600 ) ) ;
#6889 = FACE_OUTER_BOUND ( 'NONE', #3701, .T. ) ;
#6890 = CARTESIAN_POINT ( 'NONE',  ( 465.9699137599472500, -201.6600000000000000, 1100.000000000000000 ) ) ;
#6891 = CARTESIAN_POINT ( 'NONE',  ( -1015.486782544675000, 0.3913797926028556600, 18.76223287139584900 ) ) ;
#6892 = ORIENTED_EDGE ( 'NONE', *, *, #2352, .T. ) ;
#6893 = CARTESIAN_POINT ( 'NONE',  ( -738.2193787120287400, -32.61617628806786900, -0.0000000000000000000 ) ) ;
#6894 = CARTESIAN_POINT ( 'NONE',  ( -1021.074700142277500, 20.99602887136788700, -56.80099378340558800 ) ) ;
#6895 = CARTESIAN_POINT ( 'NONE',  ( -971.0375125829706300, -46.70541187800891700, 0.0000000000000000000 ) ) ;
#6896 = CARTESIAN_POINT ( 'NONE',  ( -932.9729684322287500, -44.47907115522036000, -50.07677714280460200 ) ) ;
#6897 = VERTEX_POINT ( 'NONE', #1429 ) ;
#6898 = VECTOR ( 'NONE', #4581, 1000.000000000000000 ) ;
#6899 = CARTESIAN_POINT ( 'NONE',  ( -739.4566298972447400, 139.6064194685019100, 97.33801995739901300 ) ) ;
#6900 = FACE_OUTER_BOUND ( 'NONE', #4871, .T. ) ;
#6901 = CARTESIAN_POINT ( 'NONE',  ( -184.4333417270691500, 304.6847187215520900, 138.5378404705836900 ) ) ;
#6902 = CARTESIAN_POINT ( 'NONE',  ( -1029.126498737528900, -0.3751809786563523000, -52.81150998653528500 ) ) ;
#6903 = ADVANCED_FACE ( 'NONE', ( #305 ), #6531, .F. ) ;
#6904 = CARTESIAN_POINT ( 'NONE',  ( -145.4493432593301100, 322.9147756084370800, 239.9999999999999700 ) ) ;
#6905 = CARTESIAN_POINT ( 'NONE',  ( -466.7107338811861700, 39.92077323885208500, -650.0000000000000000 ) ) ;
#6906 = CARTESIAN_POINT ( 'NONE',  ( -5.573319583618285800E-011, 119.9869196084536500, 119.5411502224856300 ) ) ;
#6907 = CARTESIAN_POINT ( 'NONE',  ( -768.8179620895247100, -48.70710758324422300, 54.93176690019663500 ) ) ;
#6908 = LINE ( 'NONE', #443, #5470 ) ;
#6909 = EDGE_LOOP ( 'NONE', ( #2924, #2862, #717 ) ) ;
#6910 = FACE_OUTER_BOUND ( 'NONE', #3831, .T. ) ;
#6911 = CARTESIAN_POINT ( 'NONE',  ( -27.05541572611715000, 298.0160420888445900, 143.7837713372820200 ) ) ;
#6912 = CARTESIAN_POINT ( 'NONE',  ( -155.5448084257974700, 345.2439844304729500, 138.3852521372317600 ) ) ;
#6913 = VERTEX_POINT ( 'NONE', #4172 ) ;
#6914 = CARTESIAN_POINT ( 'NONE',  ( -964.5945079481900800, 3.470077462902892300, 73.67925464259089100 ) ) ;
#6915 = EDGE_CURVE ( 'NONE', #6993, #4929, #335, .T. ) ;
#6916 = CARTESIAN_POINT ( 'NONE',  ( -731.1618898585909400, 45.00093593234150500, -119.4680694425126600 ) ) ;
#6917 = CARTESIAN_POINT ( 'NONE',  ( -168.2262617504665600, 284.5769241928422300, 239.9999999999999100 ) ) ;
#6918 = CARTESIAN_POINT ( 'NONE',  ( -706.7668926889495000, 7.809641298080375500, 801.9693845669907000 ) ) ;
#6919 = CARTESIAN_POINT ( 'NONE',  ( -977.9970575583958000, 400.0000000000000000, 87.52448106196229100 ) ) ;
#6920 = ORIENTED_EDGE ( 'NONE', *, *, #2923, .T. ) ;
#6921 = AXIS2_PLACEMENT_3D ( 'NONE', #6053, #3829, #2899 ) ;
#6922 = CARTESIAN_POINT ( 'NONE',  ( -258.7992690864780900, 39.92077323885214200, 680.0000000000000000 ) ) ;
#6923 = CARTESIAN_POINT ( 'NONE',  ( -258.7992690864780900, 213.7750709259654500, -655.0000000000000000 ) ) ;
#6924 = PLANE ( 'NONE',  #3193 ) ;
#6925 = CARTESIAN_POINT ( 'NONE',  ( -934.5398699395608400, 6.413385703771827400, 50.64606012422817100 ) ) ;
#6926 = CARTESIAN_POINT ( 'NONE',  ( -995.4355321738104300, 1.518272884194811400, 55.74267152342860500 ) ) ;
#6927 = PLANE ( 'NONE',  #4918 ) ;
#6928 = CARTESIAN_POINT ( 'NONE',  ( -889.2906922462863100, -74.34080195217821100, -62.35018648539097800 ) ) ;
#6929 = CARTESIAN_POINT ( 'NONE',  ( -939.5916698582397000, 7.164169077462492700, -55.82306097604182300 ) ) ;
#6930 = CARTESIAN_POINT ( 'NONE',  ( -770.0781411151467600, -49.25060836388760100, 54.73844108899106000 ) ) ;
#6931 = CARTESIAN_POINT ( 'NONE',  ( -995.4355321738104300, 1.518272884194809900, -55.74267152342742500 ) ) ;
#6932 = CARTESIAN_POINT ( 'NONE',  ( -127.6216797576918400, 320.8352685050920700, 239.9999999999999100 ) ) ;
#6933 = PLANE ( 'NONE',  #1320 ) ;
#6934 = DIRECTION ( 'NONE',  ( 0.0000000000000000000, 1.000000000000000000, 0.0000000000000000000 ) ) ;
#6935 = CARTESIAN_POINT ( 'NONE',  ( -766.8680312511140800, -48.53791833866017000, 56.02408669507581600 ) ) ;
#6936 = CARTESIAN_POINT ( 'NONE',  ( -172.4348963427394200, 286.3660573280079100, 138.9377886500613500 ) ) ;
#6937 =( BOUNDED_SURFACE ( )  B_SPLINE_SURFACE ( 3, 2, ( 
 ( #4226, #5284, #433 ),
 ( #6414, #2525, #991 ),
 ( #886, #916, #6359 ),
 ( #407, #4764, #3662 ) ),
 .UNSPECIFIED., .F., .F., .F. ) 
 B_SPLINE_SURFACE_WITH_KNOTS ( ( 4, 4 ),
 ( 3, 3 ),
 ( 4.951528692706078900, 5.041869326281681800 ),
 ( 0.0000000000000000000, 1.000000000000000000 ),
 .UNSPECIFIED. ) 
 GEOMETRIC_REPRESENTATION_ITEM ( )  RATIONAL_B_SPLINE_SURFACE ( (
 ( 1.000000000000000000, 0.7343883422762481600, 1.000000000000000000),
 ( 1.000000000000000000, 0.7376954447171630800, 1.000000000000000000),
 ( 1.000000000000000000, 0.7409437060505359400, 1.000000000000000000),
 ( 1.000000000000000000, 0.7441224190802626600, 1.000000000000000000) ) ) 
 REPRESENTATION_ITEM ( '' )  SURFACE ( )  );
#6938 = ORIENTED_EDGE ( 'NONE', *, *, #3314, .F. ) ;
#6939 = CARTESIAN_POINT ( 'NONE',  ( -178.1942025034543600, 337.2707798773283200, 135.1092678151634300 ) ) ;
#6940 = CARTESIAN_POINT ( 'NONE',  ( -491.9358619908306900, 10.55433085830978400, 0.0000000000000000000 ) ) ;
#6941 = CARTESIAN_POINT ( 'NONE',  ( -1038.145799342743400, 7.809641298080244100, -916.9693845669907000 ) ) ;
#6942 = CARTESIAN_POINT ( 'NONE',  ( -167.6786544655423100, 284.3745781176347700, 239.9999999999999100 ) ) ;
#6943 = CARTESIAN_POINT ( 'NONE',  ( -715.4447288401052000, -28.06697040041239400, -716.8424645588374900 ) ) ;
#6944 = CARTESIAN_POINT ( 'NONE',  ( -915.9608477609100400, 25.72617030882812700, 105.6512624305233200 ) ) ;
#6945 = CARTESIAN_POINT ( 'NONE',  ( -143.4224633047991500, 281.2273215869307700, 239.9999999999998900 ) ) ;
#6946 = VERTEX_POINT ( 'NONE', #1090 ) ;
#6947 = DIRECTION ( 'NONE',  ( 1.000000000000000000, 2.610927889176040600E-016, 0.0000000000000000000 ) ) ;
#6948 = CARTESIAN_POINT ( 'NONE',  ( -1027.855799328440100, 26.81108851240346200, 44.34993476122043900 ) ) ;
#6949 = ORIENTED_EDGE ( 'NONE', *, *, #3125, .T. ) ;
#6950 = CARTESIAN_POINT ( 'NONE',  ( -930.1673721483316500, -44.14909805296827000, -69.74076217925339400 ) ) ;
#6951 = CARTESIAN_POINT ( 'NONE',  ( -466.7107338811861200, -69.24084322058334400, -655.0000000000000000 ) ) ;
#6952 = CARTESIAN_POINT ( 'NONE',  ( -362.5943677262777100, 119.5843527012690400, -509.5258950483661200 ) ) ;
#6953 = CARTESIAN_POINT ( 'NONE',  ( -939.5916698582397000, -44.47907115522036000, -55.82306097604182300 ) ) ;
#6954 = ORIENTED_EDGE ( 'NONE', *, *, #3337, .F. ) ;
#6955 = CARTESIAN_POINT ( 'NONE',  ( -453.9173512869741100, 37.37515065604488000, 850.9990780879645600 ) ) ;
#6956 = ORIENTED_EDGE ( 'NONE', *, *, #4289, .F. ) ;
#6957 = CARTESIAN_POINT ( 'NONE',  ( -484.8036694763670800, 50.37456319404054700, -103.4138523930980300 ) ) ;
#6958 = CARTESIAN_POINT ( 'NONE',  ( -1025.528095748797600, 24.49074053889307500, -49.74942052518659400 ) ) ;
#6959 = CARTESIAN_POINT ( 'NONE',  ( -134.2083181259943400, 321.6856069031836700, 240.0000000000000600 ) ) ;
#6960 = EDGE_CURVE ( 'NONE', #1112, #4552, #218, .T. ) ;
#6961 = ORIENTED_EDGE ( 'NONE', *, *, #1206, .F. ) ;
#6962 = CARTESIAN_POINT ( 'NONE',  ( -531.9501749664385700, -5.650588350028082000, -69.73714230385326100 ) ) ;
#6963 = CARTESIAN_POINT ( 'NONE',  ( -1038.145799342743400, -32.11215725859807400, -859.4693845669907000 ) ) ;
#6964 = CARTESIAN_POINT ( 'NONE',  ( -1016.014367201199700, 42.33522756324261100, 63.13566006688120800 ) ) ;
#6965 = B_SPLINE_CURVE_WITH_KNOTS ( 'NONE', 3,
 ( #4480, #2240, #51, #1197 ),
 .UNSPECIFIED., .F., .F.,
 ( 4, 4 ),
 ( 0.0000000000000000000, 2.894110820989923200E-005 ),
 .UNSPECIFIED. ) ;
#6966 = EDGE_LOOP ( 'NONE', ( #301, #2756, #557, #5052, #3692, #1822 ) ) ;
#6967 = CARTESIAN_POINT ( 'NONE',  ( -16.08211210456042300, 300.8800064591694600, 144.1495481246670600 ) ) ;
#6968 = PLANE ( 'NONE',  #2604 ) ;
#6969 = CARTESIAN_POINT ( 'NONE',  ( -530.2061565769819300, -7.705684670995872800, 0.0000000000000000000 ) ) ;
#6970 = PLANE ( 'NONE',  #4578 ) ;
#6971 = CARTESIAN_POINT ( 'NONE',  ( -173.3845786209229500, 286.8600901258723200, 239.9999999999999700 ) ) ;
#6972 = FACE_OUTER_BOUND ( 'NONE', #5437, .T. ) ;
#6973 = CARTESIAN_POINT ( 'NONE',  ( -714.6475463938835400, -23.51069880383141400, -765.4299672591978400 ) ) ;
#6974 = CARTESIAN_POINT ( 'NONE',  ( -770.0781440828610600, -49.25061185733253700, -64.73844108900411200 ) ) ;
#6975 = EDGE_CURVE ( 'NONE', #6704, #2771, #1423, .T. ) ;
#6976 = CARTESIAN_POINT ( 'NONE',  ( -138.0798126977503800, 281.8168685618138600, 239.9999999999998900 ) ) ;
#6977 = CARTESIAN_POINT ( 'NONE',  ( -16.08211210456043000, 297.9709791099599600, -144.1495481246670900 ) ) ;
#6978 = CARTESIAN_POINT ( 'NONE',  ( -1039.341341700038100, -0.9492616844999066700, 46.52586758264808300 ) ) ;
#6979 = LINE ( 'NONE', #7075, #1171 ) ;
#6980 = CARTESIAN_POINT ( 'NONE',  ( -386.1521724606852800, 37.87071247467719800, 863.2534168106265000 ) ) ;
#6981 = CARTESIAN_POINT ( 'NONE',  ( -313.7879653329613900, 124.6398863986655800, -650.0000000000000000 ) ) ;
#6982 = CARTESIAN_POINT ( 'NONE',  ( -932.9729684322287500, 7.164169077462492700, -50.07677714280460200 ) ) ;
#6983 = CARTESIAN_POINT ( 'NONE',  ( -767.2398480514914400, -49.25060836388760100, 63.76625900012461300 ) ) ;
#6984 = LINE ( 'NONE', #1491, #1178 ) ;
#6985 = CARTESIAN_POINT ( 'NONE',  ( -157.3559097178416800, 322.2590596370789100, 239.9999999999999400 ) ) ;
#6986 = B_SPLINE_CURVE_WITH_KNOTS ( 'NONE', 3,
 ( #4769, #1909, #4153, #3636, #2457, #5783, #5815, #5757, #6833, #353, #860, #4686, #6335, #3065, #6880, #4740, #2530, #6313, #3560, #1408, #2506, #6365, #277, #326, #1383, #3607, #3120, #6935, #3033, #3666, #5188, #840, #6907, #4182, #5209, #1461, #5288, #2477 ),
 .UNSPECIFIED., .F., .F.,
 ( 4, 2, 2, 2, 2, 2, 2, 2, 2, 2, 2, 2, 2, 2, 2, 2, 2, 2, 4 ),
 ( 0.0000000000000000000, 0.0004795491062598651800, 0.0009590982125197303500, 0.001918196425039784500, 0.002877294637559838500, 0.003836392850079892900, 0.004795491062599946700, 0.005754589275119983300, 0.006713687487640018900, 0.007672785700160056300, 0.008631883912680092900, 0.009590982125200131100, 0.01055008033772016800, 0.01150917855024020400, 0.01246827676276024100, 0.01342737497528027900, 0.01438647318780031600, 0.01486602229406049400, 0.01534557140032067500 ),
 .UNSPECIFIED. ) ;
#6987 = CARTESIAN_POINT ( 'NONE',  ( -349.7802306235590200, -77.57978771338689200, 882.4973492124212300 ) ) ;
#6988 = DIRECTION ( 'NONE',  ( 1.000000000000000000, 2.610927889176040600E-016, 0.0000000000000000000 ) ) ;
#6989 = CARTESIAN_POINT ( 'NONE',  ( -916.1761530242782800, 52.78097960269511900, -105.6062142766411800 ) ) ;
#6990 = FACE_OUTER_BOUND ( 'NONE', #2179, .T. ) ;
#6991 = CARTESIAN_POINT ( 'NONE',  ( -469.0710157804053900, 28.03962429833554300, 71.65342119842550500 ) ) ;
#6992 = CARTESIAN_POINT ( 'NONE',  ( -986.3543110252709300, 22.52543249267090200, -84.32346803299195400 ) ) ;
#6993 = VERTEX_POINT ( 'NONE', #6484 ) ;
#6994 = CARTESIAN_POINT ( 'NONE',  ( -963.7012750840330000, 3.557553467416193300, 74.22205593461551100 ) ) ;
#6995 = FACE_OUTER_BOUND ( 'NONE', #2679, .T. ) ;
#6996 = DIRECTION ( 'NONE',  ( -0.0000000000000000000, 0.0000000000000000000, -1.000000000000000000 ) ) ;
#6997 = CARTESIAN_POINT ( 'NONE',  ( -179.9077712346258700, 291.4846080659621100, 239.9999999999999100 ) ) ;
#6998 = EDGE_CURVE ( 'NONE', #1341, #3615, #1337, .T. ) ;
#6999 = LINE ( 'NONE', #6479, #2288 ) ;
#7000 = CARTESIAN_POINT ( 'NONE',  ( -782.3509577309871500, 30.94178077095935500, 479.9273741711696200 ) ) ;
#7001 = CARTESIAN_POINT ( 'NONE',  ( -138.4672339394651900, 281.7679873734120400, 239.9999999999999400 ) ) ;
#7002 = CARTESIAN_POINT ( 'NONE',  ( -616.9319087001720200, 22.69240075583863700, -451.2367140275673600 ) ) ;
#7003 = ORIENTED_EDGE ( 'NONE', *, *, #2738, .F. ) ;
#7004 = CARTESIAN_POINT ( 'NONE',  ( -1027.452115885302200, 26.36288025190238900, 45.44314381511705400 ) ) ;
#7005 = ORIENTED_EDGE ( 'NONE', *, *, #19, .F. ) ;
#7006 = CARTESIAN_POINT ( 'NONE',  ( -372.4858471441371000, 106.2344382435709300, -593.0514773797333400 ) ) ;
#7007 = CARTESIAN_POINT ( 'NONE',  ( -865.5417086456362800, 34.06871892430486100, -113.8052739312004300 ) ) ;
#7008 = CARTESIAN_POINT ( 'NONE',  ( -1013.437113598098400, 0.5065724979567314300, -27.08724535500663700 ) ) ;
#7009 = CARTESIAN_POINT ( 'NONE',  ( -5.573319583618285800E-011, 119.9869196084536500, -239.9999999999998900 ) ) ;
#7010 = CARTESIAN_POINT ( 'NONE',  ( -587.9891637241610200, 36.25976149783841200, 844.4600299651677900 ) ) ;
#7011 = ORIENTED_EDGE ( 'NONE', *, *, #6772, .T. ) ;
#7012 = CARTESIAN_POINT ( 'NONE',  ( -770.0143880533164500, 23.42730997547047500, 64.73573041319514200 ) ) ;
#7013 = CARTESIAN_POINT ( 'NONE',  ( -886.8576701218563600, 27.32191576915200000, 110.9494025142879700 ) ) ;
#7014 = EDGE_LOOP ( 'NONE', ( #5223, #249, #3929, #3966, #5433, #1624 ) ) ;
#7015 = CARTESIAN_POINT ( 'NONE',  ( -173.0469800261066400, 317.3138467004783900, 239.9999999999999100 ) ) ;
#7016 = CARTESIAN_POINT ( 'NONE',  ( -513.4672159472800100, 45.54542476513815100, -373.8168780586473800 ) ) ;
#7017 = CARTESIAN_POINT ( 'NONE',  ( -1012.560182267114900, 23.18327884320654400, 66.50579078661655800 ) ) ;
#7018 = B_SPLINE_CURVE_WITH_KNOTS ( 'NONE', 3,
 ( #6879, #276, #2476, #6785, #3006, #5711, #1980, #6832, #1360, #6312, #4122, #3558, #839, #1888, #1908, #4658, #4685, #6258, #5186, #1407, #3534, #2428, #6851, #5731, #1382, #5208, #5230, #1955, #3606, #1931, #5756, #2529, #5782, #2505, #4152, #6334, #4707, #5262, #2963, #231, #4052, #795, #4613, #1338 ),
 .UNSPECIFIED., .F., .F.,
 ( 4, 2, 2, 2, 2, 2, 2, 2, 2, 2, 2, 2, 2, 2, 2, 2, 2, 2, 2, 2, 2, 4 ),
 ( 8.673617379884035500E-018, 0.008544202477248144500, 0.01708840495449628200, 0.02136050619312046500, 0.02349655681243260900, 0.02563260743174474600, 0.03417680990899381300, 0.04272101238624288800, 0.04699311362486743200, 0.05126521486349196900, 0.05980941734074132100, 0.06835361981799069300, 0.07262572105661518900, 0.07689782229523969800, 0.08544202477248874500, 0.09398622724973780500, 0.1025304297269868500, 0.1110746322042358800, 0.1153467334428603700, 0.1196188346814848500, 0.1281630371587337800, 0.1367072396359827500 ),
 .UNSPECIFIED. ) ;
#7019 = CARTESIAN_POINT ( 'NONE',  ( -530.2020976964985300, 0.2943142993471481500, 0.0000000000000000000 ) ) ;
#7020 = CARTESIAN_POINT ( 'NONE',  ( -973.7201394623941700, 2.738691839376771000, -67.46626139458493300 ) ) ;
#7021 = CARTESIAN_POINT ( 'NONE',  ( -1031.684205363288400, -0.5189257264398833300, -51.33113109601915600 ) ) ;
#7022 = EDGE_CURVE ( 'NONE', #660, #4929, #4960, .T. ) ;
#7023 = DIRECTION ( 'NONE',  ( 0.0000000000000000000, 0.0000000000000000000, 1.000000000000000000 ) ) ;
#7024 = CARTESIAN_POINT ( 'NONE',  ( -150.7467945407760200, 281.0492128276432600, 240.0000000000000000 ) ) ;
#7025 = CARTESIAN_POINT ( 'NONE',  ( -169.9363203347700400, 280.0885798468340800, -139.0210745169934500 ) ) ;
#7026 = CARTESIAN_POINT ( 'NONE',  ( -663.0707898217586900, 63.20167647951359400, 650.0000000000000000 ) ) ;
#7027 = CARTESIAN_POINT ( 'NONE',  ( -133.9436205147302100, 282.3485590634030000, 239.9999999999999400 ) ) ;
#7028 = CARTESIAN_POINT ( 'NONE',  ( -43.79741228524537900, 303.8677677933185900, -143.2257047853111100 ) ) ;
#7029 = CARTESIAN_POINT ( 'NONE',  ( -1030.318570416184700, 30.50481319845259900, 34.40726703539220900 ) ) ;
#7030 = CARTESIAN_POINT ( 'NONE',  ( -522.8754905669212600, 8.928908580527334500, -210.4483556475559600 ) ) ;
#7031 = CARTESIAN_POINT ( 'NONE',  ( -693.4122224735933700, -5.231446897239790900, 479.9148654927763000 ) ) ;
#7032 = CARTESIAN_POINT ( 'NONE',  ( -1017.022594408235100, 0.3050661838742067500, -1.708057995726816500 ) ) ;
#7033 = CARTESIAN_POINT ( 'NONE',  ( -413.4222416891278700, 71.91118529648198900, 453.0067876111058400 ) ) ;
#7034 = VERTEX_POINT ( 'NONE', #6539 ) ;
#7035 = CARTESIAN_POINT ( 'NONE',  ( -765.5763752531697700, -49.25060836388760100, 61.63020452759305100 ) ) ;
#7036 = CARTESIAN_POINT ( 'NONE',  ( -859.5490727613276900, 36.38491377651723000, 114.4616556329276900 ) ) ;
#7037 = CARTESIAN_POINT ( 'NONE',  ( -171.0356444195808800, 318.2778012394134600, 240.0000000000000000 ) ) ;
#7038 = MECHANICAL_DESIGN_GEOMETRIC_PRESENTATION_REPRESENTATION (  '', ( #3872 ), #4594 ) ;
#7039 = CARTESIAN_POINT ( 'NONE',  ( -393.8887080982340200, 87.29250983550717500, -509.9464644161665200 ) ) ;
#7040 = CARTESIAN_POINT ( 'NONE',  ( -715.7291235476178600, -29.82373816632739900, -763.0456428029045800 ) ) ;
#7041 = CARTESIAN_POINT ( 'NONE',  ( -978.2096096027625000, 55.64353348873444800, 63.86921591008097500 ) ) ;
#7042 = EDGE_LOOP ( 'NONE', ( #5849, #5880, #708, #832, #6447, #2992 ) ) ;
#7043 = EDGE_CURVE ( 'NONE', #2605, #5554, #4751, .T. ) ;
#7044 = CARTESIAN_POINT ( 'NONE',  ( -527.5130262030228300, -0.1796302367026787700, 269.5430657194446000 ) ) ;
#7045 = CARTESIAN_POINT ( 'NONE',  ( -970.4037882827204800, 2.925072896146061000, -68.60026894045606100 ) ) ;
#7046 = CARTESIAN_POINT ( 'NONE',  ( -1037.972327818461700, -0.8723222290173726600, -47.39474317472311100 ) ) ;
#7047 = CARTESIAN_POINT ( 'NONE',  ( -728.7058691697151300, 26.57110846830472200, -95.70788288921454500 ) ) ;
#7048 = CARTESIAN_POINT ( 'NONE',  ( -152.8018814907707400, 281.1782346056284600, 239.9999999999999100 ) ) ;
#7049 = ORIENTED_EDGE ( 'NONE', *, *, #5128, .F. ) ;
#7050 = CARTESIAN_POINT ( 'NONE',  ( -712.7951276996695900, -14.40840334267949200, -686.7080520409640500 ) ) ;
#7051 = ADVANCED_BREP_SHAPE_REPRESENTATION ( '2026 Front Wing D_2', ( #356, #4703, #6322 ), #5368 ) ;
#7052 = CARTESIAN_POINT ( 'NONE',  ( -413.0707898217584700, 61.93453721306596500, 650.0000000000000000 ) ) ;
#7053 = CARTESIAN_POINT ( 'NONE',  ( -416.8561495421789100, 37.94419649677831100, -859.2755787517045300 ) ) ;
#7054 = CARTESIAN_POINT ( 'NONE',  ( -145.5509741708531000, 281.0797566199950100, 240.0000000000000000 ) ) ;
#7055 = CARTESIAN_POINT ( 'NONE',  ( -174.1189674324201100, 311.6024072408258100, -138.8816529470719000 ) ) ;
#7056 = ORIENTED_EDGE ( 'NONE', *, *, #211, .T. ) ;
#7057 = CARTESIAN_POINT ( 'NONE',  ( -702.3126703630033500, 20.51234973991301700, 897.6280646305850700 ) ) ;
#7058 = EDGE_LOOP ( 'NONE', ( #5974, #1424, #4284, #2302 ) ) ;
#7059 = CARTESIAN_POINT ( 'NONE',  ( -366.7937014670116600, 102.8553146867645300, -592.9706722561451200 ) ) ;
#7060 = CARTESIAN_POINT ( 'NONE',  ( -889.8048394498115400, -74.52220209115317600, -0.0000000000000000000 ) ) ;
#7061 = CARTESIAN_POINT ( 'NONE',  ( -1009.325374452045600, 0.7376548670067951700, -36.58464884717960100 ) ) ;
#7062 = CARTESIAN_POINT ( 'NONE',  ( -1023.539208224500600, -0.06117167932056150100, 55.94517623198017700 ) ) ;
#7063 = ORIENTED_EDGE ( 'NONE', *, *, #6035, .T. ) ;
#7064 = CARTESIAN_POINT ( 'NONE',  ( -155.8766339891179500, 322.4782254545917200, 239.9999999999998900 ) ) ;
#7065 = CARTESIAN_POINT ( 'NONE',  ( -5.573319583618288400E-011, 121.3401603791478900, -127.6595769895305400 ) ) ;
#7066 = CARTESIAN_POINT ( 'NONE',  ( -708.7346547213520600, 1.484931209317560800, -803.9143038543072600 ) ) ;
#7067 = CARTESIAN_POINT ( 'NONE',  ( -693.9715488891018800, 39.92077323885202800, 650.0000000000000000 ) ) ;
#7068 = LINE ( 'NONE', #3356, #1401 ) ;
#7069 = CARTESIAN_POINT ( 'NONE',  ( -516.1611622597002900, 10.16888668989800400, 210.4185866888561500 ) ) ;
#7070 = PRODUCT_DEFINITION ( 'UNKNOWN', '', #312, #6543 ) ;
#7071 = CARTESIAN_POINT ( 'NONE',  ( -357.9726304450874700, 146.0331211803212500, 374.2254074289194800 ) ) ;
#7072 = CARTESIAN_POINT ( 'NONE',  ( -150.6629063559546200, 281.0456494295764900, 239.9999999999999100 ) ) ;
#7073 = CARTESIAN_POINT ( 'NONE',  ( -184.2359017023299500, 293.5607016742951600, -138.5444218047416000 ) ) ;
#7074 = LINE ( 'NONE', #1905, #4938 ) ;
#7075 = CARTESIAN_POINT ( 'NONE',  ( -322.1861935387366300, 90.00000000000000000, -894.2688876573925000 ) ) ;
#7076 = DIRECTION ( 'NONE',  ( -0.03331483023263737100, 0.0000000000000000000, 0.9994449069791544500 ) ) ;
#7077 = CARTESIAN_POINT ( 'NONE',  ( -73.41383094575611800, 290.4762685471076200, 239.9999999999999400 ) ) ;
#7078 = CARTESIAN_POINT ( 'NONE',  ( -161.7212291768948700, 316.2399435560448600, -139.2949108889226900 ) ) ;
#7079 = CARTESIAN_POINT ( 'NONE',  ( -701.4145576514803200, 22.84792658981694700, 824.6684522029080400 ) ) ;
#7080 = CARTESIAN_POINT ( 'NONE',  ( -183.2427149427069300, 296.0063388552101200, 138.5775280300624100 ) ) ;
#7081 = CARTESIAN_POINT ( 'NONE',  ( -938.9199129340123600, -42.77202342245151800, -54.62890004544854600 ) ) ;
#7082 = CARTESIAN_POINT ( 'NONE',  ( -889.2906922462863100, -74.34080195217821100, 62.35018648539097800 ) ) ;
#7083 = FACE_OUTER_BOUND ( 'NONE', #6177, .T. ) ;
#7084 = CARTESIAN_POINT ( 'NONE',  ( -536.4089367922349500, -10.00669366827933300, 36.89144407851287600 ) ) ;
#7085 = ORIENTED_EDGE ( 'NONE', *, *, #725, .T. ) ;
#7086 = ORIENTED_EDGE ( 'NONE', *, *, #3481, .T. ) ;
#7087 = CARTESIAN_POINT ( 'NONE',  ( -170.6568579369241500, 318.4453955317842400, 239.9999999999999400 ) ) ;
#7088 = CARTESIAN_POINT ( 'NONE',  ( -258.7992690864780900, 40.39804840806844800, 685.0000000000000000 ) ) ;
#7089 = ORIENTED_EDGE ( 'NONE', *, *, #1348, .T. ) ;
#7090 = CARTESIAN_POINT ( 'NONE',  ( -412.8137997136921100, 74.05357191944881400, 571.4712885500152900 ) ) ;
#7091 = LINE ( 'NONE', #4969, #3059 ) ;
#7092 = CARTESIAN_POINT ( 'NONE',  ( -531.9501749664385700, -5.650588350028082000, 69.73714230385326100 ) ) ;
#7093 = DIRECTION ( 'NONE',  ( 0.0000000000000000000, 1.814787636406507500E-015, 1.000000000000000000 ) ) ;
#7094 = EDGE_CURVE ( 'NONE', #2108, #3411, #145, .T. ) ;
#7095 = CARTESIAN_POINT ( 'NONE',  ( -711.4768333177434000, -8.727644305904547700, -679.6772840174392100 ) ) ;
#7096 = CARTESIAN_POINT ( 'NONE',  ( -696.4581469168530200, 34.58527463767816100, -655.5685260122048700 ) ) ;
#7097 = ORIENTED_EDGE ( 'NONE', *, *, #1876, .F. ) ;
#7098 = CARTESIAN_POINT ( 'NONE',  ( -22.46341836052257400, 299.0286487353618600, 239.9999999999999700 ) ) ;
#7099 = DIRECTION ( 'NONE',  ( -0.0000000000000000000, -1.000000000000000000, -0.0000000000000000000 ) ) ;
#7100 = CARTESIAN_POINT ( 'NONE',  ( -1038.145799342743400, -32.11215725859807400, 859.4693845669907000 ) ) ;
#7101 = CARTESIAN_POINT ( 'NONE',  ( -936.2404417540128600, -43.24349624229577700, -67.82376884647223400 ) ) ;
#7102 = CARTESIAN_POINT ( 'NONE',  ( -491.1640237055650600, 35.26026261716661000, 840.4634642127929300 ) ) ;
#7103 = ORIENTED_EDGE ( 'NONE', *, *, #6614, .F. ) ;
#7104 = CARTESIAN_POINT ( 'NONE',  ( -930.0000000000558200, -44.47907115522036000, -69.73844108900408400 ) ) ;
#7105 = CARTESIAN_POINT ( 'NONE',  ( -940.3168757644666600, 5.847632463053685100, -60.41522746717251400 ) ) ;
#7106 = EDGE_CURVE ( 'NONE', #1895, #5499, #4061, .T. ) ;
#7107 = DIRECTION ( 'NONE',  ( 1.000000000000000000, 0.0000000000000000000, 0.0000000000000000000 ) ) ;
#7108 = PLANE ( 'NONE',  #6184 ) ;
#7109 = CARTESIAN_POINT ( 'NONE',  ( -713.3313801377540800, -16.87225995215481700, -786.4237230304520400 ) ) ;
#7110 = CARTESIAN_POINT ( 'NONE',  ( -930.0000000000558200, -44.17288593644951100, 69.73844108900584600 ) ) ;
#7111 = EDGE_CURVE ( 'NONE', #6588, #1224, #904, .T. ) ;
#7112 = CARTESIAN_POINT ( 'NONE',  ( -695.5843349840686200, 36.51885392560834000, -655.1866403148553700 ) ) ;
#7113 = CARTESIAN_POINT ( 'NONE',  ( -184.6267484020536600, 310.2834448515030200, -239.9999999999997700 ) ) ;
#7114 = CARTESIAN_POINT ( 'NONE',  ( -932.6344260392229400, -43.72000634228683700, 50.00132843785904400 ) ) ;
ENDSEC;
END-ISO-10303-21;
