ISO-10303-21;
HEADER;
FILE_DESCRIPTION (( 'STEP AP214' ),
    '1' );
FILE_NAME ('2026 Front Wing D_3.STEP',
    '2025-06-18T06:46:29',
    ( '' ),
    ( '' ),
    'SwSTEP 2.0',
    'SolidWorks 2017',
    '' );
FILE_SCHEMA (( 'AUTOMOTIVE_DESIGN' ));
ENDSEC;

DATA;
#1 = CARTESIAN_POINT ( 'NONE',  ( -921.5900209938259900, 11.96493952732773100, 98.49608279955539600 ) ) ;
#2 = CARTESIAN_POINT ( 'NONE',  ( -938.1634253002149500, -42.93682191123124200, 65.94811432196607400 ) ) ;
#3 = CARTESIAN_POINT ( 'NONE',  ( -1029.618435462858800, 36.31573053770597400, 12.13100930875270000 ) ) ;
#4 = CARTESIAN_POINT ( 'NONE',  ( -163.3970663943142400, 320.9840686258777400, 139.2390496483422200 ) ) ;
#5 = ORIENTED_EDGE ( 'NONE', *, *, #4541, .F. ) ;
#6 = CARTESIAN_POINT ( 'NONE',  ( -5.573319583618285200E-011, 138.8955297712160800, 143.8521604490320300 ) ) ;
#7 = EDGE_CURVE ( 'NONE', #4146, #5666, #1607, .T. ) ;
#8 = CARTESIAN_POINT ( 'NONE',  ( -994.8106324898968800, 49.79952058417094200, -55.60910644273719300 ) ) ;
#9 = DIRECTION ( 'NONE',  ( 1.000000000000000000, 0.0000000000000000000, -1.110223024625156500E-016 ) ) ;
#10 = CARTESIAN_POINT ( 'NONE',  ( -769.9175001465672500, 22.53516955303911800, -54.74786229370541700 ) ) ;
#11 = EDGE_LOOP ( 'NONE', ( #1739, #656, #1821, #6397 ) ) ;
#12 = CARTESIAN_POINT ( 'NONE',  ( -17.25075598798307300, 300.4532168593449900, 239.9999999999999400 ) ) ;
#13 = CARTESIAN_POINT ( 'NONE',  ( -530.2061565769819300, -7.705684670995872800, -0.0000000000000000000 ) ) ;
#14 = CARTESIAN_POINT ( 'NONE',  ( -968.9503913222583800, 3.043497464585239500, -70.38220901999631000 ) ) ;
#15 = CARTESIAN_POINT ( 'NONE',  ( -536.4089367922349500, -10.00669366827950500, 36.89144407851289000 ) ) ;
#16 = CARTESIAN_POINT ( 'NONE',  ( -115.6118585085928700, 319.2723213832116500, 239.9999999999999400 ) ) ;
#17 = CARTESIAN_POINT ( 'NONE',  ( -184.5927022070657100, 300.8448415446100600, 240.0000000000000300 ) ) ;
#18 = CARTESIAN_POINT ( 'NONE',  ( -1030.024134182002200, 23.10906259357039300, 42.24600841078108000 ) ) ;
#19 = CARTESIAN_POINT ( 'NONE',  ( -184.2897508612430500, 335.1249805789841500, 113.9614012750676700 ) ) ;
#20 = PLANE ( 'NONE',  #416 ) ;
#21 = AXIS2_PLACEMENT_3D ( 'NONE', #6137, #3469, #5629 ) ;
#22 = DIRECTION ( 'NONE',  ( 0.0000000000000000000, 0.0000000000000000000, -1.000000000000000000 ) ) ;
#23 = EDGE_CURVE ( 'NONE', #5115, #1060, #6831, .T. ) ;
#24 = CARTESIAN_POINT ( 'NONE',  ( -974.7195593237248700, -41.14360454799182100, 312.7510206763798200 ) ) ;
#25 = CARTESIAN_POINT ( 'NONE',  ( -5.573319583618285200E-011, 128.0963685392958700, 137.9498953966909200 ) ) ;
#26 = CARTESIAN_POINT ( 'NONE',  ( -1001.583692288513200, 47.41521877722369300, -75.84046615296661300 ) ) ;
#27 = CARTESIAN_POINT ( 'NONE',  ( -484.8036694763670800, 50.37456319404054700, -103.4138523930980300 ) ) ;
#28 = CARTESIAN_POINT ( 'NONE',  ( -100.9793654027577100, 317.3453485209939800, 141.3196396813940500 ) ) ;
#29 = CARTESIAN_POINT ( 'NONE',  ( -375.4209598999160600, 92.92953237961236800, -569.1364520728456000 ) ) ;
#30 = CARTESIAN_POINT ( 'NONE',  ( -479.7270048121444000, 48.60183823377768400, 452.4167630832597000 ) ) ;
#31 = CARTESIAN_POINT ( 'NONE',  ( -69.49379944996454100, 312.9581415515991100, 239.9999999999999100 ) ) ;
#32 = EDGE_CURVE ( 'NONE', #5115, #1265, #3398, .T. ) ;
#33 = CARTESIAN_POINT ( 'NONE',  ( -182.4525928663826400, 294.6154061889054100, 239.9999999999999700 ) ) ;
#34 = CARTESIAN_POINT ( 'NONE',  ( -931.3397659222288200, 6.726778016903235600, 69.69537296619257900 ) ) ;
#35 = CIRCLE ( 'NONE', #4871, 870.0000000000001100 ) ;
#36 = EDGE_LOOP ( 'NONE', ( #2896, #4278, #2719, #1794, #1063, #410, #4697, #4709 ) ) ;
#37 = CARTESIAN_POINT ( 'NONE',  ( -1037.371161510782900, 34.81705338825039300, -8.032680029176111300 ) ) ;
#38 = CARTESIAN_POINT ( 'NONE',  ( -1028.576682404451500, 27.68329054205706500, 42.15314106438376000 ) ) ;
#39 = CARTESIAN_POINT ( 'NONE',  ( -158.4800674044099400, 344.2106932010319700, 137.3980184909751500 ) ) ;
#40 = CARTESIAN_POINT ( 'NONE',  ( -5.573319583618285800E-011, 121.6275477109418000, -128.4466496349271300 ) ) ;
#41 = EDGE_CURVE ( 'NONE', #4145, #751, #1361, .T. ) ;
#42 = CARTESIAN_POINT ( 'NONE',  ( -1015.318796119339300, 0.4008207371170785000, 19.61170258603986800 ) ) ;
#43 = VECTOR ( 'NONE', #3601, 1000.000000000000000 ) ;
#44 = CARTESIAN_POINT ( 'NONE',  ( -672.3322355637755000, 400.0000000000000000, 2651.495409082708200 ) ) ;
#45 = ORIENTED_EDGE ( 'NONE', *, *, #1506, .T. ) ;
#46 = EDGE_CURVE ( 'NONE', #1161, #751, #5252, .T. ) ;
#47 = CARTESIAN_POINT ( 'NONE',  ( -769.2829688526705900, -48.74655910611822700, -54.82599728835222000 ) ) ;
#48 =( BOUNDED_SURFACE ( )  B_SPLINE_SURFACE ( 3, 2, ( 
 ( #3506, #4654, #1480 ),
 ( #3084, #1967, #5170 ),
 ( #992, #4155, #5654 ),
 ( #6186, #4090, #536 ),
 ( #4201, #6802, #6315 ),
 ( #2638, #1034, #1014 ),
 ( #488, #2143, #2656 ),
 ( #3107, #37, #4722 ),
 ( #6825, #2095, #4763 ),
 ( #6851, #6339, #4225 ),
 ( #2614, #3656, #6293 ),
 ( #5808, #3176, #1564 ),
 ( #5744, #4177, #3739 ),
 ( #1061, #5253, #583 ),
 ( #1084, #4701, #1101 ),
 ( #18, #2115, #3722 ),
 ( #5788, #4742, #1603 ),
 ( #514, #558, #1585 ) ),
 .UNSPECIFIED., .F., .F., .F. ) 
 B_SPLINE_SURFACE_WITH_KNOTS ( ( 4, 2, 2, 2, 2, 2, 2, 2, 4 ),
 ( 3, 3 ),
 ( 5.702601151252222800, 5.847747190234063200, 5.992893229215904500, 6.138039268197745800, 6.283185307179586200, 6.428331346161426700, 6.573477385143268000, 6.718623424125109300, 6.863769463106949700 ),
 ( 0.1475654249788353700, 1.000000000000000000 ),
 .UNSPECIFIED. ) 
 GEOMETRIC_REPRESENTATION_ITEM ( )  RATIONAL_B_SPLINE_SURFACE ( (
 ( 0.9494987379789370200, 0.8288851808331586500, 1.000000000000000000),
 ( 0.9501922088439038700, 0.8312348872940940000, 1.000000000000000000),
 ( 0.9508051998324539300, 0.8333119015697551000, 1.000000000000000000),
 ( 0.9518620589106681100, 0.8368928863375821900, 1.000000000000000000),
 ( 0.9523058899410767900, 0.8383967312608501300, 1.000000000000000000),
 ( 0.9530183930970215200, 0.8408109253583054800, 1.000000000000000000),
 ( 0.9532870661182348800, 0.8417212775673403900, 1.000000000000000000),
 ( 0.9536456914159423500, 0.8429364175561245800, 1.000000000000000000),
 ( 0.9537356441442033100, 0.8432412068666084200, 1.000000000000000000),
 ( 0.9537356441442033100, 0.8432412068666084200, 1.000000000000000000),
 ( 0.9536456914158966100, 0.8429364175559698200, 1.000000000000000000),
 ( 0.9532870661182806200, 0.8417212775674950400, 1.000000000000000000),
 ( 0.9530183930970215200, 0.8408109253583053700, 1.000000000000000000),
 ( 0.9523058899410767900, 0.8383967312608500100, 1.000000000000000000),
 ( 0.9518620589108064400, 0.8368928863380508100, 1.000000000000000000),
 ( 0.9508051998323154800, 0.8333119015692864700, 1.000000000000000000),
 ( 0.9501922088440079000, 0.8312348872944465000, 1.000000000000000000),
 ( 0.9494987379789370200, 0.8288851808331587600, 1.000000000000000000) ) ) 
 REPRESENTATION_ITEM ( '' )  SURFACE ( )  );
#49 = CARTESIAN_POINT ( 'NONE',  ( -884.7415063156291800, -53.51484258437727000, 62.35018648539097800 ) ) ;
#50 = CARTESIAN_POINT ( 'NONE',  ( -5.573319583618285200E-011, 123.4320408037182900, 132.1843176483160100 ) ) ;
#51 = AXIS2_PLACEMENT_3D ( 'NONE', #4033, #2940, #4579 ) ;
#52 = VECTOR ( 'NONE', #4407, 1000.000000000000100 ) ;
#53 = CARTESIAN_POINT ( 'NONE',  ( -411.9588027525488800, 171.3279616055839100, 755.0000000000000000 ) ) ;
#54 = DIRECTION ( 'NONE',  ( 1.000000000000000000, 0.0000000000000000000, 0.0000000000000000000 ) ) ;
#55 = CARTESIAN_POINT ( 'NONE',  ( -768.5125149705711500, 22.67276244121896800, -55.03403148235155800 ) ) ;
#56 = CARTESIAN_POINT ( 'NONE',  ( -22.84669997237481500, 298.9390584427532600, 239.9999999999999400 ) ) ;
#57 = CARTESIAN_POINT ( 'NONE',  ( -488.4730880593238000, 4.561059485897862600, 0.0000000000000000000 ) ) ;
#58 = CARTESIAN_POINT ( 'NONE',  ( -138.0074971593882700, 322.1739573521268800, 239.9999999999999400 ) ) ;
#59 = FACE_BOUND ( 'NONE', #1500, .T. ) ;
#60 = VERTEX_POINT ( 'NONE', #4914 ) ;
#61 = ORIENTED_EDGE ( 'NONE', *, *, #5037, .F. ) ;
#62 = CARTESIAN_POINT ( 'NONE',  ( -182.3606953347470200, 294.4721892885422100, 239.9999999999999700 ) ) ;
#63 = CARTESIAN_POINT ( 'NONE',  ( -930.1678587455927500, 6.841545130369547100, 69.74125305616105700 ) ) ;
#64 = CARTESIAN_POINT ( 'NONE',  ( -342.6364562004772000, 111.5216994009667200, -650.0000000000000000 ) ) ;
#65 = PLANE ( 'NONE',  #1813 ) ;
#66 = CARTESIAN_POINT ( 'NONE',  ( -1029.133014436315300, 28.43963964583465700, 40.17412243194436900 ) ) ;
#67 = ADVANCED_FACE ( 'NONE', ( #4599 ), #1287, .T. ) ;
#68 = ORIENTED_EDGE ( 'NONE', *, *, #2771, .T. ) ;
#69 = CARTESIAN_POINT ( 'NONE',  ( -174.1041849662727800, 338.7105776193099000, 114.5750208990187100 ) ) ;
#70 = FACE_OUTER_BOUND ( 'NONE', #1132, .T. ) ;
#71 = CARTESIAN_POINT ( 'NONE',  ( -721.0375125829707500, -43.02027741034830700, 0.0000000000000000000 ) ) ;
#72 = ORIENTED_EDGE ( 'NONE', *, *, #1859, .T. ) ;
#73 = CARTESIAN_POINT ( 'NONE',  ( -930.8357899445646800, 6.776133349276004300, -69.73117952919479000 ) ) ;
#74 = CARTESIAN_POINT ( 'NONE',  ( -767.1230331437290000, -48.56032423975636900, -55.81931168316320700 ) ) ;
#75 = ORIENTED_EDGE ( 'NONE', *, *, #897, .T. ) ;
#76 = VECTOR ( 'NONE', #4945, 1000.000000000000100 ) ;
#77 = ORIENTED_EDGE ( 'NONE', *, *, #6323, .F. ) ;
#78 = CARTESIAN_POINT ( 'NONE',  ( -989.1354529455017000, 51.79733859293575200, 83.30622482077346500 ) ) ;
#79 = EDGE_LOOP ( 'NONE', ( #6718, #1410, #5678, #5347 ) ) ;
#80 = CARTESIAN_POINT ( 'NONE',  ( -663.0707898217588100, 63.20167647951369400, -650.0000000000000000 ) ) ;
#81 = CARTESIAN_POINT ( 'NONE',  ( -357.5144706876278100, 253.6650333674942300, 685.0000000000000000 ) ) ;
#82 = CARTESIAN_POINT ( 'NONE',  ( -45.62769052380171100, 294.6893858310439200, 240.0000000000000000 ) ) ;
#83 = EDGE_CURVE ( 'NONE', #6120, #6476, #519, .T. ) ;
#84 = CARTESIAN_POINT ( 'NONE',  ( -969.8027014340808600, 2.960029103556109900, -69.05959828207571100 ) ) ;
#85 = CARTESIAN_POINT ( 'NONE',  ( -969.9082733114160000, 32.06201920788355900, -63.86921591007979500 ) ) ;
#86 = CARTESIAN_POINT ( 'NONE',  ( -139.3160054814839000, 322.3370741861045300, 239.9999999999999400 ) ) ;
#87 = ORIENTED_EDGE ( 'NONE', *, *, #41, .T. ) ;
#88 = CARTESIAN_POINT ( 'NONE',  ( -171.2760718788890400, 285.8305372391480400, 239.9999999999998900 ) ) ;
#89 = CARTESIAN_POINT ( 'NONE',  ( -933.3015705470804700, 6.534654734046124100, 69.30970113815264700 ) ) ;
#90 = CARTESIAN_POINT ( 'NONE',  ( -738.8592291544625800, 137.2125294023039700, -106.2991128776066600 ) ) ;
#91 = CARTESIAN_POINT ( 'NONE',  ( -1007.589910239763600, 0.8351890653911342400, -39.56955737032578200 ) ) ;
#92 = CARTESIAN_POINT ( 'NONE',  ( -765.8745106486501300, -48.45315784572763800, 62.20392493036212800 ) ) ;
#93 = EDGE_CURVE ( 'NONE', #1114, #6207, #6346, .T. ) ;
#94 = UNCERTAINTY_MEASURE_WITH_UNIT (LENGTH_MEASURE( 1.000000000000000100E-005 ), #2032, 'distance_accuracy_value', 'NONE');
#95 = ORIENTED_EDGE ( 'NONE', *, *, #3269, .F. ) ;
#96 = DIRECTION ( 'NONE',  ( -0.9396926207859104300, 0.3420201433256637200, 0.0000000000000000000 ) ) ;
#97 = DIRECTION ( 'NONE',  ( 1.000000000000000000, 0.0000000000000000000, 0.0000000000000000000 ) ) ;
#98 = CARTESIAN_POINT ( 'NONE',  ( -1030.865723396515200, 33.22819818371606700, 25.60488956784994800 ) ) ;
#99 = PLANE ( 'NONE',  #269 ) ;
#100 = CARTESIAN_POINT ( 'NONE',  ( -5.573319583618287100E-011, 139.6968458551434700, 144.0493452577863100 ) ) ;
#101 = ORIENTED_EDGE ( 'NONE', *, *, #1819, .F. ) ;
#102 = CARTESIAN_POINT ( 'NONE',  ( -1008.475061789035200, 44.98926872797071000, -43.07104054621709800 ) ) ;
#103 = ADVANCED_FACE ( 'NONE', ( #5353 ), #48, .T. ) ;
#104 = CARTESIAN_POINT ( 'NONE',  ( -616.9319087001720200, 22.69240075583863700, 451.2367140275673600 ) ) ;
#105 = CARTESIAN_POINT ( 'NONE',  ( -814.2958550370425400, 43.43407596015425300, 117.5987833506515200 ) ) ;
#106 = CARTESIAN_POINT ( 'NONE',  ( 465.9699137599470200, -201.6600000000000000, -1099.999999628405700 ) ) ;
#107 = CARTESIAN_POINT ( 'NONE',  ( -500.6785800302290000, 126.9831315268311900, -755.0000000000000000 ) ) ;
#108 = CARTESIAN_POINT ( 'NONE',  ( -155.9972209353808800, 322.4614547357144300, 239.9999999999999100 ) ) ;
#109 = CARTESIAN_POINT ( 'NONE',  ( -177.7737966267456800, 289.6380770467595800, 239.9999999999999700 ) ) ;
#110 = DIRECTION ( 'NONE',  ( 1.000000000000000000, 2.220446049250313600E-016, 0.0000000000000000000 ) ) ;
#111 = DIRECTION ( 'NONE',  ( 0.7071067811865482400, -0.7071067811865469100, 0.0000000000000000000 ) ) ;
#112 = CARTESIAN_POINT ( 'NONE',  ( -363.3325037834424100, 141.9740899135819900, -509.3156103644660700 ) ) ;
#113 = CARTESIAN_POINT ( 'NONE',  ( -769.4395871061526600, -48.76619127326071600, 64.67917783999278900 ) ) ;
#114 = CARTESIAN_POINT ( 'NONE',  ( -770.0781440828610600, -51.00000000000041200, -64.73844108900408400 ) ) ;
#115 = CARTESIAN_POINT ( 'NONE',  ( -395.1366864534508600, 150.2988450810441100, 685.0000000000000000 ) ) ;
#116 = AXIS2_PLACEMENT_3D ( 'NONE', #3913, #4508, #2860 ) ;
#117 = CARTESIAN_POINT ( 'NONE',  ( -938.3746904046397500, 6.037834393725156600, -53.80605784399198700 ) ) ;
#118 = CARTESIAN_POINT ( 'NONE',  ( -390.9140106874749000, 82.58970804622003900, -650.0000000000000000 ) ) ;
#119 = CARTESIAN_POINT ( 'NONE',  ( -919.3092125744856300, 76.30036816899399800, 83.13133380108502000 ) ) ;
#120 = CARTESIAN_POINT ( 'NONE',  ( -769.9169775291858300, 22.53522073395985000, 64.73158886998182000 ) ) ;
#121 = VECTOR ( 'NONE', #2464, 1000.000000000000000 ) ;
#122 = ORIENTED_EDGE ( 'NONE', *, *, #5167, .F. ) ;
#123 = CARTESIAN_POINT ( 'NONE',  ( -923.1077413794375800, 75.04089419066011100, -103.9163419255811200 ) ) ;
#124 = CARTESIAN_POINT ( 'NONE',  ( -738.2234280339896500, -34.33103857364492500, 123.2486460347947900 ) ) ;
#125 = CARTESIAN_POINT ( 'NONE',  ( -14.62674840205268400, 302.0875313624765700, 144.1980602480840900 ) ) ;
#126 = LINE ( 'NONE', #4525, #5576 ) ;
#127 = B_SPLINE_CURVE_WITH_KNOTS ( 'NONE', 3,
 ( #409, #4009, #4540, #1377 ),
 .UNSPECIFIED., .F., .F.,
 ( 4, 4 ),
 ( 0.0000000000000000000, 0.0003612493835166366400 ),
 .UNSPECIFIED. ) ;
#128 = CARTESIAN_POINT ( 'NONE',  ( -184.6267484020527300, 302.0000000000000600, 138.5313935814176000 ) ) ;
#129 = ORIENTED_EDGE ( 'NONE', *, *, #798, .F. ) ;
#130 = CARTESIAN_POINT ( 'NONE',  ( -145.4005399374369200, 322.9120890120078100, 240.0000000000000300 ) ) ;
#131 = CARTESIAN_POINT ( 'NONE',  ( -184.6267484020528700, 296.8509855691290200, -138.5313935814173500 ) ) ;
#132 = EDGE_CURVE ( 'NONE', #2836, #1497, #990, .T. ) ;
#133 = CARTESIAN_POINT ( 'NONE',  ( -159.9826546963314500, 282.2304425672372200, 239.9999999999999400 ) ) ;
#134 = CARTESIAN_POINT ( 'NONE',  ( -931.6619566606490300, 6.695225261043985300, 49.82001358179697100 ) ) ;
#135 = CARTESIAN_POINT ( 'NONE',  ( -731.9583255132372400, 51.42483651098777400, 120.2886885644074400 ) ) ;
#136 = CIRCLE ( 'NONE', #3899, 369.9999999999997700 ) ;
#137 = ORIENTED_EDGE ( 'NONE', *, *, #2428, .T. ) ;
#138 = CARTESIAN_POINT ( 'NONE',  ( -750.6785800302290000, -23.06546278693386000, -655.0000000000000000 ) ) ;
#139 = ADVANCED_FACE ( 'NONE', ( #5038 ), #2053, .T. ) ;
#140 = CARTESIAN_POINT ( 'NONE',  ( -886.8576701218563600, 27.32191576915200000, 110.9494025142879700 ) ) ;
#141 = DIRECTION ( 'NONE',  ( -0.9396926207859104300, 0.3420201433256637200, 0.0000000000000000000 ) ) ;
#142 = CARTESIAN_POINT ( 'NONE',  ( -688.6248947819867700, 15.14529607312527800, -479.9148654927763000 ) ) ;
#143 = CARTESIAN_POINT ( 'NONE',  ( -1007.589910239763600, 0.8351890653911335800, 39.56955737032694000 ) ) ;
#144 = CARTESIAN_POINT ( 'NONE',  ( -875.7415570238254100, 12.17161705909167300, 89.19141765913870800 ) ) ;
#145 = EDGE_CURVE ( 'NONE', #5266, #4473, #2780, .T. ) ;
#146 = CARTESIAN_POINT ( 'NONE',  ( -595.7506258156511200, -23.31838057145974100, 0.0000000000000000000 ) ) ;
#147 = FACE_OUTER_BOUND ( 'NONE', #3758, .T. ) ;
#148 = CARTESIAN_POINT ( 'NONE',  ( -765.2965473559073600, -48.39838701071539600, -58.93621015006602400 ) ) ;
#149 = CARTESIAN_POINT ( 'NONE',  ( -766.4225909152171400, 22.87743270519446200, 62.99348629747629500 ) ) ;
#150 = AXIS2_PLACEMENT_3D ( 'NONE', #3041, #2499, #5699 ) ;
#151 = CARTESIAN_POINT ( 'NONE',  ( -533.3592136239985800, -3.954536307887489800, 123.3249956252032900 ) ) ;
#152 = CARTESIAN_POINT ( 'NONE',  ( -738.1947984173963300, -31.16031045985339200, 123.2489932758588800 ) ) ;
#153 = LINE ( 'NONE', #5640, #974 ) ;
#154 = CARTESIAN_POINT ( 'NONE',  ( -28.90978129462048700, 297.6461860236193500, 143.7219591516651200 ) ) ;
#155 = ORIENTED_EDGE ( 'NONE', *, *, #3839, .F. ) ;
#156 = VERTEX_POINT ( 'NONE', #5827 ) ;
#157 = CARTESIAN_POINT ( 'NONE',  ( -151.6709158667303800, 322.9053225398940900, 240.0000000000000000 ) ) ;
#158 = CARTESIAN_POINT ( 'NONE',  ( -174.1189674324201100, 311.6024072408258100, -138.8816529470719000 ) ) ;
#159 = CIRCLE ( 'NONE', #5325, 24.99999999999998600 ) ;
#160 = CARTESIAN_POINT ( 'NONE',  ( -175.3583073961006600, 287.9815310184572500, 239.9999999999999400 ) ) ;
#161 = ORIENTED_EDGE ( 'NONE', *, *, #4213, .F. ) ;
#162 = B_SPLINE_CURVE_WITH_KNOTS ( 'NONE', 3,
 ( #5838, #5887, #2688, #6419, #3254, #80 ),
 .UNSPECIFIED., .F., .F.,
 ( 4, 1, 1, 4 ),
 ( 0.0000000000000000000, 0.08409707550759747100, 0.1681940720496415700, 1.000000000000000000 ),
 .UNSPECIFIED. ) ;
#163 = ORIENTED_EDGE ( 'NONE', *, *, #4332, .T. ) ;
#164 = CARTESIAN_POINT ( 'NONE',  ( -128.1673155936132700, 277.9449854739640400, -140.4133746750320300 ) ) ;
#165 = CARTESIAN_POINT ( 'NONE',  ( -1014.408165439161500, 0.4519987635994183200, -23.80246345036909300 ) ) ;
#166 = CARTESIAN_POINT ( 'NONE',  ( -733.1112887348751900, 26.14035062502194500, 95.15374386093374400 ) ) ;
#167 = CARTESIAN_POINT ( 'NONE',  ( -5.573319583618287100E-011, 138.8521786950651300, -143.8406521959325300 ) ) ;
#168 = FACE_OUTER_BOUND ( 'NONE', #1465, .T. ) ;
#169 = CARTESIAN_POINT ( 'NONE',  ( -966.0375125829712000, -38.04515784016415800, -0.0000000000000000000 ) ) ;
#170 = CARTESIAN_POINT ( 'NONE',  ( -649.9113391822240800, -19.22954615721651800, -269.7564038647546500 ) ) ;
#171 = ORIENTED_EDGE ( 'NONE', *, *, #6073, .F. ) ;
#172 = CARTESIAN_POINT ( 'NONE',  ( -711.8568504542175800, -28.00425256398110500, -269.8670942215699100 ) ) ;
#173 = CARTESIAN_POINT ( 'NONE',  ( -732.0292283200511700, 51.41795547781588000, -120.2871615022315300 ) ) ;
#174 = CARTESIAN_POINT ( 'NONE',  ( -342.6364562004772000, 111.5216994009667400, 650.0000000000000000 ) ) ;
#175 = ADVANCED_FACE ( 'NONE', ( #6772 ), #3859, .T. ) ;
#176 = EDGE_LOOP ( 'NONE', ( #4643, #5032, #3981, #1262, #4176 ) ) ;
#177 = CARTESIAN_POINT ( 'NONE',  ( -389.5073806566535900, 174.5366488454392900, 763.9905821034216200 ) ) ;
#178 = EDGE_CURVE ( 'NONE', #5367, #1629, #3966, .T. ) ;
#179 = DIRECTION ( 'NONE',  ( -0.3420201433256636100, -0.9396926207859102000, 0.0000000000000000000 ) ) ;
#180 = CARTESIAN_POINT ( 'NONE',  ( -1022.781778832338100, 22.19287556238583600, 54.60689074272178100 ) ) ;
#181 = CARTESIAN_POINT ( 'NONE',  ( -153.7273285245733500, 322.7368086167111300, 239.9999999999999400 ) ) ;
#182 = CARTESIAN_POINT ( 'NONE',  ( -935.7745354541992800, -44.47907115522036000, -68.19774244339259900 ) ) ;
#183 = CARTESIAN_POINT ( 'NONE',  ( -166.9403349559072800, 284.1145872590310500, 240.0000000000000600 ) ) ;
#184 = ORIENTED_EDGE ( 'NONE', *, *, #6461, .T. ) ;
#185 = CARTESIAN_POINT ( 'NONE',  ( -172.5187303640434500, 281.2249801341737900, -138.9349941826843100 ) ) ;
#186 = CARTESIAN_POINT ( 'NONE',  ( -728.8132059354370500, 26.56059357367259800, -95.29813132852537200 ) ) ;
#187 = DIRECTION ( 'NONE',  ( -0.3369239494665964800, -0.9256909432329597500, -0.1719840977890211600 ) ) ;
#188 = EDGE_CURVE ( 'NONE', #1954, #2836, #2547, .T. ) ;
#189 = CARTESIAN_POINT ( 'NONE',  ( -733.9389794829785400, 26.05957004490587500, 120.2209858787206300 ) ) ;
#190 = DIRECTION ( 'NONE',  ( 0.0000000000000000000, 0.0000000000000000000, 1.000000000000000000 ) ) ;
#191 = CARTESIAN_POINT ( 'NONE',  ( -750.6785800302290000, -23.06546278693414100, -1.480452460431675500E-028 ) ) ;
#192 = CARTESIAN_POINT ( 'NONE',  ( -930.0000000000558200, -51.00000000000041200, -69.73844108900408400 ) ) ;
#193 = CARTESIAN_POINT ( 'NONE',  ( -731.6540543439579100, 49.79367726020525700, -120.2952210534877100 ) ) ;
#194 = DIRECTION ( 'NONE',  ( 1.110223024625156700E-015, -1.000000000000000000, 0.0000000000000000000 ) ) ;
#195 = CARTESIAN_POINT ( 'NONE',  ( -780.0819614270687900, 125.3898702392789800, 94.44150617806715800 ) ) ;
#196 = CARTESIAN_POINT ( 'NONE',  ( -388.9432538963668500, 74.58854699431687200, 650.0000000000000000 ) ) ;
#197 = CARTESIAN_POINT ( 'NONE',  ( -918.9483379989701500, 76.50511764219056900, -81.22163257603104100 ) ) ;
#198 = CARTESIAN_POINT ( 'NONE',  ( -855.9382576578459500, 74.74293838646909200, -114.8260798189215300 ) ) ;
#199 = CARTESIAN_POINT ( 'NONE',  ( -14.64420709051241500, 301.8801651816349400, 144.1974782918020100 ) ) ;
#200 = CARTESIAN_POINT ( 'NONE',  ( -250.6785800302290900, 221.9345372130658200, -650.0000000000000000 ) ) ;
#201 = CARTESIAN_POINT ( 'NONE',  ( -159.0272843291928700, 321.9592040188130700, 240.0000000000000000 ) ) ;
#202 = CARTESIAN_POINT ( 'NONE',  ( -931.5811884387760500, -44.47907115522036000, -69.66522907176320700 ) ) ;
#203 = CARTESIAN_POINT ( 'NONE',  ( -139.3517418926579400, 281.6585719581780700, 240.0000000000000300 ) ) ;
#204 = B_SPLINE_CURVE_WITH_KNOTS ( 'NONE', 3,
 ( #3280, #2735, #6422, #3235, #5333, #704, #4389 ),
 .UNSPECIFIED., .F., .F.,
 ( 4, 1, 1, 1, 4 ),
 ( 0.0000000000000000000, 0.2982968211775609600, 0.6153669425867313000, 0.7410739866888770300, 1.000000000000000000 ),
 .UNSPECIFIED. ) ;
#205 = CARTESIAN_POINT ( 'NONE',  ( -174.1901682143797500, 282.0893693918649200, -138.8792795876731200 ) ) ;
#206 = CARTESIAN_POINT ( 'NONE',  ( -516.1611622597002900, 10.16888668989800400, -210.4185866888561500 ) ) ;
#207 = DIRECTION ( 'NONE',  ( -0.9396926207859102000, 0.3420201433256636100, -0.0000000000000000000 ) ) ;
#208 = ADVANCED_FACE ( 'NONE', ( #322 ), #6379, .F. ) ;
#209 = CARTESIAN_POINT ( 'NONE',  ( -856.4765860467987300, 38.01061816479869300, 114.7730401309547000 ) ) ;
#210 = FACE_OUTER_BOUND ( 'NONE', #3786, .T. ) ;
#211 = CARTESIAN_POINT ( 'NONE',  ( -1021.074700142277500, 20.99602887136788700, -56.80099378340558800 ) ) ;
#212 = VERTEX_POINT ( 'NONE', #4330 ) ;
#213 = CARTESIAN_POINT ( 'NONE',  ( -750.6785800302291100, 71.93453721306583800, 655.0000000000000000 ) ) ;
#214 = CARTESIAN_POINT ( 'NONE',  ( -734.6921064682864000, 124.4159463903512100, 118.6275776338026300 ) ) ;
#215 = VERTEX_POINT ( 'NONE', #3242 ) ;
#216 = CARTESIAN_POINT ( 'NONE',  ( -861.0800264558890800, 91.64005138580350300, -104.9233355974889300 ) ) ;
#217 = CARTESIAN_POINT ( 'NONE',  ( -146.7944606443223600, 280.9940507719437100, 139.7924698400084900 ) ) ;
#218 = CARTESIAN_POINT ( 'NONE',  ( -1012.809502501466100, 43.46342736086183600, -37.02459158161067900 ) ) ;
#219 = CARTESIAN_POINT ( 'NONE',  ( -168.1320475830395700, 319.4579176843958000, 239.9999999999999700 ) ) ;
#220 = FACE_OUTER_BOUND ( 'NONE', #6130, .T. ) ;
#221 = CARTESIAN_POINT ( 'NONE',  ( -940.1826256141716800, 7.164169077462492700, -57.73122555070944600 ) ) ;
#222 = ORIENTED_EDGE ( 'NONE', *, *, #4987, .F. ) ;
#223 = EDGE_CURVE ( 'NONE', #2939, #5871, #918, .T. ) ;
#224 = CARTESIAN_POINT ( 'NONE',  ( -153.3744953492061400, 281.2309013685304000, 239.9999999999999400 ) ) ;
#225 = CARTESIAN_POINT ( 'NONE',  ( -146.9854125213493900, 275.8644829610982500, -139.7861047774408700 ) ) ;
#226 = AXIS2_PLACEMENT_3D ( 'NONE', #2184, #5299, #2745 ) ;
#227 = CARTESIAN_POINT ( 'NONE',  ( -1020.631920869481100, 0.1022197289525001600, 57.37009663405524400 ) ) ;
#228 = CARTESIAN_POINT ( 'NONE',  ( -968.7894978597885300, 3.059254069401236900, 70.56854375171587900 ) ) ;
#229 = VECTOR ( 'NONE', #6447, 1000.000000000000000 ) ;
#230 = VERTEX_POINT ( 'NONE', #5853 ) ;
#231 = CARTESIAN_POINT ( 'NONE',  ( -766.2228024940204700, -48.48489451283078500, -62.74106886667761500 ) ) ;
#232 = EDGE_LOOP ( 'NONE', ( #6844, #569, #1146, #2524, #3822, #2447, #1508 ) ) ;
#233 = FACE_OUTER_BOUND ( 'NONE', #5030, .T. ) ;
#234 = EDGE_LOOP ( 'NONE', ( #6257, #821, #2376, #6124 ) ) ;
#235 = CARTESIAN_POINT ( 'NONE',  ( -5.573319583618285800E-011, 373.7893821233247400, 144.6856185281506300 ) ) ;
#236 = ORIENTED_EDGE ( 'NONE', *, *, #4109, .F. ) ;
#237 = CARTESIAN_POINT ( 'NONE',  ( -721.0375125829706300, -43.02027741034836300, 0.0000000000000000000 ) ) ;
#238 = ADVANCED_FACE ( 'NONE', ( #4358 ), #4690, .F. ) ;
#239 = CARTESIAN_POINT ( 'NONE',  ( -1030.736424814797600, 34.08496736234455700, -22.38805023055485300 ) ) ;
#240 = CARTESIAN_POINT ( 'NONE',  ( -858.7868494281706300, 83.46312312227290400, -112.1093737480393300 ) ) ;
#241 = CARTESIAN_POINT ( 'NONE',  ( -930.0000000000559300, -44.10239037126144300, -49.73844108900408400 ) ) ;
#242 = VECTOR ( 'NONE', #6783, 1000.000000000000100 ) ;
#243 = ORIENTED_EDGE ( 'NONE', *, *, #5383, .F. ) ;
#244 = DIRECTION ( 'NONE',  ( -0.0000000000000000000, -0.0000000000000000000, 1.000000000000000000 ) ) ;
#245 = CARTESIAN_POINT ( 'NONE',  ( -176.7905894479833600, 315.0769184733351300, 239.9999999999999700 ) ) ;
#246 = CARTESIAN_POINT ( 'NONE',  ( -931.5811884387760500, 7.164169077462492700, -69.66522907176320700 ) ) ;
#247 = ORIENTED_EDGE ( 'NONE', *, *, #3051, .T. ) ;
#248 = CARTESIAN_POINT ( 'NONE',  ( -140.6460425708215500, 281.5059669659028700, 239.9999999999999700 ) ) ;
#249 = CARTESIAN_POINT ( 'NONE',  ( -184.5302963307044000, 294.9492343279662200, -138.5346086504624700 ) ) ;
#250 = CARTESIAN_POINT ( 'NONE',  ( -728.9337412876578800, 26.54878752130800400, -95.29554848906605000 ) ) ;
#251 = CARTESIAN_POINT ( 'NONE',  ( -1029.126498737529300, -0.3751809786563600800, 52.81150998653615900 ) ) ;
#252 = CARTESIAN_POINT ( 'NONE',  ( -862.5200700715798800, 35.17257364488724400, 114.1447627148358800 ) ) ;
#253 = ORIENTED_EDGE ( 'NONE', *, *, #2731, .F. ) ;
#254 = CARTESIAN_POINT ( 'NONE',  ( -5.573319583618285200E-011, 133.1224548229027400, -141.5414775489616400 ) ) ;
#255 = CARTESIAN_POINT ( 'NONE',  ( -938.9537712520668700, 69.46265942215609400, -76.32133650644030400 ) ) ;
#256 = CARTESIAN_POINT ( 'NONE',  ( -855.3638864233428200, 72.96577670751436500, -114.8816014359633800 ) ) ;
#257 = DIRECTION ( 'NONE',  ( -2.018587317500284600E-016, -0.0000000000000000000, -1.000000000000000000 ) ) ;
#258 = CARTESIAN_POINT ( 'NONE',  ( -998.1388885930439300, 22.00633187007468500, 77.90512235613456900 ) ) ;
#259 = EDGE_LOOP ( 'NONE', ( #4867, #2456, #6661, #3480 ) ) ;
#260 = CARTESIAN_POINT ( 'NONE',  ( -765.7245514187940200, 22.94579304950080400, 61.91511120609600700 ) ) ;
#261 = CARTESIAN_POINT ( 'NONE',  ( -738.6411727530563700, 136.4814618256570800, 107.7344185163119200 ) ) ;
#262 = CARTESIAN_POINT ( 'NONE',  ( -179.5242156581896600, 291.0987813759614400, 138.7014780062130200 ) ) ;
#263 = EDGE_CURVE ( 'NONE', #523, #1265, #1038, .T. ) ;
#264 =( BOUNDED_SURFACE ( )  B_SPLINE_SURFACE ( 3, 2, ( 
 ( #1013, #1532, #4652 ),
 ( #1988, #5233, #5188 ),
 ( #1477, #6739, #2049 ),
 ( #6786, #4173, #421 ) ),
 .UNSPECIFIED., .F., .F., .F. ) 
 B_SPLINE_SURFACE_WITH_KNOTS ( ( 4, 4 ),
 ( 3, 3 ),
 ( 1.468631245936000500, 1.549262254961220100 ),
 ( 0.0000000000000000000, 1.000000000000000000 ),
 .UNSPECIFIED. ) 
 GEOMETRIC_REPRESENTATION_ITEM ( )  RATIONAL_B_SPLINE_SURFACE ( (
 ( 1.000000000000000000, 0.7035835868435435000, 1.000000000000000000),
 ( 1.000000000000000000, 0.7045095346770087200, 1.000000000000000000),
 ( 1.000000000000000000, 0.7054374787216465300, 1.000000000000000000),
 ( 1.000000000000000000, 0.7063643995492552300, 1.000000000000000000) ) ) 
 REPRESENTATION_ITEM ( '' )  SURFACE ( )  );
#265 = CARTESIAN_POINT ( 'NONE',  ( -729.1387881644699300, 28.41802251108948600, 104.9133078089565900 ) ) ;
#266 = CARTESIAN_POINT ( 'NONE',  ( -738.1947984173963300, -31.16031045985339200, -123.2489932758588800 ) ) ;
#267 = CARTESIAN_POINT ( 'NONE',  ( -175.6657478100011600, 315.8206757497152400, 240.0000000000000000 ) ) ;
#268 = ORIENTED_EDGE ( 'NONE', *, *, #1807, .F. ) ;
#269 = AXIS2_PLACEMENT_3D ( 'NONE', #1704, #5378, #2218 ) ;
#270 = CARTESIAN_POINT ( 'NONE',  ( -930.2000504294431900, 7.164169077462492700, -69.74121535644221100 ) ) ;
#271 = CARTESIAN_POINT ( 'NONE',  ( -14.62674840205265900, 296.7907676215860400, -144.1980602480840600 ) ) ;
#272 = CARTESIAN_POINT ( 'NONE',  ( -770.0781411151467600, 22.51943767543320600, 54.73844108899106000 ) ) ;
#273 = EDGE_CURVE ( 'NONE', #3253, #5823, #6704, .T. ) ;
#274 = ADVANCED_FACE ( 'NONE', ( #980 ), #2920, .T. ) ;
#275 = CARTESIAN_POINT ( 'NONE',  ( -859.5490727613276900, 36.38491377651723000, 114.4616556329276900 ) ) ;
#276 = CARTESIAN_POINT ( 'NONE',  ( -939.5843747981613200, -44.47907115696418900, 55.80193453844437800 ) ) ;
#277 = CARTESIAN_POINT ( 'NONE',  ( -993.4463189661401000, 1.630067938277779200, 80.73639523506105300 ) ) ;
#278 = CARTESIAN_POINT ( 'NONE',  ( -769.7567130265895200, 22.55091574353121300, 54.75612287880492300 ) ) ;
#279 = CARTESIAN_POINT ( 'NONE',  ( -1029.706934834912100, 29.34182131440267900, -37.71666584571069300 ) ) ;
#280 = CARTESIAN_POINT ( 'NONE',  ( -139.2966639815496100, 281.6606173884614500, 140.0423963954343400 ) ) ;
#281 = AXIS2_PLACEMENT_3D ( 'NONE', #5947, #3823, #6522 ) ;
#282 = PLANE ( 'NONE',  #5288 ) ;
#283 = LINE ( 'NONE', #2114, #1680 ) ;
#284 = ORIENTED_EDGE ( 'NONE', *, *, #886, .F. ) ;
#285 = CARTESIAN_POINT ( 'NONE',  ( -509.9347532766029800, 52.94824139816269300, -576.1700571523291500 ) ) ;
#286 = VERTEX_POINT ( 'NONE', #2724 ) ;
#287 = CARTESIAN_POINT ( 'NONE',  ( -161.2460480930646200, 321.4933946196882700, 239.9999999999998600 ) ) ;
#288 = B_SPLINE_CURVE_WITH_KNOTS ( 'NONE', 3,
 ( #1707, #2173, #688, #5866, #613, #3794 ),
 .UNSPECIFIED., .F., .F.,
 ( 4, 1, 1, 4 ),
 ( 0.0000000000000000000, 0.6778353750968978400, 0.7778353750968976000, 1.000000000000000000 ),
 .UNSPECIFIED. ) ;
#289 = DIRECTION ( 'NONE',  ( 7.407993880335560700E-016, -0.7337594885205347400, -0.6794093118335097200 ) ) ;
#290 = CARTESIAN_POINT ( 'NONE',  ( -663.0707898217588100, 63.20167647951369400, 650.0000000000000000 ) ) ;
#291 = FACE_OUTER_BOUND ( 'NONE', #849, .T. ) ;
#292 = ORIENTED_EDGE ( 'NONE', *, *, #1109, .F. ) ;
#293 = CARTESIAN_POINT ( 'NONE',  ( -411.3112921771536900, 151.3384461023320000, 755.0000000000000000 ) ) ;
#294 = CARTESIAN_POINT ( 'NONE',  ( -969.3012010720884700, 3.009141994146537200, 69.97827981301978200 ) ) ;
#295 = B_SPLINE_CURVE_WITH_KNOTS ( 'NONE', 3,
 ( #241, #4966, #3939, #2442, #6708, #3050, #6214, #4623, #4574, #5590 ),
 .UNSPECIFIED., .F., .F.,
 ( 4, 2, 2, 2, 4 ),
 ( 0.0000000000000000000, 0.04011238801426877900, 0.06016858202140332900, 0.08022477602853789200, 0.1604495520570754500 ),
 .UNSPECIFIED. ) ;
#296 = CARTESIAN_POINT ( 'NONE',  ( -250.6785800302290900, 221.9345372130658200, 650.0000000000000000 ) ) ;
#297 = CARTESIAN_POINT ( 'NONE',  ( -729.3621544948700800, 29.88453673232986000, -107.8242222202758700 ) ) ;
#298 = VECTOR ( 'NONE', #842, 1000.000000000000000 ) ;
#299 = ORIENTED_EDGE ( 'NONE', *, *, #1366, .F. ) ;
#300 = CARTESIAN_POINT ( 'NONE',  ( -997.3229168504067300, 1.412200658717064800, 78.43106737193477300 ) ) ;
#301 = CARTESIAN_POINT ( 'NONE',  ( -769.9173643782909300, 22.53518284908636800, 54.74699134078029100 ) ) ;
#302 = EDGE_CURVE ( 'NONE', #4440, #4826, #6105, .T. ) ;
#303 = CARTESIAN_POINT ( 'NONE',  ( -889.8048394498115400, -74.52220209115317600, 0.0000000000000000000 ) ) ;
#304 = ADVANCED_FACE ( 'NONE', ( #3642 ), #3141, .T. ) ;
#305 = CARTESIAN_POINT ( 'NONE',  ( -1015.922080522582000, 0.3669157679154029800, -16.25683681005505600 ) ) ;
#306 = PLANE ( 'NONE',  #1517 ) ;
#307 = LINE ( 'NONE', #329, #3696 ) ;
#308 = CARTESIAN_POINT ( 'NONE',  ( -180.8521528847355500, 292.4589562261586500, 138.6572134319947900 ) ) ;
#309 = ORIENTED_EDGE ( 'NONE', *, *, #5250, .F. ) ;
#310 = CARTESIAN_POINT ( 'NONE',  ( -728.8036256399489000, 26.76552443163117100, 98.58360506039349500 ) ) ;
#311 = PLANE ( 'NONE',  #3541 ) ;
#312 = CARTESIAN_POINT ( 'NONE',  ( -181.8981143456209700, 310.2058481173314100, 239.9999999999999700 ) ) ;
#313 = CARTESIAN_POINT ( 'NONE',  ( -345.0319055377163400, 151.8746835953304500, -650.0000000000000000 ) ) ;
#314 = EDGE_CURVE ( 'NONE', #6476, #4169, #6762, .T. ) ;
#315 = CIRCLE ( 'NONE', #3091, 200.0000000000001700 ) ;
#316 = CARTESIAN_POINT ( 'NONE',  ( -532.1764711619969100, 0.3009072780147670800, 69.90283081991590600 ) ) ;
#317 = ORIENTED_EDGE ( 'NONE', *, *, #5383, .T. ) ;
#318 = CARTESIAN_POINT ( 'NONE',  ( -5.573319583618285800E-011, 400.0000000000000000, 144.6856185281506300 ) ) ;
#319 = CARTESIAN_POINT ( 'NONE',  ( -250.6785800302290300, -23.06546278693358300, -751.9000000000000900 ) ) ;
#320 = ORIENTED_EDGE ( 'NONE', *, *, #2082, .F. ) ;
#321 = CARTESIAN_POINT ( 'NONE',  ( -994.3096597503963500, 22.17500614497088000, -80.23718975910217900 ) ) ;
#322 = FACE_OUTER_BOUND ( 'NONE', #2380, .T. ) ;
#323 = SURFACE_SIDE_STYLE ('',( #2523 ) ) ;
#324 = ORIENTED_EDGE ( 'NONE', *, *, #2167, .T. ) ;
#325 = ORIENTED_EDGE ( 'NONE', *, *, #3178, .T. ) ;
#326 = DIRECTION ( 'NONE',  ( -0.9396926207859102000, 0.3420201433256636100, -0.0000000000000000000 ) ) ;
#327 = CARTESIAN_POINT ( 'NONE',  ( -532.1764711619969100, 0.3009072780147670800, 69.90283081991590600 ) ) ;
#328 = ORIENTED_EDGE ( 'NONE', *, *, #4865, .F. ) ;
#329 = CARTESIAN_POINT ( 'NONE',  ( -500.6785800302290000, 221.9345372130657900, -655.0000000000000000 ) ) ;
#330 = FACE_OUTER_BOUND ( 'NONE', #5297, .T. ) ;
#331 = CARTESIAN_POINT ( 'NONE',  ( -768.0314034738755700, -49.25061185733253700, -55.24532406218320800 ) ) ;
#332 = CARTESIAN_POINT ( 'NONE',  ( -1014.347005588278200, 0.4554359863246020800, -23.78774142552712000 ) ) ;
#333 = CARTESIAN_POINT ( 'NONE',  ( -487.8934483690582100, 14.25901609283089800, 71.06989107225562900 ) ) ;
#334 = CARTESIAN_POINT ( 'NONE',  ( -915.1432424847928400, 25.13652624751789900, -105.8215100661229000 ) ) ;
#335 = CARTESIAN_POINT ( 'NONE',  ( -903.4761419233898300, -47.56109419493347400, 68.90916550548588800 ) ) ;
#336 = CARTESIAN_POINT ( 'NONE',  ( -184.1818011619280100, 305.4793383340147000, 240.0000000000000000 ) ) ;
#337 = CARTESIAN_POINT ( 'NONE',  ( -769.3183687652835900, -49.25060836388760100, 54.81622354801171300 ) ) ;
#338 = CARTESIAN_POINT ( 'NONE',  ( -516.1611622597005200, 10.16888668989803100, 210.4185866888561500 ) ) ;
#339 = DIRECTION ( 'NONE',  ( -0.0000000000000000000, -0.0000000000000000000, -1.000000000000000000 ) ) ;
#340 = CARTESIAN_POINT ( 'NONE',  ( -328.9042016454120000, 142.3159073641449200, -595.8288105596224100 ) ) ;
#341 = AXIS2_PLACEMENT_3D ( 'NONE', #1935, #4519, #5604 ) ;
#342 = CARTESIAN_POINT ( 'NONE',  ( -387.7511595650144600, 179.3618266382878800, -760.3244722217750700 ) ) ;
#343 = ADVANCED_FACE ( 'NONE', ( #6839 ), #893, .T. ) ;
#344 = DIRECTION ( 'NONE',  ( -1.000000000000000000, 0.0000000000000000000, 0.0000000000000000000 ) ) ;
#345 = B_SPLINE_CURVE_WITH_KNOTS ( 'NONE', 3,
 ( #4381, #3928, #3374, #752 ),
 .UNSPECIFIED., .F., .F.,
 ( 4, 4 ),
 ( 0.0000000000000000000, 2.894110820989923200E-005 ),
 .UNSPECIFIED. ) ;
#346 = ORIENTED_EDGE ( 'NONE', *, *, #5936, .T. ) ;
#347 = SURFACE_STYLE_USAGE ( .BOTH. , #1965 ) ;
#348 = CARTESIAN_POINT ( 'NONE',  ( -855.3638864233430500, 72.96577670751425200, 114.8816014359641600 ) ) ;
#349 = CARTESIAN_POINT ( 'NONE',  ( -976.9540680270084700, 2.556942986274761200, 66.09136683665653300 ) ) ;
#350 = CARTESIAN_POINT ( 'NONE',  ( -366.7937014670116600, 102.8553146867645300, 592.9706722561451200 ) ) ;
#351 =( BOUNDED_CURVE ( )  B_SPLINE_CURVE ( 3, ( #3401, #3304, #144, #3855 ),
 .UNSPECIFIED., .F., .F. ) 
 B_SPLINE_CURVE_WITH_KNOTS ( ( 4, 4 ),
 ( 4.733923052218422400, 4.814073160593333800 ),
 .UNSPECIFIED. ) 
 CURVE ( )  GEOMETRIC_REPRESENTATION_ITEM ( )  RATIONAL_B_SPLINE_CURVE ( ( 1.000000000000000000, 0.9994647349864559400, 0.9994647349864559400, 1.000000000000000000 ) ) 
 REPRESENTATION_ITEM ( '' )  );
#352 = CARTESIAN_POINT ( 'NONE',  ( -768.3897797076027700, -49.25061185733253700, -55.08625445260995700 ) ) ;
#353 = CARTESIAN_POINT ( 'NONE',  ( -1016.963006342031200, 0.3084150712954197800, -4.276171841484506700 ) ) ;
#354 = CARTESIAN_POINT ( 'NONE',  ( -366.0172453933366800, 121.2709318782747800, 509.5164487769175700 ) ) ;
#355 = CARTESIAN_POINT ( 'NONE',  ( -905.4418960678215200, 22.92636367943854500, -107.7457635968348500 ) ) ;
#356 = EDGE_CURVE ( 'NONE', #2240, #2961, #3975, .T. ) ;
#357 = EDGE_LOOP ( 'NONE', ( #5405, #2602, #6180, #2629 ) ) ;
#358 = CARTESIAN_POINT ( 'NONE',  ( -188.0720403317620500, 333.7935115107852100, 136.9434499693953700 ) ) ;
#359 = CARTESIAN_POINT ( 'NONE',  ( -965.5218452665626500, -37.86112661497390500, 62.35021923255894900 ) ) ;
#360 = AXIS2_PLACEMENT_3D ( 'NONE', #4911, #1178, #6483 ) ;
#361 = CARTESIAN_POINT ( 'NONE',  ( -858.1257941851189300, 81.36043793417363200, 113.0815573237748900 ) ) ;
#362 = CARTESIAN_POINT ( 'NONE',  ( -21.51100062372087900, 294.1037949608090700, -143.9685851740285000 ) ) ;
#363 = CARTESIAN_POINT ( 'NONE',  ( -139.7230099870906200, 281.6136874420195700, 239.9999999999999400 ) ) ;
#364 = CARTESIAN_POINT ( 'NONE',  ( -390.9140106874749000, 82.58970804622003900, 650.0000000000000000 ) ) ;
#365 = DIRECTION ( 'NONE',  ( -6.530723674265633100E-016, -0.0000000000000000000, -1.000000000000000000 ) ) ;
#366 = EDGE_CURVE ( 'NONE', #858, #960, #1716, .T. ) ;
#367 = CARTESIAN_POINT ( 'NONE',  ( -515.1253989649039800, 7.202741035155859200, -210.5078935649555100 ) ) ;
#368 = CARTESIAN_POINT ( 'NONE',  ( -932.9810576344058300, -44.47907115696418900, 69.39802070663799300 ) ) ;
#369 = AXIS2_PLACEMENT_3D ( 'NONE', #5783, #4133, #2606 ) ;
#370 = CARTESIAN_POINT ( 'NONE',  ( -184.6267484020548600, 283.4185262867598600, -137.9225819429058500 ) ) ;
#371 = CARTESIAN_POINT ( 'NONE',  ( -865.5417086456362800, 34.06871892430486100, -113.8052739312004300 ) ) ;
#372 = CARTESIAN_POINT ( 'NONE',  ( -770.0781440828610600, -48.81333152918462300, -54.73844108900409100 ) ) ;
#373 = LINE ( 'NONE', #4127, #6226 ) ;
#374 = CARTESIAN_POINT ( 'NONE',  ( -765.3333707031373500, -49.25061185733253700, -60.94816340151915300 ) ) ;
#375 = VERTEX_POINT ( 'NONE', #2450 ) ;
#376 = ADVANCED_FACE ( 'NONE', ( #6260, #2223 ), #2412, .T. ) ;
#377 = CARTESIAN_POINT ( 'NONE',  ( -1097.718637244816400, -4.230103020511854200, 0.6662758696049639900 ) ) ;
#378 = CARTESIAN_POINT ( 'NONE',  ( -393.1649503368307100, 164.4875587390706400, 760.0982777484952100 ) ) ;
#379 = DIRECTION ( 'NONE',  ( -0.0000000000000000000, -1.000000000000000000, -0.0000000000000000000 ) ) ;
#380 = DIRECTION ( 'NONE',  ( 0.05611209390458357600, -0.9984244753198127100, 0.0000000000000000000 ) ) ;
#381 = CARTESIAN_POINT ( 'NONE',  ( -721.2497326902922600, -38.01434301723115500, 123.2482987937306100 ) ) ;
#382 = LINE ( 'NONE', #1328, #4997 ) ;
#383 = ORIENTED_EDGE ( 'NONE', *, *, #4071, .F. ) ;
#384 = CARTESIAN_POINT ( 'NONE',  ( -367.9313192756203000, 108.1367673492333400, 593.0918799415275100 ) ) ;
#385 = CARTESIAN_POINT ( 'NONE',  ( -920.2589775552888800, 73.58137228624283900, -91.54189638380881900 ) ) ;
#386 = CARTESIAN_POINT ( 'NONE',  ( -148.0353020443914100, 281.0019720854227800, 240.0000000000000600 ) ) ;
#387 = CARTESIAN_POINT ( 'NONE',  ( -491.9358619908306900, 10.55433085830978400, 0.0000000000000000000 ) ) ;
#388 = CARTESIAN_POINT ( 'NONE',  ( -334.4625401839086300, 122.2302905045113700, -594.8760977917967200 ) ) ;
#389 = CARTESIAN_POINT ( 'NONE',  ( -973.7201394623941700, 2.738691839376771000, -67.46626139458493300 ) ) ;
#390 = CARTESIAN_POINT ( 'NONE',  ( -372.4858471441371000, 106.2344382435709300, -593.0514773797333400 ) ) ;
#391 = LINE ( 'NONE', #5104, #1533 ) ;
#392 = EDGE_LOOP ( 'NONE', ( #2272, #3621, #163, #5179 ) ) ;
#393 = CARTESIAN_POINT ( 'NONE',  ( -930.5701785369145700, 7.164169369840226200, 49.73564145465413600 ) ) ;
#394 = CARTESIAN_POINT ( 'NONE',  ( -977.3011235581049000, -37.34615154684571800, -62.35021923255894900 ) ) ;
#395 = CARTESIAN_POINT ( 'NONE',  ( -1023.545375626104300, -0.06151829120912730800, -55.94215346184790100 ) ) ;
#396 = CARTESIAN_POINT ( 'NONE',  ( -855.5190440597569900, 38.93117749345982800, -114.8665956199895000 ) ) ;
#397 = LINE ( 'NONE', #5880, #3275 ) ;
#398 = VERTEX_POINT ( 'NONE', #319 ) ;
#399 = EDGE_CURVE ( 'NONE', #6090, #6228, #3122, .T. ) ;
#400 = CARTESIAN_POINT ( 'NONE',  ( -769.1331191352833200, 23.42789570974004900, -64.61942433100706800 ) ) ;
#401 = CARTESIAN_POINT ( 'NONE',  ( -1028.449823855923600, 37.41433348553561400, 0.4596685597287756800 ) ) ;
#402 = CARTESIAN_POINT ( 'NONE',  ( -952.6493089599229100, 4.639893669336397700, 106.7233425652859000 ) ) ;
#403 = DIRECTION ( 'NONE',  ( 0.3320534516538564100, -0.9432605712340359500, 0.0000000000000000000 ) ) ;
#404 = ORIENTED_EDGE ( 'NONE', *, *, #4264, .T. ) ;
#405 = FACE_OUTER_BOUND ( 'NONE', #1632, .T. ) ;
#406 = EDGE_LOOP ( 'NONE', ( #1298, #905, #1219, #1584 ) ) ;
#407 = EDGE_CURVE ( 'NONE', #2530, #4686, #3288, .T. ) ;
#408 = CARTESIAN_POINT ( 'NONE',  ( -182.5771381334976100, 309.1970489175340600, 240.0000000000000600 ) ) ;
#409 = CARTESIAN_POINT ( 'NONE',  ( -728.6948296965165400, 26.57218991196057100, 95.30066013804292900 ) ) ;
#410 = ORIENTED_EDGE ( 'NONE', *, *, #3594, .F. ) ;
#411 = EDGE_CURVE ( 'NONE', #523, #1060, #2536, .T. ) ;
#412 = CARTESIAN_POINT ( 'NONE',  ( -522.8754905669212600, 8.928908580527334500, 210.4483556475559600 ) ) ;
#413 = CARTESIAN_POINT ( 'NONE',  ( -1012.809502501466100, 43.46342736086183600, -37.02459158161067900 ) ) ;
#414 = CARTESIAN_POINT ( 'NONE',  ( -111.0814702798695100, 285.3231389869952200, 239.9999999999999400 ) ) ;
#415 = VERTEX_POINT ( 'NONE', #6153 ) ;
#416 = AXIS2_PLACEMENT_3D ( 'NONE', #6830, #995, #3659 ) ;
#417 = CARTESIAN_POINT ( 'NONE',  ( -16.52498873946946700, 298.1412287812183300, -144.1347855701701500 ) ) ;
#418 = CARTESIAN_POINT ( 'NONE',  ( -391.6511997496059500, 168.6465542961568600, 693.0957980055011400 ) ) ;
#419 = VERTEX_POINT ( 'NONE', #290 ) ;
#420 = CARTESIAN_POINT ( 'NONE',  ( -60.53916782222183500, 311.6403208167624300, 239.9999999999998600 ) ) ;
#421 = CARTESIAN_POINT ( 'NONE',  ( -729.0542768835259700, 26.53698324129729300, -95.29295773136769300 ) ) ;
#422 = CARTESIAN_POINT ( 'NONE',  ( -152.1247306682167600, 346.4479450951809000, 114.8776203492509500 ) ) ;
#423 = CARTESIAN_POINT ( 'NONE',  ( -895.0025691102605400, 24.94273628517549600, -109.6310241965547800 ) ) ;
#424 = ORIENTED_EDGE ( 'NONE', *, *, #5537, .T. ) ;
#425 = CARTESIAN_POINT ( 'NONE',  ( -913.9247648857676700, 24.62958576407292800, 106.0729063408058900 ) ) ;
#426 = B_SPLINE_CURVE_WITH_KNOTS ( 'NONE', 3,
 ( #4988, #2934, #5501, #6131, #5533, #5111 ),
 .UNSPECIFIED., .F., .F.,
 ( 4, 1, 1, 4 ),
 ( 0.0000000000000000000, 0.8318059279503584600, 0.9159029244924025100, 1.000000000000000000 ),
 .UNSPECIFIED. ) ;
#427 = CARTESIAN_POINT ( 'NONE',  ( -767.7006262591858100, 23.42789570974004900, -55.42311966974517600 ) ) ;
#428 = CARTESIAN_POINT ( 'NONE',  ( -1016.985411483050400, 0.3071558880443150400, 3.425973646238266400 ) ) ;
#429 = CARTESIAN_POINT ( 'NONE',  ( -403.6239052080296100, 141.5994251996817200, -755.0000000000000000 ) ) ;
#430 = CARTESIAN_POINT ( 'NONE',  ( -731.9078419832025000, 51.42973587772527800, 120.2897758484324300 ) ) ;
#431 = ORIENTED_EDGE ( 'NONE', *, *, #5834, .F. ) ;
#432 = CARTESIAN_POINT ( 'NONE',  ( -5.573319583618285800E-011, 145.4327230323249600, 144.6856185281506300 ) ) ;
#433 = CARTESIAN_POINT ( 'NONE',  ( -768.9458012059661800, 23.42730997547047500, 54.90091028986243100 ) ) ;
#434 = ORIENTED_EDGE ( 'NONE', *, *, #5137, .T. ) ;
#435 = CARTESIAN_POINT ( 'NONE',  ( -250.6785800302291400, 21.93453721306637400, 873.3033800018810100 ) ) ;
#436 = CARTESIAN_POINT ( 'NONE',  ( -250.6785800302290300, -23.06546278693358300, 751.9000000000000900 ) ) ;
#437 = CARTESIAN_POINT ( 'NONE',  ( -918.9483379989701500, 76.50511764219056900, -81.22163257603104100 ) ) ;
#438 = CARTESIAN_POINT ( 'NONE',  ( -103.2867028085944100, 286.3579121887311200, 239.9999999999999400 ) ) ;
#439 = CARTESIAN_POINT ( 'NONE',  ( -349.6736071063727400, 107.1828946944040700, -593.9233850239708100 ) ) ;
#440 = CARTESIAN_POINT ( 'NONE',  ( -524.0839179233563500, 24.10135128894039600, 479.8898481359895500 ) ) ;
#441 = ORIENTED_EDGE ( 'NONE', *, *, #3718, .F. ) ;
#442 = CARTESIAN_POINT ( 'NONE',  ( -14.88031074383713900, 302.5016150212122200, 239.9999999999998600 ) ) ;
#443 = EDGE_CURVE ( 'NONE', #4840, #6415, #2956, .T. ) ;
#444 = CARTESIAN_POINT ( 'NONE',  ( -774.0642468253602100, 23.59035881302527900, -479.9273741711696200 ) ) ;
#445 = CARTESIAN_POINT ( 'NONE',  ( -814.2250733321160400, 87.31717162511178300, -117.6034664767223600 ) ) ;
#446 = EDGE_LOOP ( 'NONE', ( #3470, #3476, #2921, #484 ) ) ;
#447 = CARTESIAN_POINT ( 'NONE',  ( -856.4890314590361400, 38.00183585497628500, -114.7718134927301600 ) ) ;
#448 = CARTESIAN_POINT ( 'NONE',  ( -969.8308515967182800, 2.957272304234565200, -239.9999999999998900 ) ) ;
#449 = CARTESIAN_POINT ( 'NONE',  ( -936.2426474199610300, -43.18079297761296700, 51.65477885258131600 ) ) ;
#450 = ADVANCED_FACE ( 'NONE', ( #3796 ), #1000, .F. ) ;
#451 = CARTESIAN_POINT ( 'NONE',  ( -1028.456309864910100, 37.40940996254030200, -0.9038878759252979600 ) ) ;
#452 = DIRECTION ( 'NONE',  ( -0.9396926207859102000, 0.3420201433256636100, -0.0000000000000000000 ) ) ;
#453 = CARTESIAN_POINT ( 'NONE',  ( -14.62674840205269100, 302.0000000000000600, 239.9999999999999100 ) ) ;
#454 = EDGE_CURVE ( 'NONE', #286, #823, #1566, .T. ) ;
#455 = CARTESIAN_POINT ( 'NONE',  ( -977.9970575583958000, 32.06201920788353700, -87.52448106196112600 ) ) ;
#456 = CARTESIAN_POINT ( 'NONE',  ( -861.7347391325320100, 96.59425868283175000, 91.56730516855809300 ) ) ;
#457 = CARTESIAN_POINT ( 'NONE',  ( -411.9588027525488800, 171.3279616055839100, -655.0000000000000000 ) ) ;
#458 = CARTESIAN_POINT ( 'NONE',  ( -132.6989873636203500, 282.5090329936691100, 239.9999999999999400 ) ) ;
#459 = FACE_OUTER_BOUND ( 'NONE', #5913, .T. ) ;
#460 = ORIENTED_EDGE ( 'NONE', *, *, #5049, .T. ) ;
#461 = ORIENTED_EDGE ( 'NONE', *, *, #1366, .T. ) ;
#462 = CARTESIAN_POINT ( 'NONE',  ( -977.9970575583958000, 22.89356240254242200, 87.52448106196230500 ) ) ;
#463 = CARTESIAN_POINT ( 'NONE',  ( -69.35715111042979700, 312.9383097324202400, 240.0000000000000000 ) ) ;
#464 = DIRECTION ( 'NONE',  ( -1.000000000000000000, 0.0000000000000000000, 0.0000000000000000000 ) ) ;
#465 = CYLINDRICAL_SURFACE ( 'NONE', #2170, 200.0000000000001700 ) ;
#466 = ORIENTED_EDGE ( 'NONE', *, *, #618, .F. ) ;
#467 = CARTESIAN_POINT ( 'NONE',  ( -858.5902997725838800, 36.82466308761275500, -114.5607186135614800 ) ) ;
#468 = CARTESIAN_POINT ( 'NONE',  ( -1028.972724555445400, 36.98281190417792900, -7.482664718071722700 ) ) ;
#469 = CARTESIAN_POINT ( 'NONE',  ( -507.6681307504380200, 755.5131867469334600, 650.0000000000000000 ) ) ;
#470 = CARTESIAN_POINT ( 'NONE',  ( -939.7847190476961700, -42.66722308378728500, 63.03036084415621300 ) ) ;
#471 = CARTESIAN_POINT ( 'NONE',  ( -418.4486822469645500, 71.87170263032061300, -650.0000000000000000 ) ) ;
#472 = VECTOR ( 'NONE', #1916, 999.9999999999998900 ) ;
#473 = EDGE_LOOP ( 'NONE', ( #1720, #1547, #2892, #832 ) ) ;
#474 = CARTESIAN_POINT ( 'NONE',  ( -783.4085009152377100, -49.92969643381532300, -65.15521829421858500 ) ) ;
#475 = CARTESIAN_POINT ( 'NONE',  ( -536.3057127037916400, 410.8086603323639000, -650.0000000000000000 ) ) ;
#476 = CARTESIAN_POINT ( 'NONE',  ( -919.9281327846239300, 75.38684089177860400, -87.27962050026573600 ) ) ;
#477 =( BOUNDED_SURFACE ( )  B_SPLINE_SURFACE ( 3, 2, ( 
 ( #166, #189, #3853 ),
 ( #4378, #676, #3270 ),
 ( #1225, #3246, #3807 ),
 ( #2801, #4834, #4909 ) ),
 .UNSPECIFIED., .F., .F., .F. ) 
 B_SPLINE_SURFACE_WITH_KNOTS ( ( 4, 4 ),
 ( 3, 3 ),
 ( 4.809678397221721200, 4.870489524019419000 ),
 ( 0.0000000000000000000, 1.000000000000000000 ),
 .UNSPECIFIED. ) 
 GEOMETRIC_REPRESENTATION_ITEM ( )  RATIONAL_B_SPLINE_SURFACE ( (
 ( 1.000000000000000000, 0.7059617306419783100, 1.000000000000000000),
 ( 1.000000000000000000, 0.7057237181777712400, 1.000000000000000000),
 ( 1.000000000000000000, 0.7054862917972498600, 1.000000000000000000),
 ( 1.000000000000000000, 0.7052498927114205800, 1.000000000000000000) ) ) 
 REPRESENTATION_ITEM ( '' )  SURFACE ( )  );
#478 = CARTESIAN_POINT ( 'NONE',  ( -71.44273208879982900, 290.7598731572809900, 239.9999999999999400 ) ) ;
#479 = CARTESIAN_POINT ( 'NONE',  ( -531.9501749664385700, -5.650588350028082000, -69.73714230385326100 ) ) ;
#480 = CARTESIAN_POINT ( 'NONE',  ( -133.6706168854510400, 316.4673346317786700, -140.2299312986374700 ) ) ;
#481 = ADVANCED_FACE ( 'NONE', ( #840 ), #3165, .F. ) ;
#482 = CARTESIAN_POINT ( 'NONE',  ( -932.9731677081913400, 7.164169369840226200, 50.07646085316138600 ) ) ;
#483 = CIRCLE ( 'NONE', #1540, 20.00000000000001800 ) ;
#484 = ORIENTED_EDGE ( 'NONE', *, *, #4810, .F. ) ;
#485 = CARTESIAN_POINT ( 'NONE',  ( -536.4089367922349500, -10.00669366827933300, 36.89144407851287600 ) ) ;
#486 = CARTESIAN_POINT ( 'NONE',  ( -14.62674840205208900, 301.1043781108963900, -137.9225819429059600 ) ) ;
#487 = ORIENTED_EDGE ( 'NONE', *, *, #1156, .T. ) ;
#488 = CARTESIAN_POINT ( 'NONE',  ( -1038.623791459363200, 20.76436957200666500, -17.44327277259031900 ) ) ;
#489 = VECTOR ( 'NONE', #4608, 1000.000000000000000 ) ;
#490 = CARTESIAN_POINT ( 'NONE',  ( -1029.116794953163400, 36.85077647405886800, -8.566006217983263200 ) ) ;
#491 = EDGE_CURVE ( 'NONE', #3954, #6207, #2622, .T. ) ;
#492 = ORIENTED_EDGE ( 'NONE', *, *, #3546, .T. ) ;
#493 = FACE_OUTER_BOUND ( 'NONE', #3550, .T. ) ;
#494 = VERTEX_POINT ( 'NONE', #3335 ) ;
#495 = CARTESIAN_POINT ( 'NONE',  ( -883.3904962088370200, 89.02244790990573600, -111.8941624635404500 ) ) ;
#496 = CARTESIAN_POINT ( 'NONE',  ( -939.2389473896261100, -42.72338812227279400, 55.20835895578251500 ) ) ;
#497 = AXIS2_PLACEMENT_3D ( 'NONE', #3423, #5631, #344 ) ;
#498 = SURFACE_SIDE_STYLE ('',( #4576 ) ) ;
#499 = CARTESIAN_POINT ( 'NONE',  ( -178.1861452253120300, 314.0489323540597300, 138.7460803539756600 ) ) ;
#500 = CIRCLE ( 'NONE', #4712, 101.7368751403241000 ) ;
#501 = CARTESIAN_POINT ( 'NONE',  ( -917.7907936681423300, 58.14611993047737600, 104.6190166580212100 ) ) ;
#502 = CARTESIAN_POINT ( 'NONE',  ( -393.1649503368307100, 164.4875587390706400, 760.0982777484952100 ) ) ;
#503 = EDGE_CURVE ( 'NONE', #3697, #1402, #4125, .T. ) ;
#504 = ORIENTED_EDGE ( 'NONE', *, *, #6662, .T. ) ;
#505 = CARTESIAN_POINT ( 'NONE',  ( -861.8024760773588500, 96.41589497967201800, 93.16648150659676700 ) ) ;
#506 = CARTESIAN_POINT ( 'NONE',  ( -769.4399713109814900, 22.58193486615413200, -54.79671126397033000 ) ) ;
#507 = CARTESIAN_POINT ( 'NONE',  ( -126.7342837121209000, 283.2796334840416500, 239.9999999999999400 ) ) ;
#508 = CARTESIAN_POINT ( 'NONE',  ( -172.4348963427406400, 312.4849282411223000, -138.9377886500610900 ) ) ;
#509 = DIRECTION ( 'NONE',  ( -1.000000000000000000, -1.110223024625155600E-014, 0.0000000000000000000 ) ) ;
#510 = CARTESIAN_POINT ( 'NONE',  ( -395.5725989437757400, 159.8247484518481400, 728.1794024828701600 ) ) ;
#511 = CARTESIAN_POINT ( 'NONE',  ( -98.67320918077966500, 317.0231112481405900, 239.9999999999999400 ) ) ;
#512 = DIRECTION ( 'NONE',  ( -0.0000000000000000000, -1.000000000000000000, -0.0000000000000000000 ) ) ;
#513 = CARTESIAN_POINT ( 'NONE',  ( -14.62674840205281000, 296.8509855691290200, -137.9225819429059600 ) ) ;
#514 = CARTESIAN_POINT ( 'NONE',  ( -1025.536692396613700, 24.33143166105046300, 49.79184934594444200 ) ) ;
#515 = CARTESIAN_POINT ( 'NONE',  ( -1029.417231811146400, 36.54499051546423500, -10.72770169100905800 ) ) ;
#516 = CARTESIAN_POINT ( 'NONE',  ( -163.1726145640998900, 342.5587885958989900, 136.2845929364768300 ) ) ;
#517 = VERTEX_POINT ( 'NONE', #1688 ) ;
#518 = CARTESIAN_POINT ( 'NONE',  ( -875.6907977575198200, 66.39538310997585300, -112.9302881364199000 ) ) ;
#519 = B_SPLINE_CURVE_WITH_KNOTS ( 'NONE', 3,
 ( #5421, #2437, #5560, #2419, #3481, #6081, #4021, #4481, #5634, #867, #1899, #1325, #3452, #5584, #5008, #5076, #6142, #4570, #2903, #1415, #1922, #5101, #2974, #5614, #1845, #6608, #6673, #2375, #1941, #5545, #3980, #820, #4500, #1346, #2010, #6224, #2482, #2460, #3018, #2991, #3613, #1990, #2028, #916, #3066, #4634, #5148, #1520, #5190, #4111, #3633, #931, #3549, #3043, #4676, #6761 ),
 .UNSPECIFIED., .F., .F.,
 ( 4, 2, 2, 2, 2, 2, 2, 2, 2, 2, 2, 2, 2, 2, 2, 2, 2, 2, 2, 2, 2, 2, 2, 2, 2, 2, 2, 4 ),
 ( 2.254873622441466900E-016, 0.0005009735609368728400, 0.001001947121873520200, 0.002003894243746817900, 0.003005841365620115300, 0.004007788487493412800, 0.006011682731240007700, 0.008015576974986603600, 0.01001947121873320000, 0.01102141834060651500, 0.01202336546247982800, 0.01302531258435314300, 0.01402725970622645600, 0.01603115394997301600, 0.01703310107184629500, 0.01803504819371958000, 0.02003894243746613700, 0.02104088955933941200, 0.02204283668121268300, 0.02304478380308595800, 0.02404673092495923000, 0.02605062516870601500, 0.02705257229057926600, 0.02805451941245251700, 0.03005841365619901100, 0.03106036077807210200, 0.03156133433900879700, 0.03206230789994550500 ),
 .UNSPECIFIED. ) ;
#520 = CARTESIAN_POINT ( 'NONE',  ( -940.0472776314105700, -42.60225328241312300, 57.40406649872516500 ) ) ;
#521 = CARTESIAN_POINT ( 'NONE',  ( -404.8361864232019800, -48.55670893018799500, 755.0000000000000000 ) ) ;
#522 = CARTESIAN_POINT ( 'NONE',  ( -180.9906337076540700, 311.3549651580600000, 138.6525974045642300 ) ) ;
#523 = VERTEX_POINT ( 'NONE', #3315 ) ;
#524 = CARTESIAN_POINT ( 'NONE',  ( -616.9319087001720200, 22.69240075583863700, -451.2367140275673600 ) ) ;
#525 = CARTESIAN_POINT ( 'NONE',  ( -948.7841062061085000, 5.018420375086949800, 81.73844108900584600 ) ) ;
#526 = DIRECTION ( 'NONE',  ( -0.3320534516538568600, 0.9432605712340359500, 0.0000000000000000000 ) ) ;
#527 = CARTESIAN_POINT ( 'NONE',  ( -766.2235293268096300, 22.89692718765778100, -62.74206018014388800 ) ) ;
#528 = CARTESIAN_POINT ( 'NONE',  ( -22.59030625631128700, 298.9988641314325300, 239.9999999999999700 ) ) ;
#529 = CARTESIAN_POINT ( 'NONE',  ( -957.5667416718363300, 39.00328281234496300, 94.51051213128208400 ) ) ;
#530 = CARTESIAN_POINT ( 'NONE',  ( -527.5130262030228300, -0.1796302367026787700, -269.5430657194446000 ) ) ;
#531 = CARTESIAN_POINT ( 'NONE',  ( -948.7841062061123700, 5.018420375086568800, -81.73844108900408400 ) ) ;
#532 = CARTESIAN_POINT ( 'NONE',  ( -126.7066396030701600, 320.7167870820171100, 239.9999999999999400 ) ) ;
#533 = EDGE_CURVE ( 'NONE', #4620, #1269, #5765, .T. ) ;
#534 = CARTESIAN_POINT ( 'NONE',  ( -183.4045978127759900, 296.3502648417851900, 240.0000000000000000 ) ) ;
#535 = CARTESIAN_POINT ( 'NONE',  ( -250.6785800302290300, -28.06546278693414100, 650.0000000000000000 ) ) ;
#536 = CARTESIAN_POINT ( 'NONE',  ( -1018.948685342717200, 41.30226753404471700, -25.51097799307761000 ) ) ;
#537 = CARTESIAN_POINT ( 'NONE',  ( -855.3638864233430500, 72.96577670751425200, 114.8816014359641600 ) ) ;
#538 = CARTESIAN_POINT ( 'NONE',  ( -152.7171670023067800, 322.8529575316367200, 139.5950462947436400 ) ) ;
#539 = CARTESIAN_POINT ( 'NONE',  ( -932.6563633150667600, -43.78846261512470800, 69.48695154596616400 ) ) ;
#540 = CARTESIAN_POINT ( 'NONE',  ( -1016.474977936960200, 0.3358425797052947400, 11.96031687036617600 ) ) ;
#541 = CARTESIAN_POINT ( 'NONE',  ( -180.1182485811984900, 312.3201320463614400, 138.6816769087794200 ) ) ;
#542 = EDGE_CURVE ( 'NONE', #6581, #5735, #4533, .T. ) ;
#543 = CARTESIAN_POINT ( 'NONE',  ( -919.0409262160685600, 63.02909517864749500, 102.5518178517592100 ) ) ;
#544 = CARTESIAN_POINT ( 'NONE',  ( -1008.794651406416500, 24.15058637476397900, 69.96092769962649500 ) ) ;
#545 = AXIS2_PLACEMENT_3D ( 'NONE', #3721, #1519, #1583 ) ;
#546 = VECTOR ( 'NONE', #6585, 1000.000000000000000 ) ;
#547 = ORIENTED_EDGE ( 'NONE', *, *, #886, .T. ) ;
#548 = CARTESIAN_POINT ( 'NONE',  ( -750.6785800302291100, 71.93453721306583800, 655.0000000000000000 ) ) ;
#549 = CARTESIAN_POINT ( 'NONE',  ( -769.2835520050948600, 22.59725330824995000, -54.82588401285065800 ) ) ;
#550 = CARTESIAN_POINT ( 'NONE',  ( -22.37331396729570400, 299.0498755932404200, 239.9999999999999400 ) ) ;
#551 = CARTESIAN_POINT ( 'NONE',  ( -182.5467137553868000, 304.0995422885790200, -138.6007280696395900 ) ) ;
#552 = CARTESIAN_POINT ( 'NONE',  ( -969.4594541508287200, 2.993643967164260300, -69.77352545500352200 ) ) ;
#553 = CARTESIAN_POINT ( 'NONE',  ( -393.1649503368307100, 164.4875587390706100, 738.7161178760960600 ) ) ;
#554 = VERTEX_POINT ( 'NONE', #1735 ) ;
#555 = CARTESIAN_POINT ( 'NONE',  ( -126.6882136914332100, 320.7144011943385100, 239.9999999999999400 ) ) ;
#556 = CARTESIAN_POINT ( 'NONE',  ( -184.3980005294838800, 299.4931184582486000, 239.9999999999999400 ) ) ;
#557 = CARTESIAN_POINT ( 'NONE',  ( -470.6543513917222900, 324.7166534563784800, -655.0000000000000000 ) ) ;
#558 = CARTESIAN_POINT ( 'NONE',  ( -1024.774989108362700, 39.25124967666150200, 45.84671791109734300 ) ) ;
#559 = VECTOR ( 'NONE', #3019, 1000.000000000000000 ) ;
#560 = CARTESIAN_POINT ( 'NONE',  ( -1027.261154965317700, 26.13543406109289100, -46.01272854507085700 ) ) ;
#561 = CARTESIAN_POINT ( 'NONE',  ( -181.1574695703338300, 336.2276290368079700, 114.1931024464833500 ) ) ;
#562 = DIRECTION ( 'NONE',  ( -1.000000000000000000, -1.110223024625156700E-015, 0.0000000000000000000 ) ) ;
#563 = CARTESIAN_POINT ( 'NONE',  ( -935.4264644463288500, 6.326559806307019900, -51.13424768470842000 ) ) ;
#564 = LINE ( 'NONE', #2232, #3953 ) ;
#565 = VERTEX_POINT ( 'NONE', #690 ) ;
#566 =( BOUNDED_CURVE ( )  B_SPLINE_CURVE ( 3, ( #502, #5177, #5688, #6234 ),
 .UNSPECIFIED., .F., .F. ) 
 B_SPLINE_CURVE_WITH_KNOTS ( ( 4, 4 ),
 ( 4.712388980384689700, 5.488304921869603200 ),
 .UNSPECIFIED. ) 
 CURVE ( )  GEOMETRIC_REPRESENTATION_ITEM ( )  RATIONAL_B_SPLINE_CURVE ( ( 1.000000000000000000, 0.9504556578693219600, 0.9504556578693219600, 1.000000000000000000 ) ) 
 REPRESENTATION_ITEM ( '' )  );
#567 = CARTESIAN_POINT ( 'NONE',  ( -731.8328558798079900, 116.1642536705869700, -120.2911899988255700 ) ) ;
#568 = CARTESIAN_POINT ( 'NONE',  ( -1022.132389499899300, 40.18151682449782700, 55.77750078368767100 ) ) ;
#569 = ORIENTED_EDGE ( 'NONE', *, *, #4281, .F. ) ;
#570 = CARTESIAN_POINT ( 'NONE',  ( -1003.431349255044200, 46.76479312402436500, -48.53125273628953800 ) ) ;
#571 = ORIENTED_EDGE ( 'NONE', *, *, #1467, .T. ) ;
#572 = CYLINDRICAL_SURFACE ( 'NONE', #2925, 25.00000000000002800 ) ;
#573 = CARTESIAN_POINT ( 'NONE',  ( -16.94467517308585200, 300.5606690885990100, 239.9999999999999400 ) ) ;
#574 = EDGE_LOOP ( 'NONE', ( #4046, #4360, #5601, #72 ) ) ;
#575 = EDGE_CURVE ( 'NONE', #4784, #1228, #159, .T. ) ;
#576 = CARTESIAN_POINT ( 'NONE',  ( -344.9798420320378200, 113.8747192612501400, -650.0000000000000000 ) ) ;
#577 = CARTESIAN_POINT ( 'NONE',  ( -375.4209598999159400, 92.92953237961241100, 569.1364520728456000 ) ) ;
#578 = CARTESIAN_POINT ( 'NONE',  ( -113.5253297609311900, 318.9980738421556900, 239.9999999999999100 ) ) ;
#579 = CARTESIAN_POINT ( 'NONE',  ( -178.9990172815606700, 290.6521700425211100, 239.9999999999999700 ) ) ;
#580 = FACE_OUTER_BOUND ( 'NONE', #2465, .T. ) ;
#581 = VERTEX_POINT ( 'NONE', #4825 ) ;
#582 = CARTESIAN_POINT ( 'NONE',  ( -930.6709241619323600, 6.792278971010638600, 69.73889936537808900 ) ) ;
#583 = CARTESIAN_POINT ( 'NONE',  ( -1020.110940617832200, 40.89312197281354600, 22.44981282289272800 ) ) ;
#584 = EDGE_LOOP ( 'NONE', ( #1718, #1971, #5621, #4770 ) ) ;
#585 = CARTESIAN_POINT ( 'NONE',  ( -1029.466181210385200, 36.51509197516949700, 11.02842817992251200 ) ) ;
#586 = EDGE_CURVE ( 'NONE', #415, #751, #3578, .T. ) ;
#587 = CARTESIAN_POINT ( 'NONE',  ( -161.2978103916830700, 321.5061838041837600, 139.3090248484430200 ) ) ;
#588 = CARTESIAN_POINT ( 'NONE',  ( -1071.355115619816800, -2.748456248363946300, 24.85528982822725700 ) ) ;
#589 = CARTESIAN_POINT ( 'NONE',  ( -932.3154980580033000, 6.631222700772704900, -69.54566462120037300 ) ) ;
#590 = ORIENTED_EDGE ( 'NONE', *, *, #2502, .F. ) ;
#591 = CARTESIAN_POINT ( 'NONE',  ( -768.5114643557401500, -48.68087987166185100, -55.03441068483324000 ) ) ;
#592 = CARTESIAN_POINT ( 'NONE',  ( -688.6248947819867700, 15.14529607312527800, 479.9148654927763000 ) ) ;
#593 = CARTESIAN_POINT ( 'NONE',  ( -5.573319583618285200E-011, 136.5157690813217100, 143.0997398351859700 ) ) ;
#594 = ADVANCED_FACE ( 'NONE', ( #5028 ), #2736, .T. ) ;
#595 = CARTESIAN_POINT ( 'NONE',  ( -766.4218242343354200, 22.87750778772102900, -62.99228665743313400 ) ) ;
#596 = EDGE_LOOP ( 'NONE', ( #299, #1660, #5522, #977, #6787, #738 ) ) ;
#597 = CARTESIAN_POINT ( 'NONE',  ( -19.50767120194625200, 304.2299591018293700, 144.0353628214209600 ) ) ;
#598 = AXIS2_PLACEMENT_3D ( 'NONE', #1662, #5914, #2197 ) ;
#599 = CARTESIAN_POINT ( 'NONE',  ( -968.7664920615070500, 3.061507071272382900, -70.56873475339486400 ) ) ;
#600 = CARTESIAN_POINT ( 'NONE',  ( -366.7937014670116600, 102.8553146867645600, 592.9706722561451200 ) ) ;
#601 = CARTESIAN_POINT ( 'NONE',  ( -113.5743971360233500, 319.0045234589901500, 239.9999999999999700 ) ) ;
#602 = CARTESIAN_POINT ( 'NONE',  ( -328.9042016454120000, 142.3159073641449800, 595.8288105596224100 ) ) ;
#603 = ORIENTED_EDGE ( 'NONE', *, *, #3982, .T. ) ;
#604 = CARTESIAN_POINT ( 'NONE',  ( -732.9069354061400600, 119.2305944951993600, -120.0956647967962900 ) ) ;
#605 = DIRECTION ( 'NONE',  ( -0.0000000000000000000, -0.0000000000000000000, 1.000000000000000000 ) ) ;
#606 = CARTESIAN_POINT ( 'NONE',  ( -158.4037029540072000, 344.2375755706623300, 114.7696588874113500 ) ) ;
#607 = CARTESIAN_POINT ( 'NONE',  ( -903.5157269860262700, -47.89641535259677600, 50.56647894206921000 ) ) ;
#608 = CARTESIAN_POINT ( 'NONE',  ( -1013.352949776732900, 0.5113025585317337900, 27.10813686415307100 ) ) ;
#609 = CARTESIAN_POINT ( 'NONE',  ( -938.1738825775873900, 6.057499888682240700, -65.96166516115785300 ) ) ;
#610 = CARTESIAN_POINT ( 'NONE',  ( -721.0375125829707500, -43.02027741034830700, -0.0000000000000000000 ) ) ;
#611 = CARTESIAN_POINT ( 'NONE',  ( -977.9970575583956800, 32.06201920788355200, 87.52448106196236200 ) ) ;
#612 = CARTESIAN_POINT ( 'NONE',  ( -978.2096096027619300, 55.64353348873464700, -63.86921591008000100 ) ) ;
#613 = CARTESIAN_POINT ( 'NONE',  ( -184.6267484020536600, 310.2834448515030200, -239.9999999999997700 ) ) ;
#614 = CARTESIAN_POINT ( 'NONE',  ( -24.45836415436765800, 298.5736028476965200, 239.9999999999998900 ) ) ;
#615 = DIRECTION ( 'NONE',  ( 0.9396926207859112000, -0.3420201433256607700, -0.0000000000000000000 ) ) ;
#616 = CARTESIAN_POINT ( 'NONE',  ( -1028.008818434077700, 38.11285354052467500, -13.85503231264271800 ) ) ;
#617 = CARTESIAN_POINT ( 'NONE',  ( -143.0038662064520200, 322.7360288733602300, 239.9999999999999100 ) ) ;
#618 = EDGE_CURVE ( 'NONE', #1001, #4228, #5284, .T. ) ;
#619 = CARTESIAN_POINT ( 'NONE',  ( -171.8994675934807800, 286.1186658662037400, 239.9999999999999100 ) ) ;
#620 = CARTESIAN_POINT ( 'NONE',  ( -939.7654742049038500, 5.901632273459762600, 56.44355408101744600 ) ) ;
#621 = CYLINDRICAL_SURFACE ( 'NONE', #1257, 200.0000000000001100 ) ;
#622 = ORIENTED_EDGE ( 'NONE', *, *, #7, .T. ) ;
#623 = ORIENTED_EDGE ( 'NONE', *, *, #2994, .T. ) ;
#624 = CARTESIAN_POINT ( 'NONE',  ( -732.0292279767045300, 51.41795551113726500, 120.2871615096274000 ) ) ;
#625 = AXIS2_PLACEMENT_3D ( 'NONE', #2809, #3352, #194 ) ;
#626 = CARTESIAN_POINT ( 'NONE',  ( -765.2643687031726400, -48.39556235184903000, 59.09807041228715000 ) ) ;
#627 = ADVANCED_FACE ( 'NONE', ( #6601 ), #3788, .F. ) ;
#628 = DIRECTION ( 'NONE',  ( 0.7892556140292589200, 0.0000000000000000000, 0.6140647976584372400 ) ) ;
#629 = DIRECTION ( 'NONE',  ( 0.9396926207859102000, -0.3420201433256636100, 0.0000000000000000000 ) ) ;
#630 = CARTESIAN_POINT ( 'NONE',  ( -721.0375125829708600, -43.02027741034830700, -20.83333333333332900 ) ) ;
#631 = FACE_OUTER_BOUND ( 'NONE', #5195, .T. ) ;
#632 = CARTESIAN_POINT ( 'NONE',  ( -931.3328229660517100, 6.727457953894219000, -69.69583524147925900 ) ) ;
#633 = VERTEX_POINT ( 'NONE', #4990 ) ;
#634 = EDGE_CURVE ( 'NONE', #6777, #4287, #6703, .T. ) ;
#635 = CARTESIAN_POINT ( 'NONE',  ( -919.9281327846194900, 75.38684089177914400, 87.27962050027133500 ) ) ;
#636 = CARTESIAN_POINT ( 'NONE',  ( -5.573319583618285800E-011, 137.3064572309340600, 143.3781423722967600 ) ) ;
#637 = VECTOR ( 'NONE', #3690, 1000.000000000000100 ) ;
#638 = CARTESIAN_POINT ( 'NONE',  ( -14.62674840205313500, 296.8509855691290200, -239.9999999999998900 ) ) ;
#639 = ORIENTED_EDGE ( 'NONE', *, *, #3641, .T. ) ;
#640 = DIRECTION ( 'NONE',  ( 7.407993880335560700E-016, -0.7337594885205347400, 0.6794093118335097200 ) ) ;
#641 = CARTESIAN_POINT ( 'NONE',  ( -497.9837345322556500, 56.56828094207282500, 576.1409615043545500 ) ) ;
#642 = CARTESIAN_POINT ( 'NONE',  ( -250.6785800302291400, -23.06546278693358700, 1.480452460431675500E-028 ) ) ;
#643 = CARTESIAN_POINT ( 'NONE',  ( -916.1761530242783900, 26.27102378859758100, 105.6062142766424000 ) ) ;
#644 = CARTESIAN_POINT ( 'NONE',  ( -150.4445662922098000, 322.9630938719178100, 239.9999999999999700 ) ) ;
#645 = FACE_BOUND ( 'NONE', #3493, .T. ) ;
#646 = ORIENTED_EDGE ( 'NONE', *, *, #2859, .T. ) ;
#647 = CARTESIAN_POINT ( 'NONE',  ( -162.5756544436838700, 282.8283746857038600, 239.9999999999999400 ) ) ;
#648 = CARTESIAN_POINT ( 'NONE',  ( -931.3328162933254400, 6.727458607366993500, 49.78049227821631500 ) ) ;
#649 = CARTESIAN_POINT ( 'NONE',  ( -533.3592136239985800, -3.954536307887489800, -123.3249956252032900 ) ) ;
#650 = CARTESIAN_POINT ( 'NONE',  ( -308.7992690864780300, 140.4205989181335200, -650.0000000000000000 ) ) ;
#651 = CARTESIAN_POINT ( 'NONE',  ( -1030.030941500316700, 29.89683454031776900, 36.17277724533821700 ) ) ;
#652 = EDGE_CURVE ( 'NONE', #2588, #2378, #1440, .T. ) ;
#653 = DIRECTION ( 'NONE',  ( 0.0000000000000000000, 0.0000000000000000000, 1.000000000000000000 ) ) ;
#654 = CARTESIAN_POINT ( 'NONE',  ( -936.2525967087029800, 6.245655092192891700, -67.81497975648528600 ) ) ;
#655 = CARTESIAN_POINT ( 'NONE',  ( -711.8839373918325500, -18.56752510712973600, -269.8630729374096400 ) ) ;
#656 = ORIENTED_EDGE ( 'NONE', *, *, #5340, .F. ) ;
#657 = EDGE_LOOP ( 'NONE', ( #646, #3560, #5185, #4605 ) ) ;
#658 = CARTESIAN_POINT ( 'NONE',  ( -769.4400697952363500, 22.58192522140246400, 64.67925245660224200 ) ) ;
#659 = ORIENTED_EDGE ( 'NONE', *, *, #542, .F. ) ;
#660 = DIRECTION ( 'NONE',  ( -1.000000000000000000, 0.0000000000000000000, 0.0000000000000000000 ) ) ;
#661 = ADVANCED_FACE ( 'NONE', ( #5605 ), #5420, .T. ) ;
#662 = CARTESIAN_POINT ( 'NONE',  ( -1029.126498737529300, -0.3751809786563704600, -52.81150998653496500 ) ) ;
#663 = CARTESIAN_POINT ( 'NONE',  ( -721.2497326902915800, -38.01434301723119100, 123.2482987937306400 ) ) ;
#664 = EDGE_CURVE ( 'NONE', #5519, #523, #2385, .T. ) ;
#665 = LINE ( 'NONE', #1890, #2627 ) ;
#666 = B_SPLINE_CURVE_WITH_KNOTS ( 'NONE', 2,
 ( #6688, #5990, #1213 ),
 .UNSPECIFIED., .F., .F.,
 ( 3, 3 ),
 ( 0.0000000000000000000, 1.000000000000000000 ),
 .UNSPECIFIED. ) ;
#667 = CARTESIAN_POINT ( 'NONE',  ( -182.3047893437291700, 309.6131233029223000, 138.6087922166950600 ) ) ;
#668 = CARTESIAN_POINT ( 'NONE',  ( -143.0377361604167300, 322.7390681241154200, 239.9999999999999400 ) ) ;
#669 = CARTESIAN_POINT ( 'NONE',  ( -184.4286076020792400, 299.2372580119731500, -138.5379982747498400 ) ) ;
#670 = ORIENTED_EDGE ( 'NONE', *, *, #6362, .T. ) ;
#671 = CARTESIAN_POINT ( 'NONE',  ( -166.0594953287678400, 283.8264324402698500, 240.0000000000000000 ) ) ;
#672 = CARTESIAN_POINT ( 'NONE',  ( -930.8356404109291600, 6.776147993391174600, 49.74594285477083100 ) ) ;
#673 = CARTESIAN_POINT ( 'NONE',  ( -735.4148864932485600, 126.5432280666622700, -117.6754075845830400 ) ) ;
#674 = CARTESIAN_POINT ( 'NONE',  ( -658.0707898217590400, 71.86193051735823200, 650.0000000000000000 ) ) ;
#675 = EDGE_CURVE ( 'NONE', #3896, #5514, #2700, .T. ) ;
#676 = CARTESIAN_POINT ( 'NONE',  ( -485.5448985313521500, 50.28527867274424100, 128.5007885874833000 ) ) ;
#677 = VERTEX_POINT ( 'NONE', #1834 ) ;
#678 = CARTESIAN_POINT ( 'NONE',  ( -916.2188226148689400, 53.05136739624617800, 105.5957882377810400 ) ) ;
#679 = CARTESIAN_POINT ( 'NONE',  ( -851.1702106337737600, 303.3400564877736100, 0.0000000000000000000 ) ) ;
#680 = AXIS2_PLACEMENT_3D ( 'NONE', #4809, #5829, #2233 ) ;
#681 = CARTESIAN_POINT ( 'NONE',  ( -1064.312350017403100, -2.352648318387856400, 29.63195011351033200 ) ) ;
#682 = CARTESIAN_POINT ( 'NONE',  ( -731.1618898585909400, 45.00093593234150500, -119.4680694425126600 ) ) ;
#683 = ORIENTED_EDGE ( 'NONE', *, *, #5117, .T. ) ;
#684 = CARTESIAN_POINT ( 'NONE',  ( -1007.589910239763600, 0.8351890653911404600, 39.56955737032698300 ) ) ;
#685 = CARTESIAN_POINT ( 'NONE',  ( -14.62674840205190600, 297.7466074582342200, 239.9999999999999700 ) ) ;
#686 = CARTESIAN_POINT ( 'NONE',  ( -723.6193010487614900, -38.68068962038899600, 36.91515317970815600 ) ) ;
#687 = CARTESIAN_POINT ( 'NONE',  ( -1028.576134469629600, 27.67948034126839100, -42.16552411455444400 ) ) ;
#688 = CARTESIAN_POINT ( 'NONE',  ( -110.4287047268469500, 313.4778319254067500, -239.9999999999998000 ) ) ;
#689 = CARTESIAN_POINT ( 'NONE',  ( -14.62674840205269300, 301.9390201686329600, 144.1980602480840900 ) ) ;
#690 = CARTESIAN_POINT ( 'NONE',  ( -750.6785800302291100, 71.93453721306583800, 655.0000000000000000 ) ) ;
#691 = CARTESIAN_POINT ( 'NONE',  ( -152.8588503144335700, 322.8152622276568300, 240.0000000000000300 ) ) ;
#692 = CARTESIAN_POINT ( 'NONE',  ( -936.0115517724706300, 7.164169077462492700, -51.47160824854562100 ) ) ;
#693 = CARTESIAN_POINT ( 'NONE',  ( -159.3462736024644900, 282.1027028741498800, 240.0000000000000300 ) ) ;
#694 =( BOUNDED_SURFACE ( )  B_SPLINE_SURFACE ( 3, 2, ( 
 ( #4916, #1204, #6488 ),
 ( #4891, #5450, #2267 ),
 ( #3353, #2810, #195 ),
 ( #5472, #2734, #2753 ) ),
 .UNSPECIFIED., .F., .F., .F. ) 
 B_SPLINE_SURFACE_WITH_KNOTS ( ( 4, 4 ),
 ( 3, 3 ),
 ( 1.504461693176428300, 1.549660829059326300 ),
 ( 0.0000000000000000000, 1.000000000000000000 ),
 .UNSPECIFIED. ) 
 GEOMETRIC_REPRESENTATION_ITEM ( )  RATIONAL_B_SPLINE_SURFACE ( (
 ( 1.000000000000000000, 0.7148463099497074400, 1.000000000000000000),
 ( 1.000000000000000000, 0.7131005369420081500, 1.000000000000000000),
 ( 1.000000000000000000, 0.7113457427226092000, 1.000000000000000000),
 ( 1.000000000000000000, 0.7095835371813853400, 1.000000000000000000) ) ) 
 REPRESENTATION_ITEM ( '' )  SURFACE ( )  );
#695 = CARTESIAN_POINT ( 'NONE',  ( -66.26700916630235800, 286.3458158754500000, -142.4767182226091200 ) ) ;
#696 = CARTESIAN_POINT ( 'NONE',  ( -903.0246570427937100, 26.98952944911911100, -108.6882906446234200 ) ) ;
#697 = ADVANCED_FACE ( 'NONE', ( #5191 ), #1310, .F. ) ;
#698 = DIRECTION ( 'NONE',  ( 0.0000000000000000000, 0.0000000000000000000, 1.000000000000000000 ) ) ;
#699 = DIRECTION ( 'NONE',  ( 0.0000000000000000000, 0.0000000000000000000, -1.000000000000000000 ) ) ;
#700 = CARTESIAN_POINT ( 'NONE',  ( -930.6710770104139100, 6.792264002266271900, -49.73883316457103400 ) ) ;
#701 = CARTESIAN_POINT ( 'NONE',  ( -342.6364562004772000, 111.5216994009667200, -650.0000000000000000 ) ) ;
#702 = CARTESIAN_POINT ( 'NONE',  ( -765.2637996017078900, -48.39639168392665200, -60.37567659094303700 ) ) ;
#703 = CARTESIAN_POINT ( 'NONE',  ( -617.2240088808479200, 12.83734477182185800, 451.2146373188919600 ) ) ;
#704 = CARTESIAN_POINT ( 'NONE',  ( -367.9313192756203000, 108.1367673492333400, -593.0918799415275100 ) ) ;
#705 = CARTESIAN_POINT ( 'NONE',  ( -20.59857779524287800, 299.4784846216811000, 143.9989992683110500 ) ) ;
#706 = CARTESIAN_POINT ( 'NONE',  ( -916.1761530242782800, 52.78097960269511900, -105.6062142766411800 ) ) ;
#707 = DIRECTION ( 'NONE',  ( 0.0000000000000000000, 0.0000000000000000000, -1.000000000000000000 ) ) ;
#708 = ORIENTED_EDGE ( 'NONE', *, *, #4164, .F. ) ;
#709 = CARTESIAN_POINT ( 'NONE',  ( -139.1707928955426000, 322.3193253052686500, 239.9999999999999700 ) ) ;
#710 = CARTESIAN_POINT ( 'NONE',  ( -939.5916698582397000, 7.164169077462492700, -55.82306097604182300 ) ) ;
#711 = EDGE_CURVE ( 'NONE', #5525, #3864, #5432, .T. ) ;
#712 = CARTESIAN_POINT ( 'NONE',  ( -165.1967190960534100, 283.5578017290268300, 239.9999999999999400 ) ) ;
#713 = CARTESIAN_POINT ( 'NONE',  ( -161.8570337720875000, 277.4729336593404700, -139.2903840690830200 ) ) ;
#714 = CARTESIAN_POINT ( 'NONE',  ( -863.0104921238166800, 96.19676528163964200, 114.1476138099068700 ) ) ;
#715 = AXIS2_PLACEMENT_3D ( 'NONE', #457, #2087, #1024 ) ;
#716 = LINE ( 'NONE', #1408, #809 ) ;
#717 = ORIENTED_EDGE ( 'NONE', *, *, #6412, .F. ) ;
#718 = CARTESIAN_POINT ( 'NONE',  ( -769.7564561003862300, -48.78644819044804800, 54.75614128177344500 ) ) ;
#719 = CARTESIAN_POINT ( 'NONE',  ( -250.6785800302290900, 221.9345372130658200, 655.0000000000000000 ) ) ;
#720 = EDGE_CURVE ( 'NONE', #3128, #6427, #2147, .T. ) ;
#721 = CARTESIAN_POINT ( 'NONE',  ( -729.4226848318752400, 30.30513283554957800, -108.5300690943266900 ) ) ;
#722 = FACE_OUTER_BOUND ( 'NONE', #5193, .T. ) ;
#723 = CARTESIAN_POINT ( 'NONE',  ( -970.4037882827204800, 2.925072896146061000, 68.60026894045719800 ) ) ;
#724 = CARTESIAN_POINT ( 'NONE',  ( -1016.486699085445400, 0.3351838436659470600, 11.95872374138483500 ) ) ;
#725 = CARTESIAN_POINT ( 'NONE',  ( -110.4287047268479400, 280.2241392128531700, -239.9999999999999100 ) ) ;
#726 = ADVANCED_FACE ( 'NONE', ( #6610 ), #311, .F. ) ;
#727 = DIRECTION ( 'NONE',  ( -0.03125000000000007600, 0.0000000000000000000, -0.9995115994824672600 ) ) ;
#728 = CARTESIAN_POINT ( 'NONE',  ( -859.9217381723992700, 87.29643628526821400, -109.4747449009614400 ) ) ;
#729 = CIRCLE ( 'NONE', #4511, 101.7368751403241000 ) ;
#730 = CARTESIAN_POINT ( 'NONE',  ( -23.35758690175216800, 298.8182474670671200, 143.9070322980941200 ) ) ;
#731 = ORIENTED_EDGE ( 'NONE', *, *, #2994, .F. ) ;
#732 = PLANE ( 'NONE',  #3302 ) ;
#733 = VERTEX_POINT ( 'NONE', #6111 ) ;
#734 = CARTESIAN_POINT ( 'NONE',  ( -738.2234280339896500, -34.33103857364492500, -123.2486460347947900 ) ) ;
#735 = CARTESIAN_POINT ( 'NONE',  ( -170.6568579369241500, 318.4453955317842400, 239.9999999999999400 ) ) ;
#736 = CARTESIAN_POINT ( 'NONE',  ( -937.3585397690145600, -44.47907115522036000, -66.93370321885431900 ) ) ;
#737 = CARTESIAN_POINT ( 'NONE',  ( -140.9751964102819100, 281.4689614035816000, 240.0000000000000000 ) ) ;
#738 = ORIENTED_EDGE ( 'NONE', *, *, #491, .F. ) ;
#739 = FACE_OUTER_BOUND ( 'NONE', #6322, .T. ) ;
#740 = B_SPLINE_CURVE_WITH_KNOTS ( 'NONE', 3,
 ( #4829, #602, #4286, #5342, #1668, #2205, #5896 ),
 .UNSPECIFIED., .F., .F.,
 ( 4, 1, 1, 1, 4 ),
 ( 0.0000000000000000000, 0.2589260133111229700, 0.3846330574132687000, 0.7017031788224390400, 1.000000000000000000 ),
 .UNSPECIFIED. ) ;
#741 = EDGE_LOOP ( 'NONE', ( #3808, #913, #2027, #155 ) ) ;
#742 = PLANE ( 'NONE',  #6418 ) ;
#743 = CARTESIAN_POINT ( 'NONE',  ( -766.0224249922175700, 23.42730997547047500, 62.48885855261642800 ) ) ;
#744 = CARTESIAN_POINT ( 'NONE',  ( -513.2675037780667300, 54.87322084212034000, -373.8383188011163200 ) ) ;
#745 = ORIENTED_EDGE ( 'NONE', *, *, #2869, .F. ) ;
#746 = AXIS2_PLACEMENT_3D ( 'NONE', #3322, #111, #5876 ) ;
#747 = CARTESIAN_POINT ( 'NONE',  ( -357.5144706876278100, 253.6650333674942300, -685.0000000000000000 ) ) ;
#748 = EDGE_CURVE ( 'NONE', #2116, #6675, #4202, .T. ) ;
#749 = CARTESIAN_POINT ( 'NONE',  ( -965.9053698564273400, 3.341702246537050100, 72.81889182849516800 ) ) ;
#750 = LINE ( 'NONE', #5427, #5119 ) ;
#751 = VERTEX_POINT ( 'NONE', #5065 ) ;
#752 = CARTESIAN_POINT ( 'NONE',  ( -731.8151122645202800, 51.43873704579164800, -120.2917647316887700 ) ) ;
#753 = ORIENTED_EDGE ( 'NONE', *, *, #1536, .F. ) ;
#754 = CARTESIAN_POINT ( 'NONE',  ( -1005.289587861692300, 20.99602887136790500, 44.51969783023806600 ) ) ;
#755 = CARTESIAN_POINT ( 'NONE',  ( -14.62674840205269800, 302.0000000000000600, 239.9999999999999700 ) ) ;
#756 = CARTESIAN_POINT ( 'NONE',  ( -732.9069354061400600, 119.2305944951946800, 120.0956647967975400 ) ) ;
#757 = DIRECTION ( 'NONE',  ( 0.0000000000000000000, -0.0000000000000000000, 1.000000000000000000 ) ) ;
#758 = CARTESIAN_POINT ( 'NONE',  ( -184.4286076020790700, 299.6137275571558700, 138.5379982747500400 ) ) ;
#759 = EDGE_CURVE ( 'NONE', #230, #4859, #3634, .T. ) ;
#760 = CARTESIAN_POINT ( 'NONE',  ( -970.5218452665625400, -46.52138065281847900, 62.35021923255894900 ) ) ;
#761 = DIRECTION ( 'NONE',  ( -0.09746563625553150700, 0.9952388907942174600, 0.0000000000000000000 ) ) ;
#762 = CARTESIAN_POINT ( 'NONE',  ( -177.3891749612660900, 314.6513598087813600, 240.0000000000000000 ) ) ;
#763 = CARTESIAN_POINT ( 'NONE',  ( -930.8578036902035800, 7.164169077462492700, -49.74729774213167800 ) ) ;
#764 = CARTESIAN_POINT ( 'NONE',  ( -153.4924192504935300, 281.2421078338484800, 239.9999999999999700 ) ) ;
#765 = ORIENTED_EDGE ( 'NONE', *, *, #862, .T. ) ;
#766 = AXIS2_PLACEMENT_3D ( 'NONE', #6424, #4845, #5915 ) ;
#767 = CARTESIAN_POINT ( 'NONE',  ( -181.7637522984171600, 288.4551428890910600, -138.6268267848719200 ) ) ;
#768 = CARTESIAN_POINT ( 'NONE',  ( -396.7006316504052300, 94.88199682567851300, -509.9181256018205800 ) ) ;
#769 = ORIENTED_EDGE ( 'NONE', *, *, #6853, .T. ) ;
#770 = CARTESIAN_POINT ( 'NONE',  ( -1021.074700142277300, 20.99602887136791600, 56.80099378340700200 ) ) ;
#771 = EDGE_CURVE ( 'NONE', #6533, #6414, #5151, .T. ) ;
#772 = ADVANCED_FACE ( 'NONE', ( #4852 ), #3515, .T. ) ;
#773 = CARTESIAN_POINT ( 'NONE',  ( -184.6267484020527300, 302.0000000000000600, 138.5313935814176000 ) ) ;
#774 = DIRECTION ( 'NONE',  ( -1.000000000000000000, 0.0000000000000000000, 0.0000000000000000000 ) ) ;
#775 = CARTESIAN_POINT ( 'NONE',  ( -720.5218967646291000, -42.84455594880284200, 62.35012099105503600 ) ) ;
#776 = DIRECTION ( 'NONE',  ( -1.000000000000000000, -1.110223024625156700E-015, 0.0000000000000000000 ) ) ;
#777 = CARTESIAN_POINT ( 'NONE',  ( -765.7254551088470900, -48.43646642707010100, -57.56148005813606300 ) ) ;
#778 = CARTESIAN_POINT ( 'NONE',  ( -769.0340485504651700, -49.25060836388760100, 64.59706411977467200 ) ) ;
#779 = DIRECTION ( 'NONE',  ( 0.0000000000000000000, 0.0000000000000000000, 1.000000000000000000 ) ) ;
#780 = CARTESIAN_POINT ( 'NONE',  ( -663.0707898217588100, 63.20167647951369400, -650.0000000000000000 ) ) ;
#781 = CARTESIAN_POINT ( 'NONE',  ( -859.1916814820807500, 84.79361931122137700, -111.3289848183649000 ) ) ;
#782 = CARTESIAN_POINT ( 'NONE',  ( -133.6706168854500700, 282.3836509373521200, 140.2299312986375800 ) ) ;
#783 =( BOUNDED_CURVE ( )  B_SPLINE_CURVE ( 3, ( #4377, #4424, #4954, #6052 ),
 .UNSPECIFIED., .F., .F. ) 
 B_SPLINE_CURVE_WITH_KNOTS ( ( 4, 4 ),
 ( 1.413447917221653000, 1.473146369680406800 ),
 .UNSPECIFIED. ) 
 CURVE ( )  GEOMETRIC_REPRESENTATION_ITEM ( )  RATIONAL_B_SPLINE_CURVE ( ( 1.000000000000000000, 0.9997030299482579900, 0.9997030299482579900, 1.000000000000000000 ) ) 
 REPRESENTATION_ITEM ( '' )  );
#784 = CARTESIAN_POINT ( 'NONE',  ( -730.0372041755409800, 35.01469549546469300, 114.1227909939490400 ) ) ;
#785 = CARTESIAN_POINT ( 'NONE',  ( -178.6356460347140900, 313.6595651529228800, 240.0000000000000000 ) ) ;
#786 = CARTESIAN_POINT ( 'NONE',  ( -940.3841309089868900, -44.47907115522036000, -59.73484047611274400 ) ) ;
#787 = CARTESIAN_POINT ( 'NONE',  ( -138.1180973009495000, 281.8120210425492500, 240.0000000000000900 ) ) ;
#788 = CARTESIAN_POINT ( 'NONE',  ( -166.3947553356307500, 278.7791156731040600, -139.1391266836314700 ) ) ;
#789 = CARTESIAN_POINT ( 'NONE',  ( -930.0000000000558200, -51.00000000000041200, -49.73844108900407700 ) ) ;
#790 = CARTESIAN_POINT ( 'NONE',  ( -857.1553278937126400, 37.57964970500294300, 114.7056959723807900 ) ) ;
#791 = CARTESIAN_POINT ( 'NONE',  ( 0.0000000000000000000, 0.0000000000000000000, -650.0000000000000000 ) ) ;
#792 = CIRCLE ( 'NONE', #5487, 96.73687514032413000 ) ;
#793 = CARTESIAN_POINT ( 'NONE',  ( -616.9319087001720200, 22.69240075583863700, 451.2367140275673600 ) ) ;
#794 = ORIENTED_EDGE ( 'NONE', *, *, #5524, .T. ) ;
#795 = DIRECTION ( 'NONE',  ( -0.9396926207859112000, 0.3420201433256607700, 0.0000000000000000000 ) ) ;
#796 = CARTESIAN_POINT ( 'NONE',  ( -1017.834159106048000, 0.2594557289343356100, 60.90933384425959200 ) ) ;
#797 = CARTESIAN_POINT ( 'NONE',  ( -766.8691547590335600, 22.83369985300700800, 56.02307081678066700 ) ) ;
#798 = EDGE_CURVE ( 'NONE', #6420, #6266, #4369, .T. ) ;
#799 = FACE_OUTER_BOUND ( 'NONE', #5175, .T. ) ;
#800 = CARTESIAN_POINT ( 'NONE',  ( -732.3766432495616500, 117.7103949458474300, 120.2730637531679200 ) ) ;
#801 = ORIENTED_EDGE ( 'NONE', *, *, #132, .T. ) ;
#802 = ADVANCED_FACE ( 'NONE', ( #6692 ), #1694, .T. ) ;
#803 = CARTESIAN_POINT ( 'NONE',  ( -857.4257995106198700, 79.18810568218319200, -113.8766671569790500 ) ) ;
#804 = CARTESIAN_POINT ( 'NONE',  ( -184.5035469304771700, 300.0884853144738100, 138.5355002971367600 ) ) ;
#805 = CARTESIAN_POINT ( 'NONE',  ( 465.9699137599470200, -201.6600000000000000, -1099.999999628405700 ) ) ;
#806 = CARTESIAN_POINT ( 'NONE',  ( -969.8308515967182800, 2.957272304234565200, -68.79590352574899700 ) ) ;
#807 = CARTESIAN_POINT ( 'NONE',  ( -750.6785800302290000, -28.06546278693414100, -755.0000000000000000 ) ) ;
#808 = CARTESIAN_POINT ( 'NONE',  ( -178.5926827687244400, 313.6956397067334600, 239.9999999999998900 ) ) ;
#809 = VECTOR ( 'NONE', #3542, 1000.000000000000000 ) ;
#810 = ORIENTED_EDGE ( 'NONE', *, *, #6310, .T. ) ;
#811 = EDGE_CURVE ( 'NONE', #6757, #5266, #3045, .T. ) ;
#812 = CARTESIAN_POINT ( 'NONE',  ( -250.6785800302290900, 221.9345372130658200, 655.0000000000000000 ) ) ;
#813 = CARTESIAN_POINT ( 'NONE',  ( -729.3453447201203500, 26.50846962680957100, -120.3447435053587200 ) ) ;
#814 = AXIS2_PLACEMENT_3D ( 'NONE', #5790, #6341, #6789 ) ;
#815 = CARTESIAN_POINT ( 'NONE',  ( 465.9699137599470200, -201.6600000000000000, -1099.999999628405700 ) ) ;
#816 = CARTESIAN_POINT ( 'NONE',  ( -961.8946942684915500, 3.734475385446067700, 75.27232002388250000 ) ) ;
#817 = CIRCLE ( 'NONE', #1102, 110.0000000000000400 ) ;
#818 = ORIENTED_EDGE ( 'NONE', *, *, #6188, .T. ) ;
#819 = CARTESIAN_POINT ( 'NONE',  ( -933.9294558982217000, 7.164169369840226200, 69.08462895828178300 ) ) ;
#820 = CARTESIAN_POINT ( 'NONE',  ( -939.9835165237942600, -42.61128733040318700, -57.08833847710509000 ) ) ;
#821 = ORIENTED_EDGE ( 'NONE', *, *, #4730, .F. ) ;
#822 = VECTOR ( 'NONE', #629, 1000.000000000000100 ) ;
#823 = VERTEX_POINT ( 'NONE', #3026 ) ;
#824 = CARTESIAN_POINT ( 'NONE',  ( -177.2354119628344900, 337.6083003018558200, 114.4371070690645700 ) ) ;
#825 = ORIENTED_EDGE ( 'NONE', *, *, #4109, .T. ) ;
#826 = CARTESIAN_POINT ( 'NONE',  ( -733.9383775651596100, 122.2149728281095900, 119.3969208691629400 ) ) ;
#827 = CARTESIAN_POINT ( 'NONE',  ( -1071.265204638374800, -2.743403193754914600, -24.91626759824603700 ) ) ;
#828 = CARTESIAN_POINT ( 'NONE',  ( -729.0542765434322500, 26.53698327460332600, 95.29295773869338900 ) ) ;
#829 = CARTESIAN_POINT ( 'NONE',  ( -174.9412196443271100, 287.7202865570984600, 138.8542445400083800 ) ) ;
#830 = ORIENTED_EDGE ( 'NONE', *, *, #2557, .F. ) ;
#831 = COLOUR_RGB ( '',0.7960784313725489700, 0.8235294117647058400, 0.9372549019607843100 ) ;
#832 = ORIENTED_EDGE ( 'NONE', *, *, #3086, .F. ) ;
#833 = CARTESIAN_POINT ( 'NONE',  ( -728.7181667712469600, 26.58015671864553700, 96.12481463768659800 ) ) ;
#834 = CARTESIAN_POINT ( 'NONE',  ( -721.5093510031268800, -27.39914864066235400, 0.0000000000000000000 ) ) ;
#835 = CARTESIAN_POINT ( 'NONE',  ( -161.9990849607665700, 321.3145047690658800, 239.9999999999999400 ) ) ;
#836 = DIRECTION ( 'NONE',  ( -0.0000000000000000000, -0.0000000000000000000, 1.000000000000000000 ) ) ;
#837 = ORIENTED_EDGE ( 'NONE', *, *, #2811, .F. ) ;
#838 = CARTESIAN_POINT ( 'NONE',  ( -349.9923780584606400, 114.8995410430773500, 650.0000000000000000 ) ) ;
#839 = B_SPLINE_CURVE_WITH_KNOTS ( 'NONE', 3,
 ( #3164, #5289, #4270, #4233 ),
 .UNSPECIFIED., .F., .F.,
 ( 4, 4 ),
 ( 0.0000000000000000000, 0.006021198825662623500 ),
 .UNSPECIFIED. ) ;
#840 = FACE_OUTER_BOUND ( 'NONE', #892, .T. ) ;
#841 = PLANE ( 'NONE',  #5295 ) ;
#842 = DIRECTION ( 'NONE',  ( -0.0000000000000000000, -0.0000000000000000000, 1.000000000000000000 ) ) ;
#843 = ADVANCED_FACE ( 'NONE', ( #1808 ), #2185, .F. ) ;
#844 = CARTESIAN_POINT ( 'NONE',  ( -541.8872186319583800, -3.150113460416930100, 0.0000000000000000000 ) ) ;
#845 = CARTESIAN_POINT ( 'NONE',  ( -938.6127376900055900, 7.164169369840226200, 54.03636266494690000 ) ) ;
#846 =( NAMED_UNIT ( * ) SI_UNIT ( $, .STERADIAN. ) SOLID_ANGLE_UNIT ( ) );
#847 = CARTESIAN_POINT ( 'NONE',  ( -403.6239052080296100, 141.5994251996817200, 755.0000000000000000 ) ) ;
#848 = CARTESIAN_POINT ( 'NONE',  ( -1002.015125049440000, 1.148495557599341000, 47.28594084135892900 ) ) ;
#849 = EDGE_LOOP ( 'NONE', ( #4912, #5591, #2195, #4611, #1227 ) ) ;
#850 = CARTESIAN_POINT ( 'NONE',  ( 465.9699137599470200, -101.6600000000000000, -1099.999999628405700 ) ) ;
#851 = CARTESIAN_POINT ( 'NONE',  ( -1016.422796597721500, 0.3387752043352042500, -12.42561342150121300 ) ) ;
#852 = CARTESIAN_POINT ( 'NONE',  ( 0.0000000000000000000, -101.6600000000000000, 0.0000000000000000000 ) ) ;
#853 = DIRECTION ( 'NONE',  ( -0.3420201433256636600, -0.9396926207859102000, 0.0000000000000000000 ) ) ;
#854 = EDGE_LOOP ( 'NONE', ( #3583, #590, #1144, #3968, #2077, #3120, #4184, #801 ) ) ;
#855 = DIRECTION ( 'NONE',  ( -1.000000000000000000, 0.0000000000000000000, 1.110223024625156500E-016 ) ) ;
#856 = CARTESIAN_POINT ( 'NONE',  ( -930.0000000000558200, -44.17288593644951100, 69.73844108900584600 ) ) ;
#857 = CARTESIAN_POINT ( 'NONE',  ( -180.9944293041068600, 311.3516480325988600, 240.0000000000000000 ) ) ;
#858 = VERTEX_POINT ( 'NONE', #4885 ) ;
#859 =( GEOMETRIC_REPRESENTATION_CONTEXT ( 3 ) GLOBAL_UNCERTAINTY_ASSIGNED_CONTEXT ( ( #1190 ) ) GLOBAL_UNIT_ASSIGNED_CONTEXT ( ( #864, #4497, #3501 ) ) REPRESENTATION_CONTEXT ( 'NONE', 'WORKASPACE' ) );
#860 = CARTESIAN_POINT ( 'NONE',  ( -19.22128826590342500, 294.7018662005886000, -144.0449089192891000 ) ) ;
#861 = CARTESIAN_POINT ( 'NONE',  ( -476.1218229458132200, 22.48589293588768000, 0.0000000000000000000 ) ) ;
#862 = EDGE_CURVE ( 'NONE', #3477, #6835, #1570, .T. ) ;
#863 = CARTESIAN_POINT ( 'NONE',  ( -401.1905413302769700, 86.53296445258416700, -509.9370181447180200 ) ) ;
#864 =( LENGTH_UNIT ( ) NAMED_UNIT ( * ) SI_UNIT ( .MILLI., .METRE. ) );
#865 = CARTESIAN_POINT ( 'NONE',  ( -500.6785800302290000, 221.9345372130657900, -650.0000000000000000 ) ) ;
#866 = CARTESIAN_POINT ( 'NONE',  ( -728.7443497501118400, 26.61834064429257300, -96.94476716759159300 ) ) ;
#867 = CARTESIAN_POINT ( 'NONE',  ( -933.2765935157622200, -43.69598165143407400, -69.29981045071458800 ) ) ;
#868 = CARTESIAN_POINT ( 'NONE',  ( -188.2044368611287600, 333.7469043209015400, 113.6749634761538600 ) ) ;
#869 = CARTESIAN_POINT ( 'NONE',  ( -500.6785800302290000, 221.9345372130657900, 650.0000000000000000 ) ) ;
#870 = ADVANCED_FACE ( 'NONE', ( #168 ), #1980, .T. ) ;
#871 = CARTESIAN_POINT ( 'NONE',  ( -397.9557643158086100, 151.3249055110210900, 755.0000000000000000 ) ) ;
#872 = CARTESIAN_POINT ( 'NONE',  ( -977.3011235581049000, -37.34615154684571800, 62.35021923255894900 ) ) ;
#873 = CARTESIAN_POINT ( 'NONE',  ( -769.9505933584425700, 23.42730997547047500, 54.74522419366338300 ) ) ;
#874 = CARTESIAN_POINT ( 'NONE',  ( -308.7992690864780300, 140.4205989181335200, -650.0000000000000000 ) ) ;
#875 = CARTESIAN_POINT ( 'NONE',  ( -497.9837345322558800, 56.56828094207275400, 576.1409615043546600 ) ) ;
#876 = VERTEX_POINT ( 'NONE', #5415 ) ;
#877 = CARTESIAN_POINT ( 'NONE',  ( -1021.074700142277500, 20.99602887136784400, -56.80099378340562300 ) ) ;
#878 = CARTESIAN_POINT ( 'NONE',  ( -393.8887080982341300, 87.29250983550710400, -509.9464644161665200 ) ) ;
#879 = CARTESIAN_POINT ( 'NONE',  ( -930.1674393579720600, -44.47907115696418900, 69.74124603058601200 ) ) ;
#880 = B_SPLINE_CURVE_WITH_KNOTS ( 'NONE', 3,
 ( #1522, #5200, #2064, #3664, #522, #541, #6834, #499, #4183, #1020, #4212, #1568, #2014, #5260, #2101, #2626, #3162, #4, #3702, #4231, #5174, #2190, #2662, #6367, #2122, #3210, #3787, #4837 ),
 .UNSPECIFIED., .F., .F.,
 ( 4, 2, 2, 2, 2, 2, 2, 2, 2, 2, 2, 2, 2, 4 ),
 ( 0.008037497959360087200, 0.009336271267033161400, 0.01063504457470623400, 0.01323259119005225900, 0.01583013780539828400, 0.01842768442074430700, 0.02362277765143628100, 0.02622032426678230100, 0.02881787088212831700, 0.03401296411282028100, 0.03920805734351223700, 0.04440315057420420000, 0.04700069718955017500, 0.04959824380489615000 ),
 .UNSPECIFIED. ) ;
#881 = CARTESIAN_POINT ( 'NONE',  ( -855.3768765485673400, 73.13568227813171100, 114.8803472640970100 ) ) ;
#882 = VECTOR ( 'NONE', #4681, 1000.000000000000000 ) ;
#883 = ORIENTED_EDGE ( 'NONE', *, *, #6461, .F. ) ;
#884 = CARTESIAN_POINT ( 'NONE',  ( -1021.074700142277300, 20.99602887136785200, 56.80099378340700900 ) ) ;
#885 = CARTESIAN_POINT ( 'NONE',  ( -916.1895975397239900, 52.96374694213026400, -105.6029301447646100 ) ) ;
#886 = EDGE_CURVE ( 'NONE', #2506, #1379, #5617, .T. ) ;
#887 = CARTESIAN_POINT ( 'NONE',  ( -768.7753434174060200, 23.42789570974004900, -54.95006978908394800 ) ) ;
#888 = CARTESIAN_POINT ( 'NONE',  ( -1092.476516759751300, -3.935492497455698400, -9.263004231177237800 ) ) ;
#889 = CARTESIAN_POINT ( 'NONE',  ( -357.9726304450874200, 146.0331211803213300, 374.2254074289194800 ) ) ;
#890 = FACE_OUTER_BOUND ( 'NONE', #5345, .T. ) ;
#891 = CARTESIAN_POINT ( 'NONE',  ( -914.4850086205440200, 24.83539046244129600, -105.9576925624409700 ) ) ;
#892 = EDGE_LOOP ( 'NONE', ( #547, #6697, #4998, #2149 ) ) ;
#893 = B_SPLINE_SURFACE_WITH_KNOTS ( 'NONE', 3, 3, ( 
 ( #3366, #2823, #206, #744, #768, #4449, #1296 ),
 ( #3976, #3420, #2895, #6596, #1341, #6117, #3007 ),
 ( #387, #6176, #1860, #5647, #6716, #4082, #6665 ),
 ( #861, #5575, #1430, #5052, #2942, #340, #3567 ) ),
 .UNSPECIFIED., .F., .F., .F.,
 ( 4, 4 ),
 ( 4, 1, 1, 1, 4 ),
 ( 0.0000000000000000000, 1.000000000000000000 ),
 ( 0.0000000000000000000, 0.2982968211775609600, 0.6153669425867313000, 0.7410739866888770300, 1.000000000000000000 ),
 .UNSPECIFIED. ) ;
#894 = DIRECTION ( 'NONE',  ( -0.3420201433256608300, -0.9396926207859113100, 0.0000000000000000000 ) ) ;
#895 = CARTESIAN_POINT ( 'NONE',  ( -770.0143880533164500, -49.25060836388760100, 64.73573041319514200 ) ) ;
#896 = CARTESIAN_POINT ( 'NONE',  ( -183.4210192997672100, 307.5992903104640300, 239.9999999999999400 ) ) ;
#897 = EDGE_CURVE ( 'NONE', #5419, #2369, #5693, .T. ) ;
#898 = CYLINDRICAL_SURFACE ( 'NONE', #2257, 717.0091088048179700 ) ;
#899 = CARTESIAN_POINT ( 'NONE',  ( -345.2162486971475300, 117.3747192612501500, 650.0000000000000000 ) ) ;
#900 = ORIENTED_EDGE ( 'NONE', *, *, #1759, .F. ) ;
#901 = PLANE ( 'NONE',  #5837 ) ;
#902 = CARTESIAN_POINT ( 'NONE',  ( -138.1688793635588600, 281.8055967107552500, 240.0000000000000000 ) ) ;
#903 = CARTESIAN_POINT ( 'NONE',  ( -721.5093510031267700, -27.39914864066261700, -0.0000000000000000000 ) ) ;
#904 = AXIS2_PLACEMENT_3D ( 'NONE', #2401, #2923, #6099 ) ;
#905 = ORIENTED_EDGE ( 'NONE', *, *, #3517, .F. ) ;
#906 = CARTESIAN_POINT ( 'NONE',  ( -977.9970575583958000, 22.89356240254231500, -87.52448106196115400 ) ) ;
#907 = ADVANCED_FACE ( 'NONE', ( #917 ), #477, .T. ) ;
#908 = CARTESIAN_POINT ( 'NONE',  ( -531.9501749664385700, -5.650588350028089100, -69.73714230385326100 ) ) ;
#909 = DIRECTION ( 'NONE',  ( -0.0000000000000000000, -1.000000000000000000, -0.0000000000000000000 ) ) ;
#910 = VERTEX_POINT ( 'NONE', #2772 ) ;
#911 = LINE ( 'NONE', #3172, #6181 ) ;
#912 = PRODUCT_DEFINITION_CONTEXT ( 'detailed design', #4210, 'design' ) ;
#913 = ORIENTED_EDGE ( 'NONE', *, *, #263, .F. ) ;
#914 = CARTESIAN_POINT ( 'NONE',  ( -157.1660011963871000, 274.2102586960153900, -137.9225819429058500 ) ) ;
#915 = ORIENTED_EDGE ( 'NONE', *, *, #132, .F. ) ;
#916 = CARTESIAN_POINT ( 'NONE',  ( -935.4162157358596200, -43.30562871463558800, -51.12817233960149100 ) ) ;
#917 = FACE_OUTER_BOUND ( 'NONE', #5286, .T. ) ;
#918 = B_SPLINE_CURVE_WITH_KNOTS ( 'NONE', 3,
 ( #624, #135, #3803, #4376, #2744, #2231, #1742 ),
 .UNSPECIFIED., .F., .F.,
 ( 4, 3, 4 ),
 ( 0.0000000000000000000, 0.0002137558289937060500, 0.0002151710948496887100 ),
 .UNSPECIFIED. ) ;
#919 = CARTESIAN_POINT ( 'NONE',  ( -770.0121902275802800, -49.25061185733253700, -64.73559679110665900 ) ) ;
#920 = CARTESIAN_POINT ( 'NONE',  ( -1097.015985943054600, -4.190613568073852800, -3.288014451388701100 ) ) ;
#921 = DIRECTION ( 'NONE',  ( 0.9984244753198127100, 0.05611209390458357600, 0.0000000000000000000 ) ) ;
#922 = CARTESIAN_POINT ( 'NONE',  ( -986.5062926045142100, -40.67839419687521700, 312.7510206763798200 ) ) ;
#923 = VERTEX_POINT ( 'NONE', #3782 ) ;
#924 = CARTESIAN_POINT ( 'NONE',  ( -143.1443012970887900, 281.2514600946267400, 240.0000000000000000 ) ) ;
#925 = DIRECTION ( 'NONE',  ( 1.000000000000000000, 0.0000000000000000000, 0.0000000000000000000 ) ) ;
#926 = CARTESIAN_POINT ( 'NONE',  ( -916.2188226148689400, 53.05136739624617800, 105.5957882377810400 ) ) ;
#927 = CARTESIAN_POINT ( 'NONE',  ( -930.2851161855123800, -44.47907115696418900, 49.73187366759710700 ) ) ;
#928 = ORIENTED_EDGE ( 'NONE', *, *, #3211, .F. ) ;
#929 = CARTESIAN_POINT ( 'NONE',  ( -974.7195593237231600, -41.14360454799239600, -312.7510206763798200 ) ) ;
#930 = CARTESIAN_POINT ( 'NONE',  ( -1007.589910239763600, 0.8351890653911335800, -39.56955737032589600 ) ) ;
#931 = CARTESIAN_POINT ( 'NONE',  ( -930.8367096815013600, -43.98203245275650600, -49.74613427188965900 ) ) ;
#932 = CARTESIAN_POINT ( 'NONE',  ( -914.4706048731580900, 24.82965166455547700, 105.9606628880928100 ) ) ;
#933 = CARTESIAN_POINT ( 'NONE',  ( -765.7934321333032100, -49.25061185733253700, -62.15786271454411600 ) ) ;
#934 = ORIENTED_EDGE ( 'NONE', *, *, #3852, .T. ) ;
#935 = CARTESIAN_POINT ( 'NONE',  ( -1028.655882967039100, 37.25350654609812300, 4.565737143854977200 ) ) ;
#936 = EDGE_CURVE ( 'NONE', #5666, #230, #5443, .T. ) ;
#937 = CARTESIAN_POINT ( 'NONE',  ( -183.2615938862548100, 307.9434283407690000, 240.0000000000000000 ) ) ;
#938 = CARTESIAN_POINT ( 'NONE',  ( -767.7871077613997400, 23.42730997547047500, 55.36989855253367700 ) ) ;
#939 = CARTESIAN_POINT ( 'NONE',  ( -733.1112887348900800, 26.14035062502194900, -95.15374386093252200 ) ) ;
#940 = CARTESIAN_POINT ( 'NONE',  ( -132.8252715451609400, 282.4927481360350000, 239.9999999999999700 ) ) ;
#941 = CARTESIAN_POINT ( 'NONE',  ( -27.05541572611709700, 300.8349434802854000, -143.7837713372819100 ) ) ;
#942 = CARTESIAN_POINT ( 'NONE',  ( -801.6322291414305700, 400.0000000000000000, -441.3891037066828200 ) ) ;
#943 = CARTESIAN_POINT ( 'NONE',  ( -64.93640800569737300, 312.2922445532871100, 239.9999999999999700 ) ) ;
#944 = STYLED_ITEM ( 'NONE', ( #2580 ), #5128 ) ;
#945 = CARTESIAN_POINT ( 'NONE',  ( -855.3638864233428200, 72.96577670751436500, -114.8816014359633800 ) ) ;
#946 = CARTESIAN_POINT ( 'NONE',  ( -899.0733552473093400, 23.77818280591522900, -108.9258376824909800 ) ) ;
#947 = CARTESIAN_POINT ( 'NONE',  ( -969.8308515967182800, 2.957272304234565200, -68.79590352574899700 ) ) ;
#948 = B_SPLINE_CURVE_WITH_KNOTS ( 'NONE', 3,
 ( #3977, #3901, #1792, #6054, #2398, #6095, #816, #4452, #4931, #749, #1299, #4427, #1841, #4955, #228, #294, #4978, #2918, #5542, #2372, #5486, #6552 ),
 .UNSPECIFIED., .F., .F.,
 ( 4, 2, 2, 2, 2, 2, 2, 2, 2, 2, 4 ),
 ( 0.0000000000000000000, 0.006290441328975120500, 0.01258088265795024100, 0.01572610332243779000, 0.01887132398692533500, 0.02044393431916896300, 0.02201654465141258600, 0.02358915498365621000, 0.02437546014977802100, 0.02476861273283899000, 0.02516176531589996200 ),
 .UNSPECIFIED. ) ;
#949 = VECTOR ( 'NONE', #339, 1000.000000000000000 ) ;
#950 = CARTESIAN_POINT ( 'NONE',  ( -768.5327727875547900, -49.25061185733253700, -64.44382433090153500 ) ) ;
#951 = ORIENTED_EDGE ( 'NONE', *, *, #23, .F. ) ;
#952 = CARTESIAN_POINT ( 'NONE',  ( -1097.278709902189300, -4.205378822568101200, -2.628531919096428000 ) ) ;
#953 = DIRECTION ( 'NONE',  ( -1.000000000000000000, 0.0000000000000000000, 0.0000000000000000000 ) ) ;
#954 = AXIS2_PLACEMENT_3D ( 'NONE', #1700, #698, #4861 ) ;
#955 = ORIENTED_EDGE ( 'NONE', *, *, #618, .T. ) ;
#956 = CARTESIAN_POINT ( 'NONE',  ( -860.4098711262598700, 89.05152174174578800, 107.8823380918498600 ) ) ;
#957 = CARTESIAN_POINT ( 'NONE',  ( -5.573319583618285800E-011, 119.9869196084536500, 119.5411502224856300 ) ) ;
#958 = CARTESIAN_POINT ( 'NONE',  ( -133.3179029597268100, 282.4292268250279700, 239.9999999999999100 ) ) ;
#959 = CARTESIAN_POINT ( 'NONE',  ( -32.62372279653304500, 301.9152620411923100, -143.5981611016014200 ) ) ;
#960 = VERTEX_POINT ( 'NONE', #5903 ) ;
#961 = CARTESIAN_POINT ( 'NONE',  ( -40.37218765878517200, 308.4344121248697100, 239.9999999999999100 ) ) ;
#962 = CARTESIAN_POINT ( 'NONE',  ( -669.6908340607190000, 73.43984978339578600, -650.0000000000000000 ) ) ;
#963 = CARTESIAN_POINT ( 'NONE',  ( -250.6785800302291400, -23.06546278693358700, -655.0000000000000000 ) ) ;
#964 = CARTESIAN_POINT ( 'NONE',  ( -882.7857991206472000, 28.53472436016657800, -111.5622202937600100 ) ) ;
#965 = ORIENTED_EDGE ( 'NONE', *, *, #1997, .F. ) ;
#966 = DIRECTION ( 'NONE',  ( -0.0000000000000000000, -0.0000000000000000000, 1.000000000000000000 ) ) ;
#967 = EDGE_CURVE ( 'NONE', #2636, #3503, #2660, .T. ) ;
#968 = CARTESIAN_POINT ( 'NONE',  ( -930.3348619948177400, -44.05435725806798100, 49.73200771745348400 ) ) ;
#969 = AXIS2_PLACEMENT_3D ( 'NONE', #2106, #5205, #3622 ) ;
#970 = CARTESIAN_POINT ( 'NONE',  ( -1029.624234284731800, 36.30508039586155200, -12.17064020106210600 ) ) ;
#971 = CARTESIAN_POINT ( 'NONE',  ( -403.2369014179930100, 153.3287464514351400, -689.7308264926568900 ) ) ;
#972 = B_SPLINE_SURFACE_WITH_KNOTS ( 'NONE', 3, 3, ( 
 ( #4524, #3522, #6723, #5720, #444, #3015 ),
 ( #6800, #2481, #2546, #3574, #3654, #4137 ),
 ( #3631, #3040, #394, #6223, #3609, #962 ),
 ( #1454, #3063, #3590, #929, #4087, #4615 ) ),
 .UNSPECIFIED., .F., .F., .F.,
 ( 4, 4 ),
 ( 4, 1, 1, 4 ),
 ( 0.0000000000000000000, 1.000000000000000000 ),
 ( 0.0000000000000000000, 0.08409707550759747100, 0.1681940720496415700, 1.000000000000000000 ),
 .UNSPECIFIED. ) ;
#973 = ORIENTED_EDGE ( 'NONE', *, *, #4197, .T. ) ;
#974 = VECTOR ( 'NONE', #5083, 1000.000000000000100 ) ;
#975 = ORIENTED_EDGE ( 'NONE', *, *, #5616, .T. ) ;
#976 = CARTESIAN_POINT ( 'NONE',  ( -957.6817991869520500, 38.96419166205900100, -94.47116886415673800 ) ) ;
#977 = ORIENTED_EDGE ( 'NONE', *, *, #3724, .F. ) ;
#978 = EDGE_CURVE ( 'NONE', #3451, #5793, #4863, .T. ) ;
#979 = CARTESIAN_POINT ( 'NONE',  ( -861.6595126023505600, 94.40981206220433800, 100.0709689902535900 ) ) ;
#980 = FACE_OUTER_BOUND ( 'NONE', #2388, .T. ) ;
#981 = ORIENTED_EDGE ( 'NONE', *, *, #3994, .T. ) ;
#982 = CARTESIAN_POINT ( 'NONE',  ( -404.8361864232019800, -48.55670893018799500, -755.0000000000000000 ) ) ;
#983 =( BOUNDED_CURVE ( )  B_SPLINE_CURVE ( 3, ( #5599, #1428, #6664, #1382 ),
 .UNSPECIFIED., .F., .F. ) 
 B_SPLINE_CURVE_WITH_KNOTS ( ( 4, 4 ),
 ( 0.5805841559273640100, 1.241315980897926600 ),
 .UNSPECIFIED. ) 
 CURVE ( )  GEOMETRIC_REPRESENTATION_ITEM ( )  RATIONAL_B_SPLINE_CURVE ( ( 1.000000000000000000, 0.9639491392049667200, 0.9639491392049667200, 1.000000000000000000 ) ) 
 REPRESENTATION_ITEM ( '' )  );
#984 = CARTESIAN_POINT ( 'NONE',  ( -99.52395713754170000, 286.8624078363728200, 239.9999999999999100 ) ) ;
#985 = ORIENTED_EDGE ( 'NONE', *, *, #3344, .F. ) ;
#986 = AXIS2_PLACEMENT_3D ( 'NONE', #548, #1091, #1047 ) ;
#987 = CARTESIAN_POINT ( 'NONE',  ( -366.7937014670116600, 102.8553146867645600, -592.9706722561451200 ) ) ;
#988 = CARTESIAN_POINT ( 'NONE',  ( -729.7186922751344600, -45.97881655748227600, 312.7526747221214100 ) ) ;
#989 = CARTESIAN_POINT ( 'NONE',  ( -42.12410489859964000, 308.7300993609362600, 239.9999999999998900 ) ) ;
#990 = LINE ( 'NONE', #4617, #6442 ) ;
#991 = CARTESIAN_POINT ( 'NONE',  ( -750.6785800302291100, 71.93453721306583800, 655.0000000000000000 ) ) ;
#992 = CARTESIAN_POINT ( 'NONE',  ( -1030.024134182208200, 23.10906259355152800, -42.24600841051668000 ) ) ;
#993 = ORIENTED_EDGE ( 'NONE', *, *, #407, .F. ) ;
#994 = DIRECTION ( 'NONE',  ( 0.09746564986554909200, -0.9952388894613625200, 0.0000000000000000000 ) ) ;
#995 = DIRECTION ( 'NONE',  ( -0.0000000000000000000, 0.0000000000000000000, 1.000000000000000000 ) ) ;
#996 = CARTESIAN_POINT ( 'NONE',  ( -936.2553106414399100, -43.24116746019493000, 67.81263601316851500 ) ) ;
#997 = AXIS2_PLACEMENT_3D ( 'NONE', #6495, #5336, #5429 ) ;
#998 = CARTESIAN_POINT ( 'NONE',  ( -401.4863406297801000, 154.2799487527193500, -703.6603566535857200 ) ) ;
#999 = AXIS2_PLACEMENT_3D ( 'NONE', #4981, #6514, #4431 ) ;
#1000 = B_SPLINE_SURFACE_WITH_KNOTS ( 'NONE', 3, 3, ( 
 ( #903, #1358, #1959, #3518, #3496, #875, #5121 ),
 ( #5093, #2988, #6694, #2474, #1932, #3540, #364 ),
 ( #4065, #4581, #1029, #3671, #30, #3131, #4736 ),
 ( #1620, #15, #1578, #1055, #3734, #577, #5822 ) ),
 .UNSPECIFIED., .F., .F., .F.,
 ( 4, 4 ),
 ( 4, 1, 1, 1, 4 ),
 ( 0.0000000000000000000, 1.000000000000000000 ),
 ( 0.0000000000000000000, 0.1490010684283051300, 0.3542303876842902700, 0.5841602856976757500, 1.000000000000000000 ),
 .UNSPECIFIED. ) ;
#1001 = VERTEX_POINT ( 'NONE', #773 ) ;
#1002 = CARTESIAN_POINT ( 'NONE',  ( -919.3216284226454000, 64.33216172391371400, 101.7668600372665100 ) ) ;
#1003 = CARTESIAN_POINT ( 'NONE',  ( -822.4673178911613100, 110.4690685586915200, -117.1897665034838800 ) ) ;
#1004 = CARTESIAN_POINT ( 'NONE',  ( -1008.712152117855200, 20.80367857178739000, 39.56955737032698300 ) ) ;
#1005 = CARTESIAN_POINT ( 'NONE',  ( -605.0299687486865400, -5.086740047754328300, 479.9023568143828700 ) ) ;
#1006 = CARTESIAN_POINT ( 'NONE',  ( -920.2973225776123600, 72.81222478497731700, -92.90511568884602400 ) ) ;
#1007 = ORIENTED_EDGE ( 'NONE', *, *, #4461, .T. ) ;
#1008 = CARTESIAN_POINT ( 'NONE',  ( -70.46871733123977300, 290.9006006652400600, 239.9999999999998600 ) ) ;
#1009 = CARTESIAN_POINT ( 'NONE',  ( -366.7937014670116600, 102.8553146867645600, -592.9706722561451200 ) ) ;
#1010 = PLANE ( 'NONE',  #2124 ) ;
#1011 = CARTESIAN_POINT ( 'NONE',  ( -16.50964688538181200, 303.2782411067042900, 240.0000000000000300 ) ) ;
#1012 = ORIENTED_EDGE ( 'NONE', *, *, #2421, .T. ) ;
#1013 = CARTESIAN_POINT ( 'NONE',  ( -955.0848152254923200, 29.77067270152409500, -106.4736495249556900 ) ) ;
#1014 = CARTESIAN_POINT ( 'NONE',  ( -1021.980486083716300, 40.23499097073159400, -16.19151997828025100 ) ) ;
#1015 = CARTESIAN_POINT ( 'NONE',  ( -1030.814107419051900, 33.80051229698376100, -23.51177689938068500 ) ) ;
#1016 = CARTESIAN_POINT ( 'NONE',  ( -147.7592090282769000, 323.0206406943436300, 139.7603115605241700 ) ) ;
#1017 = CARTESIAN_POINT ( 'NONE',  ( -916.5373241055175400, 52.65952509643096100, -105.5304585192918000 ) ) ;
#1018 = AXIS2_PLACEMENT_3D ( 'NONE', #3478, #2434, #326 ) ;
#1019 = CARTESIAN_POINT ( 'NONE',  ( -938.3654608894962600, -42.90391090344827800, 65.68323966637220200 ) ) ;
#1020 = CARTESIAN_POINT ( 'NONE',  ( -176.0669473456558200, 315.5764558570213000, 138.8167202832974300 ) ) ;
#1021 = EDGE_CURVE ( 'NONE', #5413, #5437, #948, .T. ) ;
#1022 = DIRECTION ( 'NONE',  ( -0.0000000000000000000, -0.0000000000000000000, 1.000000000000000000 ) ) ;
#1023 = CARTESIAN_POINT ( 'NONE',  ( -250.6785800302291400, -28.06546278693358700, 755.0000000000000000 ) ) ;
#1024 = DIRECTION ( 'NONE',  ( -1.000000000000000000, 0.0000000000000000000, 0.0000000000000000000 ) ) ;
#1025 = CARTESIAN_POINT ( 'NONE',  ( -767.9230606215429600, 22.73048883415080500, -55.29393639120731100 ) ) ;
#1026 = CARTESIAN_POINT ( 'NONE',  ( -69.51958057148920000, 291.0381177434103400, 239.9999999999999100 ) ) ;
#1027 = CARTESIAN_POINT ( 'NONE',  ( -161.7212291768948700, 316.2399435560448600, -139.2949108889226900 ) ) ;
#1028 = CARTESIAN_POINT ( 'NONE',  ( -969.8308515967182800, 2.957272304234564800, -68.93093529213737700 ) ) ;
#1029 = CARTESIAN_POINT ( 'NONE',  ( -594.8326090302857700, -18.90785067022326200, 123.2997772557765300 ) ) ;
#1030 = CARTESIAN_POINT ( 'NONE',  ( -131.7211751062305000, 321.3648448771398900, 239.9999999999999400 ) ) ;
#1031 = CARTESIAN_POINT ( 'NONE',  ( -184.6267484020535800, 310.2834448515030200, -137.9225819429058500 ) ) ;
#1032 = VECTOR ( 'NONE', #5265, 1000.000000000000000 ) ;
#1033 = ORIENTED_EDGE ( 'NONE', *, *, #4724, .F. ) ;
#1034 = CARTESIAN_POINT ( 'NONE',  ( -1035.456036745694700, 35.49122954715705400, -19.93266355464974600 ) ) ;
#1035 = CARTESIAN_POINT ( 'NONE',  ( -110.4287047268466000, 318.6268463562761300, 137.9225819429060500 ) ) ;
#1036 = CARTESIAN_POINT ( 'NONE',  ( -179.9115004248668300, 336.6662441639962800, 135.2048369887800700 ) ) ;
#1037 = CARTESIAN_POINT ( 'NONE',  ( -940.3996574009174800, 6.041024066441117700, 85.87891004251237300 ) ) ;
#1038 = B_SPLINE_CURVE_WITH_KNOTS ( 'NONE', 3,
 ( #64, #3759, #6435, #3266, #649, #1173, #1222 ),
 .UNSPECIFIED., .F., .F.,
 ( 4, 1, 1, 1, 4 ),
 ( 0.0000000000000000000, 0.4158397143023242500, 0.6457696123157097300, 0.8509989315716948200, 1.000000000000000000 ),
 .UNSPECIFIED. ) ;
#1039 = CARTESIAN_POINT ( 'NONE',  ( -770.0781440828610600, 23.42789570974004900, -54.73844108900409100 ) ) ;
#1040 = CARTESIAN_POINT ( 'NONE',  ( -1007.589910239763600, 0.8351890653911342400, -39.56955737032578200 ) ) ;
#1041 = FACE_BOUND ( 'NONE', #2454, .T. ) ;
#1042 = CARTESIAN_POINT ( 'NONE',  ( -393.5620336389708300, 163.3965813327982100, -736.6413808221808500 ) ) ;
#1043 = EDGE_LOOP ( 'NONE', ( #1681, #3320, #87, #2844 ) ) ;
#1044 = CARTESIAN_POINT ( 'NONE',  ( -721.1638438405121900, -28.50215867585657400, -123.2493405169230300 ) ) ;
#1045 = AXIS2_PLACEMENT_3D ( 'NONE', #4333, #4350, #5980 ) ;
#1046 = VECTOR ( 'NONE', #3085, 1000.000000000000000 ) ;
#1047 = DIRECTION ( 'NONE',  ( -1.110223024625156700E-015, 1.000000000000000000, 0.0000000000000000000 ) ) ;
#1048 = VERTEX_POINT ( 'NONE', #2846 ) ;
#1049 = DIRECTION ( 'NONE',  ( -0.9238795325112871800, -0.3826834323650889500, -0.0000000000000000000 ) ) ;
#1050 = CARTESIAN_POINT ( 'NONE',  ( -767.6447181106009300, 22.75774744914411600, -55.44971539264285100 ) ) ;
#1051 = CARTESIAN_POINT ( 'NONE',  ( -73.72306611233145200, 313.5735652203887300, 142.2281829910748700 ) ) ;
#1052 = EDGE_CURVE ( 'NONE', #3992, #1114, #4361, .T. ) ;
#1053 = CARTESIAN_POINT ( 'NONE',  ( -183.8273139237527100, 301.5463612333243200, -138.5580413973607400 ) ) ;
#1054 = CARTESIAN_POINT ( 'NONE',  ( -534.0300862400527000, -11.13421401238134900, 0.0000000000000000000 ) ) ;
#1055 = CARTESIAN_POINT ( 'NONE',  ( -527.5130262030224900, -0.1796302367025645900, 269.5430657194446000 ) ) ;
#1056 = CARTESIAN_POINT ( 'NONE',  ( -132.1863798302623000, 321.4248559081115700, 239.9999999999999400 ) ) ;
#1057 = ORIENTED_EDGE ( 'NONE', *, *, #711, .T. ) ;
#1058 = CARTESIAN_POINT ( 'NONE',  ( -181.7084425294492000, 293.5248389824574200, 239.9999999999999700 ) ) ;
#1059 = CARTESIAN_POINT ( 'NONE',  ( -184.6267484020536400, 310.2834448515030200, -239.9999999999997700 ) ) ;
#1060 = VERTEX_POINT ( 'NONE', #1254 ) ;
#1061 = CARTESIAN_POINT ( 'NONE',  ( -1035.213616962849100, 21.69446416873040600, 30.15032139521711900 ) ) ;
#1062 = EDGE_CURVE ( 'NONE', #6272, #876, #6850, .T. ) ;
#1063 = ORIENTED_EDGE ( 'NONE', *, *, #1156, .F. ) ;
#1064 = CARTESIAN_POINT ( 'NONE',  ( -164.6862312608374200, 342.0259542297355300, 114.7494129850948500 ) ) ;
#1065 = PRESENTATION_STYLE_ASSIGNMENT (( #347 ) ) ;
#1066 = ORIENTED_EDGE ( 'NONE', *, *, #6809, .T. ) ;
#1067 = CARTESIAN_POINT ( 'NONE',  ( -896.2328090447991800, 59.48752152110779400, -109.7963367075867000 ) ) ;
#1068 = AXIS2_PLACEMENT_3D ( 'NONE', #5731, #2560, #9 ) ;
#1069 = ORIENTED_EDGE ( 'NONE', *, *, #4772, .T. ) ;
#1070 = CARTESIAN_POINT ( 'NONE',  ( -936.7889275742362500, 6.193131183706454700, -52.08305628874515500 ) ) ;
#1071 =( BOUNDED_CURVE ( )  B_SPLINE_CURVE ( 3, ( #5671, #3520, #4585, #1433 ),
 .UNSPECIFIED., .F., .T. ) 
 B_SPLINE_CURVE_WITH_KNOTS ( ( 4, 4 ),
 ( 0.6612005025985547800, 1.241315980897927700 ),
 .UNSPECIFIED. ) 
 CURVE ( )  GEOMETRIC_REPRESENTATION_ITEM ( )  RATIONAL_B_SPLINE_CURVE ( ( 1.000000000000000000, 0.9721515755180509800, 0.9721515755180509800, 1.000000000000000000 ) ) 
 REPRESENTATION_ITEM ( '' )  );
#1072 = CIRCLE ( 'NONE', #281, 25.00000000000000000 ) ;
#1073 = EDGE_LOOP ( 'NONE', ( #4678, #3869, #2616, #424 ) ) ;
#1074 = CARTESIAN_POINT ( 'NONE',  ( -996.4641940666410800, 27.31809308082065600, -78.99400159414884100 ) ) ;
#1075 = CARTESIAN_POINT ( 'NONE',  ( -765.8736521931259600, 22.93119132521176300, -62.20221165909383400 ) ) ;
#1076 = CARTESIAN_POINT ( 'NONE',  ( -22.35695832401222600, 299.0537348505726500, 239.9999999999999700 ) ) ;
#1077 = CARTESIAN_POINT ( 'NONE',  ( -160.7940353182829700, 316.4528543878283200, -139.3258173508763800 ) ) ;
#1078 = CARTESIAN_POINT ( 'NONE',  ( -723.6193010487614900, -38.68068962038899600, -36.91515317970815600 ) ) ;
#1079 = CARTESIAN_POINT ( 'NONE',  ( -308.7992690864780300, 140.4205989181335200, 650.0000000000000000 ) ) ;
#1080 = CARTESIAN_POINT ( 'NONE',  ( -132.5975602885154700, 321.4778871338957600, 240.0000000000000000 ) ) ;
#1081 = VERTEX_POINT ( 'NONE', #4496 ) ;
#1082 = CARTESIAN_POINT ( 'NONE',  ( -183.7185104476753600, 297.1073924630163700, 239.9999999999998900 ) ) ;
#1083 = DIRECTION ( 'NONE',  ( -0.0000000000000000000, -0.0000000000000000000, 1.000000000000000000 ) ) ;
#1084 = CARTESIAN_POINT ( 'NONE',  ( -1033.674350646560200, 22.11417396232764400, 34.26915121570569800 ) ) ;
#1085 = CARTESIAN_POINT ( 'NONE',  ( -1030.025612621816400, 35.79771259898687000, -15.03253103448610300 ) ) ;
#1086 = CARTESIAN_POINT ( 'NONE',  ( -179.9064680808944800, 312.5282386848416000, 138.6887362587830500 ) ) ;
#1087 = DIRECTION ( 'NONE',  ( -0.03331483023263737100, 0.0000000000000000000, 0.9994449069791544500 ) ) ;
#1088 = CARTESIAN_POINT ( 'NONE',  ( -934.5388021668814000, 6.413490272794646800, -50.66424070620841000 ) ) ;
#1089 = EDGE_CURVE ( 'NONE', #2369, #6777, #1071, .T. ) ;
#1090 = CARTESIAN_POINT ( 'NONE',  ( -769.9173694681089700, -48.79992306192293900, -54.74786995753967700 ) ) ;
#1091 = DIRECTION ( 'NONE',  ( 1.000000000000000000, 1.110223024625156700E-015, -0.0000000000000000000 ) ) ;
#1092 = CARTESIAN_POINT ( 'NONE',  ( -765.2401902142017900, 22.99322746959346000, -59.41736793765744600 ) ) ;
#1093 = ORIENTED_EDGE ( 'NONE', *, *, #2037, .T. ) ;
#1094 = CARTESIAN_POINT ( 'NONE',  ( -41.08509331251923400, 308.5611564027128700, 143.3161154177352600 ) ) ;
#1095 = CARTESIAN_POINT ( 'NONE',  ( -547.1009680391321100, 22.47362112785342300, -451.8120207496300500 ) ) ;
#1096 = CARTESIAN_POINT ( 'NONE',  ( -447.9801092901970500, 49.83749238180580900, 373.9530545154048600 ) ) ;
#1097 = CARTESIAN_POINT ( 'NONE',  ( -132.6481734780330700, 321.4844141944132600, 240.0000000000000000 ) ) ;
#1098 = EDGE_CURVE ( 'NONE', #3175, #1497, #665, .T. ) ;
#1099 = CARTESIAN_POINT ( 'NONE',  ( -180.7610360278521300, 292.3912205018231700, 239.9999999999999400 ) ) ;
#1100 = CARTESIAN_POINT ( 'NONE',  ( -930.6693226185771000, 6.792435813217649900, 49.73865511901531300 ) ) ;
#1101 = CARTESIAN_POINT ( 'NONE',  ( -1018.948685343043400, 41.30226753392992800, 25.51097799308465900 ) ) ;
#1102 = AXIS2_PLACEMENT_3D ( 'NONE', #1678, #2686, #5356 ) ;
#1103 = CARTESIAN_POINT ( 'NONE',  ( -153.6934471251008700, 345.8957141103819000, 114.8253298011107400 ) ) ;
#1104 = CARTESIAN_POINT ( 'NONE',  ( -577.6248807457196800, 54.16390315882591000, -650.0000000000000000 ) ) ;
#1105 = VECTOR ( 'NONE', #452, 1000.000000000000100 ) ;
#1106 = EDGE_CURVE ( 'NONE', #4329, #6805, #6349, .T. ) ;
#1107 = CARTESIAN_POINT ( 'NONE',  ( -1029.498691847891500, 28.94701020064865200, 38.83946067233691200 ) ) ;
#1108 = CARTESIAN_POINT ( 'NONE',  ( -940.3178633056692200, 5.847535751253055900, -59.41451489879682400 ) ) ;
#1109 = EDGE_CURVE ( 'NONE', #5525, #3203, #5946, .T. ) ;
#1110 = CARTESIAN_POINT ( 'NONE',  ( -767.9218794635891100, -48.63005107376871900, -55.29454155089647600 ) ) ;
#1111 = CARTESIAN_POINT ( 'NONE',  ( -802.3608228219858300, -55.78052167908376200, -0.0000000000000000000 ) ) ;
#1112 = PRODUCT_DEFINITION_SHAPE ( 'NONE', 'NONE',  #2480 ) ;
#1113 = CARTESIAN_POINT ( 'NONE',  ( -5.573319583618286500E-011, 120.6554859766938400, 125.3159394877816600 ) ) ;
#1114 = VERTEX_POINT ( 'NONE', #1387 ) ;
#1115 = CARTESIAN_POINT ( 'NONE',  ( -731.8165205886824700, 51.45799681608176000, 120.2917345085304800 ) ) ;
#1116 = CARTESIAN_POINT ( 'NONE',  ( -15.60342068856728300, 302.8991527655840600, 144.1655045052002300 ) ) ;
#1117 = CARTESIAN_POINT ( 'NONE',  ( -657.1477111387589500, -36.52210372559174100, -123.2738644042215400 ) ) ;
#1118 = LINE ( 'NONE', #3148, #1198 ) ;
#1119 = CARTESIAN_POINT ( 'NONE',  ( -344.9798420320378200, 113.8747192612501400, 650.0000000000000000 ) ) ;
#1120 = ORIENTED_EDGE ( 'NONE', *, *, #3002, .F. ) ;
#1121 = CARTESIAN_POINT ( 'NONE',  ( -105.0205380212446800, 317.8741218692450200, 239.9999999999999100 ) ) ;
#1122 = CARTESIAN_POINT ( 'NONE',  ( -183.6566439552161700, 296.9527641647351300, 240.0000000000000600 ) ) ;
#1123 = CARTESIAN_POINT ( 'NONE',  ( -938.9256751166537900, 5.983875405997622500, 64.83800684053102300 ) ) ;
#1124 = CARTESIAN_POINT ( 'NONE',  ( -733.6829613508962200, 121.4735770468929300, -119.6004556858396300 ) ) ;
#1125 = CIRCLE ( 'NONE', #1384, 700.0000000000000000 ) ;
#1126 = ORIENTED_EDGE ( 'NONE', *, *, #6512, .F. ) ;
#1127 = CARTESIAN_POINT ( 'NONE',  ( -929.9999970323415300, -44.10239079642276700, 49.73844108900586700 ) ) ;
#1128 = CARTESIAN_POINT ( 'NONE',  ( -882.7853170959830300, 28.53487575718742500, 111.5622842421166000 ) ) ;
#1129 = CARTESIAN_POINT ( 'NONE',  ( -5.573319583618285800E-011, 119.9869196084536500, -119.5411502224856400 ) ) ;
#1130 = CARTESIAN_POINT ( 'NONE',  ( -1030.735667485854500, 34.08958489581330300, 22.37060799453291800 ) ) ;
#1131 = DIRECTION ( 'NONE',  ( -0.0000000000000000000, -0.0000000000000000000, 1.000000000000000000 ) ) ;
#1132 = EDGE_LOOP ( 'NONE', ( #5373, #6235, #5751, #2219 ) ) ;
#1133 = CARTESIAN_POINT ( 'NONE',  ( -920.2973225776128200, 72.81222478497559800, 92.90511568884946300 ) ) ;
#1134 = CARTESIAN_POINT ( 'NONE',  ( -1027.366565385218300, 38.33894413331797300, 47.75748126390123400 ) ) ;
#1135 = CARTESIAN_POINT ( 'NONE',  ( -1000.746607440859700, 26.21800630331760500, -76.20507179183036300 ) ) ;
#1136 = ADVANCED_FACE ( 'NONE', ( #5276 ), #3244, .T. ) ;
#1137 = EDGE_LOOP ( 'NONE', ( #993, #95, #3230, #5273 ) ) ;
#1138 = PLANE ( 'NONE',  #2121 ) ;
#1139 = CARTESIAN_POINT ( 'NONE',  ( -930.0000000000558200, -44.17288593644951100, 69.73844108900584600 ) ) ;
#1140 = LINE ( 'NONE', #1768, #5520 ) ;
#1141 = CARTESIAN_POINT ( 'NONE',  ( -22.46341836052257400, 299.0286487353618600, 239.9999999999999700 ) ) ;
#1142 = EDGE_CURVE ( 'NONE', #5199, #1161, #4868, .T. ) ;
#1143 = CARTESIAN_POINT ( 'NONE',  ( -950.6912105647708100, 4.831653994023334100, -80.88808280369919100 ) ) ;
#1144 = ORIENTED_EDGE ( 'NONE', *, *, #399, .T. ) ;
#1145 = CARTESIAN_POINT ( 'NONE',  ( -940.3997929221887900, 6.041006548282504200, -85.87884104881492000 ) ) ;
#1146 = ORIENTED_EDGE ( 'NONE', *, *, #2758, .F. ) ;
#1147 = CARTESIAN_POINT ( 'NONE',  ( -154.4379478435263000, 322.6624567202409300, 239.9999999999999700 ) ) ;
#1148 = VECTOR ( 'NONE', #2250, 1000.000000000000000 ) ;
#1149 = CARTESIAN_POINT ( 'NONE',  ( -167.6786544655423100, 284.3745781176347700, 239.9999999999999100 ) ) ;
#1150 = EDGE_LOOP ( 'NONE', ( #4765, #769, #2951, #5786, #981, #1255 ) ) ;
#1151 = VECTOR ( 'NONE', #2674, 1000.000000000000000 ) ;
#1152 = ORIENTED_EDGE ( 'NONE', *, *, #6689, .F. ) ;
#1153 = CARTESIAN_POINT ( 'NONE',  ( -933.2849877969650800, 6.536278714513213300, 50.17942390786844000 ) ) ;
#1154 = CARTESIAN_POINT ( 'NONE',  ( -946.5066301737686000, 4.268108461688164800, -76.77176712034750500 ) ) ;
#1155 = CARTESIAN_POINT ( 'NONE',  ( -765.8750235901853800, -48.44981864675945400, 57.27297430620939200 ) ) ;
#1156 = EDGE_CURVE ( 'NONE', #2901, #876, #500, .T. ) ;
#1157 = CARTESIAN_POINT ( 'NONE',  ( -916.1761530242782800, 52.78097960269511900, -105.6062142766411800 ) ) ;
#1158 = CARTESIAN_POINT ( 'NONE',  ( -530.2020976964985300, 0.2943142993471342700, 0.0000000000000000000 ) ) ;
#1159 = CARTESIAN_POINT ( 'NONE',  ( -1027.855799328440100, 26.81108851240346200, 44.34993476122043900 ) ) ;
#1160 = DIRECTION ( 'NONE',  ( 1.110223024625156700E-015, -1.000000000000000000, 0.0000000000000000000 ) ) ;
#1161 = VERTEX_POINT ( 'NONE', #3499 ) ;
#1162 = CARTESIAN_POINT ( 'NONE',  ( -919.6200559824769700, 75.95733513052564900, 85.03501931317792600 ) ) ;
#1163 = CARTESIAN_POINT ( 'NONE',  ( -5.573319583618285200E-011, 123.8698008024374800, 132.8994223664616600 ) ) ;
#1164 = CARTESIAN_POINT ( 'NONE',  ( -594.6987467823856800, -29.35557712495107200, -0.0000000000000000000 ) ) ;
#1165 = CARTESIAN_POINT ( 'NONE',  ( -723.7945680158910600, -29.18071593480783600, 36.91470976221314300 ) ) ;
#1166 = CARTESIAN_POINT ( 'NONE',  ( -14.85178436351319700, 301.5880360081631000, 144.1905590493686300 ) ) ;
#1167 = DIRECTION ( 'NONE',  ( 2.220446049250313600E-016, -1.000000000000000000, 0.0000000000000000000 ) ) ;
#1168 = CARTESIAN_POINT ( 'NONE',  ( -182.6750553488186300, 309.0509745859432100, 138.5964500165254700 ) ) ;
#1169 = CARTESIAN_POINT ( 'NONE',  ( -141.6738531259763400, 322.6076779479938600, 240.0000000000000000 ) ) ;
#1170 = CARTESIAN_POINT ( 'NONE',  ( -168.2262617504665600, 284.5769241928422300, 239.9999999999999100 ) ) ;
#1171 = CARTESIAN_POINT ( 'NONE',  ( -936.2472487161973000, 6.246178831337871900, 51.67813514214771000 ) ) ;
#1172 = ORIENTED_EDGE ( 'NONE', *, *, #145, .F. ) ;
#1173 = CARTESIAN_POINT ( 'NONE',  ( -536.4089367922349500, -10.00669366827933300, -36.89144407851287600 ) ) ;
#1174 = CARTESIAN_POINT ( 'NONE',  ( -1026.448655729498100, 25.31652436319533500, 47.92967102618248300 ) ) ;
#1175 = ADVANCED_FACE ( 'NONE', ( #4699 ), #6190, .F. ) ;
#1176 = CARTESIAN_POINT ( 'NONE',  ( -398.9254421041000600, 139.8893244830534600, -655.0000000000000000 ) ) ;
#1177 = CARTESIAN_POINT ( 'NONE',  ( -5.573319583618284500E-011, 120.8497525157403800, -126.0734856922883700 ) ) ;
#1178 = DIRECTION ( 'NONE',  ( -0.3420201433256608300, -0.9396926207859113100, 0.0000000000000000000 ) ) ;
#1179 = CARTESIAN_POINT ( 'NONE',  ( -768.8176989229303900, 22.64287519247875800, 64.54435747821484900 ) ) ;
#1180 = CARTESIAN_POINT ( 'NONE',  ( -977.9970575583938600, 32.06201920788439000, -87.52448106196230500 ) ) ;
#1181 = CARTESIAN_POINT ( 'NONE',  ( -1031.684205363288400, -0.5189257264398833300, -51.33113109601915600 ) ) ;
#1182 = CARTESIAN_POINT ( 'NONE',  ( -497.7996294928674400, 48.47557972013056800, 576.2282484482782400 ) ) ;
#1183 = CARTESIAN_POINT ( 'NONE',  ( -14.94393524236707200, 301.5129111320169400, 144.1874873534069900 ) ) ;
#1184 = AXIS2_PLACEMENT_3D ( 'NONE', #2570, #3674, #5278 ) ;
#1185 = DIRECTION ( 'NONE',  ( 0.05882202577553596900, 0.1616121875848655100, -0.9850997259707751100 ) ) ;
#1186 = CARTESIAN_POINT ( 'NONE',  ( -138.6352051122872200, 322.2531499355436600, 239.9999999999999700 ) ) ;
#1187 = CARTESIAN_POINT ( 'NONE',  ( -152.4038922335055900, 317.7341039240751000, -139.6054887870356300 ) ) ;
#1188 = EDGE_CURVE ( 'NONE', #2116, #6352, #4543, .T. ) ;
#1189 = CARTESIAN_POINT ( 'NONE',  ( -162.3824471849036400, 282.7799756318645400, 240.0000000000000000 ) ) ;
#1190 = UNCERTAINTY_MEASURE_WITH_UNIT (LENGTH_MEASURE( 1.000000000000000100E-005 ), #864, 'distance_accuracy_value', 'NONE');
#1191 = CARTESIAN_POINT ( 'NONE',  ( -939.3953794367589600, 5.937876362663949700, 63.94694674773943200 ) ) ;
#1192 = LINE ( 'NONE', #4661, #1105 ) ;
#1193 = CARTESIAN_POINT ( 'NONE',  ( -735.8673913337888700, 127.8887512847990400, -116.9030234751927800 ) ) ;
#1194 = CARTESIAN_POINT ( 'NONE',  ( -1013.437113598098400, 0.5065724979567314300, -27.08724535500663700 ) ) ;
#1195 = CARTESIAN_POINT ( 'NONE',  ( -384.9320817026566600, 178.3357662083109000, -760.3244722217751800 ) ) ;
#1196 = CARTESIAN_POINT ( 'NONE',  ( -5.573319583618286500E-011, 122.5944485110696600, -130.7343370524648900 ) ) ;
#1197 = CARTESIAN_POINT ( 'NONE',  ( -1011.547652396229100, 0.6127614256214090100, 31.91848605422537600 ) ) ;
#1198 = VECTOR ( 'NONE', #3620, 1000.000000000000000 ) ;
#1199 = CARTESIAN_POINT ( 'NONE',  ( -933.3004954243094700, 6.534760022877452300, -50.16678825163163000 ) ) ;
#1200 = EDGE_LOOP ( 'NONE', ( #4688, #5553, #2692, #659 ) ) ;
#1201 = EDGE_CURVE ( 'NONE', #1323, #3451, #5531, .T. ) ;
#1202 = CARTESIAN_POINT ( 'NONE',  ( -730.5038028408574700, 38.96947129314757100, -117.0136611303093400 ) ) ;
#1203 = CARTESIAN_POINT ( 'NONE',  ( -767.6418924300758100, -48.61147614149101800, -64.02579573610897500 ) ) ;
#1204 = CARTESIAN_POINT ( 'NONE',  ( -864.1920766689029300, 95.78081529010835000, 114.2952259661391700 ) ) ;
#1205 = AXIS2_PLACEMENT_3D ( 'NONE', #982, #4692, #4668 ) ;
#1206 = FACE_OUTER_BOUND ( 'NONE', #584, .T. ) ;
#1207 = CARTESIAN_POINT ( 'NONE',  ( -184.6267484020549400, 283.4185262867598600, -239.9999999999998900 ) ) ;
#1208 = VERTEX_POINT ( 'NONE', #462 ) ;
#1209 = ADVANCED_FACE ( 'NONE', ( #580 ), #2461, .T. ) ;
#1210 = CARTESIAN_POINT ( 'NONE',  ( -855.3638864233430500, 400.0000000000000000, 114.8816014359641600 ) ) ;
#1211 = CARTESIAN_POINT ( 'NONE',  ( -728.6207401753297300, -21.08220599310537600, 269.8644133654630100 ) ) ;
#1212 = DIRECTION ( 'NONE',  ( -1.972152263052529500E-031, -2.189528850507527500E-046, -1.000000000000000000 ) ) ;
#1213 = CARTESIAN_POINT ( 'NONE',  ( -721.1684343117491400, -36.89914864066234700, 0.0000000000000000000 ) ) ;
#1214 = DIRECTION ( 'NONE',  ( 2.018587317500284600E-016, 0.0000000000000000000, 1.000000000000000000 ) ) ;
#1215 = CARTESIAN_POINT ( 'NONE',  ( -183.8244675555539800, 306.6205793013278400, 138.5581362763008700 ) ) ;
#1216 = CARTESIAN_POINT ( 'NONE',  ( -153.1429351109055700, 322.7903606903663000, 239.9999999999999700 ) ) ;
#1217 = LINE ( 'NONE', #2076, #4520 ) ;
#1218 = CARTESIAN_POINT ( 'NONE',  ( -930.8578036902035800, -44.47907115522036000, -49.74729774213167800 ) ) ;
#1219 = ORIENTED_EDGE ( 'NONE', *, *, #4461, .F. ) ;
#1220 = CARTESIAN_POINT ( 'NONE',  ( -162.2534823588515600, 282.7478952095996800, 240.0000000000000000 ) ) ;
#1221 = CARTESIAN_POINT ( 'NONE',  ( -183.0589965845883300, 290.4453153110001700, -138.5836519753328800 ) ) ;
#1222 = CARTESIAN_POINT ( 'NONE',  ( -534.0300862400527000, -11.13421401238157100, 0.0000000000000000000 ) ) ;
#1223 = DIRECTION ( 'NONE',  ( 0.0000000000000000000, 0.0000000000000000000, -1.000000000000000000 ) ) ;
#1224 = CARTESIAN_POINT ( 'NONE',  ( -1026.360471336999600, -0.2197284701793967800, 54.41246317551600200 ) ) ;
#1225 = CARTESIAN_POINT ( 'NONE',  ( -237.2334984884732600, 82.16098930009823700, 111.6494292533612300 ) ) ;
#1226 = FACE_BOUND ( 'NONE', #406, .T. ) ;
#1227 = ORIENTED_EDGE ( 'NONE', *, *, #575, .F. ) ;
#1228 = VERTEX_POINT ( 'NONE', #4152 ) ;
#1229 = CARTESIAN_POINT ( 'NONE',  ( -404.8361864232019800, -48.55670893018799500, 655.0000000000000000 ) ) ;
#1230 = CARTESIAN_POINT ( 'NONE',  ( -598.0982651880275400, -23.16055610677338100, -36.89919930641298200 ) ) ;
#1231 = CARTESIAN_POINT ( 'NONE',  ( -977.9970575583958000, 32.06201920788370800, 87.52448106196229100 ) ) ;
#1232 = ORIENTED_EDGE ( 'NONE', *, *, #93, .T. ) ;
#1233 = LINE ( 'NONE', #642, #2701 ) ;
#1234 = CARTESIAN_POINT ( 'NONE',  ( -413.0707898217584700, 61.93453721306585200, -650.0000000000000000 ) ) ;
#1235 = ORIENTED_EDGE ( 'NONE', *, *, #1997, .T. ) ;
#1236 = CARTESIAN_POINT ( 'NONE',  ( -531.9501749664385700, -5.650588350028089100, 69.73714230385326100 ) ) ;
#1237 = ORIENTED_EDGE ( 'NONE', *, *, #6399, .T. ) ;
#1238 = CARTESIAN_POINT ( 'NONE',  ( -497.7996294928674400, 48.47557972013054000, 576.2282484482782400 ) ) ;
#1239 = DIRECTION ( 'NONE',  ( -0.3420201433256637700, -0.9396926207859102000, 0.0000000000000000000 ) ) ;
#1240 = CARTESIAN_POINT ( 'NONE',  ( -32.62372279653304500, 296.9357235279379100, 143.5981611016013600 ) ) ;
#1241 = EDGE_CURVE ( 'NONE', #4933, #5735, #1638, .T. ) ;
#1242 = CARTESIAN_POINT ( 'NONE',  ( -308.7992690864780300, 140.4205989181335200, 650.0000000000000000 ) ) ;
#1243 = CARTESIAN_POINT ( 'NONE',  ( -184.4333417270691500, 304.6847187215520900, 138.5378404705836900 ) ) ;
#1244 = CARTESIAN_POINT ( 'NONE',  ( -140.2435841760453700, 322.4478064446507800, 240.0000000000000000 ) ) ;
#1245 = CARTESIAN_POINT ( 'NONE',  ( -930.5722778169612200, 7.164169077462492700, -49.73579614213221600 ) ) ;
#1246 = ORIENTED_EDGE ( 'NONE', *, *, #6102, .T. ) ;
#1247 = CARTESIAN_POINT ( 'NONE',  ( -156.5514194903700500, 281.6186007786154700, 239.9999999999999700 ) ) ;
#1248 =( GEOMETRIC_REPRESENTATION_CONTEXT ( 3 ) GLOBAL_UNCERTAINTY_ASSIGNED_CONTEXT ( ( #5680 ) ) GLOBAL_UNIT_ASSIGNED_CONTEXT ( ( #6141, #6651, #846 ) ) REPRESENTATION_CONTEXT ( 'NONE', 'WORKASPACE' ) );
#1249 = CARTESIAN_POINT ( 'NONE',  ( -40.08396188827545400, 290.4532767321820200, -143.3494864652100200 ) ) ;
#1250 = CARTESIAN_POINT ( 'NONE',  ( -729.5885947223563300, 26.48465647974861900, -120.3397264064596800 ) ) ;
#1251 = DIRECTION ( 'NONE',  ( 6.530723674265633100E-016, -0.0000000000000000000, 1.000000000000000000 ) ) ;
#1252 = EDGE_CURVE ( 'NONE', #1081, #5419, #1413, .T. ) ;
#1253 = ADVANCED_FACE ( 'NONE', ( #4773 ), #4671, .F. ) ;
#1254 = CARTESIAN_POINT ( 'NONE',  ( -418.4486822469645500, 71.87170263032061300, -650.0000000000000000 ) ) ;
#1255 = ORIENTED_EDGE ( 'NONE', *, *, #1536, .T. ) ;
#1256 = CARTESIAN_POINT ( 'NONE',  ( -345.2162486971475300, 117.3747192612501500, 650.0000000000000000 ) ) ;
#1257 = AXIS2_PLACEMENT_3D ( 'NONE', #5742, #2075, #3157 ) ;
#1258 = DIRECTION ( 'NONE',  ( -1.000000000000000000, -1.110223024625156800E-016, -0.0000000000000000000 ) ) ;
#1259 = CARTESIAN_POINT ( 'NONE',  ( -1025.528095748797800, 24.49074053889320300, -49.74942052518628800 ) ) ;
#1260 = CARTESIAN_POINT ( 'NONE',  ( -588.0609149135337900, -13.05060390121163200, -269.6497347920996500 ) ) ;
#1261 = CARTESIAN_POINT ( 'NONE',  ( -766.2243095062966600, -48.48091884480684400, -56.73424731718598200 ) ) ;
#1262 = ORIENTED_EDGE ( 'NONE', *, *, #1666, .F. ) ;
#1263 = CARTESIAN_POINT ( 'NONE',  ( -534.0300862400527000, -11.13421401238134900, -0.0000000000000000000 ) ) ;
#1264 = CARTESIAN_POINT ( 'NONE',  ( -43.79741228524532200, 294.9832177758118000, 143.2257047853109700 ) ) ;
#1265 = VERTEX_POINT ( 'NONE', #5230 ) ;
#1266 = CARTESIAN_POINT ( 'NONE',  ( -875.8221502206670300, 66.35121194100121000, 112.9039487894362300 ) ) ;
#1267 = DIRECTION ( 'NONE',  ( 1.147673028526809800E-015, -1.000000000000000000, 0.0000000000000000000 ) ) ;
#1268 = CARTESIAN_POINT ( 'NONE',  ( -173.7924920757534400, 316.9172837056544300, 240.0000000000000000 ) ) ;
#1269 = VERTEX_POINT ( 'NONE', #2565 ) ;
#1270 = CARTESIAN_POINT ( 'NONE',  ( -931.1425848451413000, 7.164169077462492700, -49.76708235054682200 ) ) ;
#1271 = CARTESIAN_POINT ( 'NONE',  ( -138.4672339394651900, 281.7679873734120400, 239.9999999999999400 ) ) ;
#1272 = B_SPLINE_CURVE_WITH_KNOTS ( 'NONE', 3,
 ( #3598, #5220, #1504, #6253, #5725, #2528 ),
 .UNSPECIFIED., .F., .F.,
 ( 4, 1, 1, 4 ),
 ( 0.0000000000000000000, 0.08409707550759747100, 0.1681940720496415700, 1.000000000000000000 ),
 .UNSPECIFIED. ) ;
#1273 = CARTESIAN_POINT ( 'NONE',  ( -178.8502841063809100, 285.3500615732187400, -138.7239423912731400 ) ) ;
#1274 = CARTESIAN_POINT ( 'NONE',  ( -929.9999970323415300, -51.00000000000041200, 49.73844108900585300 ) ) ;
#1275 = CARTESIAN_POINT ( 'NONE',  ( -856.0528167478910300, 38.33678008681285100, 114.8146659380472600 ) ) ;
#1276 = CARTESIAN_POINT ( 'NONE',  ( -5.573319583618284500E-011, 132.0454256852458200, -140.9175079487837600 ) ) ;
#1277 = CARTESIAN_POINT ( 'NONE',  ( -1025.528095748797800, 24.49074053889320300, -49.74942052518628800 ) ) ;
#1278 = CARTESIAN_POINT ( 'NONE',  ( -721.5093510031267700, -27.39914864066261700, 0.0000000000000000000 ) ) ;
#1279 = CARTESIAN_POINT ( 'NONE',  ( -768.8161549975150100, -48.71326259915832000, -64.54390806735540300 ) ) ;
#1280 = CARTESIAN_POINT ( 'NONE',  ( -393.1649503368307100, 164.4875587390706400, -760.9919019266880000 ) ) ;
#1281 = VECTOR ( 'NONE', #4075, 1000.000000000000000 ) ;
#1282 = CARTESIAN_POINT ( 'NONE',  ( -889.8048394498116500, -74.52220209115317600, -20.83333333333332900 ) ) ;
#1283 = ADVANCED_FACE ( 'NONE', ( #3877 ), #1010, .F. ) ;
#1284 = DIRECTION ( 'NONE',  ( 1.000000000000000000, 0.0000000000000000000, 0.0000000000000000000 ) ) ;
#1285 = CARTESIAN_POINT ( 'NONE',  ( -861.6595126023507900, 94.40981206220075700, -100.0709689902600400 ) ) ;
#1286 = DIRECTION ( 'NONE',  ( -0.0000000000000000000, -0.0000000000000000000, -1.000000000000000000 ) ) ;
#1287 =( BOUNDED_SURFACE ( )  B_SPLINE_SURFACE ( 3, 2, ( 
 ( #3307, #3882, #723 ),
 ( #4405, #2402, #3523 ),
 ( #6123, #3426, #349 ),
 ( #2881, #277, #6100 ),
 ( #258, #300, #6653 ),
 ( #4550, #2924, #3957 ),
 ( #5035, #6582, #2949 ),
 ( #1871, #6631, #6058 ),
 ( #4047, #796, #848 ),
 ( #884, #4526, #1391 ) ),
 .UNSPECIFIED., .F., .F., .F. ) 
 B_SPLINE_SURFACE_WITH_KNOTS ( ( 4, 2, 2, 2, 4 ),
 ( 3, 3 ),
 ( 5.041869326281659600, 5.186898195856501900, 5.331927065431345100, 5.476955935006188300, 5.621984804581030600 ),
 ( 0.0000000000000000000, 1.000000000000000000 ),
 .UNSPECIFIED. ) 
 GEOMETRIC_REPRESENTATION_ITEM ( )  RATIONAL_B_SPLINE_SURFACE ( (
 ( 1.000000000000000000, 0.7006585670461694700, 1.000000000000000000),
 ( 1.000000000000000000, 0.6997427311303148200, 1.000000000000000000),
 ( 1.000000000000000000, 0.6988478715163882700, 1.000000000000000000),
 ( 1.000000000000000000, 0.6971193740742521700, 1.000000000000000000),
 ( 1.000000000000000000, 0.6962857652519851600, 1.000000000000000000),
 ( 1.000000000000000000, 0.6946980584610185100, 1.000000000000000000),
 ( 1.000000000000000000, 0.6939439750766252000, 1.000000000000000000),
 ( 1.000000000000000000, 0.6925320120771731900, 1.000000000000000000),
 ( 1.000000000000000000, 0.6918741116751824200, 1.000000000000000000),
 ( 1.000000000000000000, 0.6912717319805838900, 1.000000000000000000) ) ) 
 REPRESENTATION_ITEM ( '' )  SURFACE ( )  );
#1288 = CARTESIAN_POINT ( 'NONE',  ( -728.9765666348811200, 27.51885365671584100, 102.2053446399284000 ) ) ;
#1289 = CYLINDRICAL_SURFACE ( 'NONE', #6040, 200.0000000000001700 ) ;
#1290 = ORIENTED_EDGE ( 'NONE', *, *, #5727, .T. ) ;
#1291 = CARTESIAN_POINT ( 'NONE',  ( -176.0240666744551000, 315.5891570103936500, 239.9999999999999100 ) ) ;
#1292 = CARTESIAN_POINT ( 'NONE',  ( -931.4263944230313000, -44.47907115522036000, -49.79488626819294700 ) ) ;
#1293 = EDGE_CURVE ( 'NONE', #3636, #3146, #4214, .T. ) ;
#1294 = CARTESIAN_POINT ( 'NONE',  ( -152.8018814907707400, 281.1782346056284600, 239.9999999999999100 ) ) ;
#1295 = CARTESIAN_POINT ( 'NONE',  ( -141.3106194326933300, 276.2628602752527100, -139.9752645470626600 ) ) ;
#1296 = CARTESIAN_POINT ( 'NONE',  ( -345.2162486971475300, 117.3747192612501500, -650.0000000000000000 ) ) ;
#1297 = FACE_OUTER_BOUND ( 'NONE', #6450, .T. ) ;
#1298 = ORIENTED_EDGE ( 'NONE', *, *, #5595, .F. ) ;
#1299 = CARTESIAN_POINT ( 'NONE',  ( -966.3370979652122500, 3.299422286284750000, 72.52451162079840700 ) ) ;
#1300 = CARTESIAN_POINT ( 'NONE',  ( -937.0470885403701700, 25.13078199938942300, -100.5072134400951400 ) ) ;
#1301 = CARTESIAN_POINT ( 'NONE',  ( -721.0375125829706300, -43.02027741034836300, -0.0000000000000000000 ) ) ;
#1302 = CARTESIAN_POINT ( 'NONE',  ( -728.9137427894420400, 27.21156454596437200, -101.0100812437708300 ) ) ;
#1303 = CARTESIAN_POINT ( 'NONE',  ( -189.7732548792596700, 333.1946375837733300, 113.6226695422161700 ) ) ;
#1304 = AXIS2_PLACEMENT_3D ( 'NONE', #81, #6449, #1239 ) ;
#1305 = CARTESIAN_POINT ( 'NONE',  ( -731.8328558798130000, 116.1642536705852400, 120.2911899988262000 ) ) ;
#1306 = CIRCLE ( 'NONE', #2824, 110.0000000000000400 ) ;
#1307 = CARTESIAN_POINT ( 'NONE',  ( -129.9201570822413000, 282.8675154697035100, 140.3549466254112600 ) ) ;
#1308 = EDGE_LOOP ( 'NONE', ( #1836, #5110, #5357, #1012 ) ) ;
#1309 = CARTESIAN_POINT ( 'NONE',  ( -728.7444311317656200, 26.61849393224153800, 96.94719179652813100 ) ) ;
#1310 = PLANE ( 'NONE',  #3921 ) ;
#1311 = CARTESIAN_POINT ( 'NONE',  ( -166.4401335520456400, 320.0531533861469000, 239.9999999999999400 ) ) ;
#1312 = CARTESIAN_POINT ( 'NONE',  ( -930.2000504294431900, -44.47907115522036000, -69.74121535644221100 ) ) ;
#1313 = EDGE_LOOP ( 'NONE', ( #3881, #4939, #4547 ) ) ;
#1314 = CIRCLE ( 'NONE', #6277, 96.73687514032413000 ) ;
#1315 = ORIENTED_EDGE ( 'NONE', *, *, #3189, .F. ) ;
#1316 = CARTESIAN_POINT ( 'NONE',  ( -111.2734106630676800, 280.1433059851998500, -140.9765048393835800 ) ) ;
#1317 = CARTESIAN_POINT ( 'NONE',  ( -729.0542768836838800, 26.53698324128359700, -95.29295773869242200 ) ) ;
#1318 = EDGE_LOOP ( 'NONE', ( #4196, #4248, #2313, #6185, #4379, #1324, #4126, #5468 ) ) ;
#1319 = CARTESIAN_POINT ( 'NONE',  ( -1014.776880411038400, 0.4312767465720163100, -64.24384312892424000 ) ) ;
#1320 = ADVANCED_FACE ( 'NONE', ( #5850 ), #1557, .T. ) ;
#1321 = CARTESIAN_POINT ( 'NONE',  ( -864.5251048481841300, 34.42989204328659300, 113.9213428902742300 ) ) ;
#1322 = CARTESIAN_POINT ( 'NONE',  ( -5.573319583618286500E-011, 139.6643029356203600, -144.0421397755867200 ) ) ;
#1323 = VERTEX_POINT ( 'NONE', #2045 ) ;
#1324 = ORIENTED_EDGE ( 'NONE', *, *, #3940, .T. ) ;
#1325 = CARTESIAN_POINT ( 'NONE',  ( -934.5301646907761300, -43.50742379757995300, -68.83524956670386500 ) ) ;
#1326 = CARTESIAN_POINT ( 'NONE',  ( -5.573319583618285800E-011, 389.1781736765510100, 144.6856185281506000 ) ) ;
#1327 = AXIS2_PLACEMENT_3D ( 'NONE', #5593, #4468, #6110 ) ;
#1328 = CARTESIAN_POINT ( 'NONE',  ( -184.6267484020527300, 302.0000000000000600, -128.7958889368372300 ) ) ;
#1329 = CARTESIAN_POINT ( 'NONE',  ( -1030.164253487959700, 35.54745978456472200, -16.16680669486024200 ) ) ;
#1330 = CARTESIAN_POINT ( 'NONE',  ( -860.8395096330859800, 90.66934099811190600, -106.1653280343624700 ) ) ;
#1331 = CARTESIAN_POINT ( 'NONE',  ( -168.9615670094463600, 284.8137174057155800, 139.0535662945044100 ) ) ;
#1332 = EDGE_CURVE ( 'NONE', #6266, #1379, #4261, .T. ) ;
#1333 = AXIS2_PLACEMENT_3D ( 'NONE', #44, #5304, #22 ) ;
#1334 = DIRECTION ( 'NONE',  ( -1.110223024625156500E-016, 0.0000000000000000000, -1.000000000000000000 ) ) ;
#1335 = CARTESIAN_POINT ( 'NONE',  ( -728.6207401753297300, -21.08220599310537600, -269.8644133654630100 ) ) ;
#1336 = CARTESIAN_POINT ( 'NONE',  ( -157.3559097178416800, 322.2590596370789100, 239.9999999999999400 ) ) ;
#1337 = B_SPLINE_SURFACE_WITH_KNOTS ( 'NONE', 3, 3, ( 
 ( #1278, #6531, #6485, #655, #3305, #3856, #3814 ),
 ( #2807, #5445, #2849, #170, #1797, #6513, #118 ),
 ( #146, #1230, #4337, #1260, #2751, #6008, #4866 ),
 ( #1702, #1771, #5491, #5469, #2238, #6467, #701 ) ),
 .UNSPECIFIED., .F., .F., .F.,
 ( 4, 4 ),
 ( 4, 1, 1, 1, 4 ),
 ( 0.0000000000000000000, 1.000000000000000000 ),
 ( 0.0000000000000000000, 0.1490010684283051300, 0.3542303876842902700, 0.5841602856976757500, 1.000000000000000000 ),
 .UNSPECIFIED. ) ;
#1338 = CARTESIAN_POINT ( 'NONE',  ( 465.9699137599474700, -201.6600000000000000, 1100.000000371594300 ) ) ;
#1339 = ORIENTED_EDGE ( 'NONE', *, *, #3368, .T. ) ;
#1340 = DIRECTION ( 'NONE',  ( 1.000000000000000000, 1.009594287533120200E-015, 1.972152263052529500E-031 ) ) ;
#1341 = CARTESIAN_POINT ( 'NONE',  ( -378.6120757269669600, 103.7944812040708100, -509.7172871893691300 ) ) ;
#1342 = EDGE_CURVE ( 'NONE', #3685, #6420, #3020, .T. ) ;
#1343 = CARTESIAN_POINT ( 'NONE',  ( -937.3144158156588900, 7.164169369840226200, 52.49660499083597600 ) ) ;
#1344 = ORIENTED_EDGE ( 'NONE', *, *, #5566, .F. ) ;
#1345 = CARTESIAN_POINT ( 'NONE',  ( -728.7058691697151300, 26.57110846830472200, -95.70788288921454500 ) ) ;
#1346 = CARTESIAN_POINT ( 'NONE',  ( -939.3920160769610000, -42.70012711492388700, -55.52262901820211000 ) ) ;
#1347 = CARTESIAN_POINT ( 'NONE',  ( -172.5302966443478900, 339.2646292416830500, 114.6260239006379900 ) ) ;
#1348 = CARTESIAN_POINT ( 'NONE',  ( -736.5026136057533700, 129.7992435082774400, 115.5403224415223900 ) ) ;
#1349 = ADVANCED_FACE ( 'NONE', ( #3212 ), #5572, .T. ) ;
#1350 = CARTESIAN_POINT ( 'NONE',  ( -1030.500444841677600, 34.86216924167715100, -19.24496342613655000 ) ) ;
#1351 = CARTESIAN_POINT ( 'NONE',  ( -861.4566188129445000, 93.33712182569894400, -102.2140584719200300 ) ) ;
#1352 = CARTESIAN_POINT ( 'NONE',  ( -118.6694585468867700, 284.3243733965147700, 140.7299699099232600 ) ) ;
#1353 = CARTESIAN_POINT ( 'NONE',  ( -167.9508130830612900, 319.5244039743773200, 239.9999999999998900 ) ) ;
#1354 = CARTESIAN_POINT ( 'NONE',  ( -861.6342496577638000, 96.68124017129572700, -89.96129063427129300 ) ) ;
#1355 = AXIS2_PLACEMENT_3D ( 'NONE', #754, #1798, #2356 ) ;
#1356 = CARTESIAN_POINT ( 'NONE',  ( -484.9030400885682200, 50.45440574726538300, -103.4105467707246600 ) ) ;
#1357 = CARTESIAN_POINT ( 'NONE',  ( -770.0781440828610600, -51.00000000000041200, 64.73844108900584600 ) ) ;
#1358 = CARTESIAN_POINT ( 'NONE',  ( -723.7945680158911700, -29.18071593480789300, 36.91470976221315700 ) ) ;
#1359 = CARTESIAN_POINT ( 'NONE',  ( -250.6785800302290300, -23.06546278693358300, 751.9000000000000900 ) ) ;
#1360 = CARTESIAN_POINT ( 'NONE',  ( -933.9236489272241200, 7.164169369840226200, 50.39001465470448700 ) ) ;
#1361 = CIRCLE ( 'NONE', #1355, 19.99999999999994700 ) ;
#1362 = B_SPLINE_CURVE_WITH_KNOTS ( 'NONE', 3,
 ( #5849, #3134, #3156, #2113 ),
 .UNSPECIFIED., .F., .F.,
 ( 4, 4 ),
 ( 1.688377048806384800E-015, 0.0002739323915674179300 ),
 .UNSPECIFIED. ) ;
#1363 = CIRCLE ( 'NONE', #1873, 5.000000000000004400 ) ;
#1364 = ORIENTED_EDGE ( 'NONE', *, *, #748, .T. ) ;
#1365 = CARTESIAN_POINT ( 'NONE',  ( -401.9051758187041500, 136.9041116546382600, 655.0000000000000000 ) ) ;
#1366 = EDGE_CURVE ( 'NONE', #4287, #3954, #4092, .T. ) ;
#1367 = VECTOR ( 'NONE', #3880, 1000.000000000000000 ) ;
#1368 = EDGE_LOOP ( 'NONE', ( #4796, #2858, #6034, #5332 ) ) ;
#1369 = CARTESIAN_POINT ( 'NONE',  ( -1016.552113512048100, 0.3315075110649408600, -11.13991954373085800 ) ) ;
#1370 = CARTESIAN_POINT ( 'NONE',  ( -509.5312497004276200, 4.765482769164802500, 70.48636094608578200 ) ) ;
#1371 = CARTESIAN_POINT ( 'NONE',  ( -912.8363143123485800, 24.29426468371452300, -106.2952571495083200 ) ) ;
#1372 = CARTESIAN_POINT ( 'NONE',  ( -730.1905033152803500, 36.28975564181909900, 115.1593899106916900 ) ) ;
#1373 = B_SPLINE_CURVE_WITH_KNOTS ( 'NONE', 3,
 ( #1303, #868, #4983, #2357, #2882, #1900, #824, #4501, #1347, #5036, #2420, #4091, #2525, #5077 ),
 .UNSPECIFIED., .F., .F.,
 ( 4, 2, 2, 2, 2, 2, 4 ),
 ( 0.0000000000000000000, 0.004991919208788450100, 0.009983838417576900200, 0.01497575762636535100, 0.01996767683515380000, 0.02995151525273070200, 0.03993535367030760100 ),
 .UNSPECIFIED. ) ;
#1374 = CARTESIAN_POINT ( 'NONE',  ( -796.7389216428987300, -51.03968657318807100, 65.57199749713815600 ) ) ;
#1375 = CARTESIAN_POINT ( 'NONE',  ( -770.0143880533164500, 23.42730997547047500, 64.73573041319514200 ) ) ;
#1376 = CARTESIAN_POINT ( 'NONE',  ( -671.3575007273856300, 70.55309843744765900, 650.0000000000000000 ) ) ;
#1377 = CARTESIAN_POINT ( 'NONE',  ( -729.0542768836836600, 26.53698324128182800, 95.29295773136847500 ) ) ;
#1378 = VECTOR ( 'NONE', #3324, 1000.000000000000100 ) ;
#1379 = VERTEX_POINT ( 'NONE', #4803 ) ;
#1380 = EDGE_CURVE ( 'NONE', #4037, #1826, #4284, .T. ) ;
#1381 = PLANE ( 'NONE',  #51 ) ;
#1382 = CARTESIAN_POINT ( 'NONE',  ( -978.2096096027627300, 55.64353348873437700, 63.86921591008125200 ) ) ;
#1383 = DIRECTION ( 'NONE',  ( 1.147673028526809800E-015, -1.000000000000000000, 0.0000000000000000000 ) ) ;
#1384 = AXIS2_PLACEMENT_3D ( 'NONE', #2020, #3568, #4151 ) ;
#1385 = CARTESIAN_POINT ( 'NONE',  ( -1017.834159104867000, 0.2594557290798118500, -60.90933384340142700 ) ) ;
#1386 = ADVANCED_FACE ( 'NONE', ( #2967 ), #4305, .T. ) ;
#1387 = CARTESIAN_POINT ( 'NONE',  ( -855.3638864233428200, 39.44847174006471800, -114.8816014359633800 ) ) ;
#1388 = LINE ( 'NONE', #5202, #5098 ) ;
#1389 = VERTEX_POINT ( 'NONE', #2717 ) ;
#1390 = CARTESIAN_POINT ( 'NONE',  ( -436.6483425090811500, 73.98799392542650800, 650.0000000000000000 ) ) ;
#1391 = CARTESIAN_POINT ( 'NONE',  ( -1004.167345983600700, 1.027539364971598900, 44.51969783023815100 ) ) ;
#1392 = EDGE_LOOP ( 'NONE', ( #3704, #5695, #2975, #68, #3850 ) ) ;
#1393 = CARTESIAN_POINT ( 'NONE',  ( -513.4672159472800100, 45.54542476513820000, 373.8168780586473800 ) ) ;
#1394 = ORIENTED_EDGE ( 'NONE', *, *, #652, .T. ) ;
#1395 = CARTESIAN_POINT ( 'NONE',  ( -766.4813514325362600, 23.42789570974004900, -63.10971365174059100 ) ) ;
#1396 = CARTESIAN_POINT ( 'NONE',  ( -1015.785136514548500, 0.3746121087287486700, -17.10233252723339300 ) ) ;
#1397 = CARTESIAN_POINT ( 'NONE',  ( -337.8090684202434800, 125.8181341851555300, 594.9165003535907800 ) ) ;
#1398 = VECTOR ( 'NONE', #5900, 1000.000000000000000 ) ;
#1399 = DIRECTION ( 'NONE',  ( -0.9427946626885517200, -0.3318894391366361600, -0.03142648875628401000 ) ) ;
#1400 = ORIENTED_EDGE ( 'NONE', *, *, #1942, .F. ) ;
#1401 = CYLINDRICAL_SURFACE ( 'NONE', #1327, 25.00000000000002800 ) ;
#1402 = VERTEX_POINT ( 'NONE', #1242 ) ;
#1403 = CARTESIAN_POINT ( 'NONE',  ( -979.4838755031083800, -40.41972416319696700, -0.0000000000000000000 ) ) ;
#1404 = ORIENTED_EDGE ( 'NONE', *, *, #5000, .F. ) ;
#1405 = DIRECTION ( 'NONE',  ( 0.0000000000000000000, 0.0000000000000000000, -1.000000000000000000 ) ) ;
#1406 = CARTESIAN_POINT ( 'NONE',  ( -250.6785800302290300, -69.70514929972775100, 842.3164332702092500 ) ) ;
#1407 = CARTESIAN_POINT ( 'NONE',  ( -138.0925930946493500, 281.8152499344000100, 240.0000000000000000 ) ) ;
#1408 = CARTESIAN_POINT ( 'NONE',  ( -250.6785800302290900, 221.9345372130658200, 650.0000000000000000 ) ) ;
#1409 = CARTESIAN_POINT ( 'NONE',  ( -765.1992559046037700, -49.25060836388760100, 59.73750214031375800 ) ) ;
#1410 = ORIENTED_EDGE ( 'NONE', *, *, #6499, .T. ) ;
#1411 = CARTESIAN_POINT ( 'NONE',  ( -937.3200811255742300, -44.47907115696418900, 66.97472584842472500 ) ) ;
#1412 = B_SPLINE_CURVE_WITH_KNOTS ( 'NONE', 3,
 ( #678, #6774, #3643, #501, #4162, #5201, #5239, #543, #1002, #6836, #1523, #5223, #2067, #4710, #5775, #1545, #2083, #2598, #6386, #1133, #2733, #4816, #3249, #4869, #635, #1162, #2663, #119, #2645, #4268, #1658, #5328 ),
 .UNSPECIFIED., .F., .F.,
 ( 4, 2, 2, 2, 2, 2, 2, 2, 2, 2, 2, 2, 2, 2, 2, 4 ),
 ( 0.0000000000000000000, 0.004637126336834249800, 0.006955689505251420700, 0.009274252673668591600, 0.01391137901050291300, 0.01622994217892003200, 0.01738922376312855900, 0.01854850534733708600, 0.02318563168417105800, 0.02434491326837954000, 0.02550419485258802500, 0.02782275802100504400, 0.03245988435783911400, 0.03477844752625610500, 0.03593772911046462500, 0.03709701069467314500 ),
 .UNSPECIFIED. ) ;
#1413 =( BOUNDED_CURVE ( )  B_SPLINE_CURVE ( 3, ( #5209, #5738, #2091, #5246 ),
 .UNSPECIFIED., .F., .F. ) 
 B_SPLINE_CURVE_WITH_KNOTS ( ( 4, 4 ),
 ( 5.041869326281659600, 5.621984804581032300 ),
 .UNSPECIFIED. ) 
 CURVE ( )  GEOMETRIC_REPRESENTATION_ITEM ( )  RATIONAL_B_SPLINE_CURVE ( ( 1.000000000000000000, 0.9721515755180512000, 0.9721515755180512000, 1.000000000000000000 ) ) 
 REPRESENTATION_ITEM ( '' )  );
#1414 = CARTESIAN_POINT ( 'NONE',  ( -418.8108414987674500, 78.87170263032058400, 650.0000000000000000 ) ) ;
#1415 = CARTESIAN_POINT ( 'NONE',  ( -939.2370972110293200, -42.75990575512153700, -64.27217696418733800 ) ) ;
#1416 = ORIENTED_EDGE ( 'NONE', *, *, #1293, .F. ) ;
#1417 = CARTESIAN_POINT ( 'NONE',  ( -767.1215560583604000, 23.42789570974004900, -55.81900546832393000 ) ) ;
#1418 = ADVANCED_FACE ( 'NONE', ( #3135 ), #2224, .T. ) ;
#1419 = CARTESIAN_POINT ( 'NONE',  ( -1017.007907741087400, 0.3058915839585551500, -2.134982145065362300 ) ) ;
#1420 = CARTESIAN_POINT ( 'NONE',  ( -1005.401035527967500, 0.9582052237583832400, 42.93404041660109300 ) ) ;
#1421 = CARTESIAN_POINT ( 'NONE',  ( -915.9650794599418800, 25.73147891334221500, -105.6503777559489200 ) ) ;
#1422 = EDGE_CURVE ( 'NONE', #633, #2597, #2790, .T. ) ;
#1423 = EDGE_LOOP ( 'NONE', ( #5959, #3694, #2324, #2436 ) ) ;
#1424 = CARTESIAN_POINT ( 'NONE',  ( -876.8339315525036000, -49.73875740921825200, 68.07618960553509200 ) ) ;
#1425 = CARTESIAN_POINT ( 'NONE',  ( -966.0375125829705200, -38.04515784016426500, 20.83333333333332900 ) ) ;
#1426 = AXIS2_PLACEMENT_3D ( 'NONE', #475, #4667, #54 ) ;
#1427 = CARTESIAN_POINT ( 'NONE',  ( -513.2675037780667300, 54.87322084212027600, 373.8383188011163200 ) ) ;
#1428 = CARTESIAN_POINT ( 'NONE',  ( -1004.503132905697700, 46.38749604251904700, 49.68666950093310700 ) ) ;
#1429 = CARTESIAN_POINT ( 'NONE',  ( -138.0743293218475300, 281.8175631553101000, 240.0000000000000300 ) ) ;
#1430 = CARTESIAN_POINT ( 'NONE',  ( -453.4158454910860900, 42.20061651864961000, -209.4169311968550700 ) ) ;
#1431 = CARTESIAN_POINT ( 'NONE',  ( -139.2966639815506900, 317.1903681806691700, -140.0423963954342200 ) ) ;
#1432 = ORIENTED_EDGE ( 'NONE', *, *, #2344, .F. ) ;
#1433 = CARTESIAN_POINT ( 'NONE',  ( -970.4037882827206000, 2.925072896146106300, -68.60026894045648800 ) ) ;
#1434 = CARTESIAN_POINT ( 'NONE',  ( -934.8438756385440900, 7.164169369840226200, 68.67666249178779500 ) ) ;
#1435 = AXIS2_PLACEMENT_3D ( 'NONE', #6213, #4707, #3681 ) ;
#1436 = FILL_AREA_STYLE ('',( #5633 ) ) ;
#1437 = CARTESIAN_POINT ( 'NONE',  ( -157.1660011963871600, 274.2102586960153900, -239.9999999999998900 ) ) ;
#1438 = CARTESIAN_POINT ( 'NONE',  ( -886.8591146803352100, 27.32148761769655800, -110.9491800667070300 ) ) ;
#1439 = CARTESIAN_POINT ( 'NONE',  ( -915.8554738394616400, 25.61991875322685200, 105.6732803424604200 ) ) ;
#1440 = B_SPLINE_CURVE_WITH_KNOTS ( 'NONE', 3,
 ( #6067, #3972, #6523, #1855, #4968, #6086 ),
 .UNSPECIFIED., .F., .F.,
 ( 4, 1, 1, 4 ),
 ( 0.0000000000000000000, 0.08409707550759747100, 0.1681940720496415700, 1.000000000000000000 ),
 .UNSPECIFIED. ) ;
#1441 = CARTESIAN_POINT ( 'NONE',  ( -769.6491714209065500, 23.42789570974004900, -64.70788681387864500 ) ) ;
#1442 = CARTESIAN_POINT ( 'NONE',  ( -1017.013323204743200, 0.3055872314384600600, 1.715835514563037700 ) ) ;
#1443 = CARTESIAN_POINT ( 'NONE',  ( -908.8766831937715600, 23.44824487901801300, -107.0852874659883400 ) ) ;
#1444 = LINE ( 'NONE', #3513, #4327 ) ;
#1445 = CARTESIAN_POINT ( 'NONE',  ( -395.1366864534506400, 150.2988450810440500, -755.0000000000000000 ) ) ;
#1446 = CARTESIAN_POINT ( 'NONE',  ( -184.5359585487540200, 303.8404637527763700, 240.0000000000000300 ) ) ;
#1447 = DIRECTION ( 'NONE',  ( 0.0000000000000000000, 0.0000000000000000000, -1.000000000000000000 ) ) ;
#1448 = CARTESIAN_POINT ( 'NONE',  ( -857.1856712145763600, 78.45652726458470700, 114.0905180219930500 ) ) ;
#1449 = CARTESIAN_POINT ( 'NONE',  ( -140.6874882314088500, 281.5012653686379700, 239.9999999999999400 ) ) ;
#1450 = VECTOR ( 'NONE', #4492, 1000.000000000000000 ) ;
#1451 = ORIENTED_EDGE ( 'NONE', *, *, #675, .T. ) ;
#1452 = CARTESIAN_POINT ( 'NONE',  ( -977.9970575583963600, 32.06201920788350200, 87.52448106196239100 ) ) ;
#1453 = CARTESIAN_POINT ( 'NONE',  ( -28.84337657108666500, 306.3668805040822500, 239.9999999999999400 ) ) ;
#1454 = CARTESIAN_POINT ( 'NONE',  ( -966.0375125829706300, -38.04515784016426500, 0.0000000000000000000 ) ) ;
#1455 = CARTESIAN_POINT ( 'NONE',  ( -470.6543513917222900, 324.7166534563784800, -755.0000000000000000 ) ) ;
#1456 = FACE_OUTER_BOUND ( 'NONE', #2569, .T. ) ;
#1457 = ORIENTED_EDGE ( 'NONE', *, *, #2037, .F. ) ;
#1458 = CARTESIAN_POINT ( 'NONE',  ( -855.3638864233430500, 39.31032085646040700, -114.8816014359629500 ) ) ;
#1459 = CARTESIAN_POINT ( 'NONE',  ( -911.1337598592813300, 23.88819030296837900, 106.6382056507917600 ) ) ;
#1460 = EDGE_CURVE ( 'NONE', #3992, #3128, #1072, .T. ) ;
#1461 = CARTESIAN_POINT ( 'NONE',  ( -769.8717750617798900, 23.42789570974004900, -64.72954130641744500 ) ) ;
#1462 = CARTESIAN_POINT ( 'NONE',  ( -1029.554158989095000, 36.38753240919926700, -11.67891366889999500 ) ) ;
#1463 = LINE ( 'NONE', #1789, #2754 ) ;
#1464 = CARTESIAN_POINT ( 'NONE',  ( 3.914545949255123300, 375.1674090797846500, 144.8161033931276300 ) ) ;
#1465 = EDGE_LOOP ( 'NONE', ( #3962, #2425, #6446, #5513 ) ) ;
#1466 = CARTESIAN_POINT ( 'NONE',  ( -768.9458012059661800, -49.25060836388760100, 54.90091028986243100 ) ) ;
#1467 = EDGE_CURVE ( 'NONE', #4043, #1269, #3300, .T. ) ;
#1468 = COLOUR_RGB ( '',0.7960784313725489700, 0.8235294117647058400, 0.9372549019607843100 ) ;
#1469 = CARTESIAN_POINT ( 'NONE',  ( -861.7977864428330600, 95.31459447446454200, 97.86077740990582200 ) ) ;
#1470 = ORIENTED_EDGE ( 'NONE', *, *, #720, .F. ) ;
#1471 = CARTESIAN_POINT ( 'NONE',  ( -488.5693036824896500, 75.20711629262567000, -128.3999750720695100 ) ) ;
#1472 = CARTESIAN_POINT ( 'NONE',  ( -69.74325268159643100, 291.0056760724659200, 239.9999999999999100 ) ) ;
#1473 = CARTESIAN_POINT ( 'NONE',  ( -14.73347317345271200, 297.1273940258284400, -144.1945027557040600 ) ) ;
#1474 = DIRECTION ( 'NONE',  ( -0.3420201433256637700, -0.9396926207859102000, 0.0000000000000000000 ) ) ;
#1475 = CARTESIAN_POINT ( 'NONE',  ( -931.1393262687283800, -44.47907115696418900, 49.76665490881085000 ) ) ;
#1476 = ORIENTED_EDGE ( 'NONE', *, *, #223, .F. ) ;
#1477 = CARTESIAN_POINT ( 'NONE',  ( -806.5265318825047400, 44.18807964938126500, -118.6826832006815500 ) ) ;
#1478 = CARTESIAN_POINT ( 'NONE',  ( -1026.365796303176900, -0.2200277366471885500, -54.40938112821216800 ) ) ;
#1479 = ORIENTED_EDGE ( 'NONE', *, *, #83, .F. ) ;
#1480 = CARTESIAN_POINT ( 'NONE',  ( -1012.809502501466100, 43.46342736086184300, -37.02459158161065700 ) ) ;
#1481 = CARTESIAN_POINT ( 'NONE',  ( -144.6562651326862000, 322.8664308143299900, 139.8637430237297100 ) ) ;
#1482 = VERTEX_POINT ( 'NONE', #5916 ) ;
#1483 = LINE ( 'NONE', #4370, #1562 ) ;
#1484 = EDGE_LOOP ( 'NONE', ( #5546, #5339, #883, #1066, #6785 ) ) ;
#1485 = B_SPLINE_CURVE_WITH_KNOTS ( 'NONE', 3,
 ( #6246, #1518, #5146, #2567, #5698, #485, #1498 ),
 .UNSPECIFIED., .F., .F.,
 ( 4, 1, 1, 1, 4 ),
 ( 0.0000000000000000000, 0.4158397143023242500, 0.6457696123157097300, 0.8509989315716948200, 1.000000000000000000 ),
 .UNSPECIFIED. ) ;
#1486 = CARTESIAN_POINT ( 'NONE',  ( -739.4566298972447400, 139.6064194685019100, 97.33801995739901300 ) ) ;
#1487 = CARTESIAN_POINT ( 'NONE',  ( -1097.719992546004700, -4.230179189302386800, -0.6512759736092188500 ) ) ;
#1488 = EDGE_LOOP ( 'NONE', ( #1854, #247, #6748, #4303 ) ) ;
#1489 = CARTESIAN_POINT ( 'NONE',  ( -768.1903016504994600, -49.25060836388760100, 55.16954929566293900 ) ) ;
#1490 = VERTEX_POINT ( 'NONE', #5403 ) ;
#1491 = CARTESIAN_POINT ( 'NONE',  ( -836.8519917889400400, -51.27574871544559400, -66.82614346473982900 ) ) ;
#1492 = CARTESIAN_POINT ( 'NONE',  ( -5.573406319792084700E-011, 400.0000000000000000, -144.6856185281506600 ) ) ;
#1493 = CARTESIAN_POINT ( 'NONE',  ( -345.2162486971475300, 117.3747192612501500, 650.0000000000000000 ) ) ;
#1494 = CARTESIAN_POINT ( 'NONE',  ( -99.40020525583908300, 286.8790506983559100, 240.0000000000000000 ) ) ;
#1495 = CARTESIAN_POINT ( 'NONE',  ( -34.48340785903697300, 302.2552558492658400, -143.5361715995178700 ) ) ;
#1496 = CARTESIAN_POINT ( 'NONE',  ( -42.20875326983825500, 308.7442902923770000, 239.9999999999999400 ) ) ;
#1497 = VERTEX_POINT ( 'NONE', #200 ) ;
#1498 = CARTESIAN_POINT ( 'NONE',  ( -534.0300862400527000, -11.13421401238157100, 0.0000000000000000000 ) ) ;
#1499 = CARTESIAN_POINT ( 'NONE',  ( -1005.403541481735700, 0.9580643875542985700, -42.93081952148170200 ) ) ;
#1500 = EDGE_LOOP ( 'NONE', ( #1479, #122, #4054, #2471 ) ) ;
#1501 = CARTESIAN_POINT ( 'NONE',  ( -864.5359549983905900, 34.42599652185393900, -113.9201121887055900 ) ) ;
#1502 = CARTESIAN_POINT ( 'NONE',  ( -1030.301126051501800, 35.34783972485952600, -17.16482566857392200 ) ) ;
#1503 = CARTESIAN_POINT ( 'NONE',  ( -939.7625624257729000, -42.64426500546687700, 56.43514527805754700 ) ) ;
#1504 = CARTESIAN_POINT ( 'NONE',  ( -965.5218452665626500, -37.86112661497390500, 62.35021923255894900 ) ) ;
#1505 = CARTESIAN_POINT ( 'NONE',  ( -750.6785800302291100, 71.93453721306583800, -655.0000000000000000 ) ) ;
#1506 = EDGE_CURVE ( 'NONE', #3203, #3776, #1483, .T. ) ;
#1507 = CARTESIAN_POINT ( 'NONE',  ( -530.2061565769819300, -7.705684670995872000, -0.0000000000000000000 ) ) ;
#1508 = ORIENTED_EDGE ( 'NONE', *, *, #2397, .F. ) ;
#1509 = CARTESIAN_POINT ( 'NONE',  ( -816.7935938734851800, -51.20412180951745300, -66.19901223866646900 ) ) ;
#1510 = CARTESIAN_POINT ( 'NONE',  ( -543.5932448325251000, -257.5821968354168200, -655.0000000000000000 ) ) ;
#1511 = CARTESIAN_POINT ( 'NONE',  ( -917.7907936681411900, 58.14611993047839900, -104.6190166580202300 ) ) ;
#1512 = CARTESIAN_POINT ( 'NONE',  ( -93.75174729089823700, 287.6389130592169700, 239.9999999999998900 ) ) ;
#1513 = CARTESIAN_POINT ( 'NONE',  ( -344.9798420320378200, 113.8747192612501400, -650.0000000000000000 ) ) ;
#1514 = CARTESIAN_POINT ( 'NONE',  ( -18.77492402944717000, 298.8741379747917800, -144.0597877271709100 ) ) ;
#1515 = DIRECTION ( 'NONE',  ( 1.091269043887816600E-015, -1.000000000000000000, 1.091269043887816600E-015 ) ) ;
#1516 = CARTESIAN_POINT ( 'NONE',  ( -721.1684343117491400, -36.89914864066234700, 0.0000000000000000000 ) ) ;
#1517 = AXIS2_PLACEMENT_3D ( 'NONE', #852, #3555, #4532 ) ;
#1518 = CARTESIAN_POINT ( 'NONE',  ( -375.4209598999160600, 92.92953237961236800, 569.1364520728456000 ) ) ;
#1519 = DIRECTION ( 'NONE',  ( 0.3826834323650888900, -0.9238795325112871800, 0.0000000000000000000 ) ) ;
#1520 = CARTESIAN_POINT ( 'NONE',  ( -933.2933356284766000, -43.62298600929483400, -50.16466723170431400 ) ) ;
#1521 = CARTESIAN_POINT ( 'NONE',  ( -912.6352985874854100, 17.02982338741765000, 104.0928650759568700 ) ) ;
#1522 = CARTESIAN_POINT ( 'NONE',  ( -182.3047893437291700, 309.6131233029223000, 138.6087922166950600 ) ) ;
#1523 = CARTESIAN_POINT ( 'NONE',  ( -919.7712695178796600, 66.78954318568889900, 99.93497814761364900 ) ) ;
#1524 = CARTESIAN_POINT ( 'NONE',  ( -862.7493973680042200, 96.28867775791636100, -89.88743683390909200 ) ) ;
#1525 = EDGE_LOOP ( 'NONE', ( #3870, #4267, #2286, #5022 ) ) ;
#1526 = CARTESIAN_POINT ( 'NONE',  ( -770.0781440828610600, -48.81971161484001700, -64.73844108900411200 ) ) ;
#1527 = CARTESIAN_POINT ( 'NONE',  ( -671.3892581488839800, 151.2238590944111500, 655.0000000000000000 ) ) ;
#1528 = CARTESIAN_POINT ( 'NONE',  ( -69.56256237880973000, 291.0318819478782200, 240.0000000000000000 ) ) ;
#1529 = CARTESIAN_POINT ( 'NONE',  ( -964.3867633542596400, 60.50955243315193900, 92.40514392433671300 ) ) ;
#1530 = ORIENTED_EDGE ( 'NONE', *, *, #5566, .T. ) ;
#1531 = CARTESIAN_POINT ( 'NONE',  ( -723.6193010487614900, -38.68068962038899600, 36.91515317970815600 ) ) ;
#1532 = CARTESIAN_POINT ( 'NONE',  ( -952.6493089578782500, 4.639893669536637500, -106.7233425654925000 ) ) ;
#1533 = VECTOR ( 'NONE', #3593, 1000.000000000000000 ) ;
#1534 = ORIENTED_EDGE ( 'NONE', *, *, #1917, .F. ) ;
#1535 = CARTESIAN_POINT ( 'NONE',  ( -1026.459488435876900, 25.32624178942304700, -47.90825709073105500 ) ) ;
#1536 = EDGE_CURVE ( 'NONE', #375, #3414, #750, .T. ) ;
#1537 = CARTESIAN_POINT ( 'NONE',  ( -152.1247306682167000, 346.4479450951808400, 114.8776203492508600 ) ) ;
#1538 = CARTESIAN_POINT ( 'NONE',  ( -916.1761530242782800, 400.0000000000000000, -105.6062142766411800 ) ) ;
#1539 = CARTESIAN_POINT ( 'NONE',  ( -930.8365341840792600, -44.05337081612012200, 69.73104856353792500 ) ) ;
#1540 = AXIS2_PLACEMENT_3D ( 'NONE', #4436, #5400, #1284 ) ;
#1541 = CARTESIAN_POINT ( 'NONE',  ( -1016.283270475226500, 0.3466166616322766100, 13.66323520954745500 ) ) ;
#1542 = CARTESIAN_POINT ( 'NONE',  ( -403.3349438461406700, 153.2827667448359800, -755.0000000000000000 ) ) ;
#1543 = CYLINDRICAL_SURFACE ( 'NONE', #1333, 2772.425355089402300 ) ;
#1544 = VERTEX_POINT ( 'NONE', #1755 ) ;
#1545 = CARTESIAN_POINT ( 'NONE',  ( -920.2160873081916200, 70.13493993235438500, 96.70323747193326400 ) ) ;
#1546 = CARTESIAN_POINT ( 'NONE',  ( -821.4466809227006900, 110.8283606160698200, -92.63126310756598500 ) ) ;
#1547 = ORIENTED_EDGE ( 'NONE', *, *, #3813, .T. ) ;
#1548 = EDGE_CURVE ( 'NONE', #1482, #2116, #4619, .T. ) ;
#1549 = CARTESIAN_POINT ( 'NONE',  ( -5.573319583618285800E-011, 400.0000000000000000, -119.9484447048561200 ) ) ;
#1550 = VECTOR ( 'NONE', #4475, 1000.000000000000200 ) ;
#1551 = VERTEX_POINT ( 'NONE', #5970 ) ;
#1552 = CARTESIAN_POINT ( 'NONE',  ( -765.7235853774421900, 22.94588765577998400, -61.91333171583454500 ) ) ;
#1553 = CYLINDRICAL_SURFACE ( 'NONE', #2503, 200.0000000000001700 ) ;
#1554 = CARTESIAN_POINT ( 'NONE',  ( -56.79482820440647800, 292.9162024457988300, 239.9999999999999400 ) ) ;
#1555 = ORIENTED_EDGE ( 'NONE', *, *, #4281, .T. ) ;
#1556 = CARTESIAN_POINT ( 'NONE',  ( -936.8207834208392300, 46.05178689567883800, 100.5730325133258400 ) ) ;
#1557 = PLANE ( 'NONE',  #369 ) ;
#1558 = ORIENTED_EDGE ( 'NONE', *, *, #2914, .T. ) ;
#1559 = CARTESIAN_POINT ( 'NONE',  ( -389.0893363650948200, 87.82722587951471400, 374.0892309721621700 ) ) ;
#1560 = CARTESIAN_POINT ( 'NONE',  ( -138.0529674603857600, 322.1797296533123400, 240.0000000000000000 ) ) ;
#1561 = DIRECTION ( 'NONE',  ( -1.000000000000000000, -1.110223024625156800E-016, 0.0000000000000000000 ) ) ;
#1562 = VECTOR ( 'NONE', #4391, 1000.000000000000000 ) ;
#1563 = CARTESIAN_POINT ( 'NONE',  ( -929.9999970323414100, 6.857984149325563500, 49.73844108900586700 ) ) ;
#1564 = CARTESIAN_POINT ( 'NONE',  ( -1022.687762458795500, 39.98601039338050400, 12.99443855083451500 ) ) ;
#1565 = CARTESIAN_POINT ( 'NONE',  ( -185.8558593327966300, 334.5736676761631000, 113.8447570626522800 ) ) ;
#1566 = B_SPLINE_CURVE_WITH_KNOTS ( 'NONE', 3,
 ( #5600, #2110, #2494, #5784, #4221, #5669, #5292, #2652, #5803, #2634, #5142, #6289, #6375, #510, #3716, #6334, #3220, #553 ),
 .UNSPECIFIED., .F., .F.,
 ( 4, 2, 2, 2, 2, 2, 2, 2, 4 ),
 ( 0.0000000000000000000, 0.007026751416280489600, 0.01405350283256097900, 0.02810700566512195800, 0.03162038137326224400, 0.03513375708140252500, 0.04216050849768276200, 0.04918725991396300000, 0.05621401133024324400 ),
 .UNSPECIFIED. ) ;
#1567 = CARTESIAN_POINT ( 'NONE',  ( -930.6678826474698100, -44.00640447675123600, 49.73860826419289800 ) ) ;
#1568 = CARTESIAN_POINT ( 'NONE',  ( -173.0887365068604700, 317.3384527356674900, 138.9159939779239600 ) ) ;
#1569 = CARTESIAN_POINT ( 'NONE',  ( -531.8924248352152500, 48.45341906454059000, 373.8240249728036700 ) ) ;
#1570 =( BOUNDED_CURVE ( )  B_SPLINE_CURVE ( 3, ( #1157, #2282, #2260, #1744 ),
 .UNSPECIFIED., .F., .F. ) 
 B_SPLINE_CURVE_WITH_KNOTS ( ( 4, 4 ),
 ( 1.364373422688490700, 1.474428014884324300 ),
 .UNSPECIFIED. ) 
 CURVE ( )  GEOMETRIC_REPRESENTATION_ITEM ( )  RATIONAL_B_SPLINE_CURVE ( ( 1.000000000000000000, 0.9989909202246810600, 0.9989909202246810600, 1.000000000000000000 ) ) 
 REPRESENTATION_ITEM ( '' )  );
#1571 = CARTESIAN_POINT ( 'NONE',  ( -991.6856281358877800, 50.89960736170317500, -57.64427143349097800 ) ) ;
#1572 = CARTESIAN_POINT ( 'NONE',  ( -971.0375125829706300, -46.70541187800889600, 20.83333333333332900 ) ) ;
#1573 = CARTESIAN_POINT ( 'NONE',  ( -766.8669168775477400, 22.83391901302544000, -63.45183430889370200 ) ) ;
#1574 = ORIENTED_EDGE ( 'NONE', *, *, #586, .T. ) ;
#1575 = CARTESIAN_POINT ( 'NONE',  ( -42.27212187775379700, 295.2450919855352800, 239.9999999999999400 ) ) ;
#1576 = CARTESIAN_POINT ( 'NONE',  ( -183.0252473942637200, 303.2686056193286400, -138.5847769483437400 ) ) ;
#1577 = CARTESIAN_POINT ( 'NONE',  ( -388.9432538963668500, 74.58854699431687200, -650.0000000000000000 ) ) ;
#1578 = CARTESIAN_POINT ( 'NONE',  ( -533.3592136239985800, -3.954536307887407200, 123.3249956252032900 ) ) ;
#1579 = CARTESIAN_POINT ( 'NONE',  ( -138.0600598736830900, 322.1806288213746800, 239.9999999999999400 ) ) ;
#1580 = EDGE_CURVE ( 'NONE', #4169, #5577, #1901, .T. ) ;
#1581 = CARTESIAN_POINT ( 'NONE',  ( -184.1027373380568400, 298.2013660902483100, 240.0000000000000600 ) ) ;
#1582 = AXIS2_PLACEMENT_3D ( 'NONE', #6106, #3488, #853 ) ;
#1583 = DIRECTION ( 'NONE',  ( 0.9238795325112871800, 0.3826834323650888900, 0.0000000000000000000 ) ) ;
#1584 = ORIENTED_EDGE ( 'NONE', *, *, #771, .F. ) ;
#1585 = CARTESIAN_POINT ( 'NONE',  ( -1012.809502501466300, 43.46342736086180000, 37.02459158161161700 ) ) ;
#1586 = CARTESIAN_POINT ( 'NONE',  ( -393.1649503368307100, 164.4875587390706400, 685.0000000000000000 ) ) ;
#1587 = CARTESIAN_POINT ( 'NONE',  ( -160.0242670319496800, 343.6670928089686800, 136.9796290454889300 ) ) ;
#1588 = DIRECTION ( 'NONE',  ( 0.0000000000000000000, 0.0000000000000000000, -1.000000000000000000 ) ) ;
#1589 = AXIS2_PLACEMENT_3D ( 'NONE', #3795, #6451, #3257 ) ;
#1590 = CARTESIAN_POINT ( 'NONE',  ( -1029.343024092051800, 36.62404303363247500, 10.19407262523920100 ) ) ;
#1591 = CARTESIAN_POINT ( 'NONE',  ( -935.1371004647523900, 6.354897775020540400, -50.96835106097336900 ) ) ;
#1592 = EDGE_CURVE ( 'NONE', #6328, #5875, #3385, .T. ) ;
#1593 = CARTESIAN_POINT ( 'NONE',  ( -5.573319583618286500E-011, 120.8631462348667200, 126.1217922025743500 ) ) ;
#1594 = CARTESIAN_POINT ( 'NONE',  ( -1010.770888261455400, 44.18107518335121100, -40.13221785015784300 ) ) ;
#1595 = CARTESIAN_POINT ( 'NONE',  ( -769.7568715191218900, 22.55090022205414600, -54.75735507233607500 ) ) ;
#1596 = CARTESIAN_POINT ( 'NONE',  ( -42.65655202324506200, 295.1807815119040000, 239.9999999999999400 ) ) ;
#1597 = CARTESIAN_POINT ( 'NONE',  ( -968.3866203960685700, 3.098708630746708000, -70.92808119952125900 ) ) ;
#1598 = CARTESIAN_POINT ( 'NONE',  ( -334.4625401839086300, 122.2302905045113700, 594.8760977917967200 ) ) ;
#1599 = CARTESIAN_POINT ( 'NONE',  ( -126.4673254208878200, 320.6857968007962000, 239.9999999999999100 ) ) ;
#1600 = CARTESIAN_POINT ( 'NONE',  ( -179.9077712346258700, 291.4846080659621100, 239.9999999999999100 ) ) ;
#1601 = CARTESIAN_POINT ( 'NONE',  ( -14.62674840205187500, 292.5975930273639300, -137.9225819429059600 ) ) ;
#1602 = EDGE_LOOP ( 'NONE', ( #1232, #3377, #1404, #765, #1777, #6199 ) ) ;
#1603 = CARTESIAN_POINT ( 'NONE',  ( -1014.600837529113200, 42.83282856649004300, 34.29391322255484900 ) ) ;
#1604 = CARTESIAN_POINT ( 'NONE',  ( -768.8168390441551300, -48.71332103239137000, 64.54411551598313700 ) ) ;
#1605 = CARTESIAN_POINT ( 'NONE',  ( -177.9305537266320700, 314.2504778801451300, 138.7546000706303700 ) ) ;
#1606 = CARTESIAN_POINT ( 'NONE',  ( -916.2477624510814800, 14.89347150210620900, 102.0206597847057400 ) ) ;
#1607 = B_SPLINE_CURVE_WITH_KNOTS ( 'NONE', 3,
 ( #3186, #1090, #2239, #3768, #47, #3746, #591, #1110, #1637, #5861, #74, #2335, #5963, #3858, #1261, #4459, #777, #6038, #5985, #148, #2781, #4359, #1746, #3329, #702, #5447, #5492, #5518, #3907, #231, #2850, #6010, #2287, #1203, #6486, #2831, #1279, #6557, #4890, #6532, #4938, #1825 ),
 .UNSPECIFIED., .F., .F.,
 ( 4, 2, 2, 2, 2, 2, 2, 2, 2, 2, 2, 2, 2, 2, 2, 2, 2, 2, 2, 2, 4 ),
 ( 1.131699347449450300E-016, 0.0004791289037718411600, 0.0009582578075435691300, 0.001916515615087025100, 0.002874773422630480700, 0.003353902326402338500, 0.003833031230174196300, 0.004791289037717926700, 0.005749546845261657000, 0.006707804652805386500, 0.007186933556577219600, 0.007666062460349051800, 0.008624320267892718000, 0.009582578075436382400, 0.01054083588298004900, 0.01149909369052373000, 0.01245735149806741200, 0.01341560930561109400, 0.01437386711315477700, 0.01485299601692661700, 0.01533212492069845800 ),
 .UNSPECIFIED. ) ;
#1608 = CARTESIAN_POINT ( 'NONE',  ( -1016.174517870943000, 0.3527286275293268800, 14.51412582229687600 ) ) ;
#1609 = LINE ( 'NONE', #4713, #3016 ) ;
#1610 = CARTESIAN_POINT ( 'NONE',  ( -930.0000000000558200, 6.857983858691626200, -69.73844108900407000 ) ) ;
#1611 = ORIENTED_EDGE ( 'NONE', *, *, #6198, .F. ) ;
#1612 = CARTESIAN_POINT ( 'NONE',  ( -658.0707898217590400, 71.86193051735823200, 650.0000000000000000 ) ) ;
#1613 = CARTESIAN_POINT ( 'NONE',  ( -996.4641940669394000, 27.31809308081838900, 78.99400159398901200 ) ) ;
#1614 = CIRCLE ( 'NONE', #3181, 20.00000000000000400 ) ;
#1615 = VERTEX_POINT ( 'NONE', #2297 ) ;
#1616 = ADVANCED_FACE ( 'NONE', ( #330 ), #732, .F. ) ;
#1617 = CARTESIAN_POINT ( 'NONE',  ( -765.2638104625555100, 22.99091429345041600, -60.37581848405812200 ) ) ;
#1618 = CARTESIAN_POINT ( 'NONE',  ( -28.90131413134610800, 306.3495533226124500, 143.7222413904409300 ) ) ;
#1619 = CARTESIAN_POINT ( 'NONE',  ( -969.2964458175645200, 3.009607685326152600, -69.98447447726657300 ) ) ;
#1620 = CARTESIAN_POINT ( 'NONE',  ( -534.0300862400525800, -11.13421401238168300, -0.0000000000000000000 ) ) ;
#1621 = CARTESIAN_POINT ( 'NONE',  ( -136.0483955022363600, 321.9226859164995700, 239.9999999999999400 ) ) ;
#1622 = FACE_BOUND ( 'NONE', #1313, .T. ) ;
#1623 = ORIENTED_EDGE ( 'NONE', *, *, #6222, .T. ) ;
#1624 = CARTESIAN_POINT ( 'NONE',  ( -178.8637193026657700, 290.5349540012135800, 239.9999999999999700 ) ) ;
#1625 = CARTESIAN_POINT ( 'NONE',  ( -936.2668042929351500, 6.244263716268069000, 67.80426007713461400 ) ) ;
#1626 = CARTESIAN_POINT ( 'NONE',  ( -403.6239052080296100, 141.5994251996817200, 755.0000000000000000 ) ) ;
#1627 = CARTESIAN_POINT ( 'NONE',  ( -767.1175325642140000, -48.56519249311971700, 63.66300234140948100 ) ) ;
#1628 = EDGE_CURVE ( 'NONE', #6629, #5454, #2492, .T. ) ;
#1629 = VERTEX_POINT ( 'NONE', #2792 ) ;
#1630 = CARTESIAN_POINT ( 'NONE',  ( -152.8576616101381900, 346.1899334104874100, 139.5903631411479500 ) ) ;
#1631 = FACE_OUTER_BOUND ( 'NONE', #4848, .T. ) ;
#1632 = EDGE_LOOP ( 'NONE', ( #5702, #5941, #5089, #4134 ) ) ;
#1633 = CARTESIAN_POINT ( 'NONE',  ( -801.8725419067953900, -55.20046801887628600, -62.35015373822300700 ) ) ;
#1634 = CARTESIAN_POINT ( 'NONE',  ( -1009.313519238900000, 0.7383211375657935400, 36.56650602504837600 ) ) ;
#1635 = ORIENTED_EDGE ( 'NONE', *, *, #1955, .F. ) ;
#1636 = CARTESIAN_POINT ( 'NONE',  ( -939.3959258941949900, 5.937822847040990800, -55.53109701635084900 ) ) ;
#1637 = CARTESIAN_POINT ( 'NONE',  ( -767.6435069227773100, -48.60586013564127900, -55.45043818544106500 ) ) ;
#1638 = CIRCLE ( 'NONE', #5997, 200.0000000000001700 ) ;
#1639 = CARTESIAN_POINT ( 'NONE',  ( -811.0229706668569600, -58.88297789465520500, 312.7521233735409400 ) ) ;
#1640 = VERTEX_POINT ( 'NONE', #643 ) ;
#1641 = CARTESIAN_POINT ( 'NONE',  ( -993.4323855455838800, 50.28470110477839900, 81.02694016188564800 ) ) ;
#1642 = CARTESIAN_POINT ( 'NONE',  ( -993.4323855457304300, 50.28470110483058900, -81.02694016190254400 ) ) ;
#1643 = CARTESIAN_POINT ( 'NONE',  ( -769.2830348422778600, 22.59730395499478200, -64.65099524204522700 ) ) ;
#1644 = CARTESIAN_POINT ( 'NONE',  ( -43.07309411347333800, 295.1112950175830200, 239.9999999999999100 ) ) ;
#1645 = PRODUCT_DEFINITION_FORMATION_WITH_SPECIFIED_SOURCE ( 'ANY', '', #2702, .NOT_KNOWN. ) ;
#1646 = CARTESIAN_POINT ( 'NONE',  ( -345.2162486971482700, 117.3747192612435400, -650.0000000000000000 ) ) ;
#1647 = CARTESIAN_POINT ( 'NONE',  ( -923.3890766260836900, 11.10666842037633000, -97.21165407261071300 ) ) ;
#1648 = CARTESIAN_POINT ( 'NONE',  ( -96.87469448290067900, 316.7805678313005700, 239.9999999999999400 ) ) ;
#1649 = ORIENTED_EDGE ( 'NONE', *, *, #6188, .F. ) ;
#1650 = CARTESIAN_POINT ( 'NONE',  ( -182.0928979570674400, 294.0628838712312900, 240.0000000000000000 ) ) ;
#1651 = B_SPLINE_CURVE_WITH_KNOTS ( 'NONE', 3,
 ( #6548, #2915, #2966, #1930, #2986, #3974, #2411 ),
 .UNSPECIFIED., .F., .F.,
 ( 4, 1, 1, 1, 4 ),
 ( 0.0000000000000000000, 0.2982968211775609600, 0.6153669425867313000, 0.7410739866888770300, 1.000000000000000000 ),
 .UNSPECIFIED. ) ;
#1652 = CARTESIAN_POINT ( 'NONE',  ( -937.0270378844302300, 6.169812585158365600, 52.31390652992104200 ) ) ;
#1653 = CARTESIAN_POINT ( 'NONE',  ( -737.2857582750588100, 132.1860949645301600, -113.4557284712844000 ) ) ;
#1654 = CARTESIAN_POINT ( 'NONE',  ( -767.6427836568856300, -48.61155446940478700, 64.02651287558529700 ) ) ;
#1655 = VERTEX_POINT ( 'NONE', #106 ) ;
#1656 = CARTESIAN_POINT ( 'NONE',  ( -885.2992644139411600, -54.09632305098299600, 0.0000000000000000000 ) ) ;
#1657 = CARTESIAN_POINT ( 'NONE',  ( -1047.420130028380100, -1.403294754123274300, 41.14998190870709000 ) ) ;
#1658 = CARTESIAN_POINT ( 'NONE',  ( -919.0245621517921100, 76.47828466112915200, 81.59951836259084200 ) ) ;
#1659 = CARTESIAN_POINT ( 'NONE',  ( -991.6856281360329600, 50.89960736165202300, 57.64427143349269800 ) ) ;
#1660 = ORIENTED_EDGE ( 'NONE', *, *, #634, .F. ) ;
#1661 = CARTESIAN_POINT ( 'NONE',  ( -1012.560182267088200, 23.18327884320697100, -66.50579078664444000 ) ) ;
#1662 = CARTESIAN_POINT ( 'NONE',  ( -250.6785800302290300, -69.70514929972775100, 842.3164332702092500 ) ) ;
#1663 = CARTESIAN_POINT ( 'NONE',  ( -40.06769064993477500, 295.6050947027603700, 143.3500288398213100 ) ) ;
#1664 = CARTESIAN_POINT ( 'NONE',  ( -711.8568504542175800, -28.00425256398110500, -269.8670942215699100 ) ) ;
#1665 = CARTESIAN_POINT ( 'NONE',  ( -150.1780452840227400, 322.9726847451566400, 239.9999999999999400 ) ) ;
#1666 = EDGE_CURVE ( 'NONE', #2939, #6255, #6344, .T. ) ;
#1667 = CARTESIAN_POINT ( 'NONE',  ( -165.3903488545829000, 283.6169522604030800, 239.9999999999999400 ) ) ;
#1668 = CARTESIAN_POINT ( 'NONE',  ( -453.4158454910860300, 42.20061651864961800, 209.4169311968550700 ) ) ;
#1669 = CARTESIAN_POINT ( 'NONE',  ( -922.1652657300996900, 5.636108707266415300, -83.64304241334421900 ) ) ;
#1670 = AXIS2_PLACEMENT_3D ( 'NONE', #2186, #141, #3346 ) ;
#1671 = CARTESIAN_POINT ( 'NONE',  ( -453.4158454910860300, 42.20061651864961800, -209.4169311968550700 ) ) ;
#1672 = CARTESIAN_POINT ( 'NONE',  ( -1029.379929690150400, 28.80979282464815200, 39.17832880958238200 ) ) ;
#1673 = CARTESIAN_POINT ( 'NONE',  ( -836.8549727079193900, -51.26809478215641700, 52.65064542124709100 ) ) ;
#1674 = CARTESIAN_POINT ( 'NONE',  ( -1030.581148822480800, 31.23623109973122800, 32.19094901363848000 ) ) ;
#1675 = CARTESIAN_POINT ( 'NONE',  ( -940.3168757644666600, 5.847632463053685100, -60.41522746717251400 ) ) ;
#1676 = EDGE_CURVE ( 'NONE', #733, #5871, #5681, .T. ) ;
#1677 = DIRECTION ( 'NONE',  ( -0.0000000000000000000, -1.000000000000000000, -0.0000000000000000000 ) ) ;
#1678 = CARTESIAN_POINT ( 'NONE',  ( -360.3335485499855500, 254.6910937974712400, 685.0000000000000000 ) ) ;
#1679 = AXIS2_PLACEMENT_3D ( 'NONE', #847, #5058, #6057 ) ;
#1680 = VECTOR ( 'NONE', #1083, 1000.000000000000000 ) ;
#1681 = ORIENTED_EDGE ( 'NONE', *, *, #5225, .T. ) ;
#1682 = CARTESIAN_POINT ( 'NONE',  ( -958.4916392531854400, 62.58479692522018900, -70.61166444868901200 ) ) ;
#1683 = ADVANCED_FACE ( 'NONE', ( #493 ), #282, .T. ) ;
#1684 = CARTESIAN_POINT ( 'NONE',  ( -711.8839373918331100, -18.56752510712951200, 269.8630729374096400 ) ) ;
#1685 = CARTESIAN_POINT ( 'NONE',  ( -17.86936407559927900, 300.2492838424662400, 144.0899730589659100 ) ) ;
#1686 = DIRECTION ( 'NONE',  ( -0.7071067811865482400, 0.7071067811865469100, 0.0000000000000000000 ) ) ;
#1687 = CYLINDRICAL_SURFACE ( 'NONE', #4648, 20.00000000000001800 ) ;
#1688 = CARTESIAN_POINT ( 'NONE',  ( -5.573319583618285800E-011, 400.0000000000000000, 119.9484447048561000 ) ) ;
#1690 = EDGE_LOOP ( 'NONE', ( #4855, #2743, #5964, #4061 ) ) ;
#1689 = CARTESIAN_POINT ( 'NONE',  ( -971.0375125829706300, -46.70541187800891700, 0.0000000000000000000 ) ) ;
#1691 = CARTESIAN_POINT ( 'NONE',  ( -145.9212294459437700, 322.9401957125432400, 240.0000000000000300 ) ) ;
#1692 = CARTESIAN_POINT ( 'NONE',  ( -177.3135895454059000, 309.5703075147267800, -138.7751655433056300 ) ) ;
#1693 = CARTESIAN_POINT ( 'NONE',  ( -171.1860726752404400, 285.7898263294464400, 240.0000000000000000 ) ) ;
#1694 =( BOUNDED_SURFACE ( )  B_SPLINE_SURFACE ( 3, 2, ( 
 ( #2443, #6196, #6685 ),
 ( #4559, #5569, #6132 ),
 ( #6658, #3531, #4029 ),
 ( #5086, #358, #5768 ),
 ( #1086, #2680, #1565 ),
 ( #2119, #6317, #19 ),
 ( #1605, #2617, #5830 ),
 ( #3229, #4766, #4243 ),
 ( #4744, #2164, #561 ),
 ( #3179, #3723, #5301 ),
 ( #4725, #1036, #2145 ),
 ( #5811, #4227, #6381 ),
 ( #2592, #4205, #5256 ),
 ( #5856, #6854, #69 ),
 ( #2640, #2658, #3140 ),
 ( #6343, #3159, #3699 ),
 ( #587, #2097, #5792 ),
 ( #5321, #6363, #1064 ),
 ( #3204, #516, #6297 ),
 ( #538, #1587, #5282 ),
 ( #3762, #39, #606 ),
 ( #1016, #3742, #4704 ),
 ( #3676, #4259, #1103 ),
 ( #4789, #1630, #1537 ) ),
 .UNSPECIFIED., .F., .F., .T. ) 
 B_SPLINE_SURFACE_WITH_KNOTS ( ( 4, 2, 2, 2, 2, 2, 2, 2, 2, 2, 2, 4 ),
 ( 3, 3 ),
 ( 0.04356442002380336900, 0.04604461945371027300, 0.04852481888361717000, 0.05100501831352406700, 0.05348521774343097100, 0.05596541717333787500, 0.05844561660324477200, 0.06340601546305857400, 0.06836641432287238200, 0.07332681318268617600, 0.07828721204249997100, 0.08324761090231377900 ),
 ( 0.0000000000000000000, 1.000000000000000000 ),
 .UNSPECIFIED. ) 
 GEOMETRIC_REPRESENTATION_ITEM ( )  RATIONAL_B_SPLINE_SURFACE ( (
 ( 1.000000000000000000, 0.7110071393347647800, 1.000000000000000000),
 ( 1.000000000000000000, 0.7166360156407203300, 1.000000000000000000),
 ( 1.000000000000000000, 0.7222793854362636900, 1.000000000000000000),
 ( 1.000000000000000000, 0.7329568083238313700, 1.000000000000000000),
 ( 1.000000000000000000, 0.7379825953714030900, 1.000000000000000000),
 ( 1.000000000000000000, 0.7469954642121891000, 1.000000000000000000),
 ( 1.000000000000000000, 0.7509846780746651800, 1.000000000000000000),
 ( 1.000000000000000000, 0.7578434444823338700, 1.000000000000000000),
 ( 1.000000000000000000, 0.7607188776711842900, 1.000000000000000000),
 ( 1.000000000000000000, 0.7654615341040166300, 1.000000000000000000),
 ( 1.000000000000000000, 0.7673319551658321900, 1.000000000000000000),
 ( 1.000000000000000000, 0.7702165726966236900, 1.000000000000000000),
 ( 1.000000000000000000, 0.7712317775015981000, 1.000000000000000000),
 ( 1.000000000000000000, 0.7731931499974240600, 1.000000000000000000),
 ( 1.000000000000000000, 0.7730700933663039500, 1.000000000000000000),
 ( 1.000000000000000000, 0.7706622638473716900, 1.000000000000000000),
 ( 1.000000000000000000, 0.7683735073191824100, 1.000000000000000000),
 ( 1.000000000000000000, 0.7619264557706573200, 1.000000000000000000),
 ( 1.000000000000000000, 0.7577676693246943000, 1.000000000000000000),
 ( 1.000000000000000000, 0.7475533857453985400, 1.000000000000000000),
 ( 1.000000000000000000, 0.7414406067349091900, 1.000000000000000000),
 ( 1.000000000000000000, 0.7273902473496896000, 1.000000000000000000),
 ( 1.000000000000000000, 0.7194849014062151300, 1.000000000000000000),
 ( 1.000000000000000000, 0.7110071393347647800, 1.000000000000000000) ) ) 
 REPRESENTATION_ITEM ( '' )  SURFACE ( )  );
#1695 = CARTESIAN_POINT ( 'NONE',  ( -940.0488554859055100, 5.873880202067647700, 57.41086087448879000 ) ) ;
#1696 = DIRECTION ( 'NONE',  ( -0.0000000000000000000, -0.0000000000000000000, 1.000000000000000000 ) ) ;
#1697 = FACE_OUTER_BOUND ( 'NONE', #3437, .T. ) ;
#1698 = ORIENTED_EDGE ( 'NONE', *, *, #3358, .F. ) ;
#1699 = CARTESIAN_POINT ( 'NONE',  ( -1030.058842481665600, 35.74679448030885700, 15.28309957017916600 ) ) ;
#1700 = CARTESIAN_POINT ( 'NONE',  ( -470.6543513917222900, 324.7166534563784800, 755.0000000000000000 ) ) ;
#1701 = CARTESIAN_POINT ( 'NONE',  ( -796.7547584766827000, -50.66012725522090700, 53.90438944520338500 ) ) ;
#1702 = CARTESIAN_POINT ( 'NONE',  ( -534.0300862400525800, -11.13421401238168300, 0.0000000000000000000 ) ) ;
#1703 = CIRCLE ( 'NONE', #3996, 20.00000000000001800 ) ;
#1704 = CARTESIAN_POINT ( 'NONE',  ( -929.9999970323415300, -51.00000000000041200, 49.73844108900585300 ) ) ;
#1705 = CARTESIAN_POINT ( 'NONE',  ( -184.6267484020527000, 302.0000000000000600, 239.9999999999999700 ) ) ;
#1706 = CARTESIAN_POINT ( 'NONE',  ( -1034.189430162540500, -0.6597209619783704900, -49.79496904847845700 ) ) ;
#1707 = CARTESIAN_POINT ( 'NONE',  ( -14.62674840205313500, 296.8509855691290200, -239.9999999999998900 ) ) ;
#1708 = CIRCLE ( 'NONE', #4307, 101.7368751403241000 ) ;
#1709 = CARTESIAN_POINT ( 'NONE',  ( -721.5093510031267700, -27.39914864066250600, -0.0000000000000000000 ) ) ;
#1710 = ORIENTED_EDGE ( 'NONE', *, *, #3517, .T. ) ;
#1711 = EDGE_CURVE ( 'NONE', #1655, #6328, #5355, .T. ) ;
#1712 = ORIENTED_EDGE ( 'NONE', *, *, #2859, .F. ) ;
#1713 = CARTESIAN_POINT ( 'NONE',  ( -921.5967147852348900, 11.98000990660728400, -98.47406503321887800 ) ) ;
#1714 = CARTESIAN_POINT ( 'NONE',  ( -149.0559750716956000, 323.0000057211867700, 239.9999999999999100 ) ) ;
#1715 = CARTESIAN_POINT ( 'NONE',  ( -180.8521528847363700, 306.3920293429707200, -138.6572134319946200 ) ) ;
#1716 = LINE ( 'NONE', #4930, #1550 ) ;
#1717 = CARTESIAN_POINT ( 'NONE',  ( -156.9849179887590400, 281.6843184657481100, 239.9999999999999100 ) ) ;
#1718 = ORIENTED_EDGE ( 'NONE', *, *, #4028, .T. ) ;
#1719 = LINE ( 'NONE', #6849, #1151 ) ;
#1720 = ORIENTED_EDGE ( 'NONE', *, *, #3461, .T. ) ;
#1721 = CARTESIAN_POINT ( 'NONE',  ( -937.7427340304840300, 6.099723091349390300, 66.44659359822927100 ) ) ;
#1722 = CARTESIAN_POINT ( 'NONE',  ( -736.7074765593075700, 130.4192903715945400, -115.0506835282121900 ) ) ;
#1723 = ORIENTED_EDGE ( 'NONE', *, *, #1142, .F. ) ;
#1724 = CARTESIAN_POINT ( 'NONE',  ( -769.4396775375269000, -48.75980049973161800, 54.79647228289306300 ) ) ;
#1725 = EDGE_CURVE ( 'NONE', #2613, #6840, #2457, .T. ) ;
#1726 = ADVANCED_FACE ( 'NONE', ( #4206 ), #1401, .T. ) ;
#1727 = CARTESIAN_POINT ( 'NONE',  ( 4.747416705071056100, 375.1674090797846500, 119.8299807186488000 ) ) ;
#1728 = CARTESIAN_POINT ( 'NONE',  ( -5.573319583618286500E-011, 123.3824078117248900, -132.1800321732560200 ) ) ;
#1729 = VECTOR ( 'NONE', #5456, 1000.000000000000100 ) ;
#1730 = CARTESIAN_POINT ( 'NONE',  ( -730.1516905170698200, 35.96467276996182200, -114.9050220410060200 ) ) ;
#1731 = CARTESIAN_POINT ( 'NONE',  ( -1009.714037273032900, 0.7158117679567064200, 35.79918301487890600 ) ) ;
#1732 = CARTESIAN_POINT ( 'NONE',  ( -14.62674840205269800, 302.0000000000000600, 137.9225819429061100 ) ) ;
#1733 = CARTESIAN_POINT ( 'NONE',  ( -635.2182686816095200, 17.86686176080491300, 451.2293551246756400 ) ) ;
#1734 = CARTESIAN_POINT ( 'NONE',  ( -16.52498873946948200, 300.7097567879110900, 144.1347855701702100 ) ) ;
#1735 = CARTESIAN_POINT ( 'NONE',  ( -342.6364562004772000, 111.5216994009667100, 650.0000000000000000 ) ) ;
#1736 = CARTESIAN_POINT ( 'NONE',  ( -145.4493432593301100, 322.9147756084370800, 239.9999999999999700 ) ) ;
#1737 = CARTESIAN_POINT ( 'NONE',  ( -930.0954376987299400, -44.47907115522036000, -49.73625532188117400 ) ) ;
#1738 = CARTESIAN_POINT ( 'NONE',  ( -156.1783035353579400, 281.5641939643456300, 239.9999999999999700 ) ) ;
#1739 = ORIENTED_EDGE ( 'NONE', *, *, #1106, .F. ) ;
#1740 = B_SPLINE_CURVE_WITH_KNOTS ( 'NONE', 3,
 ( #4621, #5152, #968, #1567, #6445, #6790, #3660, #2554, #6768, #6299, #4316, #3615, #6832, #449, #4142, #5723, #3679, #5258, #2099, #496, #3089, #4658, #1503, #3143, #520, #4209, #6251, #5795, #6319, #3639, #470, #4160, #5217, #3161, #2572, #1019, #2, #5747, #3700, #4179, #996, #4682, #2060, #4705, #539, #3113, #6806, #1539, #5236, #2266, #5984, #4959 ),
 .UNSPECIFIED., .F., .F.,
 ( 4, 2, 2, 2, 2, 2, 2, 2, 2, 2, 2, 2, 2, 2, 2, 2, 2, 2, 2, 2, 2, 2, 2, 2, 2, 4 ),
 ( 1.127436811220733500E-016, 0.0005011265150205489500, 0.001002253030040985100, 0.002004506060081525300, 0.003006759090122065100, 0.004009012120162604900, 0.006013518180243985400, 0.008018024240325365800, 0.01002253030040674800, 0.01102478333044735300, 0.01202703636048795700, 0.01302928939052856200, 0.01403154242056916900, 0.01603604848065031200, 0.01804055454073145600, 0.02004506060081260100, 0.02104731363085315200, 0.02204956666089370400, 0.02305181969093425500, 0.02405407272097480700, 0.02605857878105615300, 0.02806308484113749800, 0.03006759090121884800, 0.03106984393125936100, 0.03157097044627945500, 0.03207209696129954800 ),
 .UNSPECIFIED. ) ;
#1741 = DIRECTION ( 'NONE',  ( 0.9427946626885517200, 0.3318894391366361600, 0.03142648875628400300 ) ) ;
#1742 = CARTESIAN_POINT ( 'NONE',  ( -731.8151122644769700, 51.43873704579421300, 120.2917647316909300 ) ) ;
#1743 = CARTESIAN_POINT ( 'NONE',  ( -488.4730880593238000, 4.561059485897862600, 0.0000000000000000000 ) ) ;
#1744 = CARTESIAN_POINT ( 'NONE',  ( -855.4052764537917700, 73.21699231938713100, -114.8776019093374900 ) ) ;
#1745 = CARTESIAN_POINT ( 'NONE',  ( -344.9798420320378200, 113.8747192612501400, -650.0000000000000000 ) ) ;
#1746 = CARTESIAN_POINT ( 'NONE',  ( -765.2320709390952500, -48.39294002078080600, -59.57770858179857500 ) ) ;
#1747 = CARTESIAN_POINT ( 'NONE',  ( -1015.929031573874700, 0.3665251143882394800, 16.21239377960749600 ) ) ;
#1748 = CARTESIAN_POINT ( 'NONE',  ( -184.6267484020535800, 288.5675407176283900, 137.9225819429061100 ) ) ;
#1749 = EDGE_CURVE ( 'NONE', #3290, #2009, #426, .T. ) ;
#1750 = CARTESIAN_POINT ( 'NONE',  ( -711.8568504542175800, -28.00425256398110500, 269.8670942215699100 ) ) ;
#1751 = ADVANCED_FACE ( 'NONE', ( #5609 ), #841, .T. ) ;
#1752 = CARTESIAN_POINT ( 'NONE',  ( -1028.897866573217200, 28.10591886362328400, -41.05847291900700200 ) ) ;
#1753 = DIRECTION ( 'NONE',  ( 1.000000000000000000, 0.0000000000000000000, 0.0000000000000000000 ) ) ;
#1754 = DIRECTION ( 'NONE',  ( 2.018587317500284800E-016, 0.0000000000000000000, 1.000000000000000000 ) ) ;
#1755 = CARTESIAN_POINT ( 'NONE',  ( -5.573319583618285800E-011, 373.7893821233247400, 144.6856185281506300 ) ) ;
#1756 = CARTESIAN_POINT ( 'NONE',  ( -711.8568504542180300, -28.00425256398114000, -269.8670942215699100 ) ) ;
#1757 = CARTESIAN_POINT ( 'NONE',  ( -143.4774535086120600, 322.7783524542339300, 240.0000000000000000 ) ) ;
#1758 = CARTESIAN_POINT ( 'NONE',  ( -930.0000000000558200, 6.857983858691626200, -69.73844108900407000 ) ) ;
#1759 = EDGE_CURVE ( 'NONE', #3552, #3025, #2618, .T. ) ;
#1760 = CARTESIAN_POINT ( 'NONE',  ( -174.2138913496671900, 287.3154659083736000, 239.9999999999999100 ) ) ;
#1761 = CARTESIAN_POINT ( 'NONE',  ( -156.3430647790108900, 276.4090607070185700, -139.4741830355188200 ) ) ;
#1762 = CARTESIAN_POINT ( 'NONE',  ( -923.9796269583836200, 74.73396668328261700, 103.9668674994734400 ) ) ;
#1763 = CARTESIAN_POINT ( 'NONE',  ( -398.9254421041000600, 139.8893244830534600, 755.0000000000000000 ) ) ;
#1764 = CARTESIAN_POINT ( 'NONE',  ( -855.3638864233428200, 39.44847174006471800, -114.8816014359633800 ) ) ;
#1765 = CARTESIAN_POINT ( 'NONE',  ( -5.573319583618286500E-011, 142.1126253170442300, -144.5240137853010100 ) ) ;
#1766 = CARTESIAN_POINT ( 'NONE',  ( -497.9837345322556500, 56.56828094207282500, 576.1409615043545500 ) ) ;
#1767 = FACE_OUTER_BOUND ( 'NONE', #1073, .T. ) ;
#1768 = CARTESIAN_POINT ( 'NONE',  ( -250.6785800302290300, -28.06546278693414100, -655.0000000000000000 ) ) ;
#1769 = ORIENTED_EDGE ( 'NONE', *, *, #1711, .T. ) ;
#1770 = EDGE_CURVE ( 'NONE', #4124, #5844, #2783, .T. ) ;
#1771 = CARTESIAN_POINT ( 'NONE',  ( -536.4089367922349500, -10.00669366827950500, -36.89144407851289000 ) ) ;
#1772 = CARTESIAN_POINT ( 'NONE',  ( -721.1684343117491400, -36.89914864066234700, 0.0000000000000000000 ) ) ;
#1773 = CARTESIAN_POINT ( 'NONE',  ( -1016.869336485797900, 0.3136793771081739000, 6.841688537813736200 ) ) ;
#1774 = CARTESIAN_POINT ( 'NONE',  ( -770.0781440828610600, 22.51943738479926800, 64.73844108900583200 ) ) ;
#1775 = FACE_OUTER_BOUND ( 'NONE', #2802, .T. ) ;
#1776 = CARTESIAN_POINT ( 'NONE',  ( -657.8329383822367600, -38.04780047810552200, -0.0000000000000000000 ) ) ;
#1777 = ORIENTED_EDGE ( 'NONE', *, *, #2731, .T. ) ;
#1778 = CARTESIAN_POINT ( 'NONE',  ( -731.8165205886452900, 116.0656355729309300, 120.2917345085317900 ) ) ;
#1779 = CARTESIAN_POINT ( 'NONE',  ( -723.7945680158910600, -29.18071593480783600, 36.91470976221314300 ) ) ;
#1780 = MANIFOLD_SOLID_BREP ( 'Boss-Extrude25', #4873 ) ;
#1781 = CARTESIAN_POINT ( 'NONE',  ( -896.0995706123075000, 59.53232690312231800, 109.8103645719371400 ) ) ;
#1782 = CARTESIAN_POINT ( 'NONE',  ( -486.9733623574837200, 75.45585723913002600, 128.4531731162368000 ) ) ;
#1783 = CARTESIAN_POINT ( 'NONE',  ( -176.1757791179144600, 315.4891668659200300, 240.0000000000000000 ) ) ;
#1784 = CYLINDRICAL_SURFACE ( 'NONE', #3272, 101.7368751403241000 ) ;
#1785 = CARTESIAN_POINT ( 'NONE',  ( -930.0954376987299400, 7.164169077462492700, -49.73625532188117400 ) ) ;
#1786 = CARTESIAN_POINT ( 'NONE',  ( -150.6069961145982500, 281.0433204561268200, 239.9999999999999700 ) ) ;
#1787 = B_SPLINE_CURVE_WITH_KNOTS ( 'NONE', 3,
 ( #2515, #2491, #2539, #1511, #2561, #6174, #5159, #6217, #3565, #3098, #6734, #2015, #6796, #4149, #5645, #3648, #4102, #6714, #3055, #1006, #6238, #385, #5732, #2002, #476, #6753, #2042, #3602, #4167, #6780, #3623, #437 ),
 .UNSPECIFIED., .F., .F.,
 ( 4, 2, 2, 2, 2, 2, 2, 2, 2, 2, 2, 2, 2, 2, 2, 4 ),
 ( 5.721958498152796800E-017, 0.004637126336834739900, 0.006955689505252042600, 0.009274252673669344500, 0.01391137901050403500, 0.01622994217892135100, 0.01738922376313004400, 0.01854850534733873700, 0.02318563168417345600, 0.02434491326838213500, 0.02550419485259081800, 0.02782275802100819500, 0.03245988435784291600, 0.03477844752626028200, 0.03593772911046894100, 0.03709701069467760000 ),
 .UNSPECIFIED. ) ;
#1788 = CARTESIAN_POINT ( 'NONE',  ( -169.0626498094555900, 279.7371687536130500, -139.0501968678373100 ) ) ;
#1789 = CARTESIAN_POINT ( 'NONE',  ( -135.8262505225143600, 352.1854547018975300, 115.4209030207743500 ) ) ;
#1790 = EDGE_CURVE ( 'NONE', #5419, #4784, #4158, .T. ) ;
#1791 = ADVANCED_FACE ( 'NONE', ( #4693 ), #5033, .F. ) ;
#1792 = CARTESIAN_POINT ( 'NONE',  ( -952.5887175398104300, 4.645827503112476700, 80.01323808492000500 ) ) ;
#1793 = FACE_OUTER_BOUND ( 'NONE', #1991, .T. ) ;
#1794 = ORIENTED_EDGE ( 'NONE', *, *, #5049, .F. ) ;
#1795 = CARTESIAN_POINT ( 'NONE',  ( -957.6679311350737900, 24.00420353638590500, -94.47591096613086800 ) ) ;
#1796 = CARTESIAN_POINT ( 'NONE',  ( -931.3404293445961500, 6.726713046680651500, -49.78132641403749400 ) ) ;
#1797 = CARTESIAN_POINT ( 'NONE',  ( -547.8046629131712300, 32.17899601933302700, -451.8267385554135600 ) ) ;
#1798 = DIRECTION ( 'NONE',  ( -0.6136994490979275100, -0.03449030143811548200, -0.7887860326372471100 ) ) ;
#1799 = ORIENTED_EDGE ( 'NONE', *, *, #3096, .F. ) ;
#1800 = LINE ( 'NONE', #1527, #4195 ) ;
#1801 = ORIENTED_EDGE ( 'NONE', *, *, #6722, .F. ) ;
#1802 = CARTESIAN_POINT ( 'NONE',  ( -766.2241844022841000, 22.89686303486236300, 62.74338315269044100 ) ) ;
#1803 = VERTEX_POINT ( 'NONE', #296 ) ;
#1804 = CARTESIAN_POINT ( 'NONE',  ( -582.4122084373265100, 33.78716018846089500, -650.0000000000000000 ) ) ;
#1805 = CARTESIAN_POINT ( 'NONE',  ( -878.6136926491286700, 11.89034332109764100, 114.2475637518934200 ) ) ;
#1806 = CARTESIAN_POINT ( 'NONE',  ( -903.1420864286368400, 22.63471032366287300, -108.1743023418718600 ) ) ;
#1807 = EDGE_CURVE ( 'NONE', #1497, #2715, #4362, .T. ) ;
#1808 = FACE_OUTER_BOUND ( 'NONE', #4956, .T. ) ;
#1809 = EDGE_LOOP ( 'NONE', ( #965, #1710, #3103, #4120 ) ) ;
#1810 = CARTESIAN_POINT ( 'NONE',  ( -728.9138485920900600, 27.21205358657578800, 101.0121961458256400 ) ) ;
#1811 = CARTESIAN_POINT ( 'NONE',  ( -740.6734511966680000, -31.23106814407374500, -36.91485756804480900 ) ) ;
#1812 = CARTESIAN_POINT ( 'NONE',  ( -179.0483017427297900, 313.3103742324012200, 239.9999999999999400 ) ) ;
#1813 = AXIS2_PLACEMENT_3D ( 'NONE', #3323, #1223, #3780 ) ;
#1814 = CARTESIAN_POINT ( 'NONE',  ( -934.8554625178761600, -44.47907115522036000, -50.80667994524125000 ) ) ;
#1815 = CARTESIAN_POINT ( 'NONE',  ( -145.6831152621752200, 281.0728718860407300, 239.9999999999998900 ) ) ;
#1816 = CARTESIAN_POINT ( 'NONE',  ( -139.4319057943512000, 276.4947154104953000, -140.0378883350074900 ) ) ;
#1817 = CARTESIAN_POINT ( 'NONE',  ( -738.9556303599223400, 137.5433357310144200, -105.5667516108793100 ) ) ;
#1818 = CARTESIAN_POINT ( 'NONE',  ( 3.914545949255123300, 375.1674090797846500, 144.8161033931276300 ) ) ;
#1819 = EDGE_CURVE ( 'NONE', #5437, #2298, #5799, .T. ) ;
#1820 = CARTESIAN_POINT ( 'NONE',  ( -858.5764169975314000, 36.83127680261797100, 114.5621413703674700 ) ) ;
#1821 = ORIENTED_EDGE ( 'NONE', *, *, #6232, .T. ) ;
#1822 = CARTESIAN_POINT ( 'NONE',  ( -5.573319583618287100E-011, 137.2666354606347500, -143.3647636301040800 ) ) ;
#1823 = CARTESIAN_POINT ( 'NONE',  ( -729.7186922751344600, -45.97881655748227600, 312.7526747221214100 ) ) ;
#1824 = CARTESIAN_POINT ( 'NONE',  ( -728.9764564147534400, 27.51828684237357700, -102.2033468029367600 ) ) ;
#1825 = CARTESIAN_POINT ( 'NONE',  ( -770.0781440828610600, -48.81971161484001700, -64.73844108900411200 ) ) ;
#1826 = VERTEX_POINT ( 'NONE', #1896 ) ;
#1827 = CARTESIAN_POINT ( 'NONE',  ( -1015.487234781570700, 0.3913543766001582600, 18.75987080215115600 ) ) ;
#1828 = ORIENTED_EDGE ( 'NONE', *, *, #3594, .T. ) ;
#1829 = ADVANCED_FACE ( 'NONE', ( #3711 ), #972, .T. ) ;
#1830 = CARTESIAN_POINT ( 'NONE',  ( -1011.864133918964500, 0.5949749616856951900, -31.11047895853394600 ) ) ;
#1831 = PLANE ( 'NONE',  #3573 ) ;
#1832 = CARTESIAN_POINT ( 'NONE',  ( -111.1702897969560800, 285.3059213095673400, 140.9799422015873600 ) ) ;
#1833 = CARTESIAN_POINT ( 'NONE',  ( -731.6540646862966900, 49.79378289806090400, 120.2952208315408700 ) ) ;
#1834 = CARTESIAN_POINT ( 'NONE',  ( -411.3112921771536900, 151.3384461023320300, -755.0000000000000000 ) ) ;
#1835 = CARTESIAN_POINT ( 'NONE',  ( -165.6798115307509500, 320.2957274303971600, 239.9999999999999700 ) ) ;
#1836 = ORIENTED_EDGE ( 'NONE', *, *, #1770, .T. ) ;
#1837 = CARTESIAN_POINT ( 'NONE',  ( -931.7090280948216300, 7.164169077462492700, -49.83070471747460300 ) ) ;
#1838 = CARTESIAN_POINT ( 'NONE',  ( -96.26299014210074700, 282.1464527756126000, -141.4768521900825000 ) ) ;
#1839 = CARTESIAN_POINT ( 'NONE',  ( -739.4266027890856800, 139.3637366548300100, -99.36212689905791300 ) ) ;
#1840 = CARTESIAN_POINT ( 'NONE',  ( -983.1893413520520000, 2.206516638579789600, -62.88860818955330200 ) ) ;
#1841 = CARTESIAN_POINT ( 'NONE',  ( -967.6010026090789300, 3.175645684720102200, 71.59536485726658800 ) ) ;
#1842 = DIRECTION ( 'NONE',  ( -0.05882202577553596900, -0.1616121875848655400, 0.9850997259707751100 ) ) ;
#1843 = CARTESIAN_POINT ( 'NONE',  ( -958.7206509622672000, 62.50417855656493800, -70.53335518855084300 ) ) ;
#1844 = CARTESIAN_POINT ( 'NONE',  ( -729.0432225372624100, 27.87178848488811100, -103.3772041278320300 ) ) ;
#1845 = CARTESIAN_POINT ( 'NONE',  ( -940.0456466938268200, -42.62129814058943100, -62.07958660321782700 ) ) ;
#1846 = CARTESIAN_POINT ( 'NONE',  ( -767.9238069946571800, 22.73041574040283300, 55.29366261009809600 ) ) ;
#1847 = CARTESIAN_POINT ( 'NONE',  ( -801.4150016023039600, -73.21928833898205400, -20.83333333333332900 ) ) ;
#1848 = CARTESIAN_POINT ( 'NONE',  ( -1013.365298382883600, 0.5106085589703939200, -27.07021943511348600 ) ) ;
#1849 = CARTESIAN_POINT ( 'NONE',  ( -861.6631158953674700, 96.67107846823609000, -90.35867032849174100 ) ) ;
#1850 = CARTESIAN_POINT ( 'NONE',  ( -181.4645284611878300, 293.1824483924729100, 138.6368009127797600 ) ) ;
#1851 = STYLED_ITEM ( 'NONE', ( #1065 ), #1780 ) ;
#1852 = CARTESIAN_POINT ( 'NONE',  ( -730.2681978692032800, 36.94639833642665400, 115.6474715548713700 ) ) ;
#1853 = FACE_OUTER_BOUND ( 'NONE', #854, .T. ) ;
#1854 = ORIENTED_EDGE ( 'NONE', *, *, #4684, .T. ) ;
#1855 = CARTESIAN_POINT ( 'NONE',  ( -974.7195593237231600, -41.14360454799239600, -312.7510206763798200 ) ) ;
#1856 = ORIENTED_EDGE ( 'NONE', *, *, #1749, .T. ) ;
#1857 = CARTESIAN_POINT ( 'NONE',  ( -180.4169481905292700, 311.9837047056560100, 239.9999999999999400 ) ) ;
#1858 = CARTESIAN_POINT ( 'NONE',  ( -5.573406319792084700E-011, 373.7893821233246900, -144.6856185281506600 ) ) ;
#1859 = EDGE_CURVE ( 'NONE', #554, #1265, #1485, .T. ) ;
#1860 = CARTESIAN_POINT ( 'NONE',  ( -463.2905875911834500, 16.42390844174383300, -209.7508163608554200 ) ) ;
#1861 = VECTOR ( 'NONE', #795, 1000.000000000000200 ) ;
#1862 = CARTESIAN_POINT ( 'NONE',  ( -507.2785082200171000, -3.378360235900620200, -70.37590193537735700 ) ) ;
#1863 = ORIENTED_EDGE ( 'NONE', *, *, #4079, .T. ) ;
#1864 = CARTESIAN_POINT ( 'NONE',  ( -1002.015125049206900, 1.148495557612440300, -47.28594084122796200 ) ) ;
#1865 = ADVANCED_FACE ( 'NONE', ( #5769 ), #264, .T. ) ;
#1866 = CARTESIAN_POINT ( 'NONE',  ( -773.1775074068381200, 47.42456331262857100, -119.4009345143556800 ) ) ;
#1867 = CARTESIAN_POINT ( 'NONE',  ( -935.9950187258698400, 7.164169369840226200, 51.45886072827526900 ) ) ;
#1868 = CARTESIAN_POINT ( 'NONE',  ( -970.0218588071624000, 2.946537576877823900, 68.73077494076235900 ) ) ;
#1869 = CARTESIAN_POINT ( 'NONE',  ( 465.9699137599470200, -201.6600000000000000, -1099.999999628405700 ) ) ;
#1870 = ORIENTED_EDGE ( 'NONE', *, *, #1676, .F. ) ;
#1871 = CARTESIAN_POINT ( 'NONE',  ( -1015.326489202846000, 21.24923267611350000, 63.66016581222187700 ) ) ;
#1872 = CARTESIAN_POINT ( 'NONE',  ( -765.8756144972705900, 22.93099915300997800, 57.27190889236442900 ) ) ;
#1873 = AXIS2_PLACEMENT_3D ( 'NONE', #429, #5748, #953 ) ;
#1874 = CARTESIAN_POINT ( 'NONE',  ( -729.7186922751344600, -45.97881655748227600, -312.7526747221214100 ) ) ;
#1875 = CARTESIAN_POINT ( 'NONE',  ( -1016.168429931318300, 0.3530707736288565800, -14.55953049108309800 ) ) ;
#1876 = CARTESIAN_POINT ( 'NONE',  ( -19.35423172418532200, 96.03926740997681600, 78.21002679207811100 ) ) ;
#1877 = LINE ( 'NONE', #5149, #559 ) ;
#1878 = DIRECTION ( 'NONE',  ( -1.000000000000000000, 0.0000000000000000000, 0.0000000000000000000 ) ) ;
#1879 = CARTESIAN_POINT ( 'NONE',  ( -729.4539269177805600, 30.52604088678468100, 108.8807043726811200 ) ) ;
#1880 = DIRECTION ( 'NONE',  ( -0.0000000000000000000, -0.0000000000000000000, 1.000000000000000000 ) ) ;
#1881 = CARTESIAN_POINT ( 'NONE',  ( -171.0076012817532700, 318.2903304920805600, 239.9999999999999400 ) ) ;
#1882 = CARTESIAN_POINT ( 'NONE',  ( -5.573319583618285800E-011, 400.0000000000000000, -134.4721470217467600 ) ) ;
#1883 = LINE ( 'NONE', #6421, #2773 ) ;
#1884 = EDGE_LOOP ( 'NONE', ( #5264, #5215, #4583, #5846, #6821 ) ) ;
#1885 = CARTESIAN_POINT ( 'NONE',  ( -14.69591375056344700, 296.6267490809309500, -144.1957547364669900 ) ) ;
#1886 = CARTESIAN_POINT ( 'NONE',  ( 0.0000000000000000000, 0.0000000000000000000, -655.0000000000000000 ) ) ;
#1887 = ORIENTED_EDGE ( 'NONE', *, *, #1241, .T. ) ;
#1888 = AXIS2_PLACEMENT_3D ( 'NONE', #5372, #2708, #628 ) ;
#1889 = CARTESIAN_POINT ( 'NONE',  ( -1008.872162819499600, 21.53354026583386700, -69.85103928865230200 ) ) ;
#1890 = CARTESIAN_POINT ( 'NONE',  ( -250.6785800302290900, 221.9345372130658200, -650.0000000000000000 ) ) ;
#1891 = CARTESIAN_POINT ( 'NONE',  ( -930.1674393579720600, 7.164169369840226200, 69.74124603058601200 ) ) ;
#1892 = ORIENTED_EDGE ( 'NONE', *, *, #6592, .T. ) ;
#1893 = B_SPLINE_CURVE_WITH_KNOTS ( 'NONE', 3,
 ( #3756, #2160, #17, #4198, #5787, #556, #2611, #6359, #5251, #1581, #5341, #1082, #1122, #5294, #4805, #534, #6311, #5314, #6291, #33, #4224, #62, #1650, #1058, #2139, #3199, #4720, #1099, #5275, #4760, #1600, #3736, #579, #1624, #5952, #4325, #4308, #109, #3778, #5434, #5974, #2739, #3868, #3319, #160, #2275, #1760, #6475, #3801, #2178, #2797, #2203, #4828, #619, #3846, #88, #1693, #5924, #6500, #3827, #5388, #6456, #5873, #3240, #3338, #1170, #6430, #1149, #183, #671, #4374, #1667, #2229, #2254, #712, #2721, #5408, #3289, #647, #1189, #1220, #2766, #2698, #4395, #133, #5894, #693, #3264, #5368, #4346, #4878, #1717, #1247, #4854, #4902, #1738, #4929, #6400, #3417, #3539, #764, #224, #4472, #1294, #6568, #1958, #2820, #5480, #6048, #1786, #5628, #4951, #4972, #5141, #2345, #3566, #5092, #386, #6546, #2323, #5120, #2473, #5998, #1815, #3006, #4081, #6022, #1931, #2449, #6715, #4064, #5460, #924, #3917, #6526, #2866, #4607, #6152, #4444, #737, #3391, #1449, #248, #5646, #3947, #2302, #6693, #363, #6175, #3363, #2987, #5507, #203, #3895, #2839, #1271, #4418, #902, #787, #1407, #4580, #1429, #2562, #4647, #5715, #1981, #3032, #6286, #958, #6218, #940, #6817, #458, #4168, #6735, #2016, #2043, #3667, #2516, #5207, #3076, #3603, #3127, #5668, #5733, #2493, #507, #6781, #5694, #3099, #3056, #3587, #2541, #6239, #3624, #5228, #4629, #4150, #6754, #414, #4103, #438, #4190, #6202, #4129, #984, #1494, #4669, #2071, #5181, #6265, #1512, #2004, #6797, #3649, #478, #1008, #5758, #1472, #4694, #1528, #2579, #1026, #4716, #5160, #1554, #3732, #82, #3236, #1644, #1596, #3773, #6331, #3151, #1575, #2631, #3168, #6393, #4235, #614, #4304, #56, #528, #1141, #3193, #550, #1076, #2107, #4800, #5269, #12, #573, #4822, #5244, #5334, #5291, #2604, #5800 ),
 .UNSPECIFIED., .F., .F.,
 ( 4, 1, 1, 1, 2, 2, 1, 1, 1, 2, 2, 1, 1, 1, 2, 2, 1, 1, 1, 2, 2, 1, 1, 1, 2, 2, 1, 1, 1, 2, 2, 1, 1, 1, 1, 2, 2, 1, 1, 1, 1, 2, 2, 1, 1, 1, 1, 2, 2, 1, 1, 1, 1, 2, 2, 1, 1, 1, 2, 2, 1, 1, 1, 2, 2, 1, 1, 1, 2, 2, 1, 1, 1, 2, 2, 1, 1, 1, 1, 2, 2, 1, 1, 1, 1, 2, 2, 1, 1, 1, 1, 2, 2, 1, 1, 1, 1, 1, 2, 2, 1, 1, 1, 1, 1, 2, 2, 1, 1, 1, 1, 2, 2, 1, 1, 1, 1, 1, 1, 1, 2, 2, 1, 1, 1, 1, 1, 1, 1, 1, 2, 2, 1, 1, 1, 1, 1, 1, 1, 2, 2, 1, 1, 1, 1, 1, 1, 1, 1, 2, 2, 1, 1, 1, 1, 1, 1, 1, 1, 2, 2, 1, 1, 1, 1, 1, 1, 1, 1, 1, 2, 2, 1, 1, 1, 1, 1, 1, 1, 1, 2, 2, 1, 1, 1, 1, 1, 1, 1, 2, 2, 1, 1, 1, 1, 2, 2, 4 ),
 ( 0.0000000000000000000, 0.007812499999713956200, 0.01171874999957091100, 0.01367187499949938700, 0.01464843749946362700, 0.01562499999942786600, 0.02343749999914224900, 0.02734374999899991100, 0.02929687499892882900, 0.03027343749889319800, 0.03124999999885756700, 0.03906249999857251700, 0.04296874999842986700, 0.04492187499835841700, 0.04589843749832269600, 0.04687499999828697400, 0.05468749999800727500, 0.05859374999786781000, 0.06054687499779792100, 0.06152343749776333100, 0.06249999999772874700, 0.07031249999745804700, 0.07421874999732286400, 0.07617187499725496000, 0.07714843749722069500, 0.07812499999718644500, 0.08593749999691627200, 0.08984374999678163000, 0.09179687499671439200, 0.09277343749668096100, 0.09374999999664751500, 0.1015624999963803800, 0.1054687499962465900, 0.1074218749961798800, 0.1083984374961467100, 0.1088867187461301100, 0.1093749999961135300, 0.1171874999958457300, 0.1210937499957118200, 0.1230468749956446900, 0.1240234374956112900, 0.1245117187455947600, 0.1249999999955782300, 0.1328124999953124400, 0.1367187499951795200, 0.1386718749951130800, 0.1396484374950798500, 0.1401367187450630300, 0.1406249999950462400, 0.1484374999947706600, 0.1523437499946327900, 0.1542968749945638500, 0.1552734374945291800, 0.1557617187445117800, 0.1562499999944943800, 0.1640624999942214300, 0.1679687499940848700, 0.1699218749940165900, 0.1708984374939827300, 0.1718749999939489000, 0.1796874999936775300, 0.1835937499935420500, 0.1855468749934744100, 0.1865234374934408900, 0.1874999999934073300, 0.1953124999931380400, 0.1992187499930035100, 0.2011718749929364600, 0.2021484374929031500, 0.2031249999928698400, 0.2109374999926011700, 0.2148437499924671100, 0.2167968749924000800, 0.2177734374923663300, 0.2187499999923326100, 0.2265624999920627700, 0.2304687499919281500, 0.2324218749918607900, 0.2333984374918268700, 0.2338867187418096600, 0.2343749999917924500, 0.2421874999915188100, 0.2460937499913817500, 0.2480468749913132000, 0.2490234374912792000, 0.2495117187412621800, 0.2499999999912451700, 0.2578124999909729400, 0.2617187499908366100, 0.2636718749907686100, 0.2646484374907349100, 0.2651367187407180400, 0.2656249999907011600, 0.2734374999904346500, 0.2773437499903014200, 0.2792968749902345300, 0.2802734374902007800, 0.2807617187401836300, 0.2810058593651750800, 0.2812499999901665300, 0.2890624999898939700, 0.2929687499897579700, 0.2949218749896898000, 0.2958984374896558900, 0.2963867187396389000, 0.2966308593646301800, 0.2968749999896214700, 0.3007812499894838600, 0.3027343749894147500, 0.3037109374893802700, 0.3041992187393633400, 0.3044433593643548500, 0.3046874999893463600, 0.3085937499892111900, 0.3105468749891439600, 0.3115234374891101600, 0.3120117187390935600, 0.3122558593640849500, 0.3123779296765808500, 0.3124389648328286800, 0.3124694824109528500, 0.3124999999890770200, 0.3281249999892460500, 0.3359374999893304800, 0.3398437499893728300, 0.3417968749893939800, 0.3427734374894047500, 0.3432617187394100300, 0.3435058593644126900, 0.3436279296769140200, 0.3436889648331646900, 0.3437499999894154100, 0.3593749999895699500, 0.3671874999896472300, 0.3710937499896858100, 0.3730468749897053500, 0.3740234374897148400, 0.3745117187397195600, 0.3747558593647221700, 0.3748779296772237200, 0.3749999999897252700, 0.4062499999901877900, 0.4218749999904191100, 0.4296874999905346800, 0.4335937499905926400, 0.4355468749906215000, 0.4365234374906359300, 0.4370117187406431500, 0.4372558593656469300, 0.4373779296781488700, 0.4374999999906507600, 0.4687499999911479700, 0.4843749999913966000, 0.4921874999915210600, 0.4960937499915834000, 0.4980468749916146500, 0.4990234374916302500, 0.4995117187416380800, 0.4997558593666420700, 0.4998779296791440200, 0.4999999999916459000, 0.5624999999926529900, 0.5937499999931564700, 0.6093749999934082700, 0.6171874999935341700, 0.6210937499935972300, 0.6230468749936287600, 0.6240234374936444200, 0.6245117187436521900, 0.6247558593686559600, 0.6248779296811579600, 0.6249999999936599600, 0.6874999999947223300, 0.7187499999952534600, 0.7343749999955191400, 0.7421874999956520300, 0.7460937499957184200, 0.7480468749957516200, 0.7490234374957682700, 0.7495117187457766000, 0.7497558593707807100, 0.7499999999957848200, 0.8124999999968222100, 0.8437499999973410200, 0.8593749999976003600, 0.8671874999977300400, 0.8710937499977948800, 0.8730468749978271800, 0.8740234374978433900, 0.8745117187478516100, 0.8749999999978598200, 0.9062499999983967300, 0.9218749999986654000, 0.9296874999987996300, 0.9335937499988669100, 0.9355468749989005500, 0.9374999999989341900, 1.000000000000000000 ),
 .UNSPECIFIED. ) ;
#1894 = CIRCLE ( 'NONE', #1589, 25.00000000000002100 ) ;
#1895 = ORIENTED_EDGE ( 'NONE', *, *, #1089, .T. ) ;
#1896 = CARTESIAN_POINT ( 'NONE',  ( -395.1366864534506400, 150.2988450810440500, 655.0000000000000000 ) ) ;
#1897 = DIRECTION ( 'NONE',  ( -0.9396926207859102000, 0.3420201433256636100, -0.0000000000000000000 ) ) ;
#1898 = ORIENTED_EDGE ( 'NONE', *, *, #6274, .T. ) ;
#1899 = CARTESIAN_POINT ( 'NONE',  ( -933.5969862160179700, -43.64804805981823000, -69.19484589753618300 ) ) ;
#1900 = CARTESIAN_POINT ( 'NONE',  ( -178.8030514601247800, 337.0564484362114400, 114.3493195414875300 ) ) ;
#1901 = LINE ( 'NONE', #3314, #3720 ) ;
#1902 = CARTESIAN_POINT ( 'NONE',  ( -900.0113882235753000, 83.17144053162192600, 85.17181409649983000 ) ) ;
#1903 = ADVANCED_FACE ( 'NONE', ( #3969 ), #4675, .T. ) ;
#1904 = ORIENTED_EDGE ( 'NONE', *, *, #366, .T. ) ;
#1905 = CARTESIAN_POINT ( 'NONE',  ( -907.7336532594164300, 23.26329343565628300, -107.3075677211247600 ) ) ;
#1906 = EDGE_CURVE ( 'NONE', #2558, #5532, #3559, .T. ) ;
#1907 = CARTESIAN_POINT ( 'NONE',  ( -730.9957691960579500, 43.43743691633540700, 118.9950614267884000 ) ) ;
#1908 = B_SPLINE_CURVE_WITH_KNOTS ( 'NONE', 3,
 ( #1129, #3809, #4334, #4887, #1177, #4862, #40, #1196, #1728, #3743, #5002, #4402, #6508, #2874, #3327, #4453, #5981, #6055, #1276, #2804, #254, #6553, #4478, #1822, #167, #1322, #1765, #4380, #3903 ),
 .UNSPECIFIED., .F., .F.,
 ( 4, 2, 2, 2, 2, 2, 2, 2, 2, 2, 2, 1, 2, 2, 4 ),
 ( 0.0000000000000000000, 0.004938218143029348200, 0.007407327214544026700, 0.009876436286058705100, 0.01481465442908806200, 0.01604920896484536900, 0.01728376350060268100, 0.01975287257211730300, 0.02469109071514648600, 0.02592564525090377800, 0.02716019978666107300, 0.02962930885817558600, 0.03209841792969010000, 0.03456752700120462000, 0.03950574514423366900 ),
 .UNSPECIFIED. ) ;
#1909 = DIRECTION ( 'NONE',  ( -1.000000000000000000, 0.0000000000000000000, 0.0000000000000000000 ) ) ;
#1910 = CARTESIAN_POINT ( 'NONE',  ( -5.573319583618285800E-011, 400.0000000000000000, 0.0000000000000000000 ) ) ;
#1911 = CARTESIAN_POINT ( 'NONE',  ( -183.9721129261900500, 306.2198493662576200, 239.9999999999998900 ) ) ;
#1912 = CARTESIAN_POINT ( 'NONE',  ( -769.9505933584425700, -49.25060836388760100, 54.74522419366338300 ) ) ;
#1913 = ORIENTED_EDGE ( 'NONE', *, *, #2421, .F. ) ;
#1914 = CARTESIAN_POINT ( 'NONE',  ( -731.8151122645202800, 51.43873704579164800, -120.2917647316887700 ) ) ;
#1915 = CARTESIAN_POINT ( 'NONE',  ( -671.3892581488839800, 151.2238590944111500, -655.0000000000000000 ) ) ;
#1916 = DIRECTION ( 'NONE',  ( -0.7071067811865469100, -0.7071067811865482400, 0.0000000000000000000 ) ) ;
#1917 = EDGE_CURVE ( 'NONE', #3017, #3175, #3790, .T. ) ;
#1918 = CARTESIAN_POINT ( 'NONE',  ( -750.6785800302288900, -69.70514929972830500, 842.3164332702092500 ) ) ;
#1919 = CARTESIAN_POINT ( 'NONE',  ( -930.0000000000558200, 7.164169369840226200, 69.73844108901323600 ) ) ;
#1920 =( BOUNDED_SURFACE ( )  B_SPLINE_SURFACE ( 3, 2, ( 
 ( #5498, #662, #4342 ),
 ( #5452, #1181, #3310 ),
 ( #4388, #1706, #4920 ),
 ( #2245, #5944, #687 ),
 ( #4366, #4893, #1752 ),
 ( #2290, #2813, #3886 ),
 ( #1830, #2907, #279 ),
 ( #5040, #6613, #5011 ),
 ( #1848, #2978, #3512 ),
 ( #332, #4464, #6145 ),
 ( #2361, #2884, #5587 ),
 ( #3985, #3431, #239 ),
 ( #4555, #3937, #3485 ),
 ( #1396, #2383, #1350 ),
 ( #305, #827, #3964 ),
 ( #1875, #4024, #1329 ),
 ( #6085, #2423, #2931 ),
 ( #851, #3456, #4505 ),
 ( #1924, #6635, #4001 ),
 ( #1369, #5619, #970 ),
 ( #5197, #2031, #1462 ),
 ( #4052, #4074, #3022 ),
 ( #6212, #6770, #4660 ),
 ( #5724, #4638, #4143 ),
 ( #6727, #888, #6706 ),
 ( #353, #2555, #2507 ),
 ( #6252, #3581, #4573 ),
 ( #1419, #920, #2997 ),
 ( #1946, #952, #2463 ),
 ( #5154, #6164, #451 ),
 ( #5638, #1487, #3554 ),
 ( #5133, #377, #401 ),
 ( #3597, #1972, #4596 ),
 ( #1442, #5660, #5683 ),
 ( #5172, #2486, #6193 ),
 ( #428, #2013, #2527 ),
 ( #5705, #4096, #935 ),
 ( #1994, #3048, #6745 ),
 ( #6229, #3680, #2061 ),
 ( #5259, #3182, #2573 ),
 ( #3701, #2100, #1590 ),
 ( #6278, #2624, #3 ),
 ( #540, #4230, #4706 ),
 ( #1541, #3662, #4769 ),
 ( #1608, #4180, #5303 ),
 ( #4262, #588, #2236 ),
 ( #3764, #3247, #5858 ),
 ( #5375, #3832, #3208 ),
 ( #42, #681, #1130 ),
 ( #5905, #6443, #98 ),
 ( #3785, #4836, #6465 ),
 ( #608, #5934, #1674 ),
 ( #3811, #1657, #4314 ),
 ( #1197, #4294, #1107 ),
 ( #4814, #5349, #2263 ),
 ( #5961, #3744, #1159 ),
 ( #1634, #4791, #2212 ),
 ( #2188, #5882, #3301 ),
 ( #2710, #2729, #5323 ),
 ( #143, #6410, #2683 ) ),
 .UNSPECIFIED., .F., .F., .F. ) 
 B_SPLINE_SURFACE_WITH_KNOTS ( ( 4, 2, 2, 2, 2, 2, 2, 2, 2, 2, 2, 2, 2, 2, 2, 2, 2, 2, 2, 2, 2, 2, 2, 2, 2, 2, 2, 2, 2, 4 ),
 ( 3, 3 ),
 ( 0.1428535317292563000, 0.1480503270655917900, 0.1506487247337595600, 0.1532471224019273100, 0.1584439177382628300, 0.1636407130745983200, 0.1662391107427660700, 0.1688375084109338100, 0.1714359060791015900, 0.1727351049131854400, 0.1740343037472693300, 0.1766327014154370800, 0.1792310990836048500, 0.1818294967517726000, 0.1831286955858564800, 0.1844278944199403400, 0.1857270932540242000, 0.1870262920881080900, 0.1896246897562758300, 0.1922230874244436100, 0.1948214850926113500, 0.1974198827607791000, 0.2000182804289468700, 0.2026166780971146200, 0.2052150757652823600, 0.2104118711016178500, 0.2156086664379533400, 0.2208054617742888400, 0.2234038594424566100, 0.2260022571106243500 ),
 ( 0.0000000000000000000, 1.000000000000000000 ),
 .UNSPECIFIED. ) 
 GEOMETRIC_REPRESENTATION_ITEM ( )  RATIONAL_B_SPLINE_SURFACE ( (
 ( 1.000000000000000000, 0.6199832514251334400, 1.000000000000000000),
 ( 1.000000000000000000, 0.5994484684159574500, 1.000000000000000000),
 ( 1.000000000000000000, 0.5789578043359604500, 1.000000000000000000),
 ( 1.000000000000000000, 0.5482837619954600300, 1.000000000000000000),
 ( 1.000000000000000000, 0.5380697570276545800, 1.000000000000000000),
 ( 1.000000000000000000, 0.5176720264582919100, 1.000000000000000000),
 ( 1.000000000000000000, 0.5074782468580577600, 1.000000000000000000),
 ( 1.000000000000000000, 0.4770361963372208900, 1.000000000000000000),
 ( 1.000000000000000000, 0.4570369464268751500, 1.000000000000000000),
 ( 1.000000000000000000, 0.4178866317496365300, 1.000000000000000000),
 ( 1.000000000000000000, 0.3987300663048232200, 1.000000000000000000),
 ( 1.000000000000000000, 0.3710529843259671200, 1.000000000000000000),
 ( 1.000000000000000000, 0.3620065335764794900, 1.000000000000000000),
 ( 1.000000000000000000, 0.3443898795957616200, 1.000000000000000000),
 ( 1.000000000000000000, 0.3358193754673781700, 1.000000000000000000),
 ( 1.000000000000000000, 0.3193137179592257500, 1.000000000000000000),
 ( 1.000000000000000000, 0.3113783542773345700, 1.000000000000000000),
 ( 1.000000000000000000, 0.3001087292763953700, 1.000000000000000000),
 ( 1.000000000000000000, 0.2964581728428058400, 1.000000000000000000),
 ( 1.000000000000000000, 0.2894001750215837700, 1.000000000000000000),
 ( 1.000000000000000000, 0.2859910944770305300, 1.000000000000000000),
 ( 1.000000000000000000, 0.2762009932825988900, 1.000000000000000000),
 ( 1.000000000000000000, 0.2702506734400495500, 1.000000000000000000),
 ( 1.000000000000000000, 0.2597669049750368500, 1.000000000000000000),
 ( 1.000000000000000000, 0.2552350824910198400, 1.000000000000000000),
 ( 1.000000000000000000, 0.2478500271011125900, 1.000000000000000000),
 ( 1.000000000000000000, 0.2449989703455470700, 1.000000000000000000),
 ( 1.000000000000000000, 0.2421304820425117200, 1.000000000000000000),
 ( 1.000000000000000000, 0.2414082831103318800, 1.000000000000000000),
 ( 1.000000000000000000, 0.2404451388458034300, 1.000000000000000000),
 ( 1.000000000000000000, 0.2402042230041352700, 1.000000000000000000),
 ( 1.000000000000000000, 0.2402079043846978300, 1.000000000000000000),
 ( 1.000000000000000000, 0.2404525011017751600, 1.000000000000000000),
 ( 1.000000000000000000, 0.2414218404663192300, 1.000000000000000000),
 ( 1.000000000000000000, 0.2421465526570259200, 1.000000000000000000),
 ( 1.000000000000000000, 0.2450191244794517300, 1.000000000000000000),
 ( 1.000000000000000000, 0.2478682542771165300, 1.000000000000000000),
 ( 1.000000000000000000, 0.2552318247963340500, 1.000000000000000000),
 ( 1.000000000000000000, 0.2597440804520442800, 1.000000000000000000),
 ( 1.000000000000000000, 0.2701641336414091200, 1.000000000000000000),
 ( 1.000000000000000000, 0.2760703107806415400, 1.000000000000000000),
 ( 1.000000000000000000, 0.2890054278512682000, 1.000000000000000000),
 ( 1.000000000000000000, 0.2960335929075513800, 1.000000000000000000),
 ( 1.000000000000000000, 0.3109732513606676100, 1.000000000000000000),
 ( 1.000000000000000000, 0.3188845847384228500, 1.000000000000000000),
 ( 1.000000000000000000, 0.3353974170685636300, 1.000000000000000000),
 ( 1.000000000000000000, 0.3439990605978844900, 1.000000000000000000),
 ( 1.000000000000000000, 0.3617447117156895000, 1.000000000000000000),
 ( 1.000000000000000000, 0.3709020375615130200, 1.000000000000000000),
 ( 1.000000000000000000, 0.3989342721923925800, 1.000000000000000000),
 ( 1.000000000000000000, 0.4182485253138053500, 1.000000000000000000),
 ( 1.000000000000000000, 0.4574979282961547100, 1.000000000000000000),
 ( 1.000000000000000000, 0.4774398746504826500, 1.000000000000000000),
 ( 1.000000000000000000, 0.5176704332974143600, 1.000000000000000000),
 ( 1.000000000000000000, 0.5379623879723531800, 1.000000000000000000),
 ( 1.000000000000000000, 0.5685955366833007600, 1.000000000000000000),
 ( 1.000000000000000000, 0.5788403191181215000, 1.000000000000000000),
 ( 1.000000000000000000, 0.5993981129631992300, 1.000000000000000000),
 ( 1.000000000000000000, 0.6097331067350627600, 1.000000000000000000),
 ( 1.000000000000000000, 0.6199832514251327800, 1.000000000000000000) ) ) 
 REPRESENTATION_ITEM ( '' )  SURFACE ( )  );
#1921 = CARTESIAN_POINT ( 'NONE',  ( -729.2467929460001400, 29.10913716925356500, -106.3852318641590400 ) ) ;
#1922 = CARTESIAN_POINT ( 'NONE',  ( -939.3835861344028900, -42.73528428484207400, -63.97209038908314900 ) ) ;
#1923 = CARTESIAN_POINT ( 'NONE',  ( -739.1952091488486800, 138.3992726095371200, 103.3118623066079500 ) ) ;
#1924 = CARTESIAN_POINT ( 'NONE',  ( -1016.467930798179900, 0.3362386334106748900, -11.99751396567898500 ) ) ;
#1925 = CARTESIAN_POINT ( 'NONE',  ( -489.2166624601146100, 3.132967538697218700, 210.0847015248558300 ) ) ;
#1926 = DIRECTION ( 'NONE',  ( 0.0000000000000000000, 0.0000000000000000000, -1.000000000000000000 ) ) ;
#1927 = DIRECTION ( 'NONE',  ( 0.0000000000000000000, 0.0000000000000000000, 1.000000000000000000 ) ) ;
#1928 = CARTESIAN_POINT ( 'NONE',  ( -182.1184991448312800, 309.8907201265938600, 239.9999999999999400 ) ) ;
#1929 = CARTESIAN_POINT ( 'NONE',  ( -732.0292283200511700, 51.41795547781588000, -120.2871615022315300 ) ) ;
#1930 = CARTESIAN_POINT ( 'NONE',  ( -513.4672159472800100, 45.54542476513815100, 373.8168780586473800 ) ) ;
#1931 = CARTESIAN_POINT ( 'NONE',  ( -145.1092144783944800, 281.1035127863676700, 239.9999999999999100 ) ) ;
#1932 = CARTESIAN_POINT ( 'NONE',  ( -547.8046629131712300, 32.17899601933302700, 451.8267385554135600 ) ) ;
#1933 = CARTESIAN_POINT ( 'NONE',  ( -981.2416451011426900, 2.315978413137315800, -86.47034063728158100 ) ) ;
#1934 = ADVANCED_FACE ( 'NONE', ( #2540, #739 ), #2007, .T. ) ;
#1935 = CARTESIAN_POINT ( 'NONE',  ( -750.6785800302288900, -69.70514929972830500, 842.3164332702092500 ) ) ;
#1936 = CARTESIAN_POINT ( 'NONE',  ( -765.5763752531697700, 23.42730997547047500, 61.63020452759305100 ) ) ;
#1937 = CARTESIAN_POINT ( 'NONE',  ( -940.3849347119414700, -44.47907115696418900, 59.73525065411046600 ) ) ;
#1938 = B_SPLINE_CURVE_WITH_KNOTS ( 'NONE', 3,
 ( #684, #4915, #2851, #6558, #1731, #5448, #3405, #4460, #3330, #3932, #1827, #5521, #1747, #3883, #724, #4406, #1773, #5471, #5059, #5809, #5789, #6294, #5280, #6340, #2726, #5412, #5901, #165, #1194, #4883, #2258, #4905, #6478, #91 ),
 .UNSPECIFIED., .F., .F.,
 ( 4, 2, 2, 2, 2, 2, 2, 2, 2, 2, 2, 2, 2, 2, 2, 2, 4 ),
 ( 0.0000000000000000000, 0.002603871004823463900, 0.005207742009646927800, 0.01041548401929385600, 0.02083096803858771800, 0.02343483904341121800, 0.02603871004823472100, 0.03124645205788173200, 0.03645419406752874200, 0.04166193607717575500, 0.04686967808682276200, 0.05207742009646977600, 0.05728516210611679000, 0.06249290411576381700, 0.07290838813505772000, 0.07811613014470453200, 0.08332387215435135800 ),
 .UNSPECIFIED. ) ;
#1939 = CARTESIAN_POINT ( 'NONE',  ( -995.1635593470149400, 27.65220633256806000, -81.65449278019848100 ) ) ;
#1940 = CARTESIAN_POINT ( 'NONE',  ( -387.0122977284208900, 172.6204196499360300, 753.2762681115718800 ) ) ;
#1941 = CARTESIAN_POINT ( 'NONE',  ( -940.3016272692001400, -42.56787079500168100, -59.08164849728965600 ) ) ;
#1942 = EDGE_CURVE ( 'NONE', #2378, #4254, #4313, .T. ) ;
#1943 = CYLINDRICAL_SURFACE ( 'NONE', #598, 96.73687514032413000 ) ;
#1944 = CARTESIAN_POINT ( 'NONE',  ( -739.4566684526904500, 139.6381593679879800, 96.93121068896236600 ) ) ;
#1945 = ORIENTED_EDGE ( 'NONE', *, *, #542, .T. ) ;
#1946 = CARTESIAN_POINT ( 'NONE',  ( -1017.013426819989500, 0.3055814081953639500, -1.706896768676649200 ) ) ;
#1947 = CARTESIAN_POINT ( 'NONE',  ( -367.9313192756203000, 108.1367673492333400, 593.0918799415274000 ) ) ;
#1948 = CARTESIAN_POINT ( 'NONE',  ( -729.4669690585592400, 26.49656220409728000, 120.3422389738506300 ) ) ;
#1949 = CARTESIAN_POINT ( 'NONE',  ( -750.6785800302288900, -69.70514929972830500, -842.3164332702092500 ) ) ;
#1950 = EDGE_CURVE ( 'NONE', #5793, #6016, #911, .T. ) ;
#1951 = CARTESIAN_POINT ( 'NONE',  ( -15.65781909305309600, 96.40126417585834400, -41.15128595429767700 ) ) ;
#1952 = CARTESIAN_POINT ( 'NONE',  ( -769.0642468253602100, 32.25061285086973600, 479.9273741711696200 ) ) ;
#1953 = FACE_OUTER_BOUND ( 'NONE', #2581, .T. ) ;
#1954 = VERTEX_POINT ( 'NONE', #2637 ) ;
#1955 = EDGE_CURVE ( 'NONE', #6414, #960, #5940, .T. ) ;
#1956 = CARTESIAN_POINT ( 'NONE',  ( -857.8954111923328600, 80.63858841612048400, 113.3730292929486400 ) ) ;
#1957 = CARTESIAN_POINT ( 'NONE',  ( -18.76567194960053800, 294.8304934588436500, -144.0600961298324600 ) ) ;
#1958 = CARTESIAN_POINT ( 'NONE',  ( -151.3351301510777500, 281.0775835708486200, 240.0000000000000000 ) ) ;
#1959 = CARTESIAN_POINT ( 'NONE',  ( -721.1638438405128700, -28.50215867585638200, 123.2493405169230300 ) ) ;
#1960 = CARTESIAN_POINT ( 'NONE',  ( -463.5651015542642900, 17.47342239933954000, -209.7805853195551700 ) ) ;
#1961 = CARTESIAN_POINT ( 'NONE',  ( -17.41861360943060100, 298.4579526749613500, -144.1049980745048100 ) ) ;
#1962 = CARTESIAN_POINT ( 'NONE',  ( -531.8924248352152500, 48.45341906454059000, -373.8240249728036700 ) ) ;
#1963 = CIRCLE ( 'NONE', #814, 101.7368751403241000 ) ;
#1964 = CARTESIAN_POINT ( 'NONE',  ( -939.5870448557457200, -44.47907115696418900, 63.66822034062012400 ) ) ;
#1965 = SURFACE_SIDE_STYLE ('',( #2304 ) ) ;
#1966 = CARTESIAN_POINT ( 'NONE',  ( -918.9483379989701500, 76.50511764219056900, -81.22163257603104100 ) ) ;
#1967 = CARTESIAN_POINT ( 'NONE',  ( -1026.864989869321600, 38.51551239753651900, -42.41966465859783900 ) ) ;
#1968 = FACE_OUTER_BOUND ( 'NONE', #3815, .T. ) ;
#1969 = ORIENTED_EDGE ( 'NONE', *, *, #5691, .T. ) ;
#1970 = DIRECTION ( 'NONE',  ( -0.0000000000000000000, -1.000000000000000000, -0.0000000000000000000 ) ) ;
#1971 = ORIENTED_EDGE ( 'NONE', *, *, #1089, .F. ) ;
#1972 = CARTESIAN_POINT ( 'NONE',  ( -1097.628712468208500, -4.225049190562846700, 1.323616022262073200 ) ) ;
#1973 = CARTESIAN_POINT ( 'NONE',  ( -910.5815566374590200, 23.77432361436273200, -106.7482586470301000 ) ) ;
#1974 = ORIENTED_EDGE ( 'NONE', *, *, #6323, .T. ) ;
#1975 = LINE ( 'NONE', #3298, #822 ) ;
#1976 = ORIENTED_EDGE ( 'NONE', *, *, #5444, .F. ) ;
#1977 = CARTESIAN_POINT ( 'NONE',  ( -728.9344611486225200, 26.54871702395366700, -95.29553301665272600 ) ) ;
#1978 = CARTESIAN_POINT ( 'NONE',  ( -617.2240088808479200, 12.83734477182185800, 451.2146373188919600 ) ) ;
#1979 = CARTESIAN_POINT ( 'NONE',  ( -547.7297790996881300, -4.872327340298964400, 0.0000000000000000000 ) ) ;
#1980 = CYLINDRICAL_SURFACE ( 'NONE', #2371, 25.00000000000002800 ) ;
#1981 = CARTESIAN_POINT ( 'NONE',  ( -136.9509418987229000, 281.9612081668706200, 239.9999999999999400 ) ) ;
#1982 = VERTEX_POINT ( 'NONE', #3719 ) ;
#1983 = CARTESIAN_POINT ( 'NONE',  ( -453.4158454910860300, 42.20061651864961800, 209.4169311968550700 ) ) ;
#1984 = CARTESIAN_POINT ( 'NONE',  ( -16.08211210456043000, 297.9709791099599600, -144.1495481246670900 ) ) ;
#1985 = ORIENTED_EDGE ( 'NONE', *, *, #1906, .T. ) ;
#1986 = CARTESIAN_POINT ( 'NONE',  ( -14.62674840205269800, 302.1913950899950100, 240.0000000000000000 ) ) ;
#1987 = EDGE_CURVE ( 'NONE', #5454, #5199, #1362, .T. ) ;
#1988 = CARTESIAN_POINT ( 'NONE',  ( -880.9587783347557200, 36.96451753725889200, -114.0732011172917200 ) ) ;
#1989 = CARTESIAN_POINT ( 'NONE',  ( -1025.528095748797600, 24.49074053889307500, -49.74942052518659400 ) ) ;
#1990 = CARTESIAN_POINT ( 'NONE',  ( -936.7785836009957200, -43.09928053430574800, -52.07436084629128500 ) ) ;
#1991 = EDGE_LOOP ( 'NONE', ( #1998, #492, #3536, #2157, #3379 ) ) ;
#1992 = CARTESIAN_POINT ( 'NONE',  ( -908.8689351518886500, 23.44699174105060300, 107.0867953730063000 ) ) ;
#1993 = CARTESIAN_POINT ( 'NONE',  ( -739.4266027890709000, 139.3637366548267900, 99.36212689910671300 ) ) ;
#1994 = CARTESIAN_POINT ( 'NONE',  ( -1016.900446132896900, 0.3119309950497118900, 5.989281179325407900 ) ) ;
#1995 = DIRECTION ( 'NONE',  ( -1.000000000000000000, 0.0000000000000000000, 0.0000000000000000000 ) ) ;
#1996 = CARTESIAN_POINT ( 'NONE',  ( -729.2237219807190100, 26.52037872229106700, 120.3472399958995400 ) ) ;
#1997 = EDGE_CURVE ( 'NONE', #1551, #4632, #1719, .T. ) ;
#1998 = ORIENTED_EDGE ( 'NONE', *, *, #5825, .T. ) ;
#1999 = CARTESIAN_POINT ( 'NONE',  ( -903.0246570427779000, 26.98952944912001300, 108.6882906446278400 ) ) ;
#2000 = CARTESIAN_POINT ( 'NONE',  ( -767.3778496075324300, 23.42730997547047500, 55.62471913385940100 ) ) ;
#2001 = CARTESIAN_POINT ( 'NONE',  ( -823.4772595859218400, -51.29052545404716300, -66.40797885158203000 ) ) ;
#2002 = CARTESIAN_POINT ( 'NONE',  ( -920.0787926480002200, 74.87905651297954500, -88.73249411970213900 ) ) ;
#2003 =( BOUNDED_SURFACE ( )  B_SPLINE_SURFACE ( 3, 2, ( 
 ( #1999, #2408, #6112 ),
 ( #2936, #5753, #6281 ),
 ( #3600, #4215, #4163 ),
 ( #5728, #6749, #2599 ) ),
 .UNSPECIFIED., .F., .F., .F. ) 
 B_SPLINE_SURFACE_WITH_KNOTS ( ( 4, 4 ),
 ( 3, 3 ),
 ( 4.933166852909572200, 5.041869326281681800 ),
 ( 0.0000000000000000000, 1.000000000000000000 ),
 .UNSPECIFIED. ) 
 GEOMETRIC_REPRESENTATION_ITEM ( )  RATIONAL_B_SPLINE_SURFACE ( (
 ( 1.000000000000000000, 0.7027489190953187800, 1.000000000000000000),
 ( 1.000000000000000000, 0.7020431806302215300, 1.000000000000000000),
 ( 1.000000000000000000, 0.7013449952094306100, 1.000000000000000000),
 ( 1.000000000000000000, 0.7006585670461695800, 1.000000000000000000) ) ) 
 REPRESENTATION_ITEM ( '' )  SURFACE ( )  );
#2004 = CARTESIAN_POINT ( 'NONE',  ( -85.88636565890847400, 288.7144522469208100, 239.9999999999999700 ) ) ;
#2005 = CARTESIAN_POINT ( 'NONE',  ( -14.64420709051254100, 296.9708203874942000, -144.1974782918021800 ) ) ;
#2006 = CARTESIAN_POINT ( 'NONE',  ( -24.63329921121071200, 305.4840423444911700, 239.9999999999999700 ) ) ;
#2007 = PLANE ( 'NONE',  #2767 ) ;
#2008 = CARTESIAN_POINT ( 'NONE',  ( -1022.810939723573600, 22.21332049753442200, -54.56941033803762800 ) ) ;
#2009 = VERTEX_POINT ( 'NONE', #3673 ) ;
#2010 = CARTESIAN_POINT ( 'NONE',  ( -939.2434466266923900, -42.72270342439639300, -55.21712604383549200 ) ) ;
#2011 = CARTESIAN_POINT ( 'NONE',  ( -930.0000000000557100, 6.857983858691640400, -49.73844108900407700 ) ) ;
#2012 = CARTESIAN_POINT ( 'NONE',  ( -770.0781440828610600, -49.25061185733253700, -64.73844108900411200 ) ) ;
#2013 = CARTESIAN_POINT ( 'NONE',  ( -1095.978826124762500, -4.132324523110622900, 5.277208640751727100 ) ) ;
#2014 = CARTESIAN_POINT ( 'NONE',  ( -171.5375396973463800, 318.0862147276890800, 138.9677005382411300 ) ) ;
#2015 = CARTESIAN_POINT ( 'NONE',  ( -919.9065705998670000, 67.66672058828810100, -99.16993440023492200 ) ) ;
#2016 = CARTESIAN_POINT ( 'NONE',  ( -132.6608344629069300, 282.5139530722341900, 239.9999999999999400 ) ) ;
#2017 = FACE_OUTER_BOUND ( 'NONE', #79, .T. ) ;
#2018 = EDGE_LOOP ( 'NONE', ( #6827, #6632, #4741, #4691, #4879, #4140, #731 ) ) ;
#2019 = ORIENTED_EDGE ( 'NONE', *, *, #5485, .F. ) ;
#2020 = CARTESIAN_POINT ( 'NONE',  ( -829.5452149936675100, 648.5186430544015400, 0.0000000000000000000 ) ) ;
#2021 = CARTESIAN_POINT ( 'NONE',  ( -357.5144706876278100, 253.6650333674942300, 685.0000000000000000 ) ) ;
#2022 = CARTESIAN_POINT ( 'NONE',  ( -768.2139288377270500, 23.42730997547047500, 64.31988779411995000 ) ) ;
#2023 = CARTESIAN_POINT ( 'NONE',  ( -929.9999970323415300, -44.47907115696418900, 49.73844108900585300 ) ) ;
#2024 = DIRECTION ( 'NONE',  ( -0.3826834323650888900, 0.9238795325112871800, 0.0000000000000000000 ) ) ;
#2025 = CARTESIAN_POINT ( 'NONE',  ( -731.8151122644769700, 51.43873704579421300, 120.2917647316909300 ) ) ;
#2026 = CIRCLE ( 'NONE', #6326, 20.00000000000000000 ) ;
#2027 = ORIENTED_EDGE ( 'NONE', *, *, #664, .F. ) ;
#2028 = CARTESIAN_POINT ( 'NONE',  ( -936.2557598344071700, -43.17880302047679200, -51.66424913355589200 ) ) ;
#2029 = EDGE_CURVE ( 'NONE', #215, #3896, #6766, .T. ) ;
#2030 = CARTESIAN_POINT ( 'NONE',  ( -770.0781440828610600, 22.51943738479926800, -54.73844108900409100 ) ) ;
#2031 = CARTESIAN_POINT ( 'NONE',  ( -1083.236395964205500, -3.416191800610123100, -16.63061614106328900 ) ) ;
#2032 =( LENGTH_UNIT ( ) NAMED_UNIT ( * ) SI_UNIT ( .MILLI., .METRE. ) );
#2033 = VECTOR ( 'NONE', #4768, 1000.000000000000000 ) ;
#2034 = CARTESIAN_POINT ( 'NONE',  ( -403.3349438461406700, 153.2827667448360100, -687.3739012158329200 ) ) ;
#2035 = EDGE_LOOP ( 'NONE', ( #571, #346, #6404, #753, #4122 ) ) ;
#2036 = CARTESIAN_POINT ( 'NONE',  ( -814.4266634068872000, 87.24684633499565200, -117.6012469882298500 ) ) ;
#2037 = EDGE_CURVE ( 'NONE', #2836, #4840, #4128, .T. ) ;
#2038 = FACE_OUTER_BOUND ( 'NONE', #5050, .T. ) ;
#2039 = CARTESIAN_POINT ( 'NONE',  ( -395.1366864534506400, 150.2988450810440500, 655.0000000000000000 ) ) ;
#2040 = ORIENTED_EDGE ( 'NONE', *, *, #4401, .F. ) ;
#2041 = CARTESIAN_POINT ( 'NONE',  ( -889.8048394498115400, -74.52220209115317600, -0.0000000000000000000 ) ) ;
#2042 = CARTESIAN_POINT ( 'NONE',  ( -919.5031764296227300, 76.11555795107437900, -84.27382608369850900 ) ) ;
#2043 = CARTESIAN_POINT ( 'NONE',  ( -131.5763658369161500, 282.6538036120340400, 239.9999999999999400 ) ) ;
#2044 = CARTESIAN_POINT ( 'NONE',  ( -720.5218967646291000, -42.84455594880284200, 62.35012099105503600 ) ) ;
#2045 = CARTESIAN_POINT ( 'NONE',  ( -671.3892581488839800, 151.2238590944111500, 650.0000000000000000 ) ) ;
#2046 = CARTESIAN_POINT ( 'NONE',  ( -16.10057951367483000, 303.1153272455321100, 239.9999999999999400 ) ) ;
#2047 = FACE_OUTER_BOUND ( 'NONE', #5187, .T. ) ;
#2048 = ORIENTED_EDGE ( 'NONE', *, *, #6195, .T. ) ;
#2049 = CARTESIAN_POINT ( 'NONE',  ( -802.8798102885566500, 19.30710741330748400, -93.70294762194396300 ) ) ;
#2050 = CARTESIAN_POINT ( 'NONE',  ( -14.62674840205273200, 296.8509855691290200, -240.0000000000000000 ) ) ;
#2051 = ORIENTED_EDGE ( 'NONE', *, *, #4039, .T. ) ;
#2052 = CARTESIAN_POINT ( 'NONE',  ( -856.0612703072381500, 38.32951521151910900, -114.8138395239117400 ) ) ;
#2053 = CYLINDRICAL_SURFACE ( 'NONE', #1184, 2772.425355089401800 ) ;
#2054 = CARTESIAN_POINT ( 'NONE',  ( -1030.850396716755800, 32.62154415853999700, -27.70659055711325200 ) ) ;
#2055 = ORIENTED_EDGE ( 'NONE', *, *, #5752, .T. ) ;
#2056 = CIRCLE ( 'NONE', #766, 25.00000000000004600 ) ;
#2057 = AXIS2_PLACEMENT_3D ( 'NONE', #4874, #1686, #3359 ) ;
#2058 = EDGE_LOOP ( 'NONE', ( #837, #5543, #6258, #1246, #4991, #5380, #1057 ) ) ;
#2059 = CARTESIAN_POINT ( 'NONE',  ( -928.8328880410503000, 8.840639704209335600, 93.29476068879257900 ) ) ;
#2060 = CARTESIAN_POINT ( 'NONE',  ( -934.5321036295572400, -43.50712417894578000, 68.83412282628225400 ) ) ;
#2061 = CARTESIAN_POINT ( 'NONE',  ( -1028.959050610081200, 36.99549959777644400, 7.349655257884223600 ) ) ;
#2062 = FILL_AREA_STYLE_COLOUR ( '', #4408 ) ;
#2063 = ORIENTED_EDGE ( 'NONE', *, *, #4950, .F. ) ;
#2064 = CARTESIAN_POINT ( 'NONE',  ( -181.8094388971554200, 310.3321568257928200, 138.6253038982475500 ) ) ;
#2065 = EDGE_CURVE ( 'NONE', #4521, #2354, #1893, .T. ) ;
#2066 = VECTOR ( 'NONE', #4291, 1000.000000000000000 ) ;
#2067 = CARTESIAN_POINT ( 'NONE',  ( -919.9485110022307000, 67.95532906200347200, 98.90685787851370500 ) ) ;
#2068 = CARTESIAN_POINT ( 'NONE',  ( -930.0000000000557100, -44.17288593644951100, -69.73844108900408400 ) ) ;
#2069 = CARTESIAN_POINT ( 'NONE',  ( -889.2906922462863100, -74.34080195217821100, 62.35018648539097800 ) ) ;
#2070 = CARTESIAN_POINT ( 'NONE',  ( 9.142340517286161400, 121.4409679848001500, -119.8452759080645400 ) ) ;
#2071 = CARTESIAN_POINT ( 'NONE',  ( -99.31187754955715300, 286.8909315545458900, 239.9999999999999400 ) ) ;
#2072 = CARTESIAN_POINT ( 'NONE',  ( -915.8435091414796700, 53.17888132052630100, 105.6873987006327100 ) ) ;
#2073 = CARTESIAN_POINT ( 'NONE',  ( -930.5701785369145700, -44.47907115696418900, 49.73564145465413600 ) ) ;
#2074 = EDGE_LOOP ( 'NONE', ( #2209, #3042, #2699, #3510, #184, #5426, #2550 ) ) ;
#2075 = DIRECTION ( 'NONE',  ( -0.0000000000000000000, -0.0000000000000000000, 1.000000000000000000 ) ) ;
#2076 = CARTESIAN_POINT ( 'NONE',  ( -401.9051758187041500, 136.9041116546382300, -755.0000000000000000 ) ) ;
#2077 = ORIENTED_EDGE ( 'NONE', *, *, #4332, .F. ) ;
#2078 = CARTESIAN_POINT ( 'NONE',  ( -250.6785800302291400, -23.06546278693358700, 1.480452460431675500E-028 ) ) ;
#2079 = AXIS2_PLACEMENT_3D ( 'NONE', #4639, #6301, #4662 ) ;
#2080 = CARTESIAN_POINT ( 'NONE',  ( -769.9248101595751500, -49.25061185733253700, -54.74743358702337300 ) ) ;
#2081 = PRODUCT_CONTEXT ( 'NONE', #4117, 'mechanical' ) ;
#2082 = EDGE_CURVE ( 'NONE', #4124, #3708, #2416, .T. ) ;
#2083 = CARTESIAN_POINT ( 'NONE',  ( -920.2857772427867100, 71.10618802116395900, 95.50277990237833600 ) ) ;
#2084 = CARTESIAN_POINT ( 'NONE',  ( -386.6883027942956200, 173.5105884154621900, 763.9905821034216200 ) ) ;
#2085 = AXIS2_PLACEMENT_3D ( 'NONE', #6295, #994, #5281 ) ;
#2086 = DIRECTION ( 'NONE',  ( -0.0000000000000000000, -1.000000000000000000, -0.0000000000000000000 ) ) ;
#2087 = DIRECTION ( 'NONE',  ( 0.0000000000000000000, 0.0000000000000000000, -1.000000000000000000 ) ) ;
#2088 = CARTESIAN_POINT ( 'NONE',  ( 8.325832408001845800, 121.3107911733968800, -144.9631462750859000 ) ) ;
#2089 = CARTESIAN_POINT ( 'NONE',  ( -133.7192937078643000, 321.6226091310654200, 140.2283087378905300 ) ) ;
#2090 = CARTESIAN_POINT ( 'NONE',  ( -158.0005438566580300, 317.0272250030445800, -139.4189337329305800 ) ) ;
#2091 = CARTESIAN_POINT ( 'NONE',  ( -1009.934110109097100, 21.48676239059106100, -71.11996021954532000 ) ) ;
#2092 = CARTESIAN_POINT ( 'NONE',  ( -488.6698759689920200, 3.216029123472907300, 210.1442394422553000 ) ) ;
#2093 = CARTESIAN_POINT ( 'NONE',  ( -99.12554293734520200, 317.0839992357703600, 239.9999999999999700 ) ) ;
#2094 = CARTESIAN_POINT ( 'NONE',  ( -663.0707898217588100, 63.20167647951369400, -650.0000000000000000 ) ) ;
#2095 = CARTESIAN_POINT ( 'NONE',  ( -1037.646325068038800, 34.72018831021925700, -4.014916160718863500 ) ) ;
#2096 = CARTESIAN_POINT ( 'NONE',  ( -1028.761471354944700, 37.16737571729766600, 5.660239285297022200 ) ) ;
#2097 = CARTESIAN_POINT ( 'NONE',  ( -168.0505469538504400, 340.8416233328303500, 135.5438316912743100 ) ) ;
#2098 = CARTESIAN_POINT ( 'NONE',  ( -903.7611102747193900, 81.85143608260889900, -108.5048087794193500 ) ) ;
#2099 = CARTESIAN_POINT ( 'NONE',  ( -938.9155313115511500, -42.77269275231116600, 54.62162598948376800 ) ) ;
#2100 = CARTESIAN_POINT ( 'NONE',  ( -1086.032884322166200, -3.573356234389544600, 14.58585737363863000 ) ) ;
#2101 = CARTESIAN_POINT ( 'NONE',  ( -168.3437408600776500, 319.3871741432940900, 139.0741604994833800 ) ) ;
#2102 = CARTESIAN_POINT ( 'NONE',  ( -5.573319583618286500E-011, 119.9869196084519100, 121.2114623503852800 ) ) ;
#2103 = FACE_OUTER_BOUND ( 'NONE', #5034, .T. ) ;
#2104 = EDGE_LOOP ( 'NONE', ( #5109, #5690, #3791, #5851, #3487 ) ) ;
#2105 = CARTESIAN_POINT ( 'NONE',  ( -984.7083298120182900, 53.35580670079827600, -85.22959943904371000 ) ) ;
#2106 = CARTESIAN_POINT ( 'NONE',  ( -250.6785800302291400, -23.06546278693358700, -1.480452460431675500E-028 ) ) ;
#2107 = CARTESIAN_POINT ( 'NONE',  ( -21.08586916811985300, 299.3540128661514900, 239.9999999999998900 ) ) ;
#2108 = CARTESIAN_POINT ( 'NONE',  ( -164.4705222100504900, 315.5167833620623700, -139.2032677878174200 ) ) ;
#2109 = LINE ( 'NONE', #1818, #1378 ) ;
#2110 = CARTESIAN_POINT ( 'NONE',  ( -403.3349438461407900, 153.2827667448360400, 687.3756647804599400 ) ) ;
#2111 = ORIENTED_EDGE ( 'NONE', *, *, #5483, .T. ) ;
#2112 = CARTESIAN_POINT ( 'NONE',  ( -118.7666114414153800, 319.6852433380353800, 239.9999999999999100 ) ) ;
#2113 = CARTESIAN_POINT ( 'NONE',  ( -916.2188226148689400, 53.05136739624617800, 105.5957882377810400 ) ) ;
#2114 = CARTESIAN_POINT ( 'NONE',  ( -393.1649503368307100, 164.4875587390706400, -685.0000000000000000 ) ) ;
#2115 = CARTESIAN_POINT ( 'NONE',  ( -1028.725447602556600, 37.86058052473568800, 38.83946955093431800 ) ) ;
#2116 = VERTEX_POINT ( 'NONE', #177 ) ;
#2117 = CARTESIAN_POINT ( 'NONE',  ( -1025.528095748797800, 24.49074053889320300, -49.74942052518628800 ) ) ;
#2118 = EDGE_CURVE ( 'NONE', #4228, #5490, #1894, .T. ) ;
#2119 = CARTESIAN_POINT ( 'NONE',  ( -178.6273940560911600, 313.6879570088198100, 138.7313720596228600 ) ) ;
#2120 = CARTESIAN_POINT ( 'NONE',  ( -927.0045493076124800, 9.520127610477693700, 94.61641763592797400 ) ) ;
#2121 = AXIS2_PLACEMENT_3D ( 'NONE', #6492, #727, #4410 ) ;
#2122 = CARTESIAN_POINT ( 'NONE',  ( -148.1258741792754300, 323.0056917046265400, 139.7480893888435100 ) ) ;
#2123 = FACE_OUTER_BOUND ( 'NONE', #357, .T. ) ;
#2124 = AXIS2_PLACEMENT_3D ( 'NONE', #4696, #5759, #2583 ) ;
#2125 = VERTEX_POINT ( 'NONE', #4738 ) ;
#2126 = CARTESIAN_POINT ( 'NONE',  ( -1000.746607440915500, 26.21800630331342000, 76.20507179178845500 ) ) ;
#2127 = ORIENTED_EDGE ( 'NONE', *, *, #1711, .F. ) ;
#2128 = EDGE_CURVE ( 'NONE', #415, #3025, #2056, .T. ) ;
#2129 = CARTESIAN_POINT ( 'NONE',  ( -1022.132389499946000, 40.18151682449458000, -55.77750078368306000 ) ) ;
#2130 = ORIENTED_EDGE ( 'NONE', *, *, #6282, .F. ) ;
#2131 = CARTESIAN_POINT ( 'NONE',  ( -765.8768879527095800, 22.93087444108073200, -57.27056665856493100 ) ) ;
#2132 = VECTOR ( 'NONE', #2497, 1000.000000000000000 ) ;
#2133 = CARTESIAN_POINT ( 'NONE',  ( -139.1772287713182300, 322.3256416001239000, 140.0463775691087300 ) ) ;
#2134 = EDGE_LOOP ( 'NONE', ( #6484, #6173, #2162, #1623 ) ) ;
#2135 = CARTESIAN_POINT ( 'NONE',  ( -963.6870494538029600, 3.558946610620118600, -74.23055151717952100 ) ) ;
#2136 = ORIENTED_EDGE ( 'NONE', *, *, #2600, .F. ) ;
#2137 = CARTESIAN_POINT ( 'NONE',  ( -484.3538894122041800, 8.948579167852365400, 71.01466156690142400 ) ) ;
#2138 = CARTESIAN_POINT ( 'NONE',  ( -132.4208685121526200, 321.4550998572816500, 240.0000000000000000 ) ) ;
#2139 = CARTESIAN_POINT ( 'NONE',  ( -181.2119747468158300, 292.9105873639264800, 239.9999999999999400 ) ) ;
#2140 = VECTOR ( 'NONE', #5070, 1000.000000000000100 ) ;
#2141 = ORIENTED_EDGE ( 'NONE', *, *, #3724, .T. ) ;
#2142 = CARTESIAN_POINT ( 'NONE',  ( -157.1660011963852200, 319.4917124422457300, -239.9999999999997700 ) ) ;
#2143 = CARTESIAN_POINT ( 'NONE',  ( -1036.276792708412600, 35.20230105949973900, -15.98880057305168400 ) ) ;
#2144 = CARTESIAN_POINT ( 'NONE',  ( -765.7241265371365000, -48.43933833784726100, 61.91420445858693700 ) ) ;
#2145 = CARTESIAN_POINT ( 'NONE',  ( -178.8073791707424800, 337.0549249640213800, 114.3451855906894800 ) ) ;
#2146 = CARTESIAN_POINT ( 'NONE',  ( -932.5669173948201700, 7.677818403510865900, 90.70664710766824600 ) ) ;
#2147 = B_SPLINE_CURVE_WITH_KNOTS ( 'NONE', 3,
 ( #2981, #1977, #5642, #3490 ),
 .UNSPECIFIED., .F., .F.,
 ( 4, 4 ),
 ( 1.566574240610908700E-013, 0.0003612493834805527200 ),
 .UNSPECIFIED. ) ;
#2148 = CARTESIAN_POINT ( 'NONE',  ( -940.2344801557787800, 5.855701622761821500, -58.40898477843025200 ) ) ;
#2149 = ORIENTED_EDGE ( 'NONE', *, *, #6156, .F. ) ;
#2150 = CARTESIAN_POINT ( 'NONE',  ( -5.573319583618285800E-011, 132.7561489077963900, 141.3945154209762600 ) ) ;
#2151 = CARTESIAN_POINT ( 'NONE',  ( -1016.014367201151800, 42.33522756324605800, -63.13566006688402200 ) ) ;
#2152 = CARTESIAN_POINT ( 'NONE',  ( -765.3916071443219400, 22.97839891973366700, -58.46144263109938800 ) ) ;
#2153 = ORIENTED_EDGE ( 'NONE', *, *, #2029, .T. ) ;
#2154 = CARTESIAN_POINT ( 'NONE',  ( -21.50650595235922000, 304.7441925197134700, 143.9687349964071400 ) ) ;
#2155 = CARTESIAN_POINT ( 'NONE',  ( -593.7575160634745500, -25.02859990243446500, -123.2994300147123900 ) ) ;
#2156 = CARTESIAN_POINT ( 'NONE',  ( -513.4672159472800100, 45.54542476513815100, 373.8168780586473800 ) ) ;
#2157 = ORIENTED_EDGE ( 'NONE', *, *, #1987, .T. ) ;
#2158 = CARTESIAN_POINT ( 'NONE',  ( -137.7756304488644900, 322.1444002706273300, 239.9999999999999400 ) ) ;
#2159 = EDGE_CURVE ( 'NONE', #3503, #2939, #3224, .T. ) ;
#2160 = CARTESIAN_POINT ( 'NONE',  ( -184.6267484020527500, 301.5348855917765100, 240.0000000000000600 ) ) ;
#2161 = CARTESIAN_POINT ( 'NONE',  ( -934.5398699395608400, 6.413385703771827400, 50.64606012422817100 ) ) ;
#2162 = ORIENTED_EDGE ( 'NONE', *, *, #3039, .F. ) ;
#2163 = CARTESIAN_POINT ( 'NONE',  ( -765.2320483850719500, -48.39282862383954900, 59.41923073114512700 ) ) ;
#2164 = CARTESIAN_POINT ( 'NONE',  ( -182.4776065189282700, 335.7629048197566100, 135.4787756342172700 ) ) ;
#2165 = CARTESIAN_POINT ( 'NONE',  ( -816.7955859976685800, -51.19936733089447500, 53.27780756225664800 ) ) ;
#2166 = CARTESIAN_POINT ( 'NONE',  ( -930.3353973518014800, 6.825137753904936500, -69.74308191163672200 ) ) ;
#2167 = EDGE_CURVE ( 'NONE', #1954, #398, #1233, .T. ) ;
#2168 = CARTESIAN_POINT ( 'NONE',  ( -494.6848649354404900, 50.80317598489592300, 650.0000000000000000 ) ) ;
#2169 = CARTESIAN_POINT ( 'NONE',  ( -5.573319583618285800E-011, 119.9869196084536500, 119.5411502224856300 ) ) ;
#2170 = AXIS2_PLACEMENT_3D ( 'NONE', #4542, #5644, #3097 ) ;
#2171 = CARTESIAN_POINT ( 'NONE',  ( -1008.794651406471000, 24.15058637476004900, -69.96092769958306700 ) ) ;
#2172 = ADVANCED_FACE ( 'NONE', ( #5436 ), #5402, .T. ) ;
#2173 = CARTESIAN_POINT ( 'NONE',  ( -14.62674840205215400, 301.1043781108963900, -239.9999999999998900 ) ) ;
#2174 = CARTESIAN_POINT ( 'NONE',  ( -35.66255148858737600, 307.6198040409879600, 143.4968668118663100 ) ) ;
#2175 = CARTESIAN_POINT ( 'NONE',  ( -587.0247678124950400, -19.08031501468063200, -269.6510752201530700 ) ) ;
#2176 = CARTESIAN_POINT ( 'NONE',  ( -928.8385137797843100, 8.838720218791548800, -93.29077910728970800 ) ) ;
#2177 = CARTESIAN_POINT ( 'NONE',  ( -112.4981006089315100, 318.8629628205965200, 239.9999999999999100 ) ) ;
#2178 = CARTESIAN_POINT ( 'NONE',  ( -173.8772880602521700, 287.1290433353714800, 239.9999999999999400 ) ) ;
#2179 = B_SPLINE_CURVE_WITH_KNOTS ( 'NONE', 3,
 ( #5474, #198, #5527, #3965, #803, #6561, #2317, #240, #781, #5012, #728, #4465, #2833, #1330, #216, #4985, #1351, #2362, #1285, #6063, #3887, #4965, #6538, #6013, #2885, #4484, #1849, #5549 ),
 .UNSPECIFIED., .F., .F.,
 ( 4, 2, 2, 2, 2, 2, 2, 2, 2, 2, 2, 2, 2, 4 ),
 ( 2.775557561562891400E-017, 0.004782643247461908200, 0.007173964871192792100, 0.009565286494923675900, 0.01434792974238537100, 0.01673925136611624200, 0.01913057298984711200, 0.02391321623730891000, 0.02630453786103980500, 0.02869585948477070700, 0.03347850273223249000, 0.03586982435596337800, 0.03706548516782883600, 0.03826114597969428700 ),
 .UNSPECIFIED. ) ;
#2180 = CARTESIAN_POINT ( 'NONE',  ( -930.0000000000557100, 6.857983858691640400, 69.73844108900584600 ) ) ;
#2181 = VECTOR ( 'NONE', #3136, 1000.000000000000000 ) ;
#2182 = ORIENTED_EDGE ( 'NONE', *, *, #6114, .T. ) ;
#2183 = CARTESIAN_POINT ( 'NONE',  ( -738.1195258406306700, 134.7862868232291800, -110.4771068389937500 ) ) ;
#2184 = CARTESIAN_POINT ( 'NONE',  ( -948.0685558445707100, 400.0000000000000000, 5.863365348801608000E-013 ) ) ;
#2185 = PLANE ( 'NONE',  #1045 ) ;
#2186 = CARTESIAN_POINT ( 'NONE',  ( -360.3335485499855500, 254.6910937974712400, -685.0000000000000000 ) ) ;
#2187 = CARTESIAN_POINT ( 'NONE',  ( -843.5399472555286600, -51.16526835970393000, 52.44163788724657100 ) ) ;
#2188 = CARTESIAN_POINT ( 'NONE',  ( -1008.478236838838900, 0.7852645425279661800, 38.08156161805755600 ) ) ;
#2189 = LINE ( 'NONE', #5242, #2927 ) ;
#2190 = CARTESIAN_POINT ( 'NONE',  ( -153.2806047675746600, 322.8033342737988400, 139.5762650359001500 ) ) ;
#2191 = ORIENTED_EDGE ( 'NONE', *, *, #4197, .F. ) ;
#2192 = CARTESIAN_POINT ( 'NONE',  ( -766.0237882265628300, -49.25060836388760100, 56.98650297030329200 ) ) ;
#2193 = LINE ( 'NONE', #6621, #4830 ) ;
#2194 = CARTESIAN_POINT ( 'NONE',  ( -987.4989556647002500, 29.62112629189863400, -83.82978979338211900 ) ) ;
#2195 = ORIENTED_EDGE ( 'NONE', *, *, #5868, .T. ) ;
#2196 = CARTESIAN_POINT ( 'NONE',  ( -802.4590550234877400, 19.34831278196676500, -93.71200958796377700 ) ) ;
#2197 = DIRECTION ( 'NONE',  ( 1.147673028526809800E-015, -1.000000000000000000, 0.0000000000000000000 ) ) ;
#2198 = CARTESIAN_POINT ( 'NONE',  ( -73.70410841174236800, 290.4241271585494800, 142.2288149144278900 ) ) ;
#2199 = EDGE_CURVE ( 'NONE', #3708, #1001, #6098, .T. ) ;
#2200 = CARTESIAN_POINT ( 'NONE',  ( -964.5785699794488400, 3.471638298695537200, -73.68915285820530400 ) ) ;
#2201 = CARTESIAN_POINT ( 'NONE',  ( -907.0460943670178700, 20.38490741173120600, -106.7420409600020000 ) ) ;
#2202 = CARTESIAN_POINT ( 'NONE',  ( -145.1553993903171700, 322.8981372447224800, 240.0000000000000300 ) ) ;
#2203 = CARTESIAN_POINT ( 'NONE',  ( -173.3845786209229500, 286.8600901258723200, 239.9999999999999700 ) ) ;
#2204 =( BOUNDED_CURVE ( )  B_SPLINE_CURVE ( 3, ( #1858, #2393, #1882, #6641 ),
 .UNSPECIFIED., .F., .F. ) 
 B_SPLINE_CURVE_WITH_KNOTS ( ( 4, 4 ),
 ( 4.812488359612213900, 6.372222156400537700 ),
 .UNSPECIFIED. ) 
 CURVE ( )  GEOMETRIC_REPRESENTATION_ITEM ( )  RATIONAL_B_SPLINE_CURVE ( ( 1.000000000000000000, 0.8073380928898427100, 0.8073380928898427100, 1.000000000000000000 ) ) 
 REPRESENTATION_ITEM ( '' )  );
#2205 = CARTESIAN_POINT ( 'NONE',  ( -469.0710157804053900, 28.03962429833553600, 71.65342119842550500 ) ) ;
#2206 = CARTESIAN_POINT ( 'NONE',  ( -1030.345369944215000, 30.59052376895878600, 34.14492772307784900 ) ) ;
#2207 = EDGE_CURVE ( 'NONE', #3290, #2378, #5194, .T. ) ;
#2208 = ADVANCED_FACE ( 'NONE', ( #6432 ), #1553, .T. ) ;
#2209 = ORIENTED_EDGE ( 'NONE', *, *, #3982, .F. ) ;
#2210 = VECTOR ( 'NONE', #2603, 1000.000000000000000 ) ;
#2211 = AXIS2_PLACEMENT_3D ( 'NONE', #3874, #1251, #4906 ) ;
#2212 = CARTESIAN_POINT ( 'NONE',  ( -1027.452115885302200, 26.36288025190238900, 45.44314381511705400 ) ) ;
#2213 = ORIENTED_EDGE ( 'NONE', *, *, #3344, .T. ) ;
#2214 = CARTESIAN_POINT ( 'NONE',  ( -937.7446909213163100, 6.099531449283612800, -66.46951148271168100 ) ) ;
#2215 = CARTESIAN_POINT ( 'NONE',  ( -770.0781440828610600, -49.25061185733253700, -54.73844108900409100 ) ) ;
#2216 = VECTOR ( 'NONE', #6149, 1000.000000000000200 ) ;
#2217 = ORIENTED_EDGE ( 'NONE', *, *, #6638, .T. ) ;
#2218 = DIRECTION ( 'NONE',  ( 0.9995115994824671500, 0.0000000000000000000, 0.03125000000000000700 ) ) ;
#2219 = ORIENTED_EDGE ( 'NONE', *, *, #4382, .F. ) ;
#2220 = CARTESIAN_POINT ( 'NONE',  ( -978.2096096027601100, 55.64353348873528700, -63.86921591008110300 ) ) ;
#2221 = CARTESIAN_POINT ( 'NONE',  ( -769.9169828422775500, 22.53522021363863100, -64.73149091792176100 ) ) ;
#2222 = CARTESIAN_POINT ( 'NONE',  ( -51.26416533576680500, 293.7804991269703100, 142.9768130169602200 ) ) ;
#2223 = FACE_BOUND ( 'NONE', #3293, .T. ) ;
#2224 = PLANE ( 'NONE',  #2057 ) ;
#2225 = CARTESIAN_POINT ( 'NONE',  ( -1024.261971745089300, 23.35497019937930200, 52.25227592812743900 ) ) ;
#2226 = CARTESIAN_POINT ( 'NONE',  ( -150.9977412606844500, 322.9410816355859300, 240.0000000000000600 ) ) ;
#2227 = CARTESIAN_POINT ( 'NONE',  ( -179.5242156581906300, 307.7522041931682700, -138.7014780062128500 ) ) ;
#2228 = ORIENTED_EDGE ( 'NONE', *, *, #1188, .F. ) ;
#2229 = CARTESIAN_POINT ( 'NONE',  ( -165.2941481615686400, 283.5875005157224100, 240.0000000000000000 ) ) ;
#2230 = CARTESIAN_POINT ( 'NONE',  ( -940.3169062719243800, 5.847629475399916300, 59.06125026836310400 ) ) ;
#2231 = CARTESIAN_POINT ( 'NONE',  ( -731.8155817058664100, 51.43869147891317800, 120.2917546574238100 ) ) ;
#2232 = CARTESIAN_POINT ( 'NONE',  ( -671.3892581488839800, 151.2238590944111500, 650.0000000000000000 ) ) ;
#2233 = DIRECTION ( 'NONE',  ( -0.3420201433256636100, -0.9396926207859102000, 0.0000000000000000000 ) ) ;
#2234 = ORIENTED_EDGE ( 'NONE', *, *, #711, .F. ) ;
#2235 = CARTESIAN_POINT ( 'NONE',  ( -494.6848649354404900, 50.80317598489592300, -650.0000000000000000 ) ) ;
#2236 = CARTESIAN_POINT ( 'NONE',  ( -1030.391570052638800, 35.11281507583967000, 18.16011188208266000 ) ) ;
#2237 = CARTESIAN_POINT ( 'NONE',  ( -938.9537712520652800, 69.46265942215659100, 76.32133650644178100 ) ) ;
#2238 = CARTESIAN_POINT ( 'NONE',  ( -413.4222416891277000, 71.91118529648213100, -453.0067876111058400 ) ) ;
#2239 = CARTESIAN_POINT ( 'NONE',  ( -769.7566151255741700, -48.78646078962331200, -54.75737164424904100 ) ) ;
#2240 = VERTEX_POINT ( 'NONE', #4003 ) ;
#2241 = CARTESIAN_POINT ( 'NONE',  ( -966.0375125829712000, -38.04515784016426500, -0.0000000000000000000 ) ) ;
#2242 = CARTESIAN_POINT ( 'NONE',  ( -767.6439532875874600, 22.75782234972605500, 64.02721296321755100 ) ) ;
#2243 = ORIENTED_EDGE ( 'NONE', *, *, #6065, .T. ) ;
#2244 = ADVANCED_FACE ( 'NONE', ( #3126 ), #5475, .F. ) ;
#2245 = CARTESIAN_POINT ( 'NONE',  ( -1010.471146759056000, 0.6732617307471623300, -34.26776708122312700 ) ) ;
#2246 = CARTESIAN_POINT ( 'NONE',  ( -509.9347532766029800, 52.94824139816269300, 576.1700571523291500 ) ) ;
#2247 = ORIENTED_EDGE ( 'NONE', *, *, #4060, .F. ) ;
#2248 = CARTESIAN_POINT ( 'NONE',  ( -17.41861360943062900, 300.3930328941681900, 144.1049980745048900 ) ) ;
#2249 = B_SPLINE_CURVE_WITH_KNOTS ( 'NONE', 3,
 ( #3562, #2533, #1044, #3644, #524, #3119, #4729 ),
 .UNSPECIFIED., .F., .F.,
 ( 4, 1, 1, 1, 4 ),
 ( 0.0000000000000000000, 0.1490010684283051300, 0.3542303876842902700, 0.5841602856976757500, 1.000000000000000000 ),
 .UNSPECIFIED. ) ;
#2250 = DIRECTION ( 'NONE',  ( -0.0000000000000000000, -0.0000000000000000000, 1.000000000000000000 ) ) ;
#2251 = CARTESIAN_POINT ( 'NONE',  ( -150.3646369895316200, 322.9661016106502400, 239.9999999999999700 ) ) ;
#2252 = CARTESIAN_POINT ( 'NONE',  ( -513.4672159472800100, 45.54542476513815100, -373.8168780586473800 ) ) ;
#2253 = EDGE_CURVE ( 'NONE', #6476, #4146, #295, .T. ) ;
#2254 = CARTESIAN_POINT ( 'NONE',  ( -165.2299564291248800, 283.5679111616783000, 240.0000000000000300 ) ) ;
#2255 = CARTESIAN_POINT ( 'NONE',  ( -940.3181599030206100, 5.847506704906583000, 60.39651228385541500 ) ) ;
#2256 = DIRECTION ( 'NONE',  ( 1.000000000000000000, 0.0000000000000000000, 0.0000000000000000000 ) ) ;
#2257 = AXIS2_PLACEMENT_3D ( 'NONE', #6698, #909, #3475 ) ;
#2258 = CARTESIAN_POINT ( 'NONE',  ( -1010.852932725354000, 0.6518051153276436200, -33.49576159998505900 ) ) ;
#2259 = CARTESIAN_POINT ( 'NONE',  ( -767.9226283392073400, -48.63011599395400000, 55.29426470885231000 ) ) ;
#2260 = CARTESIAN_POINT ( 'NONE',  ( -875.8221502206648700, 66.35121194100196400, -112.9039487894356600 ) ) ;
#2261 = CARTESIAN_POINT ( 'NONE',  ( -250.6785800302290300, -28.06546278693414100, -650.0000000000000000 ) ) ;
#2262 = CARTESIAN_POINT ( 'NONE',  ( -770.0781411151467600, -48.81333128179127800, 54.73844108899105300 ) ) ;
#2263 = CARTESIAN_POINT ( 'NONE',  ( -1028.941678423192100, 28.12062677486868600, 41.05541647570435500 ) ) ;
#2264 = PLANE ( 'NONE',  #360 ) ;
#2265 = EDGE_CURVE ( 'NONE', #6207, #494, #2946, .T. ) ;
#2266 = CARTESIAN_POINT ( 'NONE',  ( -930.3350455795198300, -44.12521366166444600, 69.74404893989138500 ) ) ;
#2267 = CARTESIAN_POINT ( 'NONE',  ( -821.4466809218378100, 110.8283606163735700, 92.63126309991223200 ) ) ;
#2268 = CARTESIAN_POINT ( 'NONE',  ( -157.1660011963871900, 274.2102586960153900, -239.9999999999998900 ) ) ;
#2269 = CARTESIAN_POINT ( 'NONE',  ( -500.6785800302290000, 126.9831315268311900, -755.0000000000000000 ) ) ;
#2270 = VECTOR ( 'NONE', #1741, 1000.000000000000100 ) ;
#2271 = DIRECTION ( 'NONE',  ( 1.000000000000000000, 0.0000000000000000000, 0.0000000000000000000 ) ) ;
#2272 = ORIENTED_EDGE ( 'NONE', *, *, #3472, .F. ) ;
#2273 = CARTESIAN_POINT ( 'NONE',  ( -138.0660287500091700, 322.1813852600454300, 240.0000000000000000 ) ) ;
#2274 = CARTESIAN_POINT ( 'NONE',  ( -940.1845144350691000, 7.164169077462492700, -61.73670946608054100 ) ) ;
#2275 = CARTESIAN_POINT ( 'NONE',  ( -174.6011917701644900, 287.5351375828349200, 239.9999999999999700 ) ) ;
#2276 = B_SPLINE_CURVE_WITH_KNOTS ( 'NONE', 3,
 ( #1305, #5453, #3457, #1778 ),
 .UNSPECIFIED., .F., .F.,
 ( 4, 4 ),
 ( 0.0000000000000000000, 9.996333034319696200E-005 ),
 .UNSPECIFIED. ) ;
#2277 = CARTESIAN_POINT ( 'NONE',  ( -180.5426152707339300, 286.9941512753984500, -138.6675313524613400 ) ) ;
#2278 = DIRECTION ( 'NONE',  ( -0.0000000000000000000, 1.000000000000000000, -0.0000000000000000000 ) ) ;
#2279 = FACE_BOUND ( 'NONE', #2784, .T. ) ;
#2280 = ORIENTED_EDGE ( 'NONE', *, *, #5624, .T. ) ;
#2281 = ADVANCED_FACE ( 'NONE', ( #2619 ), #5592, .T. ) ;
#2282 = CARTESIAN_POINT ( 'NONE',  ( -896.0995706123065900, 59.53232690312267300, -109.8103645719365200 ) ) ;
#2283 = CARTESIAN_POINT ( 'NONE',  ( -903.1420864286192200, 22.63471032366720700, 108.1743023418761000 ) ) ;
#2284 = CARTESIAN_POINT ( 'NONE',  ( -729.4538045781278000, 30.52517083322021600, -108.8793492546754900 ) ) ;
#2285 = CYLINDRICAL_SURFACE ( 'NONE', #226, 92.50000000000069600 ) ;
#2286 = ORIENTED_EDGE ( 'NONE', *, *, #314, .T. ) ;
#2287 = CARTESIAN_POINT ( 'NONE',  ( -767.1153733111523300, -48.56500129546341100, -63.66145834829202200 ) ) ;
#2288 = CARTESIAN_POINT ( 'NONE',  ( -750.6785800302291100, 71.93453721306583800, 650.0000000000000000 ) ) ;
#2289 = CARTESIAN_POINT ( 'NONE',  ( -361.6988694103687900, 88.83743286960660200, 650.0000000000000000 ) ) ;
#2290 = CARTESIAN_POINT ( 'NONE',  ( -1011.532361639128800, 0.6136207759473436600, -31.90874935249161800 ) ) ;
#2291 = CARTESIAN_POINT ( 'NONE',  ( -1534.030086240052900, -101.6600000000000000, -1099.999999628405500 ) ) ;
#2292 = VECTOR ( 'NONE', #4428, 1000.000000000000000 ) ;
#2293 = CARTESIAN_POINT ( 'NONE',  ( -14.62674840205269100, 302.0000000000000600, 144.1980602480840900 ) ) ;
#2294 = ORIENTED_EDGE ( 'NONE', *, *, #3546, .F. ) ;
#2295 = EDGE_CURVE ( 'NONE', #2774, #6272, #1708, .T. ) ;
#2296 =( BOUNDED_SURFACE ( )  B_SPLINE_SURFACE ( 3, 2, ( 
 ( #2872, #251, #4451 ),
 ( #5414, #1224, #5484 ),
 ( #6030, #6550, #3394 ),
 ( #3950, #227, #770 ) ),
 .UNSPECIFIED., .F., .F., .F. ) 
 B_SPLINE_SURFACE_WITH_KNOTS ( ( 4, 4 ),
 ( 3, 3 ),
 ( 0.0000000000000000000, 0.006021198825662662500 ),
 ( 0.0000000000000000000, 1.000000000000000000 ),
 .UNSPECIFIED. ) 
 GEOMETRIC_REPRESENTATION_ITEM ( )  RATIONAL_B_SPLINE_SURFACE ( (
 ( 1.000000000000000000, 0.6199832514251334400, 1.000000000000000000),
 ( 1.000000000000000000, 0.6438433681745083800, 1.000000000000000000),
 ( 1.000000000000000000, 0.6675821344585352000, 1.000000000000000000),
 ( 1.000000000000000000, 0.6912717319805836700, 1.000000000000000000) ) ) 
 REPRESENTATION_ITEM ( '' )  SURFACE ( )  );
#2297 = CARTESIAN_POINT ( 'NONE',  ( -750.6785800302288900, -23.06546278693413800, -751.9000000000000900 ) ) ;
#2298 = VERTEX_POINT ( 'NONE', #4557 ) ;
#2299 = CARTESIAN_POINT ( 'NONE',  ( -616.9319087001720200, 22.69240075583863700, -451.2367140275673600 ) ) ;
#2300 = CARTESIAN_POINT ( 'NONE',  ( -140.5417961936678400, 322.4821584056415400, 239.9999999999999400 ) ) ;
#2301 = CARTESIAN_POINT ( 'NONE',  ( -931.4263944230313000, 7.164169077462492700, -49.79488626819294700 ) ) ;
#2302 = CARTESIAN_POINT ( 'NONE',  ( -140.3961647609179100, 281.5344245307965100, 239.9999999999999400 ) ) ;
#2303 = ORIENTED_EDGE ( 'NONE', *, *, #4471, .T. ) ;
#2304 = SURFACE_STYLE_FILL_AREA ( #1436 ) ;
#2305 = EDGE_LOOP ( 'NONE', ( #1828, #4679, #2191, #3036 ) ) ;
#2306 = CARTESIAN_POINT ( 'NONE',  ( -750.6785800302290000, -28.06546278693414100, -655.0000000000000000 ) ) ;
#2307 = EDGE_CURVE ( 'NONE', #3958, #3414, #153, .T. ) ;
#2308 = CARTESIAN_POINT ( 'NONE',  ( -856.7000535346885500, 37.86133730871608800, 114.7509644791536700 ) ) ;
#2309 = AXIS2_PLACEMENT_3D ( 'NONE', #5296, #4700, #464 ) ;
#2310 = CARTESIAN_POINT ( 'NONE',  ( -418.8108414987674500, 78.87170263032058400, 650.0000000000000000 ) ) ;
#2311 = CARTESIAN_POINT ( 'NONE',  ( -931.6749982788013500, 6.693948070409750700, -49.82173528591423000 ) ) ;
#2312 = DIRECTION ( 'NONE',  ( -0.3420201433256636600, -0.9396926207859102000, 0.0000000000000000000 ) ) ;
#2313 = ORIENTED_EDGE ( 'NONE', *, *, #3416, .T. ) ;
#2314 = CARTESIAN_POINT ( 'NONE',  ( -497.7996294928674400, 48.47557972013054000, -576.2282484482782400 ) ) ;
#2315 = CARTESIAN_POINT ( 'NONE',  ( -971.5260301608118400, 22.89356240254238600, -68.60026894045670100 ) ) ;
#2316 = ADVANCED_FACE ( 'NONE', ( #2532 ), #6423, .T. ) ;
#2317 = CARTESIAN_POINT ( 'NONE',  ( -858.1257941851149600, 81.36043793417252300, -113.0815573237752900 ) ) ;
#2318 = ORIENTED_EDGE ( 'NONE', *, *, #46, .T. ) ;
#2319 = CARTESIAN_POINT ( 'NONE',  ( -507.6681307504380200, 755.5131867469334600, -650.0000000000000000 ) ) ;
#2320 = CARTESIAN_POINT ( 'NONE',  ( -5.573406319792084700E-011, 145.4327230323256400, -144.6856185281506600 ) ) ;
#2321 = CARTESIAN_POINT ( 'NONE',  ( -168.6659145632290800, 319.2606961025070400, 240.0000000000000300 ) ) ;
#2322 = CARTESIAN_POINT ( 'NONE',  ( -939.5916698582397000, -44.47907115522036000, -55.82306097604182300 ) ) ;
#2323 = CARTESIAN_POINT ( 'NONE',  ( -147.5772821508928400, 281.0063787540704500, 240.0000000000000300 ) ) ;
#2324 = ORIENTED_EDGE ( 'NONE', *, *, #273, .T. ) ;
#2325 = CARTESIAN_POINT ( 'NONE',  ( -147.9312772835568800, 275.8454653631728800, -139.7545759520339500 ) ) ;
#2326 = CARTESIAN_POINT ( 'NONE',  ( -739.1952091488935800, 138.3992726095356400, -103.3118623065659400 ) ) ;
#2327 = CARTESIAN_POINT ( 'NONE',  ( -766.8680312511140800, -48.53791833866017000, 56.02408669507581600 ) ) ;
#2328 = CARTESIAN_POINT ( 'NONE',  ( -858.0946097206182200, 37.06505434339334900, 114.6112667926932000 ) ) ;
#2329 = PLANE ( 'NONE',  #5219 ) ;
#2330 = ORIENTED_EDGE ( 'NONE', *, *, #3813, .F. ) ;
#2331 = AXIS2_PLACEMENT_3D ( 'NONE', #5046, #1880, #1909 ) ;
#2332 = CARTESIAN_POINT ( 'NONE',  ( -932.6611822375347200, 6.597369187246364700, -49.99088268688061700 ) ) ;
#2333 = ORIENTED_EDGE ( 'NONE', *, *, #1422, .F. ) ;
#2334 = CARTESIAN_POINT ( 'NONE',  ( -731.8151122645202800, 51.43873704579164800, -120.2917647316887700 ) ) ;
#2335 = CARTESIAN_POINT ( 'NONE',  ( -766.8773555852030800, -48.53871835726833700, -56.02666316435482200 ) ) ;
#2336 = DIRECTION ( 'NONE',  ( 0.0000000000000000000, -0.0000000000000000000, -1.000000000000000000 ) ) ;
#2337 = CARTESIAN_POINT ( 'NONE',  ( -971.0375125829706300, -46.70541187800891700, 0.0000000000000000000 ) ) ;
#2338 = CARTESIAN_POINT ( 'NONE',  ( -470.6543513917222900, 324.7166534563784800, -755.0000000000000000 ) ) ;
#2339 = CARTESIAN_POINT ( 'NONE',  ( -182.2875675152586200, 294.3480503545145000, 138.6093662776440600 ) ) ;
#2340 = CARTESIAN_POINT ( 'NONE',  ( -730.1517920995834200, 35.96552106699476100, 114.9056968153762700 ) ) ;
#2341 = CARTESIAN_POINT ( 'NONE',  ( -711.8839373918331100, -18.56752510712951200, -269.8630729374096400 ) ) ;
#2342 = CARTESIAN_POINT ( 'NONE',  ( -158.9670915876083100, 321.9706903168459500, 239.9999999999999400 ) ) ;
#2343 = CARTESIAN_POINT ( 'NONE',  ( -934.2995563694152000, -44.47907115522036000, -68.96009501495842600 ) ) ;
#2344 = EDGE_CURVE ( 'NONE', #1544, #4124, #6758, .T. ) ;
#2345 = CARTESIAN_POINT ( 'NONE',  ( -148.3582214366009300, 280.9999862769053000, 239.9999999999999400 ) ) ;
#2346 = CARTESIAN_POINT ( 'NONE',  ( -177.3686721740502000, 284.1722203873534900, -138.7733294556841500 ) ) ;
#2347 = CARTESIAN_POINT ( 'NONE',  ( -883.3904962098082500, 89.02244791028817900, 111.8941624580741600 ) ) ;
#2348 = PLANE ( 'NONE',  #5539 ) ;
#2349 = ADVANCED_FACE ( 'NONE', ( #1631 ), #572, .T. ) ;
#2350 = CARTESIAN_POINT ( 'NONE',  ( -750.6785800302291100, 71.93453721306583800, 650.0000000000000000 ) ) ;
#2351 = FILL_AREA_STYLE_COLOUR ( '', #1468 ) ;
#2352 = VECTOR ( 'NONE', #3687, 1000.000000000000000 ) ;
#2353 = CARTESIAN_POINT ( 'NONE',  ( -801.4150016023038500, -73.21928833898205400, -0.0000000000000000000 ) ) ;
#2354 = VERTEX_POINT ( 'NONE', #453 ) ;
#2355 = CARTESIAN_POINT ( 'NONE',  ( -250.6785800302290300, -23.06546278693358300, -751.9000000000000900 ) ) ;
#2356 = DIRECTION ( 'NONE',  ( -0.7892556140292516000, 0.0000000000000000000, 0.6140647976584467900 ) ) ;
#2357 = CARTESIAN_POINT ( 'NONE',  ( -183.5040215248412200, 335.4015787387869500, 114.0199289335920300 ) ) ;
#2358 = FACE_OUTER_BOUND ( 'NONE', #2074, .T. ) ;
#2359 = CARTESIAN_POINT ( 'NONE',  ( -494.0233976797541700, 33.33915645715868000, -650.0000000000000000 ) ) ;
#2360 = ORIENTED_EDGE ( 'NONE', *, *, #1201, .F. ) ;
#2361 = CARTESIAN_POINT ( 'NONE',  ( -1014.771351115827000, 0.4315874963502548400, -22.13125143839190700 ) ) ;
#2362 = CARTESIAN_POINT ( 'NONE',  ( -861.6006096364392300, 94.07492934256053700, -100.7943961603563000 ) ) ;
#2363 = CARTESIAN_POINT ( 'NONE',  ( -183.2427149427069300, 296.0063388552101200, 138.5775280300624100 ) ) ;
#2364 = CARTESIAN_POINT ( 'NONE',  ( 465.9699137599470200, -201.6600000000000000, -1099.999999628405700 ) ) ;
#2365 = CARTESIAN_POINT ( 'NONE',  ( -970.0218588071625200, 2.946537576877777700, -68.73077494076127900 ) ) ;
#2366 = CARTESIAN_POINT ( 'NONE',  ( -159.6015357563700300, 321.8486944691483700, 240.0000000000000000 ) ) ;
#2367 = FACE_OUTER_BOUND ( 'NONE', #1043, .T. ) ;
#2368 = CARTESIAN_POINT ( 'NONE',  ( -931.1425848451413000, -44.47907115522036000, -49.76708235054682200 ) ) ;
#2369 = VERTEX_POINT ( 'NONE', #5707 ) ;
#2370 = B_SPLINE_CURVE_WITH_KNOTS ( 'NONE', 2,
 ( #4514, #1979, #4010 ),
 .UNSPECIFIED., .F., .F.,
 ( 3, 3 ),
 ( 0.0000000000000000000, 1.000000000000000000 ),
 .UNSPECIFIED. ) ;
#2371 = AXIS2_PLACEMENT_3D ( 'NONE', #1727, #3831, #6406 ) ;
#2372 = CARTESIAN_POINT ( 'NONE',  ( -969.8026632333713900, 2.960032844624777200, 69.05960461268694000 ) ) ;
#2373 = EDGE_LOOP ( 'NONE', ( #5169, #4528, #324, #1969 ) ) ;
#2374 = CARTESIAN_POINT ( 'NONE',  ( -728.6948296965529200, 26.57218991195626500, -95.30066013804095300 ) ) ;
#2375 = CARTESIAN_POINT ( 'NONE',  ( -940.3179782549134400, -42.56657183456169200, -59.41705747346112100 ) ) ;
#2376 = ORIENTED_EDGE ( 'NONE', *, *, #4853, .F. ) ;
#2377 = FACE_OUTER_BOUND ( 'NONE', #4881, .T. ) ;
#2378 = VERTEX_POINT ( 'NONE', #4708 ) ;
#2379 = CARTESIAN_POINT ( 'NONE',  ( -765.3909151170470300, 22.97846669128962200, 61.01435519763567300 ) ) ;
#2380 = EDGE_LOOP ( 'NONE', ( #4223, #3715, #3404, #1530 ) ) ;
#2381 = CARTESIAN_POINT ( 'NONE',  ( -734.4425480103329800, 123.6849575818748400, 118.9112226189439400 ) ) ;
#2382 = ADVANCED_FACE ( 'NONE', ( #4527 ), #3682, .F. ) ;
#2383 = CARTESIAN_POINT ( 'NONE',  ( -1069.475993796173700, -2.642848400390766200, -26.12856400220120200 ) ) ;
#2384 = CARTESIAN_POINT ( 'NONE',  ( -671.3892581488839800, 151.2238590944111500, -650.0000000000000000 ) ) ;
#2385 = CIRCLE ( 'NONE', #5116, 154.0000000000000300 ) ;
#2386 = CARTESIAN_POINT ( 'NONE',  ( -176.5384936330611100, 288.7363934696389300, 138.8010020737173100 ) ) ;
#2387 = EDGE_CURVE ( 'NONE', #4020, #3203, #3502, .T. ) ;
#2388 = EDGE_LOOP ( 'NONE', ( #2756, #1470, #3030, #5189 ) ) ;
#2389 = ORIENTED_EDGE ( 'NONE', *, *, #2029, .F. ) ;
#2390 = CARTESIAN_POINT ( 'NONE',  ( -731.8151122644769700, 51.43873704579421300, 120.2917647316909300 ) ) ;
#2391 = B_SPLINE_CURVE_WITH_KNOTS ( 'NONE', 3,
 ( #2262, #4835, #1701, #2165, #5416, #1673, #2187, #5881, #607, #6464 ),
 .UNSPECIFIED., .F., .F.,
 ( 4, 2, 2, 2, 4 ),
 ( 1.114551395912170200E-016, 0.04011257804652164400, 0.06016886706978223600, 0.08022515609304282900, 0.1604503121860848800 ),
 .UNSPECIFIED. ) ;
#2392 = CARTESIAN_POINT ( 'NONE',  ( -162.6410847661993000, 321.1571606998466600, 240.0000000000000000 ) ) ;
#2393 = CARTESIAN_POINT ( 'NONE',  ( -5.573319583618285800E-011, 389.1781736765509500, -144.6856185281506300 ) ) ;
#2394 = CARTESIAN_POINT ( 'NONE',  ( -27.05414456146719400, 292.8672705642453000, -143.7838137094368600 ) ) ;
#2395 = CARTESIAN_POINT ( 'NONE',  ( 465.9699137599474700, -101.6600000000000000, 1100.000000371594300 ) ) ;
#2396 = CARTESIAN_POINT ( 'NONE',  ( -1534.030086240052900, -101.6600000000000000, -1099.999999628405500 ) ) ;
#2397 = EDGE_CURVE ( 'NONE', #375, #4043, #3658, .T. ) ;
#2398 = CARTESIAN_POINT ( 'NONE',  ( -958.2196747767413900, 4.094377080229970800, 77.26156259636846400 ) ) ;
#2399 = ORIENTED_EDGE ( 'NONE', *, *, #4242, .F. ) ;
#2400 = CARTESIAN_POINT ( 'NONE',  ( -934.8369022611140100, -44.47907115696418900, 50.79682314338396800 ) ) ;
#2401 = CARTESIAN_POINT ( 'NONE',  ( -345.0319055377163400, 151.8746835953304500, 650.0000000000000000 ) ) ;
#2402 = CARTESIAN_POINT ( 'NONE',  ( -981.2416451013323200, 2.315978413157138100, 86.47034063726908900 ) ) ;
#2403 = EDGE_LOOP ( 'NONE', ( #4775, #1290, #2959, #5203 ) ) ;
#2404 = CARTESIAN_POINT ( 'NONE',  ( -769.4401581319072000, 22.58191657042314300, 54.79639682093549900 ) ) ;
#2405 = CARTESIAN_POINT ( 'NONE',  ( -418.8108414987674500, 78.87170263032058400, -650.0000000000000000 ) ) ;
#2406 = CARTESIAN_POINT ( 'NONE',  ( -730.3072835549878600, 37.27965236758888100, 115.8825713485719700 ) ) ;
#2407 = DIRECTION ( 'NONE',  ( 0.0000000000000000000, 0.7337594885205347400, 0.6794093118335097200 ) ) ;
#2408 = CARTESIAN_POINT ( 'NONE',  ( -901.9429414157092400, 6.772616263869140100, 108.9310669347503600 ) ) ;
#2409 = AXIS2_PLACEMENT_3D ( 'NONE', #1886, #4564, #925 ) ;
#2410 = CARTESIAN_POINT ( 'NONE',  ( -856.4496461967273700, 76.24316764291930300, 114.6204875268058300 ) ) ;
#2411 = CARTESIAN_POINT ( 'NONE',  ( -344.9798420320378200, 113.8747192612501400, 650.0000000000000000 ) ) ;
#2412 = PLANE ( 'NONE',  #2409 ) ;
#2413 = CARTESIAN_POINT ( 'NONE',  ( 465.9699137599474700, -101.6600000000000000, 1100.000000371594300 ) ) ;
#2414 = ADVANCED_FACE ( 'NONE', ( #6024 ), #5020, .T. ) ;
#2415 = CARTESIAN_POINT ( 'NONE',  ( -930.5021719132792000, 7.164169369840226200, 69.74685346525264200 ) ) ;
#2416 = B_SPLINE_CURVE_WITH_KNOTS ( 'NONE', 3,
 ( #3712, #4753, #2133, #2089, #5819, #5781, #6306, #28, #3751, #1051, #6843, #4250, #2650, #6354, #1094, #2174, #4780, #1618, #5308, #3688, #4733, #2154, #5843, #597, #2667, #6373, #3218, #4275, #1116, #5867, #2691, #4411, #2789, #3282, #125, #2716 ),
 .UNSPECIFIED., .F., .F.,
 ( 4, 2, 2, 2, 2, 2, 2, 2, 2, 2, 2, 2, 2, 2, 2, 2, 2, 4 ),
 ( 0.04959824380489615000, 0.05784445168332846800, 0.06609065956176078700, 0.08258307531862541000, 0.1155679068323547400, 0.1320603225892194000, 0.1485527383460840700, 0.1567989462245164000, 0.1650451541029487300, 0.1691682580421649000, 0.1732913619813810600, 0.1753529139509891200, 0.1774144659205971800, 0.1794760178902052900, 0.1805067938750093400, 0.1810221818674113100, 0.1812798758636123300, 0.1815375698598133400 ),
 .UNSPECIFIED. ) ;
#2417 =( BOUNDED_CURVE ( )  B_SPLINE_CURVE ( 3, ( #3763, #6382, #4293, #5933 ),
 .UNSPECIFIED., .F., .F. ) 
 B_SPLINE_CURVE_WITH_KNOTS ( ( 4, 4 ),
 ( 1.241315980897905300, 1.331179064814165900 ),
 .UNSPECIFIED. ) 
 CURVE ( )  GEOMETRIC_REPRESENTATION_ITEM ( )  RATIONAL_B_SPLINE_CURVE ( ( 1.000000000000000000, 0.9993271653861621800, 0.9993271653861621800, 1.000000000000000000 ) ) 
 REPRESENTATION_ITEM ( '' )  );
#2418 = DIRECTION ( 'NONE',  ( -0.0000000000000000000, -1.000000000000000000, -0.0000000000000000000 ) ) ;
#2419 = CARTESIAN_POINT ( 'NONE',  ( -930.6681459972516000, -44.07755817682297600, -69.73868829033644100 ) ) ;
#2420 = CARTESIAN_POINT ( 'NONE',  ( -164.6828090400512400, 342.0271589448048000, 114.7501393325509200 ) ) ;
#2421 = EDGE_CURVE ( 'NONE', #4228, #4124, #880, .T. ) ;
#2422 = DIRECTION ( 'NONE',  ( -0.0000000000000000000, -0.0000000000000000000, -1.000000000000000000 ) ) ;
#2423 = CARTESIAN_POINT ( 'NONE',  ( -1076.767082923797000, -3.052612271261563800, -21.16883969743296100 ) ) ;
#2424 = CARTESIAN_POINT ( 'NONE',  ( -913.6667815685493700, 24.54540811308835700, -106.1257611868305900 ) ) ;
#2425 = ORIENTED_EDGE ( 'NONE', *, *, #4518, .F. ) ;
#2426 = B_SPLINE_CURVE_WITH_KNOTS ( 'NONE', 3,
 ( #2438, #6225, #4070, #6725, #1439, #6187, #6162, #6143, #3577, #3044, #932, #425, #4618, #2976, #2993, #1459, #6676, #1992, #4115, #6763, #3524, #6702 ),
 .UNSPECIFIED., .F., .F.,
 ( 4, 2, 2, 2, 2, 2, 2, 2, 2, 2, 4 ),
 ( 2.081668171172168500E-017, 0.0004471814154874650700, 0.0008943628309749093300, 0.001341544246462353400, 0.001788725661949797800, 0.002683088492924401100, 0.003577451323899004100, 0.005366176985848535000, 0.007154902647798065500, 0.01073235397169711900, 0.01430980529559617100 ),
 .UNSPECIFIED. ) ;
#2427 = CARTESIAN_POINT ( 'NONE',  ( -180.6081540519825200, 311.7775116955626200, 239.9999999999999400 ) ) ;
#2428 = EDGE_CURVE ( 'NONE', #1048, #4466, #3117, .T. ) ;
#2429 = VECTOR ( 'NONE', #2832, 1000.000000000000100 ) ;
#2430 = ORIENTED_EDGE ( 'NONE', *, *, #4264, .F. ) ;
#2431 = CARTESIAN_POINT ( 'NONE',  ( -999.6619914636834200, 1.280743169710117700, -49.89580563649104800 ) ) ;
#2432 = CARTESIAN_POINT ( 'NONE',  ( -543.7848070721095200, -2.460686034315916700, -69.84760131456170000 ) ) ;
#2433 = CARTESIAN_POINT ( 'NONE',  ( -937.3200811255742300, 7.164169369840226200, 66.97472584842472500 ) ) ;
#2434 = DIRECTION ( 'NONE',  ( -0.3406911312936354300, -0.9360411902377292500, 0.08807067182778886800 ) ) ;
#2435 = DIRECTION ( 'NONE',  ( 0.3320534516538798400, -0.9432605712340277300, 0.0000000000000000000 ) ) ;
#2436 = ORIENTED_EDGE ( 'NONE', *, *, #4801, .F. ) ;
#2437 = CARTESIAN_POINT ( 'NONE',  ( -930.1673721483316500, -44.14909805296827000, -69.74076217925339400 ) ) ;
#2438 = CARTESIAN_POINT ( 'NONE',  ( -916.1761530242783900, 26.27102378859758100, 105.6062142766424000 ) ) ;
#2439 = CARTESIAN_POINT ( 'NONE',  ( -766.8722773087066600, 23.42789570974004900, -56.03015368265838700 ) ) ;
#2440 = ADVANCED_FACE ( 'NONE', ( #2377 ), #1543, .T. ) ;
#2441 = DIRECTION ( 'NONE',  ( -0.9947574284195235300, -0.09741849946394735800, -0.03110135955821431700 ) ) ;
#2442 = CARTESIAN_POINT ( 'NONE',  ( -883.5043171839512300, -49.23712401367324500, -51.19214116487676600 ) ) ;
#2443 = CARTESIAN_POINT ( 'NONE',  ( -182.3047893437291400, 309.6131233029224700, 138.6087922166949800 ) ) ;
#2444 = CARTESIAN_POINT ( 'NONE',  ( -183.5296640228448600, 307.3520830694080800, 239.9999999999999100 ) ) ;
#2445 = VECTOR ( 'NONE', #3854, 1000.000000000000000 ) ;
#2446 = DIRECTION ( 'NONE',  ( -0.3235513698791880900, 0.0000000000000000000, 0.9462106060752546500 ) ) ;
#2447 = ORIENTED_EDGE ( 'NONE', *, *, #5976, .F. ) ;
#2448 = CARTESIAN_POINT ( 'NONE',  ( -344.9798420320378200, 113.8747192612501400, 650.0000000000000000 ) ) ;
#2449 = CARTESIAN_POINT ( 'NONE',  ( -144.5117248668271100, 281.1413505562200600, 240.0000000000000000 ) ) ;
#2450 = CARTESIAN_POINT ( 'NONE',  ( -403.3349438461406700, 153.2827667448359800, -755.0000000000000000 ) ) ;
#2451 = EDGE_LOOP ( 'NONE', ( #487, #6078, #4747, #5942 ) ) ;
#2452 = CARTESIAN_POINT ( 'NONE',  ( -389.0893363650948200, 87.82722587951471400, -374.0892309721621700 ) ) ;
#2453 = CARTESIAN_POINT ( 'NONE',  ( -750.6785800302291100, 71.93453721306583800, -650.0000000000000000 ) ) ;
#2454 = EDGE_LOOP ( 'NONE', ( #5994, #441, #5136 ) ) ;
#2455 = CARTESIAN_POINT ( 'NONE',  ( -930.0000000000558200, -44.47907115696418900, 69.73844108901323600 ) ) ;
#2456 = ORIENTED_EDGE ( 'NONE', *, *, #4060, .T. ) ;
#2457 = CIRCLE ( 'NONE', #116, 19.99999999999998600 ) ;
#2458 = VERTEX_POINT ( 'NONE', #5859 ) ;
#2459 = CARTESIAN_POINT ( 'NONE',  ( -184.6267484020526400, 296.8509855691290200, -137.9225819429058500 ) ) ;
#2460 = CARTESIAN_POINT ( 'NONE',  ( -938.3670337730620800, -42.85657279283491800, -53.79563132839372500 ) ) ;
#2461 = CYLINDRICAL_SURFACE ( 'NONE', #2805, 558.8597215707702600 ) ;
#2462 = CARTESIAN_POINT ( 'NONE',  ( -765.1542559618690100, -49.25061185733253700, -59.50158609400679700 ) ) ;
#2463 = CARTESIAN_POINT ( 'NONE',  ( -1028.482502852307800, 37.38934483167841400, -1.814364199054586900 ) ) ;
#2464 = DIRECTION ( 'NONE',  ( 1.110223024625156700E-015, -1.000000000000000000, 0.0000000000000000000 ) ) ;
#2465 = EDGE_LOOP ( 'NONE', ( #4276, #404, #3062, #4296, #3381, #4114 ) ) ;
#2466 = CARTESIAN_POINT ( 'NONE',  ( -250.6785800302290300, -69.70514929972775100, 842.3164332702092500 ) ) ;
#2467 = EDGE_CURVE ( 'NONE', #4859, #4169, #4018, .T. ) ;
#2468 = DIRECTION ( 'NONE',  ( -7.542958611422956400E-016, 0.6794093118335097200, -0.7337594885205347400 ) ) ;
#2469 = CARTESIAN_POINT ( 'NONE',  ( -770.0781440828611700, -49.25060836388760100, 64.73844108900584600 ) ) ;
#2470 = CARTESIAN_POINT ( 'NONE',  ( -182.2710937925103800, 309.6642304275007400, 239.9999999999999400 ) ) ;
#2471 = ORIENTED_EDGE ( 'NONE', *, *, #2253, .F. ) ;
#2472 = CARTESIAN_POINT ( 'NONE',  ( -731.8874231648911700, 51.43171811125382200, -120.2902128949164200 ) ) ;
#2473 = CARTESIAN_POINT ( 'NONE',  ( -146.2351507591168300, 281.0468230065113200, 240.0000000000000600 ) ) ;
#2474 = CARTESIAN_POINT ( 'NONE',  ( -649.9113391822240800, -19.22954615721651800, 269.7564038647546500 ) ) ;
#2475 = CARTESIAN_POINT ( 'NONE',  ( 8.201396477396263800, 376.6764974038424600, -144.9589984107323600 ) ) ;
#2476 = ADVANCED_FACE ( 'NONE', ( #233 ), #6101, .T. ) ;
#2477 = CARTESIAN_POINT ( 'NONE',  ( -522.8754905669212600, 8.928908580527334500, -210.4483556475559600 ) ) ;
#2478 = CARTESIAN_POINT ( 'NONE',  ( -938.6127376900055900, -44.47907115696418900, 54.03636266494690000 ) ) ;
#2479 = ORIENTED_EDGE ( 'NONE', *, *, #3116, .T. ) ;
#2480 = PRODUCT_DEFINITION ( 'UNKNOWN', '', #1645, #912 ) ;
#2481 = CARTESIAN_POINT ( 'NONE',  ( -979.4838755031083800, -40.41972416319696700, -20.83333333333332900 ) ) ;
#2482 = CARTESIAN_POINT ( 'NONE',  ( -938.7444773726953100, -42.79883739392696600, -54.34471394418729100 ) ) ;
#2483 = DIRECTION ( 'NONE',  ( 0.0000000000000000000, 0.0000000000000000000, -1.000000000000000000 ) ) ;
#2484 = CARTESIAN_POINT ( 'NONE',  ( -767.3158090565556200, 23.42789570974004900, -63.83756961126599100 ) ) ;
#2485 = ORIENTED_EDGE ( 'NONE', *, *, #443, .F. ) ;
#2486 = CARTESIAN_POINT ( 'NONE',  ( -1097.010153263614500, -4.190285767772747000, 3.301071067973860200 ) ) ;
#2487 = CARTESIAN_POINT ( 'NONE',  ( -1007.589910239763600, 0.8351890653911404600, 39.56955737032698300 ) ) ;
#2488 = CARTESIAN_POINT ( 'NONE',  ( 2.082905922477655400, 5.722736988855809100, 0.0000000000000000000 ) ) ;
#2489 = CARTESIAN_POINT ( 'NONE',  ( -966.0375125829706300, -38.04515784016426500, -0.0000000000000000000 ) ) ;
#2490 = CARTESIAN_POINT ( 'NONE',  ( -350.0711802801639000, 116.0662077097440300, 650.0000000000000000 ) ) ;
#2491 = CARTESIAN_POINT ( 'NONE',  ( -916.7134592188858700, 54.53435019948024400, -105.4749109226796300 ) ) ;
#2492 =( BOUNDED_CURVE ( )  B_SPLINE_CURVE ( 3, ( #6494, #1266, #1781, #5384 ),
 .UNSPECIFIED., .F., .F. ) 
 B_SPLINE_CURVE_WITH_KNOTS ( ( 4, 4 ),
 ( 4.808757292295267000, 4.918811884491094400 ),
 .UNSPECIFIED. ) 
 CURVE ( )  GEOMETRIC_REPRESENTATION_ITEM ( )  RATIONAL_B_SPLINE_CURVE ( ( 1.000000000000000000, 0.9989909202246810600, 0.9989909202246810600, 1.000000000000000000 ) ) 
 REPRESENTATION_ITEM ( '' )  );
#2493 = CARTESIAN_POINT ( 'NONE',  ( -126.7390867944492800, 283.2790115795804100, 239.9999999999999400 ) ) ;
#2494 = CARTESIAN_POINT ( 'NONE',  ( -403.2367623241871700, 153.3288139227566700, 689.7331041882924900 ) ) ;
#2495 = CARTESIAN_POINT ( 'NONE',  ( -976.9737192650881100, 2.555838574129727800, -87.87440580865464300 ) ) ;
#2496 = CARTESIAN_POINT ( 'NONE',  ( -937.0752082723203100, 45.96534525729736500, 100.4989881212985000 ) ) ;
#2497 = DIRECTION ( 'NONE',  ( 1.000000000000000000, 0.0000000000000000000, 0.0000000000000000000 ) ) ;
#2498 = LINE ( 'NONE', #5588, #5073 ) ;
#2499 = DIRECTION ( 'NONE',  ( 0.5385643568985994900, 0.1895893447681801800, -0.8209776573261722300 ) ) ;
#2500 = CARTESIAN_POINT ( 'NONE',  ( -858.1096611681988400, 37.05754169003946400, -114.6097376773761000 ) ) ;
#2501 = CARTESIAN_POINT ( 'NONE',  ( -411.9588027525488800, 171.3279616055839100, 655.0000000000000000 ) ) ;
#2502 = EDGE_CURVE ( 'NONE', #6090, #3175, #1140, .T. ) ;
#2503 = AXIS2_PLACEMENT_3D ( 'NONE', #6616, #1286, #1878 ) ;
#2504 = LINE ( 'NONE', #991, #3087 ) ;
#2505 = CARTESIAN_POINT ( 'NONE',  ( -770.0121902275802800, 23.42789570974004900, -64.73559679110665900 ) ) ;
#2506 = VERTEX_POINT ( 'NONE', #6035 ) ;
#2507 = CARTESIAN_POINT ( 'NONE',  ( -1028.655409673388700, 37.25389831132997600, -4.560883896929063000 ) ) ;
#2508 = DIRECTION ( 'NONE',  ( 0.0000000000000000000, 0.0000000000000000000, 1.000000000000000000 ) ) ;
#2509 = CARTESIAN_POINT ( 'NONE',  ( -732.0292279767047600, 51.41795551113903400, 120.2871615096274800 ) ) ;
#2510 = CARTESIAN_POINT ( 'NONE',  ( -864.1920766689017900, 95.78081529010870600, -114.2952259661382500 ) ) ;
#2511 = CARTESIAN_POINT ( 'NONE',  ( -766.9946282617995600, -49.25060836388760100, 55.91729841682914800 ) ) ;
#2512 = CYLINDRICAL_SURFACE ( 'NONE', #1679, 5.000000000000004400 ) ;
#2513 = ORIENTED_EDGE ( 'NONE', *, *, #6114, .F. ) ;
#2514 = CARTESIAN_POINT ( 'NONE',  ( -880.8878834471074700, 89.90343587034117000, -88.08790152733168100 ) ) ;
#2515 = CARTESIAN_POINT ( 'NONE',  ( -916.2188226148706500, 53.05136739624566600, -105.5957882377793700 ) ) ;
#2516 = CARTESIAN_POINT ( 'NONE',  ( -128.3348023251957700, 283.0725189227221700, 240.0000000000000600 ) ) ;
#2517 = CARTESIAN_POINT ( 'NONE',  ( -15.44478176185834600, 297.6597403617865900, -144.1707924694238700 ) ) ;
#2518 = CARTESIAN_POINT ( 'NONE',  ( -357.9726304450874700, 146.0331211803212500, -374.2254074289194800 ) ) ;
#2519 = FACE_OUTER_BOUND ( 'NONE', #6752, .T. ) ;
#2520 = ORIENTED_EDGE ( 'NONE', *, *, #3752, .T. ) ;
#2521 = CARTESIAN_POINT ( 'NONE',  ( -16.36866886462405200, 303.2235148949761800, 240.0000000000000000 ) ) ;
#2522 = DIRECTION ( 'NONE',  ( -0.0000000000000000000, -0.0000000000000000000, -1.000000000000000000 ) ) ;
#2523 = SURFACE_STYLE_FILL_AREA ( #5557 ) ;
#2524 = ORIENTED_EDGE ( 'NONE', *, *, #1506, .F. ) ;
#2525 = CARTESIAN_POINT ( 'NONE',  ( -155.2621046880578600, 345.3435038578518300, 114.7730412152562000 ) ) ;
#2526 = CARTESIAN_POINT ( 'NONE',  ( -767.9768119110273100, 23.42789570974004900, -64.22119555543962100 ) ) ;
#2527 = CARTESIAN_POINT ( 'NONE',  ( -1028.579827766932600, 37.31364539224779300, 3.648605938880314700 ) ) ;
#2528 = CARTESIAN_POINT ( 'NONE',  ( -658.0707898217590400, 71.86193051735823200, 650.0000000000000000 ) ) ;
#2529 = CARTESIAN_POINT ( 'NONE',  ( -500.6785800302290000, 221.9345372130657900, 655.0000000000000000 ) ) ;
#2530 = VERTEX_POINT ( 'NONE', #4864 ) ;
#2531 = UNCERTAINTY_MEASURE_WITH_UNIT (LENGTH_MEASURE( 1.000000000000000100E-005 ), #6230, 'distance_accuracy_value', 'NONE');
#2532 = FACE_OUTER_BOUND ( 'NONE', #6177, .T. ) ;
#2533 = CARTESIAN_POINT ( 'NONE',  ( -723.7945680158910600, -29.18071593480783600, -36.91470976221314300 ) ) ;
#2534 = ORIENTED_EDGE ( 'NONE', *, *, #2644, .T. ) ;
#2535 = CARTESIAN_POINT ( 'NONE',  ( -861.6342496577466400, 96.68124017130179500, 89.96129063427326900 ) ) ;
#2536 = CIRCLE ( 'NONE', #21, 112.5000000000000400 ) ;
#2537 = ORIENTED_EDGE ( 'NONE', *, *, #5711, .T. ) ;
#2538 = CARTESIAN_POINT ( 'NONE',  ( -983.7070569631771400, -37.27688030579102500, 0.0000000000000000000 ) ) ;
#2539 = CARTESIAN_POINT ( 'NONE',  ( -917.1676508575110300, 55.99303254970023100, -105.2134167781798600 ) ) ;
#2540 = FACE_BOUND ( 'NONE', #6194, .T. ) ;
#2541 = CARTESIAN_POINT ( 'NONE',  ( -114.0366641244883100, 284.9347333500887200, 239.9999999999999100 ) ) ;
#2542 = ORIENTED_EDGE ( 'NONE', *, *, #5139, .F. ) ;
#2543 = CARTESIAN_POINT ( 'NONE',  ( -15.23484172227311700, 297.5468519500787500, -144.1777904707434200 ) ) ;
#2544 = DIRECTION ( 'NONE',  ( -0.0000000000000000000, -1.000000000000000000, -0.0000000000000000000 ) ) ;
#2545 = CARTESIAN_POINT ( 'NONE',  ( -68.92241611418722900, 312.8751630351115400, 239.9999999999999100 ) ) ;
#2546 = CARTESIAN_POINT ( 'NONE',  ( -978.9677902247721000, -40.23290289279391600, -62.35021923255894900 ) ) ;
#2547 = LINE ( 'NONE', #4240, #1398 ) ;
#2548 = CARTESIAN_POINT ( 'NONE',  ( -1534.030086240052500, -201.6600000000000000, 1100.000000371594500 ) ) ;
#2549 = CARTESIAN_POINT ( 'NONE',  ( -857.1713823684199300, 37.57025470517032800, -114.7040930939343000 ) ) ;
#2550 = ORIENTED_EDGE ( 'NONE', *, *, #5444, .T. ) ;
#2551 = CARTESIAN_POINT ( 'NONE',  ( -184.6267484020523300, 315.4324592823715000, 137.9225819429060500 ) ) ;
#2552 = AXIS2_PLACEMENT_3D ( 'NONE', #2021, #5718, #1474 ) ;
#2553 = AXIS2_PLACEMENT_3D ( 'NONE', #3082, #2024, #5212 ) ;
#2554 = CARTESIAN_POINT ( 'NONE',  ( -932.3105498563284100, -43.76756763815709700, 49.93011215991666100 ) ) ;
#2555 = CARTESIAN_POINT ( 'NONE',  ( -1094.984363313623400, -4.076435077272655000, -6.588665786955447200 ) ) ;
#2556 = CARTESIAN_POINT ( 'NONE',  ( -402.5899986086762400, 153.6536619807976100, -696.7387389561840800 ) ) ;
#2557 = EDGE_CURVE ( 'NONE', #3397, #3017, #3959, .T. ) ;
#2558 = VERTEX_POINT ( 'NONE', #2848 ) ;
#2559 = CARTESIAN_POINT ( 'NONE',  ( -861.4566188129435900, 93.33712182570327800, 102.2140584719145600 ) ) ;
#2560 = DIRECTION ( 'NONE',  ( 1.110223024625156500E-016, -0.0000000000000000000, 1.000000000000000000 ) ) ;
#2561 = CARTESIAN_POINT ( 'NONE',  ( -917.9887516878786800, 58.85795368084308200, -104.3869624415216300 ) ) ;
#2562 = CARTESIAN_POINT ( 'NONE',  ( -138.0706723905908600, 281.8180264167595500, 240.0000000000000300 ) ) ;
#2563 = CARTESIAN_POINT ( 'NONE',  ( -328.4293899634121800, 113.8973949287239700, -650.0000000000000000 ) ) ;
#2564 = CARTESIAN_POINT ( 'NONE',  ( -14.85178436351327700, 297.2629495609659800, -144.1905590493687200 ) ) ;
#2565 = CARTESIAN_POINT ( 'NONE',  ( -387.2711458475897600, 180.6806534879406500, -768.3633211948056200 ) ) ;
#2566 = CARTESIAN_POINT ( 'NONE',  ( -69.21207465579179500, 312.9172459699693700, 239.9999999999998900 ) ) ;
#2567 = CARTESIAN_POINT ( 'NONE',  ( -527.5130262030228300, -0.1796302367026787700, 269.5430657194446000 ) ) ;
#2568 = CARTESIAN_POINT ( 'NONE',  ( -702.5238485517805900, 842.3936719187338400, 0.0000000000000000000 ) ) ;
#2569 = EDGE_LOOP ( 'NONE', ( #6358, #622, #6261, #717 ) ) ;
#2570 = CARTESIAN_POINT ( 'NONE',  ( -672.3322355637784500, 400.0000000000000000, -2651.495409082707300 ) ) ;
#2571 = CARTESIAN_POINT ( 'NONE',  ( -750.6785800302285500, -425.2369295036687000, 459.2542764104997000 ) ) ;
#2572 = CARTESIAN_POINT ( 'NONE',  ( -938.7427687354911500, -42.84202518142500800, 65.13462608082210200 ) ) ;
#2573 = CARTESIAN_POINT ( 'NONE',  ( -1029.207830051881700, 36.76030263284386000, 9.238566105012481000 ) ) ;
#2574 = CARTESIAN_POINT ( 'NONE',  ( -970.4037882827206000, 2.925072896146106300, -68.60026894045648800 ) ) ;
#2575 = CARTESIAN_POINT ( 'NONE',  ( -393.1649503368307100, 164.4875587390706600, -738.7161178760961800 ) ) ;
#2576 = CARTESIAN_POINT ( 'NONE',  ( -861.6342496577466400, 96.68124017130179500, 89.96129063427326900 ) ) ;
#2577 = CARTESIAN_POINT ( 'NONE',  ( -861.6006096364384300, 94.07492934256444500, 100.7943961603502300 ) ) ;
#2578 = CARTESIAN_POINT ( 'NONE',  ( -774.0642468253603300, 23.59035881302534000, 479.9273741711696200 ) ) ;
#2579 = CARTESIAN_POINT ( 'NONE',  ( -69.53677200706575000, 291.0356235451524800, 239.9999999999999100 ) ) ;
#2580 = PRESENTATION_STYLE_ASSIGNMENT (( #4181 ) ) ;
#2581 = EDGE_LOOP ( 'NONE', ( #1315, #6767, #2479, #4044, #292 ) ) ;
#2582 = CARTESIAN_POINT ( 'NONE',  ( -938.4690311067292900, 69.63330117621971700, 76.46280272680844800 ) ) ;
#2583 = DIRECTION ( 'NONE',  ( 0.9995115994824671500, 0.0000000000000000000, 0.03124999999999993800 ) ) ;
#2584 = CARTESIAN_POINT ( 'NONE',  ( -931.1393262687283800, 7.164169369840226200, 49.76665490881085000 ) ) ;
#2585 = CARTESIAN_POINT ( 'NONE',  ( -14.62674840205287600, 296.8509855691290200, -239.9999999999998900 ) ) ;
#2586 = CIRCLE ( 'NONE', #3008, 24.99999999999999600 ) ;
#2587 = AXIS2_PLACEMENT_3D ( 'NONE', #5285, #1131, #4404 ) ;
#2588 = VERTEX_POINT ( 'NONE', #169 ) ;
#2589 = CARTESIAN_POINT ( 'NONE',  ( -976.9737192650889000, 2.555838574129717200, -87.87440580865491300 ) ) ;
#2590 = CARTESIAN_POINT ( 'NONE',  ( -750.6785800302290000, -28.06546278693414100, 755.0000000000000000 ) ) ;
#2591 = EDGE_CURVE ( 'NONE', #5419, #2613, #4548, .T. ) ;
#2592 = CARTESIAN_POINT ( 'NONE',  ( -170.7732510738579500, 318.4043641205038300, 138.9931768257348800 ) ) ;
#2593 = CARTESIAN_POINT ( 'NONE',  ( -948.7841062061085000, 5.018420375086949800, 81.73844108900584600 ) ) ;
#2594 = CARTESIAN_POINT ( 'NONE',  ( -543.5932448325251000, -257.5821968354168200, 655.0000000000000000 ) ) ;
#2595 = APPLICATION_PROTOCOL_DEFINITION ( 'draft international standard', 'automotive_design', 1998, #4210 ) ;
#2596 = CARTESIAN_POINT ( 'NONE',  ( -400.0375720122850100, 155.2661381751089200, -710.5058404682959000 ) ) ;
#2597 = VERTEX_POINT ( 'NONE', #3904 ) ;
#2598 = CARTESIAN_POINT ( 'NONE',  ( -920.3039245909897100, 72.19268143819161300, 93.89606444129735500 ) ) ;
#2599 = CARTESIAN_POINT ( 'NONE',  ( -970.4037882827223000, 2.925072896146029500, 68.60026894045701300 ) ) ;
#2600 = EDGE_CURVE ( 'NONE', #2597, #910, #345, .T. ) ;
#2601 = LINE ( 'NONE', #3805, #3024 ) ;
#2602 = ORIENTED_EDGE ( 'NONE', *, *, #1749, .F. ) ;
#2603 = DIRECTION ( 'NONE',  ( -0.0000000000000000000, -0.0000000000000000000, -1.000000000000000000 ) ) ;
#2604 = CARTESIAN_POINT ( 'NONE',  ( -14.62674840205270700, 301.6171103891456900, 239.9999999999999700 ) ) ;
#2605 = CARTESIAN_POINT ( 'NONE',  ( -943.8196562350169600, 67.74973517524844600, 98.63595560873659500 ) ) ;
#2606 = DIRECTION ( 'NONE',  ( 0.0000000000000000000, -0.0000000000000000000, -1.000000000000000000 ) ) ;
#2607 = CARTESIAN_POINT ( 'NONE',  ( -374.2334197083896500, 98.64939886248203000, 509.7361797322662400 ) ) ;
#2608 = CARTESIAN_POINT ( 'NONE',  ( -125.6975936219752400, 320.5860796788497300, 239.9999999999999400 ) ) ;
#2609 = VECTOR ( 'NONE', #3187, 1000.000000000000000 ) ;
#2610 = ORIENTED_EDGE ( 'NONE', *, *, #5117, .F. ) ;
#2611 = CARTESIAN_POINT ( 'NONE',  ( -184.3767216576170000, 299.3816070844232500, 240.0000000000000000 ) ) ;
#2612 = DIRECTION ( 'NONE',  ( -0.0000000000000000000, -0.0000000000000000000, 1.000000000000000000 ) ) ;
#2613 = VERTEX_POINT ( 'NONE', #1277 ) ;
#2614 = CARTESIAN_POINT ( 'NONE',  ( -1039.873262562527100, 20.42349266150942100, 8.766409823940664500 ) ) ;
#2615 = CARTESIAN_POINT ( 'NONE',  ( -1030.343600469184400, 30.64630033576477100, -33.94899772201335300 ) ) ;
#2616 = ORIENTED_EDGE ( 'NONE', *, *, #5340, .T. ) ;
#2617 = CARTESIAN_POINT ( 'NONE',  ( -184.9846087695102300, 334.8803716406829400, 135.9479987452294300 ) ) ;
#2618 =( BOUNDED_CURVE ( )  B_SPLINE_CURVE ( 3, ( #218, #616, #6564, #3369 ),
 .UNSPECIFIED., .F., .T. ) 
 B_SPLINE_CURVE_WITH_KNOTS ( ( 4, 4 ),
 ( 5.702601151252221900, 6.863769463106950600 ),
 .UNSPECIFIED. ) 
 CURVE ( )  GEOMETRIC_REPRESENTATION_ITEM ( )  RATIONAL_B_SPLINE_CURVE ( ( 1.000000000000000000, 0.8907615838572671100, 0.8907615838572671100, 1.000000000000000000 ) ) 
 REPRESENTATION_ITEM ( '' )  );
#2619 = FACE_OUTER_BOUND ( 'NONE', #5935, .T. ) ;
#2620 = ORIENTED_EDGE ( 'NONE', *, *, #5595, .T. ) ;
#2621 = CARTESIAN_POINT ( 'NONE',  ( -4.817501171858412000, 400.0000000000000000, 144.5250351557572200 ) ) ;
#2622 = B_SPLINE_CURVE_WITH_KNOTS ( 'NONE', 3,
 ( #531, #3170, #3238, #1145, #5870, #4875, #6453, #2176, #3261, #5971, #1647, #1713, #2695, #2793, #3285, #5365, #2760, #2201, #6396, #5385 ),
 .UNSPECIFIED., .F., .F.,
 ( 4, 2, 2, 2, 2, 2, 2, 2, 2, 4 ),
 ( 0.0000000000000000000, 0.007005022325729417900, 0.01401004465145883600, 0.02101506697718825300, 0.02802008930291767200, 0.03152260046578251500, 0.03502511162864736800, 0.04203013395437707500, 0.04903515628010678100, 0.05604017860583650200 ),
 .UNSPECIFIED. ) ;
#2623 = CARTESIAN_POINT ( 'NONE',  ( -671.3892581488839800, 151.2238590944111500, 655.0000000000000000 ) ) ;
#2624 = CARTESIAN_POINT ( 'NONE',  ( -1082.425021963722900, -3.370592062999642600, 17.22455559040390600 ) ) ;
#2625 = ORIENTED_EDGE ( 'NONE', *, *, #4640, .T. ) ;
#2626 = CARTESIAN_POINT ( 'NONE',  ( -166.7127787744932200, 319.9651482740345000, 139.1285259023362100 ) ) ;
#2627 = VECTOR ( 'NONE', #2971, 1000.000000000000000 ) ;
#2628 = CARTESIAN_POINT ( 'NONE',  ( -916.2188226148706500, 53.05136739624566600, -105.5957882377793700 ) ) ;
#2629 = ORIENTED_EDGE ( 'NONE', *, *, #652, .F. ) ;
#2630 = CARTESIAN_POINT ( 'NONE',  ( -898.4612927688346000, -77.57635044464564100, 312.7515720249604100 ) ) ;
#2631 = CARTESIAN_POINT ( 'NONE',  ( -42.25959371570199600, 295.2471906472526900, 239.9999999999999700 ) ) ;
#2632 = CARTESIAN_POINT ( 'NONE',  ( -184.1267828336369200, 300.6456808668255600, -138.5480591003645800 ) ) ;
#2633 = CARTESIAN_POINT ( 'NONE',  ( -721.2497326902922600, -38.01434301723115500, -123.2482987937306100 ) ) ;
#2634 = CARTESIAN_POINT ( 'NONE',  ( -398.4005613437073500, 156.6203118691949500, 717.2390294856096500 ) ) ;
#2635 = CARTESIAN_POINT ( 'NONE',  ( -132.6397343207079000, 321.4833258926947200, 240.0000000000000300 ) ) ;
#2636 = VERTEX_POINT ( 'NONE', #2283 ) ;
#2637 = CARTESIAN_POINT ( 'NONE',  ( -250.6785800302291400, -23.06546278693358700, -655.0000000000000000 ) ) ;
#2638 = CARTESIAN_POINT ( 'NONE',  ( -1037.687897313966200, 21.01968157069405100, -21.73805297764316100 ) ) ;
#2639 = CARTESIAN_POINT ( 'NONE',  ( -184.6267484020527300, 302.0000000000000600, 137.9225819429060500 ) ) ;
#2640 = CARTESIAN_POINT ( 'NONE',  ( -166.4932370047116900, 320.0614757664951100, 139.1358439613753100 ) ) ;
#2641 = ORIENTED_EDGE ( 'NONE', *, *, #3368, .F. ) ;
#2642 = CARTESIAN_POINT ( 'NONE',  ( -919.6985022082793600, 76.24103937728185100, -81.06458894969902900 ) ) ;
#2643 = CARTESIAN_POINT ( 'NONE',  ( -939.6504964060640100, 5.912892269429250700, -63.34620524033731900 ) ) ;
#2644 = EDGE_CURVE ( 'NONE', #1982, #1490, #6108, .T. ) ;
#2645 = CARTESIAN_POINT ( 'NONE',  ( -919.2413854969660200, 76.35338900422893000, 82.74983294867499200 ) ) ;
#2646 = CARTESIAN_POINT ( 'NONE',  ( -1005.449994279944800, 46.05417500995869800, 72.93797870095915000 ) ) ;
#2647 = ORIENTED_EDGE ( 'NONE', *, *, #2199, .T. ) ;
#2648 = CARTESIAN_POINT ( 'NONE',  ( -1027.366565385218300, 38.33894413331795200, -47.75748126389994000 ) ) ;
#2649 = CARTESIAN_POINT ( 'NONE',  ( -241.5019980675317300, 106.9289782230014800, -136.6355519259014700 ) ) ;
#2650 = CARTESIAN_POINT ( 'NONE',  ( -51.94826630523001400, 310.3352009499397500, 142.9540096513116200 ) ) ;
#2651 = CARTESIAN_POINT ( 'NONE',  ( -533.3592136239985800, -3.954536307887489800, -123.3249956252032900 ) ) ;
#2652 = CARTESIAN_POINT ( 'NONE',  ( -399.2395026240191100, 155.8897412445327000, 713.8728537214326500 ) ) ;
#2653 = CARTESIAN_POINT ( 'NONE',  ( -122.6711694559013200, 320.1934026928188400, 239.9999999999999100 ) ) ;
#2654 = DIRECTION ( 'NONE',  ( 1.000000000000000000, 0.0000000000000000000, 0.0000000000000000000 ) ) ;
#2655 = CARTESIAN_POINT ( 'NONE',  ( -935.1313730170886600, 6.355458674935659000, 50.94641474122986600 ) ) ;
#2656 = CARTESIAN_POINT ( 'NONE',  ( -1022.687762458795800, 39.98601039338048900, -12.99443855083601200 ) ) ;
#2657 = CARTESIAN_POINT ( 'NONE',  ( -765.4833108208487100, -48.41706356614867000, 61.32052622385492700 ) ) ;
#2658 = CARTESIAN_POINT ( 'NONE',  ( -173.0670256818484900, 339.0756859794098000, 135.1315742729100600 ) ) ;
#2659 = PLANE ( 'NONE',  #6028 ) ;
#2660 = B_SPLINE_CURVE_WITH_KNOTS ( 'NONE', 3,
 ( #3326, #2727, #6462, #140, #1128, #6439, #3923, #3396, #6076, #2899, #1321, #252, #2827, #3447, #275, #1820, #2328, #5556, #790, #2308, #209, #1275, #3952, #5511, #6032, #6576, #6600, #5001 ),
 .UNSPECIFIED., .F., .F.,
 ( 4, 2, 2, 2, 2, 2, 2, 2, 2, 2, 2, 2, 2, 4 ),
 ( 0.01375326780887004900, 0.02663136429420241000, 0.03950946077953477300, 0.04594850902220094800, 0.05238755726486712900, 0.05560708138620036600, 0.05882660550753361600, 0.06043636756820023500, 0.06204612962886685300, 0.06285101065920031800, 0.06365589168953378300, 0.06446077271986723500, 0.06486321323503398100, 0.06526565375020070000 ),
 .UNSPECIFIED. ) ;
#2661 = VECTOR ( 'NONE', #2855, 1000.000000000000000 ) ;
#2662 = CARTESIAN_POINT ( 'NONE',  ( -151.5713803022965700, 322.9368901395900500, 139.6332391847427600 ) ) ;
#2663 = CARTESIAN_POINT ( 'NONE',  ( -919.5031764296189700, 76.11555795107496200, 84.27382608370443500 ) ) ;
#2664 = CARTESIAN_POINT ( 'NONE',  ( -937.0752082723214500, 45.96534525729701700, -100.4989881212968900 ) ) ;
#2665 = ORIENTED_EDGE ( 'NONE', *, *, #3894, .F. ) ;
#2666 = CARTESIAN_POINT ( 'NONE',  ( -767.6430435132631400, 22.75791144566750300, -64.02648618806853200 ) ) ;
#2667 = CARTESIAN_POINT ( 'NONE',  ( -18.84438655705653400, 304.0463935643987800, 144.0574723095839100 ) ) ;
#2668 = EDGE_CURVE ( 'NONE', #6255, #5413, #351, .T. ) ;
#2669 = CARTESIAN_POINT ( 'NONE',  ( -967.1721959748000500, 3.217639539380632300, -71.92203348402662800 ) ) ;
#2670 = LINE ( 'NONE', #213, #6741 ) ;
#2671 = CARTESIAN_POINT ( 'NONE',  ( -507.2785082200171000, -3.378360235900620200, 70.37590193537735700 ) ) ;
#2672 = ORIENTED_EDGE ( 'NONE', *, *, #5084, .T. ) ;
#2673 = CARTESIAN_POINT ( 'NONE',  ( -126.5961245001608400, 320.7024765162766500, 239.9999999999999700 ) ) ;
#2674 = DIRECTION ( 'NONE',  ( -0.0000000000000000000, 1.000000000000000000, -0.0000000000000000000 ) ) ;
#2675 = CARTESIAN_POINT ( 'NONE',  ( -927.3335783560920600, 5.345646231942653000, -103.2736963757061700 ) ) ;
#2676 = VECTOR ( 'NONE', #3619, 1000.000000000000100 ) ;
#2677 = CARTESIAN_POINT ( 'NONE',  ( -1028.266688507417900, 27.29655458417148900, 43.13758128719170100 ) ) ;
#2678 = EDGE_CURVE ( 'NONE', #4529, #5767, #315, .T. ) ;
#2679 = ADVANCED_FACE ( 'NONE', ( #3205 ), #2264, .F. ) ;
#2680 = CARTESIAN_POINT ( 'NONE',  ( -187.3402415975984600, 334.0511246274896300, 136.6519711804041300 ) ) ;
#2681 = CARTESIAN_POINT ( 'NONE',  ( -720.5218967646291000, -42.84455594880270700, -62.35012099105503600 ) ) ;
#2682 = AXIS2_PLACEMENT_3D ( 'NONE', #469, #1588, #6275 ) ;
#2683 = CARTESIAN_POINT ( 'NONE',  ( -1025.528095748797800, 24.49074053889317400, 49.74942052518736800 ) ) ;
#2684 = VECTOR ( 'NONE', #4352, 1000.000000000000000 ) ;
#2685 = ORIENTED_EDGE ( 'NONE', *, *, #3800, .F. ) ;
#2686 = DIRECTION ( 'NONE',  ( -0.9396926207859104300, 0.3420201433256637200, 0.0000000000000000000 ) ) ;
#2687 = CARTESIAN_POINT ( 'NONE',  ( -5.573319583618283200E-011, 142.1207013674099600, 144.5239656003887200 ) ) ;
#2688 = CARTESIAN_POINT ( 'NONE',  ( -970.5218452665625400, -46.52138065281847900, -62.35021923255894900 ) ) ;
#2689 = ORIENTED_EDGE ( 'NONE', *, *, #4724, .T. ) ;
#2690 = CIRCLE ( 'NONE', #1426, 369.9999999999997700 ) ;
#2691 = CARTESIAN_POINT ( 'NONE',  ( -15.01232650353378500, 302.5462954133785200, 144.1852076447013900 ) ) ;
#2692 = ORIENTED_EDGE ( 'NONE', *, *, #5969, .F. ) ;
#2693 = CARTESIAN_POINT ( 'NONE',  ( -342.6364562004772000, 111.5216994009667400, -650.0000000000000000 ) ) ;
#2694 = ORIENTED_EDGE ( 'NONE', *, *, #1021, .T. ) ;
#2695 = CARTESIAN_POINT ( 'NONE',  ( -920.7049911597599700, 12.43792321808117400, -99.09167620001092300 ) ) ;
#2696 = CARTESIAN_POINT ( 'NONE',  ( -144.8087002895958600, 322.8769881690909600, 239.9999999999999700 ) ) ;
#2697 = VECTOR ( 'NONE', #1927, 1000.000000000000000 ) ;
#2698 = CARTESIAN_POINT ( 'NONE',  ( -161.6239919869378800, 282.5933900548561200, 239.9999999999999100 ) ) ;
#2699 = ORIENTED_EDGE ( 'NONE', *, *, #5238, .T. ) ;
#2700 =( BOUNDED_CURVE ( )  B_SPLINE_CURVE ( 3, ( #2835, #1782, #3914, #6543 ),
 .UNSPECIFIED., .F., .F. ) 
 B_SPLINE_CURVE_WITH_KNOTS ( ( 4, 4 ),
 ( 4.810051089443400800, 4.870128983741961900 ),
 .UNSPECIFIED. ) 
 CURVE ( )  GEOMETRIC_REPRESENTATION_ITEM ( )  RATIONAL_B_SPLINE_CURVE ( ( 1.000000000000000000, 0.9996992431677764700, 0.9996992431677764700, 1.000000000000000000 ) ) 
 REPRESENTATION_ITEM ( '' )  );
#2701 = VECTOR ( 'NONE', #1212, 1000.000000000000000 ) ;
#2702 = PRODUCT ( '2026 Front Wing D_3', '2026 Front Wing D_3', '', ( #2081 ) ) ;
#2703 = EDGE_LOOP ( 'NONE', ( #2063, #236, #5908, #975 ) ) ;
#2704 = CARTESIAN_POINT ( 'NONE',  ( -936.7754111357478500, 6.194454874405377800, 52.09426298774359100 ) ) ;
#2705 = CARTESIAN_POINT ( 'NONE',  ( -738.5187333241793800, 136.0786923256726800, -108.4409687158613900 ) ) ;
#2706 = EDGE_LOOP ( 'NONE', ( #3123, #3038, #6017, #3460 ) ) ;
#2707 = CARTESIAN_POINT ( 'NONE',  ( -1029.142567145361900, 36.83212977891389500, 8.893730681850858100 ) ) ;
#2708 = DIRECTION ( 'NONE',  ( -0.6136994490979207400, -0.03449030143811620400, 0.7887860326372524400 ) ) ;
#2709 = VECTOR ( 'NONE', #2278, 1000.000000000000000 ) ;
#2710 = CARTESIAN_POINT ( 'NONE',  ( -1008.041002291887400, 0.8098374036339712800, 38.83358820639229900 ) ) ;
#2711 = CARTESIAN_POINT ( 'NONE',  ( -935.1310908986382600, 6.355486303335671200, -68.53017233682312800 ) ) ;
#2712 = ORIENTED_EDGE ( 'NONE', *, *, #4853, .T. ) ;
#2713 = CARTESIAN_POINT ( 'NONE',  ( -605.6914360043728000, 12.37727947998290800, 479.9023568143828700 ) ) ;
#2714 = CARTESIAN_POINT ( 'NONE',  ( -509.8733849301402200, 50.25067432418193600, 576.1991528003036400 ) ) ;
#2715 = VERTEX_POINT ( 'NONE', #6466 ) ;
#2716 = CARTESIAN_POINT ( 'NONE',  ( -14.62674840205269100, 302.0000000000000600, 144.1980602480840900 ) ) ;
#2717 = CARTESIAN_POINT ( 'NONE',  ( -184.6267484020529500, 296.8509855691290200, -239.9999999999997700 ) ) ;
#2718 = CARTESIAN_POINT ( 'NONE',  ( -183.5774486120207300, 307.2502879297186400, 138.5663702410853700 ) ) ;
#2719 = ORIENTED_EDGE ( 'NONE', *, *, #1106, .T. ) ;
#2720 = CARTESIAN_POINT ( 'NONE',  ( -139.3259889601534700, 322.3382913268148400, 240.0000000000000000 ) ) ;
#2721 = CARTESIAN_POINT ( 'NONE',  ( -164.6690169106506100, 283.3977941967900700, 239.9999999999999700 ) ) ;
#2722 = PLANE ( 'NONE',  #4777 ) ;
#2723 = EDGE_LOOP ( 'NONE', ( #4285, #1339, #3252, #6683, #683, #5583 ) ) ;
#2724 = CARTESIAN_POINT ( 'NONE',  ( -403.3349438461406700, 153.2827667448359800, 685.0000000000000000 ) ) ;
#2725 = AXIS2_PLACEMENT_3D ( 'NONE', #3180, #4141, #3400 ) ;
#2726 = CARTESIAN_POINT ( 'NONE',  ( -1016.291469763142900, 0.3461558564087624000, -13.71196231607877500 ) ) ;
#2727 = CARTESIAN_POINT ( 'NONE',  ( -899.0723041000677500, 23.77847821937284700, 108.9260318398999500 ) ) ;
#2728 = CARTESIAN_POINT ( 'NONE',  ( -885.2992644139410500, -54.09632305098299600, -20.83333333333332900 ) ) ;
#2729 = CARTESIAN_POINT ( 'NONE',  ( -1030.381391933529800, -0.4457067786498502500, 52.08518845337777500 ) ) ;
#2730 = CARTESIAN_POINT ( 'NONE',  ( -940.3014912292019300, 5.849139100046445000, -59.07999040376888200 ) ) ;
#2731 = EDGE_CURVE ( 'NONE', #6835, #3419, #5072, .T. ) ;
#2732 = DIRECTION ( 'NONE',  ( -0.0000000000000000000, -0.0000000000000000000, -1.000000000000000000 ) ) ;
#2733 = CARTESIAN_POINT ( 'NONE',  ( -920.2903824219700900, 73.01051709191124000, 92.56665915915354500 ) ) ;
#2734 = CARTESIAN_POINT ( 'NONE',  ( -739.1642678354679700, 139.7940145501460700, 120.1365566964801800 ) ) ;
#2735 = CARTESIAN_POINT ( 'NONE',  ( -532.1764711619969100, 0.3009072780147670800, -69.90283081991590600 ) ) ;
#2736 = PLANE ( 'NONE',  #4400 ) ;
#2737 = CARTESIAN_POINT ( 'NONE',  ( -152.4619313188064800, 322.8478996550479100, 239.9999999999999100 ) ) ;
#2738 = CARTESIAN_POINT ( 'NONE',  ( -344.9798420320378200, 113.8747192612501400, -650.0000000000000000 ) ) ;
#2739 = CARTESIAN_POINT ( 'NONE',  ( -176.4799462106738900, 288.7144665668739100, 240.0000000000000000 ) ) ;
#2740 = B_SPLINE_CURVE_WITH_KNOTS ( 'NONE', 3,
 ( #1526, #474, #6283, #1509, #2001, #1491, #3073, #4627, #4165, #2068 ),
 .UNSPECIFIED., .F., .F.,
 ( 4, 2, 2, 2, 4 ),
 ( 0.0000000000000000000, 0.04011081744403362900, 0.06016622616605059300, 0.08022163488806757800, 0.1604432697761358200 ),
 .UNSPECIFIED. ) ;
#2741 = CARTESIAN_POINT ( 'NONE',  ( -939.2475012264303600, 5.952358358919553000, 64.25154131935747200 ) ) ;
#2742 = LINE ( 'NONE', #4097, #121 ) ;
#2743 = ORIENTED_EDGE ( 'NONE', *, *, #771, .T. ) ;
#2744 = CARTESIAN_POINT ( 'NONE',  ( -731.8160511472557300, 51.43864591205847600, 120.2917445830374300 ) ) ;
#2745 = DIRECTION ( 'NONE',  ( 0.0000000000000000000, 0.0000000000000000000, -1.000000000000000000 ) ) ;
#2746 = EDGE_CURVE ( 'NONE', #6120, #4859, #6594, .T. ) ;
#2747 = ADVANCED_FACE ( 'NONE', ( #3037 ), #5613, .F. ) ;
#2748 = DIRECTION ( 'NONE',  ( -1.000000000000000000, -1.009594287533120200E-015, 1.972152263052529500E-031 ) ) ;
#2749 = LINE ( 'NONE', #963, #6313 ) ;
#2750 = ORIENTED_EDGE ( 'NONE', *, *, #5752, .F. ) ;
#2751 = CARTESIAN_POINT ( 'NONE',  ( -479.7270048121444000, 48.60183823377768400, -452.4167630832597000 ) ) ;
#2752 = CARTESIAN_POINT ( 'NONE',  ( -1009.934110109096900, 23.85787678726068600, 71.11996021954635700 ) ) ;
#2753 = CARTESIAN_POINT ( 'NONE',  ( -738.6974510554974800, 139.9583467906809300, 95.31631867009471600 ) ) ;
#2754 = VECTOR ( 'NONE', #3851, 1000.000000000000100 ) ;
#2755 = CARTESIAN_POINT ( 'NONE',  ( -964.3867633545561400, 60.50955243409095600, -92.40514392451041200 ) ) ;
#2756 = ORIENTED_EDGE ( 'NONE', *, *, #5663, .T. ) ;
#2757 = CARTESIAN_POINT ( 'NONE',  ( -617.2240088808476900, 12.83734477182192400, 451.2146373188919600 ) ) ;
#2758 = EDGE_CURVE ( 'NONE', #3776, #4933, #3783, .T. ) ;
#2759 = DIRECTION ( 'NONE',  ( 0.9396926207859112000, -0.3420201433256607700, -0.0000000000000000000 ) ) ;
#2760 = CARTESIAN_POINT ( 'NONE',  ( -910.8032461300398400, 18.14035286934946000, -105.0380601156163200 ) ) ;
#2761 = CARTESIAN_POINT ( 'NONE',  ( -150.5231941607364100, 322.9600546384194200, 240.0000000000000000 ) ) ;
#2762 = FACE_OUTER_BOUND ( 'NONE', #3090, .T. ) ;
#2763 = CARTESIAN_POINT ( 'NONE',  ( -167.1829898283872100, 314.6827761075345500, -139.1128522005395200 ) ) ;
#2764 = ORIENTED_EDGE ( 'NONE', *, *, #6729, .T. ) ;
#2765 = ORIENTED_EDGE ( 'NONE', *, *, #6282, .T. ) ;
#2766 = CARTESIAN_POINT ( 'NONE',  ( -162.1868132481971300, 282.7314311018927200, 239.9999999999999700 ) ) ;
#2767 = AXIS2_PLACEMENT_3D ( 'NONE', #6206, #4785, #6823 ) ;
#2768 = CARTESIAN_POINT ( 'NONE',  ( -163.6799603026278800, 277.9379601399057300, -139.2296198513982100 ) ) ;
#2769 = DIRECTION ( 'NONE',  ( -1.000000000000000000, -1.110223024625156700E-015, 0.0000000000000000000 ) ) ;
#2770 = CARTESIAN_POINT ( 'NONE',  ( -995.4355321738104300, 1.518272884194811400, 55.74267152342860500 ) ) ;
#2771 = EDGE_CURVE ( 'NONE', #3873, #633, #3630, .T. ) ;
#2772 = CARTESIAN_POINT ( 'NONE',  ( -731.8151122645202800, 51.43873704579164800, -120.2917647316887700 ) ) ;
#2773 = VECTOR ( 'NONE', #640, 1000.000000000000000 ) ;
#2774 = VERTEX_POINT ( 'NONE', #436 ) ;
#2775 = CARTESIAN_POINT ( 'NONE',  ( -729.7186922751338900, -45.97881655748224700, -312.7526747221214100 ) ) ;
#2776 = CARTESIAN_POINT ( 'NONE',  ( -522.5302361353224100, 7.940193362279938300, 210.4781246062557600 ) ) ;
#2777 = ORIENTED_EDGE ( 'NONE', *, *, #3949, .F. ) ;
#2778 = CARTESIAN_POINT ( 'NONE',  ( -750.6785800302290000, -28.06546278693414100, -655.0000000000000000 ) ) ;
#2779 = CARTESIAN_POINT ( 'NONE',  ( -729.6117968539346100, 31.66068935763134800, -110.5867406318771600 ) ) ;
#2780 = CIRCLE ( 'NONE', #6071, 5.000000000000004400 ) ;
#2781 = CARTESIAN_POINT ( 'NONE',  ( -765.2723080071032200, -48.39628433378288700, -59.09731048008731600 ) ) ;
#2782 = VERTEX_POINT ( 'NONE', #5756 ) ;
#2783 = CIRCLE ( 'NONE', #4594, 25.00000000000003200 ) ;
#2784 = EDGE_LOOP ( 'NONE', ( #5074, #2303, #2712 ) ) ;
#2785 = CARTESIAN_POINT ( 'NONE',  ( -411.9588027525488800, 171.3279616055839100, -755.0000000000000000 ) ) ;
#2786 = ORIENTED_EDGE ( 'NONE', *, *, #6776, .T. ) ;
#2787 = CARTESIAN_POINT ( 'NONE',  ( -413.4222416891278700, 71.91118529648198900, 453.0067876111058400 ) ) ;
#2788 = CARTESIAN_POINT ( 'NONE',  ( -418.4486822469645500, 71.87170263032058400, 650.0000000000000000 ) ) ;
#2789 = CARTESIAN_POINT ( 'NONE',  ( -14.75805687833270400, 302.3116805007836100, 144.1936832988746700 ) ) ;
#2790 =( BOUNDED_CURVE ( )  B_SPLINE_CURVE ( 3, ( #2320, #3863, #3334, #6541 ),
 .UNSPECIFIED., .F., .F. ) 
 B_SPLINE_CURVE_WITH_KNOTS ( ( 4, 4 ),
 ( 4.554648977027417400, 4.614726871325977700 ),
 .UNSPECIFIED. ) 
 CURVE ( )  GEOMETRIC_REPRESENTATION_ITEM ( )  RATIONAL_B_SPLINE_CURVE ( ( 1.000000000000000000, 0.9996992431677764700, 0.9996992431677764700, 1.000000000000000000 ) ) 
 REPRESENTATION_ITEM ( '' )  );
#2791 = AXIS2_PLACEMENT_3D ( 'NONE', #6639, #6588, #761 ) ;
#2792 = CARTESIAN_POINT ( 'NONE',  ( -750.6785800302290000, -23.06546278693414100, 655.0000000000000000 ) ) ;
#2793 = CARTESIAN_POINT ( 'NONE',  ( -918.0313104987047800, 13.86640236423898300, -100.8913492329716200 ) ) ;
#2794 = CARTESIAN_POINT ( 'NONE',  ( -149.8045018759658800, 322.9841113240252100, 239.9999999999998900 ) ) ;
#2795 = CARTESIAN_POINT ( 'NONE',  ( -930.5784960259366000, -44.47907115522036000, -69.74646357959615300 ) ) ;
#2796 = ORIENTED_EDGE ( 'NONE', *, *, #2591, .F. ) ;
#2797 = CARTESIAN_POINT ( 'NONE',  ( -173.8480240181020200, 287.1130226463706100, 239.9999999999999400 ) ) ;
#2798 = DIRECTION ( 'NONE',  ( 0.0000000000000000000, -0.0000000000000000000, -1.000000000000000000 ) ) ;
#2799 = CARTESIAN_POINT ( 'NONE',  ( -739.4433708279610800, 139.6957626833236900, -95.70448686867337100 ) ) ;
#2800 = CARTESIAN_POINT ( 'NONE',  ( -767.1176222827147100, -48.55988722805857100, 55.81393892647133700 ) ) ;
#2801 = CARTESIAN_POINT ( 'NONE',  ( 9.142340517257457200, 121.4409679847965900, 119.8452759080635000 ) ) ;
#2802 = EDGE_LOOP ( 'NONE', ( #3527, #5262, #6431, #2360, #985, #5774 ) ) ;
#2803 = CARTESIAN_POINT ( 'NONE',  ( -500.6785800302290000, 221.9345372130657900, 650.0000000000000000 ) ) ;
#2804 = CARTESIAN_POINT ( 'NONE',  ( -5.573319583618285800E-011, 132.7608090009173300, -141.3397660389947200 ) ) ;
#2805 = AXIS2_PLACEMENT_3D ( 'NONE', #942, #2544, #4717 ) ;
#2806 = CARTESIAN_POINT ( 'NONE',  ( -930.3358089173848400, 6.825097448499386500, -49.73203607951612100 ) ) ;
#2807 = CARTESIAN_POINT ( 'NONE',  ( -658.6126570710431500, -28.77203343414846900, 0.0000000000000000000 ) ) ;
#2808 = VERTEX_POINT ( 'NONE', #5180 ) ;
#2809 = CARTESIAN_POINT ( 'NONE',  ( -750.6785800302291100, 71.93453721306583800, -655.0000000000000000 ) ) ;
#2810 = CARTESIAN_POINT ( 'NONE',  ( -780.7758396659846800, 125.1456061692790200, 119.1330526032979700 ) ) ;
#2811 = EDGE_CURVE ( 'NONE', #3146, #3864, #4685, .T. ) ;
#2812 = CARTESIAN_POINT ( 'NONE',  ( -418.4486822469645500, 71.87170263032061300, 650.0000000000000000 ) ) ;
#2813 = CARTESIAN_POINT ( 'NONE',  ( -1041.920100296533700, -1.094189566478613700, -44.82190044998881700 ) ) ;
#2814 = CARTESIAN_POINT ( 'NONE',  ( -802.8798100647756000, 19.30710743522280700, 93.70294761029063600 ) ) ;
#2815 = CARTESIAN_POINT ( 'NONE',  ( -397.9557643158086100, 151.3249055110210900, -755.0000000000000000 ) ) ;
#2816 = DIRECTION ( 'NONE',  ( -1.000000000000000000, -1.110223024625156700E-015, 0.0000000000000000000 ) ) ;
#2817 = CARTESIAN_POINT ( 'NONE',  ( -173.6291769025735900, 317.0057666026143600, 239.9999999999999400 ) ) ;
#2818 = CARTESIAN_POINT ( 'NONE',  ( -932.2152195003189900, 7.164169077462492700, -69.56950639098485600 ) ) ;
#2819 = EDGE_CURVE ( 'NONE', #2458, #6016, #3468, .T. ) ;
#2820 = CARTESIAN_POINT ( 'NONE',  ( -150.9426933981997400, 281.0580169883807000, 239.9999999999999700 ) ) ;
#2821 = CARTESIAN_POINT ( 'NONE',  ( -179.5544733667957200, 285.9783745191978100, -138.7004694159259900 ) ) ;
#2822 = VERTEX_POINT ( 'NONE', #3149 ) ;
#2823 = CARTESIAN_POINT ( 'NONE',  ( -532.1764711619968000, 0.3009072780147646900, -69.90283081991590600 ) ) ;
#2824 = AXIS2_PLACEMENT_3D ( 'NONE', #6407, #96, #4312 ) ;
#2825 = PLANE ( 'NONE',  #2211 ) ;
#2826 = ADVANCED_FACE ( 'NONE', ( #5596 ), #4714, .F. ) ;
#2827 = CARTESIAN_POINT ( 'NONE',  ( -861.5219607827600600, 35.55667544100819600, 114.2532230420766400 ) ) ;
#2828 = CARTESIAN_POINT ( 'NONE',  ( -14.62674840205269100, 302.0000000000000600, 144.1980602480840900 ) ) ;
#2829 = CARTESIAN_POINT ( 'NONE',  ( -978.2096096027619300, 55.64353348873468300, -63.86921591007998000 ) ) ;
#2830 = CARTESIAN_POINT ( 'NONE',  ( -730.3071904876494500, 37.27885647861531000, -115.8820200454923800 ) ) ;
#2831 = CARTESIAN_POINT ( 'NONE',  ( -768.5084263649120000, -48.68683342154268000, -64.44179848352806100 ) ) ;
#2832 = DIRECTION ( 'NONE',  ( -0.3213938048432650200, -0.8830222215594906200, -0.3420201433256687700 ) ) ;
#2833 = CARTESIAN_POINT ( 'NONE',  ( -860.4098711262710100, 89.05152174173781500, -107.8823380918516400 ) ) ;
#2834 = CARTESIAN_POINT ( 'NONE',  ( -88.68346670404302800, 288.3260647937871100, 141.7295029713512200 ) ) ;
#2835 = CARTESIAN_POINT ( 'NONE',  ( -731.8165205886452900, 51.46764385215429600, 120.2917345085317900 ) ) ;
#2836 = VERTEX_POINT ( 'NONE', #4148 ) ;
#2837 = CARTESIAN_POINT ( 'NONE',  ( -161.6857003420108800, 321.3899929946529700, 239.9999999999999100 ) ) ;
#2838 = CARTESIAN_POINT ( 'NONE',  ( -932.9729684322287500, 7.164169077462492700, -50.07677714280460200 ) ) ;
#2839 = CARTESIAN_POINT ( 'NONE',  ( -138.8481392413415300, 281.7203393327387200, 239.9999999999999700 ) ) ;
#2840 = B_SPLINE_CURVE_WITH_KNOTS ( 'NONE', 3,
 ( #6690, #3537, #2410, #1448, #3029, #1956, #361, #3586, #4062, #5730, #6778, #4147, #956, #5158, #5204, #4689, #2559, #2577, #979, #1469, #4644, #4666, #505, #6259, #456, #5713, #6795, #2535 ),
 .UNSPECIFIED., .F., .F.,
 ( 4, 2, 2, 2, 2, 2, 2, 2, 2, 2, 2, 2, 2, 4 ),
 ( 0.0000000000000000000, 0.004782643247463329000, 0.007173964871194945700, 0.009565286494926564200, 0.01434792974238968900, 0.01673925136612129000, 0.01913057298985288900, 0.02391321623731600100, 0.02630453786104757600, 0.02869585948477915100, 0.03347850273224228800, 0.03586982435597387700, 0.03706548516783967500, 0.03826114597970547300 ),
 .UNSPECIFIED. ) ;
#2841 = CARTESIAN_POINT ( 'NONE',  ( -184.1128010863145100, 293.1021057217007000, -138.5485251586086700 ) ) ;
#2842 = CARTESIAN_POINT ( 'NONE',  ( -739.3133064882089200, 138.8554250124468900, -101.7601193482076100 ) ) ;
#2843 = LINE ( 'NONE', #5451, #4824 ) ;
#2844 = ORIENTED_EDGE ( 'NONE', *, *, #586, .F. ) ;
#2845 = CARTESIAN_POINT ( 'NONE',  ( -663.0707898217588100, 63.20167647951369400, 650.0000000000000000 ) ) ;
#2846 = CARTESIAN_POINT ( 'NONE',  ( -750.6785800302291100, 71.93453721306583800, -655.0000000000000000 ) ) ;
#2847 = CARTESIAN_POINT ( 'NONE',  ( -384.4520679852320200, 179.6545930579636700, -768.3633211948056200 ) ) ;
#2848 = CARTESIAN_POINT ( 'NONE',  ( -500.6785800302290000, 221.9345372130657900, 655.0000000000000000 ) ) ;
#2849 = CARTESIAN_POINT ( 'NONE',  ( -657.8006238187803100, -27.13989833669826600, -123.2745588863497700 ) ) ;
#2850 = CARTESIAN_POINT ( 'NONE',  ( -766.4209805512816700, -48.50283976344351100, -62.99128550055069600 ) ) ;
#2851 = CARTESIAN_POINT ( 'NONE',  ( -1008.479843722427900, 0.7851742346428289800, 38.07874714157663500 ) ) ;
#2852 = CARTESIAN_POINT ( 'NONE',  ( -765.4835238744070700, 22.96939733837852400, 61.32119179345870200 ) ) ;
#2853 = CARTESIAN_POINT ( 'NONE',  ( -736.7074765592549300, 130.4192903715942000, 115.0506835282282900 ) ) ;
#2854 = ADVANCED_FACE ( 'NONE', ( #2047 ), #5267, .T. ) ;
#2855 = DIRECTION ( 'NONE',  ( -0.0000000000000000000, 1.000000000000000000, -0.0000000000000000000 ) ) ;
#2856 = LINE ( 'NONE', #1910, #6413 ) ;
#2857 = DIRECTION ( 'NONE',  ( -0.0000000000000000000, -0.0000000000000000000, -1.000000000000000000 ) ) ;
#2858 = ORIENTED_EDGE ( 'NONE', *, *, #2467, .T. ) ;
#2859 = EDGE_CURVE ( 'NONE', #2588, #3558, #5608, .T. ) ;
#2860 = DIRECTION ( 'NONE',  ( 0.8525939347305838700, 0.0000000000000000000, 0.5225739971148784000 ) ) ;
#2861 = B_SPLINE_CURVE_WITH_KNOTS ( 'NONE', 3,
 ( #1689, #3843, #760, #4897, #2983, #6712 ),
 .UNSPECIFIED., .F., .F.,
 ( 4, 1, 1, 4 ),
 ( 0.0000000000000000000, 0.08409707550759747100, 0.1681940720496415700, 1.000000000000000000 ),
 .UNSPECIFIED. ) ;
#2862 = CARTESIAN_POINT ( 'NONE',  ( -740.6150288742914000, -34.39772603926746800, -36.91500537387647500 ) ) ;
#2863 = CARTESIAN_POINT ( 'NONE',  ( -167.7373814126759400, 319.6018535515686400, 239.9999999999999400 ) ) ;
#2864 = AXIS2_PLACEMENT_3D ( 'NONE', #313, #1447, #3534 ) ;
#2865 = CARTESIAN_POINT ( 'NONE',  ( -934.8554625178761600, 7.164169077462492700, -50.80667994524125000 ) ) ;
#2866 = CARTESIAN_POINT ( 'NONE',  ( -143.0628256000690000, 281.2586905825141900, 240.0000000000000600 ) ) ;
#2867 = ORIENTED_EDGE ( 'NONE', *, *, #6764, .T. ) ;
#2868 = CARTESIAN_POINT ( 'NONE',  ( -135.8262505225143600, 352.1854547018975300, 115.4209030207743500 ) ) ;
#2869 = EDGE_CURVE ( 'NONE', #2558, #5496, #1800, .T. ) ;
#2870 = CARTESIAN_POINT ( 'NONE',  ( -729.2237219786763900, 26.52037872249231400, -120.3472399959403600 ) ) ;
#2871 = ORIENTED_EDGE ( 'NONE', *, *, #3233, .F. ) ;
#2872 = CARTESIAN_POINT ( 'NONE',  ( -1007.589910239763600, 0.8351890653911404600, 39.56955737032698300 ) ) ;
#2873 = CARTESIAN_POINT ( 'NONE',  ( -250.6785800302291400, 25.93453721306643400, 877.0070966690597100 ) ) ;
#2874 = CARTESIAN_POINT ( 'NONE',  ( -5.573319583618286500E-011, 126.3466639456766500, -136.1746032277062900 ) ) ;
#2875 = ORIENTED_EDGE ( 'NONE', *, *, #3002, .T. ) ;
#2876 = DIRECTION ( 'NONE',  ( -0.0000000000000000000, -1.000000000000000000, -0.0000000000000000000 ) ) ;
#2877 = VECTOR ( 'NONE', #1214, 1000.000000000000000 ) ;
#2878 = ORIENTED_EDGE ( 'NONE', *, *, #2819, .T. ) ;
#2879 = CARTESIAN_POINT ( 'NONE',  ( -800.9008742536769900, -73.04092033456127800, 62.35015373822300700 ) ) ;
#2880 = CARTESIAN_POINT ( 'NONE',  ( -513.2675037780667300, 54.87322084212027600, 373.8383188011163200 ) ) ;
#2881 = CARTESIAN_POINT ( 'NONE',  ( -994.3096597504323900, 22.17500614497043500, 80.23718975908492700 ) ) ;
#2882 = CARTESIAN_POINT ( 'NONE',  ( -181.9373751787178400, 335.9530809881290500, 114.1413722281250600 ) ) ;
#2883 = CARTESIAN_POINT ( 'NONE',  ( -738.1195258406041800, 134.7862868232181500, 110.4771068390198100 ) ) ;
#2884 = CARTESIAN_POINT ( 'NONE',  ( -1059.433308974922100, -2.078443092143193100, -32.95183448588308300 ) ) ;
#2885 = CARTESIAN_POINT ( 'NONE',  ( -861.7347391325686200, 96.59425868281807900, -91.56730516856505600 ) ) ;
#2886 = ORIENTED_EDGE ( 'NONE', *, *, #2502, .T. ) ;
#2887 = CARTESIAN_POINT ( 'NONE',  ( -183.8273139237522900, 297.3046243358048700, 138.5580413973609700 ) ) ;
#2888 = CARTESIAN_POINT ( 'NONE',  ( -729.0433365355230500, 27.87242570341168200, 103.3790879573674600 ) ) ;
#2889 = CARTESIAN_POINT ( 'NONE',  ( -723.6193010487612600, -38.68068962038901000, -36.91515317970814200 ) ) ;
#2890 = CARTESIAN_POINT ( 'NONE',  ( -168.0420288320277700, 319.4910062326945900, 239.9999999999999700 ) ) ;
#2891 = CARTESIAN_POINT ( 'NONE',  ( -938.6266217216168600, -44.47907115522036000, -65.42064159118174900 ) ) ;
#2892 = ORIENTED_EDGE ( 'NONE', *, *, #5740, .T. ) ;
#2893 = B_SPLINE_CURVE_WITH_KNOTS ( 'NONE', 2,
 ( #2902, #1390, #5005 ),
 .UNSPECIFIED., .F., .F.,
 ( 3, 3 ),
 ( 0.0000000000000000000, 1.000000000000000000 ),
 .UNSPECIFIED. ) ;
#2894 = CARTESIAN_POINT ( 'NONE',  ( -23.35382240621721600, 293.6700799439358300, -143.9071577812785800 ) ) ;
#2895 = CARTESIAN_POINT ( 'NONE',  ( -489.2166624601146100, 3.132967538697218700, -210.0847015248558300 ) ) ;
#2896 = ORIENTED_EDGE ( 'NONE', *, *, #978, .T. ) ;
#2897 = CARTESIAN_POINT ( 'NONE',  ( -470.6543513917222900, 324.7166534563784800, 655.0000000000000000 ) ) ;
#2898 = ADVANCED_FACE ( 'NONE', ( #3281 ), #6841, .T. ) ;
#2899 = CARTESIAN_POINT ( 'NONE',  ( -865.5321902036885100, 34.07206661870581100, 113.8063720157477400 ) ) ;
#2900 = CARTESIAN_POINT ( 'NONE',  ( -739.4335370044988200, 139.6992244574321400, 95.30066013804217600 ) ) ;
#2901 = VERTEX_POINT ( 'NONE', #5714 ) ;
#2902 = CARTESIAN_POINT ( 'NONE',  ( -418.4486822469645500, 71.87170263032061300, 650.0000000000000000 ) ) ;
#2903 = CARTESIAN_POINT ( 'NONE',  ( -938.9130499820681700, -42.81387797026829400, -64.85938609751606500 ) ) ;
#2904 = CARTESIAN_POINT ( 'NONE',  ( -769.2837236896194800, 22.59723649485580300, 54.82507797307533100 ) ) ;
#2905 = EDGE_CURVE ( 'NONE', #4254, #3290, #2690, .T. ) ;
#2906 = CARTESIAN_POINT ( 'NONE',  ( -500.6785800302290000, 126.9831315268311900, 755.0000000000000000 ) ) ;
#2907 = CARTESIAN_POINT ( 'NONE',  ( -1043.268415837699400, -1.169965762017712000, -43.92755575091424400 ) ) ;
#2908 = DIRECTION ( 'NONE',  ( 0.0000000000000000000, 1.000000000000000000, 0.0000000000000000000 ) ) ;
#2909 = CARTESIAN_POINT ( 'NONE',  ( -178.8048544031008200, 290.4599393387090300, 138.7254567147159600 ) ) ;
#2910 = CARTESIAN_POINT ( 'NONE',  ( -729.9630625047289000, 34.41145251588084600, 113.5734066347483700 ) ) ;
#2911 = CARTESIAN_POINT ( 'NONE',  ( -635.2182686816095200, 17.86686176080491300, -451.2293551246756400 ) ) ;
#2912 = CARTESIAN_POINT ( 'NONE',  ( -769.6961746380799200, 23.42730997547047500, 64.71272302272220100 ) ) ;
#2913 = CARTESIAN_POINT ( 'NONE',  ( -160.3635184798018800, 321.6921441375711800, 239.9999999999999400 ) ) ;
#2914 = EDGE_CURVE ( 'NONE', #3954, #3128, #4454, .T. ) ;
#2915 = CARTESIAN_POINT ( 'NONE',  ( -531.9501749664385700, -5.650588350028082000, 69.73714230385326100 ) ) ;
#2916 = AXIS2_PLACEMENT_3D ( 'NONE', #2897, #4494, #5053 ) ;
#2917 = CARTESIAN_POINT ( 'NONE',  ( -1018.328763011401300, 21.11698506735716700, -60.33033841377616100 ) ) ;
#2918 = CARTESIAN_POINT ( 'NONE',  ( -969.6588813519164200, 2.974113679551228600, 69.42750601085352000 ) ) ;
#2919 = CARTESIAN_POINT ( 'NONE',  ( -940.1818394801298400, -44.47907115696418900, 57.72745560709741100 ) ) ;
#2920 =( BOUNDED_SURFACE ( )  B_SPLINE_SURFACE ( 3, 2, ( 
 ( #6571, #1250, #1317 ),
 ( #5439, #3442, #250 ),
 ( #6502, #813, #186 ),
 ( #6051, #2870, #4996 ) ),
 .UNSPECIFIED., .F., .F., .F. ) 
 B_SPLINE_SURFACE_WITH_KNOTS ( ( 4, 4 ),
 ( 3, 3 ),
 ( -3.352464972294910700E-010, 0.0003555670688977704600 ),
 ( 0.0000000000000000000, 1.000000000000000000 ),
 .UNSPECIFIED. ) 
 GEOMETRIC_REPRESENTATION_ITEM ( )  RATIONAL_B_SPLINE_SURFACE ( (
 ( 1.000000000000000000, 0.7063643996572448500, 1.000000000000000000),
 ( 1.000000000000000000, 0.7063658353444475200, 1.000000000000000000),
 ( 1.000000000000000000, 0.7063672714796429600, 1.000000000000000000),
 ( 1.000000000000000000, 0.7063687080364216000, 1.000000000000000000) ) ) 
 REPRESENTATION_ITEM ( '' )  SURFACE ( )  );
#2921 = ORIENTED_EDGE ( 'NONE', *, *, #1342, .F. ) ;
#2922 = ORIENTED_EDGE ( 'NONE', *, *, #188, .F. ) ;
#2923 = DIRECTION ( 'NONE',  ( -0.0000000000000000000, -0.0000000000000000000, -1.000000000000000000 ) ) ;
#2924 = CARTESIAN_POINT ( 'NONE',  ( -1004.706739009857800, 0.9972251318694943500, 73.27699704929962400 ) ) ;
#2925 = AXIS2_PLACEMENT_3D ( 'NONE', #4076, #6682, #403 ) ;
#2926 = DIRECTION ( 'NONE',  ( 1.000000000000000000, 0.0000000000000000000, 0.0000000000000000000 ) ) ;
#2927 = VECTOR ( 'NONE', #2086, 1000.000000000000000 ) ;
#2928 = CARTESIAN_POINT ( 'NONE',  ( -738.8592291544500800, 137.2125294022906400, 106.2991128776416500 ) ) ;
#2929 = ORIENTED_EDGE ( 'NONE', *, *, #4425, .F. ) ;
#2930 = ADVANCED_FACE ( 'NONE', ( #4446 ), #3074, .T. ) ;
#2931 = CARTESIAN_POINT ( 'NONE',  ( -1030.035062038852900, 35.75475992207486100, -15.15573835590664900 ) ) ;
#2932 = CARTESIAN_POINT ( 'NONE',  ( -328.9042016454120000, 142.3159073641449200, 595.8288105596224100 ) ) ;
#2933 = CARTESIAN_POINT ( 'NONE',  ( -152.4038922335044200, 281.1168816450554600, 139.6054887870358200 ) ) ;
#2934 = CARTESIAN_POINT ( 'NONE',  ( -524.0839179233563500, 24.10135128894039600, -479.8898481359895500 ) ) ;
#2935 = CARTESIAN_POINT ( 'NONE',  ( -250.6785800302286900, -425.2369295036681400, 459.2542764104997000 ) ) ;
#2936 = CARTESIAN_POINT ( 'NONE',  ( -928.3743774157546800, 25.60459821332584000, 102.9988923279262800 ) ) ;
#2937 = LINE ( 'NONE', #2475, #4917 ) ;
#2938 = DIRECTION ( 'NONE',  ( 1.000000000000000000, -0.0000000000000000000, -1.110223024625156500E-016 ) ) ;
#2939 = VERTEX_POINT ( 'NONE', #3191 ) ;
#2940 = DIRECTION ( 'NONE',  ( 0.03331483023263846100, -0.0000000000000000000, 0.9994449069791543300 ) ) ;
#2941 = CARTESIAN_POINT ( 'NONE',  ( -24.27771448673379200, 293.4641455603057200, -143.8763613785945900 ) ) ;
#2942 = CARTESIAN_POINT ( 'NONE',  ( -363.3325037834424100, 141.9740899135819600, -509.3156103644660700 ) ) ;
#2943 = CARTESIAN_POINT ( 'NONE',  ( -994.6031951088662000, 1.565050759440166100, -54.74811187495323100 ) ) ;
#2944 = LINE ( 'NONE', #1586, #1046 ) ;
#2945 = CARTESIAN_POINT ( 'NONE',  ( -933.9294558982217000, -44.47907115696418900, 69.08462895828178300 ) ) ;
#2946 = B_SPLINE_CURVE_WITH_KNOTS ( 'NONE', 3,
 ( #1806, #4944, #355, #1905, #1443, #1973, #4055, #5108, #1371, #2424, #5684, #891, #5622, #334, #6747, #3556, #3582, #6129, #1421, #5135, #3599, #4598 ),
 .UNSPECIFIED., .F., .F.,
 ( 4, 2, 2, 2, 2, 2, 2, 2, 2, 2, 4 ),
 ( 1.163170574736153400E-016, 0.003536058896568520700, 0.007072117793136925200, 0.008840147241421127500, 0.01060817668970533100, 0.01149219141384758700, 0.01237620613798984400, 0.01281821350006097500, 0.01326022086213210700, 0.01370222822420324100, 0.01414423558627437300 ),
 .UNSPECIFIED. ) ;
#2947 = CARTESIAN_POINT ( 'NONE',  ( -143.8233943768702800, 322.8664308143299300, 114.8776203492508900 ) ) ;
#2948 = CARTESIAN_POINT ( 'NONE',  ( -728.8939049041432600, 27.12184727254937800, -100.6064629843200900 ) ) ;
#2949 = CARTESIAN_POINT ( 'NONE',  ( -994.6031951089477200, 1.565050759435582000, 54.74811187494922400 ) ) ;
#2950 = LINE ( 'NONE', #1210, #5186 ) ;
#2951 = ORIENTED_EDGE ( 'NONE', *, *, #5878, .F. ) ;
#2952 = CARTESIAN_POINT ( 'NONE',  ( -765.8750742251767200, 22.93105206289046500, 62.20493807403948200 ) ) ;
#2953 = ORIENTED_EDGE ( 'NONE', *, *, #399, .F. ) ;
#2954 = CARTESIAN_POINT ( 'NONE',  ( -970.5218452665625400, -46.52138065281847900, -62.35021923255894900 ) ) ;
#2955 = CARTESIAN_POINT ( 'NONE',  ( -750.6785800302291100, 71.93453721306583800, -655.0000000000000000 ) ) ;
#2956 = LINE ( 'NONE', #1915, #3474 ) ;
#2957 = CARTESIAN_POINT ( 'NONE',  ( -728.9337406396426800, 26.54878758476935700, 95.29554850291650300 ) ) ;
#2958 = EDGE_CURVE ( 'NONE', #2240, #6228, #1883, .T. ) ;
#2959 = ORIENTED_EDGE ( 'NONE', *, *, #503, .T. ) ;
#2960 = VECTOR ( 'NONE', #512, 1000.000000000000000 ) ;
#2961 = VERTEX_POINT ( 'NONE', #5967 ) ;
#2962 = CARTESIAN_POINT ( 'NONE',  ( -728.7059646597059600, 26.57109911396810300, 95.71140535763856900 ) ) ;
#2963 = B_SPLINE_CURVE_WITH_KNOTS ( 'NONE', 3,
 ( #1774, #120, #3817, #658, #4338, #1179, #4870, #5398, #2242, #6468, #3308, #149, #1802, #2952, #260, #2852, #2379, #4022, #5561, #3961, #3933, #3406, #5060, #5585, #1872, #6039, #6654, #797, #3453, #4482, #1846, #5523, #6559, #2904, #2404, #278, #301, #5547 ),
 .UNSPECIFIED., .F., .F.,
 ( 4, 2, 2, 2, 2, 2, 2, 2, 2, 2, 2, 2, 2, 2, 2, 2, 2, 2, 4 ),
 ( 1.149115189230609200E-016, 0.0004797873260719718500, 0.0009595746521438287800, 0.001919149304287229900, 0.002878723956430631000, 0.003838298608574031900, 0.004797873260717432300, 0.005757447912860833500, 0.006717022565004234800, 0.007676597217147635200, 0.008636171869291036500, 0.009595746521434437800, 0.01055532117357783700, 0.01151489582572123700, 0.01247447047786463800, 0.01343404513000803800, 0.01439361978215143900, 0.01487340710822314200, 0.01535319443429484500 ),
 .UNSPECIFIED. ) ;
#2964 = CARTESIAN_POINT ( 'NONE',  ( -782.3509577309871500, 30.94178077095935500, 479.9273741711696200 ) ) ;
#2965 = CARTESIAN_POINT ( 'NONE',  ( -731.8165205886458600, 51.43860034523280700, -120.2917345085309900 ) ) ;
#2966 = CARTESIAN_POINT ( 'NONE',  ( -515.1253989649039800, 7.202741035155889400, 210.5078935649555100 ) ) ;
#2967 = FACE_OUTER_BOUND ( 'NONE', #5056, .T. ) ;
#2968 = DIRECTION ( 'NONE',  ( -1.000000000000000000, -1.110223024625156700E-015, 0.0000000000000000000 ) ) ;
#2969 = CARTESIAN_POINT ( 'NONE',  ( -991.8975767202769000, 1.717108242848574200, -56.99050842856865300 ) ) ;
#2970 = ADVANCED_FACE ( 'NONE', ( #405 ), #1138, .F. ) ;
#2971 = DIRECTION ( 'NONE',  ( -2.220446049250313600E-016, 1.000000000000000000, 0.0000000000000000000 ) ) ;
#2972 = CARTESIAN_POINT ( 'NONE',  ( -938.6168143272911900, 7.164169369840226200, 65.43478420662864900 ) ) ;
#2973 = DIRECTION ( 'NONE',  ( -1.000000000000000000, -1.110223024625156800E-016, 0.0000000000000000000 ) ) ;
#2974 = CARTESIAN_POINT ( 'NONE',  ( -939.7610566767657500, -42.67102479848920600, -63.04595048596310400 ) ) ;
#2975 = ORIENTED_EDGE ( 'NONE', *, *, #4759, .T. ) ;
#2976 = CARTESIAN_POINT ( 'NONE',  ( -912.8172059080797000, 24.28912626595114700, 106.2991371976811100 ) ) ;
#2977 = CARTESIAN_POINT ( 'NONE',  ( -770.0781440828610600, 23.42789570974004900, -64.73844108900411200 ) ) ;
#2978 = CARTESIAN_POINT ( 'NONE',  ( -1050.325149824583800, -1.566558724155874300, -39.17203008967106100 ) ) ;
#2979 = CARTESIAN_POINT ( 'NONE',  ( -950.0984878446716900, 4.889700464791611800, 81.60400737600026800 ) ) ;
#2980 = ORIENTED_EDGE ( 'NONE', *, *, #6677, .T. ) ;
#2981 = CARTESIAN_POINT ( 'NONE',  ( -729.0542768836836600, 26.53698324128182800, -95.29295773868912500 ) ) ;
#2982 = CARTESIAN_POINT ( 'NONE',  ( -184.3320442975574700, 304.8373345718552500, 239.9999999999999700 ) ) ;
#2983 = CARTESIAN_POINT ( 'NONE',  ( -774.0642468253603300, 23.59035881302534000, 479.9273741711696200 ) ) ;
#2984 = EDGE_CURVE ( 'NONE', #923, #3503, #2950, .T. ) ;
#2985 = CARTESIAN_POINT ( 'NONE',  ( -731.8160511472706300, 51.43864591205921500, -120.2917445830364000 ) ) ;
#2986 = CARTESIAN_POINT ( 'NONE',  ( -393.8887080982340200, 87.29250983550717500, 509.9464644161665200 ) ) ;
#2987 = CARTESIAN_POINT ( 'NONE',  ( -139.3953344788098400, 281.6532700022779100, 240.0000000000000300 ) ) ;
#2988 = CARTESIAN_POINT ( 'NONE',  ( -660.9290852636136200, -29.58390484887792800, 36.90695453431306600 ) ) ;
#2989 = ORIENTED_EDGE ( 'NONE', *, *, #6773, .F. ) ;
#2990 = CARTESIAN_POINT ( 'NONE',  ( -541.8885715921194300, -5.816779783864600300, 0.0000000000000000000 ) ) ;
#2991 = CARTESIAN_POINT ( 'NONE',  ( -937.7339453365490300, -42.95343469536383200, -53.02057910938210500 ) ) ;
#2992 = CARTESIAN_POINT ( 'NONE',  ( -769.0340485504651700, 23.42730997547047500, 64.59706411977467200 ) ) ;
#2993 = CARTESIAN_POINT ( 'NONE',  ( -912.2578422036818900, 24.14717897862490800, 106.4124030142704800 ) ) ;
#2994 = EDGE_CURVE ( 'NONE', #4846, #156, #483, .T. ) ;
#2995 = CARTESIAN_POINT ( 'NONE',  ( -766.4813514325362600, -49.25061185733253700, -63.10971365174059100 ) ) ;
#2996 = ADVANCED_FACE ( 'NONE', ( #70 ), #1920, .T. ) ;
#2997 = CARTESIAN_POINT ( 'NONE',  ( -1028.502107916284300, 37.37427986146646900, -2.270267071920056200 ) ) ;
#2998 = CARTESIAN_POINT ( 'NONE',  ( -1006.539927943612700, 0.8941987417924348600, 41.28263253712653800 ) ) ;
#2999 = CARTESIAN_POINT ( 'NONE',  ( -948.0685558445707100, 400.0000000000000000, 5.863365348801608000E-013 ) ) ;
#3000 = EDGE_CURVE ( 'NONE', #6678, #3253, #6140, .T. ) ;
#3001 = CARTESIAN_POINT ( 'NONE',  ( -182.3001653126925700, 309.6203191128620900, 240.0000000000000300 ) ) ;
#3002 = EDGE_CURVE ( 'NONE', #5899, #1228, #5171, .T. ) ;
#3003 = CARTESIAN_POINT ( 'NONE',  ( -750.6785800302291100, 71.93453721306583800, 655.0000000000000000 ) ) ;
#3004 = CARTESIAN_POINT ( 'NONE',  ( -770.0781440828610600, -51.00000000000041200, -54.73844108900409100 ) ) ;
#3005 =( BOUNDED_SURFACE ( )  B_SPLINE_SURFACE ( 3, 2, ( 
 ( #5224, #5776, #3683 ),
 ( #5263, #4711, #3147 ),
 ( #2036, #1003, #1546 ),
 ( #6215, #2510, #1524 ) ),
 .UNSPECIFIED., .F., .F., .F. ) 
 B_SPLINE_SURFACE_WITH_KNOTS ( ( 4, 4 ),
 ( 3, 3 ),
 ( 4.733524478120269700, 4.778723614003157900 ),
 ( 0.0000000000000000000, 1.000000000000000000 ),
 .UNSPECIFIED. ) 
 GEOMETRIC_REPRESENTATION_ITEM ( )  RATIONAL_B_SPLINE_SURFACE ( (
 ( 1.000000000000000000, 0.7095835371813863400, 1.000000000000000000),
 ( 1.000000000000000000, 0.7113457427226116400, 1.000000000000000000),
 ( 1.000000000000000000, 0.7131005369420068100, 1.000000000000000000),
 ( 1.000000000000000000, 0.7148463099497081000, 1.000000000000000000) ) ) 
 REPRESENTATION_ITEM ( '' )  SURFACE ( )  );
#3006 = CARTESIAN_POINT ( 'NONE',  ( -145.6038534420276600, 281.0769805873935100, 240.0000000000000000 ) ) ;
#3007 = CARTESIAN_POINT ( 'NONE',  ( -330.2208444011911900, 119.1623276334164000, -650.0000000000000000 ) ) ;
#3008 = AXIS2_PLACEMENT_3D ( 'NONE', #6080, #5075, #2435 ) ;
#3009 = CIRCLE ( 'NONE', #1304, 110.0000000000000400 ) ;
#3010 = CARTESIAN_POINT ( 'NONE',  ( -362.5943677262777100, 119.5843527012690400, -509.5258950483661200 ) ) ;
#3011 = ORIENTED_EDGE ( 'NONE', *, *, #1859, .F. ) ;
#3012 = CARTESIAN_POINT ( 'NONE',  ( -21.51638725317691600, 299.5994828275084400, -143.9684056197132200 ) ) ;
#3013 = CARTESIAN_POINT ( 'NONE',  ( -513.2675037780667300, 54.87322084212027600, -373.8383188011163200 ) ) ;
#3014 = CARTESIAN_POINT ( 'NONE',  ( -21.27528866826829200, 304.6858783678541200, 239.9999999999999100 ) ) ;
#3015 = CARTESIAN_POINT ( 'NONE',  ( -663.0707898217586900, 63.20167647951359400, -650.0000000000000000 ) ) ;
#3016 = VECTOR ( 'NONE', #6751, 1000.000000000000100 ) ;
#3017 = VERTEX_POINT ( 'NONE', #3878 ) ;
#3018 = CARTESIAN_POINT ( 'NONE',  ( -938.1650213226174600, -42.88749512045819000, -53.53073804037050800 ) ) ;
#3019 = DIRECTION ( 'NONE',  ( 0.0000000000000000000, 1.000000000000000000, 0.0000000000000000000 ) ) ;
#3020 = B_SPLINE_CURVE_WITH_KNOTS ( 'NONE', 2,
 ( #576, #3714, #1646 ),
 .UNSPECIFIED., .F., .F.,
 ( 3, 3 ),
 ( 0.0000000000000000000, 1.000000000000000000 ),
 .UNSPECIFIED. ) ;
#3021 = CARTESIAN_POINT ( 'NONE',  ( -766.2515476233455700, 23.42789570974004900, -56.62862714041666800 ) ) ;
#3022 = CARTESIAN_POINT ( 'NONE',  ( -1029.345990449706100, 36.62101568537924800, -10.21502374555108600 ) ) ;
#3023 = CARTESIAN_POINT ( 'NONE',  ( -731.8165205886455200, 116.0656355729308700, -120.2917345085309900 ) ) ;
#3024 = VECTOR ( 'NONE', #4832, 1000.000000000000000 ) ;
#3025 = VERTEX_POINT ( 'NONE', #3347 ) ;
#3026 = CARTESIAN_POINT ( 'NONE',  ( -393.1649503368307100, 164.4875587390706100, 738.7161178760960600 ) ) ;
#3027 = CARTESIAN_POINT ( 'NONE',  ( -183.7446665813317000, 306.8427941990329400, 239.9999999999999400 ) ) ;
#3028 = CIRCLE ( 'NONE', #3596, 370.0000000000000000 ) ;
#3029 = CARTESIAN_POINT ( 'NONE',  ( -857.4257995106256700, 79.18810568218305000, 113.8766671569789500 ) ) ;
#3030 = ORIENTED_EDGE ( 'NONE', *, *, #1460, .F. ) ;
#3031 = CARTESIAN_POINT ( 'NONE',  ( -733.9389794829934300, 26.05957004490587500, -120.2209858787194000 ) ) ;
#3032 = CARTESIAN_POINT ( 'NONE',  ( -135.0883436324473300, 282.2010314934698800, 240.0000000000000300 ) ) ;
#3033 = CARTESIAN_POINT ( 'NONE',  ( -88.68346670404344000, 310.5249207753435600, -141.7295029713510200 ) ) ;
#3034 = CARTESIAN_POINT ( 'NONE',  ( -977.9970575583958000, 32.06201920788370800, 87.52448106196229100 ) ) ;
#3035 = CARTESIAN_POINT ( 'NONE',  ( -42.00578268861308800, 308.7102488210434800, 240.0000000000000000 ) ) ;
#3036 = ORIENTED_EDGE ( 'NONE', *, *, #178, .T. ) ;
#3037 = FACE_OUTER_BOUND ( 'NONE', #234, .T. ) ;
#3038 = ORIENTED_EDGE ( 'NONE', *, *, #23, .T. ) ;
#3039 = EDGE_CURVE ( 'NONE', #6155, #2558, #5346, .T. ) ;
#3040 = CARTESIAN_POINT ( 'NONE',  ( -977.8172088364416400, -37.53297281724876900, -20.83333333333332900 ) ) ;
#3041 = CARTESIAN_POINT ( 'NONE',  ( -1004.508166210119600, 19.88191308001096400, -37.02459158161067900 ) ) ;
#3042 = ORIENTED_EDGE ( 'NONE', *, *, #4896, .T. ) ;
#3043 = CARTESIAN_POINT ( 'NONE',  ( -930.3350885582593700, -44.05432486541278800, -49.73204005062552100 ) ) ;
#3044 = CARTESIAN_POINT ( 'NONE',  ( -914.7392496824887800, 24.93887290660811500, 105.9052056003544800 ) ) ;
#3045 = CIRCLE ( 'NONE', #954, 200.0000000000001700 ) ;
#3046 = ORIENTED_EDGE ( 'NONE', *, *, #1188, .T. ) ;
#3047 = CARTESIAN_POINT ( 'NONE',  ( -765.4872778177197000, -49.25061185733253700, -57.82519722479804600 ) ) ;
#3048 = CARTESIAN_POINT ( 'NONE',  ( -1092.477581501739000, -3.935552336621702500, 9.261540796220748100 ) ) ;
#3049 = APPLICATION_PROTOCOL_DEFINITION ( 'draft international standard', 'automotive_design', 1998, #4117 ) ;
#3050 = CARTESIAN_POINT ( 'NONE',  ( -863.4836486381740300, -50.48501208658142800, -51.81809277202108200 ) ) ;
#3051 = EDGE_CURVE ( 'NONE', #4100, #5266, #6256, .T. ) ;
#3052 = AXIS2_PLACEMENT_3D ( 'NONE', #4687, #5710, #6775 ) ;
#3053 = ORIENTED_EDGE ( 'NONE', *, *, #3585, .F. ) ;
#3054 = CARTESIAN_POINT ( 'NONE',  ( -918.9483379989701500, 76.50511764219056900, -81.22163257603104100 ) ) ;
#3055 = CARTESIAN_POINT ( 'NONE',  ( -920.3040779020315100, 72.40355017324031900, -93.56937122821923900 ) ) ;
#3056 = CARTESIAN_POINT ( 'NONE',  ( -115.3785462197504900, 284.7585969879240200, 239.9999999999999700 ) ) ;
#3057 = CARTESIAN_POINT ( 'NONE',  ( -488.6698759689920200, 3.216029123472907300, -210.1442394422553000 ) ) ;
#3058 = CARTESIAN_POINT ( 'NONE',  ( -55.00145345845117400, 305.6505119188389000, -142.8522367462040300 ) ) ;
#3059 = CARTESIAN_POINT ( 'NONE',  ( -469.0710157804053900, 28.03962429833553600, -71.65342119842550500 ) ) ;
#3060 = CARTESIAN_POINT ( 'NONE',  ( -767.7837809538689300, -49.25060836388760100, 64.10548462347611600 ) ) ;
#3061 = CARTESIAN_POINT ( 'NONE',  ( -35.09604159514846300, 307.5180333870135300, 239.9999999999999700 ) ) ;
#3062 = ORIENTED_EDGE ( 'NONE', *, *, #967, .T. ) ;
#3063 = CARTESIAN_POINT ( 'NONE',  ( -966.0375125829705200, -38.04515784016426500, -20.83333333333332900 ) ) ;
#3064 = CARTESIAN_POINT ( 'NONE',  ( -384.4520679852320200, 179.6545930579636700, -768.3633211948056200 ) ) ;
#3065 = ORIENTED_EDGE ( 'NONE', *, *, #5352, .T. ) ;
#3066 = CARTESIAN_POINT ( 'NONE',  ( -935.1270327029192200, -43.34917927424653800, -50.96282958029106400 ) ) ;
#3067 = CARTESIAN_POINT ( 'NONE',  ( -663.0707898217588100, 63.20167647951369400, -650.0000000000000000 ) ) ;
#3068 = CARTESIAN_POINT ( 'NONE',  ( -766.2515476233455700, -49.25061185733253700, -56.62862714041666800 ) ) ;
#3069 = ORIENTED_EDGE ( 'NONE', *, *, #5131, .T. ) ;
#3070 = CARTESIAN_POINT ( 'NONE',  ( -398.4207576562802200, 156.5416843719066300, -717.2926457878032800 ) ) ;
#3071 = DIRECTION ( 'NONE',  ( 0.0000000000000000000, 0.0000000000000000000, -1.000000000000000000 ) ) ;
#3072 = AXIS2_PLACEMENT_3D ( 'NONE', #6480, #5929, #3345 ) ;
#3073 = CARTESIAN_POINT ( 'NONE',  ( -843.5366857629792300, -51.17451922384034900, -67.03514222653198800 ) ) ;
#3074 = PLANE ( 'NONE',  #6769 ) ;
#3075 = CARTESIAN_POINT ( 'NONE',  ( -1004.503132905697500, 46.38749604251910300, -49.68666950093215500 ) ) ;
#3076 = CARTESIAN_POINT ( 'NONE',  ( -127.1199838254683500, 283.2296999750810200, 239.9999999999999100 ) ) ;
#3078 = ORIENTED_EDGE ( 'NONE', *, *, #1380, .T. ) ;
#3077 = CARTESIAN_POINT ( 'NONE',  ( -513.4672159472800100, 45.54542476513815100, -373.8168780586473800 ) ) ;
#3079 = CARTESIAN_POINT ( 'NONE',  ( -135.5457493999852500, 316.7100198675891000, -140.1674268814863900 ) ) ;
#3080 = DIRECTION ( 'NONE',  ( -0.0000000000000000000, -0.0000000000000000000, 1.000000000000000000 ) ) ;
#3081 = CARTESIAN_POINT ( 'NONE',  ( -17.29733704334396500, 303.5737030821371700, 239.9999999999998900 ) ) ;
#3082 = CARTESIAN_POINT ( 'NONE',  ( -671.3892581488839800, 151.2238590944111500, -655.0000000000000000 ) ) ;
#3083 = PLANE ( 'NONE',  #545 ) ;
#3084 = CARTESIAN_POINT ( 'NONE',  ( -1027.911948286573100, 23.68457732771805600, -46.10507969727107300 ) ) ;
#3085 = DIRECTION ( 'NONE',  ( -0.0000000000000000000, -0.0000000000000000000, 1.000000000000000000 ) ) ;
#3086 = EDGE_CURVE ( 'NONE', #4005, #5932, #6671, .T. ) ;
#3087 = VECTOR ( 'NONE', #6247, 1000.000000000000000 ) ;
#3088 = ORIENTED_EDGE ( 'NONE', *, *, #5214, .F. ) ;
#3089 = CARTESIAN_POINT ( 'NONE',  ( -939.3852700092813800, -42.70115108764507300, 55.50838211474222600 ) ) ;
#3090 = EDGE_LOOP ( 'NONE', ( #5103, #3046, #2871, #6687 ) ) ;
#3091 = AXIS2_PLACEMENT_3D ( 'NONE', #1229, #4356, #5962 ) ;
#3092 = CARTESIAN_POINT ( 'NONE',  ( -393.1649503368307100, 164.4875587390706400, -760.9919019266880000 ) ) ;
#3093 = CARTESIAN_POINT ( 'NONE',  ( -729.0542768836836600, 26.53698324128182800, -239.9999999999998900 ) ) ;
#3094 = FACE_OUTER_BOUND ( 'NONE', #3936, .T. ) ;
#3095 = VERTEX_POINT ( 'NONE', #115 ) ;
#3096 = EDGE_CURVE ( 'NONE', #3397, #3232, #1314, .T. ) ;
#3097 = DIRECTION ( 'NONE',  ( -1.000000000000000000, 0.0000000000000000000, 0.0000000000000000000 ) ) ;
#3098 = CARTESIAN_POINT ( 'NONE',  ( -919.6682262976286200, 66.18766492410314600, -100.4149044162456800 ) ) ;
#3099 = CARTESIAN_POINT ( 'NONE',  ( -117.2003287077925100, 284.5199041183079200, 239.9999999999999400 ) ) ;
#3100 = CARTESIAN_POINT ( 'NONE',  ( -51.26416533576694700, 305.0704864421600700, -142.9768130169603100 ) ) ;
#3101 = CARTESIAN_POINT ( 'NONE',  ( -476.1218229458132200, 22.48589293588766600, 0.0000000000000000000 ) ) ;
#3102 = FACE_OUTER_BOUND ( 'NONE', #2723, .T. ) ;
#3103 = ORIENTED_EDGE ( 'NONE', *, *, #302, .T. ) ;
#3104 = CARTESIAN_POINT ( 'NONE',  ( -931.7072111055728100, 7.164169369840226200, 49.83040187076174700 ) ) ;
#3105 = CARTESIAN_POINT ( 'NONE',  ( -500.6785800302290000, 221.9345372130657900, 655.0000000000000000 ) ) ;
#3106 = CARTESIAN_POINT ( 'NONE',  ( -1021.074700142277700, 20.99602887136783000, 56.80099378340646900 ) ) ;
#3107 = CARTESIAN_POINT ( 'NONE',  ( -1039.873262562526900, 20.42349266150761300, -8.766409823939376600 ) ) ;
#3108 = FACE_OUTER_BOUND ( 'NONE', #2451, .T. ) ;
#3109 = ORIENTED_EDGE ( 'NONE', *, *, #5796, .F. ) ;
#3110 = ORIENTED_EDGE ( 'NONE', *, *, #3761, .F. ) ;
#3111 = CARTESIAN_POINT ( 'NONE',  ( -1028.489763414086400, 37.38376853534553800, -2.019329192619598000 ) ) ;
#3112 = CARTESIAN_POINT ( 'NONE',  ( -880.6792016605444400, 89.97689755170338800, -88.13339504144764200 ) ) ;
#3113 = CARTESIAN_POINT ( 'NONE',  ( -931.6708856413706600, -43.93270296044391200, 69.65566055208104500 ) ) ;
#3114 = CARTESIAN_POINT ( 'NONE',  ( -500.6785800302290000, 126.9831315268311900, 755.0000000000000000 ) ) ;
#3115 = CARTESIAN_POINT ( 'NONE',  ( -399.7732870235944300, 155.4650253188923200, -711.6423944051428000 ) ) ;
#3116 = EDGE_CURVE ( 'NONE', #4620, #4020, #4032, .T. ) ;
#3117 = LINE ( 'NONE', #1505, #5842 ) ;
#3118 = EDGE_LOOP ( 'NONE', ( #4536, #5612, #129, #6345 ) ) ;
#3119 = CARTESIAN_POINT ( 'NONE',  ( -497.9837345322556500, 56.56828094207282500, -576.1409615043545500 ) ) ;
#3120 = ORIENTED_EDGE ( 'NONE', *, *, #2167, .F. ) ;
#3121 = DIRECTION ( 'NONE',  ( 0.5223487729064102400, 0.02935633502662152900, 0.8522264752030249700 ) ) ;
#3122 = CIRCLE ( 'NONE', #3342, 96.73687514032413000 ) ;
#3123 = ORIENTED_EDGE ( 'NONE', *, *, #32, .F. ) ;
#3124 = DIRECTION ( 'NONE',  ( -0.9432605712340358400, -0.3320534516538568000, 0.0000000000000000000 ) ) ;
#3125 = CARTESIAN_POINT ( 'NONE',  ( -739.4335370044979100, 139.6992244574324200, -95.30066013804140800 ) ) ;
#3126 = FACE_OUTER_BOUND ( 'NONE', #2058, .T. ) ;
#3127 = CARTESIAN_POINT ( 'NONE',  ( -126.8233280958974100, 283.2681043158139600, 239.9999999999998900 ) ) ;
#3128 = VERTEX_POINT ( 'NONE', #6463 ) ;
#3129 = CARTESIAN_POINT ( 'NONE',  ( -184.5035469304772800, 298.7625002546555500, -138.5355002971365600 ) ) ;
#3130 = CARTESIAN_POINT ( 'NONE',  ( -403.6239052080296100, 141.5994251996817200, -655.0000000000000000 ) ) ;
#3131 = CARTESIAN_POINT ( 'NONE',  ( -412.8137997136921100, 74.05357191944881400, 571.4712885500152900 ) ) ;
#3132 = CARTESIAN_POINT ( 'NONE',  ( -130.8058562171617300, 321.2467302846687300, 240.0000000000000000 ) ) ;
#3133 = EDGE_CURVE ( 'NONE', #6352, #5951, #1975, .T. ) ;
#3134 = CARTESIAN_POINT ( 'NONE',  ( -916.1761530242677100, 52.87348742163671000, 105.6062142766446600 ) ) ;
#3135 = FACE_OUTER_BOUND ( 'NONE', #3799, .T. ) ;
#3136 = DIRECTION ( 'NONE',  ( -1.000000000000000000, -1.110223024625156700E-015, 0.0000000000000000000 ) ) ;
#3137 = CARTESIAN_POINT ( 'NONE',  ( -953.4141936592759500, 24.23659796949224400, -95.93045245886428100 ) ) ;
#3138 = ORIENTED_EDGE ( 'NONE', *, *, #6776, .F. ) ;
#3139 = CARTESIAN_POINT ( 'NONE',  ( -1029.837739202820300, 29.57719228365731100, -37.05460665703407800 ) ) ;
#3140 = CARTESIAN_POINT ( 'NONE',  ( -172.5354093633571300, 339.2628294251252900, 114.6258755897547400 ) ) ;
#3141 =( BOUNDED_SURFACE ( )  B_SPLINE_SURFACE ( 3, 2, ( 
 ( #6549, #1762, #5509 ),
 ( #4953, #5977, #3920 ),
 ( #4975, #2347, #5463 ),
 ( #6002, #714, #4421 ) ),
 .UNSPECIFIED., .F., .F., .F. ) 
 B_SPLINE_SURFACE_WITH_KNOTS ( ( 4, 4 ),
 ( 3, 3 ),
 ( 1.363713095135316500, 1.475088342437508700 ),
 ( 0.0000000000000000000, 1.000000000000000000 ),
 .UNSPECIFIED. ) 
 GEOMETRIC_REPRESENTATION_ITEM ( )  RATIONAL_B_SPLINE_SURFACE ( (
 ( 1.000000000000000000, 0.7308461844816109800, 1.000000000000000000),
 ( 1.000000000000000000, 0.7267194494450929200, 1.000000000000000000),
 ( 1.000000000000000000, 0.7225092902759912000, 1.000000000000000000),
 ( 1.000000000000000000, 0.7182380075418420800, 1.000000000000000000) ) ) 
 REPRESENTATION_ITEM ( '' )  SURFACE ( )  );
#3142 = CARTESIAN_POINT ( 'NONE',  ( -907.0461148893616600, 20.38489365509378000, 106.7420206874657400 ) ) ;
#3143 = CARTESIAN_POINT ( 'NONE',  ( -939.9624860819401400, -42.61462154207261900, 57.07532614755932300 ) ) ;
#3144 = CARTESIAN_POINT ( 'NONE',  ( -711.8839373918331100, -18.56752510712951200, 269.8630729374096400 ) ) ;
#3145 = EDGE_CURVE ( 'NONE', #1803, #5532, #4438, .T. ) ;
#3146 = VERTEX_POINT ( 'NONE', #1176 ) ;
#3147 = CARTESIAN_POINT ( 'NONE',  ( -780.0819614265502700, 125.3898702394614600, -94.44150617812307800 ) ) ;
#3148 = CARTESIAN_POINT ( 'NONE',  ( 465.9699137599470200, -101.6600000000000000, -1099.999999628405700 ) ) ;
#3149 = CARTESIAN_POINT ( 'NONE',  ( 465.9699137599470200, -101.6600000000000000, -1099.999999628405700 ) ) ;
#3150 = ORIENTED_EDGE ( 'NONE', *, *, #5791, .T. ) ;
#3151 = CARTESIAN_POINT ( 'NONE',  ( -42.30161604807683100, 295.2401520031291400, 239.9999999999999700 ) ) ;
#3152 = CARTESIAN_POINT ( 'NONE',  ( -182.2875675152591800, 304.5029352146149200, -138.6093662776438600 ) ) ;
#3153 = CARTESIAN_POINT ( 'NONE',  ( -969.8308515967182800, 2.957272304234565200, -68.79590352574899700 ) ) ;
#3154 = CARTESIAN_POINT ( 'NONE',  ( -515.1253989649039800, 7.202741035155889400, 210.5078935649555100 ) ) ;
#3155 = CARTESIAN_POINT ( 'NONE',  ( -99.25497974088280300, 317.1014143134593700, 239.9999999999999700 ) ) ;
#3156 = CARTESIAN_POINT ( 'NONE',  ( -916.1895975397238800, 52.96374694212986600, 105.6029301447656400 ) ) ;
#3157 = DIRECTION ( 'NONE',  ( 1.000000000000000000, 0.0000000000000000000, 0.0000000000000000000 ) ) ;
#3158 = CARTESIAN_POINT ( 'NONE',  ( -1030.471267348509900, 30.98963911588032300, -32.91195045358919200 ) ) ;
#3159 = CARTESIAN_POINT ( 'NONE',  ( -169.7121836908592100, 340.2566818747427500, 135.3685827646549700 ) ) ;
#3160 = PLANE ( 'NONE',  #5580 ) ;
#3161 = CARTESIAN_POINT ( 'NONE',  ( -938.9180432313130500, -42.81304988425857500, 64.85088875770192400 ) ) ;
#3162 = CARTESIAN_POINT ( 'NONE',  ( -165.8860226064538200, 320.2349135988002900, 139.1560844412708800 ) ) ;
#3163 = CARTESIAN_POINT ( 'NONE',  ( -5.573319583618285200E-011, 130.6860349119247400, 140.0364662091884300 ) ) ;
#3164 = CARTESIAN_POINT ( 'NONE',  ( -1007.589910239763600, 0.8351890653911342400, -39.56955737032578200 ) ) ;
#3165 = B_SPLINE_SURFACE_WITH_KNOTS ( 'NONE', 3, 3, ( 
 ( #4253, #6356, #1983, #4718, #4279, #4755, #1079 ),
 ( #57, #2137, #6820, #1559, #4193, #1598, #3196 ),
 ( #6847, #2671, #2092, #1096, #2607, #3754, #4782 ),
 ( #5312, #6308, #3154, #2156, #5847, #600, #1119 ) ),
 .UNSPECIFIED., .F., .F., .F.,
 ( 4, 4 ),
 ( 4, 1, 1, 1, 4 ),
 ( 0.0000000000000000000, 1.000000000000000000 ),
 ( 0.0000000000000000000, 0.2982968211775609600, 0.6153669425867313000, 0.7410739866888770300, 1.000000000000000000 ),
 .UNSPECIFIED. ) ;
#3166 = CARTESIAN_POINT ( 'NONE',  ( -966.0375125829712000, -38.04515784016415800, -0.0000000000000000000 ) ) ;
#3167 = CARTESIAN_POINT ( 'NONE',  ( -768.5094322262085600, 22.67306434027638300, -64.44216129968806700 ) ) ;
#3168 = CARTESIAN_POINT ( 'NONE',  ( -37.90386510476186300, 295.9770011080293600, 239.9999999999999400 ) ) ;
#3169 = FACE_OUTER_BOUND ( 'NONE', #259, .T. ) ;
#3170 = CARTESIAN_POINT ( 'NONE',  ( -946.6321122026686200, 5.229169267913642100, -82.69799315674797000 ) ) ;
#3171 = CARTESIAN_POINT ( 'NONE',  ( -126.2101647875883400, 320.6524889656835200, 239.9999999999999400 ) ) ;
#3172 = CARTESIAN_POINT ( 'NONE',  ( -750.6785800302290000, -28.06546278693414100, 650.0000000000000000 ) ) ;
#3173 = CARTESIAN_POINT ( 'NONE',  ( -14.62674840205266600, 296.8509855691290200, -137.9225819429059600 ) ) ;
#3174 = LINE ( 'NONE', #3064, #3434 ) ;
#3175 = VERTEX_POINT ( 'NONE', #2261 ) ;
#3176 = CARTESIAN_POINT ( 'NONE',  ( -1036.276792708413000, 35.20230105949016800, 15.98880057305192000 ) ) ;
#3177 = CARTESIAN_POINT ( 'NONE',  ( -773.0357878090169400, 101.6861739977576800, 119.4071432636657600 ) ) ;
#3178 = EDGE_CURVE ( 'NONE', #4037, #286, #5930, .T. ) ;
#3179 = CARTESIAN_POINT ( 'NONE',  ( -174.0970485257942100, 316.7639977431631500, 138.8823835772415700 ) ) ;
#3180 = CARTESIAN_POINT ( 'NONE',  ( -500.6785800302290000, 221.9345372130657900, -655.0000000000000000 ) ) ;
#3181 = AXIS2_PLACEMENT_3D ( 'NONE', #2315, #5909, #6011 ) ;
#3182 = CARTESIAN_POINT ( 'NONE',  ( -1087.772383252072600, -3.671117186494152800, 13.26011405990523300 ) ) ;
#3183 = FACE_BOUND ( 'NONE', #4476, .T. ) ;
#3184 = CARTESIAN_POINT ( 'NONE',  ( -940.1840481408672800, 5.860640526535983800, -58.07579662998317400 ) ) ;
#3185 = ORIENTED_EDGE ( 'NONE', *, *, #3096, .T. ) ;
#3186 = CARTESIAN_POINT ( 'NONE',  ( -770.0781440828610600, -48.81333152918462300, -54.73844108900409100 ) ) ;
#3187 = DIRECTION ( 'NONE',  ( 0.0000000000000000000, 1.000000000000000000, 0.0000000000000000000 ) ) ;
#3188 = CARTESIAN_POINT ( 'NONE',  ( -1025.411725604767300, 19.88191308001094600, 50.73740327850475800 ) ) ;
#3189 = EDGE_CURVE ( 'NONE', #6425, #5525, #1306, .T. ) ;
#3190 = CARTESIAN_POINT ( 'NONE',  ( -731.8151122644769700, 51.43873704579421300, 120.2917647316909300 ) ) ;
#3191 = CARTESIAN_POINT ( 'NONE',  ( -732.0292279767045300, 51.41795551113726500, 120.2871615096274000 ) ) ;
#3192 = CARTESIAN_POINT ( 'NONE',  ( -766.8785481993402300, 22.83277993541366500, -56.02559015193256200 ) ) ;
#3193 = CARTESIAN_POINT ( 'NONE',  ( -22.40931832566522500, 299.0413882283863800, 240.0000000000000300 ) ) ;
#3194 = PRESENTATION_LAYER_ASSIGNMENT (  '', '', ( #944 ) ) ;
#3195 = CARTESIAN_POINT ( 'NONE',  ( -721.1684343117491400, -36.89914864066234700, 0.0000000000000000000 ) ) ;
#3196 = CARTESIAN_POINT ( 'NONE',  ( -313.7879653329613900, 124.6398863986655800, 650.0000000000000000 ) ) ;
#3197 = CARTESIAN_POINT ( 'NONE',  ( -99.23340139415925900, 317.0985112835708700, 239.9999999999999400 ) ) ;
#3198 = ORIENTED_EDGE ( 'NONE', *, *, #6499, .F. ) ;
#3199 = CARTESIAN_POINT ( 'NONE',  ( -180.9517567428960400, 292.6068284092539800, 239.9999999999998900 ) ) ;
#3200 = CARTESIAN_POINT ( 'NONE',  ( -934.5418938816882200, 6.413187495244408800, 68.82968687463731800 ) ) ;
#3201 = DIRECTION ( 'NONE',  ( -0.0000000000000000000, -0.0000000000000000000, 1.000000000000000000 ) ) ;
#3202 = CARTESIAN_POINT ( 'NONE',  ( -765.2320030810926700, -48.39326521950788900, 60.05810047843071000 ) ) ;
#3203 = VERTEX_POINT ( 'NONE', #4292 ) ;
#3204 = CARTESIAN_POINT ( 'NONE',  ( -156.1235442605583300, 322.4688531487167900, 139.4815003861328100 ) ) ;
#3205 = FACE_OUTER_BOUND ( 'NONE', #3306, .T. ) ;
#3206 = VERTEX_POINT ( 'NONE', #2576 ) ;
#3207 = DIRECTION ( 'NONE',  ( -1.110223024625156700E-015, 1.000000000000000000, -3.889384548663214400E-062 ) ) ;
#3208 = CARTESIAN_POINT ( 'NONE',  ( -1030.668166295387200, 34.36182145443407900, 21.30267977848526000 ) ) ;
#3209 = EDGE_LOOP ( 'NONE', ( #460, #3088, #3576, #6516 ) ) ;
#3210 = CARTESIAN_POINT ( 'NONE',  ( -146.3929634681672100, 322.9656440688174800, 139.8058530792137900 ) ) ;
#3211 = EDGE_CURVE ( 'NONE', #3419, #1114, #397, .T. ) ;
#3212 = FACE_OUTER_BOUND ( 'NONE', #2706, .T. ) ;
#3213 = CARTESIAN_POINT ( 'NONE',  ( -885.2992644139410500, -54.09632305098299600, 20.83333333333332900 ) ) ;
#3214 = ORIENTED_EDGE ( 'NONE', *, *, #5969, .T. ) ;
#3215 = CARTESIAN_POINT ( 'NONE',  ( -1010.770888261721000, 44.18107518325774700, 40.13221785034308200 ) ) ;
#3216 = CARTESIAN_POINT ( 'NONE',  ( -1019.471936480315100, 21.40775444708630800, -59.02327778567954700 ) ) ;
#3217 = CARTESIAN_POINT ( 'NONE',  ( -237.9721781102528000, 82.06018701736681500, -136.7532125892288700 ) ) ;
#3218 = CARTESIAN_POINT ( 'NONE',  ( -16.87354429593224500, 303.4303301279865100, 144.1231670516214400 ) ) ;
#3219 = CARTESIAN_POINT ( 'NONE',  ( -965.8891114852145800, 3.343294459957147700, -72.82983621696747900 ) ) ;
#3220 = CARTESIAN_POINT ( 'NONE',  ( -393.5617596132393000, 163.3973342123068700, 736.6428125906156800 ) ) ;
#3221 = CARTESIAN_POINT ( 'NONE',  ( -98.97464479261900300, 317.0636920339640000, 239.9999999999999100 ) ) ;
#3222 = EDGE_CURVE ( 'NONE', #5199, #1490, #1412, .T. ) ;
#3223 = CARTESIAN_POINT ( 'NONE',  ( -658.0707898217590400, 71.86193051735823200, -650.0000000000000000 ) ) ;
#3224 =( BOUNDED_CURVE ( )  B_SPLINE_CURVE ( 3, ( #3821, #105, #4923, #5455 ),
 .UNSPECIFIED., .F., .F. ) 
 B_SPLINE_CURVE_WITH_KNOTS ( ( 4, 4 ),
 ( 1.504729672242930600, 1.549262255085036300 ),
 .UNSPECIFIED. ) 
 CURVE ( )  GEOMETRIC_REPRESENTATION_ITEM ( )  RATIONAL_B_SPLINE_CURVE ( ( 1.000000000000000000, 0.9998347442499346800, 0.9998347442499346800, 1.000000000000000000 ) ) 
 REPRESENTATION_ITEM ( '' )  );
#3225 = CARTESIAN_POINT ( 'NONE',  ( -935.9733007366213500, 6.273007081460943500, 51.48382877488725700 ) ) ;
#3226 = CARTESIAN_POINT ( 'NONE',  ( -411.9588027525488800, 171.3279616055839100, -755.0000000000000000 ) ) ;
#3227 = CARTESIAN_POINT ( 'NONE',  ( -413.0707898217584700, 61.93453721306585200, 650.0000000000000000 ) ) ;
#3228 = CARTESIAN_POINT ( 'NONE',  ( -766.2236635958419100, -48.48086150923271000, 56.73459719286650200 ) ) ;
#3229 = CARTESIAN_POINT ( 'NONE',  ( -176.4606541778337900, 315.3164825784819000, 138.8035967221927900 ) ) ;
#3230 = ORIENTED_EDGE ( 'NONE', *, *, #4865, .T. ) ;
#3231 = CARTESIAN_POINT ( 'NONE',  ( -938.9216760350283300, 5.984267043717601100, -64.84484457364290200 ) ) ;
#3232 = VERTEX_POINT ( 'NONE', #5862 ) ;
#3233 = EDGE_CURVE ( 'NONE', #823, #6352, #817, .T. ) ;
#3234 = CARTESIAN_POINT ( 'NONE',  ( -1022.618064124042300, 20.59956216880852900, 54.99600975409035200 ) ) ;
#3235 = CARTESIAN_POINT ( 'NONE',  ( -513.2675037780667300, 54.87322084212027600, -373.8383188011163200 ) ) ;
#3236 = CARTESIAN_POINT ( 'NONE',  ( -43.91408456092401700, 294.9716091402819400, 239.9999999999998900 ) ) ;
#3237 = CARTESIAN_POINT ( 'NONE',  ( -960.9723475485961900, 3.824802565591325800, -75.78386405852849400 ) ) ;
#3238 = CARTESIAN_POINT ( 'NONE',  ( -944.5210601792156200, 5.467916346354196700, -83.71471282606036400 ) ) ;
#3239 = CARTESIAN_POINT ( 'NONE',  ( -139.8846780290528800, 322.4057668498936100, 240.0000000000000000 ) ) ;
#3240 = CARTESIAN_POINT ( 'NONE',  ( -168.3828964060645300, 284.6352564845914800, 239.9999999999999400 ) ) ;
#3241 = CARTESIAN_POINT ( 'NONE',  ( -938.1733232208089200, 6.057554667562442300, 65.93555496530281300 ) ) ;
#3242 = CARTESIAN_POINT ( 'NONE',  ( -731.8165205886452900, 116.0656355729309300, 120.2917345085317900 ) ) ;
#3243 = CARTESIAN_POINT ( 'NONE',  ( -768.5097169517030100, -48.68694465982610400, 64.44224947651088100 ) ) ;
#3244 = B_SPLINE_SURFACE_WITH_KNOTS ( 'NONE', 3, 3, ( 
 ( #6203, #908, #367, #3997, #878, #5144, #4066 ),
 ( #2990, #6696, #5124, #1962, #863, #4017, #5649 ),
 ( #844, #2432, #2477, #6667, #5096, #390, #4040 ),
 ( #4567, #4546, #6178, #3013, #6719, #3570, #4085 ) ),
 .UNSPECIFIED., .F., .F., .F.,
 ( 4, 4 ),
 ( 4, 1, 1, 1, 4 ),
 ( 0.0000000000000000000, 1.000000000000000000 ),
 ( 0.0000000000000000000, 0.2982968211775609600, 0.6153669425867313000, 0.7410739866888770300, 1.000000000000000000 ),
 .UNSPECIFIED. ) ;
#3245 = ADVANCED_FACE ( 'NONE', ( #3458 ), #99, .F. ) ;
#3246 = CARTESIAN_POINT ( 'NONE',  ( -237.9721780719918600, 82.06018643305120000, 136.7532125957961600 ) ) ;
#3247 = CARTESIAN_POINT ( 'NONE',  ( -1069.556466115092000, -2.647370996161339200, 26.07400306707039000 ) ) ;
#3248 = CARTESIAN_POINT ( 'NONE',  ( -939.9641676599566200, 5.882173843000658500, -62.39522903251435800 ) ) ;
#3249 = CARTESIAN_POINT ( 'NONE',  ( -920.2240832518382400, 73.92943652447819100, 90.84762017664031900 ) ) ;
#3250 = CARTESIAN_POINT ( 'NONE',  ( -1003.431349255079000, 46.76479312401213700, 48.53125273630164600 ) ) ;
#3251 = LINE ( 'NONE', #3938, #6736 ) ;
#3252 = ORIENTED_EDGE ( 'NONE', *, *, #3884, .F. ) ;
#3253 = VERTEX_POINT ( 'NONE', #567 ) ;
#3254 = CARTESIAN_POINT ( 'NONE',  ( -774.0642468253603300, 23.59035881302534000, -479.9273741711696200 ) ) ;
#3255 = CARTESIAN_POINT ( 'NONE',  ( -738.3330176091544700, -29.44950962140120900, -0.0000000000000000000 ) ) ;
#3256 =( BOUNDED_SURFACE ( )  B_SPLINE_SURFACE ( 3, 2, ( 
 ( #6201, #3031, #939 ),
 ( #1471, #4189, #27 ),
 ( #2649, #3217, #5268 ),
 ( #3710, #2088, #2070 ) ),
 .UNSPECIFIED., .F., .F., .F. ) 
 B_SPLINE_SURFACE_WITH_KNOTS ( ( 4, 4 ),
 ( 3, 3 ),
 ( 1.668085743631926700, 1.728896870429625300 ),
 ( 0.0000000000000000000, 1.000000000000000000 ),
 .UNSPECIFIED. ) 
 GEOMETRIC_REPRESENTATION_ITEM ( )  RATIONAL_B_SPLINE_SURFACE ( (
 ( 1.000000000000000000, 0.7059617306419780900, 1.000000000000000000),
 ( 1.000000000000000000, 0.7057237181777710200, 1.000000000000000000),
 ( 1.000000000000000000, 0.7054862917972504200, 1.000000000000000000),
 ( 1.000000000000000000, 0.7052498927114204700, 1.000000000000000000) ) ) 
 REPRESENTATION_ITEM ( '' )  SURFACE ( )  );
#3257 = DIRECTION ( 'NONE',  ( 0.3320534516538561400, -0.9432605712340361700, 0.0000000000000000000 ) ) ;
#3258 = EDGE_CURVE ( 'NONE', #5454, #1640, #6750, .T. ) ;
#3259 = CARTESIAN_POINT ( 'NONE',  ( -967.5895235219760500, 3.176769853697153600, -71.60437162522123300 ) ) ;
#3260 = VECTOR ( 'NONE', #1897, 1000.000000000000100 ) ;
#3261 = CARTESIAN_POINT ( 'NONE',  ( -927.0117250523261400, 9.517386651484473600, -94.61123259189010100 ) ) ;
#3262 = ORIENTED_EDGE ( 'NONE', *, *, #5000, .T. ) ;
#3263 = CARTESIAN_POINT ( 'NONE',  ( -155.8766339891179500, 322.4782254545917200, 239.9999999999998900 ) ) ;
#3264 = CARTESIAN_POINT ( 'NONE',  ( -159.2187432957772200, 282.0777458773092700, 240.0000000000000600 ) ) ;
#3265 = CARTESIAN_POINT ( 'NONE',  ( -250.6785800302290900, 221.9345372130658200, -655.0000000000000000 ) ) ;
#3266 = CARTESIAN_POINT ( 'NONE',  ( -527.5130262030228300, -0.1796302367026787700, -269.5430657194446000 ) ) ;
#3267 = CARTESIAN_POINT ( 'NONE',  ( -476.1218229458132200, 22.48589293588767300, 0.0000000000000000000 ) ) ;
#3268 = ORIENTED_EDGE ( 'NONE', *, *, #3461, .F. ) ;
#3269 = EDGE_CURVE ( 'NONE', #5875, #2530, #4932, .T. ) ;
#3270 = CARTESIAN_POINT ( 'NONE',  ( -488.5693037611473500, 75.20711724015151800, 128.3999750694480600 ) ) ;
#3271 = CARTESIAN_POINT ( 'NONE',  ( -971.0375125829706300, -46.70541187800891700, 0.0000000000000000000 ) ) ;
#3272 = AXIS2_PLACEMENT_3D ( 'NONE', #3427, #6633, #6125 ) ;
#3273 = CARTESIAN_POINT ( 'NONE',  ( -933.6052422941688700, 6.504915578463309700, -69.19200241205965100 ) ) ;
#3274 = CARTESIAN_POINT ( 'NONE',  ( -671.3892581488839800, 151.2238590944111500, -655.0000000000000000 ) ) ;
#3275 = VECTOR ( 'NONE', #6324, 1000.000000000000000 ) ;
#3276 = ORIENTED_EDGE ( 'NONE', *, *, #1790, .T. ) ;
#3277 = CARTESIAN_POINT ( 'NONE',  ( -110.4287047268472300, 285.3731536437238700, 137.9225819429061100 ) ) ;
#3278 = CARTESIAN_POINT ( 'NONE',  ( -14.62674840205194100, 292.5975930273639300, -240.0000000000000000 ) ) ;
#3279 = ADVANCED_FACE ( 'NONE', ( #1968, #1226 ), #3446, .F. ) ;
#3280 = CARTESIAN_POINT ( 'NONE',  ( -530.2020976964985300, 0.2943142993471342700, 0.0000000000000000000 ) ) ;
#3281 = FACE_OUTER_BOUND ( 'NONE', #1137, .T. ) ;
#3282 = CARTESIAN_POINT ( 'NONE',  ( -14.66240056954910100, 302.1694805144044300, 144.1968718425008000 ) ) ;
#3283 = DIRECTION ( 'NONE',  ( -0.9396926207859103200, 0.3420201433256636600, 0.0000000000000000000 ) ) ;
#3284 = ORIENTED_EDGE ( 'NONE', *, *, #2678, .T. ) ;
#3285 = CARTESIAN_POINT ( 'NONE',  ( -916.2503525128727200, 14.89195850003384600, -102.0191035243859700 ) ) ;
#3286 = CARTESIAN_POINT ( 'NONE',  ( -139.5618425925544600, 322.3670191329125000, 239.9999999999999700 ) ) ;
#3287 = CARTESIAN_POINT ( 'NONE',  ( -176.5384936330621900, 310.1145920994911800, -138.8010020737170900 ) ) ;
#3288 = LINE ( 'NONE', #2395, #489 ) ;
#3289 = CARTESIAN_POINT ( 'NONE',  ( -163.0247915187526900, 282.9432547544267300, 239.9999999999999400 ) ) ;
#3290 = VERTEX_POINT ( 'NONE', #1234 ) ;
#3291 = VECTOR ( 'NONE', #2522, 1000.000000000000000 ) ;
#3292 = B_SPLINE_CURVE_WITH_KNOTS ( 'NONE', 3,
 ( #3885, #1207, #2268, #725, #3278, #638 ),
 .UNSPECIFIED., .F., .F.,
 ( 4, 1, 1, 4 ),
 ( 0.0000000000000000000, 0.2221646249031024600, 0.3221646249031021600, 1.000000000000000000 ),
 .UNSPECIFIED. ) ;
#3293 = EDGE_LOOP ( 'NONE', ( #3777, #4551, #1887, #3214, #6607, #5062 ) ) ;
#3294 = CARTESIAN_POINT ( 'NONE',  ( -930.8382738294539000, 6.775890097673309900, 69.73095854039044600 ) ) ;
#3295 = CARTESIAN_POINT ( 'NONE',  ( -734.4425480103389000, 123.6849575818841500, -118.9112226189394600 ) ) ;
#3296 = ORIENTED_EDGE ( 'NONE', *, *, #2984, .T. ) ;
#3297 = PLANE ( 'NONE',  #680 ) ;
#3298 = CARTESIAN_POINT ( 'NONE',  ( -387.0122977284208300, 172.6204196499360500, 753.2762681115718800 ) ) ;
#3299 = CARTESIAN_POINT ( 'NONE',  ( -769.0642468253605600, 32.25061285086996300, -479.9273741711696200 ) ) ;
#3300 = LINE ( 'NONE', #2815, #76 ) ;
#3301 = CARTESIAN_POINT ( 'NONE',  ( -1026.556031232349600, 25.44283256888822100, 47.61381911579442100 ) ) ;
#3302 = AXIS2_PLACEMENT_3D ( 'NONE', #4412, #5991, #1167 ) ;
#3303 = AXIS2_PLACEMENT_3D ( 'NONE', #6168, #380, #921 ) ;
#3304 = CARTESIAN_POINT ( 'NONE',  ( -802.4590550235913000, 19.34831278195660800, 93.71200958795857600 ) ) ;
#3305 = CARTESIAN_POINT ( 'NONE',  ( -616.9319087001731500, 22.69240075583843800, -451.2367140275673000 ) ) ;
#3306 = EDGE_LOOP ( 'NONE', ( #5708, #6846, #4935, #325 ) ) ;
#3307 = CARTESIAN_POINT ( 'NONE',  ( -977.9970575583958000, 22.89356240254231200, 87.52448106196229100 ) ) ;
#3308 = CARTESIAN_POINT ( 'NONE',  ( -766.8691952934900700, 22.83369588339003500, 63.45377964532089300 ) ) ;
#3309 = CARTESIAN_POINT ( 'NONE',  ( -938.4690311064656500, 69.63330117631264200, -76.46280272388628400 ) ) ;
#3310 = CARTESIAN_POINT ( 'NONE',  ( -1026.598354690978100, 25.45081108402424200, -47.63374830962951000 ) ) ;
#3311 = CARTESIAN_POINT ( 'NONE',  ( -740.6734511966680000, -31.23106814407374500, 36.91485756804480900 ) ) ;
#3312 = ORIENTED_EDGE ( 'NONE', *, *, #6689, .T. ) ;
#3313 = CARTESIAN_POINT ( 'NONE',  ( -24.28126963468779600, 298.6123805584294900, 143.8762428736629900 ) ) ;
#3314 = CARTESIAN_POINT ( 'NONE',  ( -4.503843668905401100, 97.49359434383166000, -78.67432827663029100 ) ) ;
#3315 = CARTESIAN_POINT ( 'NONE',  ( -342.6364562004772000, 111.5216994009667200, -650.0000000000000000 ) ) ;
#3316 = CARTESIAN_POINT ( 'NONE',  ( -145.4715883360082100, 322.9159880178097500, 240.0000000000000000 ) ) ;
#3317 = CARTESIAN_POINT ( 'NONE',  ( -171.5719434461461500, 312.8959593496818500, -138.9665537466143500 ) ) ;
#3318 = EDGE_CURVE ( 'NONE', #4211, #6840, #1938, .T. ) ;
#3319 = CARTESIAN_POINT ( 'NONE',  ( -175.9772889925170600, 288.3762398261892500, 239.9999999999999700 ) ) ;
#3320 = ORIENTED_EDGE ( 'NONE', *, *, #6662, .F. ) ;
#3321 = CARTESIAN_POINT ( 'NONE',  ( -183.8155899356077600, 292.1935926995958500, -138.5584321969655300 ) ) ;
#3322 = CARTESIAN_POINT ( 'NONE',  ( -750.6785800302291100, 71.93453721306583800, 655.0000000000000000 ) ) ;
#3323 = CARTESIAN_POINT ( 'NONE',  ( -470.6543513917222900, 324.7166534563784800, -755.0000000000000000 ) ) ;
#3324 = DIRECTION ( 'NONE',  ( -0.9427946626885517200, -0.3318894391366361600, -0.03142648875628401000 ) ) ;
#3325 = ADVANCED_FACE ( 'NONE', ( #5338 ), #65, .T. ) ;
#3326 = CARTESIAN_POINT ( 'NONE',  ( -903.1420864286192200, 22.63471032366720700, 108.1743023418761000 ) ) ;
#3327 = CARTESIAN_POINT ( 'NONE',  ( -5.573319583618287100E-011, 126.9075887891449100, -136.7821512046632500 ) ) ;
#3328 = EDGE_LOOP ( 'NONE', ( #1712, #1394, #4363, #5687 ) ) ;
#3329 = CARTESIAN_POINT ( 'NONE',  ( -765.2319403816557000, -48.39325871948484100, -60.05701238235653200 ) ) ;
#3330 = CARTESIAN_POINT ( 'NONE',  ( -1014.400457403709300, 0.4524319601203406500, 23.83940960244698500 ) ) ;
#3331 = CARTESIAN_POINT ( 'NONE',  ( -393.1649503368307100, 164.4875587390706600, -738.7161178760961800 ) ) ;
#3332 = CARTESIAN_POINT ( 'NONE',  ( -649.2818860900317800, -28.50211036837637500, 269.7590847208614400 ) ) ;
#3333 = CARTESIAN_POINT ( 'NONE',  ( -14.69771262424073800, 301.7726945522351800, 144.1956947740111200 ) ) ;
#3334 = CARTESIAN_POINT ( 'NONE',  ( -486.9733623574722400, 75.45585723913176000, -128.4531731162367400 ) ) ;
#3335 = CARTESIAN_POINT ( 'NONE',  ( -916.1761530242782800, 26.27102378859763500, -105.6062142766411800 ) ) ;
#3336 = CARTESIAN_POINT ( 'NONE',  ( -150.4978439226371400, 322.9610472915689500, 239.9999999999999700 ) ) ;
#3337 = CARTESIAN_POINT ( 'NONE',  ( -930.0000000000558200, -44.47907115522036000, -69.73844108900408400 ) ) ;
#3338 = CARTESIAN_POINT ( 'NONE',  ( -168.2889602884701500, 284.6002307355464600, 239.9999999999999400 ) ) ;
#3339 = CARTESIAN_POINT ( 'NONE',  ( -118.7810999971438000, 279.1607936435042900, -140.7262485282476500 ) ) ;
#3340 = LINE ( 'NONE', #5706, #5310 ) ;
#3341 = CARTESIAN_POINT ( 'NONE',  ( -739.4335370044979100, 139.6992244574324200, -95.30066013804140800 ) ) ;
#3342 = AXIS2_PLACEMENT_3D ( 'NONE', #4012, #4544, #1383 ) ;
#3343 = CARTESIAN_POINT ( 'NONE',  ( -768.5126514507101100, -48.68098186006053400, 55.03381803074366000 ) ) ;
#3344 = EDGE_CURVE ( 'NONE', #5532, #1323, #564, .T. ) ;
#3345 = DIRECTION ( 'NONE',  ( -1.000000000000000000, 0.0000000000000000000, 0.0000000000000000000 ) ) ;
#3346 = DIRECTION ( 'NONE',  ( -0.3420201433256637700, -0.9396926207859102000, 0.0000000000000000000 ) ) ;
#3347 = CARTESIAN_POINT ( 'NONE',  ( -1012.809502501466100, 43.46342736086184300, 37.02459158161185800 ) ) ;
#3348 = ORIENTED_EDGE ( 'NONE', *, *, #2746, .T. ) ;
#3349 = DIRECTION ( 'NONE',  ( -0.9396926207859103200, 0.3420201433256637200, 0.0000000000000000000 ) ) ;
#3350 = CARTESIAN_POINT ( 'NONE',  ( -1021.074700142277700, 20.99602887136783000, 56.80099378340646900 ) ) ;
#3351 =( BOUNDED_SURFACE ( )  B_SPLINE_SURFACE ( 3, 2, ( 
 ( #1452, #4630, #5801 ),
 ( #529, #1529, #4170 ),
 ( #1556, #2605, #2582 ),
 ( #2072, #4219, #6332 ) ),
 .UNSPECIFIED., .F., .F., .F. ) 
 B_SPLINE_SURFACE_WITH_KNOTS ( ( 4, 4 ),
 ( 3, 3 ),
 ( 1.241315980897904600, 1.331656614473511600 ),
 ( 0.0000000000000000000, 1.000000000000000000 ),
 .UNSPECIFIED. ) 
 GEOMETRIC_REPRESENTATION_ITEM ( )  RATIONAL_B_SPLINE_SURFACE ( (
 ( 1.000000000000000000, 0.7441224190802640000, 1.000000000000000000),
 ( 1.000000000000000000, 0.7409437060505336100, 1.000000000000000000),
 ( 1.000000000000000000, 0.7376954447171654200, 1.000000000000000000),
 ( 1.000000000000000000, 0.7343883422762469400, 1.000000000000000000) ) ) 
 REPRESENTATION_ITEM ( '' )  SURFACE ( )  );
#3352 = DIRECTION ( 'NONE',  ( -1.000000000000000000, -1.110223024625156700E-015, 0.0000000000000000000 ) ) ;
#3353 = CARTESIAN_POINT ( 'NONE',  ( -772.6855486303040800, 101.8083559545274400, 119.4279622271004400 ) ) ;
#3354 = LINE ( 'NONE', #5602, #298 ) ;
#3355 = EDGE_LOOP ( 'NONE', ( #5015, #3618, #603, #3150, #623, #6828 ) ) ;
#3356 = ADVANCED_FACE ( 'NONE', ( #6014 ), #3498, .T. ) ;
#3357 = CARTESIAN_POINT ( 'NONE',  ( -930.0000000000558200, -51.00000000000041200, 69.73844108900586000 ) ) ;
#3358 = EDGE_CURVE ( 'NONE', #6266, #3685, #5677, .T. ) ;
#3359 = DIRECTION ( 'NONE',  ( -0.7071067811865469100, -0.7071067811865482400, 0.0000000000000000000 ) ) ;
#3360 = CARTESIAN_POINT ( 'NONE',  ( -158.6571353510467500, 322.0290742860941000, 240.0000000000000300 ) ) ;
#3361 = CIRCLE ( 'NONE', #6597, 20.00000000000001800 ) ;
#3362 = CARTESIAN_POINT ( 'NONE',  ( -937.3290874831515100, 7.164169077462492700, -52.50820983342592300 ) ) ;
#3363 = CARTESIAN_POINT ( 'NONE',  ( -139.4367951120128500, 281.6482336867387600, 239.9999999999999400 ) ) ;
#3364 = CARTESIAN_POINT ( 'NONE',  ( -180.8605842088493900, 287.3450202620701900, -138.6569323878575200 ) ) ;
#3365 = CARTESIAN_POINT ( 'NONE',  ( -765.1992559046037700, 23.42730997547047500, 59.73750214031375800 ) ) ;
#3366 = CARTESIAN_POINT ( 'NONE',  ( -530.2020976964985300, 0.2943142993471481500, 0.0000000000000000000 ) ) ;
#3367 = CARTESIAN_POINT ( 'NONE',  ( -411.3112921771536900, 151.3384461023320300, 655.0000000000000000 ) ) ;
#3368 = EDGE_CURVE ( 'NONE', #733, #6255, #127, .T. ) ;
#3369 = CARTESIAN_POINT ( 'NONE',  ( -1012.809502501466100, 43.46342736086184300, 37.02459158161185800 ) ) ;
#3370 = FACE_OUTER_BOUND ( 'NONE', #3771, .T. ) ;
#3371 = VERTEX_POINT ( 'NONE', #3227 ) ;
#3372 = AXIS2_PLACEMENT_3D ( 'NONE', #1004, #3121, #6813 ) ;
#3373 = ORIENTED_EDGE ( 'NONE', *, *, #2199, .F. ) ;
#3374 = CARTESIAN_POINT ( 'NONE',  ( -731.8160522515296400, 51.44833815626809300, -120.2917445594581000 ) ) ;
#3375 = CARTESIAN_POINT ( 'NONE',  ( -730.0370982769394500, 35.01382756734830100, -114.1220288297456000 ) ) ;
#3376 = CARTESIAN_POINT ( 'NONE',  ( -723.6193010487614900, -38.68068962038899600, -36.91515317970815600 ) ) ;
#3377 = ORIENTED_EDGE ( 'NONE', *, *, #2265, .T. ) ;
#3378 = VECTOR ( 'NONE', #190, 1000.000000000000000 ) ;
#3379 = ORIENTED_EDGE ( 'NONE', *, *, #1142, .T. ) ;
#3380 = CARTESIAN_POINT ( 'NONE',  ( -157.1660011963854800, 279.3592731268847700, 239.9999999999999700 ) ) ;
#3381 = ORIENTED_EDGE ( 'NONE', *, *, #5923, .T. ) ;
#3382 = CARTESIAN_POINT ( 'NONE',  ( -943.8196562352206900, 67.74973517614549200, -98.63595560806311400 ) ) ;
#3383 = CARTESIAN_POINT ( 'NONE',  ( -732.0292279767036200, 51.41795551113739300, 120.2871615096273100 ) ) ;
#3384 = CARTESIAN_POINT ( 'NONE',  ( -184.6267484020528400, 301.5190684592279800, 138.5313935814176300 ) ) ;
#3385 = LINE ( 'NONE', #3840, #2877 ) ;
#3386 = EDGE_LOOP ( 'NONE', ( #2111, #2685, #2040, #320, #1913, #466 ) ) ;
#3387 = CARTESIAN_POINT ( 'NONE',  ( -728.7585181920779900, 26.64774109412768500, 97.35718551427029900 ) ) ;
#3388 = DIRECTION ( 'NONE',  ( -1.000000000000000000, 0.0000000000000000000, 0.0000000000000000000 ) ) ;
#3389 = CARTESIAN_POINT ( 'NONE',  ( -158.8431045326721300, 321.9941614900267300, 240.0000000000000000 ) ) ;
#3390 = CARTESIAN_POINT ( 'NONE',  ( -937.3585397690145600, 7.164169077462492700, -66.93370321885431900 ) ) ;
#3391 = CARTESIAN_POINT ( 'NONE',  ( -140.7838502806023400, 281.4903817201338300, 240.0000000000000600 ) ) ;
#3392 = CARTESIAN_POINT ( 'NONE',  ( -182.5852068256868400, 289.6249582049362600, -138.5994449672962500 ) ) ;
#3393 = CARTESIAN_POINT ( 'NONE',  ( -739.3599121848072900, 139.0494780956611000, -100.9671971954677900 ) ) ;
#3394 = CARTESIAN_POINT ( 'NONE',  ( -1022.807381789636600, 22.21082600251576300, 54.57398333969098300 ) ) ;
#3395 = ADVANCED_FACE ( 'NONE', ( #4265 ), #5700, .F. ) ;
#3396 = CARTESIAN_POINT ( 'NONE',  ( -870.5889363716960400, 32.35479895796390800, 113.2038558195197600 ) ) ;
#3397 = VERTEX_POINT ( 'NONE', #807 ) ;
#3398 = CIRCLE ( 'NONE', #999, 612.0000000000000000 ) ;
#3399 = DIRECTION ( 'NONE',  ( 1.000000000000000000, 0.0000000000000000000, 0.0000000000000000000 ) ) ;
#3400 = DIRECTION ( 'NONE',  ( -1.000000000000000000, -1.110223024625156800E-016, 0.0000000000000000000 ) ) ;
#3401 = CARTESIAN_POINT ( 'NONE',  ( -729.0542768836836600, 26.53698324128182800, 95.29295773136847500 ) ) ;
#3402 = CARTESIAN_POINT ( 'NONE',  ( -1004.167345983600700, 1.027539364971647600, -44.51969783023680100 ) ) ;
#3403 = CARTESIAN_POINT ( 'NONE',  ( -995.1635593470149400, 27.65220633256804200, 81.65449278019963200 ) ) ;
#3404 = ORIENTED_EDGE ( 'NONE', *, *, #5624, .F. ) ;
#3405 = CARTESIAN_POINT ( 'NONE',  ( -1011.548794505291400, 0.6126972383618516400, 31.91578694131961300 ) ) ;
#3406 = CARTESIAN_POINT ( 'NONE',  ( -765.3912023925631700, 22.97843855784834200, 58.46287206442917000 ) ) ;
#3407 = CARTESIAN_POINT ( 'NONE',  ( -721.0375125829706300, -43.02027741034838500, -20.83333333333332900 ) ) ;
#3408 = ORIENTED_EDGE ( 'NONE', *, *, #223, .T. ) ;
#3409 = CARTESIAN_POINT ( 'NONE',  ( -172.4348963427394200, 286.3660573280079100, 138.9377886500613500 ) ) ;
#3410 = CARTESIAN_POINT ( 'NONE',  ( -728.8374853439750000, 26.88402910585216100, 99.39647797808193300 ) ) ;
#3411 = B_SPLINE_CURVE_WITH_KNOTS ( 'NONE', 3,
 ( #3653, #1986, #442, #4108, #2046, #2521, #1011, #5232, #6204, #6245, #3081, #5761, #5210, #3014, #6721, #5166, #4610, #4135, #3572, #3628, #2006, #1453, #3061, #5145, #961, #5673, #4651, #3035, #989, #5739, #1496, #6738, #6756, #3589, #420, #943, #5697, #5719, #2545, #2566, #463, #5274, #6822, #6357, #31, #4280, #4194, #4804, #4756, #1648, #6335, #511, #3221, #2093, #4222, #3197, #3155, #5337, #4238, #1121, #3735, #5785, #2177, #5293, #3755, #6290, #578, #3672, #601, #5872, #16, #2112, #2653, #3717, #2608, #3171, #1599, #2673, #5249, #555, #532, #4255, #4783, #6309, #3132, #1030, #1056, #2138, #5804, #1080, #6376, #2635, #1097, #5824, #6848, #1621, #5313, #2158, #5848, #58, #4719, #1560, #1579, #3695, #4737, #2273, #5893, #3798, #1186, #4393, #709, #5972, #5918, #86, #2720, #3286, #3239, #1244, #5406, #4876, #2300, #5458, #3845, #4324, #1169, #3775, #4850, #5430, #6496, #617, #4926, #668, #1757, #6473, #2696, #2202, #6398, #130, #1736, #3316, #1691, #3866, #4306, #3825, #5386, #5949, #4344, #6428, #6454, #1714, #2794, #1665, #2251, #644, #3336, #2761, #2226, #157, #2737, #691, #4371, #1216, #4900, #181, #1147, #4827, #5366, #3263, #108, #6068, #5535, #1336, #6087, #3360, #3389, #2342, #201, #2366, #2913, #287, #2837, #4469, #835, #3991, #2392, #6046, #3892, #6019, #6566, #6524, #4510, #1835, #1311, #5570, #2863, #1353, #2890, #5047, #219, #2321, #5552, #6620, #735, #5503, #3464, #1881, #6544, #6590, #3438, #5995, #4488, #2817, #4416, #4442, #1268, #3413, #4948, #267, #1291, #1783, #3915, #5478, #245, #762, #3943, #4969, #3973, #808, #785, #1812, #4992, #5017, #1857, #6197, #2427, #5066, #857, #4078, #312, #1928, #6150, #2470, #3001, #408, #4008, #937, #896, #4624, #2444, #3491, #3027, #1911, #336, #6170, #6133, #2982, #3516, #1446, #4578, #4561 ),
 .UNSPECIFIED., .F., .F.,
 ( 4, 1, 1, 1, 1, 1, 2, 2, 1, 1, 1, 1, 1, 1, 2, 2, 1, 1, 1, 1, 1, 1, 1, 1, 2, 2, 1, 1, 1, 1, 1, 1, 1, 1, 1, 2, 2, 1, 1, 1, 1, 1, 1, 1, 1, 1, 2, 2, 1, 1, 1, 1, 1, 1, 1, 1, 2, 2, 1, 1, 1, 1, 1, 1, 1, 1, 2, 2, 1, 1, 1, 1, 1, 1, 1, 1, 2, 2, 1, 1, 1, 1, 1, 1, 1, 1, 1, 2, 2, 1, 1, 1, 1, 2, 2, 1, 1, 1, 1, 2, 2, 1, 1, 1, 1, 1, 2, 2, 1, 1, 1, 1, 2, 2, 1, 1, 1, 1, 2, 2, 1, 1, 1, 1, 2, 2, 1, 1, 1, 2, 2, 1, 1, 1, 2, 2, 1, 1, 1, 2, 2, 1, 1, 1, 2, 2, 1, 1, 1, 2, 2, 1, 1, 1, 1, 2, 2, 1, 1, 1, 1, 2, 2, 1, 1, 1, 1, 2, 2, 1, 1, 1, 2, 2, 1, 1, 1, 2, 2, 1, 1, 1, 2, 2, 1, 1, 1, 2, 2, 1, 1, 1, 2, 2, 1, 1, 1, 2, 2, 4 ),
 ( 0.0000000000000000000, 0.03124999999984432600, 0.04687499999976525700, 0.05468749999972567800, 0.05859374999970536800, 0.06054687499969575700, 0.06152343749969146200, 0.06249999999968716700, 0.09374999999956783200, 0.1093749999995082400, 0.1171874999994784300, 0.1210937499994635300, 0.1230468749994560300, 0.1240234374994521300, 0.1245117187494500100, 0.1249999999994479100, 0.1874999999991667500, 0.2187499999990263100, 0.2343749999989561100, 0.2421874999989210300, 0.2460937499989035200, 0.2480468749988947200, 0.2490234374988903000, 0.2495117187488880600, 0.2497558593738869700, 0.2499999999988858900, 0.3124999999986357600, 0.3437499999985107500, 0.3593749999984483000, 0.3671874999984171600, 0.3710937499984016100, 0.3730468749983939500, 0.3740234374983900700, 0.3745117187483880100, 0.3747558593733870700, 0.3748779296858865100, 0.3749999999983859600, 0.4374999999980934100, 0.4687499999979471400, 0.4843749999978740900, 0.4921874999978376200, 0.4960937499978195200, 0.4980468749978105300, 0.4990234374978060900, 0.4995117187478038100, 0.4997558593728026500, 0.4998779296853020400, 0.4999999999978014300, 0.5312499999976221200, 0.5468749999975324200, 0.5546874999974874500, 0.5585937499974651400, 0.5605468749974540400, 0.5615234374974484900, 0.5620117187474458200, 0.5622558593724444900, 0.5623779296849437100, 0.5624999999974430500, 0.5937499999972506400, 0.6093749999971543900, 0.6171874999971063100, 0.6210937499970821100, 0.6230468749970700100, 0.6240234374970640200, 0.6245117187470610200, 0.6247558593720594600, 0.6248779296845588000, 0.6249999999970580200, 0.6406249999969198000, 0.6484374999968510700, 0.6523437499968165500, 0.6542968749967993400, 0.6552734374967907900, 0.6557617187467864600, 0.6560058593717843500, 0.6561279296842835700, 0.6561889648405329100, 0.6562499999967822400, 0.6718749999966336900, 0.6796874999965596400, 0.6835937499965226700, 0.6855468749965043500, 0.6865234374964944700, 0.6870117187464888100, 0.6872558593714861400, 0.6873779296839839200, 0.6874389648402335900, 0.6874694824183589200, 0.6874999999964843700, 0.6914062499965326600, 0.6933593749965570900, 0.6943359374965694100, 0.6948242187465755200, 0.6950683593715784000, 0.6953124999965812900, 0.6992187499966217000, 0.7011718749966414600, 0.7021484374966515700, 0.7026367187466564500, 0.7028808593716591200, 0.7031249999966617800, 0.7109374999967359400, 0.7148437499967728000, 0.7167968749967912300, 0.7177734374968002300, 0.7182617187468044500, 0.7185058593718067800, 0.7187499999968091100, 0.7265624999968864900, 0.7304687499969249000, 0.7324218749969437800, 0.7333984374969532100, 0.7338867187469581000, 0.7343749999969628700, 0.7421874999970343700, 0.7460937499970701200, 0.7480468749970882200, 0.7490234374970975400, 0.7495117187471018700, 0.7499999999971062000, 0.7578124999971794800, 0.7617187499972161200, 0.7636718749972346600, 0.7646484374972438700, 0.7651367187472485300, 0.7656249999972532000, 0.7734374999973300200, 0.7773437499973687700, 0.7792968749973880900, 0.7802734374973980800, 0.7812499999974080700, 0.7890624999974907800, 0.7929687499975323100, 0.7949218749975529600, 0.7958984374975631700, 0.7968749999975733900, 0.8046874999976557600, 0.8085937499976970600, 0.8105468749977174900, 0.8115234374977274800, 0.8124999999977374800, 0.8203124999978195200, 0.8242187499978606000, 0.8261718749978812500, 0.8271484374978914600, 0.8281249999979016800, 0.8359374999979853900, 0.8398437499980270200, 0.8417968749980480100, 0.8427734374980585500, 0.8437499999980691000, 0.8515624999981514800, 0.8554687499981927800, 0.8574218749982135400, 0.8583984374982242000, 0.8588867187482293100, 0.8593749999982344100, 0.8671874999983183500, 0.8710937499983602000, 0.8730468749983810700, 0.8740234374983917300, 0.8745117187483970600, 0.8749999999984023900, 0.8828124999984902100, 0.8867187499985339500, 0.8886718749985558200, 0.8896484374985669200, 0.8901367187485725900, 0.8906249999985781400, 0.8984374999986696200, 0.9023437499987155800, 0.9042968749987383400, 0.9052734374987501100, 0.9062499999987619900, 0.9140624999988595800, 0.9179687499989083200, 0.9199218749989330800, 0.9208984374989456200, 0.9218749999989581700, 0.9296874999990618600, 0.9335937499991142600, 0.9355468749991402400, 0.9365234374991537900, 0.9374999999991673300, 0.9453124999992758000, 0.9492187499993297600, 0.9511718749993562900, 0.9521484374993696200, 0.9531249999993829400, 0.9609374999994860800, 0.9648437499995375900, 0.9667968749995640200, 0.9677734374995766700, 0.9687499999995893300, 0.9765624999996955800, 0.9804687499997485300, 0.9824218749997747400, 0.9833984374997872800, 0.9843749999997998300, 1.000000000000000000 ),
 .UNSPECIFIED. ) ;
#3412 = CARTESIAN_POINT ( 'NONE',  ( -439.1556025612816300, 231.5219260081761700, -650.0000000000000000 ) ) ;
#3413 = CARTESIAN_POINT ( 'NONE',  ( -174.2730896984808500, 316.6550082417208500, 239.9999999999999700 ) ) ;
#3414 = VERTEX_POINT ( 'NONE', #3990 ) ;
#3415 = CARTESIAN_POINT ( 'NONE',  ( -932.9968013111299600, -44.47907115522036000, -69.39330547916810600 ) ) ;
#3416 = EDGE_CURVE ( 'NONE', #5354, #517, #2856, .T. ) ;
#3417 = CARTESIAN_POINT ( 'NONE',  ( -154.0834720784664900, 281.3012155653834700, 240.0000000000000000 ) ) ;
#3418 = DIRECTION ( 'NONE',  ( -2.220446049250313600E-016, 1.000000000000000000, 0.0000000000000000000 ) ) ;
#3419 = VERTEX_POINT ( 'NONE', #6059 ) ;
#3420 = CARTESIAN_POINT ( 'NONE',  ( -509.5312497004276200, 4.765482769164802500, -70.48636094608578200 ) ) ;
#3421 = EDGE_LOOP ( 'NONE', ( #4341, #3408, #317, #2389, #4673, #3296 ) ) ;
#3422 = DIRECTION ( 'NONE',  ( 1.110223024625156700E-015, -1.000000000000000000, 0.0000000000000000000 ) ) ;
#3423 = CARTESIAN_POINT ( 'NONE',  ( -439.1556025612816300, 231.5219260081761700, 650.0000000000000000 ) ) ;
#3424 = CARTESIAN_POINT ( 'NONE',  ( -855.3768765485617700, 73.13568227812965000, -114.8803472640966600 ) ) ;
#3425 = CARTESIAN_POINT ( 'NONE',  ( -500.6785800302290000, 126.9831315268311900, -655.0000000000000000 ) ) ;
#3426 = CARTESIAN_POINT ( 'NONE',  ( -985.4049532417711800, 2.081997833806414500, 84.75549611697752500 ) ) ;
#3427 = CARTESIAN_POINT ( 'NONE',  ( -250.6785800302290300, -69.70514929972775100, 842.3164332702092500 ) ) ;
#3428 = CARTESIAN_POINT ( 'NONE',  ( -800.9008742536769900, -73.04092033456127800, -62.35015373822300700 ) ) ;
#3429 = B_SPLINE_SURFACE_WITH_KNOTS ( 'NONE', 3, 3, ( 
 ( #5394, #4790, #6408, #3784, #3299, #5374 ),
 ( #1656, #2728, #5348, #6481, #142, #1104 ),
 ( #4260, #5960, #1633, #5322, #5857, #2235 ),
 ( #71, #630, #2681, #2775, #5904, #4354 ) ),
 .UNSPECIFIED., .F., .F., .F.,
 ( 4, 4 ),
 ( 4, 1, 1, 4 ),
 ( 0.0000000000000000000, 1.000000000000000000 ),
 ( 0.0000000000000000000, 0.08409707550759747100, 0.1681940720496415700, 1.000000000000000000 ),
 .UNSPECIFIED. ) ;
#3430 = ADVANCED_FACE ( 'NONE', ( #2038 ), #5449, .T. ) ;
#3431 = CARTESIAN_POINT ( 'NONE',  ( -1064.284014929458600, -2.351055868322728900, -29.65122492568857400 ) ) ;
#3432 = CARTESIAN_POINT ( 'NONE',  ( -156.1363130525731400, 281.5278219078794600, 139.4810747597334700 ) ) ;
#3433 = CARTESIAN_POINT ( 'NONE',  ( -729.3622766676164700, 29.88537549574502300, 107.8256832410020100 ) ) ;
#3434 = VECTOR ( 'NONE', #6699, 1000.000000000000100 ) ;
#3435 = ORIENTED_EDGE ( 'NONE', *, *, #5261, .F. ) ;
#3436 = CARTESIAN_POINT ( 'NONE',  ( -430.5817890883756100, 73.28256349372452400, -650.0000000000000000 ) ) ;
#3437 = EDGE_LOOP ( 'NONE', ( #1898, #6701, #5641, #6336, #708 ) ) ;
#3438 = CARTESIAN_POINT ( 'NONE',  ( -172.2533574967570200, 317.7160976679936100, 239.9999999999999400 ) ) ;
#3439 = CARTESIAN_POINT ( 'NONE',  ( -932.9968013111299600, 7.164169077462492700, -69.39330547916810600 ) ) ;
#3440 = B_SPLINE_CURVE_WITH_KNOTS ( 'NONE', 3,
 ( #6372, #10, #1595, #506, #549, #4752, #55, #1025, #1050, #6842, #4715, #3192, #3731, #4779, #5307, #2131, #5290, #4249, #2152, #4732, #6330, #1092, #3750, #5798, #1617, #4234, #5780, #1552, #1075, #527, #595, #1573, #5841, #2666, #4218, #3167, #4799, #1643, #3820, #4921, #2221, #6470 ),
 .UNSPECIFIED., .F., .F.,
 ( 4, 2, 2, 2, 2, 2, 2, 2, 2, 2, 2, 2, 2, 2, 2, 2, 2, 2, 2, 2, 4 ),
 ( 0.0000000000000000000, 0.0004793661917027108400, 0.0009587323834054216800, 0.001917464766810520000, 0.002876197150215618600, 0.003355563341918304600, 0.003834929533620989800, 0.004793661917026606000, 0.005752394300432221700, 0.006711126683837837500, 0.007190492875540667500, 0.007669859067243497500, 0.008628591450649137500, 0.009587323834054776700, 0.01054605621746041600, 0.01150478860086607200, 0.01246352098427173100, 0.01342225336767738500, 0.01438098575108304200, 0.01486035194278571500, 0.01533971813448838800 ),
 .UNSPECIFIED. ) ;
#3441 = CARTESIAN_POINT ( 'NONE',  ( -14.73070220956250700, 296.5782668380131200, -144.1945951211670300 ) ) ;
#3442 = CARTESIAN_POINT ( 'NONE',  ( -729.4669697124152200, 26.49656213993586100, -120.3422389604269800 ) ) ;
#3443 = VECTOR ( 'NONE', #776, 1000.000000000000000 ) ;
#3444 = EDGE_LOOP ( 'NONE', ( #2318, #6211, #5080 ) ) ;
#3445 = CARTESIAN_POINT ( 'NONE',  ( -1020.631920869481400, 0.1022197289524302800, -57.37009663405386600 ) ) ;
#3446 = B_SPLINE_SURFACE_WITH_KNOTS ( 'NONE', 3, 3, ( 
 ( #2241, #6350, #3728, #24, #4774, #1612 ),
 ( #5305, #3213, #49, #3747, #592, #3769 ),
 ( #1111, #5885, #4794, #1639, #2713, #2168 ),
 ( #610, #4297, #6416, #4432, #4982, #6487 ) ),
 .UNSPECIFIED., .F., .F., .F.,
 ( 4, 4 ),
 ( 4, 1, 1, 4 ),
 ( 0.0000000000000000000, 1.000000000000000000 ),
 ( 0.0000000000000000000, 0.08409707550759747100, 0.1681940720496415700, 1.000000000000000000 ),
 .UNSPECIFIED. ) ;
#3447 = CARTESIAN_POINT ( 'NONE',  ( -860.0401653883415100, 36.17283894786665900, 114.4102738448823100 ) ) ;
#3448 = CARTESIAN_POINT ( 'NONE',  ( -937.3144158156588900, -44.47907115696418900, 52.49660499083597600 ) ) ;
#3449 =( BOUNDED_SURFACE ( )  B_SPLINE_SURFACE ( 3, 2, ( 
 ( #5473, #123, #6535 ),
 ( #5943, #3382, #3309 ),
 ( #4842, #2755, #1682 ),
 ( #1180, #5381, #2220 ) ),
 .UNSPECIFIED., .F., .F., .F. ) 
 B_SPLINE_SURFACE_WITH_KNOTS ( ( 4, 4 ),
 ( 3, 3 ),
 ( 4.951528692706078900, 5.041869326281681800 ),
 ( 0.0000000000000000000, 1.000000000000000000 ),
 .UNSPECIFIED. ) 
 GEOMETRIC_REPRESENTATION_ITEM ( )  RATIONAL_B_SPLINE_SURFACE ( (
 ( 1.000000000000000000, 0.7343883422762481600, 1.000000000000000000),
 ( 1.000000000000000000, 0.7376954447171630800, 1.000000000000000000),
 ( 1.000000000000000000, 0.7409437060505359400, 1.000000000000000000),
 ( 1.000000000000000000, 0.7441224190802626600, 1.000000000000000000) ) ) 
 REPRESENTATION_ITEM ( '' )  SURFACE ( )  );
#3450 = VECTOR ( 'NONE', #3471, 1000.000000000000000 ) ;
#3451 = VERTEX_POINT ( 'NONE', #2288 ) ;
#3452 = CARTESIAN_POINT ( 'NONE',  ( -935.1204373870977000, -43.41711525980814200, -68.53590701453980200 ) ) ;
#3453 = CARTESIAN_POINT ( 'NONE',  ( -767.1187975865848300, 22.80925185295480500, 55.81301566269589600 ) ) ;
#3454 = CARTESIAN_POINT ( 'NONE',  ( -605.0299687486865400, -5.086740047754328300, -479.9023568143828700 ) ) ;
#3455 = B_SPLINE_SURFACE_WITH_KNOTS ( 'NONE', 3, 3, ( 
 ( #4030, #4539, #5664, #6731, #6711, #6640 ),
 ( #1403, #4058, #5087, #6686, #2964, #1376 ),
 ( #6659, #5594, #872, #922, #5623, #3533 ),
 ( #2489, #1425, #359, #5114, #1952, #5643 ) ),
 .UNSPECIFIED., .F., .F., .F.,
 ( 4, 4 ),
 ( 4, 1, 1, 4 ),
 ( 0.0000000000000000000, 1.000000000000000000 ),
 ( 0.0000000000000000000, 0.08409707550759747100, 0.1681940720496415700, 1.000000000000000000 ),
 .UNSPECIFIED. ) ;
#3456 = CARTESIAN_POINT ( 'NONE',  ( -1079.527261641290100, -3.207736080047484800, -19.25557350944201200 ) ) ;
#3457 = CARTESIAN_POINT ( 'NONE',  ( -731.8165205886363100, 116.0994112106420500, 120.2917345085320900 ) ) ;
#3458 = FACE_OUTER_BOUND ( 'NONE', #1809, .T. ) ;
#3459 = CARTESIAN_POINT ( 'NONE',  ( -135.5457493999841700, 282.1409657015416300, 140.1674268814865100 ) ) ;
#3460 = ORIENTED_EDGE ( 'NONE', *, *, #263, .T. ) ;
#3461 = EDGE_CURVE ( 'NONE', #4005, #5115, #666, .T. ) ;
#3462 = CARTESIAN_POINT ( 'NONE',  ( -730.9120174870886300, 42.66022898298394500, 118.7170760266970000 ) ) ;
#3463 = CARTESIAN_POINT ( 'NONE',  ( -855.3638864233430500, 39.44847174006466200, 114.8816014359641600 ) ) ;
#3464 = CARTESIAN_POINT ( 'NONE',  ( -170.9493332165665700, 318.3162895190271200, 240.0000000000000600 ) ) ;
#3465 = MECHANICAL_DESIGN_GEOMETRIC_PRESENTATION_REPRESENTATION (  '', ( #6069 ), #859 ) ;
#3466 = DIRECTION ( 'NONE',  ( -0.0000000000000000000, -0.0000000000000000000, 1.000000000000000000 ) ) ;
#3467 = ORIENTED_EDGE ( 'NONE', *, *, #664, .T. ) ;
#3468 = LINE ( 'NONE', #6329, #2210 ) ;
#3469 = DIRECTION ( 'NONE',  ( 0.0000000000000000000, 0.0000000000000000000, -1.000000000000000000 ) ) ;
#3470 = ORIENTED_EDGE ( 'NONE', *, *, #5095, .F. ) ;
#3471 = DIRECTION ( 'NONE',  ( -1.000000000000000000, -1.110223024625156700E-015, 0.0000000000000000000 ) ) ;
#3472 = EDGE_CURVE ( 'NONE', #1615, #2961, #729, .T. ) ;
#3473 = ADVANCED_FACE ( 'NONE', ( #5013 ), #4603, .T. ) ;
#3474 = VECTOR ( 'NONE', #4516, 999.9999999999998900 ) ;
#3475 = DIRECTION ( 'NONE',  ( 0.0000000000000000000, 0.0000000000000000000, -1.000000000000000000 ) ) ;
#3476 = ORIENTED_EDGE ( 'NONE', *, *, #6437, .T. ) ;
#3477 = VERTEX_POINT ( 'NONE', #706 ) ;
#3478 = CARTESIAN_POINT ( 'NONE',  ( -386.6883027942958500, 173.5105884154622800, 763.9905821034216200 ) ) ;
#3479 = CARTESIAN_POINT ( 'NONE',  ( -729.1386700855623500, 28.41730245509169000, -104.9115714110974700 ) ) ;
#3480 = ORIENTED_EDGE ( 'NONE', *, *, #407, .T. ) ;
#3481 = CARTESIAN_POINT ( 'NONE',  ( -930.8340912860213600, -44.05372242824076100, -69.73126554151106400 ) ) ;
#3482 = CARTESIAN_POINT ( 'NONE',  ( -731.8165205886455200, 400.0000000000000000, -120.2917345085309900 ) ) ;
#3483 = VECTOR ( 'NONE', #6005, 1000.000000000000000 ) ;
#3484 = CARTESIAN_POINT ( 'NONE',  ( -801.4150016023038500, -73.21928833898205400, 0.0000000000000000000 ) ) ;
#3485 = CARTESIAN_POINT ( 'NONE',  ( -1030.670179620741900, 34.35407089905885400, -21.33327968166264900 ) ) ;
#3486 = CARTESIAN_POINT ( 'NONE',  ( -396.7006316504052300, 94.88199682567851300, 509.9181256018205800 ) ) ;
#3487 = ORIENTED_EDGE ( 'NONE', *, *, #1628, .F. ) ;
#3488 = DIRECTION ( 'NONE',  ( -0.9396926207859103200, 0.3420201433256637200, 0.0000000000000000000 ) ) ;
#3489 = CARTESIAN_POINT ( 'NONE',  ( -729.2469134514119600, 29.10992096106289000, 106.3868287553680300 ) ) ;
#3490 = CARTESIAN_POINT ( 'NONE',  ( -728.6948296965529200, 26.57218991195626500, -95.30066013804095300 ) ) ;
#3491 = CARTESIAN_POINT ( 'NONE',  ( -183.5502250370033700, 307.3041133690410300, 239.9999999999999700 ) ) ;
#3492 = CARTESIAN_POINT ( 'NONE',  ( -770.0781411151467600, 23.42730997547047500, 54.73844108899106000 ) ) ;
#3493 = EDGE_LOOP ( 'NONE', ( #3467, #4839, #2786 ) ) ;
#3494 = CARTESIAN_POINT ( 'NONE',  ( -541.8872186319583800, -3.150113460416930100, -0.0000000000000000000 ) ) ;
#3495 = CARTESIAN_POINT ( 'NONE',  ( -14.64406543844063800, 296.7320001502884000, -144.1974830135377800 ) ) ;
#3496 = CARTESIAN_POINT ( 'NONE',  ( -616.9319087001731500, 22.69240075583843800, 451.2367140275673000 ) ) ;
#3497 = CARTESIAN_POINT ( 'NONE',  ( -997.3229168503174800, 1.412200658722141400, -78.43106737187423500 ) ) ;
#3498 = B_SPLINE_SURFACE_WITH_KNOTS ( 'NONE', 3, 3, ( 
 ( #3267, #4288, #1671, #4808, #112, #3804, #650 ),
 ( #1743, #5978, #1960, #2452, #3010, #388, #4083 ),
 ( #5026, #1862, #3057, #3668, #3650, #439, #2563 ),
 ( #6782, #479, #4131, #3077, #3625, #987, #1513 ) ),
 .UNSPECIFIED., .F., .F., .F.,
 ( 4, 4 ),
 ( 4, 1, 1, 1, 4 ),
 ( 0.0000000000000000000, 1.000000000000000000 ),
 ( 0.0000000000000000000, 0.2982968211775609600, 0.6153669425867313000, 0.7410739866888770300, 1.000000000000000000 ),
 .UNSPECIFIED. ) ;
#3499 = CARTESIAN_POINT ( 'NONE',  ( -977.9970575583958000, 32.06201920788370800, 87.52448106196229100 ) ) ;
#3500 = CARTESIAN_POINT ( 'NONE',  ( -765.5763752531697700, -49.25060836388760100, 61.63020452759305100 ) ) ;
#3501 =( NAMED_UNIT ( * ) SI_UNIT ( $, .STERADIAN. ) SOLID_ANGLE_UNIT ( ) );
#3502 = B_SPLINE_CURVE_WITH_KNOTS ( 'NONE', 3,
 ( #2575, #1042, #3617, #5221, #5726, #6231, #3070, #3115, #2596, #6793, #6808, #998, #6321, #2556, #6771, #971, #2034, #6254 ),
 .UNSPECIFIED., .F., .F.,
 ( 4, 2, 2, 2, 2, 2, 2, 2, 4 ),
 ( 0.0000000000000000000, 0.007030248666022468300, 0.01406049733204493700, 0.02812099466408993600, 0.03163611899710119800, 0.03515124333011246400, 0.04218149199613494000, 0.04921174066215742300, 0.05624198932817990600 ),
 .UNSPECIFIED. ) ;
#3503 = VERTEX_POINT ( 'NONE', #3463 ) ;
#3504 = CARTESIAN_POINT ( 'NONE',  ( -1021.074700142277500, 20.99602887136788700, -56.80099378340558800 ) ) ;
#3505 = CARTESIAN_POINT ( 'NONE',  ( -728.8373881854719200, 26.88366327722901200, -99.39423786005592400 ) ) ;
#3506 = CARTESIAN_POINT ( 'NONE',  ( -1025.536692396613700, 24.33143166105051200, -49.79184934594356800 ) ) ;
#3507 = CARTESIAN_POINT ( 'NONE',  ( -5.573319583618285800E-011, 399.9999999999999400, 134.4721470217467600 ) ) ;
#3508 = EDGE_CURVE ( 'NONE', #3558, #419, #2861, .T. ) ;
#3509 = CARTESIAN_POINT ( 'NONE',  ( -739.4465614466386100, 139.4831827924648500, 98.55513196174605600 ) ) ;
#3510 = ORIENTED_EDGE ( 'NONE', *, *, #5176, .T. ) ;
#3511 = ADVANCED_FACE ( 'NONE', ( #6249 ), #5558, .T. ) ;
#3512 = CARTESIAN_POINT ( 'NONE',  ( -1030.586060720928800, 31.25276721074571300, -32.13955228785963700 ) ) ;
#3513 = CARTESIAN_POINT ( 'NONE',  ( -750.6785800302290000, -23.06546278693414100, 1.480452460431675500E-028 ) ) ;
#3514 = CARTESIAN_POINT ( 'NONE',  ( -729.3453448115193400, 26.50846961818195900, 120.3447435035078900 ) ) ;
#3515 = PLANE ( 'NONE',  #3303 ) ;
#3516 = CARTESIAN_POINT ( 'NONE',  ( -184.3430301104942500, 304.7852410639415000, 240.0000000000000000 ) ) ;
#3517 = EDGE_CURVE ( 'NONE', #1551, #4440, #2391, .T. ) ;
#3518 = CARTESIAN_POINT ( 'NONE',  ( -711.8839373918325500, -18.56752510712973600, 269.8630729374096400 ) ) ;
#3519 = CARTESIAN_POINT ( 'NONE',  ( -985.4049532420384600, 2.081997833898376000, -84.75549611693981000 ) ) ;
#3520 = CARTESIAN_POINT ( 'NONE',  ( -995.4355321738104300, 1.518272884194809900, -55.74267152342742500 ) ) ;
#3521 = CARTESIAN_POINT ( 'NONE',  ( -939.5870448557457200, 7.164169369840226200, 63.66822034062012400 ) ) ;
#3522 = CARTESIAN_POINT ( 'NONE',  ( -971.0375125829706300, -46.70541187800886000, -20.83333333333332900 ) ) ;
#3523 = CARTESIAN_POINT ( 'NONE',  ( -973.7201394624663600, 2.738691839372716400, 67.46626139460964600 ) ) ;
#3524 = CARTESIAN_POINT ( 'NONE',  ( -904.2917312246009900, 22.77500730725272500, 107.9619514504474300 ) ) ;
#3525 = LINE ( 'NONE', #812, #949 ) ;
#3526 = CARTESIAN_POINT ( 'NONE',  ( -767.7006262591858100, -49.25061185733253700, -55.42311966974517600 ) ) ;
#3527 = ORIENTED_EDGE ( 'NONE', *, *, #4562, .F. ) ;
#3528 = B_SPLINE_SURFACE_WITH_KNOTS ( 'NONE', 3, 3, ( 
 ( #1507, #1236, #4941, #1393, #4635, #350, #6599 ),
 ( #5216, #6298, #2776, #1569, #3890, #5626, #838 ),
 ( #3494, #3564, #412, #5140, #6115, #6172, #2490 ),
 ( #6642, #316, #338, #1427, #5118, #384, #899 ) ),
 .UNSPECIFIED., .F., .F., .F.,
 ( 4, 4 ),
 ( 4, 1, 1, 1, 4 ),
 ( 0.0000000000000000000, 1.000000000000000000 ),
 ( 0.0000000000000000000, 0.2982968211775609600, 0.6153669425867313000, 0.7410739866888770300, 1.000000000000000000 ),
 .UNSPECIFIED. ) ;
#3529 = CARTESIAN_POINT ( 'NONE',  ( -452.3121918719482400, 65.16824894476499700, 373.9673483437173300 ) ) ;
#3530 = CARTESIAN_POINT ( 'NONE',  ( -728.8132060259853200, 26.56059356480111300, 95.29813132661833200 ) ) ;
#3531 = CARTESIAN_POINT ( 'NONE',  ( -189.4021635995849800, 333.3252718369823800, 137.5965442856417300 ) ) ;
#3532 = CARTESIAN_POINT ( 'NONE',  ( -769.5060197261552700, 23.42730997547047500, 64.68821729051977300 ) ) ;
#3533 = CARTESIAN_POINT ( 'NONE',  ( -669.6908340607190000, 73.43984978339578600, 650.0000000000000000 ) ) ;
#3534 = DIRECTION ( 'NONE',  ( -1.000000000000000000, 0.0000000000000000000, 0.0000000000000000000 ) ) ;
#3535 = LINE ( 'NONE', #1538, #2033 ) ;
#3536 = ORIENTED_EDGE ( 'NONE', *, *, #3258, .F. ) ;
#3537 = CARTESIAN_POINT ( 'NONE',  ( -855.9382576578412900, 74.74293838647115300, 114.8260798189228200 ) ) ;
#3538 =( BOUNDED_CURVE ( )  B_SPLINE_CURVE ( 3, ( #3106, #6801, #6312, #5806 ),
 .UNSPECIFIED., .F., .F. ) 
 B_SPLINE_CURVE_WITH_KNOTS ( ( 4, 4 ),
 ( 0.6612005025985501200, 1.241315980897927300 ),
 .UNSPECIFIED. ) 
 CURVE ( )  GEOMETRIC_REPRESENTATION_ITEM ( )  RATIONAL_B_SPLINE_CURVE ( ( 1.000000000000000000, 0.9721515755180505400, 0.9721515755180505400, 1.000000000000000000 ) ) 
 REPRESENTATION_ITEM ( '' )  );
#3539 = CARTESIAN_POINT ( 'NONE',  ( -153.6694438109603900, 281.2592151516587900, 239.9999999999999700 ) ) ;
#3540 = CARTESIAN_POINT ( 'NONE',  ( -454.6241072762800900, 61.52337124693671200, 573.8061250271849800 ) ) ;
#3541 = AXIS2_PLACEMENT_3D ( 'NONE', #2935, #2468, #2407 ) ;
#3542 = DIRECTION ( 'NONE',  ( -2.220446049250313600E-016, 1.000000000000000000, -0.0000000000000000000 ) ) ;
#3543 = ADVANCED_FACE ( 'NONE', ( #2123, #59 ), #3429, .T. ) ;
#3544 = FACE_OUTER_BOUND ( 'NONE', #6507, .T. ) ;
#3545 = CARTESIAN_POINT ( 'NONE',  ( -931.0042028874405600, -44.47907115696418900, 69.72312358444455100 ) ) ;
#3546 = EDGE_CURVE ( 'NONE', #1208, #1640, #2417, .T. ) ;
#3547 = CARTESIAN_POINT ( 'NONE',  ( -969.8308515967182800, 2.957272304234565200, 68.79590352574993500 ) ) ;
#3548 = CARTESIAN_POINT ( 'NONE',  ( -184.6267484020527000, 296.8509855691290200, -239.9999999999998900 ) ) ;
#3549 = CARTESIAN_POINT ( 'NONE',  ( -930.6696162560831500, -44.00615458561130600, -49.73878509517133800 ) ) ;
#3550 = EDGE_LOOP ( 'NONE', ( #2247, #1033, #1769, #4068 ) ) ;
#3551 = CARTESIAN_POINT ( 'NONE',  ( -14.62674840205196200, 306.2533925417656600, 137.9225819429060500 ) ) ;
#3552 = VERTEX_POINT ( 'NONE', #4812 ) ;
#3553 = CARTESIAN_POINT ( 'NONE',  ( -766.8722773087066600, -49.25061185733253700, -56.03015368265838700 ) ) ;
#3554 = CARTESIAN_POINT ( 'NONE',  ( -1028.449723387226600, 37.41440998672506900, -0.4493131354926059900 ) ) ;
#3555 = DIRECTION ( 'NONE',  ( 0.0000000000000000000, -1.000000000000000000, 0.0000000000000000000 ) ) ;
#3556 = CARTESIAN_POINT ( 'NONE',  ( -915.5185338083306300, 25.35579684836400100, -105.7435255638030500 ) ) ;
#3557 = EDGE_CURVE ( 'NONE', #3558, #2009, #3028, .T. ) ;
#3558 = VERTEX_POINT ( 'NONE', #3271 ) ;
#3559 = LINE ( 'NONE', #3105, #3291 ) ;
#3560 = ORIENTED_EDGE ( 'NONE', *, *, #3508, .T. ) ;
#3561 = CARTESIAN_POINT ( 'NONE',  ( -823.4214518720573300, -51.75754870041144100, 66.40623400834317600 ) ) ;
#3562 = CARTESIAN_POINT ( 'NONE',  ( -721.5093510031267700, -27.39914864066250600, -0.0000000000000000000 ) ) ;
#3563 = ORIENTED_EDGE ( 'NONE', *, *, #2668, .T. ) ;
#3564 = CARTESIAN_POINT ( 'NONE',  ( -543.7848070721095200, -2.460686034315916700, 69.84760131456170000 ) ) ;
#3565 = CARTESIAN_POINT ( 'NONE',  ( -919.3216284226484700, 64.33216172391404100, -101.7668600372641200 ) ) ;
#3566 = CARTESIAN_POINT ( 'NONE',  ( -148.1699033567629400, 281.0009394150529300, 240.0000000000000300 ) ) ;
#3567 = CARTESIAN_POINT ( 'NONE',  ( -308.7992690864780300, 140.4205989181334900, -650.0000000000000000 ) ) ;
#3568 = DIRECTION ( 'NONE',  ( -0.0000000000000000000, -0.0000000000000000000, -1.000000000000000000 ) ) ;
#3569 = B_SPLINE_SURFACE_WITH_KNOTS ( 'NONE', 3, 3, ( 
 ( #237, #3407, #5495, #1874, #4962, #6584 ),
 ( #3484, #1847, #3428, #5526, #3454, #2359 ),
 ( #303, #1282, #4530, #4435, #6126, #1804 ),
 ( #2337, #5562, #2954, #3935, #3963, #780 ) ),
 .UNSPECIFIED., .F., .F., .F.,
 ( 4, 4 ),
 ( 4, 1, 1, 4 ),
 ( 0.0000000000000000000, 1.000000000000000000 ),
 ( 0.0000000000000000000, 0.08409707550759747100, 0.1681940720496415700, 1.000000000000000000 ),
 .UNSPECIFIED. ) ;
#3570 = CARTESIAN_POINT ( 'NONE',  ( -367.9313192756203000, 108.1367673492333400, -593.0918799415275100 ) ) ;
#3571 = ORIENTED_EDGE ( 'NONE', *, *, #4401, .T. ) ;
#3572 = CARTESIAN_POINT ( 'NONE',  ( -22.29831651478054900, 304.9324060176871300, 239.9999999999998600 ) ) ;
#3573 = AXIS2_PLACEMENT_3D ( 'NONE', #5989, #2908, #757 ) ;
#3574 = CARTESIAN_POINT ( 'NONE',  ( -988.1729592711797100, -43.56514554282340900, -312.7510206763798200 ) ) ;
#3575 = CARTESIAN_POINT ( 'NONE',  ( -861.5345184852210400, 35.55172764378141200, -114.2518697217170700 ) ) ;
#3576 = ORIENTED_EDGE ( 'NONE', *, *, #6195, .F. ) ;
#3577 = CARTESIAN_POINT ( 'NONE',  ( -915.1298031822655000, 25.12953475347834600, 105.8242977706109300 ) ) ;
#3578 = B_SPLINE_CURVE_WITH_KNOTS ( 'NONE', 3,
 ( #4899, #2225, #180, #6472 ),
 .UNSPECIFIED., .F., .F.,
 ( 4, 4 ),
 ( 0.0000000000000000000, 0.009042700231863222100 ),
 .UNSPECIFIED. ) ;
#3579 = CARTESIAN_POINT ( 'NONE',  ( -769.6491714209065500, -49.25061185733253700, -64.70788681387864500 ) ) ;
#3580 = B_SPLINE_SURFACE_WITH_KNOTS ( 'NONE', 3, 1, ( 
 ( #6455, #3826 ),
 ( #1737, #1785 ),
 ( #6020, #6047 ),
 ( #4901, #1245 ),
 ( #1218, #763 ),
 ( #2368, #1270 ),
 ( #1292, #2301 ),
 ( #4994, #1837 ),
 ( #3916, #4949 ),
 ( #4417, #2838 ),
 ( #6497, #5479 ),
 ( #1814, #2865 ),
 ( #5536, #692 ),
 ( #6545, #3362 ),
 ( #3945, #6525 ),
 ( #2322, #710 ),
 ( #4443, #221 ),
 ( #786, #5431 ),
 ( #3893, #2274 ),
 ( #4470, #6070 ),
 ( #2891, #5505 ),
 ( #736, #3390 ),
 ( #182, #4372 ),
 ( #2343, #4971 ),
 ( #3415, #3439 ),
 ( #5996, #2818 ),
 ( #202, #246 ),
 ( #5973, #6567 ),
 ( #2795, #6591 ),
 ( #1312, #270 ),
 ( #3337, #3867 ) ),
 .UNSPECIFIED., .F., .F., .F.,
 ( 4, 1, 1, 1, 1, 1, 1, 1, 1, 1, 1, 1, 1, 1, 1, 1, 1, 1, 1, 1, 1, 1, 1, 1, 1, 1, 1, 1, 4 ),
 ( 2, 2 ),
 ( 0.0000000000000000000, 0.008963183152682519000, 0.01791566843147318600, 0.02685813342854692600, 0.03579113212455320400, 0.04471511158140684100, 0.05363042876970236500, 0.06253736750800365000, 0.09393627246238844800, 0.1252309910192004300, 0.1582758663120358300, 0.1875832646846012900, 0.2501956511385704500, 0.3142821791013650200, 0.3749987298224826100, 0.4379049496654140400, 0.4998308325769127400, 0.5620630051853388000, 0.6247753660083329400, 0.6857340499023368800, 0.7498276971185194900, 0.8083249665310772200, 0.8746921272485900200, 0.9042795344645144800, 0.9370396634042442700, 0.9497477520125671100, 0.9644720020107473400, 0.9812195165728187000, 1.000000000000000000 ),
 ( 0.0000000000000000000, 1.000000000000000000 ),
 .UNSPECIFIED. ) ;
#3581 = CARTESIAN_POINT ( 'NONE',  ( -1095.985989272548300, -4.132727096621547200, -5.267150036410193100 ) ) ;
#3582 = CARTESIAN_POINT ( 'NONE',  ( -915.6390288933268900, 25.43847784093833700, -105.7184276800855000 ) ) ;
#3583 = ORIENTED_EDGE ( 'NONE', *, *, #1098, .F. ) ;
#3584 = CARTESIAN_POINT ( 'NONE',  ( -497.7996294928674400, 48.47557972013054000, 576.2282484482782400 ) ) ;
#3585 = EDGE_CURVE ( 'NONE', #2782, #633, #1908, .T. ) ;
#3586 = CARTESIAN_POINT ( 'NONE',  ( -858.7868494281748300, 83.46312312227433900, 112.1093737480383200 ) ) ;
#3587 = CARTESIAN_POINT ( 'NONE',  ( -114.4816291304548500, 284.8762958284193000, 239.9999999999999400 ) ) ;
#3588 = CARTESIAN_POINT ( 'NONE',  ( -111.1702897969567900, 313.5450642595636200, -140.9799422015872800 ) ) ;
#3589 = CARTESIAN_POINT ( 'NONE',  ( -52.25091995062634000, 310.3821335489369100, 239.9999999999999400 ) ) ;
#3590 = CARTESIAN_POINT ( 'NONE',  ( -965.5218452665626500, -37.86112661497390500, -62.35021923255894900 ) ) ;
#3591 = PLANE ( 'NONE',  #5716 ) ;
#3592 = CARTESIAN_POINT ( 'NONE',  ( -868.5659662064849700, 33.02097201964895800, -113.4515795393221100 ) ) ;
#3593 = DIRECTION ( 'NONE',  ( -1.972152263052529500E-031, -2.189528850507527500E-046, 1.000000000000000000 ) ) ;
#3594 = EDGE_CURVE ( 'NONE', #1629, #2901, #5835, .T. ) ;
#3595 = CARTESIAN_POINT ( 'NONE',  ( -768.8424994385436500, 23.42789570974004900, -64.54452117786583200 ) ) ;
#3596 = AXIS2_PLACEMENT_3D ( 'NONE', #679, #653, #97 ) ;
#3597 = CARTESIAN_POINT ( 'NONE',  ( -1017.020702830704500, 0.3051724917409128800, 0.8604765812938994800 ) ) ;
#3598 = CARTESIAN_POINT ( 'NONE',  ( -966.0375125829712000, -38.04515784016415800, -0.0000000000000000000 ) ) ;
#3599 = CARTESIAN_POINT ( 'NONE',  ( -916.1761530242722500, 26.12177652996217200, -105.6062142766427600 ) ) ;
#3600 = CARTESIAN_POINT ( 'NONE',  ( -953.4141936592751600, 24.23659796952168900, 95.93045245886568800 ) ) ;
#3601 = DIRECTION ( 'NONE',  ( 0.0000000000000000000, 0.0000000000000000000, 1.000000000000000000 ) ) ;
#3602 = CARTESIAN_POINT ( 'NONE',  ( -919.3092125744914300, 76.30036816899239200, -83.13133380107837000 ) ) ;
#3603 = CARTESIAN_POINT ( 'NONE',  ( -126.9219000548494300, 283.2553424654522000, 239.9999999999998900 ) ) ;
#3604 = FACE_OUTER_BOUND ( 'NONE', #4257, .T. ) ;
#3605 = VERTEX_POINT ( 'NONE', #1158 ) ;
#3606 = CARTESIAN_POINT ( 'NONE',  ( -73.70410841174263800, 308.4268584105810200, -142.2288149144277200 ) ) ;
#3607 = ADVANCED_FACE ( 'NONE', ( #3370, #645, #6674, #1622 ), #2329, .F. ) ;
#3608 = CARTESIAN_POINT ( 'NONE',  ( -932.2263901009130200, 7.164169369840226200, 49.91119714758191600 ) ) ;
#3609 = CARTESIAN_POINT ( 'NONE',  ( -780.6842910643205200, 33.82853211690750300, -479.9273741711696200 ) ) ;
#3610 = DIRECTION ( 'NONE',  ( 1.000000000000000000, 0.0000000000000000000, -3.265361837132812600E-016 ) ) ;
#3611 = LINE ( 'NONE', #2355, #3443 ) ;
#3612 = VERTEX_POINT ( 'NONE', #2847 ) ;
#3613 = CARTESIAN_POINT ( 'NONE',  ( -937.5036975170894500, -42.98863280890582000, -52.77419393107794600 ) ) ;
#3614 = CARTESIAN_POINT ( 'NONE',  ( -411.3112921771536900, 151.3384461023320000, -755.0000000000000000 ) ) ;
#3615 = CARTESIAN_POINT ( 'NONE',  ( -934.5304161944366100, -43.43888046756739400, 50.64175051097254300 ) ) ;
#3616 = FACE_OUTER_BOUND ( 'NONE', #4793, .T. ) ;
#3617 = CARTESIAN_POINT ( 'NONE',  ( -394.0265897248842700, 162.4125022451008000, -734.5474150125791100 ) ) ;
#3618 = ORIENTED_EDGE ( 'NONE', *, *, #145, .T. ) ;
#3619 = DIRECTION ( 'NONE',  ( 0.03012194380132783900, 0.08275936042423075200, 0.9961142287728862500 ) ) ;
#3620 = DIRECTION ( 'NONE',  ( -2.018587317500284600E-016, -0.0000000000000000000, -1.000000000000000000 ) ) ;
#3621 = ORIENTED_EDGE ( 'NONE', *, *, #5691, .F. ) ;
#3622 = DIRECTION ( 'NONE',  ( 1.000000000000000000, 1.110223024625156700E-015, 0.0000000000000000000 ) ) ;
#3623 = CARTESIAN_POINT ( 'NONE',  ( -919.0245621518158700, 76.47828466112095200, -81.59951836257991400 ) ) ;
#3624 = CARTESIAN_POINT ( 'NONE',  ( -113.7044687931865400, 284.9783812857129400, 239.9999999999998900 ) ) ;
#3625 = CARTESIAN_POINT ( 'NONE',  ( -393.8887080982340200, 87.29250983550717500, -509.9464644161665200 ) ) ;
#3626 = CARTESIAN_POINT ( 'NONE',  ( -141.1728542065670200, 317.4233716605549500, -139.9798567212668800 ) ) ;
#3627 = CARTESIAN_POINT ( 'NONE',  ( -750.6785800302291100, 71.93453721306583800, 650.0000000000000000 ) ) ;
#3628 = CARTESIAN_POINT ( 'NONE',  ( -22.31946641790906200, 304.9374080122051400, 239.9999999999999100 ) ) ;
#3629 = EDGE_LOOP ( 'NONE', ( #3960, #2620, #4336, #3888 ) ) ;
#3630 = LINE ( 'NONE', #1492, #5686 ) ;
#3631 = CARTESIAN_POINT ( 'NONE',  ( -977.8172088364417500, -37.53297281724876900, 0.0000000000000000000 ) ) ;
#3632 = ORIENTED_EDGE ( 'NONE', *, *, #1759, .T. ) ;
#3633 = CARTESIAN_POINT ( 'NONE',  ( -931.3374411466434100, -43.90956271168045800, -49.78104261172764200 ) ) ;
#3634 = LINE ( 'NONE', #1951, #2216 ) ;
#3635 = CARTESIAN_POINT ( 'NONE',  ( -1030.694514953006500, 34.34938801619277600, -21.40449740836212900 ) ) ;
#3636 = VERTEX_POINT ( 'NONE', #3955 ) ;
#3637 = VERTEX_POINT ( 'NONE', #6577 ) ;
#3638 = DIRECTION ( 'NONE',  ( 0.9994449069791543300, 0.0000000000000000000, 0.03331483023263736400 ) ) ;
#3639 = CARTESIAN_POINT ( 'NONE',  ( -939.9823688929393500, -42.63277504482200400, 62.39245098798756600 ) ) ;
#3640 = CARTESIAN_POINT ( 'NONE',  ( -750.6785800302290000, 21.93453721306582000, 873.3033800018810100 ) ) ;
#3641 = EDGE_CURVE ( 'NONE', #3206, #5279, #6385, .T. ) ;
#3642 = FACE_OUTER_BOUND ( 'NONE', #2104, .T. ) ;
#3643 = CARTESIAN_POINT ( 'NONE',  ( -917.1676508575117200, 55.99303254969949300, 105.2134167781806700 ) ) ;
#3644 = CARTESIAN_POINT ( 'NONE',  ( -711.8839373918331100, -18.56752510712951200, -269.8630729374096400 ) ) ;
#3645 = B_SPLINE_CURVE_WITH_KNOTS ( 'NONE', 2,
 ( #674, #5957, #2845 ),
 .UNSPECIFIED., .F., .F.,
 ( 3, 3 ),
 ( 0.0000000000000000000, 1.000000000000000000 ),
 .UNSPECIFIED. ) ;
#3646 = ORIENTED_EDGE ( 'NONE', *, *, #3884, .T. ) ;
#3647 = CARTESIAN_POINT ( 'NONE',  ( -875.7415570237755000, 12.17161705909654600, -89.19141765914258700 ) ) ;
#3648 = CARTESIAN_POINT ( 'NONE',  ( -920.2160873081956000, 70.13493993235475400, -96.70323747192968300 ) ) ;
#3649 = CARTESIAN_POINT ( 'NONE',  ( -73.41383094575611800, 290.4762685471076200, 239.9999999999999400 ) ) ;
#3650 = CARTESIAN_POINT ( 'NONE',  ( -374.2334197083896500, 98.64939886248203000, -509.7361797322662400 ) ) ;
#3651 = CARTESIAN_POINT ( 'NONE',  ( -96.17735229395033500, 311.5439272937064200, -141.4797067850208000 ) ) ;
#3652 = DIRECTION ( 'NONE',  ( -1.000000000000000000, 0.0000000000000000000, 0.0000000000000000000 ) ) ;
#3653 = CARTESIAN_POINT ( 'NONE',  ( -14.62674840205269100, 302.0000000000000600, 239.9999999999999100 ) ) ;
#3654 = CARTESIAN_POINT ( 'NONE',  ( -782.3509577309871500, 30.94178077095935500, -479.9273741711696200 ) ) ;
#3655 = CARTESIAN_POINT ( 'NONE',  ( -110.4287047268468700, 313.4778319254067500, -137.9225819429058800 ) ) ;
#3656 = CARTESIAN_POINT ( 'NONE',  ( -1037.371161510782500, 34.81705338825990700, 8.032680029177168300 ) ) ;
#3657 = CARTESIAN_POINT ( 'NONE',  ( -1028.447899905651200, 37.41579865327966600, -0.3611210285444008100 ) ) ;
#3658 =( BOUNDED_CURVE ( )  B_SPLINE_CURVE ( 3, ( #1542, #4161, #4144, #3092 ),
 .UNSPECIFIED., .F., .F. ) 
 B_SPLINE_CURVE_WITH_KNOTS ( ( 4, 4 ),
 ( 0.7948803853099839500, 1.570796326794896300 ),
 .UNSPECIFIED. ) 
 CURVE ( )  GEOMETRIC_REPRESENTATION_ITEM ( )  RATIONAL_B_SPLINE_CURVE ( ( 1.000000000000000000, 0.9504556578693220700, 0.9504556578693220700, 1.000000000000000000 ) ) 
 REPRESENTATION_ITEM ( '' )  );
#3659 = DIRECTION ( 'NONE',  ( 1.000000000000000000, 0.0000000000000000000, 0.0000000000000000000 ) ) ;
#3660 = CARTESIAN_POINT ( 'NONE',  ( -931.6582899186964800, -43.86289208786709500, 49.81953964496819500 ) ) ;
#3661 = ORIENTED_EDGE ( 'NONE', *, *, #5250, .T. ) ;
#3662 = CARTESIAN_POINT ( 'NONE',  ( -1076.863720793818200, -3.058043381340593400, 21.10248707149592200 ) ) ;
#3663 = FILL_AREA_STYLE ('',( #2062 ) ) ;
#3664 = CARTESIAN_POINT ( 'NONE',  ( -181.2712458149317500, 311.0222880325340500, 138.6432436676550100 ) ) ;
#3665 = CARTESIAN_POINT ( 'NONE',  ( -582.4122084373265100, 33.78716018846089500, 650.0000000000000000 ) ) ;
#3666 = CARTESIAN_POINT ( 'NONE',  ( -1534.030086240052900, -201.6600000000000000, -1099.999999628405500 ) ) ;
#3667 = CARTESIAN_POINT ( 'NONE',  ( -130.0247359942026200, 282.8540745592241600, 239.9999999999999400 ) ) ;
#3668 = CARTESIAN_POINT ( 'NONE',  ( -447.9801092901970500, 49.83749238180580900, -373.9530545154048600 ) ) ;
#3669 = CARTESIAN_POINT ( 'NONE',  ( -146.7944606443235500, 317.8569347971870800, -139.7924698400084900 ) ) ;
#3670 = DIRECTION ( 'NONE',  ( -0.0000000000000000000, -0.0000000000000000000, 1.000000000000000000 ) ) ;
#3671 = CARTESIAN_POINT ( 'NONE',  ( -588.0609149135337900, -13.05060390121163200, 269.6497347920996500 ) ) ;
#3672 = CARTESIAN_POINT ( 'NONE',  ( -113.5547690264869900, 319.0019434918079900, 240.0000000000000000 ) ) ;
#3673 = CARTESIAN_POINT ( 'NONE',  ( -721.0375125829707500, -43.02027741034830700, 0.0000000000000000000 ) ) ;
#3674 = DIRECTION ( 'NONE',  ( -0.0000000000000000000, -1.000000000000000000, -0.0000000000000000000 ) ) ;
#3675 = EDGE_CURVE ( 'NONE', #3612, #6425, #5512, .T. ) ;
#3676 = CARTESIAN_POINT ( 'NONE',  ( -146.1794074588865400, 322.9686786833808600, 139.8129716128563900 ) ) ;
#3677 = CARTESIAN_POINT ( 'NONE',  ( -863.0104921238210000, 96.19676528163816400, -114.1476138099053700 ) ) ;
#3678 = SHAPE_DEFINITION_REPRESENTATION ( #1112, #5128 ) ;
#3679 = CARTESIAN_POINT ( 'NONE',  ( -938.1652815967243000, -42.88743503609292400, 53.50403666305379600 ) ) ;
#3680 = CARTESIAN_POINT ( 'NONE',  ( -1091.008725230450200, -3.853001674991345400, 10.59093069474820000 ) ) ;
#3681 = DIRECTION ( 'NONE',  ( 1.000000000000000000, 0.0000000000000000000, 0.0000000000000000000 ) ) ;
#3682 = PLANE ( 'NONE',  #6296 ) ;
#3683 = CARTESIAN_POINT ( 'NONE',  ( -738.6974510555207900, 139.9583467906727200, -95.31631867009338100 ) ) ;
#3684 = LINE ( 'NONE', #2868, #2270 ) ;
#3685 = VERTEX_POINT ( 'NONE', #1745 ) ;
#3686 = CARTESIAN_POINT ( 'NONE',  ( -861.6342496577638000, 96.68124017129572700, -89.96129063427129300 ) ) ;
#3687 = DIRECTION ( 'NONE',  ( 0.0000000000000000000, 1.000000000000000000, 0.0000000000000000000 ) ) ;
#3688 = CARTESIAN_POINT ( 'NONE',  ( -24.85858544678537300, 305.5163033679318700, 143.8569990132596400 ) ) ;
#3689 = AXIS2_PLACEMENT_3D ( 'NONE', #521, #2508, #1995 ) ;
#3690 = DIRECTION ( 'NONE',  ( -0.9427946626885517200, -0.3318894391366361600, 0.03142648875628503000 ) ) ;
#3691 = CARTESIAN_POINT ( 'NONE',  ( -452.7720532934483800, 52.79374271373869500, -573.8643163231339500 ) ) ;
#3692 = LINE ( 'NONE', #6287, #637 ) ;
#3693 = CARTESIAN_POINT ( 'NONE',  ( -5.573319583618285800E-011, 400.0000000000000000, 0.0000000000000000000 ) ) ;
#3694 = ORIENTED_EDGE ( 'NONE', *, *, #4759, .F. ) ;
#3695 = CARTESIAN_POINT ( 'NONE',  ( -138.0635540120957200, 322.1810716680342900, 239.9999999999999400 ) ) ;
#3696 = VECTOR ( 'NONE', #4552, 1000.000000000000000 ) ;
#3697 = VERTEX_POINT ( 'NONE', #1256 ) ;
#3698 = CARTESIAN_POINT ( 'NONE',  ( -110.4287047268466000, 318.6268463562761300, 239.9999999999999100 ) ) ;
#3699 = CARTESIAN_POINT ( 'NONE',  ( -169.3966952458110600, 340.3677424134020800, 114.6988996945207800 ) ) ;
#3700 = CARTESIAN_POINT ( 'NONE',  ( -937.5010464847748600, -43.04366449941422700, 66.70542129674042500 ) ) ;
#3701 = CARTESIAN_POINT ( 'NONE',  ( -1016.700828299722500, 0.3231496449095523900, 9.403219270175153400 ) ) ;
#3702 = CARTESIAN_POINT ( 'NONE',  ( -161.7269741471207600, 321.4044360925271900, 139.2947193899154000 ) ) ;
#3703 = VECTOR ( 'NONE', #6179, 1000.000000000000000 ) ;
#3704 = ORIENTED_EDGE ( 'NONE', *, *, #4157, .F. ) ;
#3705 = CARTESIAN_POINT ( 'NONE',  ( -1008.475061789000400, 44.98926872798294600, 43.07104054620737100 ) ) ;
#3706 = EDGE_LOOP ( 'NONE', ( #2234, #4649, #45, #5659 ) ) ;
#3707 = CARTESIAN_POINT ( 'NONE',  ( -1022.618064124026500, 20.59956216882292800, -54.99600975411300400 ) ) ;
#3708 = VERTEX_POINT ( 'NONE', #2828 ) ;
#3709 = CARTESIAN_POINT ( 'NONE',  ( -729.0542768836836600, 26.53698324128182800, -95.29295773868912500 ) ) ;
#3710 = CARTESIAN_POINT ( 'NONE',  ( 4.373401631727047900, 146.1291709910543700, -144.8313985825434100 ) ) ;
#3711 = FACE_OUTER_BOUND ( 'NONE', #3328, .T. ) ;
#3712 = CARTESIAN_POINT ( 'NONE',  ( -144.6562651326862000, 322.8664308143299900, 139.8637430237297100 ) ) ;
#3713 = ORIENTED_EDGE ( 'NONE', *, *, #3000, .F. ) ;
#3714 = CARTESIAN_POINT ( 'NONE',  ( -352.4986460716720600, 115.4119519339909600, -650.0000000000000000 ) ) ;
#3715 = ORIENTED_EDGE ( 'NONE', *, *, #6021, .F. ) ;
#3716 = CARTESIAN_POINT ( 'NONE',  ( -395.0313902333978100, 160.6268814183880200, 730.3174477189177200 ) ) ;
#3717 = CARTESIAN_POINT ( 'NONE',  ( -124.6794516946924600, 320.4540866387495700, 239.9999999999998900 ) ) ;
#3718 = EDGE_CURVE ( 'NONE', #554, #2808, #6171, .T. ) ;
#3719 = CARTESIAN_POINT ( 'NONE',  ( -978.2096096027627300, 55.64353348873437700, 63.86921591008125200 ) ) ;
#3720 = VECTOR ( 'NONE', #4847, 1000.000000000000200 ) ;
#3721 = CARTESIAN_POINT ( 'NONE',  ( -671.3892581488839800, 151.2238590944111500, 655.0000000000000000 ) ) ;
#3722 = CARTESIAN_POINT ( 'NONE',  ( -1016.193618240131200, 42.27212630780312000, 31.43305827268705200 ) ) ;
#3723 = CARTESIAN_POINT ( 'NONE',  ( -180.7714855027329600, 336.3635059576126900, 135.2763254320410100 ) ) ;
#3724 = EDGE_CURVE ( 'NONE', #494, #1081, #5085, .T. ) ;
#3725 = CARTESIAN_POINT ( 'NONE',  ( -937.5132650405622600, 6.122195428859048300, -52.78409167543321000 ) ) ;
#3726 = EDGE_CURVE ( 'NONE', #5932, #554, #4677, .T. ) ;
#3727 = ORIENTED_EDGE ( 'NONE', *, *, #1917, .T. ) ;
#3728 = CARTESIAN_POINT ( 'NONE',  ( -965.5218452665623100, -37.86112661497394100, 62.35021923255894900 ) ) ;
#3729 = CARTESIAN_POINT ( 'NONE',  ( -1000.683529437913800, 47.73210065560851900, -51.05256886180770700 ) ) ;
#3730 = DIRECTION ( 'NONE',  ( 0.0000000000000000000, 0.7337594885205347400, -0.6794093118335097200 ) ) ;
#3731 = CARTESIAN_POINT ( 'NONE',  ( -766.7593747965331700, 22.84445081491237400, -56.13638687515913300 ) ) ;
#3732 = CARTESIAN_POINT ( 'NONE',  ( -49.18140272146264600, 294.1135329940221900, 239.9999999999999400 ) ) ;
#3733 = CARTESIAN_POINT ( 'NONE',  ( -969.7160865310210100, 2.968511466840130000, -69.31006580178682000 ) ) ;
#3734 = CARTESIAN_POINT ( 'NONE',  ( -413.4222416891277000, 71.91118529648213100, 453.0067876111058400 ) ) ;
#3735 = CARTESIAN_POINT ( 'NONE',  ( -109.2518744656474000, 318.4348569709760000, 239.9999999999999100 ) ) ;
#3736 = CARTESIAN_POINT ( 'NONE',  ( -179.3092365800490900, 290.9273778152320900, 240.0000000000000000 ) ) ;
#3737 = MANIFOLD_SOLID_BREP ( 'Boss-Extrude22', #6598 ) ;
#3738 = CARTESIAN_POINT ( 'NONE',  ( -938.5763600896219700, 6.018084495370970000, 65.40540887546096400 ) ) ;
#3739 = CARTESIAN_POINT ( 'NONE',  ( -1021.980486084044100, 40.23499097061623800, 16.19151997828175400 ) ) ;
#3740 = CARTESIAN_POINT ( 'NONE',  ( -1030.798727270738500, 33.72223502344915100, 23.76349326913567900 ) ) ;
#3741 = ADVANCED_FACE ( 'NONE', ( #1793 ), #898, .T. ) ;
#3742 = CARTESIAN_POINT ( 'NONE',  ( -155.5448084257974700, 345.2439844304729500, 138.3852521372317600 ) ) ;
#3743 = CARTESIAN_POINT ( 'NONE',  ( -5.573319583618285800E-011, 124.5444292572426500, -133.8890418096250100 ) ) ;
#3744 = CARTESIAN_POINT ( 'NONE',  ( -1035.422124068299600, -0.7289991476668320500, 49.01294677009928300 ) ) ;
#3745 = CARTESIAN_POINT ( 'NONE',  ( -930.6694947847304300, 6.792418952656680300, -69.73865235853956800 ) ) ;
#3746 = CARTESIAN_POINT ( 'NONE',  ( -768.8176390360397400, -48.70707922968156100, -54.93332706916373800 ) ) ;
#3747 = CARTESIAN_POINT ( 'NONE',  ( -893.9786244174313200, -57.24620595903248700, 312.7515720249604100 ) ) ;
#3748 = CARTESIAN_POINT ( 'NONE',  ( -1000.683529437849800, 47.73210065563105100, 51.05256886180824700 ) ) ;
#3749 = CARTESIAN_POINT ( 'NONE',  ( -731.8160522515228200, 51.44833815626905200, 120.2917445594590500 ) ) ;
#3750 = CARTESIAN_POINT ( 'NONE',  ( -765.2320768875873700, 22.99402202320207100, -59.57744851342995000 ) ) ;
#3751 = CARTESIAN_POINT ( 'NONE',  ( -90.07172692397512000, 315.8759922445878500, 141.6832276306868200 ) ) ;
#3752 = EDGE_CURVE ( 'NONE', #2961, #3232, #6506, .T. ) ;
#3753 = CARTESIAN_POINT ( 'NONE',  ( -660.2597997243057100, -38.85965434988927600, -36.90725014597639800 ) ) ;
#3754 = CARTESIAN_POINT ( 'NONE',  ( -349.6736071063727400, 107.1828946944040700, 593.9233850239708100 ) ) ;
#3755 = CARTESIAN_POINT ( 'NONE',  ( -113.3193969407323200, 318.9710010495179500, 239.9999999999999100 ) ) ;
#3756 = CARTESIAN_POINT ( 'NONE',  ( -184.6267484020527300, 302.0000000000000600, 239.9999999999999100 ) ) ;
#3757 = FACE_OUTER_BOUND ( 'NONE', #5685, .T. ) ;
#3758 = EDGE_LOOP ( 'NONE', ( #3563, #2694, #161, #461, #1558, #3646 ) ) ;
#3759 = CARTESIAN_POINT ( 'NONE',  ( -375.4209598999160600, 92.92953237961236800, -569.1364520728456000 ) ) ;
#3760 = CARTESIAN_POINT ( 'NONE',  ( -767.9211846810460400, -48.63592806500859900, 64.18241735825884600 ) ) ;
#3761 = EDGE_CURVE ( 'NONE', #5367, #6155, #5102, .T. ) ;
#3762 = CARTESIAN_POINT ( 'NONE',  ( -151.0286268881636100, 322.9636666001189300, 139.6513309652331100 ) ) ;
#3763 = CARTESIAN_POINT ( 'NONE',  ( -977.9970575583958000, 22.89356240254242200, 87.52448106196230500 ) ) ;
#3764 = CARTESIAN_POINT ( 'NONE',  ( -1015.791595595864200, 0.3742491042288547700, 17.06430000303003100 ) ) ;
#3765 = FACE_OUTER_BOUND ( 'NONE', #6547, .T. ) ;
#3766 = CARTESIAN_POINT ( 'NONE',  ( -939.2441045701814300, 5.952690999969061800, -64.25833495802960700 ) ) ;
#3767 = EDGE_LOOP ( 'NONE', ( #6135, #6459, #4819, #504, #6368, #3065, #1895, #4216 ) ) ;
#3768 = CARTESIAN_POINT ( 'NONE',  ( -769.4394900809006700, -48.75978455453854800, -54.79678633392158800 ) ) ;
#3769 = CARTESIAN_POINT ( 'NONE',  ( -577.6248807457196800, 54.16390315882591000, 650.0000000000000000 ) ) ;
#3770 = CARTESIAN_POINT ( 'NONE',  ( -981.7263400008241700, 54.40554845806077800, 62.66668982281396400 ) ) ;
#3771 = EDGE_LOOP ( 'NONE', ( #6593, #4027, #4919, #2625, #4113, #3727 ) ) ;
#3772 = ADVANCED_FACE ( 'NONE', ( #4345 ), #5729, .F. ) ;
#3773 = CARTESIAN_POINT ( 'NONE',  ( -42.44926926150518700, 295.2154356479820800, 239.9999999999999400 ) ) ;
#3774 = CARTESIAN_POINT ( 'NONE',  ( -395.1366864534506400, 150.2988450810440500, 655.0000000000000000 ) ) ;
#3775 = CARTESIAN_POINT ( 'NONE',  ( -142.3769625450480000, 322.6776494057855900, 240.0000000000000000 ) ) ;
#3776 = VERTEX_POINT ( 'NONE', #4586 ) ;
#3777 = ORIENTED_EDGE ( 'NONE', *, *, #6540, .T. ) ;
#3778 = CARTESIAN_POINT ( 'NONE',  ( -177.0883751456041200, 289.1367999335227000, 239.9999999999999400 ) ) ;
#3779 = CARTESIAN_POINT ( 'NONE',  ( -931.6745358331172600, 6.693993358600903500, 69.65518124840765800 ) ) ;
#3780 = DIRECTION ( 'NONE',  ( 1.000000000000000000, 0.0000000000000000000, 0.0000000000000000000 ) ) ;
#3781 = CARTESIAN_POINT ( 'NONE',  ( -1030.328535329457700, 35.29550020597569200, 17.40300403849799700 ) ) ;
#3782 = CARTESIAN_POINT ( 'NONE',  ( -855.3638864233430500, 72.96577670751425200, 114.8816014359641600 ) ) ;
#3783 = CIRCLE ( 'NONE', #715, 20.00000000000001800 ) ;
#3784 = CARTESIAN_POINT ( 'NONE',  ( -974.7195593237248700, -41.14360454799182100, -312.7510206763798200 ) ) ;
#3785 = CARTESIAN_POINT ( 'NONE',  ( -1014.338703942335300, 0.4559025441346611900, 23.81880109469929300 ) ) ;
#3786 = EDGE_LOOP ( 'NONE', ( #5672, #5241 ) ) ;
#3787 = CARTESIAN_POINT ( 'NONE',  ( -145.5227232030762000, 322.9245957599914000, 139.8348610880501000 ) ) ;
#3788 = CYLINDRICAL_SURFACE ( 'NONE', #4745, 96.73687514032413000 ) ;
#3789 = EDGE_LOOP ( 'NONE', ( #1801, #5019, #3284, #2019 ) ) ;
#3790 = LINE ( 'NONE', #5741, #2132 ) ;
#3791 = ORIENTED_EDGE ( 'NONE', *, *, #3222, .F. ) ;
#3792 = CARTESIAN_POINT ( 'NONE',  ( -5.573319583618286500E-011, 122.6381822921860600, 130.7298876560337800 ) ) ;
#3793 = CARTESIAN_POINT ( 'NONE',  ( -660.2597997243057100, -38.85965434988927600, 36.90725014597639800 ) ) ;
#3794 = CARTESIAN_POINT ( 'NONE',  ( -184.6267484020529500, 296.8509855691290200, -239.9999999999997700 ) ) ;
#3795 = CARTESIAN_POINT ( 'NONE',  ( -181.4719185879132200, 309.6131233029224200, 113.6226695422162200 ) ) ;
#3796 = FACE_OUTER_BOUND ( 'NONE', #574, .T. ) ;
#3797 = CARTESIAN_POINT ( 'NONE',  ( -470.6543513917222900, 324.7166534563784800, 755.0000000000000000 ) ) ;
#3798 = CARTESIAN_POINT ( 'NONE',  ( -138.3007765902513000, 322.2111277463126300, 239.9999999999999700 ) ) ;
#3799 = EDGE_LOOP ( 'NONE', ( #4271, #4659, #2980, #3312 ) ) ;
#3800 = EDGE_CURVE ( 'NONE', #2354, #4521, #3411, .T. ) ;
#3801 = CARTESIAN_POINT ( 'NONE',  ( -173.9336574783623900, 287.1600053551340500, 239.9999999999999100 ) ) ;
#3802 = CARTESIAN_POINT ( 'NONE',  ( -932.3157417822781100, 6.631198832387765300, 49.93114197795662800 ) ) ;
#3803 = CARTESIAN_POINT ( 'NONE',  ( -731.8874230504418400, 51.43171812236078500, 120.2902128973732800 ) ) ;
#3804 = CARTESIAN_POINT ( 'NONE',  ( -328.9042016454120000, 142.3159073641449800, -595.8288105596224100 ) ) ;
#3805 = CARTESIAN_POINT ( 'NONE',  ( -14.62674840205269100, 302.0000000000000600, -128.7958889368372300 ) ) ;
#3806 = ADVANCED_FACE ( 'NONE', ( #6327 ), #3455, .F. ) ;
#3807 = CARTESIAN_POINT ( 'NONE',  ( -241.5019980290058200, 106.9289776403001000, 136.6355519271858200 ) ) ;
#3808 = ORIENTED_EDGE ( 'NONE', *, *, #6053, .F. ) ;
#3809 = CARTESIAN_POINT ( 'NONE',  ( -5.573319583618285200E-011, 119.9869196084536600, -121.2111350633758100 ) ) ;
#3810 = B_SPLINE_SURFACE_WITH_KNOTS ( 'NONE', 3, 1, ( 
 ( #2012, #2977 ),
 ( #919, #2505 ),
 ( #5106, #1461 ),
 ( #3579, #1441 ),
 ( #4595, #4094 ),
 ( #6210, #400 ),
 ( #5079, #3595 ),
 ( #950, #5132 ),
 ( #5658, #2526 ),
 ( #5682, #2484 ),
 ( #2995, #1395 ),
 ( #933, #6192 ),
 ( #374, #5618 ),
 ( #2462, #4023 ),
 ( #3047, #6227 ),
 ( #3068, #3021 ),
 ( #3553, #2439 ),
 ( #6144, #1417 ),
 ( #6679, #6744 ),
 ( #3526, #427 ),
 ( #331, #4116 ),
 ( #352, #5636 ),
 ( #4050, #887 ),
 ( #4572, #6163 ),
 ( #6705, #4838 ),
 ( #2080, #5772 ),
 ( #2215, #1039 ) ),
 .UNSPECIFIED., .F., .F., .F.,
 ( 4, 1, 1, 1, 1, 1, 1, 1, 1, 1, 1, 1, 1, 1, 1, 1, 1, 1, 1, 1, 1, 1, 1, 1, 4 ),
 ( 2, 2 ),
 ( 0.0000000000000000000, 0.01292907874938087300, 0.02752589258828641600, 0.04378560219195126700, 0.06170514643698654700, 0.08128315840373656600, 0.1025197722974301500, 0.1254165394917019500, 0.1984574002929515600, 0.2505674014124019700, 0.3410618186455607300, 0.4243816756162525100, 0.5003813394378314700, 0.6224886512815681600, 0.7494420354530564300, 0.7696561034499079800, 0.7909182157225780300, 0.8132387722133026500, 0.8366274102032365000, 0.8610929258321899900, 0.8866438987034155300, 0.9132903285677477200, 0.9410466495967361200, 0.9699365422532869600, 1.000000000000000000 ),
 ( 0.0000000000000000000, 1.000000000000000000 ),
 .UNSPECIFIED. ) ;
#3811 = CARTESIAN_POINT ( 'NONE',  ( -1012.795966358685000, 0.5426053827606932600, 28.72853827697104000 ) ) ;
#3812 = CARTESIAN_POINT ( 'NONE',  ( -937.7430954653701700, 6.099687695339030200, -53.03072656748536700 ) ) ;
#3813 = EDGE_CURVE ( 'NONE', #5115, #2808, #5045, .T. ) ;
#3814 = CARTESIAN_POINT ( 'NONE',  ( -418.8108414987674500, 78.87170263032058400, -650.0000000000000000 ) ) ;
#3815 = EDGE_LOOP ( 'NONE', ( #4384, #2867, #222, #4498 ) ) ;
#3816 = CARTESIAN_POINT ( 'NONE',  ( -766.0237882265628300, 23.42730997547047500, 56.98650297030329200 ) ) ;
#3817 = CARTESIAN_POINT ( 'NONE',  ( -769.7567153513595000, 22.55091551586205500, 64.72037664457893400 ) ) ;
#3818 = ORIENTED_EDGE ( 'NONE', *, *, #3039, .T. ) ;
#3819 = CARTESIAN_POINT ( 'NONE',  ( -721.2497326902922600, -38.01434301723115500, 123.2482987937306100 ) ) ;
#3820 = CARTESIAN_POINT ( 'NONE',  ( -769.4399044460311600, 22.58194141436671400, -64.67908672029469100 ) ) ;
#3821 = CARTESIAN_POINT ( 'NONE',  ( -855.3638864233430500, 39.44847174006466200, 114.8816014359641600 ) ) ;
#3822 = ORIENTED_EDGE ( 'NONE', *, *, #2387, .F. ) ;
#3823 = DIRECTION ( 'NONE',  ( -0.9950103353777802800, -0.09744326712658209200, 0.02142993660968558000 ) ) ;
#3824 = CARTESIAN_POINT ( 'NONE',  ( -183.9370075502115800, 306.2987875993129000, 138.5543849431455800 ) ) ;
#3825 = CARTESIAN_POINT ( 'NONE',  ( -147.6263905758506500, 322.9930650008984700, 240.0000000000000300 ) ) ;
#3826 = CARTESIAN_POINT ( 'NONE',  ( -930.0000000000558200, 7.164169077462492700, -49.73844108900407000 ) ) ;
#3827 = CARTESIAN_POINT ( 'NONE',  ( -170.6011031739035700, 285.5274403795226600, 239.9999999999998900 ) ) ;
#3828 = B_SPLINE_CURVE_WITH_KNOTS ( 'NONE', 3,
 ( #6636, #1420, #2998, #2487 ),
 .UNSPECIFIED., .F., .F.,
 ( 4, 4 ),
 ( 0.0000000000000000000, 0.006021198825662675600 ),
 .UNSPECIFIED. ) ;
#3829 = CARTESIAN_POINT ( 'NONE',  ( -940.2502712844697000, 5.854155167296380700, 61.07441525268637200 ) ) ;
#3830 = CARTESIAN_POINT ( 'NONE',  ( -734.6921064682887800, 124.4159463903627500, -118.6275776337975000 ) ) ;
#3831 = DIRECTION ( 'NONE',  ( -0.9427946626885519400, -0.3318894391366362700, -0.03142648875628401700 ) ) ;
#3832 = CARTESIAN_POINT ( 'NONE',  ( -1066.035587268765100, -2.449495353741014900, 28.46208636747195100 ) ) ;
#3833 = CARTESIAN_POINT ( 'NONE',  ( -930.0000000000557100, 6.857983858691640400, -49.73844108900407700 ) ) ;
#3834 = CARTESIAN_POINT ( 'NONE',  ( -770.0781440828610600, -48.81971161484001700, -64.73844108900411200 ) ) ;
#3835 = CARTESIAN_POINT ( 'NONE',  ( -375.4209598999160600, 92.92953237961236800, 569.1364520728456000 ) ) ;
#3836 = ADVANCED_FACE ( 'NONE', ( #3544 ), #2003, .T. ) ;
#3837 = CARTESIAN_POINT ( 'NONE',  ( -345.2162486971482700, 117.3747192612435400, -650.0000000000000000 ) ) ;
#3838 = CARTESIAN_POINT ( 'NONE',  ( -34.48340785903694400, 296.5957297198643800, 143.5361715995180100 ) ) ;
#3839 = EDGE_CURVE ( 'NONE', #4005, #5519, #2249, .T. ) ;
#3840 = CARTESIAN_POINT ( 'NONE',  ( -1534.030086240052900, -201.6600000000000000, -1099.999999628405500 ) ) ;
#3841 = VECTOR ( 'NONE', #6733, 1000.000000000000000 ) ;
#3842 = DIRECTION ( 'NONE',  ( 1.000000000000000000, 0.0000000000000000000, -0.0000000000000000000 ) ) ;
#3844 = ORIENTED_EDGE ( 'NONE', *, *, #5832, .T. ) ;
#3843 = CARTESIAN_POINT ( 'NONE',  ( -971.0375125829706300, -46.70541187800889600, 20.83333333333332900 ) ) ;
#3845 = CARTESIAN_POINT ( 'NONE',  ( -140.5768161984543100, 322.4861571580474300, 239.9999999999999100 ) ) ;
#3846 = CARTESIAN_POINT ( 'NONE',  ( -171.4851273477432000, 285.9259796845202600, 239.9999999999999100 ) ) ;
#3847 = CARTESIAN_POINT ( 'NONE',  ( -73.76239284211298800, 285.2667621052817100, -142.2268721000820300 ) ) ;
#3848 = LINE ( 'NONE', #3003, #3841 ) ;
#3849 = CARTESIAN_POINT ( 'NONE',  ( -765.5778448201333500, -49.25060836388760100, 57.84489251316715300 ) ) ;
#3850 = ORIENTED_EDGE ( 'NONE', *, *, #1422, .T. ) ;
#3851 = DIRECTION ( 'NONE',  ( 0.9427946626885517200, 0.3318894391366361600, 0.03142648875628400300 ) ) ;
#3852 = EDGE_CURVE ( 'NONE', #6675, #4846, #566, .T. ) ;
#3853 = CARTESIAN_POINT ( 'NONE',  ( -736.3725597822191300, 51.02212853625864900, 120.1398665354126100 ) ) ;
#3854 = DIRECTION ( 'NONE',  ( -1.972152263052529500E-031, -2.189528850507527500E-046, 1.000000000000000000 ) ) ;
#3855 = CARTESIAN_POINT ( 'NONE',  ( -948.7841062061085000, 5.018420375086949800, 81.73844108900584600 ) ) ;
#3856 = CARTESIAN_POINT ( 'NONE',  ( -497.9837345322558800, 56.56828094207275400, -576.1409615043546600 ) ) ;
#3857 = FACE_OUTER_BOUND ( 'NONE', #6268, .T. ) ;
#3858 = CARTESIAN_POINT ( 'NONE',  ( -766.4222736989182700, -48.49851136813748600, -56.48369132554596900 ) ) ;
#3859 =( BOUNDED_SURFACE ( )  B_SPLINE_SURFACE ( 3, 2, ( 
 ( #5298, #2589, #4787 ),
 ( #3137, #5390, #1154 ),
 ( #5955, #2675, #1669 ),
 ( #696, #5370, #5926 ) ),
 .UNSPECIFIED., .F., .F., .F. ) 
 B_SPLINE_SURFACE_WITH_KNOTS ( ( 4, 4 ),
 ( 3, 3 ),
 ( 1.241315980897903300, 1.350018454269990200 ),
 ( 0.0000000000000000000, 1.000000000000000000 ),
 .UNSPECIFIED. ) 
 GEOMETRIC_REPRESENTATION_ITEM ( )  RATIONAL_B_SPLINE_SURFACE ( (
 ( 1.000000000000000000, 0.7006585670461690200, 1.000000000000000000),
 ( 1.000000000000000000, 0.7013449952094303900, 1.000000000000000000),
 ( 1.000000000000000000, 0.7020431806302217500, 1.000000000000000000),
 ( 1.000000000000000000, 0.7027489190953186700, 1.000000000000000000) ) ) 
 REPRESENTATION_ITEM ( '' )  SURFACE ( )  );
#3860 = CARTESIAN_POINT ( 'NONE',  ( -721.1684343117491400, -36.89914864066234700, -0.0000000000000000000 ) ) ;
#3861 = CARTESIAN_POINT ( 'NONE',  ( -15.44478176185831100, 301.1912452073426600, 144.1707924694238200 ) ) ;
#3862 = ORIENTED_EDGE ( 'NONE', *, *, #6232, .F. ) ;
#3863 = CARTESIAN_POINT ( 'NONE',  ( -242.9611338163973400, 106.7869733464180500, -136.5869140676059600 ) ) ;
#3864 = VERTEX_POINT ( 'NONE', #4185 ) ;
#3865 = DIRECTION ( 'NONE',  ( 0.0000000000000000000, 0.0000000000000000000, 1.000000000000000000 ) ) ;
#3866 = CARTESIAN_POINT ( 'NONE',  ( -146.5490484039569600, 322.9672979866980400, 239.9999999999999400 ) ) ;
#3867 = CARTESIAN_POINT ( 'NONE',  ( -930.0000000000558200, 7.164169077462492700, -69.73844108900408400 ) ) ;
#3868 = CARTESIAN_POINT ( 'NONE',  ( -176.4265378626364200, 288.6783143634450500, 240.0000000000000300 ) ) ;
#3869 = ORIENTED_EDGE ( 'NONE', *, *, #2819, .F. ) ;
#3870 = ORIENTED_EDGE ( 'NONE', *, *, #2746, .F. ) ;
#3871 = CARTESIAN_POINT ( 'NONE',  ( -51.29488841521165200, 288.6266410135687000, -142.9757889143121800 ) ) ;
#3872 = CARTESIAN_POINT ( 'NONE',  ( -739.4500735300590600, 139.6828574510940400, -96.11536934161833300 ) ) ;
#3873 = VERTEX_POINT ( 'NONE', #4601 ) ;
#3874 = CARTESIAN_POINT ( 'NONE',  ( -1.567373681823751200E-013, 400.0000000000000000, -239.9999999999998900 ) ) ;
#3875 = ADVANCED_FACE ( 'NONE', ( #2519 ), #3005, .T. ) ;
#3876 = CARTESIAN_POINT ( 'NONE',  ( -384.9320817026564900, 178.3357662083108400, -760.3244722217751800 ) ) ;
#3877 = FACE_OUTER_BOUND ( 'NONE', #6389, .T. ) ;
#3878 = CARTESIAN_POINT ( 'NONE',  ( -750.6785800302290000, -28.06546278693414100, -650.0000000000000000 ) ) ;
#3879 = CARTESIAN_POINT ( 'NONE',  ( -958.7206509622667500, 62.50417855656503700, 70.53335518855200800 ) ) ;
#3880 = DIRECTION ( 'NONE',  ( -0.0000000000000000000, -0.0000000000000000000, 1.000000000000000000 ) ) ;
#3881 = ORIENTED_EDGE ( 'NONE', *, *, #1342, .T. ) ;
#3882 = CARTESIAN_POINT ( 'NONE',  ( -976.9737192650881100, 2.555838574129727800, 87.87440580865578000 ) ) ;
#3883 = CARTESIAN_POINT ( 'NONE',  ( -1016.297700418783400, 0.3458056895779103000, 13.66169342167685300 ) ) ;
#3884 = EDGE_CURVE ( 'NONE', #3128, #6255, #6009, .T. ) ;
#3885 = CARTESIAN_POINT ( 'NONE',  ( -184.6267484020529500, 296.8509855691290200, -239.9999999999997700 ) ) ;
#3886 = CARTESIAN_POINT ( 'NONE',  ( -1029.463172040938400, 28.93689707468068700, -38.83459501881051800 ) ) ;
#3887 = CARTESIAN_POINT ( 'NONE',  ( -861.8390839906603600, 95.78556868610047600, -96.33447868711944300 ) ) ;
#3888 = ORIENTED_EDGE ( 'NONE', *, *, #6075, .F. ) ;
#3889 = CARTESIAN_POINT ( 'NONE',  ( -19.22982709354724700, 299.8485076329537300, 144.0446242917009600 ) ) ;
#3890 = CARTESIAN_POINT ( 'NONE',  ( -401.1905413302769700, 86.53296445258416700, 509.9370181447180200 ) ) ;
#3891 = B_SPLINE_CURVE_WITH_KNOTS ( 'NONE', 3,
 ( #4048, #885, #4593, #5679 ),
 .UNSPECIFIED., .F., .F.,
 ( 4, 4 ),
 ( 4.163336342344337000E-017, 0.0002739323915654737400 ),
 .UNSPECIFIED. ) ;
#3892 = CARTESIAN_POINT ( 'NONE',  ( -164.2916058872596400, 320.7100741425095400, 239.9999999999999100 ) ) ;
#3893 = CARTESIAN_POINT ( 'NONE',  ( -940.1845144350691000, -44.47907115522036000, -61.73670946608054100 ) ) ;
#3894 = EDGE_CURVE ( 'NONE', #3146, #3958, #1388, .T. ) ;
#3895 = CARTESIAN_POINT ( 'NONE',  ( -139.1497956725028500, 281.6831683071918100, 239.9999999999999100 ) ) ;
#3896 = VERTEX_POINT ( 'NONE', #6302 ) ;
#3897 = CARTESIAN_POINT ( 'NONE',  ( -152.6280547399480800, 275.9858796927489900, -139.5980167034876200 ) ) ;
#3898 = CARTESIAN_POINT ( 'NONE',  ( -766.0224249922175700, -49.25060836388760100, 62.48885855261642800 ) ) ;
#3899 = AXIS2_PLACEMENT_3D ( 'NONE', #5048, #836, #5571 ) ;
#3900 = CARTESIAN_POINT ( 'NONE',  ( -184.6267484020527300, 302.0000000000000600, 239.9999999999999100 ) ) ;
#3901 = CARTESIAN_POINT ( 'NONE',  ( -950.6919676214159800, 4.831579854016702300, 80.88774523990157700 ) ) ;
#3902 = AXIS2_PLACEMENT_3D ( 'NONE', #3130, #3670, #509 ) ;
#3903 = CARTESIAN_POINT ( 'NONE',  ( -5.573406319792084700E-011, 145.4327230323256400, -144.6856185281506600 ) ) ;
#3904 = CARTESIAN_POINT ( 'NONE',  ( -731.8165205886455200, 51.46764385215513500, -120.2917345085309900 ) ) ;
#3905 = EDGE_CURVE ( 'NONE', #5951, #1482, #4186, .T. ) ;
#3906 = CARTESIAN_POINT ( 'NONE',  ( -729.7470632147593500, 32.68989098845393200, -111.8444559480768000 ) ) ;
#3907 = CARTESIAN_POINT ( 'NONE',  ( -765.8731678228479000, -48.45303464569499100, -62.20133367578615200 ) ) ;
#3908 = CARTESIAN_POINT ( 'NONE',  ( -184.6267484020527000, 302.0000000000000600, 137.9225819429061100 ) ) ;
#3909 = CARTESIAN_POINT ( 'NONE',  ( -735.8673913337911500, 127.8887512847819500, 116.9030234752021900 ) ) ;
#3910 = ADVANCED_FACE ( 'NONE', ( #722 ), #6794, .T. ) ;
#3911 = CARTESIAN_POINT ( 'NONE',  ( -880.9587782221774400, 36.96451754689800100, 114.0732011288901300 ) ) ;
#3912 = CARTESIAN_POINT ( 'NONE',  ( -150.5356004847032800, 281.0065293044911500, 139.6677651786625900 ) ) ;
#3913 = CARTESIAN_POINT ( 'NONE',  ( -1008.712152117855200, 20.80367857178739800, -39.56955737032578900 ) ) ;
#3914 = CARTESIAN_POINT ( 'NONE',  ( -242.9611338164051200, 106.7869733464175700, 136.5869140676058500 ) ) ;
#3915 = CARTESIAN_POINT ( 'NONE',  ( -176.2765090170732700, 315.4223361412441600, 240.0000000000000000 ) ) ;
#3916 = CARTESIAN_POINT ( 'NONE',  ( -932.2270064459667100, -44.47907115522036000, -49.91128688935265200 ) ) ;
#3917 = CARTESIAN_POINT ( 'NONE',  ( -143.1043689801757900, 281.2549966445362200, 239.9999999999999700 ) ) ;
#3918 = CARTESIAN_POINT ( 'NONE',  ( -145.0876036971974100, 275.9495193977747400, -139.8493650715793100 ) ) ;
#3919 = LINE ( 'NONE', #1876, #6730 ) ;
#3920 = CARTESIAN_POINT ( 'NONE',  ( -900.3022892663303800, 83.06903542927554400, 85.13963735380271200 ) ) ;
#3921 = AXIS2_PLACEMENT_3D ( 'NONE', #2488, #894, #4056 ) ;
#3922 = CARTESIAN_POINT ( 'NONE',  ( -768.8179620895247100, -48.70710758324422300, 54.93176690019663500 ) ) ;
#3923 = CARTESIAN_POINT ( 'NONE',  ( -874.6495932217510500, 31.04987214811984600, 112.6838542788469400 ) ) ;
#3924 = CARTESIAN_POINT ( 'NONE',  ( -820.9436691098444500, 111.0054344955209000, 92.64782683238753700 ) ) ;
#3925 = CARTESIAN_POINT ( 'NONE',  ( -801.6322291414301200, 400.0000000000000000, 441.3891037066838400 ) ) ;
#3926 = CARTESIAN_POINT ( 'NONE',  ( -731.8216314142727000, 116.1323393407438300, -120.2915641476767700 ) ) ;
#3927 = CIRCLE ( 'NONE', #5003, 200.0000000000001700 ) ;
#3928 = CARTESIAN_POINT ( 'NONE',  ( -731.8165205886456300, 51.45799681608456700, -120.2917345085309900 ) ) ;
#3929 = ORIENTED_EDGE ( 'NONE', *, *, #4119, .T. ) ;
#3930 = CARTESIAN_POINT ( 'NONE',  ( -728.7584339923088200, 26.64755037701986500, -97.35479187488546400 ) ) ;
#3931 = CARTESIAN_POINT ( 'NONE',  ( -418.4486822469645500, 71.87170263032061300, -650.0000000000000000 ) ) ;
#3932 = CARTESIAN_POINT ( 'NONE',  ( -1015.319285932001100, 0.4007932093322745200, 19.60930273782928900 ) ) ;
#3933 = CARTESIAN_POINT ( 'NONE',  ( -765.2644063370273700, 22.99085593832256400, 59.09770407545971700 ) ) ;
#3934 = LINE ( 'NONE', #4409, #2429 ) ;
#3935 = CARTESIAN_POINT ( 'NONE',  ( -979.7195593237235000, -49.80385858583706200, -312.7510206763798200 ) ) ;
#3936 = EDGE_LOOP ( 'NONE', ( #1172, #3970, #5816, #5057 ) ) ;
#3937 = CARTESIAN_POINT ( 'NONE',  ( -1065.985259395874000, -2.446666895098622300, -28.49624214907534600 ) ) ;
#3938 = CARTESIAN_POINT ( 'NONE',  ( -395.1366864534506400, 150.2988450810440500, -655.0000000000000000 ) ) ;
#3939 = CARTESIAN_POINT ( 'NONE',  ( -903.4786772234663200, -47.51962527478995200, -50.56763740568271700 ) ) ;
#3940 = EDGE_CURVE ( 'NONE', #5514, #6347, #4898, .T. ) ;
#3941 = CARTESIAN_POINT ( 'NONE',  ( -731.1619323759229000, 45.00134029751961900, 119.4681754879163700 ) ) ;
#3942 = CARTESIAN_POINT ( 'NONE',  ( -635.3156354085016300, 14.58184309946601000, -451.2219962217839100 ) ) ;
#3943 = CARTESIAN_POINT ( 'NONE',  ( -178.0483830430172500, 314.1407659139845200, 240.0000000000000000 ) ) ;
#3944 = LINE ( 'NONE', #850, #6166 ) ;
#3945 = CARTESIAN_POINT ( 'NONE',  ( -938.6237299408105600, -44.47907115522036000, -54.05232127270478800 ) ) ;
#3946 = EDGE_LOOP ( 'NONE', ( #434, #171, #6023, #5 ) ) ;
#3947 = CARTESIAN_POINT ( 'NONE',  ( -140.6028232404625600, 281.5108796864503800, 240.0000000000000300 ) ) ;
#3948 = CARTESIAN_POINT ( 'NONE',  ( -183.6418911876421900, 291.7459011875620800, -138.5642221552310800 ) ) ;
#3949 = EDGE_CURVE ( 'NONE', #4784, #581, #4239, .T. ) ;
#3950 = CARTESIAN_POINT ( 'NONE',  ( -1004.167345983600700, 1.027539364971647600, 44.51969783023803000 ) ) ;
#3951 = ADVANCED_FACE ( 'NONE', ( #4927 ), #4575, .T. ) ;
#3952 = CARTESIAN_POINT ( 'NONE',  ( -855.8508900184075400, 38.51205734395087200, 114.8343720781835300 ) ) ;
#3953 = VECTOR ( 'NONE', #5854, 999.9999999999998900 ) ;
#3954 = VERTEX_POINT ( 'NONE', #5287 ) ;
#3955 = CARTESIAN_POINT ( 'NONE',  ( -401.9051758187041500, 136.9041116546382600, -655.0000000000000000 ) ) ;
#3956 = CARTESIAN_POINT ( 'NONE',  ( -855.4052764537917700, 73.21699231938713100, -114.8776019093374900 ) ) ;
#3957 = CARTESIAN_POINT ( 'NONE',  ( -991.8975767202083500, 1.717108242852424200, 56.99050842854588000 ) ) ;
#3958 = VERTEX_POINT ( 'NONE', #6448 ) ;
#3959 = LINE ( 'NONE', #2778, #4612 ) ;
#3960 = ORIENTED_EDGE ( 'NONE', *, *, #302, .F. ) ;
#3961 = CARTESIAN_POINT ( 'NONE',  ( -765.2320550561677200, 22.99402416119480100, 59.41896830110013600 ) ) ;
#3962 = ORIENTED_EDGE ( 'NONE', *, *, #2118, .T. ) ;
#3963 = CARTESIAN_POINT ( 'NONE',  ( -774.0642468253603300, 23.59035881302534000, -479.9273741711696200 ) ) ;
#3964 = CARTESIAN_POINT ( 'NONE',  ( -1030.396940639965400, 35.10116397286628900, -18.21142473874707000 ) ) ;
#3965 = CARTESIAN_POINT ( 'NONE',  ( -857.1856712145872700, 78.45652726457913700, -114.0905180219913700 ) ) ;
#3966 = LINE ( 'NONE', #6477, #5938 ) ;
#3967 = CARTESIAN_POINT ( 'NONE',  ( -174.1189674324188300, 287.2485783283042300, 138.8816529470720400 ) ) ;
#3968 = ORIENTED_EDGE ( 'NONE', *, *, #2958, .F. ) ;
#3969 = FACE_OUTER_BOUND ( 'NONE', #2703, .T. ) ;
#3970 = ORIENTED_EDGE ( 'NONE', *, *, #3051, .F. ) ;
#3971 = CARTESIAN_POINT ( 'NONE',  ( -730.6648867060363300, 40.39961219136357300, 117.7797356073402600 ) ) ;
#3972 = CARTESIAN_POINT ( 'NONE',  ( -966.0375125829705200, -38.04515784016426500, -20.83333333333332900 ) ) ;
#3973 = CARTESIAN_POINT ( 'NONE',  ( -178.5031699098725500, 313.7702613091034300, 239.9999999999999400 ) ) ;
#3974 = CARTESIAN_POINT ( 'NONE',  ( -366.7937014670116600, 102.8553146867645600, 592.9706722561451200 ) ) ;
#3975 = LINE ( 'NONE', #6644, #5528 ) ;
#3976 = CARTESIAN_POINT ( 'NONE',  ( -510.5652697785646400, 2.909843662570438000, 0.0000000000000000000 ) ) ;
#3977 = CARTESIAN_POINT ( 'NONE',  ( -948.7841062061085000, 5.018420375086949800, 81.73844108900584600 ) ) ;
#3978 = ORIENTED_EDGE ( 'NONE', *, *, #3222, .T. ) ;
#3979 = CARTESIAN_POINT ( 'NONE',  ( -932.9810576344058300, 7.164169369840226200, 69.39802070663799300 ) ) ;
#3980 = CARTESIAN_POINT ( 'NONE',  ( -940.1837984192194400, -42.58288682697867200, -58.07406516767849100 ) ) ;
#3981 = ORIENTED_EDGE ( 'NONE', *, *, #2668, .F. ) ;
#3982 = EDGE_CURVE ( 'NONE', #4473, #60, #5330, .T. ) ;
#3983 = CARTESIAN_POINT ( 'NONE',  ( -918.9483379989669600, 76.50511764219166400, 81.22163257603277500 ) ) ;
#3984 = ADVANCED_FACE ( 'NONE', ( #5589 ), #5712, .T. ) ;
#3985 = CARTESIAN_POINT ( 'NONE',  ( -1015.315854577011400, 0.4009860536767192500, -19.62541651548399500 ) ) ;
#3986 = CARTESIAN_POINT ( 'NONE',  ( -806.5265316544838500, 44.18807967036339300, 118.6826832148217200 ) ) ;
#3987 = CARTESIAN_POINT ( 'NONE',  ( -158.0005438566567800, 281.8237605660858100, 139.4189337329307500 ) ) ;
#3988 = CARTESIAN_POINT ( 'NONE',  ( -729.7471788742047900, 32.69078746187291500, 111.8454724751041700 ) ) ;
#3989 = CARTESIAN_POINT ( 'NONE',  ( -430.7025088389766000, 75.61589682705786700, -650.0000000000000000 ) ) ;
#3990 = CARTESIAN_POINT ( 'NONE',  ( -395.1366864534506400, 150.2988450810440500, -755.0000000000000000 ) ) ;
#3991 = CARTESIAN_POINT ( 'NONE',  ( -162.0596766507878800, 321.2997500537685500, 239.9999999999999100 ) ) ;
#3992 = VERTEX_POINT ( 'NONE', #173 ) ;
#3993 = DIRECTION ( 'NONE',  ( 1.000000000000000000, 0.0000000000000000000, 0.0000000000000000000 ) ) ;
#3994 = EDGE_CURVE ( 'NONE', #677, #375, #1703, .T. ) ;
#3995 = CARTESIAN_POINT ( 'NONE',  ( -344.9798420320378200, 113.8747192612501400, 650.0000000000000000 ) ) ;
#3996 = AXIS2_PLACEMENT_3D ( 'NONE', #2785, #4433, #6517 ) ;
#3997 = CARTESIAN_POINT ( 'NONE',  ( -513.4672159472800100, 45.54542476513820000, -373.8168780586473800 ) ) ;
#3998 = CARTESIAN_POINT ( 'NONE',  ( -938.6168143272911900, -44.47907115696418900, 65.43478420662864900 ) ) ;
#3999 = CARTESIAN_POINT ( 'NONE',  ( -729.3327099301161500, 29.68371209194455000, -107.4673683748021600 ) ) ;
#4000 = DIRECTION ( 'NONE',  ( -1.000000000000000000, 0.0000000000000000000, 1.110223024625156500E-016 ) ) ;
#4001 = CARTESIAN_POINT ( 'NONE',  ( -1029.763312475015300, 36.13160363279686000, -13.15913532799072500 ) ) ;
#4002 = CARTESIAN_POINT ( 'NONE',  ( -352.0658689731510500, 113.6354625074090000, 594.0041901475590300 ) ) ;
#4003 = CARTESIAN_POINT ( 'NONE',  ( -250.6785800302291400, 25.93453721306643400, -877.0070966690597100 ) ) ;
#4004 = DIRECTION ( 'NONE',  ( -1.000000000000000000, 0.0000000000000000000, 1.110223024625156500E-016 ) ) ;
#4005 = VERTEX_POINT ( 'NONE', #4364 ) ;
#4006 = DIRECTION ( 'NONE',  ( -0.3213938048432650200, -0.8830222215594906200, -0.3420201433256687700 ) ) ;
#4007 = CARTESIAN_POINT ( 'NONE',  ( -769.3164490974737600, 23.42730997547047500, 64.65611228018609300 ) ) ;
#4008 = CARTESIAN_POINT ( 'NONE',  ( -182.9168978785108100, 308.6248146113559900, 239.9999999999999100 ) ) ;
#4009 = CARTESIAN_POINT ( 'NONE',  ( -728.8146454189196700, 26.56045258090649600, 95.29810048309465700 ) ) ;
#4010 = CARTESIAN_POINT ( 'NONE',  ( -530.2061565769819300, -7.705684670995872800, -0.0000000000000000000 ) ) ;
#4011 = DIRECTION ( 'NONE',  ( -0.03125000000000003500, 0.0000000000000000000, -0.9995115994824672600 ) ) ;
#4012 = CARTESIAN_POINT ( 'NONE',  ( -250.6785800302290300, -69.70514929972775100, -842.3164332702092500 ) ) ;
#4013 = FACE_OUTER_BOUND ( 'NONE', #741, .T. ) ;
#4014 = ORIENTED_EDGE ( 'NONE', *, *, #4801, .T. ) ;
#4015 = CARTESIAN_POINT ( 'NONE',  ( -986.3543110252709300, 22.52543249267090200, -84.32346803299195400 ) ) ;
#4016 = ADVANCED_FACE ( 'NONE', ( #3857 ), #694, .T. ) ;
#4017 = CARTESIAN_POINT ( 'NONE',  ( -372.1066412079341600, 104.4739540227479900, -593.0110748179392900 ) ) ;
#4018 = B_SPLINE_CURVE_WITH_KNOTS ( 'NONE', 3,
 ( #1610, #4295, #2166, #3745, #73, #632, #5351, #589, #5883, #6383, #3273, #4815, #2711, #654, #4792, #2214, #609, #5813, #3231, #3766, #6411, #2643, #6348, #3248, #4315, #4263, #1675, #1108, #2730, #2148, #3184, #4245, #5833, #1636, #5907, #5326, #6444, #117, #5376, #3812, #3725, #1070, #4746, #563, #1591, #1088, #4771, #1199, #2332, #2311, #1796, #5467, #700, #2806, #6007, #3833 ),
 .UNSPECIFIED., .F., .F.,
 ( 4, 2, 2, 2, 2, 2, 2, 2, 2, 2, 2, 2, 2, 2, 2, 2, 2, 2, 2, 2, 2, 2, 2, 2, 2, 2, 2, 4 ),
 ( 0.0000000000000000000, 0.0004993496425630402700, 0.0009986992851260805400, 0.001997398570251831900, 0.002996097855377582600, 0.003994797140503333400, 0.005992195710754528700, 0.007989594281005723100, 0.009986992851256919200, 0.01098569213638242300, 0.01198439142150792600, 0.01298309070663343200, 0.01398178999175893500, 0.01597918856200992300, 0.01697788784713542100, 0.01797658713226091300, 0.01997398570251183700, 0.02097268498763729700, 0.02197138427276275700, 0.02297008355788821700, 0.02396878284301367400, 0.02596618141326483300, 0.02696488069839055000, 0.02796357998351627100, 0.02996097855376801700, 0.03095967783889388600, 0.03145902748145682600, 0.03195837712401975600 ),
 .UNSPECIFIED. ) ;
#4019 = CYLINDRICAL_SURFACE ( 'NONE', #6366, 110.0000000000000400 ) ;
#4020 = VERTEX_POINT ( 'NONE', #3331 ) ;
#4021 = CARTESIAN_POINT ( 'NONE',  ( -931.6584390925942200, -43.93451367685270300, -69.65727128011307900 ) ) ;
#4022 = CARTESIAN_POINT ( 'NONE',  ( -765.2643653141206000, 22.99085995577434000, 60.37991675965873400 ) ) ;
#4023 = CARTESIAN_POINT ( 'NONE',  ( -765.1542559618690100, 23.42789570974004900, -59.50158609400679700 ) ) ;
#4024 = CARTESIAN_POINT ( 'NONE',  ( -1074.912622206676800, -2.948390393197902100, -22.43530719852428800 ) ) ;
#4025 = CARTESIAN_POINT ( 'NONE',  ( -855.4052764537871100, 73.21699231938879400, 114.8776019093388500 ) ) ;
#4026 = FACE_OUTER_BOUND ( 'NONE', #3444, .T. ) ;
#4027 = ORIENTED_EDGE ( 'NONE', *, *, #1807, .T. ) ;
#4028 = EDGE_CURVE ( 'NONE', #1081, #6777, #1614, .T. ) ;
#4029 = CARTESIAN_POINT ( 'NONE',  ( -188.2058441834560700, 333.7464089050529900, 113.6900703670591200 ) ) ;
#4030 = CARTESIAN_POINT ( 'NONE',  ( -971.0375125829706300, -46.70541187800886000, -0.0000000000000000000 ) ) ;
#4031 = CARTESIAN_POINT ( 'NONE',  ( -769.3183687652835900, 23.42730997547047500, 54.81622354801171300 ) ) ;
#4032 = CIRCLE ( 'NONE', #1670, 110.0000000000000400 ) ;
#4033 = CARTESIAN_POINT ( 'NONE',  ( -4.817501171858571000, 400.0000000000000000, -144.5250351557572200 ) ) ;
#4034 = ORIENTED_EDGE ( 'NONE', *, *, #5834, .T. ) ;
#4035 = CARTESIAN_POINT ( 'NONE',  ( -903.1420864286368400, 22.63471032366287300, -108.1743023418718600 ) ) ;
#4036 =( BOUNDED_CURVE ( )  B_SPLINE_CURVE ( 3, ( #5667, #1356, #6200, #5597 ),
 .UNSPECIFIED., .F., .F. ) 
 B_SPLINE_CURVE_WITH_KNOTS ( ( 4, 4 ),
 ( 1.668446283909383700, 1.728144736368140400 ),
 .UNSPECIFIED. ) 
 CURVE ( )  GEOMETRIC_REPRESENTATION_ITEM ( )  RATIONAL_B_SPLINE_CURVE ( ( 1.000000000000000000, 0.9997030299482579900, 0.9997030299482579900, 1.000000000000000000 ) ) 
 REPRESENTATION_ITEM ( '' )  );
#4037 = VERTEX_POINT ( 'NONE', #4961 ) ;
#4038 = CARTESIAN_POINT ( 'NONE',  ( -976.9540680271022700, 2.556942986269485000, -66.09136683668266700 ) ) ;
#4039 = EDGE_CURVE ( 'NONE', #960, #4632, #2963, .T. ) ;
#4040 = CARTESIAN_POINT ( 'NONE',  ( -350.0711802801639000, 116.0662077097440300, -650.0000000000000000 ) ) ;
#4041 = VECTOR ( 'NONE', #1185, 1000.000000000000200 ) ;
#4042 = SURFACE_STYLE_USAGE ( .BOTH. , #323 ) ;
#4043 = VERTEX_POINT ( 'NONE', #1280 ) ;
#4044 = ORIENTED_EDGE ( 'NONE', *, *, #2387, .T. ) ;
#4045 = CARTESIAN_POINT ( 'NONE',  ( -855.3638864233522600, 73.05180959641889200, 114.8816014359633800 ) ) ;
#4046 = ORIENTED_EDGE ( 'NONE', *, *, #6053, .T. ) ;
#4047 = CARTESIAN_POINT ( 'NONE',  ( -1018.328763011444600, 21.11698506739018900, 60.33033841372156300 ) ) ;
#4048 = CARTESIAN_POINT ( 'NONE',  ( -916.2188226148706500, 53.05136739624566600, -105.5957882377793700 ) ) ;
#4049 = VECTOR ( 'NONE', #3422, 1000.000000000000000 ) ;
#4050 = CARTESIAN_POINT ( 'NONE',  ( -768.7753434174060200, -49.25061185733253700, -54.95006978908394800 ) ) ;
#4051 = ADVANCED_FACE ( 'NONE', ( #3108 ), #1784, .T. ) ;
#4052 = CARTESIAN_POINT ( 'NONE',  ( -1016.699487575703400, 0.3232249944566794600, -9.421892503462457200 ) ) ;
#4053 = CARTESIAN_POINT ( 'NONE',  ( -453.4158454910860900, 42.20061651864961000, 209.4169311968550700 ) ) ;
#4054 = ORIENTED_EDGE ( 'NONE', *, *, #7, .F. ) ;
#4055 = CARTESIAN_POINT ( 'NONE',  ( -911.1482789880691400, 23.89126980957379900, -106.6353059780189600 ) ) ;
#4056 = DIRECTION ( 'NONE',  ( 0.9396926207859112000, -0.3420201433256607700, 0.0000000000000000000 ) ) ;
#4057 = CARTESIAN_POINT ( 'NONE',  ( -769.6961746380799200, -49.25060836388760100, 64.71272302272220100 ) ) ;
#4058 = CARTESIAN_POINT ( 'NONE',  ( -979.4838755031083800, -40.41972416319696700, 20.83333333333332900 ) ) ;
#4059 = CARTESIAN_POINT ( 'NONE',  ( -769.6962191069245600, -49.25060836388760100, 54.75875204565061700 ) ) ;
#4060 = EDGE_CURVE ( 'NONE', #2822, #4613, #3944, .T. ) ;
#4061 = ORIENTED_EDGE ( 'NONE', *, *, #366, .F. ) ;
#4062 = CARTESIAN_POINT ( 'NONE',  ( -859.1916814820745000, 84.79361931122701900, 111.3289848183645500 ) ) ;
#4063 = CARTESIAN_POINT ( 'NONE',  ( -17.40817786358461900, 295.2474775137955000, -144.1053459326996900 ) ) ;
#4064 = CARTESIAN_POINT ( 'NONE',  ( -143.4224633047991500, 281.2273215869307700, 239.9999999999998900 ) ) ;
#4065 = CARTESIAN_POINT ( 'NONE',  ( -595.7506258156511200, -23.31838057145974100, -0.0000000000000000000 ) ) ;
#4066 = CARTESIAN_POINT ( 'NONE',  ( -344.9798420320378200, 113.8747192612501500, -650.0000000000000000 ) ) ;
#4067 = CARTESIAN_POINT ( 'NONE',  ( -934.8438756385440900, -44.47907115696418900, 68.67666249178779500 ) ) ;
#4068 = ORIENTED_EDGE ( 'NONE', *, *, #6409, .T. ) ;
#4069 = CARTESIAN_POINT ( 'NONE',  ( -855.3638864233428200, 39.44847174006471800, -114.8816014359633800 ) ) ;
#4070 = CARTESIAN_POINT ( 'NONE',  ( -916.1225732071532100, 25.97487875984856800, 105.6174376935817500 ) ) ;
#4071 = EDGE_CURVE ( 'NONE', #517, #1544, #6305, .T. ) ;
#4072 = CARTESIAN_POINT ( 'NONE',  ( -739.4433708272624700, 139.6957626835687700, 95.70448686874628700 ) ) ;
#4073 = EDGE_LOOP ( 'NONE', ( #4266, #1400, #5610 ) ) ;
#4074 = CARTESIAN_POINT ( 'NONE',  ( -1085.995178059513800, -3.571237118327399000, -14.61446840394332400 ) ) ;
#4075 = DIRECTION ( 'NONE',  ( -0.0000000000000000000, -0.0000000000000000000, 1.000000000000000000 ) ) ;
#4076 = CARTESIAN_POINT ( 'NONE',  ( 4.747416705071056100, 375.1674090797846500, 119.8299807186488000 ) ) ;
#4077 = CARTESIAN_POINT ( 'NONE',  ( -770.0781440828610600, -48.81971161484003100, 64.73844108900584600 ) ) ;
#4078 = CARTESIAN_POINT ( 'NONE',  ( -181.4335131267551200, 310.8291949647145300, 240.0000000000000000 ) ) ;
#4079 = EDGE_CURVE ( 'NONE', #5218, #4100, #6826, .T. ) ;
#4080 = DIRECTION ( 'NONE',  ( -1.000000000000000000, -1.110223024625156700E-015, 0.0000000000000000000 ) ) ;
#4081 = CARTESIAN_POINT ( 'NONE',  ( -145.5509741708531000, 281.0797566199950100, 240.0000000000000000 ) ) ;
#4082 = CARTESIAN_POINT ( 'NONE',  ( -337.8090684202434800, 125.8181341851555300, -594.9165003535907800 ) ) ;
#4083 = CARTESIAN_POINT ( 'NONE',  ( -313.7879653329613900, 124.6398863986655800, -650.0000000000000000 ) ) ;
#4084 = CARTESIAN_POINT ( 'NONE',  ( -20.59857779524281800, 299.3725009474484900, -143.9989992683110800 ) ) ;
#4085 = CARTESIAN_POINT ( 'NONE',  ( -345.2162486971475300, 117.3747192612501500, -650.0000000000000000 ) ) ;
#4086 = CARTESIAN_POINT ( 'NONE',  ( -930.8549077680145300, -44.47907115696418900, 49.74698897011925400 ) ) ;
#4087 = CARTESIAN_POINT ( 'NONE',  ( -769.0642468253602100, 32.25061285086973600, -479.9273741711696200 ) ) ;
#4088 = CIRCLE ( 'NONE', #3689, 200.0000000000001700 ) ;
#4089 = CARTESIAN_POINT ( 'NONE',  ( -1029.126498737528900, -0.3751809786563523000, -52.81150998653528500 ) ) ;
#4090 = CARTESIAN_POINT ( 'NONE',  ( -1031.933833216198100, 36.73114126937346000, -31.46605895846098000 ) ) ;
#4091 = CARTESIAN_POINT ( 'NONE',  ( -158.4024995439428400, 344.2379992038320900, 114.7708317479371200 ) ) ;
#4092 = B_SPLINE_CURVE_WITH_KNOTS ( 'NONE', 3,
 ( #3153, #1028, #84, #3733, #5802, #552, #1619, #14, #599, #1597, #5311, #3259, #2669, #5364, #3219, #2200, #2135, #5820, #3237, #6333, #6394, #6374, #1143, #5891 ),
 .UNSPECIFIED., .F., .F.,
 ( 4, 2, 2, 2, 2, 2, 2, 2, 2, 2, 2, 4 ),
 ( 0.0000000000000000000, 0.0003952008881892014000, 0.0007904017763784027900, 0.001580803552756971300, 0.002371205329135539500, 0.003161607105514108200, 0.004742410658271501400, 0.006323214211028894600, 0.009484821316543681100, 0.01264642842205846600, 0.01896964263308772300, 0.02529285684411698400 ),
 .UNSPECIFIED. ) ;
#4093 = LINE ( 'NONE', #6072, #5815 ) ;
#4094 = CARTESIAN_POINT ( 'NONE',  ( -769.4025474927482300, 23.42789570974004900, -64.67269670123501200 ) ) ;
#4095 = ORIENTED_EDGE ( 'NONE', *, *, #2295, .T. ) ;
#4096 = CARTESIAN_POINT ( 'NONE',  ( -1094.977999482085100, -4.076077425886025700, 6.595789167692458900 ) ) ;
#4097 = CARTESIAN_POINT ( 'NONE',  ( -750.6785800302291100, 71.93453721306583800, -650.0000000000000000 ) ) ;
#4098 = CARTESIAN_POINT ( 'NONE',  ( -418.4486822469645500, 71.87170263032061300, 650.0000000000000000 ) ) ;
#4099 = CIRCLE ( 'NONE', #3372, 19.99999999999998900 ) ;
#4100 = VERTEX_POINT ( 'NONE', #1365 ) ;
#4101 = CARTESIAN_POINT ( 'NONE',  ( -739.4335370044988200, 139.6992244574321400, 95.30066013804217600 ) ) ;
#4102 = CARTESIAN_POINT ( 'NONE',  ( -920.2857772427861400, 71.10618802116582100, -95.50277990237542300 ) ) ;
#4103 = CARTESIAN_POINT ( 'NONE',  ( -107.4073685269938900, 285.8086692831851100, 239.9999999999999400 ) ) ;
#4104 = CARTESIAN_POINT ( 'NONE',  ( -14.62674840205307300, 296.8509855691290200, -144.1980602480840000 ) ) ;
#4105 = CARTESIAN_POINT ( 'NONE',  ( -404.8361864232019800, -48.55670893018799500, -655.0000000000000000 ) ) ;
#4106 = VECTOR ( 'NONE', #2483, 1000.000000000000000 ) ;
#4107 = ORIENTED_EDGE ( 'NONE', *, *, #3940, .F. ) ;
#4108 = CARTESIAN_POINT ( 'NONE',  ( -15.61986757404181200, 302.9040110426931300, 239.9999999999999100 ) ) ;
#4109 = EDGE_CURVE ( 'NONE', #4840, #2715, #307, .T. ) ;
#4110 = CARTESIAN_POINT ( 'NONE',  ( -773.0357878090186400, 101.6861739977570700, -119.4071432636648100 ) ) ;
#4111 = CARTESIAN_POINT ( 'NONE',  ( -931.6712417350329400, -43.86100605486663500, -49.82124399824523700 ) ) ;
#4112 = VECTOR ( 'NONE', #1842, 1000.000000000000100 ) ;
#4113 = ORIENTED_EDGE ( 'NONE', *, *, #6646, .T. ) ;
#4114 = ORIENTED_EDGE ( 'NONE', *, *, #1628, .T. ) ;
#4115 = CARTESIAN_POINT ( 'NONE',  ( -907.7284708287141900, 23.26249189290067300, 107.3085667405041600 ) ) ;
#4116 = CARTESIAN_POINT ( 'NONE',  ( -768.0314034738755700, 23.42789570974004900, -55.24532406218320800 ) ) ;
#4117 = APPLICATION_CONTEXT ( 'automotive_design' ) ;
#4118 = DIRECTION ( 'NONE',  ( 1.091269043887816600E-015, -1.000000000000000000, 1.091269043887816600E-015 ) ) ;
#4119 = EDGE_CURVE ( 'NONE', #5490, #5844, #1373, .T. ) ;
#4120 = ORIENTED_EDGE ( 'NONE', *, *, #6729, .F. ) ;
#4121 = VECTOR ( 'NONE', #6509, 1000.000000000000000 ) ;
#4122 = ORIENTED_EDGE ( 'NONE', *, *, #2397, .T. ) ;
#4123 = CARTESIAN_POINT ( 'NONE',  ( -768.5786514484568700, 23.42730997547047500, 55.01547229766972400 ) ) ;
#4124 = VERTEX_POINT ( 'NONE', #1481 ) ;
#4125 = CIRCLE ( 'NONE', #997, 49.99999999999998600 ) ;
#4126 = ORIENTED_EDGE ( 'NONE', *, *, #4600, .F. ) ;
#4127 = CARTESIAN_POINT ( 'NONE',  ( -250.6785800302291400, -28.06546278693358700, -755.0000000000000000 ) ) ;
#4128 = LINE ( 'NONE', #6377, #6604 ) ;
#4129 = CARTESIAN_POINT ( 'NONE',  ( -99.77178470236614800, 286.8290885008705100, 239.9999999999999700 ) ) ;
#4130 = ORIENTED_EDGE ( 'NONE', *, *, #1052, .T. ) ;
#4131 = CARTESIAN_POINT ( 'NONE',  ( -515.1253989649039800, 7.202741035155889400, -210.5078935649555100 ) ) ;
#4132 = CARTESIAN_POINT ( 'NONE',  ( -118.6694585468875500, 314.5266121726159600, -140.7299699099228900 ) ) ;
#4133 = DIRECTION ( 'NONE',  ( 0.0000000000000000000, -1.000000000000000000, 0.0000000000000000000 ) ) ;
#4134 = ORIENTED_EDGE ( 'NONE', *, *, #1580, .F. ) ;
#4135 = CARTESIAN_POINT ( 'NONE',  ( -22.25934159426252600, 304.9231767022383800, 239.9999999999999100 ) ) ;
#4136 = PRODUCT_RELATED_PRODUCT_CATEGORY ( 'part', '', ( #2702 ) ) ;
#4137 = CARTESIAN_POINT ( 'NONE',  ( -671.3575007273856300, 70.55309843744765900, -650.0000000000000000 ) ) ;
#4138 = CARTESIAN_POINT ( 'NONE',  ( -1024.287353910936200, 23.37773914671576500, -52.20210083420786200 ) ) ;
#4139 = CARTESIAN_POINT ( 'NONE',  ( -870.5912832282590400, 32.35403945260093600, -113.2035587037925400 ) ) ;
#4140 = ORIENTED_EDGE ( 'NONE', *, *, #4642, .F. ) ;
#4141 = DIRECTION ( 'NONE',  ( -1.110223024625156800E-016, 1.000000000000000000, 0.0000000000000000000 ) ) ;
#4142 = CARTESIAN_POINT ( 'NONE',  ( -936.7767827379701700, -43.09955328868764500, 52.07348317690763700 ) ) ;
#4143 = CARTESIAN_POINT ( 'NONE',  ( -1028.959636398235000, 36.99500496402765700, -7.354599042081169100 ) ) ;
#4144 = CARTESIAN_POINT ( 'NONE',  ( -394.9800215820058000, 159.5006914782504200, -758.7217806197944600 ) ) ;
#4145 = VERTEX_POINT ( 'NONE', #4571 ) ;
#4146 = VERTEX_POINT ( 'NONE', #372 ) ;
#4147 = CARTESIAN_POINT ( 'NONE',  ( -860.2549962005692800, 88.48472478379500200, 108.4305173114422700 ) ) ;
#4148 = CARTESIAN_POINT ( 'NONE',  ( -250.6785800302290900, 221.9345372130658200, -655.0000000000000000 ) ) ;
#4149 = CARTESIAN_POINT ( 'NONE',  ( -920.0250807485477900, 68.51812795937353000, -98.37084355780895400 ) ) ;
#4150 = CARTESIAN_POINT ( 'NONE',  ( -113.6097962821062300, 284.9908237757883300, 240.0000000000000000 ) ) ;
#4151 = DIRECTION ( 'NONE',  ( 1.000000000000000000, 0.0000000000000000000, 0.0000000000000000000 ) ) ;
#4152 = CARTESIAN_POINT ( 'NONE',  ( -978.2096096027619300, 55.64353348873468300, -63.86921591007998000 ) ) ;
#4153 = CARTESIAN_POINT ( 'NONE',  ( -931.7072111055728100, -44.47907115696418900, 49.83040187076174700 ) ) ;
#4154 = CARTESIAN_POINT ( 'NONE',  ( -14.62674840205215400, 301.1043781108963900, -239.9999999999998900 ) ) ;
#4155 = CARTESIAN_POINT ( 'NONE',  ( -1028.725447602919100, 37.86058052461051200, -38.83946955091381900 ) ) ;
#4156 = CARTESIAN_POINT ( 'NONE',  ( -1028.724752950297400, 37.19791389292169000, -5.307627442076887200 ) ) ;
#4157 = EDGE_CURVE ( 'NONE', #6678, #2597, #5254, .T. ) ;
#4158 =( BOUNDED_CURVE ( )  B_SPLINE_CURVE ( 3, ( #3504, #4588, #1939, #5652 ),
 .UNSPECIFIED., .F., .F. ) 
 B_SPLINE_CURVE_WITH_KNOTS ( ( 4, 4 ),
 ( 0.6612005025985539000, 1.241315980897927100 ),
 .UNSPECIFIED. ) 
 CURVE ( )  GEOMETRIC_REPRESENTATION_ITEM ( )  RATIONAL_B_SPLINE_CURVE ( ( 1.000000000000000000, 0.9721515755180509800, 0.9721515755180509800, 1.000000000000000000 ) ) 
 REPRESENTATION_ITEM ( '' )  );
#4159 = CARTESIAN_POINT ( 'NONE',  ( -905.1222013991415500, 21.51793680938604700, 107.5005916618316500 ) ) ;
#4160 = CARTESIAN_POINT ( 'NONE',  ( -939.3897206489456300, -42.73425124967870700, 63.95915777979733700 ) ) ;
#4161 = CARTESIAN_POINT ( 'NONE',  ( -398.5467296218487300, 155.5710703183136700, -756.6203668129612700 ) ) ;
#4162 = CARTESIAN_POINT ( 'NONE',  ( -917.9887516878785600, 58.85795368084241400, 104.3869624415229100 ) ) ;
#4163 = CARTESIAN_POINT ( 'NONE',  ( -946.5066301728217000, 4.268108461741424400, 76.77176711742355100 ) ) ;
#4164 = EDGE_CURVE ( 'NONE', #581, #3477, #3891, .T. ) ;
#4165 = CARTESIAN_POINT ( 'NONE',  ( -903.5126549465466000, -47.93408398595471500, -68.91030709501070800 ) ) ;
#4166 = CARTESIAN_POINT ( 'NONE',  ( -971.0375125829706300, -46.70541187800891700, -0.0000000000000000000 ) ) ;
#4167 = CARTESIAN_POINT ( 'NONE',  ( -919.2413854969704500, 76.35338900422773600, -82.74983294866861200 ) ) ;
#4168 = CARTESIAN_POINT ( 'NONE',  ( -132.6808425553274700, 282.5113728862319200, 240.0000000000000600 ) ) ;
#4169 = VERTEX_POINT ( 'NONE', #2011 ) ;
#4170 = CARTESIAN_POINT ( 'NONE',  ( -958.4916392537309100, 62.58479692502813700, 70.61166444894027400 ) ) ;
#4171 = DIRECTION ( 'NONE',  ( 0.1345145436512959800, 0.3695756712701850400, 0.9194126716287283100 ) ) ;
#4172 = CARTESIAN_POINT ( 'NONE',  ( -929.9999970323415300, 7.164169369840226200, 49.73844108900585300 ) ) ;
#4173 = CARTESIAN_POINT ( 'NONE',  ( -729.5885947240024100, 26.48465647220874100, -120.3397264067265300 ) ) ;
#4174 = CARTESIAN_POINT ( 'NONE',  ( -110.4287047268469500, 313.4778319254067500, -239.9999999999998000 ) ) ;
#4175 = VECTOR ( 'NONE', #257, 1000.000000000000000 ) ;
#4176 = ORIENTED_EDGE ( 'NONE', *, *, #2159, .F. ) ;
#4177 = CARTESIAN_POINT ( 'NONE',  ( -1035.456036746052400, 35.49122954712746000, 19.93266355462789700 ) ) ;
#4178 = CARTESIAN_POINT ( 'NONE',  ( -1028.454700717593400, 37.41061960111522900, 1.298294166552235600 ) ) ;
#4179 = CARTESIAN_POINT ( 'NONE',  ( -936.7776104563563400, -43.15898569638834200, 67.40310102392557200 ) ) ;
#4180 = CARTESIAN_POINT ( 'NONE',  ( -1075.011227647846700, -2.953932082078715800, 22.36803755768187300 ) ) ;
#4181 = SURFACE_STYLE_USAGE ( .BOTH. , #498 ) ;
#4182 = LINE ( 'NONE', #293, #5749 ) ;
#4183 = CARTESIAN_POINT ( 'NONE',  ( -177.4982361737175200, 314.5779987079881200, 138.7690106556954100 ) ) ;
#4184 = ORIENTED_EDGE ( 'NONE', *, *, #188, .T. ) ;
#4185 = CARTESIAN_POINT ( 'NONE',  ( -395.1366864534506400, 150.2988450810440500, -655.0000000000000000 ) ) ;
#4186 = LINE ( 'NONE', #2084, #2676 ) ;
#4187 = ORIENTED_EDGE ( 'NONE', *, *, #2905, .T. ) ;
#4188 = CARTESIAN_POINT ( 'NONE',  ( -693.4122224735933700, -5.231446897239790900, 479.9148654927763000 ) ) ;
#4189 = CARTESIAN_POINT ( 'NONE',  ( -485.5448984515973100, 50.28527772050718900, -128.5007885640880300 ) ) ;
#4190 = CARTESIAN_POINT ( 'NONE',  ( -101.2678165310501000, 286.6282313648351300, 239.9999999999999400 ) ) ;
#4191 = CARTESIAN_POINT ( 'NONE',  ( -183.2427149427074900, 302.8446467139191900, -138.5775280300622400 ) ) ;
#4192 = CARTESIAN_POINT ( 'NONE',  ( -308.7992690864780300, 140.4205989181335200, -650.0000000000000000 ) ) ;
#4193 = CARTESIAN_POINT ( 'NONE',  ( -362.5943677262777100, 119.5843527012690400, 509.5258950483661200 ) ) ;
#4194 = CARTESIAN_POINT ( 'NONE',  ( -80.92340575038251400, 314.5946432504330200, 239.9999999999998900 ) ) ;
#4195 = VECTOR ( 'NONE', #1049, 999.9999999999998900 ) ;
#4196 = ORIENTED_EDGE ( 'NONE', *, *, #2771, .F. ) ;
#4197 = EDGE_CURVE ( 'NONE', #5367, #2774, #391, .T. ) ;
#4198 = CARTESIAN_POINT ( 'NONE',  ( -184.4934008050203400, 300.0531383952945200, 239.9999999999999400 ) ) ;
#4199 = DIRECTION ( 'NONE',  ( 1.000000000000000000, 0.0000000000000000000, 0.0000000000000000000 ) ) ;
#4200 = ORIENTED_EDGE ( 'NONE', *, *, #1592, .F. ) ;
#4201 = CARTESIAN_POINT ( 'NONE',  ( -1035.213616962963400, 21.69446416872094800, -30.15032139511320300 ) ) ;
#4202 = LINE ( 'NONE', #871, #6429 ) ;
#4203 = CARTESIAN_POINT ( 'NONE',  ( -1028.499186825993100, 37.37719071945183900, 2.396095676514943500 ) ) ;
#4204 = ORIENTED_EDGE ( 'NONE', *, *, #3752, .F. ) ;
#4205 = CARTESIAN_POINT ( 'NONE',  ( -177.3348283677403000, 337.5733030154103700, 135.0848686226640000 ) ) ;
#4206 = FACE_OUTER_BOUND ( 'NONE', #1423, .T. ) ;
#4207 = ORIENTED_EDGE ( 'NONE', *, *, #273, .F. ) ;
#4208 = CARTESIAN_POINT ( 'NONE',  ( -910.8026782465033200, 18.14069362401754800, 105.0383286312499100 ) ) ;
#4209 = CARTESIAN_POINT ( 'NONE',  ( -940.2498557514599000, -42.57350531052740900, 58.39547893930706100 ) ) ;
#4210 = APPLICATION_CONTEXT ( 'automotive_design' ) ;
#4211 = VERTEX_POINT ( 'NONE', #5130 ) ;
#4212 = CARTESIAN_POINT ( 'NONE',  ( -175.3323359687690600, 316.0397197962526000, 138.8412073291937100 ) ) ;
#4213 = EDGE_CURVE ( 'NONE', #4287, #5437, #5754, .T. ) ;
#4214 = CIRCLE ( 'NONE', #3902, 5.000000000000004400 ) ;
#4215 = CARTESIAN_POINT ( 'NONE',  ( -952.3915814403646900, 3.937370436140809700, 96.23875389163082200 ) ) ;
#4216 = ORIENTED_EDGE ( 'NONE', *, *, #634, .T. ) ;
#4217 = CARTESIAN_POINT ( 'NONE',  ( -1021.074700142277500, 20.99602887136788700, -56.80099378340558800 ) ) ;
#4218 = CARTESIAN_POINT ( 'NONE',  ( -767.9215770727784000, 22.73063412092165000, -64.18255163554833600 ) ) ;
#4219 = CARTESIAN_POINT ( 'NONE',  ( -923.1077413794350800, 75.04089419066095000, 103.9163419255826700 ) ) ;
#4220 = CARTESIAN_POINT ( 'NONE',  ( -657.8329383822367600, -38.04780047810552200, 0.0000000000000000000 ) ) ;
#4221 = CARTESIAN_POINT ( 'NONE',  ( -402.5900273486661300, 153.6536589341054900, 696.7380779842205800 ) ) ;
#4222 = CARTESIAN_POINT ( 'NONE',  ( -99.20103709440977000, 317.0941570388971500, 239.9999999999999400 ) ) ;
#4223 = ORIENTED_EDGE ( 'NONE', *, *, #1201, .T. ) ;
#4224 = CARTESIAN_POINT ( 'NONE',  ( -182.3922303328092200, 294.5209397140281500, 239.9999999999999700 ) ) ;
#4225 = CARTESIAN_POINT ( 'NONE',  ( -1023.869892135917900, 39.56986850050211800, 3.265785876999444300 ) ) ;
#4226 = PLANE ( 'NONE',  #2085 ) ;
#4227 = CARTESIAN_POINT ( 'NONE',  ( -178.1942025034543600, 337.2707798773283200, 135.1092678151634300 ) ) ;
#4228 = VERTEX_POINT ( 'NONE', #5656 ) ;
#4229 = CARTESIAN_POINT ( 'NONE',  ( -946.6323550810456000, 5.229145482369199600, 82.69788485976980000 ) ) ;
#4230 = CARTESIAN_POINT ( 'NONE',  ( -1080.576111023647600, -3.266682085978365600, 18.52784668722709700 ) ) ;
#4231 = CARTESIAN_POINT ( 'NONE',  ( -158.3677687389844400, 322.1057611229553600, 139.4066929035198800 ) ) ;
#4232 = CARTESIAN_POINT ( 'NONE',  ( -1012.659210049845800, 43.51633440358219200, 66.58506499031624100 ) ) ;
#4233 = CARTESIAN_POINT ( 'NONE',  ( -1004.167345983600700, 1.027539364971652700, -44.51969783023678700 ) ) ;
#4234 = CARTESIAN_POINT ( 'NONE',  ( -765.3901648918385900, 22.97854016228065500, -61.01167549496683800 ) ) ;
#4235 = CARTESIAN_POINT ( 'NONE',  ( -26.80272142532265900, 298.0686714863379600, 239.9999999999999100 ) ) ;
#4236 = EDGE_CURVE ( 'NONE', #4529, #4037, #3361, .T. ) ;
#4237 = CARTESIAN_POINT ( 'NONE',  ( -361.6988694103687900, 88.83743286960660200, -650.0000000000000000 ) ) ;
#4238 = CARTESIAN_POINT ( 'NONE',  ( -101.5361575129460300, 317.4082924808008700, 240.0000000000000000 ) ) ;
#4239 =( BOUNDED_CURVE ( )  B_SPLINE_CURVE ( 3, ( #455, #976, #2664, #2628 ),
 .UNSPECIFIED., .F., .F. ) 
 B_SPLINE_CURVE_WITH_KNOTS ( ( 4, 4 ),
 ( 1.241315980897904200, 1.331117803537669600 ),
 .UNSPECIFIED. ) 
 CURVE ( )  GEOMETRIC_REPRESENTATION_ITEM ( )  RATIONAL_B_SPLINE_CURVE ( ( 1.000000000000000000, 0.9993280822862465900, 0.9993280822862465900, 1.000000000000000000 ) ) 
 REPRESENTATION_ITEM ( '' )  );
#4240 = CARTESIAN_POINT ( 'NONE',  ( -250.6785800302290900, 221.9345372130658200, -655.0000000000000000 ) ) ;
#4241 = CARTESIAN_POINT ( 'NONE',  ( -1030.027233465945100, 29.94070037784207700, -36.01863423261766400 ) ) ;
#4242 = EDGE_CURVE ( 'NONE', #4415, #4686, #1877, .T. ) ;
#4243 = CARTESIAN_POINT ( 'NONE',  ( -181.9406225998893400, 335.9519378072923800, 114.1372172638227100 ) ) ;
#4244 = CARTESIAN_POINT ( 'NONE',  ( -903.1420864286192200, 22.63471032366720700, 108.1743023418761000 ) ) ;
#4245 = CARTESIAN_POINT ( 'NONE',  ( -939.9847949748106000, 5.880153770565240000, -57.09363249813721800 ) ) ;
#4246 = CARTESIAN_POINT ( 'NONE',  ( -1024.906767650361200, 39.20486003509097400, 51.86631233005532200 ) ) ;
#4247 = FACE_OUTER_BOUND ( 'NONE', #5530, .T. ) ;
#4248 = ORIENTED_EDGE ( 'NONE', *, *, #4907, .T. ) ;
#4249 = CARTESIAN_POINT ( 'NONE',  ( -765.4841861470572400, 22.96933248074994400, -58.15491580254848000 ) ) ;
#4250 = CARTESIAN_POINT ( 'NONE',  ( -57.38834444740476200, 311.1698505353736600, 142.7726737132391000 ) ) ;
#4251 = CARTESIAN_POINT ( 'NONE',  ( -478.6549489604646500, 42.20597046175941400, -452.4094041803679100 ) ) ;
#4252 = VECTOR ( 'NONE', #2732, 1000.000000000000000 ) ;
#4253 = CARTESIAN_POINT ( 'NONE',  ( -476.1218229458132200, 22.48589293588767300, 0.0000000000000000000 ) ) ;
#4254 = VERTEX_POINT ( 'NONE', #3067 ) ;
#4255 = CARTESIAN_POINT ( 'NONE',  ( -126.7180646529286700, 320.7182664376017600, 240.0000000000000600 ) ) ;
#4256 = DIRECTION ( 'NONE',  ( -0.0000000000000000000, 1.000000000000000000, -0.0000000000000000000 ) ) ;
#4257 = EDGE_LOOP ( 'NONE', ( #4430, #1555, #810, #1945 ) ) ;
#4258 = CARTESIAN_POINT ( 'NONE',  ( -1030.829062675249400, 33.43449700086372900, 24.81972721780600800 ) ) ;
#4259 = CARTESIAN_POINT ( 'NONE',  ( -154.1508744330150800, 345.7346872203142400, 138.9582123831737300 ) ) ;
#4260 = CARTESIAN_POINT ( 'NONE',  ( -802.3608228219858300, -55.78052167908376200, 0.0000000000000000000 ) ) ;
#4261 = B_SPLINE_CURVE_WITH_KNOTS ( 'NONE', 3,
 ( #4192, #5164, #5696, #2518, #6220, #3059, #3101 ),
 .UNSPECIFIED., .F., .F.,
 ( 4, 1, 1, 1, 4 ),
 ( 0.0000000000000000000, 0.2589260133111229700, 0.3846330574132687000, 0.7017031788224390400, 1.000000000000000000 ),
 .UNSPECIFIED. ) ;
#4262 = CARTESIAN_POINT ( 'NONE',  ( -1015.928679326762100, 0.3665449109012017800, 16.21465817035591800 ) ) ;
#4263 = CARTESIAN_POINT ( 'NONE',  ( -940.2501048288473800, 5.854171468614280700, -61.07859416273992500 ) ) ;
#4264 = EDGE_CURVE ( 'NONE', #1640, #2636, #2426, .T. ) ;
#4265 = FACE_OUTER_BOUND ( 'NONE', #6684, .T. ) ;
#4266 = ORIENTED_EDGE ( 'NONE', *, *, #2905, .F. ) ;
#4267 = ORIENTED_EDGE ( 'NONE', *, *, #83, .T. ) ;
#4268 = CARTESIAN_POINT ( 'NONE',  ( -919.0993825385323800, 76.44225496245421400, 81.98549023153435700 ) ) ;
#4269 = CARTESIAN_POINT ( 'NONE',  ( -1012.809502501466100, 43.46342736086184300, 37.02459158161183700 ) ) ;
#4270 = CARTESIAN_POINT ( 'NONE',  ( -1005.401035527967500, 0.9582052237583823500, -42.93404041659988500 ) ) ;
#4271 = ORIENTED_EDGE ( 'NONE', *, *, #4640, .F. ) ;
#4272 = CARTESIAN_POINT ( 'NONE',  ( -770.0781440828610600, -48.81971161484003100, 64.73844108900584600 ) ) ;
#4273 =( BOUNDED_CURVE ( )  B_SPLINE_CURVE ( 3, ( #3125, #6304, #6815, #5757 ),
 .UNSPECIFIED., .F., .F. ) 
 B_SPLINE_CURVE_WITH_KNOTS ( ( 4, 4 ),
 ( 4.733792457186768700, 4.778316836571288900 ),
 .UNSPECIFIED. ) 
 CURVE ( )  GEOMETRIC_REPRESENTATION_ITEM ( )  RATIONAL_B_SPLINE_CURVE ( ( 1.000000000000000000, 0.9998348051261559700, 0.9998348051261559700, 1.000000000000000000 ) ) 
 REPRESENTATION_ITEM ( '' )  );
#4274 = VECTOR ( 'NONE', #4888, 1000.000000000000000 ) ;
#4275 = CARTESIAN_POINT ( 'NONE',  ( -15.91830124969495800, 303.0397179202838100, 144.1550084864960000 ) ) ;
#4276 = ORIENTED_EDGE ( 'NONE', *, *, #3258, .T. ) ;
#4277 = CARTESIAN_POINT ( 'NONE',  ( -597.1016027295113400, -29.19774388879194400, -36.89934711224464100 ) ) ;
#4278 = ORIENTED_EDGE ( 'NONE', *, *, #5537, .F. ) ;
#4279 = CARTESIAN_POINT ( 'NONE',  ( -363.3325037834424100, 141.9740899135819900, 509.3156103644660700 ) ) ;
#4280 = CARTESIAN_POINT ( 'NONE',  ( -73.90195936965416500, 313.5977533476780600, 239.9999999999999700 ) ) ;
#4281 = EDGE_CURVE ( 'NONE', #4933, #677, #5504, .T. ) ;
#4282 = CARTESIAN_POINT ( 'NONE',  ( -675.5008561801989800, 74.22880941641467700, -650.0000000000000000 ) ) ;
#4283 = ORIENTED_EDGE ( 'NONE', *, *, #3949, .T. ) ;
#4284 = LINE ( 'NONE', #3774, #4455 ) ;
#4285 = ORIENTED_EDGE ( 'NONE', *, *, #4507, .T. ) ;
#4286 = CARTESIAN_POINT ( 'NONE',  ( -363.3325037834424100, 141.9740899135819900, 509.3156103644660700 ) ) ;
#4287 = VERTEX_POINT ( 'NONE', #947 ) ;
#4288 = CARTESIAN_POINT ( 'NONE',  ( -469.0710157804053900, 28.03962429833553600, -71.65342119842550500 ) ) ;
#4289 = CARTESIAN_POINT ( 'NONE',  ( -1030.843833936553700, 32.54432010357038500, 27.96764974936947800 ) ) ;
#4290 = ADVANCED_FACE ( 'NONE', ( #6669 ), #5675, .T. ) ;
#4291 = DIRECTION ( 'NONE',  ( -0.0000000000000000000, 1.000000000000000000, -0.0000000000000000000 ) ) ;
#4292 = CARTESIAN_POINT ( 'NONE',  ( -403.3349438461406700, 153.2827667448359800, -685.0000000000000000 ) ) ;
#4293 = CARTESIAN_POINT ( 'NONE',  ( -937.0470885403705100, 25.13078199938944500, 100.5072134400959200 ) ) ;
#4294 = CARTESIAN_POINT ( 'NONE',  ( -1041.968231293425100, -1.096894559296384400, 44.79725054172141800 ) ) ;
#4295 = CARTESIAN_POINT ( 'NONE',  ( -930.1676994236786400, 6.841560733069707500, -69.74076671785567800 ) ) ;
#4296 = ORIENTED_EDGE ( 'NONE', *, *, #2984, .F. ) ;
#4297 = CARTESIAN_POINT ( 'NONE',  ( -721.0375125829708600, -43.02027741034830700, 20.83333333333332900 ) ) ;
#4298 = CARTESIAN_POINT ( 'NONE',  ( -984.7083298120189700, 53.35580670079801300, 85.22959943904456300 ) ) ;
#4299 = AXIS2_PLACEMENT_3D ( 'NONE', #2594, #3349, #2312 ) ;
#4300 = CARTESIAN_POINT ( 'NONE',  ( -981.7263400007245800, 54.40554845809584400, -62.66668982284687000 ) ) ;
#4301 = CARTESIAN_POINT ( 'NONE',  ( -250.6785800302286900, -425.2369295036681400, -459.2542764104997000 ) ) ;
#4302 = CARTESIAN_POINT ( 'NONE',  ( -721.1684343117491400, -36.89914864066234700, -0.0000000000000000000 ) ) ;
#4303 = ORIENTED_EDGE ( 'NONE', *, *, #5485, .T. ) ;
#4304 = CARTESIAN_POINT ( 'NONE',  ( -23.36995910244641200, 298.8185011421117000, 239.9999999999998900 ) ) ;
#4305 = PLANE ( 'NONE',  #5150 ) ;
#4306 = CARTESIAN_POINT ( 'NONE',  ( -147.2693089951841900, 322.9865390405052500, 240.0000000000000000 ) ) ;
#4307 = AXIS2_PLACEMENT_3D ( 'NONE', #2466, #6167, #4118 ) ;
#4308 = CARTESIAN_POINT ( 'NONE',  ( -178.3274448839304700, 290.0796073368446200, 239.9999999999999700 ) ) ;
#4309 = CARTESIAN_POINT ( 'NONE',  ( -930.3357172766052400, 6.825106423056387200, 69.74406049209288500 ) ) ;
#4310 = EDGE_LOOP ( 'NONE', ( #2922, #3844, #4702, #6113, #2485, #1457 ) ) ;
#4311 = CARTESIAN_POINT ( 'NONE',  ( -765.7246816461570200, -48.43639736091856200, 57.56278904147769300 ) ) ;
#4312 = DIRECTION ( 'NONE',  ( -0.3420201433256637700, -0.9396926207859102000, 0.0000000000000000000 ) ) ;
#4313 = B_SPLINE_CURVE_WITH_KNOTS ( 'NONE', 2,
 ( #3223, #4282, #2094 ),
 .UNSPECIFIED., .F., .F.,
 ( 3, 3 ),
 ( 0.0000000000000000000, 1.000000000000000000 ),
 .UNSPECIFIED. ) ;
#4314 = CARTESIAN_POINT ( 'NONE',  ( -1030.318570416184700, 30.50481319845259900, 34.40726703539220900 ) ) ;
#4315 = CARTESIAN_POINT ( 'NONE',  ( -940.0484129154273200, 5.873923543841884000, -62.06784654588497600 ) ) ;
#4316 = CARTESIAN_POINT ( 'NONE',  ( -933.5977478706184900, -43.57767985786418300, 50.28232203587754900 ) ) ;
#4317 = CARTESIAN_POINT ( 'NONE',  ( -5.573319583618285800E-011, 134.2133225618005400, 142.1608026483228000 ) ) ;
#4318 = CARTESIAN_POINT ( 'NONE',  ( -969.8308515967182800, 2.957272304234565200, 68.79590352574993500 ) ) ;
#4319 = ADVANCED_FACE ( 'NONE', ( #147, #5919, #5828 ), #4226, .T. ) ;
#4320 = CARTESIAN_POINT ( 'NONE',  ( -430.5817890883756100, 73.28256349372452400, 650.0000000000000000 ) ) ;
#4321 = CARTESIAN_POINT ( 'NONE',  ( -14.73347317345261200, 301.7235915433007000, 144.1945027557040400 ) ) ;
#4322 = EDGE_CURVE ( 'NONE', #823, #6675, #2944, .T. ) ;
#4323 = CARTESIAN_POINT ( 'NONE',  ( -184.6267484020527000, 303.3588125718725300, 138.5313935814175500 ) ) ;
#4324 = CARTESIAN_POINT ( 'NONE',  ( -141.0338880067463400, 322.5382365917519100, 240.0000000000000300 ) ) ;
#4325 = CARTESIAN_POINT ( 'NONE',  ( -178.7257531420651400, 290.4166871509210600, 239.9999999999999400 ) ) ;
#4326 = CARTESIAN_POINT ( 'NONE',  ( -933.6058714641571900, 6.504853962641778500, 50.28512632508056200 ) ) ;
#4327 = VECTOR ( 'NONE', #5564, 1000.000000000000000 ) ;
#4328 = ORIENTED_EDGE ( 'NONE', *, *, #6075, .T. ) ;
#4329 = VERTEX_POINT ( 'NONE', #2590 ) ;
#4330 = CARTESIAN_POINT ( 'NONE',  ( -14.62674840205307300, 296.8509855691290200, -144.1980602480840000 ) ) ;
#4331 = CARTESIAN_POINT ( 'NONE',  ( -766.8680877055678600, -48.54296955395824400, 63.45277438365177900 ) ) ;
#4332 = EDGE_CURVE ( 'NONE', #398, #2240, #1963, .T. ) ;
#4333 = CARTESIAN_POINT ( 'NONE',  ( -395.1366864534508600, 150.2988450810441100, 755.0000000000000000 ) ) ;
#4334 = CARTESIAN_POINT ( 'NONE',  ( -5.573319583618285800E-011, 120.1544563829932000, -122.8524595691526300 ) ) ;
#4335 = LINE ( 'NONE', #5611, #3260 ) ;
#4336 = ORIENTED_EDGE ( 'NONE', *, *, #6583, .T. ) ;
#4337 = CARTESIAN_POINT ( 'NONE',  ( -594.8326090302857700, -18.90785067022326200, -123.2997772557765300 ) ) ;
#4338 = CARTESIAN_POINT ( 'NONE',  ( -769.2833338315761000, 22.59727467440039200, 64.65104031212483400 ) ) ;
#4339 = VECTOR ( 'NONE', #365, 1000.000000000000000 ) ;
#4340 = CARTESIAN_POINT ( 'NONE',  ( -189.7732548792596700, 333.1946375837733300, 113.6226695422161700 ) ) ;
#4341 = ORIENTED_EDGE ( 'NONE', *, *, #2159, .T. ) ;
#4342 = CARTESIAN_POINT ( 'NONE',  ( -1025.528095748797800, 24.49074053889314200, -49.74942052518630200 ) ) ;
#4343 = CARTESIAN_POINT ( 'NONE',  ( -711.8568504542180300, -28.00425256398114000, 269.8670942215699100 ) ) ;
#4344 = CARTESIAN_POINT ( 'NONE',  ( -147.9308454090988800, 322.9970192977867800, 240.0000000000000300 ) ) ;
#4345 = FACE_OUTER_BOUND ( 'NONE', #3629, .T. ) ;
#4346 = CARTESIAN_POINT ( 'NONE',  ( -158.5954142760882300, 281.9576781808506200, 239.9999999999999700 ) ) ;
#4347 = CARTESIAN_POINT ( 'NONE',  ( -939.2442461228716900, 5.952677137443019200, 55.21885250027326500 ) ) ;
#4348 = CARTESIAN_POINT ( 'NONE',  ( -732.3766432495573300, 117.7103949458512800, -120.2730637531672500 ) ) ;
#4349 = CARTESIAN_POINT ( 'NONE',  ( -770.0781440828610600, -48.81971161484003100, 64.73844108900584600 ) ) ;
#4350 = DIRECTION ( 'NONE',  ( 0.1169777784405092700, 0.3213938048432703500, -0.9396926207859085400 ) ) ;
#4351 = VECTOR ( 'NONE', #5779, 1000.000000000000100 ) ;
#4352 = DIRECTION ( 'NONE',  ( -1.000000000000000000, -1.110223024625156800E-016, -0.0000000000000000000 ) ) ;
#4353 = ORIENTED_EDGE ( 'NONE', *, *, #1548, .F. ) ;
#4354 = CARTESIAN_POINT ( 'NONE',  ( -413.0707898217584700, 61.93453721306596500, -650.0000000000000000 ) ) ;
#4355 = ORIENTED_EDGE ( 'NONE', *, *, #1467, .F. ) ;
#4356 = DIRECTION ( 'NONE',  ( 0.0000000000000000000, 0.0000000000000000000, 1.000000000000000000 ) ) ;
#4357 = CARTESIAN_POINT ( 'NONE',  ( -730.9119588086135800, 42.65968660568331200, -118.7168735594052400 ) ) ;
#4358 = FACE_OUTER_BOUND ( 'NONE', #232, .T. ) ;
#4359 = CARTESIAN_POINT ( 'NONE',  ( -765.2401698217928500, -48.39356972818157500, -59.41772085797051500 ) ) ;
#4360 = ORIENTED_EDGE ( 'NONE', *, *, #3086, .T. ) ;
#4361 =( BOUNDED_CURVE ( )  B_SPLINE_CURVE ( 3, ( #5027, #1866, #6626, #1764 ),
 .UNSPECIFIED., .F., .T. ) 
 B_SPLINE_CURVE_WITH_KNOTS ( ( 4, 4 ),
 ( 4.733923052218423200, 4.778455634936656300 ),
 .UNSPECIFIED. ) 
 CURVE ( )  GEOMETRIC_REPRESENTATION_ITEM ( )  RATIONAL_B_SPLINE_CURVE ( ( 1.000000000000000000, 0.9998347442508539500, 0.9998347442508539500, 1.000000000000000000 ) ) 
 REPRESENTATION_ITEM ( '' )  );
#4362 = LINE ( 'NONE', #865, #6264 ) ;
#4363 = ORIENTED_EDGE ( 'NONE', *, *, #1942, .T. ) ;
#4364 = CARTESIAN_POINT ( 'NONE',  ( -721.5093510031267700, -27.39914864066250600, -0.0000000000000000000 ) ) ;
#4365 = DIRECTION ( 'NONE',  ( -0.0000000000000000000, -0.0000000000000000000, -1.000000000000000000 ) ) ;
#4366 = CARTESIAN_POINT ( 'NONE',  ( -1010.836020592517800, 0.6527555880066481200, -33.48699698778289500 ) ) ;
#4367 = CARTESIAN_POINT ( 'NONE',  ( -430.7025088389766000, 75.61589682705786700, 650.0000000000000000 ) ) ;
#4368 = CARTESIAN_POINT ( 'NONE',  ( -55.00145345845101000, 293.2004736502914900, 142.8522367462042000 ) ) ;
#4369 = CIRCLE ( 'NONE', #2331, 49.99999999999998600 ) ;
#4370 = CARTESIAN_POINT ( 'NONE',  ( -403.3349438461406700, 153.2827667448359800, -685.0000000000000000 ) ) ;
#4371 = CARTESIAN_POINT ( 'NONE',  ( -153.0292608703285000, 322.8004334762817400, 240.0000000000000000 ) ) ;
#4372 = CARTESIAN_POINT ( 'NONE',  ( -935.7745354541992800, 7.164169077462492700, -68.19774244339259900 ) ) ;
#4373 = EDGE_CURVE ( 'NONE', #215, #923, #5466, .T. ) ;
#4374 = CARTESIAN_POINT ( 'NONE',  ( -165.6142087987237800, 283.6861469932915200, 239.9999999999999400 ) ) ;
#4375 = CARTESIAN_POINT ( 'NONE',  ( -395.1366864534508600, 150.2988450810441100, -755.0000000000000000 ) ) ;
#4376 = CARTESIAN_POINT ( 'NONE',  ( -731.8165205886451800, 51.43860034523068200, 120.2917345085317200 ) ) ;
#4377 = CARTESIAN_POINT ( 'NONE',  ( -5.573319583618285800E-011, 119.9869196084536500, 119.5411502224856300 ) ) ;
#4378 = CARTESIAN_POINT ( 'NONE',  ( -484.8036694764880400, 50.37456319402759400, 103.4138523966468500 ) ) ;
#4379 = ORIENTED_EDGE ( 'NONE', *, *, #6198, .T. ) ;
#4380 = CARTESIAN_POINT ( 'NONE',  ( -5.573319583618285800E-011, 143.7633205608470600, -144.6856185281509700 ) ) ;
#4381 = CARTESIAN_POINT ( 'NONE',  ( -731.8165205886455200, 51.46764385215513500, -120.2917345085309900 ) ) ;
#4382 = EDGE_CURVE ( 'NONE', #2613, #415, #4946, .T. ) ;
#4383 = CARTESIAN_POINT ( 'NONE',  ( -617.2240088808479200, 12.83734477182185800, -451.2146373188919600 ) ) ;
#4384 = ORIENTED_EDGE ( 'NONE', *, *, #4748, .T. ) ;
#4385 = CARTESIAN_POINT ( 'NONE',  ( -543.5932448325251000, -257.5821968354168200, 755.0000000000000000 ) ) ;
#4386 = CARTESIAN_POINT ( 'NONE',  ( -587.0247678124950400, -19.08031501468063200, 269.6510752201530700 ) ) ;
#4387 = ADVANCED_FACE ( 'NONE', ( #2762 ), #3297, .T. ) ;
#4388 = CARTESIAN_POINT ( 'NONE',  ( -1009.325440621710100, 0.7376511482293538500, -36.58452871476419000 ) ) ;
#4389 = CARTESIAN_POINT ( 'NONE',  ( -345.2162486971482700, 117.3747192612435400, -650.0000000000000000 ) ) ;
#4390 = CARTESIAN_POINT ( 'NONE',  ( -16.08211210456042300, 300.8800064591694600, 144.1495481246670600 ) ) ;
#4391 = DIRECTION ( 'NONE',  ( -0.0000000000000000000, -0.0000000000000000000, 1.000000000000000000 ) ) ;
#4392 = CARTESIAN_POINT ( 'NONE',  ( -391.3049057735432800, 169.5979891758821300, -700.8094458343727000 ) ) ;
#4393 = CARTESIAN_POINT ( 'NONE',  ( -138.9969933611534400, 322.2979681307343200, 239.9999999999999700 ) ) ;
#4394 = AXIS2_PLACEMENT_3D ( 'NONE', #2999, #379, #1926 ) ;
#4395 = CARTESIAN_POINT ( 'NONE',  ( -160.8696293741179800, 282.4184853916976300, 239.9999999999999700 ) ) ;
#4396 = B_SPLINE_CURVE_WITH_KNOTS ( 'NONE', 3,
 ( #4995, #4952, #249, #5953, #2841, #3321, #3948, #1221, #3392, #767, #4448, #3364, #2277, #2821, #1273, #2346, #4903, #205, #185, #4974, #1788, #5438, #788, #2768, #713, #5481, #1761, #3897, #6050, #2325, #225, #3918, #5975, #1295, #1816, #5508, #6570, #4474, #164, #3339, #1316, #1838, #5538, #3847, #695, #6501, #3871, #4397, #1249, #5627, #5574, #6595, #2394, #2941, #2894, #362, #5068, #860, #1957, #6116, #4063, #5555, #6643, #6093, #6136, #5091, #6151, #3441, #1885, #3495, #271, #6691 ),
 .UNSPECIFIED., .F., .F.,
 ( 4, 2, 2, 2, 2, 2, 2, 2, 2, 2, 2, 2, 2, 2, 2, 2, 2, 2, 2, 2, 2, 2, 2, 2, 2, 2, 2, 2, 2, 2, 2, 2, 2, 2, 2, 4 ),
 ( 5.551115123125782700E-017, 0.002836524529059500200, 0.004254786793589231600, 0.005673049058118963100, 0.008509573587178609000, 0.009927835851708454900, 0.01134609811623830300, 0.01418262264529799600, 0.01701914717435769000, 0.02269219623247706000, 0.02552872076153671000, 0.02836524529059635300, 0.03403829434871565700, 0.03971134340683495800, 0.04538439246495426500, 0.04822091699401387400, 0.05105744152307347500, 0.05673049058119260200, 0.06240353963931174300, 0.06807658869743087000, 0.09076878492990732300, 0.1134609811623837800, 0.1361531773948602700, 0.1474992755110984800, 0.1588453736273366900, 0.1645184226854558300, 0.1701914717435749600, 0.1730279962726345200, 0.1758645208016941000, 0.1772827830662238900, 0.1787010453307536800, 0.1801193075952834400, 0.1808284387275482800, 0.1811830042936807300, 0.1813602870767469200, 0.1815375698598131500 ),
 .UNSPECIFIED. ) ;
#4397 = CARTESIAN_POINT ( 'NONE',  ( -43.81882287036725600, 289.8306502482418500, -143.2249910991403100 ) ) ;
#4398 = ORIENTED_EDGE ( 'NONE', *, *, #4553, .T. ) ;
#4399 = CARTESIAN_POINT ( 'NONE',  ( -739.4465614466836300, 139.4831827924559500, -98.55513196169515300 ) ) ;
#4400 = AXIS2_PLACEMENT_3D ( 'NONE', #3797, #3865, #3842 ) ;
#4401 = EDGE_CURVE ( 'NONE', #3708, #2354, #2601, .T. ) ;
#4402 = CARTESIAN_POINT ( 'NONE',  ( -5.573319583618287100E-011, 125.2865895861860000, -134.8895438548556200 ) ) ;
#4403 = CARTESIAN_POINT ( 'NONE',  ( -500.6785800302290000, 221.9345372130657900, 655.0000000000000000 ) ) ;
#4404 = DIRECTION ( 'NONE',  ( 1.000000000000000000, 0.0000000000000000000, 0.0000000000000000000 ) ) ;
#4405 = CARTESIAN_POINT ( 'NONE',  ( -982.2282641612763400, 22.70718134907223300, 86.07764387390508900 ) ) ;
#4406 = CARTESIAN_POINT ( 'NONE',  ( -1016.772403802560900, 0.3191270558847212900, 8.548716304690717700 ) ) ;
#4407 = DIRECTION ( 'NONE',  ( 0.3420201433256636600, 0.9396926207859102000, -0.0000000000000000000 ) ) ;
#4408 = COLOUR_RGB ( '',0.7960784313725489700, 0.8235294117647058400, 0.9372549019607843100 ) ;
#4409 = CARTESIAN_POINT ( 'NONE',  ( -395.1366864534508600, 150.2988450810441100, 755.0000000000000000 ) ) ;
#4410 = DIRECTION ( 'NONE',  ( -0.9995115994824671500, 0.0000000000000000000, 0.03125000000000006900 ) ) ;
#4411 = CARTESIAN_POINT ( 'NONE',  ( -14.81864419211605900, 302.3744361083466300, 144.1916637217486800 ) ) ;
#4412 = CARTESIAN_POINT ( 'NONE',  ( -250.6785800302290900, 221.9345372130658200, 655.0000000000000000 ) ) ;
#4413 = CIRCLE ( 'NONE', #1205, 200.0000000000001700 ) ;
#4414 = CARTESIAN_POINT ( 'NONE',  ( -738.3330176091544700, -29.44950962140120900, 0.0000000000000000000 ) ) ;
#4415 = VERTEX_POINT ( 'NONE', #5344 ) ;
#4416 = CARTESIAN_POINT ( 'NONE',  ( -173.7114178834584900, 316.9612985977604500, 240.0000000000000300 ) ) ;
#4417 = CARTESIAN_POINT ( 'NONE',  ( -932.9729684322287500, -44.47907115522036000, -50.07677714280460200 ) ) ;
#4418 = CARTESIAN_POINT ( 'NONE',  ( -138.2695380888132500, 281.7928818547993000, 240.0000000000000600 ) ) ;
#4419 = DIRECTION ( 'NONE',  ( 0.3144576537258894600, 0.8639653029865750300, -0.3932942146135946500 ) ) ;
#4420 = CARTESIAN_POINT ( 'NONE',  ( -766.6240614248512200, -49.25060836388760100, 63.24732940658812900 ) ) ;
#4421 = CARTESIAN_POINT ( 'NONE',  ( -860.9502343962361700, 96.92203220215202500, 90.02740130938558100 ) ) ;
#4422 = LINE ( 'NONE', #2623, #4252 ) ;
#4423 = ORIENTED_EDGE ( 'NONE', *, *, #4518, .T. ) ;
#4424 = CARTESIAN_POINT ( 'NONE',  ( -241.9326085814430800, 81.60189885207184100, 111.4931104115493700 ) ) ;
#4425 = EDGE_CURVE ( 'NONE', #4960, #3636, #1217, .T. ) ;
#4426 = ADVANCED_FACE ( 'NONE', ( #4026 ), #2285, .T. ) ;
#4427 = CARTESIAN_POINT ( 'NONE',  ( -967.1846563239910200, 3.216419273528655400, 71.91265335819224400 ) ) ;
#4428 = DIRECTION ( 'NONE',  ( -2.220446049250313600E-016, 1.000000000000000000, -0.0000000000000000000 ) ) ;
#4429 = CARTESIAN_POINT ( 'NONE',  ( -730.1904039243146400, 36.28892051103204600, -115.1587480669609200 ) ) ;
#4430 = ORIENTED_EDGE ( 'NONE', *, *, #1241, .F. ) ;
#4431 = DIRECTION ( 'NONE',  ( -1.000000000000000000, 0.0000000000000000000, 0.0000000000000000000 ) ) ;
#4432 = CARTESIAN_POINT ( 'NONE',  ( -729.7186922751338900, -45.97881655748224700, 312.7526747221214100 ) ) ;
#4433 = DIRECTION ( 'NONE',  ( -0.0000000000000000000, -0.0000000000000000000, 1.000000000000000000 ) ) ;
#4434 = B_SPLINE_CURVE_WITH_KNOTS ( 'NONE', 3,
 ( #4104, #5208, #2005, #4670, #1473, #2564, #5717, #2543, #2517, #1984, #417, #1961, #4584, #1514, #5670, #4084, #3012, #6240, #5648, #941, #6219, #959, #1495, #6267, #6717, #3100, #3058, #6798, #3606, #3033, #3651, #3588, #4132, #4650, #5182, #480, #3079, #1431, #3626, #5950, #3669, #5229, #1187, #6818, #2090, #1077, #1027, #6474, #2108, #2763, #4851, #3317, #508, #158, #4734, #3287, #1692, #5782, #2227, #1715, #5407, #3152, #551, #1576, #4191, #1053, #2632, #669, #3129, #5271, #5245, #131 ),
 .UNSPECIFIED., .F., .F.,
 ( 4, 2, 2, 2, 2, 2, 2, 2, 2, 2, 2, 2, 2, 2, 2, 2, 2, 2, 2, 2, 2, 2, 2, 2, 2, 2, 2, 2, 2, 2, 2, 2, 2, 2, 2, 4 ),
 ( 5.618469141565345700E-017, 0.0001796533707316779400, 0.0003593067414632996600, 0.0007186134829264163000, 0.001437226965852647900, 0.002874453931705187300, 0.004311680897557726100, 0.005748907863410266200, 0.008623361795115353300, 0.01149781572682044200, 0.01724672359023064800, 0.02299563145364085000, 0.03449344718046126100, 0.04599126290728167800, 0.06898689436092252100, 0.09198252581456337100, 0.1149781572682042100, 0.1207270651316144500, 0.1264759729950246900, 0.1322248808584349200, 0.1379737887218451800, 0.1437226965852554400, 0.1494716044486656700, 0.1523460583803707400, 0.1552205123120758400, 0.1609694201754860200, 0.1638438741071911200, 0.1667183280388962200, 0.1695927819706013200, 0.1724672359023064500, 0.1753416898340115500, 0.1767789167998640400, 0.1782161437657165100, 0.1810905976974213900, 0.1825278246632739100, 0.1839650516291264400 ),
 .UNSPECIFIED. ) ;
#4435 = CARTESIAN_POINT ( 'NONE',  ( -898.4612927688346000, -77.57635044464564100, -312.7515720249604100 ) ) ;
#4436 = CARTESIAN_POINT ( 'NONE',  ( -411.9588027525488800, 171.3279616055839100, 755.0000000000000000 ) ) ;
#4437 = DIRECTION ( 'NONE',  ( -0.0000000000000000000, -0.0000000000000000000, 1.000000000000000000 ) ) ;
#4438 = LINE ( 'NONE', #2803, #2684 ) ;
#4439 = CARTESIAN_POINT ( 'NONE',  ( -184.6267484020527300, 302.0000000000000600, 138.5313935814176000 ) ) ;
#4440 = VERTEX_POINT ( 'NONE', #1127 ) ;
#4441 = CARTESIAN_POINT ( 'NONE',  ( -970.4037882827206000, 2.925072896146106300, -68.60026894045648800 ) ) ;
#4442 = CARTESIAN_POINT ( 'NONE',  ( -173.7661566324800300, 316.9316097790670600, 240.0000000000000000 ) ) ;
#4443 = CARTESIAN_POINT ( 'NONE',  ( -940.1826256141716800, -44.47907115522036000, -57.73122555070944600 ) ) ;
#4444 = CARTESIAN_POINT ( 'NONE',  ( -141.3523767948110200, 281.4275086923011000, 239.9999999999999100 ) ) ;
#4445 = ORIENTED_EDGE ( 'NONE', *, *, #46, .F. ) ;
#4446 = FACE_OUTER_BOUND ( 'NONE', #4558, .T. ) ;
#4447 = B_SPLINE_CURVE_WITH_KNOTS ( 'NONE', 3,
 ( #3190, #3749, #1115, #4797 ),
 .UNSPECIFIED., .F., .F.,
 ( 4, 4 ),
 ( 0.0000000000000000000, 2.894110820860560900E-005 ),
 .UNSPECIFIED. ) ;
#4448 = CARTESIAN_POINT ( 'NONE',  ( -181.4706009092691700, 288.0746443078497800, -138.6365984978436100 ) ) ;
#4449 = CARTESIAN_POINT ( 'NONE',  ( -367.9313192756203000, 108.1367673492333400, -593.0918799415274000 ) ) ;
#4450 = ORIENTED_EDGE ( 'NONE', *, *, #5137, .F. ) ;
#4451 = CARTESIAN_POINT ( 'NONE',  ( -1025.528095748797800, 24.49074053889314900, 49.74942052518749600 ) ) ;
#4452 = CARTESIAN_POINT ( 'NONE',  ( -963.7012750840330000, 3.557553467416193300, 74.22205593461551100 ) ) ;
#4453 = CARTESIAN_POINT ( 'NONE',  ( -5.573319583618285200E-011, 128.6706859541442300, -138.5152403254951100 ) ) ;
#4454 =( BOUNDED_CURVE ( )  B_SPLINE_CURVE ( 3, ( #6262, #3647, #2196, #3709 ),
 .UNSPECIFIED., .F., .F. ) 
 B_SPLINE_CURVE_WITH_KNOTS ( ( 4, 4 ),
 ( 1.469112146586250200, 1.549262254961220500 ),
 .UNSPECIFIED. ) 
 CURVE ( )  GEOMETRIC_REPRESENTATION_ITEM ( )  RATIONAL_B_SPLINE_CURVE ( ( 1.000000000000000000, 0.9994647349864550500, 0.9994647349864550500, 1.000000000000000000 ) ) 
 REPRESENTATION_ITEM ( '' )  );
#4455 = VECTOR ( 'NONE', #615, 1000.000000000000200 ) ;
#4456 = ORIENTED_EDGE ( 'NONE', *, *, #5923, .F. ) ;
#4457 = CARTESIAN_POINT ( 'NONE',  ( -524.0839179233563500, 24.10135128894039600, 479.8898481359895500 ) ) ;
#4458 = CARTESIAN_POINT ( 'NONE',  ( -345.2162486971475300, 117.3747192612501500, 650.0000000000000000 ) ) ;
#4459 = CARTESIAN_POINT ( 'NONE',  ( -765.8762357284733800, -48.44992673797842300, -57.27173513325823300 ) ) ;
#4460 = CARTESIAN_POINT ( 'NONE',  ( -1013.420966418355300, 0.5074799797827813700, 27.13097055452727300 ) ) ;
#4461 = EDGE_CURVE ( 'NONE', #6414, #1551, #6812, .T. ) ;
#4462 = CARTESIAN_POINT ( 'NONE',  ( -731.8328558798130000, 116.1642536705852400, 120.2911899988262000 ) ) ;
#4463 = ADVANCED_FACE ( 'NONE', ( #220 ), #2825, .F. ) ;
#4464 = CARTESIAN_POINT ( 'NONE',  ( -1056.295508601152100, -1.902096704817851400, -35.09751343705252700 ) ) ;
#4465 = CARTESIAN_POINT ( 'NONE',  ( -860.2549962005715500, 88.48472478379025600, -108.4305173114446600 ) ) ;
#4466 = VERTEX_POINT ( 'NONE', #138 ) ;
#4467 = CARTESIAN_POINT ( 'NONE',  ( -96.17735229394982400, 287.3070582754243700, 141.4797067850209400 ) ) ;
#4468 = DIRECTION ( 'NONE',  ( 0.9427946626885519400, 0.3318894391366362100, -0.03142648875628504400 ) ) ;
#4469 = CARTESIAN_POINT ( 'NONE',  ( -161.8737771863409600, 321.3448151126177100, 239.9999999999999400 ) ) ;
#4470 = CARTESIAN_POINT ( 'NONE',  ( -939.5938345870454200, -44.47907115522036000, -63.64887813516351400 ) ) ;
#4471 = EDGE_CURVE ( 'NONE', #2125, #419, #3645, .T. ) ;
#4472 = CARTESIAN_POINT ( 'NONE',  ( -153.3135637396650000, 281.2252122627227800, 239.9999999999999700 ) ) ;
#4473 = VERTEX_POINT ( 'NONE', #1763 ) ;
#4474 = CARTESIAN_POINT ( 'NONE',  ( -130.0446369324530700, 277.7024252530008500, -140.3507972970707600 ) ) ;
#4475 = DIRECTION ( 'NONE',  ( 0.9947574284195235300, 0.09741849946394735800, -0.03110135955821433800 ) ) ;
#4476 = EDGE_LOOP ( 'NONE', ( #77, #3109, #6615 ) ) ;
#4477 = CARTESIAN_POINT ( 'NONE',  ( -184.6267484020527000, 296.8509855691290200, 124.8134416622477800 ) ) ;
#4478 = CARTESIAN_POINT ( 'NONE',  ( -5.573319583618285200E-011, 135.7122100451658500, -142.8147625230626800 ) ) ;
#4479 = CARTESIAN_POINT ( 'NONE',  ( -731.8328558798079900, 116.1642536705869700, -120.2911899988255700 ) ) ;
#4480 = CARTESIAN_POINT ( 'NONE',  ( -728.9550057227987700, 27.40974172260040100, -101.8082072237962400 ) ) ;
#4481 = CARTESIAN_POINT ( 'NONE',  ( -932.3104210175794200, -43.83910731915755600, -69.54667224768952800 ) ) ;
#4482 = CARTESIAN_POINT ( 'NONE',  ( -767.6448132372386200, 22.75773813321041300, 55.44955150076225400 ) ) ;
#4483 = CARTESIAN_POINT ( 'NONE',  ( -735.4148864932462900, 126.5432280666482800, 117.6754075845906000 ) ) ;
#4484 = CARTESIAN_POINT ( 'NONE',  ( -861.6893562705722600, 96.65153101495620500, -90.76437830641738500 ) ) ;
#4485 = CARTESIAN_POINT ( 'NONE',  ( -144.9215987749244900, 281.0925542301399100, 139.8548985689885500 ) ) ;
#4486 = CARTESIAN_POINT ( 'NONE',  ( -731.4912747662963300, 48.17643063657681800, 120.1363808165648100 ) ) ;
#4487 = CARTESIAN_POINT ( 'NONE',  ( -738.2193787120287400, -32.61617628806786900, 0.0000000000000000000 ) ) ;
#4488 = CARTESIAN_POINT ( 'NONE',  ( -173.4363512790412500, 317.1090687183049700, 239.9999999999999100 ) ) ;
#4489 = AXIS2_PLACEMENT_3D ( 'NONE', #5945, #6471, #1754 ) ;
#4490 = CARTESIAN_POINT ( 'NONE',  ( -398.9254421041000600, 139.8893244830534000, 655.0000000000000000 ) ) ;
#4491 = B_SPLINE_CURVE_WITH_KNOTS ( 'NONE', 3,
 ( #1914, #6713, #2985, #2965, #2472, #6663, #1929 ),
 .UNSPECIFIED., .F., .F.,
 ( 4, 3, 4 ),
 ( -1.415265813151071900E-006, 0.0000000000000000000, 0.0002137561740321105000 ),
 .UNSPECIFIED. ) ;
#4492 = DIRECTION ( 'NONE',  ( -0.0000000000000000000, -1.000000000000000000, -0.0000000000000000000 ) ) ;
#4493 = DIRECTION ( 'NONE',  ( -0.0000000000000000000, 1.000000000000000000, -0.0000000000000000000 ) ) ;
#4494 = DIRECTION ( 'NONE',  ( 0.0000000000000000000, 0.0000000000000000000, 1.000000000000000000 ) ) ;
#4495 = ADVANCED_FACE ( 'NONE', ( #890 ), #2348, .F. ) ;
#4496 = CARTESIAN_POINT ( 'NONE',  ( -977.9970575583958000, 22.89356240254231200, -87.52448106196112600 ) ) ;
#4497 =( NAMED_UNIT ( * ) PLANE_ANGLE_UNIT ( ) SI_UNIT ( $, .RADIAN. ) );
#4498 = ORIENTED_EDGE ( 'NONE', *, *, #4730, .T. ) ;
#4499 = CARTESIAN_POINT ( 'NONE',  ( -750.6785800302290000, -28.06546278693414100, 650.0000000000000000 ) ) ;
#4500 = CARTESIAN_POINT ( 'NONE',  ( -939.7859510990701900, -42.64061393188788400, -56.45036894870885600 ) ) ;
#4501 = CARTESIAN_POINT ( 'NONE',  ( -174.0990271970806300, 338.7123932947607200, 114.5752099063322500 ) ) ;
#4502 = LINE ( 'NONE', #2039, #43 ) ;
#4503 = CARTESIAN_POINT ( 'NONE',  ( -5.573319583618285800E-011, 145.4327230323249600, 144.6856185281506300 ) ) ;
#4504 = ORIENTED_EDGE ( 'NONE', *, *, #2082, .T. ) ;
#4505 = CARTESIAN_POINT ( 'NONE',  ( -1029.832351556894800, 36.04054049824950600, -13.65616413825281600 ) ) ;
#4506 = CARTESIAN_POINT ( 'NONE',  ( -804.1801981881689000, 19.17975793601357600, 118.7989307816794300 ) ) ;
#4507 = EDGE_CURVE ( 'NONE', #6347, #733, #783, .T. ) ;
#4508 = DIRECTION ( 'NONE',  ( -0.5223487729064098000, -0.02935633502662118200, 0.8522264752030254100 ) ) ;
#4509 = CARTESIAN_POINT ( 'NONE',  ( -721.1638438405121900, -28.50215867585657400, -123.2493405169230300 ) ) ;
#4510 = CARTESIAN_POINT ( 'NONE',  ( -165.1014110735630700, 320.4710958597953500, 239.9999999999998900 ) ) ;
#4511 = AXIS2_PLACEMENT_3D ( 'NONE', #1949, #2748, #5335 ) ;
#4512 = LINE ( 'NONE', #4477, #4339 ) ;
#4513 = ORIENTED_EDGE ( 'NONE', *, *, #5709, .F. ) ;
#4514 = CARTESIAN_POINT ( 'NONE',  ( -530.2020976964985300, 0.2943142993471342700, 0.0000000000000000000 ) ) ;
#4515 = DIRECTION ( 'NONE',  ( 1.147673028526809800E-015, -1.000000000000000000, 0.0000000000000000000 ) ) ;
#4516 = DIRECTION ( 'NONE',  ( -0.9238795325112871800, -0.3826834323650889500, 0.0000000000000000000 ) ) ;
#4517 = DIRECTION ( 'NONE',  ( -0.0000000000000000000, -0.0000000000000000000, -1.000000000000000000 ) ) ;
#4518 = EDGE_CURVE ( 'NONE', #5279, #5490, #1463, .T. ) ;
#4519 = DIRECTION ( 'NONE',  ( 1.000000000000000000, 1.009594287533120200E-015, 1.972152263052529500E-031 ) ) ;
#4520 = VECTOR ( 'NONE', #605, 1000.000000000000000 ) ;
#4521 = VERTEX_POINT ( 'NONE', #3900 ) ;
#4522 = CARTESIAN_POINT ( 'NONE',  ( -933.9236489272241200, -44.47907115696418900, 50.39001465470448700 ) ) ;
#4523 = AXIS2_PLACEMENT_3D ( 'NONE', #557, #2612, #4199 ) ;
#4524 = CARTESIAN_POINT ( 'NONE',  ( -971.0375125829706300, -46.70541187800886000, 0.0000000000000000000 ) ) ;
#4525 = CARTESIAN_POINT ( 'NONE',  ( -977.9970575583958000, 400.0000000000000000, 87.52448106196229100 ) ) ;
#4526 = CARTESIAN_POINT ( 'NONE',  ( -1020.631920869481100, 0.1022197289524580200, 57.37009663405524400 ) ) ;
#4527 = FACE_OUTER_BOUND ( 'NONE', #2134, .T. ) ;
#4528 = ORIENTED_EDGE ( 'NONE', *, *, #5832, .F. ) ;
#4529 = VERTEX_POINT ( 'NONE', #3367 ) ;
#4530 = CARTESIAN_POINT ( 'NONE',  ( -889.2906922462863100, -74.34080195217821100, -62.35018648539097800 ) ) ;
#4531 = ADVANCED_FACE ( 'NONE', ( #2367 ), #2296, .T. ) ;
#4532 = DIRECTION ( 'NONE',  ( 0.0000000000000000000, -0.0000000000000000000, -1.000000000000000000 ) ) ;
#4533 = LINE ( 'NONE', #107, #1148 ) ;
#4534 = ORIENTED_EDGE ( 'NONE', *, *, #2344, .T. ) ;
#4535 = VECTOR ( 'NONE', #4256, 1000.000000000000000 ) ;
#4536 = ORIENTED_EDGE ( 'NONE', *, *, #5979, .F. ) ;
#4537 = CARTESIAN_POINT ( 'NONE',  ( -916.7563044718366400, -46.05348822740580800, 69.32437337286214100 ) ) ;
#4538 = CARTESIAN_POINT ( 'NONE',  ( -769.8868964756188700, -49.25060836388760100, 64.73030993236832800 ) ) ;
#4539 = CARTESIAN_POINT ( 'NONE',  ( -971.0375125829706300, -46.70541187800886000, 20.83333333333332900 ) ) ;
#4540 = CARTESIAN_POINT ( 'NONE',  ( -728.9344611485063300, 26.54871702396471600, 95.29553301665598000 ) ) ;
#4541 = EDGE_CURVE ( 'NONE', #2298, #4145, #5884, .T. ) ;
#4542 = CARTESIAN_POINT ( 'NONE',  ( -470.6543513917222900, 324.7166534563784800, 755.0000000000000000 ) ) ;
#4543 = LINE ( 'NONE', #418, #242 ) ;
#4544 = DIRECTION ( 'NONE',  ( -1.000000000000000000, -1.009594287533120200E-015, 1.972152263052529500E-031 ) ) ;
#4545 = CARTESIAN_POINT ( 'NONE',  ( -993.4463189658876000, 1.630067938184717000, -80.73639523508855100 ) ) ;
#4546 = CARTESIAN_POINT ( 'NONE',  ( -532.1764711619969100, 0.3009072780147670800, -69.90283081991590600 ) ) ;
#4547 = ORIENTED_EDGE ( 'NONE', *, *, #3358, .T. ) ;
#4548 = B_SPLINE_CURVE_WITH_KNOTS ( 'NONE', 3,
 ( #211, #5983, #6555, #1259 ),
 .UNSPECIFIED., .F., .F.,
 ( 4, 4 ),
 ( 4.654751537338637100E-017, 0.009042700231863485700 ),
 .UNSPECIFIED. ) ;
#4549 = CARTESIAN_POINT ( 'NONE',  ( -970.4037882827204800, 2.925072896146058400, 68.60026894045719800 ) ) ;
#4550 = CARTESIAN_POINT ( 'NONE',  ( -1005.420166944061000, 21.68559774924480300, 72.71202799509825400 ) ) ;
#4551 = ORIENTED_EDGE ( 'NONE', *, *, #2758, .T. ) ;
#4552 = DIRECTION ( 'NONE',  ( -0.0000000000000000000, -0.0000000000000000000, 1.000000000000000000 ) ) ;
#4553 = EDGE_CURVE ( 'NONE', #4228, #3637, #2109, .T. ) ;
#4554 = CARTESIAN_POINT ( 'NONE',  ( -739.4500735300481400, 139.6828574510961700, 96.11536934167207800 ) ) ;
#4555 = CARTESIAN_POINT ( 'NONE',  ( -1015.482021776693200, 0.3916473508074712100, -18.78662197519830800 ) ) ;
#4556 = CARTESIAN_POINT ( 'NONE',  ( -530.2020976964985300, 0.2943142993471481500, 0.0000000000000000000 ) ) ;
#4557 = CARTESIAN_POINT ( 'NONE',  ( -970.4037882827204800, 2.925072896146058400, 68.60026894045719800 ) ) ;
#4558 = EDGE_LOOP ( 'NONE', ( #4204, #4843, #5042, #2243 ) ) ;
#4559 = CARTESIAN_POINT ( 'NONE',  ( -181.9412905997259900, 310.1649977691967600, 138.6209088414950900 ) ) ;
#4560 = CARTESIAN_POINT ( 'NONE',  ( -769.5060197261552700, -49.25060836388760100, 64.68821729051977300 ) ) ;
#4561 = CARTESIAN_POINT ( 'NONE',  ( -184.6267484020527300, 302.0000000000000600, 239.9999999999999100 ) ) ;
#4562 = EDGE_CURVE ( 'NONE', #6016, #1803, #716, .T. ) ;
#4563 = CARTESIAN_POINT ( 'NONE',  ( -352.4986460716720600, 115.4119519339909600, 650.0000000000000000 ) ) ;
#4564 = DIRECTION ( 'NONE',  ( 0.0000000000000000000, 0.0000000000000000000, -1.000000000000000000 ) ) ;
#4565 = CARTESIAN_POINT ( 'NONE',  ( -982.2282641612464400, 22.70718134904985400, -86.07764387391417000 ) ) ;
#4566 = ADVANCED_FACE ( 'NONE', ( #1953 ), #4019, .F. ) ;
#4567 = CARTESIAN_POINT ( 'NONE',  ( -530.2020976964985300, 0.2943142993471378200, 0.0000000000000000000 ) ) ;
#4568 = CARTESIAN_POINT ( 'NONE',  ( -936.0010970477606000, 7.164169369840226200, 68.01343510453550300 ) ) ;
#4569 = DIRECTION ( 'NONE',  ( 3.265361837132812600E-016, -0.0000000000000000000, 1.000000000000000000 ) ) ;
#4570 = CARTESIAN_POINT ( 'NONE',  ( -938.7345128802503500, -42.84338754478167000, -65.14768980894669400 ) ) ;
#4571 = CARTESIAN_POINT ( 'NONE',  ( -1004.167345983600700, 1.027539364971651300, 44.51969783023805900 ) ) ;
#4572 = CARTESIAN_POINT ( 'NONE',  ( -769.1872778920909500, -49.25061185733253700, -54.84248903169684300 ) ) ;
#4573 = CARTESIAN_POINT ( 'NONE',  ( -1028.579289975751000, 37.31407085798612400, -3.641659309627950100 ) ) ;
#4574 = CARTESIAN_POINT ( 'NONE',  ( -796.7398273853724500, -51.03642563929150800, -53.90485636258882400 ) ) ;
#4575 =( BOUNDED_SURFACE ( )  B_SPLINE_SURFACE ( 3, 2, ( 
 ( #3188, #1134, #4269 ),
 ( #3234, #4246, #3215 ),
 ( #6325, #568, #3705 ),
 ( #6351, #4776, #3250 ),
 ( #544, #4232, #3748 ),
 ( #2126, #2646, #4795 ),
 ( #1613, #5306, #1659 ),
 ( #5836, #1641, #5329 ),
 ( #5358, #78, #3770 ),
 ( #611, #4298, #4817 ) ),
 .UNSPECIFIED., .F., .F., .F. ) 
 B_SPLINE_SURFACE_WITH_KNOTS ( ( 4, 2, 2, 2, 4 ),
 ( 3, 3 ),
 ( 0.5805841559273639000, 0.7457671121700050200, 0.9109500684126461400, 1.076133024655287200, 1.241315980897928400 ),
 ( 0.0000000000000000000, 1.000000000000000000 ),
 .UNSPECIFIED. ) 
 GEOMETRIC_REPRESENTATION_ITEM ( )  RATIONAL_B_SPLINE_SURFACE ( (
 ( 1.000000000000000000, 0.7992633989974036200, 1.000000000000000000),
 ( 1.000000000000000000, 0.7961268479166124800, 1.000000000000000000),
 ( 1.000000000000000000, 0.7925756853449084100, 1.000000000000000000),
 ( 1.000000000000000000, 0.7847104072537307600, 1.000000000000000000),
 ( 1.000000000000000000, 0.7803960150855908700, 1.000000000000000000),
 ( 1.000000000000000000, 0.7710853641852650800, 1.000000000000000000),
 ( 1.000000000000000000, 0.7660890897112447900, 1.000000000000000000),
 ( 1.000000000000000000, 0.7555136892848367500, 1.000000000000000000),
 ( 1.000000000000000000, 0.7499348324501558000, 1.000000000000000000),
 ( 1.000000000000000000, 0.7441224190802605600, 1.000000000000000000) ) ) 
 REPRESENTATION_ITEM ( '' )  SURFACE ( )  );
#4576 = SURFACE_STYLE_FILL_AREA ( #3663 ) ;
#4577 = CARTESIAN_POINT ( 'NONE',  ( -883.5013115237624100, -49.26417421267674300, 68.28464704035596400 ) ) ;
#4578 = CARTESIAN_POINT ( 'NONE',  ( -184.6267484020527500, 302.9305751101128400, 240.0000000000000000 ) ) ;
#4579 = DIRECTION ( 'NONE',  ( 0.9994449069791543300, 0.0000000000000000000, -0.03331483023263846100 ) ) ;
#4580 = CARTESIAN_POINT ( 'NONE',  ( -138.0798126977503800, 281.8168685618138600, 239.9999999999998900 ) ) ;
#4581 = CARTESIAN_POINT ( 'NONE',  ( -598.0982651880275400, -23.16055610677338100, 36.89919930641298200 ) ) ;
#4582 = FACE_OUTER_BOUND ( 'NONE', #1200, .T. ) ;
#4583 = ORIENTED_EDGE ( 'NONE', *, *, #93, .F. ) ;
#4584 = CARTESIAN_POINT ( 'NONE',  ( -17.86936407559922200, 298.6017017266635800, -144.0899730589659100 ) ) ;
#4585 = CARTESIAN_POINT ( 'NONE',  ( -983.8586140089355500, 2.168903087330670500, -63.99946731420966000 ) ) ;
#4586 = CARTESIAN_POINT ( 'NONE',  ( -403.3349438461406700, 153.2827667448359800, -655.0000000000000000 ) ) ;
#4587 = EDGE_CURVE ( 'NONE', #2774, #2901, #6088, .T. ) ;
#4588 = CARTESIAN_POINT ( 'NONE',  ( -1009.934110109097100, 23.85787678726072500, -71.11996021954529100 ) ) ;
#4589 = CARTESIAN_POINT ( 'NONE',  ( -1006.542056180415400, 0.8940791335233313500, -41.27916026001011600 ) ) ;
#4590 = FACE_OUTER_BOUND ( 'NONE', #6837, .T. ) ;
#4591 = ORIENTED_EDGE ( 'NONE', *, *, #5238, .F. ) ;
#4592 = CARTESIAN_POINT ( 'NONE',  ( -876.6818694002371300, 30.41387185905727400, -112.4122685841372800 ) ) ;
#4593 = CARTESIAN_POINT ( 'NONE',  ( -916.1761530242706600, 52.87348742163909100, -105.6062142766431000 ) ) ;
#4594 = AXIS2_PLACEMENT_3D ( 'NONE', #2947, #6628, #5100 ) ;
#4595 = CARTESIAN_POINT ( 'NONE',  ( -769.4025474927482300, -49.25061185733253700, -64.67269670123501200 ) ) ;
#4596 = CARTESIAN_POINT ( 'NONE',  ( -1028.456510750863600, 37.40925694940116100, 0.9140768731604510500 ) ) ;
#4597 = CARTESIAN_POINT ( 'NONE',  ( -491.9358619908306900, 10.55433085830978400, 0.0000000000000000000 ) ) ;
#4598 = CARTESIAN_POINT ( 'NONE',  ( -916.1761530242782800, 26.27102378859763500, -105.6062142766411800 ) ) ;
#4599 = FACE_OUTER_BOUND ( 'NONE', #3946, .T. ) ;
#4600 = EDGE_CURVE ( 'NONE', #2782, #6347, #3354, .T. ) ;
#4601 = CARTESIAN_POINT ( 'NONE',  ( -5.573406319792084700E-011, 373.7893821233246900, -144.6856185281506600 ) ) ;
#4602 = CARTESIAN_POINT ( 'NONE',  ( -770.0781411151467600, -49.25060836388760100, 54.73844108899106000 ) ) ;
#4603 = CYLINDRICAL_SURFACE ( 'NONE', #4993, 558.8597215707702600 ) ;
#4604 = CARTESIAN_POINT ( 'NONE',  ( -971.5260301608121800, 22.89356240254236500, 68.60026894045742600 ) ) ;
#4605 = ORIENTED_EDGE ( 'NONE', *, *, #6764, .F. ) ;
#4606 = DIRECTION ( 'NONE',  ( -0.0000000000000000000, 1.000000000000000000, -0.0000000000000000000 ) ) ;
#4607 = CARTESIAN_POINT ( 'NONE',  ( -142.6745914397788500, 281.2933689336048200, 240.0000000000000000 ) ) ;
#4608 = DIRECTION ( 'NONE',  ( 1.000000000000000000, -0.0000000000000000000, -1.110223024625156500E-016 ) ) ;
#4609 = CARTESIAN_POINT ( 'NONE',  ( -721.0375125829706300, -43.02027741034838500, 20.83333333333332900 ) ) ;
#4610 = CARTESIAN_POINT ( 'NONE',  ( -22.20099088441613900, 304.9093428835782900, 239.9999999999999700 ) ) ;
#4611 = ORIENTED_EDGE ( 'NONE', *, *, #6362, .F. ) ;
#4612 = VECTOR ( 'NONE', #4936, 1000.000000000000000 ) ;
#4613 = VERTEX_POINT ( 'NONE', #2396 ) ;
#4614 =( GEOMETRIC_REPRESENTATION_CONTEXT ( 3 ) GLOBAL_UNCERTAINTY_ASSIGNED_CONTEXT ( ( #94 ) ) GLOBAL_UNIT_ASSIGNED_CONTEXT ( ( #2032, #6279, #6807 ) ) REPRESENTATION_CONTEXT ( 'NONE', 'WORKASPACE' ) );
#4615 = CARTESIAN_POINT ( 'NONE',  ( -658.0707898217586900, 71.86193051735797600, -650.0000000000000000 ) ) ;
#4616 = CARTESIAN_POINT ( 'NONE',  ( -855.4052764537871100, 73.21699231938879400, 114.8776019093388500 ) ) ;
#4617 = CARTESIAN_POINT ( 'NONE',  ( -250.6785800302290900, 221.9345372130658200, -655.0000000000000000 ) ) ;
#4618 = CARTESIAN_POINT ( 'NONE',  ( -913.6484567176597700, 24.53956222038225500, 106.1295107039039200 ) ) ;
#4619 = LINE ( 'NONE', #4924, #1729 ) ;
#4620 = VERTEX_POINT ( 'NONE', #342 ) ;
#4621 = CARTESIAN_POINT ( 'NONE',  ( -929.9999970323415300, -44.10239079642276700, 49.73844108900586700 ) ) ;
#4622 = CARTESIAN_POINT ( 'NONE',  ( -397.0523550645547700, 97.52121751762267400, 374.0963778863184100 ) ) ;
#4623 = CARTESIAN_POINT ( 'NONE',  ( -823.4231128150232700, -51.75478216331270400, -53.07059623983655400 ) ) ;
#4624 = CARTESIAN_POINT ( 'NONE',  ( -183.4865753504812200, 307.4510643914022700, 240.0000000000000000 ) ) ;
#4625 = CARTESIAN_POINT ( 'NONE',  ( -766.9946282617995600, 23.42730997547047500, 55.91729841682914800 ) ) ;
#4626 = ORIENTED_EDGE ( 'NONE', *, *, #1592, .T. ) ;
#4627 = CARTESIAN_POINT ( 'NONE',  ( -876.9167811137726900, -50.20160361102779200, -68.07877991943360000 ) ) ;
#4628 = CARTESIAN_POINT ( 'NONE',  ( -250.6785800302291400, 25.93453721306643400, 877.0070966690597100 ) ) ;
#4629 = CARTESIAN_POINT ( 'NONE',  ( -113.6255683189418400, 284.9887508191621900, 240.0000000000000000 ) ) ;
#4630 = CARTESIAN_POINT ( 'NONE',  ( -984.7083298120195400, 53.35580670079777800, 85.22959943904440600 ) ) ;
#4631 = CARTESIAN_POINT ( 'NONE',  ( -931.4234246686644400, 7.164169369840226200, 49.79444041411186800 ) ) ;
#4632 = VERTEX_POINT ( 'NONE', #272 ) ;
#4633 = ORIENTED_EDGE ( 'NONE', *, *, #5976, .T. ) ;
#4634 = CARTESIAN_POINT ( 'NONE',  ( -934.5292971386973000, -43.43884909891112800, -50.65982694689395100 ) ) ;
#4635 = CARTESIAN_POINT ( 'NONE',  ( -393.8887080982341300, 87.29250983550710400, 509.9464644161665200 ) ) ;
#4636 = EDGE_CURVE ( 'NONE', #4657, #1389, #4512, .T. ) ;
#4637 = CARTESIAN_POINT ( 'NONE',  ( -739.3599121847900100, 139.0494780956560700, 100.9671971955141300 ) ) ;
#4638 = CARTESIAN_POINT ( 'NONE',  ( -1091.001454038734200, -3.852593029381601300, -10.59774453076712500 ) ) ;
#4639 = CARTESIAN_POINT ( 'NONE',  ( -250.6785800302290300, -69.70514929972775100, -842.3164332702092500 ) ) ;
#4640 = EDGE_CURVE ( 'NONE', #6518, #5435, #6243, .T. ) ;
#4641 = CARTESIAN_POINT ( 'NONE',  ( -768.5786514484568700, -49.25060836388760100, 55.01547229766972400 ) ) ;
#4642 = EDGE_CURVE ( 'NONE', #156, #4529, #4182, .T. ) ;
#4643 = ORIENTED_EDGE ( 'NONE', *, *, #967, .F. ) ;
#4644 = CARTESIAN_POINT ( 'NONE',  ( -861.8390839906575100, 95.78556868610391500, 96.33447868711157000 ) ) ;
#4645 = CARTESIAN_POINT ( 'NONE',  ( -979.7195593237235000, -49.80385858583706200, 312.7510206763798200 ) ) ;
#4646 = CARTESIAN_POINT ( 'NONE',  ( -992.5384999558579000, 50.59937321614901900, -58.96953282385597800 ) ) ;
#4647 = CARTESIAN_POINT ( 'NONE',  ( -138.0675042549842700, 281.8184277924197000, 240.0000000000000300 ) ) ;
#4648 = AXIS2_PLACEMENT_3D ( 'NONE', #53, #4365, #660 ) ;
#4649 = ORIENTED_EDGE ( 'NONE', *, *, #1109, .T. ) ;
#4650 = CARTESIAN_POINT ( 'NONE',  ( -128.0449755521229900, 315.7411638384346000, -140.4174526764149700 ) ) ;
#4651 = CARTESIAN_POINT ( 'NONE',  ( -41.76979300892520500, 308.6706069087520100, 239.9999999999999400 ) ) ;
#4652 = CARTESIAN_POINT ( 'NONE',  ( -950.0984878426454500, 4.889700464990029100, -81.60400737620676600 ) ) ;
#4653 = CARTESIAN_POINT ( 'NONE',  ( -1021.074700142277500, 20.99602887136791600, -56.80099378340560900 ) ) ;
#4654 = CARTESIAN_POINT ( 'NONE',  ( -1024.774989108362700, 39.25124967666153700, -45.84671791109644100 ) ) ;
#4655 = DIRECTION ( 'NONE',  ( -0.0000000000000000000, 0.0000000000000000000, 1.000000000000000000 ) ) ;
#4656 =( BOUNDED_CURVE ( )  B_SPLINE_CURVE ( 3, ( #945, #445, #4110, #6184 ),
 .UNSPECIFIED., .F., .T. ) 
 B_SPLINE_CURVE_WITH_KNOTS ( ( 4, 4 ),
 ( 1.504729672242929700, 1.549338995308003900 ),
 .UNSPECIFIED. ) 
 CURVE ( )  GEOMETRIC_REPRESENTATION_ITEM ( )  RATIONAL_B_SPLINE_CURVE ( ( 1.000000000000000000, 0.9998341742329751600, 0.9998341742329751600, 1.000000000000000000 ) ) 
 REPRESENTATION_ITEM ( '' )  );
#4657 = VERTEX_POINT ( 'NONE', #5578 ) ;
#4658 = CARTESIAN_POINT ( 'NONE',  ( -939.6470802218283300, -42.66158911014316900, 56.12177411033351900 ) ) ;
#4659 = ORIENTED_EDGE ( 'NONE', *, *, #5616, .F. ) ;
#4660 = CARTESIAN_POINT ( 'NONE',  ( -1029.209854915585300, 36.75832852658398800, -9.253439043347258400 ) ) ;
#4661 = CARTESIAN_POINT ( 'NONE',  ( -395.1366864534508600, 150.2988450810441100, 685.0000000000000000 ) ) ;
#4662 = DIRECTION ( 'NONE',  ( 1.091269043887816600E-015, -1.000000000000000000, 0.0000000000000000000 ) ) ;
#4663 = CARTESIAN_POINT ( 'NONE',  ( -5.623526610933341000E-011, 143.7629520247317600, 144.6856185281509100 ) ) ;
#4664 = LINE ( 'NONE', #1869, #4175 ) ;
#4665 = ORIENTED_EDGE ( 'NONE', *, *, #2644, .F. ) ;
#4666 = CARTESIAN_POINT ( 'NONE',  ( -861.8216006455528500, 96.28567541412432700, 93.96256307821506900 ) ) ;
#4667 = DIRECTION ( 'NONE',  ( 0.0000000000000000000, 0.0000000000000000000, 1.000000000000000000 ) ) ;
#4668 = DIRECTION ( 'NONE',  ( -1.000000000000000000, 0.0000000000000000000, 0.0000000000000000000 ) ) ;
#4669 = CARTESIAN_POINT ( 'NONE',  ( -99.33836979016517400, 286.8873679279053000, 239.9999999999999700 ) ) ;
#4670 = CARTESIAN_POINT ( 'NONE',  ( -14.69771262424084300, 297.0782910168939000, -144.1956947740112000 ) ) ;
#4671 = PLANE ( 'NONE',  #6369 ) ;
#4672 = FACE_OUTER_BOUND ( 'NONE', #2373, .T. ) ;
#4673 = ORIENTED_EDGE ( 'NONE', *, *, #4373, .T. ) ;
#4674 = CARTESIAN_POINT ( 'NONE',  ( -930.2851161855123800, 7.164169369840226200, 49.73187366759710700 ) ) ;
#4675 = PLANE ( 'NONE',  #2553 ) ;
#4676 = CARTESIAN_POINT ( 'NONE',  ( -930.1675745544859000, -44.07838406046940300, -49.73460320358984200 ) ) ;
#4677 = CIRCLE ( 'NONE', #497, 154.0000000000000300 ) ;
#4678 = ORIENTED_EDGE ( 'NONE', *, *, #1950, .T. ) ;
#4679 = ORIENTED_EDGE ( 'NONE', *, *, #4587, .F. ) ;
#4680 = CARTESIAN_POINT ( 'NONE',  ( -1028.621193278236000, 37.28091074410640700, -4.215892156103568500 ) ) ;
#4681 = DIRECTION ( 'NONE',  ( 7.407993880335560700E-016, -0.7337594885205347400, -0.6794093118335097200 ) ) ;
#4682 = CARTESIAN_POINT ( 'NONE',  ( -935.1358112731621800, -43.41475549787490000, 68.52779630542481500 ) ) ;
#4683 = CARTESIAN_POINT ( 'NONE',  ( -721.1638438405121900, -28.50215867585657400, 123.2493405169230300 ) ) ;
#4684 = EDGE_CURVE ( 'NONE', #5767, #4100, #6489, .T. ) ;
#4685 = LINE ( 'NONE', #1510, #4351 ) ;
#4686 = VERTEX_POINT ( 'NONE', #2413 ) ;
#4687 = CARTESIAN_POINT ( 'NONE',  ( 465.9699137599470200, -201.6600000000000000, -1099.999999628405700 ) ) ;
#4688 = ORIENTED_EDGE ( 'NONE', *, *, #5878, .T. ) ;
#4689 = CARTESIAN_POINT ( 'NONE',  ( -861.3710645701210100, 92.93235035606994600, 102.9125482522686200 ) ) ;
#4690 = CYLINDRICAL_SURFACE ( 'NONE', #5956, 20.00000000000001800 ) ;
#4691 = ORIENTED_EDGE ( 'NONE', *, *, #3178, .F. ) ;
#4692 = DIRECTION ( 'NONE',  ( -0.0000000000000000000, -0.0000000000000000000, 1.000000000000000000 ) ) ;
#4693 = FACE_OUTER_BOUND ( 'NONE', #6457, .T. ) ;
#4694 = CARTESIAN_POINT ( 'NONE',  ( -69.62276244153315500, 291.0231494550250200, 240.0000000000000000 ) ) ;
#4695 = ORIENTED_EDGE ( 'NONE', *, *, #3416, .F. ) ;
#4696 = CARTESIAN_POINT ( 'NONE',  ( -930.0000000000558200, -51.00000000000041200, -69.73844108900408400 ) ) ;
#4697 = ORIENTED_EDGE ( 'NONE', *, *, #5131, .F. ) ;
#4698 = CARTESIAN_POINT ( 'NONE',  ( -930.0950741767320600, 7.164169369840226200, 49.73625108645214300 ) ) ;
#4699 = FACE_OUTER_BOUND ( 'NONE', #1484, .T. ) ;
#4700 = DIRECTION ( 'NONE',  ( -0.0000000000000000000, -0.0000000000000000000, -1.000000000000000000 ) ) ;
#4701 = CARTESIAN_POINT ( 'NONE',  ( -1031.933833216557300, 36.73114126924949100, 31.46605895844739100 ) ) ;
#4702 = ORIENTED_EDGE ( 'NONE', *, *, #2428, .F. ) ;
#4703 = CARTESIAN_POINT ( 'NONE',  ( -814.2250733321146800, 87.31717162511223800, 117.6034664767232300 ) ) ;
#4704 = CARTESIAN_POINT ( 'NONE',  ( -155.2632239092121200, 345.3431098614750600, 114.7991479335314400 ) ) ;
#4705 = CARTESIAN_POINT ( 'NONE',  ( -933.2944202839905800, -43.69365023930364300, 69.31181237157379400 ) ) ;
#4706 = CARTESIAN_POINT ( 'NONE',  ( -1029.758609913575400, 36.14368271947471800, 13.11242733222637600 ) ) ;
#4707 = DIRECTION ( 'NONE',  ( 0.0000000000000000000, 0.0000000000000000000, 1.000000000000000000 ) ) ;
#4708 = CARTESIAN_POINT ( 'NONE',  ( -658.0707898217590400, 71.86193051735823200, -650.0000000000000000 ) ) ;
#4709 = ORIENTED_EDGE ( 'NONE', *, *, #6021, .T. ) ;
#4710 = CARTESIAN_POINT ( 'NONE',  ( -920.0250807485446100, 68.51812795937289000, 98.37084355781202300 ) ) ;
#4711 = CARTESIAN_POINT ( 'NONE',  ( -780.7758396656026900, 125.1456061704051500, -119.1330526026295000 ) ) ;
#4712 = AXIS2_PLACEMENT_3D ( 'NONE', #1918, #6819, #1515 ) ;
#4713 = CARTESIAN_POINT ( 'NONE',  ( -543.5932448325251000, -257.5821968354168200, 655.0000000000000000 ) ) ;
#4714 = PLANE ( 'NONE',  #969 ) ;
#4715 = CARTESIAN_POINT ( 'NONE',  ( -767.1242462688493300, 22.80871825306885700, -55.81835490926712100 ) ) ;
#4716 = CARTESIAN_POINT ( 'NONE',  ( -69.51277192546929500, 291.0391055999701300, 239.9999999999999400 ) ) ;
#4717 = DIRECTION ( 'NONE',  ( 0.0000000000000000000, 0.0000000000000000000, -1.000000000000000000 ) ) ;
#4718 = CARTESIAN_POINT ( 'NONE',  ( -357.9726304450874700, 146.0331211803212500, 374.2254074289194800 ) ) ;
#4719 = CARTESIAN_POINT ( 'NONE',  ( -138.0383660879037100, 322.1778774182143900, 239.9999999999999100 ) ) ;
#4720 = CARTESIAN_POINT ( 'NONE',  ( -180.8376667170870200, 292.4773674689500900, 240.0000000000000600 ) ) ;
#4721 = CARTESIAN_POINT ( 'NONE',  ( -184.6267484020529300, 296.8509855691290200, -239.9999999999997700 ) ) ;
#4722 = CARTESIAN_POINT ( 'NONE',  ( -1023.632468975144300, 39.65344792960333800, -6.531547620731116100 ) ) ;
#4723 = CARTESIAN_POINT ( 'NONE',  ( -184.6267484020523300, 315.4324592823715000, 239.9999999999999100 ) ) ;
#4724 = EDGE_CURVE ( 'NONE', #1655, #2822, #5911, .T. ) ;
#4725 = CARTESIAN_POINT ( 'NONE',  ( -173.2789348817489100, 317.2041550873522100, 138.9096540321461400 ) ) ;
#4726 = CARTESIAN_POINT ( 'NONE',  ( -401.9051758187041500, 136.9041116546382600, -755.0000000000000000 ) ) ;
#4727 = DIRECTION ( 'NONE',  ( 0.0000000000000000000, 0.0000000000000000000, -1.000000000000000000 ) ) ;
#4728 = ADVANCED_FACE ( 'NONE', ( #1206 ), #5982, .T. ) ;
#4729 = CARTESIAN_POINT ( 'NONE',  ( -418.8108414987674500, 78.87170263032058400, -650.0000000000000000 ) ) ;
#4730 = EDGE_CURVE ( 'NONE', #3371, #2009, #6371, .T. ) ;
#4731 = PLANE ( 'NONE',  #986 ) ;
#4732 = CARTESIAN_POINT ( 'NONE',  ( -765.2966510221904200, 22.98769815457095300, -58.93557897508814800 ) ) ;
#4733 = CARTESIAN_POINT ( 'NONE',  ( -23.51446244348252200, 305.2216636787061400, 143.9018031133696800 ) ) ;
#4734 = CARTESIAN_POINT ( 'NONE',  ( -174.9412196443283800, 311.1306990120314700, -138.8542445400082700 ) ) ;
#4735 = CARTESIAN_POINT ( 'NONE',  ( -410.0055209586288900, 68.64394721864033500, -571.5003841979898900 ) ) ;
#4736 = CARTESIAN_POINT ( 'NONE',  ( -364.5664995695701100, 93.88282382976761700, 650.0000000000000000 ) ) ;
#4737 = CARTESIAN_POINT ( 'NONE',  ( -138.0650403425077300, 322.1812600157373400, 240.0000000000000000 ) ) ;
#4738 = CARTESIAN_POINT ( 'NONE',  ( -658.0707898217590400, 71.86193051735823200, 650.0000000000000000 ) ) ;
#4739 =( BOUNDED_SURFACE ( )  B_SPLINE_SURFACE ( 3, 2, ( 
 ( #3402, #6740, #4653 ),
 ( #1499, #395, #2008 ),
 ( #4589, #1478, #4138 ),
 ( #930, #4089, #1989 ) ),
 .UNSPECIFIED., .F., .F., .F. ) 
 B_SPLINE_SURFACE_WITH_KNOTS ( ( 4, 4 ),
 ( 3, 3 ),
 ( 0.1496714422660734800, 0.1557369136053597400 ),
 ( 0.0000000000000000000, 1.000000000000000000 ),
 .UNSPECIFIED. ) 
 GEOMETRIC_REPRESENTATION_ITEM ( )  RATIONAL_B_SPLINE_SURFACE ( (
 ( 1.000000000000000000, 0.6912717319805836700, 1.000000000000000000),
 ( 1.000000000000000000, 0.6675334865213864400, 1.000000000000000000),
 ( 1.000000000000000000, 0.6437955936458776800, 1.000000000000000000),
 ( 1.000000000000000000, 0.6199832514251345500, 1.000000000000000000) ) ) 
 REPRESENTATION_ITEM ( '' )  SURFACE ( )  );
#4740 = LINE ( 'NONE', #2291, #546 ) ;
#4741 = ORIENTED_EDGE ( 'NONE', *, *, #454, .F. ) ;
#4742 = CARTESIAN_POINT ( 'NONE',  ( -1026.864989869386100, 38.51551239745705100, 42.41966465846098800 ) ) ;
#4743 = CARTESIAN_POINT ( 'NONE',  ( -1029.179182604704200, 28.46907670047858800, -40.12399577790269200 ) ) ;
#4744 = CARTESIAN_POINT ( 'NONE',  ( -175.6878784248488900, 315.8203051375761600, 138.8293559140423700 ) ) ;
#4745 = AXIS2_PLACEMENT_3D ( 'NONE', #6018, #2816, #1267 ) ;
#4746 = CARTESIAN_POINT ( 'NONE',  ( -936.2662823389297300, 6.244314832223103000, -51.67193214786411900 ) ) ;
#4747 = ORIENTED_EDGE ( 'NONE', *, *, #2295, .F. ) ;
#4748 = EDGE_CURVE ( 'NONE', #2009, #2588, #1125, .T. ) ;
#4749 = CARTESIAN_POINT ( 'NONE',  ( -5.573319583618285200E-011, 128.7151369489156100, 138.5010596647530300 ) ) ;
#4750 = VECTOR ( 'NONE', #966, 1000.000000000000000 ) ;
#4751 = CARTESIAN_POINT ( 'NONE',  ( -1005.449994279857800, 46.05417501001603900, -72.93797870095347900 ) ) ;
#4752 = CARTESIAN_POINT ( 'NONE',  ( -768.8185040504603200, 22.64279634479827100, -54.93308522881369500 ) ) ;
#4753 = CARTESIAN_POINT ( 'NONE',  ( -141.9055952027727300, 322.6817795629038400, 139.9554320213935600 ) ) ;
#4754 = CARTESIAN_POINT ( 'NONE',  ( -413.4222416891278700, 71.91118529648198900, -453.0067876111058400 ) ) ;
#4755 = CARTESIAN_POINT ( 'NONE',  ( -328.9042016454120000, 142.3159073641449800, 595.8288105596224100 ) ) ;
#4756 = CARTESIAN_POINT ( 'NONE',  ( -94.50360548081531000, 316.4596867371150200, 239.9999999999998600 ) ) ;
#4757 = PRESENTATION_STYLE_ASSIGNMENT (( #4042 ) ) ;
#4758 = ORIENTED_EDGE ( 'NONE', *, *, #5433, .F. ) ;
#4759 = EDGE_CURVE ( 'NONE', #3253, #3873, #2937, .T. ) ;
#4760 = CARTESIAN_POINT ( 'NONE',  ( -180.3832513230062500, 291.9739163471158500, 240.0000000000000600 ) ) ;
#4761 = CARTESIAN_POINT ( 'NONE',  ( -110.4287047268479400, 280.2241392128531700, -239.9999999999999100 ) ) ;
#4762 = EDGE_LOOP ( 'NONE', ( #1126, #6605, #4626, #6337 ) ) ;
#4763 = CARTESIAN_POINT ( 'NONE',  ( -1023.869892135917900, 39.56986850050211800, -3.265785876998510900 ) ) ;
#4764 = CARTESIAN_POINT ( 'NONE',  ( -769.9168439514658100, -48.80627692409212400, 64.73158319074023800 ) ) ;
#4765 = ORIENTED_EDGE ( 'NONE', *, *, #2307, .F. ) ;
#4766 = CARTESIAN_POINT ( 'NONE',  ( -183.3260766218406000, 335.4642201987073800, 135.6105500539698900 ) ) ;
#4767 = EDGE_LOOP ( 'NONE', ( #2764, #4328, #1904, #2051 ) ) ;
#4768 = DIRECTION ( 'NONE',  ( -0.0000000000000000000, -1.000000000000000000, -0.0000000000000000000 ) ) ;
#4769 = CARTESIAN_POINT ( 'NONE',  ( -1030.028195280638100, 35.76522044611980500, 15.10324932106067100 ) ) ;
#4770 = ORIENTED_EDGE ( 'NONE', *, *, #1252, .F. ) ;
#4771 = CARTESIAN_POINT ( 'NONE',  ( -934.2317359232686200, 6.443561857921038100, -50.52715020816467000 ) ) ;
#4772 = EDGE_CURVE ( 'NONE', #212, #4657, #4434, .T. ) ;
#4773 = FACE_OUTER_BOUND ( 'NONE', #2035, .T. ) ;
#4774 = CARTESIAN_POINT ( 'NONE',  ( -769.0642468253605600, 32.25061285086996300, 479.9273741711696200 ) ) ;
#4775 = ORIENTED_EDGE ( 'NONE', *, *, #5979, .T. ) ;
#4776 = CARTESIAN_POINT ( 'NONE',  ( -1016.014367201199700, 42.33522756324261100, 63.13566006688120800 ) ) ;
#4777 = AXIS2_PLACEMENT_3D ( 'NONE', #3265, #110, #3418 ) ;
#4778 = CARTESIAN_POINT ( 'NONE',  ( -989.1354529457656800, 51.79733859340780100, -83.30622482123547500 ) ) ;
#4779 = CARTESIAN_POINT ( 'NONE',  ( -766.4232414764903800, 22.87736899448344700, -56.48254110968441200 ) ) ;
#4780 = CARTESIAN_POINT ( 'NONE',  ( -32.95435467371684300, 307.1315483765967000, 143.5871400390286100 ) ) ;
#4781 = CARTESIAN_POINT ( 'NONE',  ( -594.6987467823856800, -29.35557712495107200, 0.0000000000000000000 ) ) ;
#4782 = CARTESIAN_POINT ( 'NONE',  ( -328.4293899634121800, 113.8973949287239700, 650.0000000000000000 ) ) ;
#4783 = CARTESIAN_POINT ( 'NONE',  ( -127.6216797576918400, 320.8352685050920700, 239.9999999999999100 ) ) ;
#4784 = VERTEX_POINT ( 'NONE', #6845 ) ;
#4785 = DIRECTION ( 'NONE',  ( -0.0000000000000000000, 0.0000000000000000000, 1.000000000000000000 ) ) ;
#4786 = CARTESIAN_POINT ( 'NONE',  ( -939.9848902015007800, 5.880144444833193900, 62.38269753182579800 ) ) ;
#4787 = CARTESIAN_POINT ( 'NONE',  ( -970.4037882827208300, 2.925072896146078300, -68.60026894045645900 ) ) ;
#4788 = CARTESIAN_POINT ( 'NONE',  ( -769.2827496091414300, -48.75292545302340100, 64.65092886266123200 ) ) ;
#4789 = CARTESIAN_POINT ( 'NONE',  ( -144.6562651326862000, 322.8664308143299900, 139.8637430237297400 ) ) ;
#4790 = CARTESIAN_POINT ( 'NONE',  ( -966.0375125829709800, -38.04515784016426500, -20.83333333333332900 ) ) ;
#4791 = CARTESIAN_POINT ( 'NONE',  ( -1034.153762605289100, -0.6577164224500677800, 49.80390200799977400 ) ) ;
#4792 = CARTESIAN_POINT ( 'NONE',  ( -936.7868417222855400, 6.193335455181417300, -67.39513502824569000 ) ) ;
#4793 = EDGE_LOOP ( 'NONE', ( #2153, #1451, #1611, #4534, #4504, #2647, #955, #4398, #5162 ) ) ;
#4794 = CARTESIAN_POINT ( 'NONE',  ( -801.8725419067953900, -55.20046801887628600, 62.35015373822300700 ) ) ;
#4795 = CARTESIAN_POINT ( 'NONE',  ( -994.8106324899615600, 49.79952058414814800, 55.60910644273843000 ) ) ;
#4796 = ORIENTED_EDGE ( 'NONE', *, *, #759, .T. ) ;
#4797 = CARTESIAN_POINT ( 'NONE',  ( -731.8165205886452900, 51.46764385215429600, 120.2917345085317900 ) ) ;
#4798 = ADVANCED_FACE ( 'NONE', ( #6003 ), #3351, .T. ) ;
#4799 = CARTESIAN_POINT ( 'NONE',  ( -768.8170081430428100, 22.64294284187574000, -64.54414857166148100 ) ) ;
#4800 = CARTESIAN_POINT ( 'NONE',  ( -19.43694921830005400, 299.7767887037370500, 239.9999999999998300 ) ) ;
#4801 = EDGE_CURVE ( 'NONE', #5354, #5823, #3692, .T. ) ;
#4802 = EDGE_LOOP ( 'NONE', ( #1069, #6765 ) ) ;
#4803 = CARTESIAN_POINT ( 'NONE',  ( -476.1218229458132200, 22.48589293588766600, 0.0000000000000000000 ) ) ;
#4804 = CARTESIAN_POINT ( 'NONE',  ( -89.85376094551317300, 315.8265307028060000, 239.9999999999999400 ) ) ;
#4805 = CARTESIAN_POINT ( 'NONE',  ( -183.5927336330734100, 296.7967542508567900, 240.0000000000000600 ) ) ;
#4806 = CARTESIAN_POINT ( 'NONE',  ( -936.7891654538170800, 6.193107887703622100, 67.39343516031046000 ) ) ;
#4807 = CARTESIAN_POINT ( 'NONE',  ( -733.9383775651645000, 122.2149728281169800, -119.3969208691597100 ) ) ;
#4808 = CARTESIAN_POINT ( 'NONE',  ( -357.9726304450874700, 146.0331211803212500, -374.2254074289194800 ) ) ;
#4809 = CARTESIAN_POINT ( 'NONE',  ( -360.3335485499855500, 254.6910937974712400, 685.0000000000000000 ) ) ;
#4810 = EDGE_CURVE ( 'NONE', #2506, #3685, #4973, .T. ) ;
#4811 = CARTESIAN_POINT ( 'NONE',  ( -766.5251973323377100, -49.25060836388760100, 56.35446640037435600 ) ) ;
#4812 = CARTESIAN_POINT ( 'NONE',  ( -1012.809502501466100, 43.46342736086183600, -37.02459158161067900 ) ) ;
#4813 = AXIS2_PLACEMENT_3D ( 'NONE', #6609, #2336, #2926 ) ;
#4814 = CARTESIAN_POINT ( 'NONE',  ( -1010.856391224734600, 0.6516107454510896600, 33.48805867875242400 ) ) ;
#4815 = CARTESIAN_POINT ( 'NONE',  ( -934.5399188333019500, 6.413380915514219200, -68.83080048606962000 ) ) ;
#4816 = CARTESIAN_POINT ( 'NONE',  ( -920.2589775552843300, 73.58137228624271100, 91.54189638381350800 ) ) ;
#4817 = CARTESIAN_POINT ( 'NONE',  ( -978.2096096027625000, 55.64353348873444800, 63.86921591008097500 ) ) ;
#4818 = LINE ( 'NONE', #3666, #2352 ) ;
#4819 = ORIENTED_EDGE ( 'NONE', *, *, #4541, .T. ) ;
#4820 = CARTESIAN_POINT ( 'NONE',  ( -982.8162755922708100, 30.82403548827063800, -85.87657668782367200 ) ) ;
#4821 = CARTESIAN_POINT ( 'NONE',  ( -723.6193010487612600, -38.68068962038901000, 36.91515317970814200 ) ) ;
#4822 = CARTESIAN_POINT ( 'NONE',  ( -16.81885035967480500, 300.6062346136862400, 239.9999999999999400 ) ) ;
#4823 = CARTESIAN_POINT ( 'NONE',  ( -536.4089367922349500, -10.00669366827933300, -36.89144407851287600 ) ) ;
#4824 = VECTOR ( 'NONE', #5548, 1000.000000000000000 ) ;
#4825 = CARTESIAN_POINT ( 'NONE',  ( -916.2188226148706500, 53.05136739624566600, -105.5957882377793700 ) ) ;
#4826 = VERTEX_POINT ( 'NONE', #5122 ) ;
#4827 = CARTESIAN_POINT ( 'NONE',  ( -155.2752143074901900, 322.5589940303392500, 240.0000000000000000 ) ) ;
#4828 = CARTESIAN_POINT ( 'NONE',  ( -172.7130653170726200, 286.5112433933272200, 240.0000000000000000 ) ) ;
#4829 = CARTESIAN_POINT ( 'NONE',  ( -308.7992690864780300, 140.4205989181335200, 650.0000000000000000 ) ) ;
#4830 = VECTOR ( 'NONE', #5794, 999.9999999999998900 ) ;
#4831 = EDGE_LOOP ( 'NONE', ( #3571, #6025, #6314, #3373 ) ) ;
#4832 = DIRECTION ( 'NONE',  ( -0.0000000000000000000, -0.0000000000000000000, 1.000000000000000000 ) ) ;
#4833 = ADVANCED_FACE ( 'NONE', ( #6580 ), #3580, .F. ) ;
#4834 = CARTESIAN_POINT ( 'NONE',  ( 8.325832407973168300, 121.3107911733933300, 144.9631462750848200 ) ) ;
#4835 = CARTESIAN_POINT ( 'NONE',  ( -783.4090281768083100, -49.92488217935611800, 54.32164730602963200 ) ) ;
#4836 = CARTESIAN_POINT ( 'NONE',  ( -1056.237983233738800, -1.898863742395276600, 35.13686021167535500 ) ) ;
#4837 = CARTESIAN_POINT ( 'NONE',  ( -144.6562651326862000, 322.8664308143299900, 139.8637430237297100 ) ) ;
#4838 = CARTESIAN_POINT ( 'NONE',  ( -769.6241278965980000, 23.42789570974004900, -54.76506754953027200 ) ) ;
#4839 = ORIENTED_EDGE ( 'NONE', *, *, #411, .T. ) ;
#4840 = VERTEX_POINT ( 'NONE', #4928 ) ;
#4841 = CARTESIAN_POINT ( 'NONE',  ( -5.573319583618284500E-011, 121.3538495337078600, 127.6985787093304300 ) ) ;
#4842 = CARTESIAN_POINT ( 'NONE',  ( -957.5667416723279100, 39.00328281401115000, -94.51051213111297500 ) ) ;
#4843 = ORIENTED_EDGE ( 'NONE', *, *, #356, .F. ) ;
#4844 = CARTESIAN_POINT ( 'NONE',  ( -384.9320817026567200, 178.3357662083108700, -760.3244722217750700 ) ) ;
#4845 = DIRECTION ( 'NONE',  ( -0.5385643568985997200, -0.1895893447681803500, -0.8209776573261722300 ) ) ;
#4846 = VERTEX_POINT ( 'NONE', #5459 ) ;
#4847 = DIRECTION ( 'NONE',  ( 0.9947574284195235300, 0.09741849946394735800, -0.03110135955821438000 ) ) ;
#4848 = EDGE_LOOP ( 'NONE', ( #383, #2513, #6709, #1432 ) ) ;
#4849 = DIRECTION ( 'NONE',  ( -0.3320534516538311000, 0.9432605712340449400, 0.0000000000000000000 ) ) ;
#4850 = CARTESIAN_POINT ( 'NONE',  ( -142.7176381162428000, 322.7098742702255500, 240.0000000000000000 ) ) ;
#4851 = CARTESIAN_POINT ( 'NONE',  ( -168.9615670094477200, 314.0372681634145800, -139.0535662945042400 ) ) ;
#4852 = FACE_OUTER_BOUND ( 'NONE', #3767, .T. ) ;
#4853 = EDGE_CURVE ( 'NONE', #419, #3371, #136, .T. ) ;
#4854 = CARTESIAN_POINT ( 'NONE',  ( -156.3656451898598300, 281.5913140190168100, 240.0000000000000000 ) ) ;
#4855 = ORIENTED_EDGE ( 'NONE', *, *, #6583, .F. ) ;
#4856 = ORIENTED_EDGE ( 'NONE', *, *, #6065, .F. ) ;
#4857 = CARTESIAN_POINT ( 'NONE',  ( -938.7449902494007600, 6.001570220975436200, 54.34539040701482500 ) ) ;
#4858 = CARTESIAN_POINT ( 'NONE',  ( -731.8328558798079900, 116.1642536705869700, -120.2911899988255700 ) ) ;
#4859 = VERTEX_POINT ( 'NONE', #1758 ) ;
#4860 = CARTESIAN_POINT ( 'NONE',  ( -765.3907771952006000, -48.40841677983888000, 61.01380871239848600 ) ) ;
#4861 = DIRECTION ( 'NONE',  ( 1.000000000000000000, 0.0000000000000000000, 0.0000000000000000000 ) ) ;
#4862 = CARTESIAN_POINT ( 'NONE',  ( -5.573319583618288400E-011, 121.3401603791478900, -127.6595769895305400 ) ) ;
#4863 = LINE ( 'NONE', #2350, #4049 ) ;
#4864 = CARTESIAN_POINT ( 'NONE',  ( -1534.030086240052500, -101.6600000000000000, 1100.000000371594500 ) ) ;
#4865 = EDGE_CURVE ( 'NONE', #5875, #4415, #6660, .T. ) ;
#4866 = CARTESIAN_POINT ( 'NONE',  ( -364.5664995695701100, 93.88282382976761700, -650.0000000000000000 ) ) ;
#4867 = ORIENTED_EDGE ( 'NONE', *, *, #5261, .T. ) ;
#4868 =( BOUNDED_CURVE ( )  B_SPLINE_CURVE ( 3, ( #926, #2496, #6119, #3034 ),
 .UNSPECIFIED., .F., .T. ) 
 B_SPLINE_CURVE_WITH_KNOTS ( ( 4, 4 ),
 ( 4.952067503641913500, 5.041869326281680900 ),
 .UNSPECIFIED. ) 
 CURVE ( )  GEOMETRIC_REPRESENTATION_ITEM ( )  RATIONAL_B_SPLINE_CURVE ( ( 1.000000000000000000, 0.9993280822862465900, 0.9993280822862465900, 1.000000000000000000 ) ) 
 REPRESENTATION_ITEM ( '' )  );
#4869 = CARTESIAN_POINT ( 'NONE',  ( -920.0787926479985100, 74.87905651297904800, 88.73249411970689900 ) ) ;
#4870 = CARTESIAN_POINT ( 'NONE',  ( -768.5107424219410200, 22.67293603029990100, 64.44262048356928600 ) ) ;
#4871 = AXIS2_PLACEMENT_3D ( 'NONE', #2568, #6824, #6270 ) ;
#4872 = CARTESIAN_POINT ( 'NONE',  ( -738.2193787120287400, -32.61617628806786900, -0.0000000000000000000 ) ) ;
#4873 = CLOSED_SHELL ( 'NONE', ( #3607, #376, #2679, #4319, #2316, #5879, #4908, #2854, #4463, #2440, #3473, #5563, #4426, #3741, #1209, #139, #4943, #5123, #1751, #772, #4290, #3984, #5958, #5988, #6612, #907, #2281, #6391, #274, #1865, #2349, #802, #870, #4016, #304, #4798, #3951, #103, #5360, #5464, #5054, #3875, #1726, #175, #4728, #5839, #3836, #2996, #67, #4531, #3772, #3245, #3395, #6157, #4833, #1283, #5541, #2970, #3543, #5497, #1829, #3279, #2747, #3806, #4977, #1616, #2382, #6031, #208, #5320, #6575, #1934, #1349, #661, #5637, #5393, #6505, #450, #481, #5081, #6647, #2826, #4051, #726, #6438, #5153, #2208, #594, #5603, #1175, #843, #4387, #5423, #1791, #5704, #6094, #6127, #3430, #1418, #1903, #3511, #627, #2930, #2414, #5010, #6536, #6062, #3325, #2244, #697, #1253, #4566, #1386, #238, #4495, #2476, #3356, #1136, #343 ) ) ;
#4874 = CARTESIAN_POINT ( 'NONE',  ( -750.6785800302291100, 71.93453721306583800, -655.0000000000000000 ) ) ;
#4875 = CARTESIAN_POINT ( 'NONE',  ( -934.4750867488630800, 7.193298361187080700, -89.43983678682893400 ) ) ;
#4876 = CARTESIAN_POINT ( 'NONE',  ( -140.5050046382193900, 322.4779509828824800, 239.9999999999999400 ) ) ;
#4877 = CARTESIAN_POINT ( 'NONE',  ( -515.1253989649039800, 7.202741035155889400, -210.5078935649555100 ) ) ;
#4878 = CARTESIAN_POINT ( 'NONE',  ( -157.8520155076647300, 281.8239481656242400, 240.0000000000000000 ) ) ;
#4879 = ORIENTED_EDGE ( 'NONE', *, *, #4236, .F. ) ;
#4880 = CARTESIAN_POINT ( 'NONE',  ( -930.3355767784648800, 6.825120182308250300, 49.73200368825695300 ) ) ;
#4881 = EDGE_LOOP ( 'NONE', ( #2672, #4130, #928, #4034, #6364, #6109 ) ) ;
#4882 = CARTESIAN_POINT ( 'NONE',  ( -736.5026136057497300, 129.7992435082970000, -115.5403224415094200 ) ) ;
#4883 = CARTESIAN_POINT ( 'NONE',  ( -1011.549365940279900, 0.6126651233501082500, -31.91554654178824200 ) ) ;
#4884 = CARTESIAN_POINT ( 'NONE',  ( -983.8586140089354300, 2.168903087330670100, 63.99946731421080400 ) ) ;
#4885 = CARTESIAN_POINT ( 'NONE',  ( -930.0000000000557100, 6.857983858691640400, 69.73844108900584600 ) ) ;
#4886 = ORIENTED_EDGE ( 'NONE', *, *, #2678, .F. ) ;
#4887 = CARTESIAN_POINT ( 'NONE',  ( -5.573319583618285800E-011, 120.6457060049897900, -125.2733992881068300 ) ) ;
#4888 = DIRECTION ( 'NONE',  ( -0.0000000000000000000, 1.000000000000000000, -0.0000000000000000000 ) ) ;
#4889 = CARTESIAN_POINT ( 'NONE',  ( -730.2681026710157500, 36.94558889083148000, -115.6468909344010300 ) ) ;
#4890 = CARTESIAN_POINT ( 'NONE',  ( -769.4394224004770400, -48.76617710267609600, -64.67901226151425900 ) ) ;
#4891 = CARTESIAN_POINT ( 'NONE',  ( -814.4266634077107500, 87.24684633740551500, 117.6012469881760700 ) ) ;
#4892 = CARTESIAN_POINT ( 'NONE',  ( -452.7720532934483800, 52.79374271373869500, 573.8643163231339500 ) ) ;
#4893 = CARTESIAN_POINT ( 'NONE',  ( -1039.273509296891200, -0.9454494600902895200, -46.55409187755806500 ) ) ;
#4894 = CARTESIAN_POINT ( 'NONE',  ( -721.1638438405121900, -28.50215867585657400, 123.2493405169230300 ) ) ;
#4895 = CARTESIAN_POINT ( 'NONE',  ( -66.21846650045799300, 291.5019752293600300, 142.4783363114706600 ) ) ;
#4896 = EDGE_CURVE ( 'NONE', #4473, #5218, #5582, .T. ) ;
#4897 = CARTESIAN_POINT ( 'NONE',  ( -979.7195593237235000, -49.80385858583706200, 312.7510206763798200 ) ) ;
#4898 = B_SPLINE_CURVE_WITH_KNOTS ( 'NONE', 3,
 ( #432, #4663, #2687, #100, #6, #636, #593, #4317, #2150, #3163, #5886, #4749, #25, #5863, #5814, #1163, #50, #3792, #6387, #4841, #1593, #1113, #6417, #2102, #2169 ),
 .UNSPECIFIED., .F., .F.,
 ( 4, 2, 2, 2, 2, 2, 2, 2, 2, 1, 2, 2, 4 ),
 ( 0.0000000000000000000, 0.004938261765676869300, 0.007407392648515271500, 0.009876523531353672800, 0.01481478529703055200, 0.01728391617986901500, 0.01975304706270747700, 0.02469130882838440500, 0.02716043971122289800, 0.02962957059406139800, 0.03209870147689989500, 0.03456783235973839200, 0.03950609412541534300 ),
 .UNSPECIFIED. ) ;
#4899 = CARTESIAN_POINT ( 'NONE',  ( -1025.528095748797800, 24.49074053889315600, 49.74942052518749600 ) ) ;
#4900 = CARTESIAN_POINT ( 'NONE',  ( -153.1978828604382600, 322.7854073344839800, 240.0000000000000000 ) ) ;
#4901 = CARTESIAN_POINT ( 'NONE',  ( -930.5722778169612200, -44.47907115522036000, -49.73579614213221600 ) ) ;
#4902 = CARTESIAN_POINT ( 'NONE',  ( -156.2417980495703500, 281.5733179489418500, 239.9999999999999700 ) ) ;
#4903 = CARTESIAN_POINT ( 'NONE',  ( -176.5871442462699600, 283.6204833111955800, -138.7993803866101200 ) ) ;
#4904 = LINE ( 'NONE', #2955, #1281 ) ;
#4905 = CARTESIAN_POINT ( 'NONE',  ( -1009.325374452045600, 0.7376548670067951700, -36.58464884717960100 ) ) ;
#4906 = DIRECTION ( 'NONE',  ( 1.000000000000000000, 0.0000000000000000000, -6.530723674265633100E-016 ) ) ;
#4907 = EDGE_CURVE ( 'NONE', #3873, #5354, #2204, .T. ) ;
#4908 = ADVANCED_FACE ( 'NONE', ( #3102 ), #5411, .T. ) ;
#4909 = CARTESIAN_POINT ( 'NONE',  ( 4.373401631698431700, 146.1291709910508400, 144.8313985825423300 ) ) ;
#4910 = DIRECTION ( 'NONE',  ( 1.147673028526809800E-015, -1.000000000000000000, 0.0000000000000000000 ) ) ;
#4911 = CARTESIAN_POINT ( 'NONE',  ( 2.082905922477655400, 5.722736988855809100, 0.0000000000000000000 ) ) ;
#4912 = ORIENTED_EDGE ( 'NONE', *, *, #1790, .F. ) ;
#4913 = CARTESIAN_POINT ( 'NONE',  ( -730.9957156753191600, 43.43693738758101800, -118.9948940156222800 ) ) ;
#4914 = CARTESIAN_POINT ( 'NONE',  ( -395.1366864534506400, 150.2988450810440500, 755.0000000000000000 ) ) ;
#4915 = CARTESIAN_POINT ( 'NONE',  ( -1008.043324286608700, 0.8097069060459792800, 38.82979980796115900 ) ) ;
#4916 = CARTESIAN_POINT ( 'NONE',  ( -856.1052109713369900, 72.70716347706508000, 114.8324534550022400 ) ) ;
#4917 = VECTOR ( 'NONE', #5163, 1000.000000000000100 ) ;
#4918 = CARTESIAN_POINT ( 'NONE',  ( -410.0055209586288900, 68.64394721864033500, 571.5003841979898900 ) ) ;
#4919 = ORIENTED_EDGE ( 'NONE', *, *, #4950, .T. ) ;
#4920 = CARTESIAN_POINT ( 'NONE',  ( -1027.487820284098500, 26.36794464256711400, -45.46422985452754500 ) ) ;
#4921 = CARTESIAN_POINT ( 'NONE',  ( -769.7566672274886100, 22.55092022872490500, -64.72037505542860500 ) ) ;
#4922 = AXIS2_PLACEMENT_3D ( 'NONE', #2319, #2857, #5565 ) ;
#4923 = CARTESIAN_POINT ( 'NONE',  ( -773.1775071780791700, 47.42456333482935800, 119.4009345243831300 ) ) ;
#4924 = CARTESIAN_POINT ( 'NONE',  ( -386.6883027942958500, 173.5105884154623100, 763.9905821034216200 ) ) ;
#4925 = CARTESIAN_POINT ( 'NONE',  ( -721.1684343117491400, -36.89914864066234700, 0.0000000000000000000 ) ) ;
#4926 = CARTESIAN_POINT ( 'NONE',  ( -143.0274878512888700, 322.7381498785047100, 240.0000000000000000 ) ) ;
#4927 = FACE_OUTER_BOUND ( 'NONE', #5743, .T. ) ;
#4928 = CARTESIAN_POINT ( 'NONE',  ( -500.6785800302290000, 221.9345372130657900, -655.0000000000000000 ) ) ;
#4929 = CARTESIAN_POINT ( 'NONE',  ( -155.6351622113483300, 281.4869790854112900, 239.9999999999999400 ) ) ;
#4930 = CARTESIAN_POINT ( 'NONE',  ( -0.8074310349025399800, 97.85559110999430700, 40.68698456244212700 ) ) ;
#4931 = CARTESIAN_POINT ( 'NONE',  ( -964.5945079481900800, 3.470077462902892300, 73.67925464259089100 ) ) ;
#4932 = LINE ( 'NONE', #6370, #2609 ) ;
#4933 = VERTEX_POINT ( 'NONE', #6318 ) ;
#4934 = CARTESIAN_POINT ( 'NONE',  ( -861.6342496577466400, 96.68124017130179500, 89.96129063427326900 ) ) ;
#4935 = ORIENTED_EDGE ( 'NONE', *, *, #1380, .F. ) ;
#4936 = DIRECTION ( 'NONE',  ( -0.0000000000000000000, -0.0000000000000000000, 1.000000000000000000 ) ) ;
#4937 = CARTESIAN_POINT ( 'NONE',  ( -730.6648136168574900, 40.39895485402262700, -117.7794181763231800 ) ) ;
#4938 = CARTESIAN_POINT ( 'NONE',  ( -769.9168489046850300, -48.80627713955637900, -64.73148514178609500 ) ) ;
#4939 = ORIENTED_EDGE ( 'NONE', *, *, #798, .T. ) ;
#4940 = ORIENTED_EDGE ( 'NONE', *, *, #6222, .F. ) ;
#4941 = CARTESIAN_POINT ( 'NONE',  ( -515.1253989649039800, 7.202741035155859200, 210.5078935649555100 ) ) ;
#4942 = CARTESIAN_POINT ( 'NONE',  ( -536.4089367922349500, -10.00669366827933300, 36.89144407851287600 ) ) ;
#4943 = ADVANCED_FACE ( 'NONE', ( #3616 ), #2659, .T. ) ;
#4944 = CARTESIAN_POINT ( 'NONE',  ( -904.2930463377362000, 22.77516779717030500, -107.9617085358978000 ) ) ;
#4945 = DIRECTION ( 'NONE',  ( 0.3144576537258894600, 0.8639653029865750300, -0.3932942146135946500 ) ) ;
#4946 = B_SPLINE_CURVE_WITH_KNOTS ( 'NONE', 3,
 ( #2117, #1535, #560, #5766, #4743, #3139, #4241, #2615, #3158, #6829, #2054, #1015, #3635, #1502, #1085, #5192, #515, #490, #468, #4156, #4680, #6273, #3111, #6803, #3657, #4178, #4203, #5255, #2096, #2707, #585, #1699, #3781, #6460, #6436, #3740, #4258, #4289, #5371, #2206, #651, #1672, #66, #38, #2677, #6361, #1174, #5391 ),
 .UNSPECIFIED., .F., .F.,
 ( 4, 2, 2, 2, 2, 2, 2, 2, 2, 2, 2, 2, 2, 2, 2, 2, 2, 2, 2, 2, 2, 2, 2, 4 ),
 ( 1.551583845779545700E-017, 0.006617936109172120600, 0.01323587221834422600, 0.01654484027293027700, 0.01985380832751633100, 0.02647174443668843400, 0.03308968054586054100, 0.03970761665503264700, 0.04301658470961870100, 0.04632555276420476100, 0.04963452081879081400, 0.05128900484608384800, 0.05294348887337688200, 0.05625245692796294900, 0.05956142498254900200, 0.06617936109172112300, 0.07279729720089324300, 0.07610626525547931100, 0.07941523331006537800, 0.08603316941923748500, 0.09265110552840960500, 0.09596007358299560300, 0.09926904163758158700, 0.1058869777467537900 ),
 .UNSPECIFIED. ) ;
#4947 = CARTESIAN_POINT ( 'NONE',  ( -721.2497326902915800, -38.01434301723119100, -123.2482987937306400 ) ) ;
#4948 = CARTESIAN_POINT ( 'NONE',  ( -174.9318174288997100, 316.2765468372254000, 239.9999999999998900 ) ) ;
#4949 = CARTESIAN_POINT ( 'NONE',  ( -932.2270064459667100, 7.164169077462492700, -49.91128688935265200 ) ) ;
#4950 = EDGE_CURVE ( 'NONE', #2715, #6518, #2193, .T. ) ;
#4951 = CARTESIAN_POINT ( 'NONE',  ( -150.1254928725024300, 281.0240327471058800, 239.9999999999999700 ) ) ;
#4952 = CARTESIAN_POINT ( 'NONE',  ( -184.6267484020527800, 295.8919047183470100, -138.5313935814173800 ) ) ;
#4953 = CARTESIAN_POINT ( 'NONE',  ( -896.2328090448197600, 59.48752152116555400, 109.7963367075833900 ) ) ;
#4954 = CARTESIAN_POINT ( 'NONE',  ( -484.9030400885461100, 50.45440574726846000, 103.4105467707258400 ) ) ;
#4955 = CARTESIAN_POINT ( 'NONE',  ( -968.4015994083800900, 3.097241707393172400, 70.92303658473767300 ) ) ;
#4956 = EDGE_LOOP ( 'NONE', ( #1976, #5632, #1364, #934, #5327 ) ) ;
#4957 = CARTESIAN_POINT ( 'NONE',  ( -916.1761530242782800, 26.27102378859763500, -105.6062142766411800 ) ) ;
#4958 =( BOUNDED_SURFACE ( )  B_SPLINE_SURFACE ( 3, 2, ( 
 ( #6390, #2105, #612 ),
 ( #4820, #4778, #4300 ),
 ( #2194, #1642, #5331 ),
 ( #1074, #26, #1571 ),
 ( #1135, #4751, #8 ),
 ( #2171, #5797, #3729 ),
 ( #1661, #2151, #570 ),
 ( #3216, #2129, #102 ),
 ( #3707, #5359, #1594 ),
 ( #5817, #2648, #6353 ) ),
 .UNSPECIFIED., .F., .F., .F. ) 
 B_SPLINE_SURFACE_WITH_KNOTS ( ( 4, 2, 2, 2, 4 ),
 ( 3, 3 ),
 ( 5.041869326281649000, 5.207052282524292900, 5.372235238766935900, 5.537418195009578900, 5.702601151252222800 ),
 ( 0.0000000000000000000, 1.000000000000000000 ),
 .UNSPECIFIED. ) 
 GEOMETRIC_REPRESENTATION_ITEM ( )  RATIONAL_B_SPLINE_SURFACE ( (
 ( 1.000000000000000000, 0.7441224190802596700, 1.000000000000000000),
 ( 1.000000000000000000, 0.7499348324510277700, 1.000000000000000000),
 ( 1.000000000000000000, 0.7555136892836736800, 1.000000000000000000),
 ( 1.000000000000000000, 0.7660890897124076300, 1.000000000000000000),
 ( 1.000000000000000000, 0.7710853641849434400, 1.000000000000000000),
 ( 1.000000000000000000, 0.7803960150859149400, 1.000000000000000000),
 ( 1.000000000000000000, 0.7847104072536702500, 1.000000000000000000),
 ( 1.000000000000000000, 0.7925756853449691400, 1.000000000000000000),
 ( 1.000000000000000000, 0.7961268479165667400, 1.000000000000000000),
 ( 1.000000000000000000, 0.7992633989974036200, 1.000000000000000000) ) ) 
 REPRESENTATION_ITEM ( '' )  SURFACE ( )  );
#4959 = CARTESIAN_POINT ( 'NONE',  ( -930.0000000000558200, -44.17288593644951100, 69.73844108900584600 ) ) ;
#4960 = VERTEX_POINT ( 'NONE', #4726 ) ;
#4961 = CARTESIAN_POINT ( 'NONE',  ( -403.3349438461406700, 153.2827667448359800, 655.0000000000000000 ) ) ;
#4962 = CARTESIAN_POINT ( 'NONE',  ( -524.0839179233563500, 24.10135128894039600, -479.8898481359895500 ) ) ;
#4963 = ORIENTED_EDGE ( 'NONE', *, *, #533, .F. ) ;
#4964 = CARTESIAN_POINT ( 'NONE',  ( -731.8165205886455200, 116.0656355729308700, -120.2917345085309900 ) ) ;
#4965 = CARTESIAN_POINT ( 'NONE',  ( -861.8216006455577400, 96.28567541412094500, -93.96256307822382300 ) ) ;
#4966 = CARTESIAN_POINT ( 'NONE',  ( -916.7579155957737400, -45.99939545498218500, -50.15245843292295500 ) ) ;
#4967 = CARTESIAN_POINT ( 'NONE',  ( -730.5038850919469300, 38.97019605498206100, 117.0140719079333300 ) ) ;
#4968 = CARTESIAN_POINT ( 'NONE',  ( -769.0642468253602100, 32.25061285086973600, -479.9273741711696200 ) ) ;
#4969 = CARTESIAN_POINT ( 'NONE',  ( -178.3682016629564700, 313.8819417700484000, 240.0000000000000000 ) ) ;
#4970 = VERTEX_POINT ( 'NONE', #1354 ) ;
#4971 = CARTESIAN_POINT ( 'NONE',  ( -934.2995563694152000, 7.164169077462492700, -68.96009501495842600 ) ) ;
#4972 = CARTESIAN_POINT ( 'NONE',  ( -149.4850723778399400, 281.0064375748174300, 240.0000000000000300 ) ) ;
#4973 = B_SPLINE_CURVE_WITH_KNOTS ( 'NONE', 3,
 ( #13, #5387, #4877, #2252, #5920, #1009, #2738 ),
 .UNSPECIFIED., .F., .F.,
 ( 4, 1, 1, 1, 4 ),
 ( 0.0000000000000000000, 0.2982968211775609600, 0.6153669425867313000, 0.7410739866888770300, 1.000000000000000000 ),
 .UNSPECIFIED. ) ;
#4974 = CARTESIAN_POINT ( 'NONE',  ( -169.9363203347700400, 280.0885798468340800, -139.0210745169934500 ) ) ;
#4975 = CARTESIAN_POINT ( 'NONE',  ( -875.6907977572323000, 66.39538310913040700, 112.9302881364487400 ) ) ;
#4976 = CARTESIAN_POINT ( 'NONE',  ( -769.2831414461533100, -48.74657416520325600, 54.82518889372108400 ) ) ;
#4977 = ADVANCED_FACE ( 'NONE', ( #3183, #1041, #1775, #2279 ), #20, .F. ) ;
#4978 = CARTESIAN_POINT ( 'NONE',  ( -969.4614523341578000, 2.993448281245290900, 69.77074211148513400 ) ) ;
#4979 = CARTESIAN_POINT ( 'NONE',  ( -413.0707898217586400, 61.93453721306574500, 650.0000000000000000 ) ) ;
#4980 = CARTESIAN_POINT ( 'NONE',  ( -396.7006316504052300, 94.88199682567854200, 509.9181256018205800 ) ) ;
#4981 = CARTESIAN_POINT ( 'NONE',  ( -710.0710341330011500, 575.0002284706995400, 0.0000000000000000000 ) ) ;
#4982 = CARTESIAN_POINT ( 'NONE',  ( -524.0839179233561300, 24.10135128894058500, 479.8898481359895500 ) ) ;
#4983 = CARTESIAN_POINT ( 'NONE',  ( -186.6375940985745700, 334.2984757141851400, 113.7865269289466700 ) ) ;
#4984 = CARTESIAN_POINT ( 'NONE',  ( -737.1002142192871800, 131.6162775232474800, 114.0051590739929600 ) ) ;
#4985 = CARTESIAN_POINT ( 'NONE',  ( -861.3710645701187300, 92.93235035606673500, -102.9125482522740400 ) ) ;
#4986 = CARTESIAN_POINT ( 'NONE',  ( -161.7212291768936400, 282.6110420130856900, 139.2949108889228600 ) ) ;
#4987 = EDGE_CURVE ( 'NONE', #3371, #2125, #6320, .T. ) ;
#4988 = CARTESIAN_POINT ( 'NONE',  ( -413.0707898217584700, 61.93453721306585200, -650.0000000000000000 ) ) ;
#4989 = CIRCLE ( 'NONE', #4523, 200.0000000000001700 ) ;
#4990 = CARTESIAN_POINT ( 'NONE',  ( -5.573406319792084700E-011, 145.4327230323256400, -144.6856185281506600 ) ) ;
#4991 = ORIENTED_EDGE ( 'NONE', *, *, #3675, .T. ) ;
#4992 = CARTESIAN_POINT ( 'NONE',  ( -179.5736621307780800, 312.8368202621289200, 239.9999999999999400 ) ) ;
#4993 = AXIS2_PLACEMENT_3D ( 'NONE', #3925, #2876, #1405 ) ;
#4994 = CARTESIAN_POINT ( 'NONE',  ( -931.7090280948216300, -44.47907115522036000, -49.83070471747460300 ) ) ;
#4995 = CARTESIAN_POINT ( 'NONE',  ( -184.6267484020528700, 296.8509855691290200, -138.5313935814173500 ) ) ;
#4996 = CARTESIAN_POINT ( 'NONE',  ( -728.6926730405390300, 26.57240118146400900, -95.30070621040994200 ) ) ;
#4997 = VECTOR ( 'NONE', #6083, 1000.000000000000000 ) ;
#4998 = ORIENTED_EDGE ( 'NONE', *, *, #5796, .T. ) ;
#4999 = CARTESIAN_POINT ( 'NONE',  ( -1008.212232476124300, 0.8002141576476744500, -70.42764506406486200 ) ) ;
#5000 = EDGE_CURVE ( 'NONE', #3477, #494, #3535, .T. ) ;
#5001 = CARTESIAN_POINT ( 'NONE',  ( -855.3638864233430500, 39.44847174006466200, 114.8816014359641600 ) ) ;
#5002 = CARTESIAN_POINT ( 'NONE',  ( -5.573319583618284500E-011, 124.7857679016602100, -134.2258935389728500 ) ) ;
#5003 = AXIS2_PLACEMENT_3D ( 'NONE', #1455, #6672, #5147 ) ;
#5004 = CARTESIAN_POINT ( 'NONE',  ( -855.3638864233499800, 73.05180959641654700, -114.8816014359627600 ) ) ;
#5005 = CARTESIAN_POINT ( 'NONE',  ( -418.8108414987674500, 78.87170263032058400, 650.0000000000000000 ) ) ;
#5006 = VECTOR ( 'NONE', #5018, 1000.000000000000000 ) ;
#5007 = ORIENTED_EDGE ( 'NONE', *, *, #5392, .T. ) ;
#5008 = CARTESIAN_POINT ( 'NONE',  ( -936.7745852258011600, -43.15946042625218100, -67.40542783184179100 ) ) ;
#5009 = CARTESIAN_POINT ( 'NONE',  ( -737.8109758952684800, 133.8123252657370900, 111.7300415381336500 ) ) ;
#5010 = ADVANCED_FACE ( 'NONE', ( #4672 ), #3160, .T. ) ;
#5011 = CARTESIAN_POINT ( 'NONE',  ( -1030.325716666682000, 30.52013842021733900, -34.36263814317768400 ) ) ;
#5012 = CARTESIAN_POINT ( 'NONE',  ( -859.7458978054918400, 86.68399248693062000, -109.9629069262850600 ) ) ;
#5013 = FACE_OUTER_BOUND ( 'NONE', #1602, .T. ) ;
#5014 = CARTESIAN_POINT ( 'NONE',  ( -163.5588102887067500, 283.0789440207422600, 139.2336581851957900 ) ) ;
#5015 = ORIENTED_EDGE ( 'NONE', *, *, #811, .T. ) ;
#5016 = CARTESIAN_POINT ( 'NONE',  ( -729.3328317508340900, 29.68453786244943200, 107.4688630519971800 ) ) ;
#5017 = CARTESIAN_POINT ( 'NONE',  ( -180.1430999438819900, 312.2703999967179700, 239.9999999999999700 ) ) ;
#5018 = DIRECTION ( 'NONE',  ( 0.0000000000000000000, 0.0000000000000000000, -1.000000000000000000 ) ) ;
#5019 = ORIENTED_EDGE ( 'NONE', *, *, #4642, .T. ) ;
#5020 = CYLINDRICAL_SURFACE ( 'NONE', #2079, 101.7368751403241000 ) ;
#5021 = B_SPLINE_CURVE_WITH_KNOTS ( 'NONE', 3,
 ( #4244, #4159, #3142, #4208, #1521, #1606, #5235, #1, #5302, #2120, #2059, #2146, #5771, #5746, #1037, #5831, #4229, #2593 ),
 .UNSPECIFIED., .F., .F.,
 ( 4, 2, 2, 2, 2, 2, 2, 2, 4 ),
 ( 0.0000000000000000000, 0.007019102279065752400, 0.01403820455813150500, 0.02105730683719725700, 0.02807640911626301000, 0.03509551139532876600, 0.04211461367439451500, 0.04913371595346026400, 0.05615281823252601900 ),
 .UNSPECIFIED. ) ;
#5022 = ORIENTED_EDGE ( 'NONE', *, *, #2467, .F. ) ;
#5023 = CARTESIAN_POINT ( 'NONE',  ( -250.6785800302291400, 21.93453721306637400, -873.3033800018810100 ) ) ;
#5024 = CARTESIAN_POINT ( 'NONE',  ( -739.1236205614035300, 138.1367078960099700, -104.0731265631411900 ) ) ;
#5025 = ORIENTED_EDGE ( 'NONE', *, *, #6646, .F. ) ;
#5026 = CARTESIAN_POINT ( 'NONE',  ( -508.4660983488485000, -6.599668237361765200, 0.0000000000000000000 ) ) ;
#5027 = CARTESIAN_POINT ( 'NONE',  ( -732.0292283200511700, 51.41795547781588000, -120.2871615022315300 ) ) ;
#5028 = FACE_OUTER_BOUND ( 'NONE', #3355, .T. ) ;
#5029 = CARTESIAN_POINT ( 'NONE',  ( -935.9950187258698400, -44.47907115696418900, 51.45886072827526900 ) ) ;
#5030 = EDGE_LOOP ( 'NONE', ( #6061, #2665, #1416, #2929 ) ) ;
#5031 = VECTOR ( 'NONE', #855, 1000.000000000000000 ) ;
#5032 = ORIENTED_EDGE ( 'NONE', *, *, #5037, .T. ) ;
#5033 = PLANE ( 'NONE',  #1018 ) ;
#5034 = EDGE_LOOP ( 'NONE', ( #3053, #2610, #5921, #2136, #2333 ) ) ;
#5035 = CARTESIAN_POINT ( 'NONE',  ( -1008.872162819567200, 21.53354026582928400, 69.85103928858868000 ) ) ;
#5036 = CARTESIAN_POINT ( 'NONE',  ( -167.8228358518130100, 340.9217838523559900, 114.7354576377846100 ) ) ;
#5037 = EDGE_CURVE ( 'NONE', #2636, #5413, #5021, .T. ) ;
#5038 = FACE_OUTER_BOUND ( 'NONE', #3421, .T. ) ;
#5039 = CARTESIAN_POINT ( 'NONE',  ( -738.5187333241516400, 136.0786923256630700, 108.4409687158924500 ) ) ;
#5040 = CARTESIAN_POINT ( 'NONE',  ( -1012.808028083103700, 0.5419275061360803200, -28.69622841146597700 ) ) ;
#5041 = CARTESIAN_POINT ( 'NONE',  ( -308.7992690864780300, 140.4205989181334900, 650.0000000000000000 ) ) ;
#5042 = ORIENTED_EDGE ( 'NONE', *, *, #2958, .T. ) ;
#5043 = CARTESIAN_POINT ( 'NONE',  ( -184.1267828336366400, 298.2053047023035200, 138.5480591003647500 ) ) ;
#5044 = CARTESIAN_POINT ( 'NONE',  ( -728.9551145605413500, 27.41028365779396500, 101.8102436487699000 ) ) ;
#5045 = B_SPLINE_CURVE_WITH_KNOTS ( 'NONE', 3,
 ( #1516, #1531, #381, #5138, #1978, #3584, #4098 ),
 .UNSPECIFIED., .F., .F.,
 ( 4, 1, 1, 1, 4 ),
 ( 0.0000000000000000000, 0.1490010684283051300, 0.3542303876842902700, 0.5841602856976757500, 1.000000000000000000 ),
 .UNSPECIFIED. ) ;
#5046 = CARTESIAN_POINT ( 'NONE',  ( -351.1348627407838900, 167.0231835658232700, -650.0000000000000000 ) ) ;
#5047 = CARTESIAN_POINT ( 'NONE',  ( -168.1027826720247200, 319.4686955014076900, 239.9999999999999700 ) ) ;
#5048 = CARTESIAN_POINT ( 'NONE',  ( -536.3057127037916400, 410.8086603323639000, 650.0000000000000000 ) ) ;
#5049 = EDGE_CURVE ( 'NONE', #876, #6805, #5088, .T. ) ;
#5050 = EDGE_LOOP ( 'NONE', ( #5025, #1152, #137, #2217, #6565, #2520, #1799, #5248 ) ) ;
#5051 = DIRECTION ( 'NONE',  ( -0.9995115994824671500, 0.0000000000000000000, 0.03125000000000002800 ) ) ;
#5052 = CARTESIAN_POINT ( 'NONE',  ( -357.9726304450874200, 146.0331211803213300, -374.2254074289194800 ) ) ;
#5053 = DIRECTION ( 'NONE',  ( 1.000000000000000000, 0.0000000000000000000, 0.0000000000000000000 ) ) ;
#5054 = ADVANCED_FACE ( 'NONE', ( #1697 ), #6816, .T. ) ;
#5055 = CARTESIAN_POINT ( 'NONE',  ( -932.9731677081913400, -44.47907115696418900, 50.07646085316138600 ) ) ;
#5056 = EDGE_LOOP ( 'NONE', ( #5625, #6491, #4355, #4633 ) ) ;
#5057 = ORIENTED_EDGE ( 'NONE', *, *, #4896, .F. ) ;
#5058 = DIRECTION ( 'NONE',  ( -0.0000000000000000000, -0.0000000000000000000, -1.000000000000000000 ) ) ;
#5059 = CARTESIAN_POINT ( 'NONE',  ( -1017.022520451041000, 0.3050703403158152600, 1.714539480327813600 ) ) ;
#5060 = CARTESIAN_POINT ( 'NONE',  ( -765.4839969725434200, 22.96935100697231000, 58.15591772540545900 ) ) ;
#5061 = CARTESIAN_POINT ( 'NONE',  ( -733.6829613508952000, 121.4735770468852400, 119.6004556858421800 ) ) ;
#5062 = ORIENTED_EDGE ( 'NONE', *, *, #2811, .T. ) ;
#5063 = CARTESIAN_POINT ( 'NONE',  ( -513.2675037780667300, 54.87322084212034000, 373.8383188011163200 ) ) ;
#5064 = CARTESIAN_POINT ( 'NONE',  ( -729.5885947223564500, 26.48465647974862900, 120.3397264064608500 ) ) ;
#5065 = CARTESIAN_POINT ( 'NONE',  ( -1021.074700142277700, 20.99602887136783000, 56.80099378340646900 ) ) ;
#5066 = CARTESIAN_POINT ( 'NONE',  ( -180.6446893338817000, 311.7375657185760400, 239.9999999999999700 ) ) ;
#5067 = DIRECTION ( 'NONE',  ( -0.9448755606252674500, -0.05310261065962539100, -0.3230948586316700900 ) ) ;
#5068 = CARTESIAN_POINT ( 'NONE',  ( -20.59195121625243300, 294.3311339708714600, -143.9992201542774200 ) ) ;
#5069 = DIRECTION ( 'NONE',  ( -0.9396926207859103200, 0.3420201433256636600, -0.0000000000000000000 ) ) ;
#5070 = DIRECTION ( 'NONE',  ( -0.9396926207859102000, 0.3420201433256636100, -0.0000000000000000000 ) ) ;
#5071 = CARTESIAN_POINT ( 'NONE',  ( -931.5052617981266400, -44.47907115696418900, 69.67580674372247500 ) ) ;
#5072 = B_SPLINE_CURVE_WITH_KNOTS ( 'NONE', 3,
 ( #3956, #3424, #5004, #256 ),
 .UNSPECIFIED., .F., .F.,
 ( 4, 4 ),
 ( 4.163336342344337000E-017, 0.0002546338832175056300 ),
 .UNSPECIFIED. ) ;
#5073 = VECTOR ( 'NONE', #5661, 999.9999999999998900 ) ;
#5074 = ORIENTED_EDGE ( 'NONE', *, *, #4987, .T. ) ;
#5075 = DIRECTION ( 'NONE',  ( -0.8977191870810038400, -0.3160216421388033500, -0.3069700031705310300 ) ) ;
#5076 = CARTESIAN_POINT ( 'NONE',  ( -937.7335770625047600, -43.00660486751601000, -66.48176538527143000 ) ) ;
#5077 = CARTESIAN_POINT ( 'NONE',  ( -152.1247306682167600, 346.4479450951809000, 114.8776203492509500 ) ) ;
#5078 = LINE ( 'NONE', #4375, #5897 ) ;
#5079 = CARTESIAN_POINT ( 'NONE',  ( -768.8424994385436500, -49.25061185733253700, -64.54452117786583200 ) ) ;
#5080 = ORIENTED_EDGE ( 'NONE', *, *, #5825, .F. ) ;
#5081 = ADVANCED_FACE ( 'NONE', ( #4590 ), #3528, .F. ) ;
#5082 = CARTESIAN_POINT ( 'NONE',  ( -469.0710157804053900, 28.03962429833554300, 71.65342119842550500 ) ) ;
#5083 = DIRECTION ( 'NONE',  ( 0.3420201433256636600, 0.9396926207859102000, -0.0000000000000000000 ) ) ;
#5084 = EDGE_CURVE ( 'NONE', #910, #3992, #4491, .T. ) ;
#5085 =( BOUNDED_CURVE ( )  B_SPLINE_CURVE ( 3, ( #4957, #1300, #1795, #5515 ),
 .UNSPECIFIED., .F., .F. ) 
 B_SPLINE_CURVE_WITH_KNOTS ( ( 4, 4 ),
 ( 4.952006242365421000, 5.041869326281681800 ),
 .UNSPECIFIED. ) 
 CURVE ( )  GEOMETRIC_REPRESENTATION_ITEM ( )  RATIONAL_B_SPLINE_CURVE ( ( 1.000000000000000000, 0.9993271653861621800, 0.9993271653861621800, 1.000000000000000000 ) ) 
 REPRESENTATION_ITEM ( '' )  );
#5086 = CARTESIAN_POINT ( 'NONE',  ( -180.4878440881226400, 311.9312784896811200, 138.6693570585811100 ) ) ;
#5087 = CARTESIAN_POINT ( 'NONE',  ( -978.9677902247721000, -40.23290289279391600, 62.35021923255894900 ) ) ;
#5088 = LINE ( 'NONE', #2571, #882 ) ;
#5089 = ORIENTED_EDGE ( 'NONE', *, *, #6384, .T. ) ;
#5090 = CARTESIAN_POINT ( 'NONE',  ( -721.1684343117491400, -36.89914864066234700, 0.0000000000000000000 ) ) ;
#5091 = CARTESIAN_POINT ( 'NONE',  ( -14.93926977128545500, 296.3676885101509100, -144.1876428691096500 ) ) ;
#5092 = CARTESIAN_POINT ( 'NONE',  ( -148.0891488092130400, 281.0015341802812300, 240.0000000000000300 ) ) ;
#5093 = CARTESIAN_POINT ( 'NONE',  ( -658.6126570710431500, -28.77203343414846900, -0.0000000000000000000 ) ) ;
#5094 = CARTESIAN_POINT ( 'NONE',  ( -1004.167345983600700, 1.027539364971592000, -44.51969783023680800 ) ) ;
#5095 = EDGE_CURVE ( 'NONE', #3605, #2506, #2370, .T. ) ;
#5096 = CARTESIAN_POINT ( 'NONE',  ( -402.1278491810006700, 89.06279344930800300, -509.9275718732693000 ) ) ;
#5097 = CARTESIAN_POINT ( 'NONE',  ( -765.2972773993071800, 23.42730997547047500, 60.70220283570781600 ) ) ;
#5098 = VECTOR ( 'NONE', #3071, 1000.000000000000000 ) ;
#5099 = CARTESIAN_POINT ( 'NONE',  ( -940.1836404914431600, 7.164169369840226200, 61.74090350182957800 ) ) ;
#5100 = DIRECTION ( 'NONE',  ( 0.3320534516538571300, -0.9432605712340358400, 0.0000000000000000000 ) ) ;
#5101 = CARTESIAN_POINT ( 'NONE',  ( -939.6455712247769700, -42.69084299361313100, -63.35897938526605300 ) ) ;
#5102 = LINE ( 'NONE', #719, #2292 ) ;
#5103 = ORIENTED_EDGE ( 'NONE', *, *, #748, .F. ) ;
#5104 = CARTESIAN_POINT ( 'NONE',  ( -250.6785800302291400, -23.06546278693358700, -1.480452460431675500E-028 ) ) ;
#5105 = ORIENTED_EDGE ( 'NONE', *, *, #4507, .F. ) ;
#5106 = CARTESIAN_POINT ( 'NONE',  ( -769.8717750617798900, -49.25061185733253700, -64.72954130641744500 ) ) ;
#5107 = CARTESIAN_POINT ( 'NONE',  ( -516.1611622597002900, 10.16888668989800400, 210.4185866888561500 ) ) ;
#5108 = CARTESIAN_POINT ( 'NONE',  ( -912.2753489681367700, 24.15148589246330600, -106.4088689249163900 ) ) ;
#5109 = ORIENTED_EDGE ( 'NONE', *, *, #5139, .T. ) ;
#5110 = ORIENTED_EDGE ( 'NONE', *, *, #4119, .F. ) ;
#5111 = CARTESIAN_POINT ( 'NONE',  ( -721.0375125829707500, -43.02027741034830700, 0.0000000000000000000 ) ) ;
#5112 = CARTESIAN_POINT ( 'NONE',  ( -856.8016394740775500, -50.78869975361210700, 67.44987458550431800 ) ) ;
#5113 = CARTESIAN_POINT ( 'NONE',  ( -769.8868964756188700, 23.42730997547047500, 64.73030993236832800 ) ) ;
#5114 = CARTESIAN_POINT ( 'NONE',  ( -974.7195593237231600, -41.14360454799239600, 312.7510206763798200 ) ) ;
#5115 = VERTEX_POINT ( 'NONE', #5090 ) ;
#5116 = AXIS2_PLACEMENT_3D ( 'NONE', #3412, #244, #3388 ) ;
#5117 = EDGE_CURVE ( 'NONE', #6427, #2782, #4036, .T. ) ;
#5118 = CARTESIAN_POINT ( 'NONE',  ( -396.7006316504052300, 94.88199682567854200, 509.9181256018205800 ) ) ;
#5119 = VECTOR ( 'NONE', #2759, 1000.000000000000200 ) ;
#5120 = CARTESIAN_POINT ( 'NONE',  ( -146.9637387707942400, 281.0193232469745800, 240.0000000000000000 ) ) ;
#5121 = CARTESIAN_POINT ( 'NONE',  ( -418.8108414987674500, 78.87170263032058400, 650.0000000000000000 ) ) ;
#5122 = CARTESIAN_POINT ( 'NONE',  ( -929.9999970323414100, 6.857984149325563500, 49.73844108900586700 ) ) ;
#5123 = ADVANCED_FACE ( 'NONE', ( #5247, #5173 ), #1381, .F. ) ;
#5124 = CARTESIAN_POINT ( 'NONE',  ( -522.5302361353224100, 7.940193362279938300, -210.4781246062557600 ) ) ;
#5125 = CARTESIAN_POINT ( 'NONE',  ( -936.0010970477606000, -44.47907115696418900, 68.01343510453550300 ) ) ;
#5126 = CARTESIAN_POINT ( 'NONE',  ( -110.4287047268478800, 280.2241392128531700, -137.9225819429058800 ) ) ;
#5127 = CARTESIAN_POINT ( 'NONE',  ( -874.6490849887925400, 31.05004079847465800, -112.6839159416800700 ) ) ;
#5128 = ADVANCED_BREP_SHAPE_REPRESENTATION ( '2026 Front Wing D_3', ( #3737, #1780, #1435 ), #4614 ) ;
#5129 = VERTEX_POINT ( 'NONE', #5573 ) ;
#5130 = CARTESIAN_POINT ( 'NONE',  ( -1007.589910239763600, 0.8351890653911404600, 39.56955737032698300 ) ) ;
#5131 = EDGE_CURVE ( 'NONE', #565, #1629, #3848, .T. ) ;
#5132 = CARTESIAN_POINT ( 'NONE',  ( -768.5327727875547900, 23.42789570974004900, -64.44382433090153500 ) ) ;
#5133 = CARTESIAN_POINT ( 'NONE',  ( -1017.022543480789200, 0.3050690460292440600, 0.4327156072118821800 ) ) ;
#5134 = CARTESIAN_POINT ( 'NONE',  ( -378.6120757269669600, 103.7944812040708100, 509.7172871893691300 ) ) ;
#5135 = CARTESIAN_POINT ( 'NONE',  ( -916.1234753870023700, 25.97750456936796900, -105.6172486092623800 ) ) ;
#5136 = ORIENTED_EDGE ( 'NONE', *, *, #3726, .F. ) ;
#5137 = EDGE_CURVE ( 'NONE', #2298, #1208, #2026, .T. ) ;
#5138 = CARTESIAN_POINT ( 'NONE',  ( -711.8568504542175800, -28.00425256398110500, 269.8670942215699100 ) ) ;
#5139 = EDGE_CURVE ( 'NONE', #6629, #3206, #2840, .T. ) ;
#5140 = CARTESIAN_POINT ( 'NONE',  ( -531.8258541121442700, 51.56268442353459800, 373.8311718869599600 ) ) ;
#5141 = CARTESIAN_POINT ( 'NONE',  ( -148.7344208051644300, 280.9998185901528700, 239.9999999999999400 ) ) ;
#5142 = CARTESIAN_POINT ( 'NONE',  ( -398.1164187340094700, 156.8866810295004400, 718.3515139539637200 ) ) ;
#5143 = ORIENTED_EDGE ( 'NONE', *, *, #2128, .T. ) ;
#5144 = CARTESIAN_POINT ( 'NONE',  ( -366.7937014670116600, 102.8553146867645300, -592.9706722561451200 ) ) ;
#5145 = CARTESIAN_POINT ( 'NONE',  ( -38.55760113323100300, 308.1239035859978200, 239.9999999999999100 ) ) ;
#5146 = CARTESIAN_POINT ( 'NONE',  ( -413.4222416891278700, 71.91118529648198900, 453.0067876111058400 ) ) ;
#5147 = DIRECTION ( 'NONE',  ( 1.000000000000000000, 0.0000000000000000000, 0.0000000000000000000 ) ) ;
#5148 = CARTESIAN_POINT ( 'NONE',  ( -934.2228703450956600, -43.48464750793613800, -50.52340117571670700 ) ) ;
#5149 = CARTESIAN_POINT ( 'NONE',  ( 465.9699137599474700, -201.6600000000000000, 1100.000000371594300 ) ) ;
#5150 = AXIS2_PLACEMENT_3D ( 'NONE', #6426, #3283, #179 ) ;
#5151 = B_SPLINE_CURVE_WITH_KNOTS ( 'NONE', 3,
 ( #856, #4537, #335, #4577, #1424, #6710, #5112, #3561, #1374, #4077 ),
 .UNSPECIFIED., .F., .F.,
 ( 4, 2, 2, 2, 4 ),
 ( 0.0000000000000000000, 0.04011092569700288500, 0.06016638854550415700, 0.08022185139400542200, 0.1604437027880111800 ),
 .UNSPECIFIED. ) ;
#5152 = CARTESIAN_POINT ( 'NONE',  ( -930.1675234815957100, -44.07839138230160400, 49.73458229250928000 ) ) ;
#5153 = ADVANCED_FACE ( 'NONE', ( #5906 ), #465, .T. ) ;
#5154 = CARTESIAN_POINT ( 'NONE',  ( -1017.020758468606200, 0.3051693648552597500, -0.8508893914958631800 ) ) ;
#5155 =( NAMED_UNIT ( * ) PLANE_ANGLE_UNIT ( ) SI_UNIT ( $, .RADIAN. ) );
#5156 = CARTESIAN_POINT ( 'NONE',  ( -728.6926730425634600, 26.57240118126445000, 95.30070621036779200 ) ) ;
#5157 = CARTESIAN_POINT ( 'NONE',  ( -767.3778496075324300, -49.25060836388760100, 55.62471913385940100 ) ) ;
#5158 = CARTESIAN_POINT ( 'NONE',  ( -860.8395096330739300, 90.66934099812053200, 106.1653280343599700 ) ) ;
#5159 = CARTESIAN_POINT ( 'NONE',  ( -918.5437199091376200, 60.97314538799305700, -103.5507658880126600 ) ) ;
#5160 = CARTESIAN_POINT ( 'NONE',  ( -64.18805191142465100, 291.8117050487274500, 239.9999999999999400 ) ) ;
#5161 = VECTOR ( 'NONE', #4606, 1000.000000000000000 ) ;
#5162 = ORIENTED_EDGE ( 'NONE', *, *, #6551, .T. ) ;
#5163 = DIRECTION ( 'NONE',  ( 0.9427946626885517200, 0.3318894391366361600, -0.03142648875628503700 ) ) ;
#5164 = CARTESIAN_POINT ( 'NONE',  ( -328.9042016454120000, 142.3159073641449800, -595.8288105596224100 ) ) ;
#5165 = CARTESIAN_POINT ( 'NONE',  ( -767.2398480514914400, 23.42730997547047500, 63.76625900012461300 ) ) ;
#5166 = CARTESIAN_POINT ( 'NONE',  ( -22.06562092462245400, 304.8771350549633300, 239.9999999999999400 ) ) ;
#5167 = EDGE_CURVE ( 'NONE', #5666, #6120, #2740, .T. ) ;
#5168 = LINE ( 'NONE', #435, #5404 ) ;
#5169 = ORIENTED_EDGE ( 'NONE', *, *, #6638, .F. ) ;
#5170 = CARTESIAN_POINT ( 'NONE',  ( -1014.600837529027900, 42.83282856652003500, -34.29391322266703700 ) ) ;
#5171 =( BOUNDED_CURVE ( )  B_SPLINE_CURVE ( 3, ( #197, #255, #1843, #2829 ),
 .UNSPECIFIED., .F., .F. ) 
 B_SPLINE_CURVE_WITH_KNOTS ( ( 4, 4 ),
 ( 4.952607442586805000, 5.041869326281681800 ),
 .UNSPECIFIED. ) 
 CURVE ( )  GEOMETRIC_REPRESENTATION_ITEM ( )  RATIONAL_B_SPLINE_CURVE ( ( 1.000000000000000000, 0.9993361365512065700, 0.9993361365512065700, 1.000000000000000000 ) ) 
 REPRESENTATION_ITEM ( '' )  );
#5172 = CARTESIAN_POINT ( 'NONE',  ( -1017.007783940206800, 0.3058985416471965400, 2.143433461030581200 ) ) ;
#5173 = FACE_OUTER_BOUND ( 'NONE', #1392, .T. ) ;
#5174 = CARTESIAN_POINT ( 'NONE',  ( -156.6786733874626200, 322.3868492172487100, 139.4629960819038400 ) ) ;
#5175 = EDGE_LOOP ( 'NONE', ( #5898, #1120, #6791, #2777 ) ) ;
#5176 = EDGE_CURVE ( 'NONE', #1826, #3095, #4502, .T. ) ;
#5177 = CARTESIAN_POINT ( 'NONE',  ( -394.9800215820058600, 159.5006914782504200, 758.1667192739195100 ) ) ;
#5178 = CARTESIAN_POINT ( 'NONE',  ( -767.7871077613997400, -49.25060836388760100, 55.36989855253367700 ) ) ;
#5179 = ORIENTED_EDGE ( 'NONE', *, *, #356, .T. ) ;
#5180 = CARTESIAN_POINT ( 'NONE',  ( -418.4486822469645500, 71.87170263032061300, 650.0000000000000000 ) ) ;
#5181 = CARTESIAN_POINT ( 'NONE',  ( -99.29421798320792900, 286.8933071055711300, 240.0000000000000300 ) ) ;
#5182 = CARTESIAN_POINT ( 'NONE',  ( -129.9201570822422100, 315.9834700994272200, -140.3549466254110900 ) ) ;
#5183 = DIRECTION ( 'NONE',  ( -0.7071067811865469100, -0.7071067811865482400, -0.0000000000000000000 ) ) ;
#5184 = CARTESIAN_POINT ( 'NONE',  ( -768.2139288377270500, -49.25060836388760100, 64.31988779411995000 ) ) ;
#5185 = ORIENTED_EDGE ( 'NONE', *, *, #4471, .F. ) ;
#5186 = VECTOR ( 'NONE', #6537, 1000.000000000000000 ) ;
#5187 = EDGE_LOOP ( 'NONE', ( #4695, #4014, #1237, #6433, #2875, #670, #3632, #818, #2534, #6288, #639, #4423, #3929, #2182 ) ) ;
#5188 = CARTESIAN_POINT ( 'NONE',  ( -876.6408732644484900, 12.08354529787420300, -89.13503093578251000 ) ) ;
#5189 = ORIENTED_EDGE ( 'NONE', *, *, #5084, .F. ) ;
#5190 = CARTESIAN_POINT ( 'NONE',  ( -932.6553127623110400, -43.71716821478978700, -49.98957302454345400 ) ) ;
#5191 = FACE_OUTER_BOUND ( 'NONE', #3706, .T. ) ;
#5192 = CARTESIAN_POINT ( 'NONE',  ( -1029.573649171938800, 36.37105195695364300, -11.80719758866461600 ) ) ;
#5193 = EDGE_LOOP ( 'NONE', ( #3435, #2399, #2055, #2689 ) ) ;
#5194 = CIRCLE ( 'NONE', #4922, 700.0000000000003400 ) ;
#5195 = EDGE_LOOP ( 'NONE', ( #6285, #5007, #4187, #1856 ) ) ;
#5196 = CARTESIAN_POINT ( 'NONE',  ( -746.0077781887259800, 400.0000000000000000, 590.9171423417182000 ) ) ;
#5197 = CARTESIAN_POINT ( 'NONE',  ( -1016.591179363420100, 0.3293119852391553400, -10.71019283429815700 ) ) ;
#5198 = CARTESIAN_POINT ( 'NONE',  ( -855.4052764537917700, 73.21699231938713100, -114.8776019093374900 ) ) ;
#5199 = VERTEX_POINT ( 'NONE', #5226 ) ;
#5200 = CARTESIAN_POINT ( 'NONE',  ( -182.0654653120066900, 309.9764720725253800, 138.6167696844191500 ) ) ;
#5201 = CARTESIAN_POINT ( 'NONE',  ( -918.3648032255031200, 60.26968522877144400, 103.8537870494443400 ) ) ;
#5202 = CARTESIAN_POINT ( 'NONE',  ( -398.9254421041000600, 139.8893244830534000, -755.0000000000000000 ) ) ;
#5203 = ORIENTED_EDGE ( 'NONE', *, *, #6091, .T. ) ;
#5204 = CARTESIAN_POINT ( 'NONE',  ( -861.0800264558907900, 91.64005138580704100, 104.9233355974845700 ) ) ;
#5205 = DIRECTION ( 'NONE',  ( 1.110223024625156700E-015, -1.000000000000000000, -3.889384548663214400E-062 ) ) ;
#5206 = CARTESIAN_POINT ( 'NONE',  ( -389.8313755907785800, 173.6464800799130300, 753.2762681115718800 ) ) ;
#5207 = CARTESIAN_POINT ( 'NONE',  ( -127.5199107775653300, 283.1779398357484200, 239.9999999999998300 ) ) ;
#5208 = CARTESIAN_POINT ( 'NONE',  ( -14.62674840205280100, 296.9119654004961100, -144.1980602480840000 ) ) ;
#5209 = CARTESIAN_POINT ( 'NONE',  ( -977.9970575583958000, 22.89356240254231200, -87.52448106196112600 ) ) ;
#5210 = CARTESIAN_POINT ( 'NONE',  ( -20.27987899955033800, 304.4361768772553800, 239.9999999999999700 ) ) ;
#5211 = ORIENTED_EDGE ( 'NONE', *, *, #3839, .T. ) ;
#5212 = DIRECTION ( 'NONE',  ( -0.9238795325112871800, -0.3826834323650888900, 0.0000000000000000000 ) ) ;
#5213 = CARTESIAN_POINT ( 'NONE',  ( -184.6267484020527300, 302.0000000000000600, 239.9999999999999100 ) ) ;
#5214 = EDGE_CURVE ( 'NONE', #5129, #6805, #5168, .T. ) ;
#5215 = ORIENTED_EDGE ( 'NONE', *, *, #491, .T. ) ;
#5216 = CARTESIAN_POINT ( 'NONE',  ( -541.8885715921194300, -5.816779783864600300, -0.0000000000000000000 ) ) ;
#5217 = CARTESIAN_POINT ( 'NONE',  ( -939.2411643676848600, -42.75922364905557800, 64.26407126182530800 ) ) ;
#5218 = VERTEX_POINT ( 'NONE', #5755 ) ;
#5219 = AXIS2_PLACEMENT_3D ( 'NONE', #791, #699, #3399 ) ;
#5220 = CARTESIAN_POINT ( 'NONE',  ( -966.0375125829705200, -38.04515784016426500, 20.83333333333332900 ) ) ;
#5221 = CARTESIAN_POINT ( 'NONE',  ( -395.0314914315633200, 160.6267555464332600, -730.3170693829445100 ) ) ;
#5222 = CARTESIAN_POINT ( 'NONE',  ( -768.6627514240499300, 23.42730997547047500, 64.49320997024270200 ) ) ;
#5223 = CARTESIAN_POINT ( 'NONE',  ( -919.9065705998654000, 67.66672058828675100, 99.16993440023743700 ) ) ;
#5224 = CARTESIAN_POINT ( 'NONE',  ( -730.9244628691814100, 116.3768325098218200, -120.3107350121473600 ) ) ;
#5225 = EDGE_CURVE ( 'NONE', #415, #4211, #4099, .T. ) ;
#5226 = CARTESIAN_POINT ( 'NONE',  ( -916.2188226148689400, 53.05136739624617800, 105.5957882377810400 ) ) ;
#5227 = CARTESIAN_POINT ( 'NONE',  ( -125.2851713949062700, 355.8962020979213900, -239.9999999999998900 ) ) ;
#5228 = CARTESIAN_POINT ( 'NONE',  ( -113.6492302732339400, 284.9856409245147100, 239.9999999999999400 ) ) ;
#5229 = CARTESIAN_POINT ( 'NONE',  ( -150.5356004847043600, 317.8444562646396300, -139.6677651786623400 ) ) ;
#5230 = CARTESIAN_POINT ( 'NONE',  ( -534.0300862400527000, -11.13421401238157100, 0.0000000000000000000 ) ) ;
#5231 = CARTESIAN_POINT ( 'NONE',  ( -767.2398480514914400, -49.25060836388760100, 63.76625900012461300 ) ) ;
#5232 = CARTESIAN_POINT ( 'NONE',  ( -16.57155175398151700, 303.3018307089461100, 239.9999999999998900 ) ) ;
#5233 = CARTESIAN_POINT ( 'NONE',  ( -878.6136927637468300, 11.89034330751578500, -114.2475637360634600 ) ) ;
#5234 = CARTESIAN_POINT ( 'NONE',  ( -157.1660011963851700, 319.4917124422457300, -137.9225819429058500 ) ) ;
#5235 = CARTESIAN_POINT ( 'NONE',  ( -918.0277154142125900, 13.86845839938640000, 100.8936424305039000 ) ) ;
#5236 = CARTESIAN_POINT ( 'NONE',  ( -930.6695487340591600, -44.07735929830071300, 69.73894230326517600 ) ) ;
#5237 = DIRECTION ( 'NONE',  ( 1.000000000000000000, 1.110223024625156800E-016, 0.0000000000000000000 ) ) ;
#5238 = EDGE_CURVE ( 'NONE', #5218, #1826, #1609, .T. ) ;
#5239 = CARTESIAN_POINT ( 'NONE',  ( -918.5437199091361400, 60.97314538799251000, 103.5507658880144100 ) ) ;
#5240 = CYLINDRICAL_SURFACE ( 'NONE', #6650, 717.0091088048179700 ) ;
#5241 = ORIENTED_EDGE ( 'NONE', *, *, #2065, .T. ) ;
#5242 = CARTESIAN_POINT ( 'NONE',  ( -977.9970575583958000, 400.0000000000000000, -87.52448106196112600 ) ) ;
#5243 = CARTESIAN_POINT ( 'NONE',  ( -889.8048394498116500, -74.52220209115317600, 20.83333333333332900 ) ) ;
#5244 = CARTESIAN_POINT ( 'NONE',  ( -16.73615663488694200, 300.6365037570094500, 239.9999999999999400 ) ) ;
#5245 = CARTESIAN_POINT ( 'NONE',  ( -184.6267484020529500, 297.3319171099013300, -138.5313935814174300 ) ) ;
#5246 = CARTESIAN_POINT ( 'NONE',  ( -1021.074700142277500, 20.99602887136788700, -56.80099378340558800 ) ) ;
#5247 = FACE_BOUND ( 'NONE', #4802, .T. ) ;
#5248 = ORIENTED_EDGE ( 'NONE', *, *, #2557, .T. ) ;
#5249 = CARTESIAN_POINT ( 'NONE',  ( -126.6605787304530800, 320.7108228234977800, 239.9999999999998000 ) ) ;
#5250 = EDGE_CURVE ( 'NONE', #4784, #1081, #2189, .T. ) ;
#5251 = CARTESIAN_POINT ( 'NONE',  ( -184.2664800676079400, 298.8397230649670200, 240.0000000000000300 ) ) ;
#5252 =( BOUNDED_CURVE ( )  B_SPLINE_CURVE ( 3, ( #1231, #3403, #2752, #3350 ),
 .UNSPECIFIED., .F., .T. ) 
 B_SPLINE_CURVE_WITH_KNOTS ( ( 4, 4 ),
 ( 5.041869326281658700, 5.621984804581035900 ),
 .UNSPECIFIED. ) 
 CURVE ( )  GEOMETRIC_REPRESENTATION_ITEM ( )  RATIONAL_B_SPLINE_CURVE ( ( 1.000000000000000000, 0.9721515755180505400, 0.9721515755180505400, 1.000000000000000000 ) ) 
 REPRESENTATION_ITEM ( '' )  );
#5253 = CARTESIAN_POINT ( 'NONE',  ( -1033.286065446465500, 36.25511863749611100, 27.66881905562815500 ) ) ;
#5254 = LINE ( 'NONE', #3482, #5418 ) ;
#5255 = CARTESIAN_POINT ( 'NONE',  ( -1028.652801296488600, 37.25552008145246000, 4.577038127496751800 ) ) ;
#5256 = CARTESIAN_POINT ( 'NONE',  ( -176.4562399139424500, 337.8825901175833300, 114.4713968137522800 ) ) ;
#5257 = CARTESIAN_POINT ( 'NONE',  ( -860.9502343962403800, 96.92203220215058900, -90.02740130938413200 ) ) ;
#5258 = CARTESIAN_POINT ( 'NONE',  ( -938.7372758657093100, -42.79993836355713200, 54.33335089696846200 ) ) ;
#5259 = CARTESIAN_POINT ( 'NONE',  ( -1016.760773955059900, 0.3197806607504014000, 8.550177343583840200 ) ) ;
#5260 = CARTESIAN_POINT ( 'NONE',  ( -169.1499314211652900, 319.0784114174284700, 139.0472874807805400 ) ) ;
#5261 = EDGE_CURVE ( 'NONE', #4686, #2822, #1118, .T. ) ;
#5262 = ORIENTED_EDGE ( 'NONE', *, *, #1950, .F. ) ;
#5263 = CARTESIAN_POINT ( 'NONE',  ( -772.6855486305775000, 101.8083559552814400, -119.4279622270934200 ) ) ;
#5264 = ORIENTED_EDGE ( 'NONE', *, *, #2914, .F. ) ;
#5265 = DIRECTION ( 'NONE',  ( -1.000000000000000000, -1.110223024625156700E-015, 0.0000000000000000000 ) ) ;
#5266 = VERTEX_POINT ( 'NONE', #6838 ) ;
#5267 = PLANE ( 'NONE',  #5440 ) ;
#5268 = CARTESIAN_POINT ( 'NONE',  ( -237.2334984883048000, 82.16098930012350400, -111.6494292484865400 ) ) ;
#5269 = CARTESIAN_POINT ( 'NONE',  ( -17.91287595219661800, 300.2337817179677600, 239.9999999999999100 ) ) ;
#5270 = EDGE_LOOP ( 'NONE', ( #5607, #5317, #5143, #900 ) ) ;
#5271 = CARTESIAN_POINT ( 'NONE',  ( -184.6024823531584800, 297.8104434496007100, -138.5322024497139100 ) ) ;
#5272 = CARTESIAN_POINT ( 'NONE',  ( -418.4486822469645500, 71.87170263032061300, -650.0000000000000000 ) ) ;
#5273 = ORIENTED_EDGE ( 'NONE', *, *, #4242, .T. ) ;
#5274 = CARTESIAN_POINT ( 'NONE',  ( -69.42975113370761200, 312.9488471874012700, 240.0000000000000000 ) ) ;
#5275 = CARTESIAN_POINT ( 'NONE',  ( -180.7210865815202100, 292.3467387339594600, 239.9999999999999700 ) ) ;
#5276 = FACE_OUTER_BOUND ( 'NONE', #446, .T. ) ;
#5277 = CARTESIAN_POINT ( 'NONE',  ( -930.1678777340224500, 6.841543270796326400, 49.73457413267520600 ) ) ;
#5278 = DIRECTION ( 'NONE',  ( 0.0000000000000000000, 0.0000000000000000000, -1.000000000000000000 ) ) ;
#5279 = VERTEX_POINT ( 'NONE', #4101 ) ;
#5280 = CARTESIAN_POINT ( 'NONE',  ( -1016.771606399477400, 0.3191718704478849200, -8.564322522969108700 ) ) ;
#5281 = DIRECTION ( 'NONE',  ( 0.9952388894613625200, 0.09746564986554909200, 0.0000000000000000000 ) ) ;
#5282 = CARTESIAN_POINT ( 'NONE',  ( -159.9743778347366600, 343.6846551672472900, 114.7656532489223300 ) ) ;
#5283 = CARTESIAN_POINT ( 'NONE',  ( -923.9796269583838500, 74.73396668328258800, -103.9668674994724000 ) ) ;
#5284 = B_SPLINE_CURVE_WITH_KNOTS ( 'NONE', 3,
 ( #128, #4323, #1243, #3824, #1215, #2718, #5917, #5948, #1168, #667 ),
 .UNSPECIFIED., .F., .F.,
 ( 4, 2, 2, 2, 4 ),
 ( 0.0000000000000000000, 0.004018748979680214500, 0.005023436224600183100, 0.006028123469520150900, 0.008037497959360087200 ),
 .UNSPECIFIED. ) ;
#5285 = CARTESIAN_POINT ( 'NONE',  ( -403.6239052080296100, 141.5994251996817200, -755.0000000000000000 ) ) ;
#5286 = EDGE_LOOP ( 'NONE', ( #6096, #243, #1870, #5105, #4107 ) ) ;
#5287 = CARTESIAN_POINT ( 'NONE',  ( -948.7841062061123700, 5.018420375086568800, -81.73844108900408400 ) ) ;
#5288 = AXIS2_PLACEMENT_3D ( 'NONE', #805, #1334, #4004 ) ;
#5289 = CARTESIAN_POINT ( 'NONE',  ( -1006.539927943613000, 0.8941987417924398600, -41.28263253712534500 ) ) ;
#5290 = CARTESIAN_POINT ( 'NONE',  ( -765.7259812764267500, 22.94565302080535600, -57.56036539834506300 ) ) ;
#5291 = CARTESIAN_POINT ( 'NONE',  ( -15.30291464681121000, 301.1726474192224100, 239.9999999999999100 ) ) ;
#5292 = CARTESIAN_POINT ( 'NONE',  ( -400.5908276046105800, 154.8150260745618400, 708.2248410111587900 ) ) ;
#5293 = CARTESIAN_POINT ( 'NONE',  ( -113.0451986169773600, 318.9349433391436200, 239.9999999999999400 ) ) ;
#5294 = CARTESIAN_POINT ( 'NONE',  ( -183.6147351567490500, 296.8498361228777200, 240.0000000000000600 ) ) ;
#5295 = AXIS2_PLACEMENT_3D ( 'NONE', #3693, #2271, #707 ) ;
#5296 = CARTESIAN_POINT ( 'NONE',  ( -545.3854435389458800, 114.2875860702224500, 0.0000000000000000000 ) ) ;
#5297 = EDGE_LOOP ( 'NONE', ( #6528, #4940, #3110, #973, #4095, #2048, #3862, #2878 ) ) ;
#5298 = CARTESIAN_POINT ( 'NONE',  ( -977.9970575583965900, 22.89356240254233300, -87.52448106196139600 ) ) ;
#5299 = DIRECTION ( 'NONE',  ( -0.0000000000000000000, -1.000000000000000000, -0.0000000000000000000 ) ) ;
#5300 = EDGE_CURVE ( 'NONE', #4970, #5899, #6617, .T. ) ;
#5301 = CARTESIAN_POINT ( 'NONE',  ( -179.5908470121079000, 336.7791229121610900, 114.2970657991369700 ) ) ;
#5302 = CARTESIAN_POINT ( 'NONE',  ( -923.3736790701314000, 11.08669118280865700, 97.22498422022815100 ) ) ;
#5303 = CARTESIAN_POINT ( 'NONE',  ( -1030.157595300172000, 35.55880852245004300, 16.11264110026505800 ) ) ;
#5304 = DIRECTION ( 'NONE',  ( -0.0000000000000000000, -1.000000000000000000, -0.0000000000000000000 ) ) ;
#5305 = CARTESIAN_POINT ( 'NONE',  ( -885.2992644139411600, -54.09632305098299600, -0.0000000000000000000 ) ) ;
#5306 = CARTESIAN_POINT ( 'NONE',  ( -1001.583692288670900, 47.41521877727062400, 75.84046615297729900 ) ) ;
#5307 = CARTESIAN_POINT ( 'NONE',  ( -766.2251665220428500, 22.89676685399410900, -56.73308595768304500 ) ) ;
#5308 = CARTESIAN_POINT ( 'NONE',  ( -27.55198480395189600, 306.0805170852739800, 143.7672190346873700 ) ) ;
#5309 =( GEOMETRIC_REPRESENTATION_CONTEXT ( 3 ) GLOBAL_UNCERTAINTY_ASSIGNED_CONTEXT ( ( #2531 ) ) GLOBAL_UNIT_ASSIGNED_CONTEXT ( ( #6230, #5155, #6300 ) ) REPRESENTATION_CONTEXT ( 'NONE', 'WORKASPACE' ) );
#5310 = VECTOR ( 'NONE', #6833, 1000.000000000000000 ) ;
#5311 = CARTESIAN_POINT ( 'NONE',  ( -968.1904412960801700, 3.117920825600502900, -71.10066727880162300 ) ) ;
#5312 = CARTESIAN_POINT ( 'NONE',  ( -530.2061565769819300, -7.705684670995867500, -0.0000000000000000000 ) ) ;
#5313 = CARTESIAN_POINT ( 'NONE',  ( -137.3420664630166600, 322.0888930020300300, 239.9999999999999700 ) ) ;
#5314 = CARTESIAN_POINT ( 'NONE',  ( -182.7448190046042400, 295.0901944834248000, 240.0000000000000000 ) ) ;
#5315 = CARTESIAN_POINT ( 'NONE',  ( -940.2500410901726600, 5.854177710664687100, 58.39826446285984900 ) ) ;
#5316 = LINE ( 'NONE', #3357, #2661 ) ;
#5317 = ORIENTED_EDGE ( 'NONE', *, *, #4382, .T. ) ;
#5318 = DIRECTION ( 'NONE',  ( 0.0000000000000000000, 0.0000000000000000000, 1.000000000000000000 ) ) ;
#5319 = CARTESIAN_POINT ( 'NONE',  ( -766.4217174955604200, -48.50290693699209800, 62.99244922521376800 ) ) ;
#5320 = ADVANCED_FACE ( 'NONE', ( #5665 ), #4731, .F. ) ;
#5321 = CARTESIAN_POINT ( 'NONE',  ( -157.8438615995675600, 322.1990988914044500, 139.4241564748206800 ) ) ;
#5322 = CARTESIAN_POINT ( 'NONE',  ( -811.0229706668569600, -58.88297789465520500, -312.7521233735409400 ) ) ;
#5323 = CARTESIAN_POINT ( 'NONE',  ( -1026.062289031846800, 24.96993600802364800, 48.69343506042290000 ) ) ;
#5324 = CIRCLE ( 'NONE', #904, 38.00000000000003600 ) ;
#5325 = AXIS2_PLACEMENT_3D ( 'NONE', #85, #5892, #4849 ) ;
#5326 = CARTESIAN_POINT ( 'NONE',  ( -938.9257500028209100, 5.983868072251899800, -54.63878035107162400 ) ) ;
#5327 = ORIENTED_EDGE ( 'NONE', *, *, #5791, .F. ) ;
#5328 = CARTESIAN_POINT ( 'NONE',  ( -918.9483379989669600, 76.50511764219166400, 81.22163257603277500 ) ) ;
#5329 = CARTESIAN_POINT ( 'NONE',  ( -985.1434271395694400, 53.20264057276886400, 61.17308984930221500 ) ) ;
#5330 = LINE ( 'NONE', #4385, #52 ) ;
#5331 = CARTESIAN_POINT ( 'NONE',  ( -985.1434271397142800, 53.20264057271791100, -61.17308984930191700 ) ) ;
#5332 = ORIENTED_EDGE ( 'NONE', *, *, #6412, .T. ) ;
#5333 = CARTESIAN_POINT ( 'NONE',  ( -396.7006316504052300, 94.88199682567854200, -509.9181256018205800 ) ) ;
#5334 = CARTESIAN_POINT ( 'NONE',  ( -16.69750752662574900, 300.6507974549490400, 239.9999999999999100 ) ) ;
#5335 = DIRECTION ( 'NONE',  ( 1.091269043887816600E-015, -1.000000000000000000, -1.091269043887816600E-015 ) ) ;
#5336 = DIRECTION ( 'NONE',  ( -0.0000000000000000000, -0.0000000000000000000, 1.000000000000000000 ) ) ;
#5337 = CARTESIAN_POINT ( 'NONE',  ( -99.26773476026637900, 317.1031302417982300, 239.9999999999999700 ) ) ;
#5338 = FACE_OUTER_BOUND ( 'NONE', #1150, .T. ) ;
#5339 = ORIENTED_EDGE ( 'NONE', *, *, #3133, .T. ) ;
#5340 = EDGE_CURVE ( 'NONE', #2458, #4329, #6395, .T. ) ;
#5341 = CARTESIAN_POINT ( 'NONE',  ( -183.8558886600565100, 297.4698454741388200, 239.9999999999999400 ) ) ;
#5342 = CARTESIAN_POINT ( 'NONE',  ( -357.9726304450874700, 146.0331211803212500, 374.2254074289194800 ) ) ;
#5343 = CARTESIAN_POINT ( 'NONE',  ( -737.8109758953003200, 133.8123252657459500, -111.7300415381103600 ) ) ;
#5344 = CARTESIAN_POINT ( 'NONE',  ( 465.9699137599474700, -201.6600000000000000, 1100.000000371594300 ) ) ;
#5345 = EDGE_LOOP ( 'NONE', ( #6852, #6037, #4963, #4513 ) ) ;
#5346 = LINE ( 'NONE', #4403, #5425 ) ;
#5347 = ORIENTED_EDGE ( 'NONE', *, *, #4772, .F. ) ;
#5348 = CARTESIAN_POINT ( 'NONE',  ( -884.7415063156291800, -53.51484258437727000, -62.35018648539097800 ) ) ;
#5349 = CARTESIAN_POINT ( 'NONE',  ( -1039.341341700038100, -0.9492616844999066700, 46.52586758264808300 ) ) ;
#5350 = ORIENTED_EDGE ( 'NONE', *, *, #6148, .F. ) ;
#5351 = CARTESIAN_POINT ( 'NONE',  ( -931.6619634569149200, 6.695224595472745400, -69.65681789226260900 ) ) ;
#5352 = EDGE_CURVE ( 'NONE', #6840, #2369, #839, .T. ) ;
#5353 = FACE_OUTER_BOUND ( 'NONE', #5270, .T. ) ;
#5354 = VERTEX_POINT ( 'NONE', #1549 ) ;
#5355 = LINE ( 'NONE', #2364, #5031 ) ;
#5356 = DIRECTION ( 'NONE',  ( -0.3420201433256637700, -0.9396926207859102000, 0.0000000000000000000 ) ) ;
#5357 = ORIENTED_EDGE ( 'NONE', *, *, #2118, .F. ) ;
#5358 = CARTESIAN_POINT ( 'NONE',  ( -982.8162755924973900, 30.82403548821886100, 85.87657668774734500 ) ) ;
#5359 = CARTESIAN_POINT ( 'NONE',  ( -1024.906767650067400, 39.20486003513814700, -51.86631232989277200 ) ) ;
#5360 = ADVANCED_FACE ( 'NONE', ( #291 ), #4958, .T. ) ;
#5361 = CARTESIAN_POINT ( 'NONE',  ( -740.6150288742914000, -34.39772603926746800, 36.91500537387647500 ) ) ;
#5362 = CARTESIAN_POINT ( 'NONE',  ( -27.05541572611715000, 298.0160420888445900, 143.7837713372820200 ) ) ;
#5363 = VECTOR ( 'NONE', #4493, 1000.000000000000000 ) ;
#5364 = CARTESIAN_POINT ( 'NONE',  ( -966.3214397844178600, 3.300955721908109400, -72.53541750677389600 ) ) ;
#5365 = CARTESIAN_POINT ( 'NONE',  ( -912.6363747079964200, 17.02916828837914700, -104.0923182451449000 ) ) ;
#5366 = CARTESIAN_POINT ( 'NONE',  ( -155.6959001874351700, 322.5030829827167100, 239.9999999999999100 ) ) ;
#5367 = VERTEX_POINT ( 'NONE', #5864 ) ;
#5368 = CARTESIAN_POINT ( 'NONE',  ( -159.1530495142295400, 282.0649993999365400, 239.9999999999999700 ) ) ;
#5369 = CARTESIAN_POINT ( 'NONE',  ( -250.6785800302291400, -28.06546278693358700, -755.0000000000000000 ) ) ;
#5370 = CARTESIAN_POINT ( 'NONE',  ( -901.9429414157249300, 6.772616263868231500, -108.9310669347459600 ) ) ;
#5371 = CARTESIAN_POINT ( 'NONE',  ( -1030.752024518243800, 31.91422313031321100, 30.04237421175022500 ) ) ;
#5372 = CARTESIAN_POINT ( 'NONE',  ( -1005.289587861692300, 20.99602887136790500, -44.51969783023675800 ) ) ;
#5373 = ORIENTED_EDGE ( 'NONE', *, *, #1725, .T. ) ;
#5374 = CARTESIAN_POINT ( 'NONE',  ( -658.0707898217590400, 71.86193051735823200, -650.0000000000000000 ) ) ;
#5375 = CARTESIAN_POINT ( 'NONE',  ( -1015.486782544675000, 0.3913797926028556600, 18.76223287139584900 ) ) ;
#5376 = CARTESIAN_POINT ( 'NONE',  ( -938.1732235381845200, 6.057564429672670900, -53.54115432636972100 ) ) ;
#5377 =( BOUNDED_CURVE ( )  B_SPLINE_CURVE ( 3, ( #5692, #4646, #3075, #413 ),
 .UNSPECIFIED., .F., .F. ) 
 B_SPLINE_CURVE_WITH_KNOTS ( ( 4, 4 ),
 ( 5.041869326281649000, 5.702601151252221900 ),
 .UNSPECIFIED. ) 
 CURVE ( )  GEOMETRIC_REPRESENTATION_ITEM ( )  RATIONAL_B_SPLINE_CURVE ( ( 1.000000000000000000, 0.9639491392049655000, 0.9639491392049655000, 1.000000000000000000 ) ) 
 REPRESENTATION_ITEM ( '' )  );
#5378 = DIRECTION ( 'NONE',  ( -0.03125000000000001400, 0.0000000000000000000, 0.9995115994824672600 ) ) ;
#5379 = CARTESIAN_POINT ( 'NONE',  ( -157.1660011963854800, 279.3592731268847700, 137.9225819429061100 ) ) ;
#5380 = ORIENTED_EDGE ( 'NONE', *, *, #3189, .T. ) ;
#5381 = CARTESIAN_POINT ( 'NONE',  ( -984.7083298120170400, 53.35580670079875200, -85.22959943904443500 ) ) ;
#5382 = CARTESIAN_POINT ( 'NONE',  ( -418.8108414987675000, 78.87170263032058400, 650.0000000000000000 ) ) ;
#5383 = EDGE_CURVE ( 'NONE', #5871, #3896, #4447, .T. ) ;
#5384 = CARTESIAN_POINT ( 'NONE',  ( -916.1761530242783900, 52.78097960269511900, 105.6062142766424000 ) ) ;
#5385 = CARTESIAN_POINT ( 'NONE',  ( -903.1420864286368400, 22.63471032366287300, -108.1743023418718600 ) ) ;
#5386 = CARTESIAN_POINT ( 'NONE',  ( -147.8041691874471400, 322.9955543394674500, 239.9999999999999700 ) ) ;
#5387 = CARTESIAN_POINT ( 'NONE',  ( -531.9501749664385700, -5.650588350028082000, -69.73714230385326100 ) ) ;
#5388 = CARTESIAN_POINT ( 'NONE',  ( -169.8898224210902300, 285.2234977912276600, 240.0000000000000000 ) ) ;
#5389 = CARTESIAN_POINT ( 'NONE',  ( -937.7447747082045500, 6.099523243873217200, 53.00737150436270200 ) ) ;
#5390 = CARTESIAN_POINT ( 'NONE',  ( -952.3915814417569000, 3.937370439656232800, -96.23875389459409700 ) ) ;
#5391 = CARTESIAN_POINT ( 'NONE',  ( -1025.528095748797800, 24.49074053889315600, 49.74942052518749600 ) ) ;
#5392 = EDGE_CURVE ( 'NONE', #3558, #4254, #162, .T. ) ;
#5393 = ADVANCED_FACE ( 'NONE', ( #1297 ), #5807, .F. ) ;
#5394 = CARTESIAN_POINT ( 'NONE',  ( -966.0375125829712000, -38.04515784016426500, 0.0000000000000000000 ) ) ;
#5395 = DIRECTION ( 'NONE',  ( -0.0000000000000000000, -0.0000000000000000000, 1.000000000000000000 ) ) ;
#5396 = CARTESIAN_POINT ( 'NONE',  ( -731.4912538599129400, 48.17622287231039000, -120.1363606135620900 ) ) ;
#5397 = CARTESIAN_POINT ( 'NONE',  ( -916.1761530242783900, 400.0000000000000000, 105.6062142766424000 ) ) ;
#5398 = CARTESIAN_POINT ( 'NONE',  ( -767.9223319890176100, 22.73056019052903000, 64.18300531351000900 ) ) ;
#5399 = CARTESIAN_POINT ( 'NONE',  ( -657.1477111387589500, -36.52210372559174100, 123.2738644042215400 ) ) ;
#5400 = DIRECTION ( 'NONE',  ( -0.0000000000000000000, -0.0000000000000000000, -1.000000000000000000 ) ) ;
#5401 = CARTESIAN_POINT ( 'NONE',  ( -728.6117111961243600, -24.22778181205591600, 269.8657537935164300 ) ) ;
#5402 = PLANE ( 'NONE',  #4489 ) ;
#5403 = CARTESIAN_POINT ( 'NONE',  ( -918.9483379989669600, 76.50511764219166400, 81.22163257603277500 ) ) ;
#5404 = VECTOR ( 'NONE', #6236, 1000.000000000000000 ) ;
#5405 = ORIENTED_EDGE ( 'NONE', *, *, #4748, .F. ) ;
#5406 = CARTESIAN_POINT ( 'NONE',  ( -140.4186034506442100, 322.4680347232657600, 239.9999999999999700 ) ) ;
#5407 = CARTESIAN_POINT ( 'NONE',  ( -181.4645284611884500, 305.6685371766565700, -138.6368009127795900 ) ) ;
#5408 = CARTESIAN_POINT ( 'NONE',  ( -163.9163462205502500, 283.1808106642623700, 240.0000000000000600 ) ) ;
#5409 = CARTESIAN_POINT ( 'NONE',  ( -938.1741956451941200, 6.057469229372130400, 53.51530491075701700 ) ) ;
#5410 = CARTESIAN_POINT ( 'NONE',  ( -737.1002142193403900, 131.6162775232480700, -114.0051590739743000 ) ) ;
#5411 = CYLINDRICAL_SURFACE ( 'NONE', #6732, 12307.97677111181800 ) ;
#5412 = CARTESIAN_POINT ( 'NONE',  ( -1015.798746775046000, 0.3738472033863962700, -17.10642992233797700 ) ) ;
#5413 = VERTEX_POINT ( 'NONE', #525 ) ;
#5414 = CARTESIAN_POINT ( 'NONE',  ( -1006.539951466032000, 0.8941974198174417200, 41.28259415989419500 ) ) ;
#5415 = CARTESIAN_POINT ( 'NONE',  ( -750.6785800302290000, 25.93453721306587700, 877.0070966690597100 ) ) ;
#5416 = CARTESIAN_POINT ( 'NONE',  ( -823.4795694045186600, -51.28511978471855300, 53.06883101653951900 ) ) ;
#5417 = CARTESIAN_POINT ( 'NONE',  ( -729.9629539702366400, 34.41057478844405900, -113.5725832652901500 ) ) ;
#5418 = VECTOR ( 'NONE', #1970, 1000.000000000000000 ) ;
#5419 = VERTEX_POINT ( 'NONE', #4217 ) ;
#5420 = B_SPLINE_SURFACE_WITH_KNOTS ( 'NONE', 3, 3, ( 
 ( #4925, #2889, #4947, #1756, #5477, #5457, #6589 ),
 ( #4487, #2862, #734, #5551, #3942, #6619, #3436 ),
 ( #4414, #1811, #266, #1335, #2911, #285, #3989 ),
 ( #834, #5502, #4509, #2341, #2299, #6045, #5993 ) ),
 .UNSPECIFIED., .F., .F., .F.,
 ( 4, 4 ),
 ( 4, 1, 1, 1, 4 ),
 ( 0.0000000000000000000, 1.000000000000000000 ),
 ( 0.0000000000000000000, 0.1490010684283051300, 0.3542303876842902700, 0.5841602856976757500, 1.000000000000000000 ),
 .UNSPECIFIED. ) ;
#5421 = CARTESIAN_POINT ( 'NONE',  ( -930.0000000000557100, -44.17288593644951100, -69.73844108900408400 ) ) ;
#5422 = CARTESIAN_POINT ( 'NONE',  ( -916.1761530242783900, 52.78097960269511900, 105.6062142766424000 ) ) ;
#5423 = ADVANCED_FACE ( 'NONE', ( #6655 ), #1687, .F. ) ;
#5424 = CARTESIAN_POINT ( 'NONE',  ( -721.5093510031268800, -27.39914864066235400, -0.0000000000000000000 ) ) ;
#5425 = VECTOR ( 'NONE', #1258, 1000.000000000000000 ) ;
#5426 = ORIENTED_EDGE ( 'NONE', *, *, #3905, .T. ) ;
#5427 = CARTESIAN_POINT ( 'NONE',  ( -395.1366864534506400, 150.2988450810440500, -755.0000000000000000 ) ) ;
#5428 = EDGE_LOOP ( 'NONE', ( #284, #6084, #1698, #6515 ) ) ;
#5429 = DIRECTION ( 'NONE',  ( -1.000000000000000000, 0.0000000000000000000, 0.0000000000000000000 ) ) ;
#5430 = CARTESIAN_POINT ( 'NONE',  ( -142.8852561172551000, 322.7252964863313300, 239.9999999999999400 ) ) ;
#5431 = CARTESIAN_POINT ( 'NONE',  ( -940.3841309089868900, 7.164169077462492700, -59.73484047611274400 ) ) ;
#5432 = LINE ( 'NONE', #1445, #2697 ) ;
#5433 = EDGE_CURVE ( 'NONE', #1389, #5446, #3292, .T. ) ;
#5434 = CARTESIAN_POINT ( 'NONE',  ( -176.7357897764268800, 288.8896217665368300, 239.9999999999999400 ) ) ;
#5435 = VERTEX_POINT ( 'NONE', #6519 ) ;
#5436 = FACE_OUTER_BOUND ( 'NONE', #4762, .T. ) ;
#5437 = VERTEX_POINT ( 'NONE', #4318 ) ;
#5438 = CARTESIAN_POINT ( 'NONE',  ( -167.2926150697863400, 279.0826522098839200, -139.1091980258263400 ) ) ;
#5439 = CARTESIAN_POINT ( 'NONE',  ( -731.9078426357674500, 51.42973581423980500, -120.2897758343767300 ) ) ;
#5440 = AXIS2_PLACEMENT_3D ( 'NONE', #5227, #526, #3124 ) ;
#5441 = CARTESIAN_POINT ( 'NONE',  ( -970.4037882827204800, 2.925072896146058400, 68.60026894045719800 ) ) ;
#5442 = CARTESIAN_POINT ( 'NONE',  ( -403.3349438461406700, 153.2827667448359800, 655.0000000000000000 ) ) ;
#5443 = LINE ( 'NONE', #114, #2066 ) ;
#5444 = EDGE_CURVE ( 'NONE', #1482, #60, #3934, .T. ) ;
#5445 = CARTESIAN_POINT ( 'NONE',  ( -660.9290852636136200, -29.58390484887792800, -36.90695453431306600 ) ) ;
#5446 = VERTEX_POINT ( 'NONE', #5912 ) ;
#5447 = CARTESIAN_POINT ( 'NONE',  ( -765.3900726117242400, -48.40835081150562800, -61.01129827765275600 ) ) ;
#5448 = CARTESIAN_POINT ( 'NONE',  ( -1010.857640209273800, 0.6515405517213944700, 33.48532719775536000 ) ) ;
#5449 = PLANE ( 'NONE',  #625 ) ;
#5450 = CARTESIAN_POINT ( 'NONE',  ( -822.4673178911358500, 110.4690685623246400, 117.1897664929381500 ) ) ;
#5451 = CARTESIAN_POINT ( 'NONE',  ( -750.6785800302290000, -28.06546278693414100, 655.0000000000000000 ) ) ;
#5452 = CARTESIAN_POINT ( 'NONE',  ( -1008.493667990313800, 0.7843973019484089500, -38.09505159494270300 ) ) ;
#5453 = CARTESIAN_POINT ( 'NONE',  ( -731.8216314142608800, 116.1323393407421300, 120.2915641476779300 ) ) ;
#5454 = VERTEX_POINT ( 'NONE', #5422 ) ;
#5455 = CARTESIAN_POINT ( 'NONE',  ( -732.0292279767045300, 51.41795551113726500, 120.2871615096274000 ) ) ;
#5456 = DIRECTION ( 'NONE',  ( -0.9396926207859102000, 0.3420201433256636600, 2.041942380590506500E-017 ) ) ;
#5457 = CARTESIAN_POINT ( 'NONE',  ( -497.7996294928674400, 48.47557972013056800, -576.2282484482782400 ) ) ;
#5458 = CARTESIAN_POINT ( 'NONE',  ( -140.5662711139798700, 322.4849539313052600, 239.9999999999999400 ) ) ;
#5459 = CARTESIAN_POINT ( 'NONE',  ( -403.3349438461406700, 153.2827667448359800, 755.0000000000000000 ) ) ;
#5460 = CARTESIAN_POINT ( 'NONE',  ( -143.2372818159790000, 281.2432963365049500, 239.9999999999999100 ) ) ;
#5461 = ORIENTED_EDGE ( 'NONE', *, *, #4373, .F. ) ;
#5462 = CARTESIAN_POINT ( 'NONE',  ( -930.0000000000557100, -44.17288593644951100, -69.73844108900408400 ) ) ;
#5463 = CARTESIAN_POINT ( 'NONE',  ( -880.6792016614116400, 89.97689755139808200, 88.13339503762942700 ) ) ;
#5464 = ADVANCED_FACE ( 'NONE', ( #799 ), #3449, .T. ) ;
#5465 = CARTESIAN_POINT ( 'NONE',  ( -780.2033681365487600, 125.3471317657689500, 94.42791072771194600 ) ) ;
#5466 =( BOUNDED_CURVE ( )  B_SPLINE_CURVE ( 3, ( #5810, #3177, #4703, #537 ),
 .UNSPECIFIED., .F., .F. ) 
 B_SPLINE_CURVE_WITH_KNOTS ( ( 4, 4 ),
 ( 4.733846311871580800, 4.778455634936655400 ),
 .UNSPECIFIED. ) 
 CURVE ( )  GEOMETRIC_REPRESENTATION_ITEM ( )  RATIONAL_B_SPLINE_CURVE ( ( 1.000000000000000000, 0.9998341742329751600, 0.9998341742329751600, 1.000000000000000000 ) ) 
 REPRESENTATION_ITEM ( '' )  );
#5467 = CARTESIAN_POINT ( 'NONE',  ( -930.8385474704332400, 6.775863299488311700, -49.74622502686759900 ) ) ;
#5468 = ORIENTED_EDGE ( 'NONE', *, *, #3585, .T. ) ;
#5469 = CARTESIAN_POINT ( 'NONE',  ( -527.5130262030224900, -0.1796302367025645900, -269.5430657194446000 ) ) ;
#5470 = CARTESIAN_POINT ( 'NONE',  ( -721.2497326902922600, -38.01434301723115500, -123.2482987937306100 ) ) ;
#5471 = CARTESIAN_POINT ( 'NONE',  ( -1016.994097761380300, 0.3066677136481872300, 3.424587032314581100 ) ) ;
#5472 = CARTESIAN_POINT ( 'NONE',  ( -730.9244628691578800, 116.3768325098300400, 120.3107350121487000 ) ) ;
#5473 = CARTESIAN_POINT ( 'NONE',  ( -915.8435091414822900, 53.17888132052552700, -105.6873987006312300 ) ) ;
#5474 = CARTESIAN_POINT ( 'NONE',  ( -855.4052764537917700, 73.21699231938713100, -114.8776019093374900 ) ) ;
#5475 = PLANE ( 'NONE',  #1582 ) ;
#5476 = EDGE_CURVE ( 'NONE', #1490, #3206, #6189, .T. ) ;
#5477 = CARTESIAN_POINT ( 'NONE',  ( -617.2240088808476900, 12.83734477182192400, -451.2146373188919600 ) ) ;
#5478 = CARTESIAN_POINT ( 'NONE',  ( -176.3248753057019100, 315.3900408491142600, 239.9999999999999700 ) ) ;
#5479 = CARTESIAN_POINT ( 'NONE',  ( -933.9434271286185100, 7.164169077462492700, -50.39632342440564400 ) ) ;
#5480 = CARTESIAN_POINT ( 'NONE',  ( -150.7467945407760200, 281.0492128276432600, 240.0000000000000000 ) ) ;
#5481 = CARTESIAN_POINT ( 'NONE',  ( -158.1885712959345700, 276.7085917886793700, -139.4126661516213200 ) ) ;
#5482 = FACE_OUTER_BOUND ( 'NONE', #2403, .T. ) ;
#5483 = EDGE_CURVE ( 'NONE', #1001, #4521, #382, .T. ) ;
#5484 = CARTESIAN_POINT ( 'NONE',  ( -1024.284852231978900, 23.37549502953773500, 52.20704611595428400 ) ) ;
#5485 = EDGE_CURVE ( 'NONE', #6757, #5767, #6572, .T. ) ;
#5486 = CARTESIAN_POINT ( 'NONE',  ( -969.8308515967171400, 2.957272304234655400, 68.92925905442729100 ) ) ;
#5487 = AXIS2_PLACEMENT_3D ( 'NONE', #1406, #1340, #4515 ) ;
#5488 = FACE_OUTER_BOUND ( 'NONE', #473, .T. ) ;
#5489 = CARTESIAN_POINT ( 'NONE',  ( -978.2096096027627300, 55.64353348873437700, 63.86921591008125200 ) ) ;
#5490 = VERTEX_POINT ( 'NONE', #4340 ) ;
#5491 = CARTESIAN_POINT ( 'NONE',  ( -533.3592136239985800, -3.954536307887407200, -123.3249956252032900 ) ) ;
#5492 = CARTESIAN_POINT ( 'NONE',  ( -765.4827279918943100, -48.41700976164377600, -61.31918674741638900 ) ) ;
#5493 = CARTESIAN_POINT ( 'NONE',  ( -5.573319583618285800E-011, 400.0000000000000000, 119.9484447048561000 ) ) ;
#5494 = LINE ( 'NONE', #3274, #1367 ) ;
#5495 = CARTESIAN_POINT ( 'NONE',  ( -720.5218967646291000, -42.84455594880284200, -62.35012099105503600 ) ) ;
#5496 = VERTEX_POINT ( 'NONE', #6611 ) ;
#5497 = ADVANCED_FACE ( 'NONE', ( #631 ), #3569, .T. ) ;
#5498 = CARTESIAN_POINT ( 'NONE',  ( -1007.589910239763600, 0.8351890653911300300, -39.56955737032578900 ) ) ;
#5499 = CARTESIAN_POINT ( 'NONE',  ( -876.6408731495237100, 12.08354530912902500, 89.13503094757886900 ) ) ;
#5500 = CARTESIAN_POINT ( 'NONE',  ( -167.1829898283860100, 284.1682094615958900, 139.1128522005398100 ) ) ;
#5501 = CARTESIAN_POINT ( 'NONE',  ( -729.7186922751344600, -45.97881655748227600, -312.7526747221214100 ) ) ;
#5502 = CARTESIAN_POINT ( 'NONE',  ( -723.7945680158910600, -29.18071593480783600, -36.91470976221314300 ) ) ;
#5503 = CARTESIAN_POINT ( 'NONE',  ( -170.8618212845566400, 318.3551613702234100, 239.9999999999999400 ) ) ;
#5504 = LINE ( 'NONE', #3614, #4106 ) ;
#5505 = CARTESIAN_POINT ( 'NONE',  ( -938.6266217216168600, 7.164169077462492700, -65.42064159118174900 ) ) ;
#5506 = ORIENTED_EDGE ( 'NONE', *, *, #5095, .T. ) ;
#5507 = CARTESIAN_POINT ( 'NONE',  ( -139.3676395048738900, 281.6566371781347600, 239.9999999999999400 ) ) ;
#5508 = CARTESIAN_POINT ( 'NONE',  ( -135.6766069332158500, 276.9747906016463000, -140.1630649637119500 ) ) ;
#5509 = CARTESIAN_POINT ( 'NONE',  ( -919.6985022082789100, 76.24103937728196500, 81.06458894970015200 ) ) ;
#5510 = CARTESIAN_POINT ( 'NONE',  ( -769.9172329506810700, -48.79991223945976500, 54.74699833021900000 ) ) ;
#5511 = CARTESIAN_POINT ( 'NONE',  ( -855.5931319013266100, 38.82442772337599700, 114.8594170278254300 ) ) ;
#5512 = LINE ( 'NONE', #3876, #4112 ) ;
#5513 = ORIENTED_EDGE ( 'NONE', *, *, #4553, .F. ) ;
#5514 = VERTEX_POINT ( 'NONE', #4503 ) ;
#5515 = CARTESIAN_POINT ( 'NONE',  ( -977.9970575583958000, 22.89356240254231200, -87.52448106196112600 ) ) ;
#5516 = CARTESIAN_POINT ( 'NONE',  ( -721.0375125829706300, -43.02027741034838500, 20.83333333333332900 ) ) ;
#5517 = CARTESIAN_POINT ( 'NONE',  ( -395.1366864534506400, 150.2988450810440500, 755.0000000000000000 ) ) ;
#5518 = CARTESIAN_POINT ( 'NONE',  ( -765.7232061239892600, -48.43925390850151300, -61.91252206166709700 ) ) ;
#5519 = VERTEX_POINT ( 'NONE', #2405 ) ;
#5520 = VECTOR ( 'NONE', #5395, 1000.000000000000000 ) ;
#5521 = CARTESIAN_POINT ( 'NONE',  ( -1015.791979680859200, 0.3742275184065575500, 17.06200298702590200 ) ) ;
#5522 = ORIENTED_EDGE ( 'NONE', *, *, #4028, .F. ) ;
#5523 = CARTESIAN_POINT ( 'NONE',  ( -768.5136870756553000, 22.67264765472410200, 55.03344301454325200 ) ) ;
#5524 = EDGE_CURVE ( 'NONE', #3637, #5279, #5554, .T. ) ;
#5525 = VERTEX_POINT ( 'NONE', #6041 ) ;
#5526 = CARTESIAN_POINT ( 'NONE',  ( -810.0711206337946400, -76.22238607692064200, -312.7521233735409400 ) ) ;
#5527 = CARTESIAN_POINT ( 'NONE',  ( -856.4496461967385100, 76.24316764291442900, -114.6204875268039000 ) ) ;
#5528 = VECTOR ( 'NONE', #2968, 1000.000000000000000 ) ;
#5529 = CARTESIAN_POINT ( 'NONE',  ( -183.0252473942630900, 295.5823799498005500, 138.5847769483438900 ) ) ;
#5530 = EDGE_LOOP ( 'NONE', ( #2213, #1344, #745, #1985 ) ) ;
#5531 = LINE ( 'NONE', #3627, #6033 ) ;
#5532 = VERTEX_POINT ( 'NONE', #869 ) ;
#5533 = CARTESIAN_POINT ( 'NONE',  ( -721.0375125829706300, -43.02027741034838500, -20.83333333333332900 ) ) ;
#5534 = CARTESIAN_POINT ( 'NONE',  ( -970.2128377145037300, 2.935804440173480400, -68.66556340823054000 ) ) ;
#5535 = CARTESIAN_POINT ( 'NONE',  ( -156.6129906567784900, 322.3740178702282200, 239.9999999999999700 ) ) ;
#5536 = CARTESIAN_POINT ( 'NONE',  ( -936.0115517724706300, -44.47907115522036000, -51.47160824854562100 ) ) ;
#5537 = EDGE_CURVE ( 'NONE', #4329, #5793, #2843, .T. ) ;
#5538 = CARTESIAN_POINT ( 'NONE',  ( -88.76018182137744400, 283.1664941591969300, -141.7269458007732800 ) ) ;
#5539 = AXIS2_PLACEMENT_3D ( 'NONE', #1195, #187, #207 ) ;
#5540 = CARTESIAN_POINT ( 'NONE',  ( -413.0707898217584700, 61.93453721306585200, 650.0000000000000000 ) ) ;
#5541 = ADVANCED_FACE ( 'NONE', ( #1456 ), #3810, .F. ) ;
#5542 = CARTESIAN_POINT ( 'NONE',  ( -969.7163943675429900, 2.968481319820208700, 69.30927943050323800 ) ) ;
#5543 = ORIENTED_EDGE ( 'NONE', *, *, #3894, .T. ) ;
#5544 = CARTESIAN_POINT ( 'NONE',  ( -728.7180913108613800, 26.58008128166897100, -96.12232767479511600 ) ) ;
#5545 = CARTESIAN_POINT ( 'NONE',  ( -940.2345171539867600, -42.57602723213304300, -58.40906013937043900 ) ) ;
#5546 = ORIENTED_EDGE ( 'NONE', *, *, #3233, .T. ) ;
#5547 = CARTESIAN_POINT ( 'NONE',  ( -770.0781411151467600, 22.51943767543320600, 54.73844108899106000 ) ) ;
#5548 = DIRECTION ( 'NONE',  ( -0.0000000000000000000, -0.0000000000000000000, -1.000000000000000000 ) ) ;
#5549 = CARTESIAN_POINT ( 'NONE',  ( -861.6342496577638000, 96.68124017129572700, -89.96129063427129300 ) ) ;
#5550 = CARTESIAN_POINT ( 'NONE',  ( -141.1728542065659700, 281.4276139085757200, 139.9798567212671100 ) ) ;
#5551 = CARTESIAN_POINT ( 'NONE',  ( -728.6117111961243600, -24.22778181205591600, -269.8657537935164300 ) ) ;
#5552 = CARTESIAN_POINT ( 'NONE',  ( -169.4055503420702300, 318.9737294133622100, 239.9999999999999400 ) ) ;
#5553 = ORIENTED_EDGE ( 'NONE', *, *, #4425, .T. ) ;
#5554 = B_SPLINE_CURVE_WITH_KNOTS ( 'NONE', 3,
 ( #4462, #800, #756, #5061, #826, #2381, #214, #4483, #3909, #1348, #2853, #4984, #6060, #5009, #2883, #5039, #261, #2928, #6104, #6634, #1923, #6726, #4637, #1993, #3509, #1486, #1944, #4554, #4072, #5703 ),
 .UNSPECIFIED., .F., .F.,
 ( 4, 2, 2, 2, 2, 2, 2, 2, 2, 2, 2, 2, 2, 2, 4 ),
 ( 0.0000000000000000000, 0.004847449131475722000, 0.007271173697213583400, 0.009694898262951444000, 0.01454234739442718200, 0.01696607196016501600, 0.01938979652590285000, 0.02423724565737852400, 0.02666097022311638200, 0.02908469478885423700, 0.03150841935459209500, 0.03393214392032995600, 0.03635586848606780400, 0.03756773076893674100, 0.03877959305180566500 ),
 .UNSPECIFIED. ) ;
#5555 = CARTESIAN_POINT ( 'NONE',  ( -16.51613985825477800, 295.5641235119393900, -144.1350805328773100 ) ) ;
#5556 = CARTESIAN_POINT ( 'NONE',  ( -857.3882175796899200, 37.44694178525199400, 114.6823972290510300 ) ) ;
#5557 = FILL_AREA_STYLE ('',( #2351 ) ) ;
#5558 = PLANE ( 'NONE',  #2725 ) ;
#5559 = CARTESIAN_POINT ( 'NONE',  ( -739.4335370044979100, 139.6992244574324200, -95.30066013804140800 ) ) ;
#5560 = CARTESIAN_POINT ( 'NONE',  ( -930.3347340925689700, -44.12525089787533300, -69.74307254680483900 ) ) ;
#5561 = CARTESIAN_POINT ( 'NONE',  ( -765.2319964260227600, 22.99402990295712700, 60.05816583415932500 ) ) ;
#5562 = CARTESIAN_POINT ( 'NONE',  ( -971.0375125829706300, -46.70541187800889600, -20.83333333333332900 ) ) ;
#5563 = ADVANCED_FACE ( 'NONE', ( #3765 ), #5240, .T. ) ;
#5564 = DIRECTION ( 'NONE',  ( -1.972152263052529500E-031, -2.189528850507527500E-046, -1.000000000000000000 ) ) ;
#5565 = DIRECTION ( 'NONE',  ( 1.000000000000000000, 0.0000000000000000000, 0.0000000000000000000 ) ) ;
#5566 = EDGE_CURVE ( 'NONE', #5496, #1323, #4422, .T. ) ;
#5567 = CARTESIAN_POINT ( 'NONE',  ( -729.6119162388349700, 31.66158438545877000, 110.5878984203646700 ) ) ;
#5568 = ORIENTED_EDGE ( 'NONE', *, *, #4039, .F. ) ;
#5569 = CARTESIAN_POINT ( 'NONE',  ( -189.9990276139616000, 333.1151594224937800, 137.9595885521010800 ) ) ;
#5570 = CARTESIAN_POINT ( 'NONE',  ( -167.3081383807168500, 319.7548387590129000, 239.9999999999999700 ) ) ;
#5571 = DIRECTION ( 'NONE',  ( 1.000000000000000000, 0.0000000000000000000, 0.0000000000000000000 ) ) ;
#5572 = B_SPLINE_SURFACE_WITH_KNOTS ( 'NONE', 3, 3, ( 
 ( #1054, #4823, #2651, #530, #4754, #29, #2693 ),
 ( #4781, #4277, #2155, #2175, #4251, #4735, #4237 ),
 ( #4220, #3753, #1117, #6355, #1095, #3691, #1577 ),
 ( #3195, #1078, #2633, #1664, #5845, #5869, #5272 ) ),
 .UNSPECIFIED., .F., .F., .F.,
 ( 4, 4 ),
 ( 4, 1, 1, 1, 4 ),
 ( 0.0000000000000000000, 1.000000000000000000 ),
 ( 0.0000000000000000000, 0.1490010684283051300, 0.3542303876842902700, 0.5841602856976757500, 1.000000000000000000 ),
 .UNSPECIFIED. ) ;
#5573 = CARTESIAN_POINT ( 'NONE',  ( -250.6785800302291400, 21.93453721306637400, 873.3033800018810100 ) ) ;
#5574 = CARTESIAN_POINT ( 'NONE',  ( -32.62967059660692800, 291.7855912780471500, -143.5979628415989300 ) ) ;
#5575 = CARTESIAN_POINT ( 'NONE',  ( -469.0710157804053900, 28.03962429833554300, -71.65342119842550500 ) ) ;
#5576 = VECTOR ( 'NONE', #2418, 1000.000000000000000 ) ;
#5577 = VERTEX_POINT ( 'NONE', #2030 ) ;
#5578 = CARTESIAN_POINT ( 'NONE',  ( -184.6267484020528700, 296.8509855691290200, -138.5313935814173500 ) ) ;
#5579 = CARTESIAN_POINT ( 'NONE',  ( -931.0042028874405600, 7.164169369840226200, 69.72312358444455100 ) ) ;
#5580 = AXIS2_PLACEMENT_3D ( 'NONE', #2078, #3207, #562 ) ;
#5581 = CARTESIAN_POINT ( 'NONE',  ( -367.9313192756203000, 108.1367673492333400, 593.0918799415275100 ) ) ;
#5582 = LINE ( 'NONE', #4490, #5006 ) ;
#5583 = ORIENTED_EDGE ( 'NONE', *, *, #4600, .T. ) ;
#5584 = CARTESIAN_POINT ( 'NONE',  ( -936.2404417540128600, -43.24349624229577700, -67.82376884647223400 ) ) ;
#5585 = CARTESIAN_POINT ( 'NONE',  ( -765.7251549869685000, 22.94573394091396100, 57.56178493190850500 ) ) ;
#5586 = CARTESIAN_POINT ( 'NONE',  ( -861.6342496577466400, 96.68124017130179500, 89.96129063427326900 ) ) ;
#5587 = CARTESIAN_POINT ( 'NONE',  ( -1030.864661659333300, 33.23443135182603200, -25.58127588511022000 ) ) ;
#5588 = CARTESIAN_POINT ( 'NONE',  ( -750.6785800302291100, 71.93453721306583800, -655.0000000000000000 ) ) ;
#5589 = FACE_OUTER_BOUND ( 'NONE', #4831, .T. ) ;
#5590 = CARTESIAN_POINT ( 'NONE',  ( -770.0781440828610600, -48.81333152918462300, -54.73844108900409100 ) ) ;
#5591 = ORIENTED_EDGE ( 'NONE', *, *, #2591, .T. ) ;
#5592 =( BOUNDED_SURFACE ( )  B_SPLINE_SURFACE ( 3, 2, ( 
 ( #6728, #5064, #2509 ),
 ( #2957, #1948, #430 ),
 ( #3530, #3514, #6147 ),
 ( #5156, #1996, #5662 ) ),
 .UNSPECIFIED., .F., .F., .F. ) 
 B_SPLINE_SURFACE_WITH_KNOTS ( ( 4, 4 ),
 ( 3, 3 ),
 ( 0.0000000000000000000, 0.0003555670669069460700 ),
 ( 0.0000000000000000000, 1.000000000000000000 ),
 .UNSPECIFIED. ) 
 GEOMETRIC_REPRESENTATION_ITEM ( )  RATIONAL_B_SPLINE_SURFACE ( (
 ( 1.000000000000000000, 0.7063643996572449600, 1.000000000000000000),
 ( 1.000000000000000000, 0.7063658353521664600, 1.000000000000000000),
 ( 1.000000000000000000, 0.7063672714785653700, 1.000000000000000000),
 ( 1.000000000000000000, 0.7063687080363977300, 1.000000000000000000) ) ) 
 REPRESENTATION_ITEM ( '' )  SURFACE ( )  );
#5593 = CARTESIAN_POINT ( 'NONE',  ( -113.3031258152639400, 333.6103978901779200, -115.8949626346376400 ) ) ;
#5594 = CARTESIAN_POINT ( 'NONE',  ( -977.8172088364416400, -37.53297281724876900, 20.83333333333332900 ) ) ;
#5595 = EDGE_CURVE ( 'NONE', #4440, #6533, #1740, .T. ) ;
#5596 = FACE_OUTER_BOUND ( 'NONE', #2305, .T. ) ;
#5597 = CARTESIAN_POINT ( 'NONE',  ( -5.573319583618285800E-011, 119.9869196084536500, -119.5411502224856400 ) ) ;
#5598 = ORIENTED_EDGE ( 'NONE', *, *, #32, .T. ) ;
#5599 = CARTESIAN_POINT ( 'NONE',  ( -1012.809502501466100, 43.46342736086184300, 37.02459158161185800 ) ) ;
#5600 = CARTESIAN_POINT ( 'NONE',  ( -403.3349438461406700, 153.2827667448359800, 685.0000000000000000 ) ) ;
#5601 = ORIENTED_EDGE ( 'NONE', *, *, #3726, .T. ) ;
#5602 = CARTESIAN_POINT ( 'NONE',  ( -5.573319583618285800E-011, 119.9869196084536500, -239.9999999999998900 ) ) ;
#5603 = ADVANCED_FACE ( 'NONE', ( #2358 ), #6276, .F. ) ;
#5604 = DIRECTION ( 'NONE',  ( 1.147673028526809800E-015, -1.000000000000000000, 0.0000000000000000000 ) ) ;
#5605 = FACE_OUTER_BOUND ( 'NONE', #6652, .T. ) ;
#5606 = CARTESIAN_POINT ( 'NONE',  ( -930.5021719132792000, -44.47907115696418900, 69.74685346525264200 ) ) ;
#5607 = ORIENTED_EDGE ( 'NONE', *, *, #5868, .F. ) ;
#5608 = B_SPLINE_CURVE_WITH_KNOTS ( 'NONE', 2,
 ( #3166, #2538, #6237 ),
 .UNSPECIFIED., .F., .F.,
 ( 3, 3 ),
 ( 0.0000000000000000000, 1.000000000000000000 ),
 .UNSPECIFIED. ) ;
#5609 = FACE_OUTER_BOUND ( 'NONE', #1318, .T. ) ;
#5610 = ORIENTED_EDGE ( 'NONE', *, *, #2207, .F. ) ;
#5611 = CARTESIAN_POINT ( 'NONE',  ( -384.9320817026567200, 178.3357662083108400, -760.3244722217750700 ) ) ;
#5612 = ORIENTED_EDGE ( 'NONE', *, *, #1332, .F. ) ;
#5613 = B_SPLINE_SURFACE_WITH_KNOTS ( 'NONE', 3, 3, ( 
 ( #1301, #5516, #775, #1823, #4457, #4979 ),
 ( #2353, #6056, #2879, #6578, #1005, #6303 ),
 ( #2041, #5243, #2069, #2630, #4188, #3665 ),
 ( #4166, #1572, #6814, #4645, #2578, #6284 ) ),
 .UNSPECIFIED., .F., .F., .F.,
 ( 4, 4 ),
 ( 4, 1, 1, 4 ),
 ( 0.0000000000000000000, 1.000000000000000000 ),
 ( 0.0000000000000000000, 0.08409707550759747100, 0.1681940720496415700, 1.000000000000000000 ),
 .UNSPECIFIED. ) ;
#5614 = CARTESIAN_POINT ( 'NONE',  ( -939.9609614397062400, -42.63627608892235100, -62.40691903805093700 ) ) ;
#5615 = CARTESIAN_POINT ( 'NONE',  ( -14.62674840205269600, 302.0000000000000600, 137.9225819429060500 ) ) ;
#5616 = EDGE_CURVE ( 'NONE', #6415, #6518, #5494, .T. ) ;
#5617 = CIRCLE ( 'NONE', #3072, 69.99999999999995700 ) ;
#5618 = CARTESIAN_POINT ( 'NONE',  ( -765.3333707031373500, 23.42789570974004900, -60.94816340151915300 ) ) ;
#5619 = CARTESIAN_POINT ( 'NONE',  ( -1082.314128209932300, -3.364359763119912500, -17.29182355928554300 ) ) ;
#5620 = CARTESIAN_POINT ( 'NONE',  ( -510.5652697785646400, 2.909843662570438000, 0.0000000000000000000 ) ) ;
#5621 = ORIENTED_EDGE ( 'NONE', *, *, #897, .F. ) ;
#5622 = CARTESIAN_POINT ( 'NONE',  ( -914.7537270987911600, 24.94514419722365500, -105.9022130715032400 ) ) ;
#5623 = CARTESIAN_POINT ( 'NONE',  ( -780.6842910643205200, 33.82853211690750300, 479.9273741711696200 ) ) ;
#5624 = EDGE_CURVE ( 'NONE', #5496, #565, #2670, .T. ) ;
#5625 = ORIENTED_EDGE ( 'NONE', *, *, #3116, .F. ) ;
#5626 = CARTESIAN_POINT ( 'NONE',  ( -372.1066412079341600, 104.4739540227479900, 593.0110748179392900 ) ) ;
#5627 = CARTESIAN_POINT ( 'NONE',  ( -34.49192743859914900, 291.4451626615436900, -143.5358876135325700 ) ) ;
#5628 = CARTESIAN_POINT ( 'NONE',  ( -150.5777096849991800, 281.0421257126615700, 239.9999999999999700 ) ) ;
#5629 = DIRECTION ( 'NONE',  ( -1.000000000000000000, 0.0000000000000000000, 0.0000000000000000000 ) ) ;
#5630 = CARTESIAN_POINT ( 'NONE',  ( -998.1388885927550500, 22.00633187007248300, -77.90512235633939000 ) ) ;
#5631 = DIRECTION ( 'NONE',  ( -0.0000000000000000000, -0.0000000000000000000, 1.000000000000000000 ) ) ;
#5632 = ORIENTED_EDGE ( 'NONE', *, *, #1548, .T. ) ;
#5633 = FILL_AREA_STYLE_COLOUR ( '', #831 ) ;
#5634 = CARTESIAN_POINT ( 'NONE',  ( -932.6340766161322300, -43.79139448689877400, -69.47535610989260100 ) ) ;
#5635 = CARTESIAN_POINT ( 'NONE',  ( -14.62674840205269600, 302.0000000000000600, 239.9999999999999100 ) ) ;
#5636 = CARTESIAN_POINT ( 'NONE',  ( -768.3897797076027700, 23.42789570974004900, -55.08625445260995700 ) ) ;
#5637 = ADVANCED_FACE ( 'NONE', ( #4013 ), #1337, .T. ) ;
#5638 = CARTESIAN_POINT ( 'NONE',  ( -1017.022571290108400, 0.3050674831277283600, -0.4229673796095212400 ) ) ;
#5639 = CARTESIAN_POINT ( 'NONE',  ( -316.8340898547966200, 127.6339125251534900, 650.0000000000000000 ) ) ;
#5640 = CARTESIAN_POINT ( 'NONE',  ( -543.5932448325251000, -257.5821968354168200, -755.0000000000000000 ) ) ;
#5641 = ORIENTED_EDGE ( 'NONE', *, *, #6592, .F. ) ;
#5642 = CARTESIAN_POINT ( 'NONE',  ( -728.8146454189958400, 26.56045258089886800, -95.29810048309241200 ) ) ;
#5643 = CARTESIAN_POINT ( 'NONE',  ( -658.0707898217586900, 71.86193051735797600, 650.0000000000000000 ) ) ;
#5644 = DIRECTION ( 'NONE',  ( -0.0000000000000000000, -0.0000000000000000000, -1.000000000000000000 ) ) ;
#5645 = CARTESIAN_POINT ( 'NONE',  ( -920.0598199272296800, 68.79296931279317600, -98.09737963603727500 ) ) ;
#5646 = CARTESIAN_POINT ( 'NONE',  ( -140.6183793216512800, 281.5091096255189900, 240.0000000000000000 ) ) ;
#5647 = CARTESIAN_POINT ( 'NONE',  ( -397.0523550645547700, 97.52121751762267400, -374.0963778863184100 ) ) ;
#5648 = CARTESIAN_POINT ( 'NONE',  ( -24.28126963468774200, 300.2386050107005000, -143.8762428736629300 ) ) ;
#5649 = CARTESIAN_POINT ( 'NONE',  ( -349.9923780584606400, 114.8995410430773500, -650.0000000000000000 ) ) ;
#5650 = CARTESIAN_POINT ( 'NONE',  ( -765.2977992004166500, -49.25060836388760100, 58.77309521595193300 ) ) ;
#5651 = CARTESIAN_POINT ( 'NONE',  ( -940.3849347119414700, 7.164169369840226200, 59.73525065411046600 ) ) ;
#5652 = CARTESIAN_POINT ( 'NONE',  ( -977.9970575583958000, 32.06201920788353700, -87.52448106196112600 ) ) ;
#5653 = CARTESIAN_POINT ( 'NONE',  ( -184.6267484020549100, 283.4185262867598600, -239.9999999999998900 ) ) ;
#5654 = CARTESIAN_POINT ( 'NONE',  ( -1016.193618240457500, 42.27212630768828900, -31.43305827269145800 ) ) ;
#5655 = CARTESIAN_POINT ( 'NONE',  ( -769.3164490974737600, -49.25060836388760100, 64.65611228018609300 ) ) ;
#5656 = CARTESIAN_POINT ( 'NONE',  ( -182.3047893437291700, 309.6131233029223000, 138.6087922166950600 ) ) ;
#5657 = FACE_OUTER_BOUND ( 'NONE', #1690, .T. ) ;
#5658 = CARTESIAN_POINT ( 'NONE',  ( -767.9768119110273100, -49.25061185733253700, -64.22119555543962100 ) ) ;
#5659 = ORIENTED_EDGE ( 'NONE', *, *, #6540, .F. ) ;
#5660 = CARTESIAN_POINT ( 'NONE',  ( -1097.273763433207500, -4.205100827850683000, 2.642316590469601800 ) ) ;
#5661 = DIRECTION ( 'NONE',  ( -0.7071067811865469100, -0.7071067811865482400, 0.0000000000000000000 ) ) ;
#5662 = CARTESIAN_POINT ( 'NONE',  ( -731.6650749216356600, 51.45330151009205400, 120.2949804879640700 ) ) ;
#5663 = EDGE_CURVE ( 'NONE', #910, #6427, #6049, .T. ) ;
#5664 = CARTESIAN_POINT ( 'NONE',  ( -970.5218452665625400, -46.52138065281850000, 62.35021923255894900 ) ) ;
#5665 = FACE_OUTER_BOUND ( 'NONE', #36, .T. ) ;
#5666 = VERTEX_POINT ( 'NONE', #3834 ) ;
#5667 = CARTESIAN_POINT ( 'NONE',  ( -728.6948296965529200, 26.57218991195626500, -95.30066013804095300 ) ) ;
#5668 = CARTESIAN_POINT ( 'NONE',  ( -126.7741595980107000, 283.2744703922889500, 239.9999999999999400 ) ) ;
#5669 = CARTESIAN_POINT ( 'NONE',  ( -401.5578004298678800, 154.2271177477709600, 703.6652943791065100 ) ) ;
#5670 = CARTESIAN_POINT ( 'NONE',  ( -19.22982709354719700, 299.0024779361758600, -144.0446242917009600 ) ) ;
#5671 = CARTESIAN_POINT ( 'NONE',  ( -1004.167345983600700, 1.027539364971652700, -44.51969783023678700 ) ) ;
#5672 = ORIENTED_EDGE ( 'NONE', *, *, #3800, .T. ) ;
#5673 = CARTESIAN_POINT ( 'NONE',  ( -41.30043261069050000, 308.5915597541503500, 239.9999999999999700 ) ) ;
#5674 = DIRECTION ( 'NONE',  ( -1.000000000000000000, -1.110223024625156700E-015, 0.0000000000000000000 ) ) ;
#5675 = B_SPLINE_SURFACE_WITH_KNOTS ( 'NONE', 3, 1, ( 
 ( #5615, #5635 ),
 ( #3551, #6316 ),
 ( #1035, #3698 ),
 ( #5722, #5745 ),
 ( #2551, #4723 ),
 ( #2639, #5213 ) ),
 .UNSPECIFIED., .F., .F., .F.,
 ( 4, 1, 1, 4 ),
 ( 2, 2 ),
 ( 0.0000000000000000000, 0.6778353750968978400, 0.7778353750968976000, 1.000000000000000000 ),
 ( 0.0000000000000000000, 1.000000000000000000 ),
 .UNSPECIFIED. ) ;
#5676 = CARTESIAN_POINT ( 'NONE',  ( -855.5974315777700700, 38.81846834995223400, -114.8590000469126100 ) ) ;
#5677 = CIRCLE ( 'NONE', #2864, 38.00000000000003600 ) ;
#5678 = ORIENTED_EDGE ( 'NONE', *, *, #4636, .F. ) ;
#5679 = CARTESIAN_POINT ( 'NONE',  ( -916.1761530242782800, 52.78097960269511900, -105.6062142766411800 ) ) ;
#5680 = UNCERTAINTY_MEASURE_WITH_UNIT (LENGTH_MEASURE( 1.000000000000000100E-005 ), #6141, 'distance_accuracy_value', 'NONE');
#5681 = B_SPLINE_CURVE_WITH_KNOTS ( 'NONE', 3,
 ( #6452, #2962, #833, #1309, #3387, #310, #3410, #6044, #1810, #5044, #1288, #2888, #265, #3489, #5016, #3433, #6066, #1879, #5567, #3988, #2910, #784, #2340, #1372, #1852, #2406, #4967, #3971, #3462, #1907, #3941, #6618, #4486, #1833, #2390 ),
 .UNSPECIFIED., .F., .F.,
 ( 4, 2, 2, 2, 2, 2, 1, 2, 2, 2, 2, 2, 2, 2, 2, 2, 2, 4 ),
 ( -0.0002906752595426948500, 0.0009419966197500599300, 0.002174668499042814700, 0.004640012257628336000, 0.005872684136921076500, 0.007105356016213816900, 0.009570699774799318700, 0.01203604353338482000, 0.01326871541267759000, 0.01450138729197036000, 0.01943207480914139300, 0.02189741856772692600, 0.02313009044701968400, 0.02436276232631243500, 0.02929344984348350100, 0.03175879360206902000, 0.03422413736065454300, 0.03915482487782565000 ),
 .UNSPECIFIED. ) ;
#5682 = CARTESIAN_POINT ( 'NONE',  ( -767.3158090565556200, -49.25061185733253700, -63.83756961126599100 ) ) ;
#5683 = CARTESIAN_POINT ( 'NONE',  ( -1028.482870866706200, 37.38906201975751000, 1.823880148861622500 ) ) ;
#5684 = CARTESIAN_POINT ( 'NONE',  ( -913.9420158454349800, 24.63547529036973700, -106.0693668942717100 ) ) ;
#5685 = EDGE_LOOP ( 'NONE', ( #1534, #830, #2130, #2886 ) ) ;
#5686 = VECTOR ( 'NONE', #6779, 1000.000000000000000 ) ;
#5687 = ORIENTED_EDGE ( 'NONE', *, *, #5392, .F. ) ;
#5688 = CARTESIAN_POINT ( 'NONE',  ( -398.5467296218487800, 155.5710703183136700, 756.3787074902086300 ) ) ;
#5689 = CARTESIAN_POINT ( 'NONE',  ( -768.1903016504994600, 23.42730997547047500, 55.16954929566293900 ) ) ;
#5690 = ORIENTED_EDGE ( 'NONE', *, *, #5476, .F. ) ;
#5691 = EDGE_CURVE ( 'NONE', #398, #1615, #3611, .T. ) ;
#5692 = CARTESIAN_POINT ( 'NONE',  ( -978.2096096027619300, 55.64353348873468300, -63.86921591007998000 ) ) ;
#5693 = CIRCLE ( 'NONE', #1888, 20.00000000000004300 ) ;
#5694 = CARTESIAN_POINT ( 'NONE',  ( -120.9556869216790900, 284.0293376245765600, 239.9999999999999400 ) ) ;
#5695 = ORIENTED_EDGE ( 'NONE', *, *, #3000, .T. ) ;
#5696 = CARTESIAN_POINT ( 'NONE',  ( -363.3325037834424100, 141.9740899135819900, -509.3156103644660700 ) ) ;
#5697 = CARTESIAN_POINT ( 'NONE',  ( -67.19830715935459900, 312.6239139472021400, 240.0000000000000000 ) ) ;
#5698 = CARTESIAN_POINT ( 'NONE',  ( -533.3592136239985800, -3.954536307887489800, 123.3249956252032900 ) ) ;
#5699 = DIRECTION ( 'NONE',  ( -0.8361423757859028900, 0.0000000000000000000, -0.5485124678757137300 ) ) ;
#5700 = B_SPLINE_SURFACE_WITH_KNOTS ( 'NONE', 3, 1, ( 
 ( #4602, #3492 ),
 ( #1912, #873 ),
 ( #4059, #6134 ),
 ( #337, #4031 ),
 ( #1466, #433 ),
 ( #4641, #4123 ),
 ( #1489, #5689 ),
 ( #5178, #938 ),
 ( #5157, #2000 ),
 ( #2511, #4625 ),
 ( #4811, #6233 ),
 ( #2192, #3816 ),
 ( #3849, #6668 ),
 ( #5650, #6648 ),
 ( #1409, #3365 ),
 ( #6720, #5097 ),
 ( #3500, #1936 ),
 ( #3898, #743 ),
 ( #4420, #6242 ),
 ( #5231, #5165 ),
 ( #3060, #5760 ),
 ( #5184, #2022 ),
 ( #6542, #5222 ),
 ( #778, #2992 ),
 ( #5655, #4007 ),
 ( #4560, #3532 ),
 ( #4057, #2912 ),
 ( #4538, #5113 ),
 ( #895, #1375 ),
 ( #2469, #6169 ) ),
 .UNSPECIFIED., .F., .F., .F.,
 ( 4, 1, 1, 1, 1, 1, 1, 1, 1, 1, 1, 1, 1, 1, 1, 1, 1, 1, 1, 1, 1, 1, 1, 1, 1, 1, 1, 4 ),
 ( 2, 2 ),
 ( 0.0000000000000000000, 0.02496760279572007900, 0.04979401784463632900, 0.07462676818582625300, 0.09961329597354551300, 0.1248983838358722600, 0.1562097238299300400, 0.1874396270469609300, 0.2189082173681751200, 0.2501696793248705500, 0.3124121157476184000, 0.3750824037514259900, 0.4374761541580766100, 0.5000063827834075900, 0.5624226298232846100, 0.6248697507715546000, 0.6875113401206118800, 0.7497457064230843600, 0.8124038996733765600, 0.8435619087479377900, 0.8747871884482720800, 0.9061547055439616000, 0.9374601361958310200, 0.9500348156951908800, 0.9625575432117483600, 0.9750468513780816700, 0.9875214213401628500, 0.9999999999999998900 ),
 ( 0.0000000000000000000, 1.000000000000000000 ),
 .UNSPECIFIED. ) ;
#5701 = CARTESIAN_POINT ( 'NONE',  ( -857.4040082404711700, 37.43810813269154600, -114.6808136049216500 ) ) ;
#5702 = ORIENTED_EDGE ( 'NONE', *, *, #314, .F. ) ;
#5703 = CARTESIAN_POINT ( 'NONE',  ( -739.4335370044988200, 139.6992244574321400, 95.30066013804217600 ) ) ;
#5704 = ADVANCED_FACE ( 'NONE', ( #3094 ), #2512, .T. ) ;
#5705 = CARTESIAN_POINT ( 'NONE',  ( -1016.962854122503800, 0.3084236261302046900, 4.280663574969361600 ) ) ;
#5706 = CARTESIAN_POINT ( 'NONE',  ( -14.62674840205289900, 296.8509855691290200, 124.8134416622476700 ) ) ;
#5707 = CARTESIAN_POINT ( 'NONE',  ( -1004.167345983600700, 1.027539364971652700, -44.51969783023678700 ) ) ;
#5708 = ORIENTED_EDGE ( 'NONE', *, *, #6809, .F. ) ;
#5709 = EDGE_CURVE ( 'NONE', #6425, #4620, #4335, .T. ) ;
#5710 = DIRECTION ( 'NONE',  ( 1.000000000000000000, 0.0000000000000000000, -2.018587317500284800E-016 ) ) ;
#5711 = EDGE_CURVE ( 'NONE', #1161, #1982, #2586, .T. ) ;
#5712 = B_SPLINE_SURFACE_WITH_KNOTS ( 'NONE', 3, 1, ( 
 ( #3908, #1705 ),
 ( #1748, #6534 ),
 ( #5379, #3380 ),
 ( #3277, #5965 ),
 ( #5986, #685 ),
 ( #1732, #755 ) ),
 .UNSPECIFIED., .F., .F., .F.,
 ( 4, 1, 1, 4 ),
 ( 2, 2 ),
 ( 0.0000000000000000000, 0.2221646249031024600, 0.3221646249031021600, 1.000000000000000000 ),
 ( 0.0000000000000000000, 1.000000000000000000 ),
 .UNSPECIFIED. ) ;
#5713 = CARTESIAN_POINT ( 'NONE',  ( -861.6893562705059800, 96.65153101497973900, 90.76437830641245300 ) ) ;
#5714 = CARTESIAN_POINT ( 'NONE',  ( -750.6785800302288900, -23.06546278693413800, 751.9000000000000900 ) ) ;
#5715 = CARTESIAN_POINT ( 'NONE',  ( -137.8157153226872300, 281.8503284239580500, 239.9999999999999400 ) ) ;
#5716 = AXIS2_PLACEMENT_3D ( 'NONE', #6759, #4569, #3610 ) ;
#5717 = CARTESIAN_POINT ( 'NONE',  ( -14.94393524236715400, 297.3380744371123100, -144.1874873534069400 ) ) ;
#5718 = DIRECTION ( 'NONE',  ( -0.9396926207859103200, 0.3420201433256636600, -0.0000000000000000000 ) ) ;
#5719 = CARTESIAN_POINT ( 'NONE',  ( -68.34507650166305800, 312.7911755255730700, 239.9999999999999700 ) ) ;
#5720 = CARTESIAN_POINT ( 'NONE',  ( -979.7195593237235000, -49.80385858583698400, -312.7510206763798200 ) ) ;
#5721 = CARTESIAN_POINT ( 'NONE',  ( -855.8578987436720800, 38.50513073672516400, -114.8336894145434600 ) ) ;
#5722 = CARTESIAN_POINT ( 'NONE',  ( -157.1660011963840300, 324.6407268731143200, 137.9225819429060500 ) ) ;
#5723 = CARTESIAN_POINT ( 'NONE',  ( -937.7351337887660100, -42.95331914665081300, 52.99671695290127400 ) ) ;
#5724 = CARTESIAN_POINT ( 'NONE',  ( -1016.860380532653900, 0.3141827074012665800, -6.847748022122463100 ) ) ;
#5725 = CARTESIAN_POINT ( 'NONE',  ( -769.0642468253602100, 32.25061285086973600, 479.9273741711696200 ) ) ;
#5726 = CARTESIAN_POINT ( 'NONE',  ( -395.5722706872218200, 159.8252988996265200, -728.1807249433151100 ) ) ;
#5727 = EDGE_CURVE ( 'NONE', #3605, #3697, #6569, .T. ) ;
#5728 = CARTESIAN_POINT ( 'NONE',  ( -977.9970575583981800, 22.89356240254228300, 87.52448106196195000 ) ) ;
#5729 = B_SPLINE_SURFACE_WITH_KNOTS ( 'NONE', 3, 1, ( 
 ( #2455, #1919 ),
 ( #879, #1891 ),
 ( #5606, #2415 ),
 ( #3545, #5579 ),
 ( #5071, #6627 ),
 ( #6670, #6139 ),
 ( #368, #3979 ),
 ( #2945, #819 ),
 ( #4067, #1434 ),
 ( #5125, #4568 ),
 ( #1411, #2433 ),
 ( #3998, #2972 ),
 ( #1964, #3521 ),
 ( #6602, #5099 ),
 ( #1937, #5651 ),
 ( #2919, #6159 ),
 ( #276, #6121 ),
 ( #2478, #845 ),
 ( #3448, #1343 ),
 ( #5029, #1867 ),
 ( #2400, #6097 ),
 ( #4522, #1360 ),
 ( #5055, #482 ),
 ( #6269, #3608 ),
 ( #4153, #3104 ),
 ( #6221, #4631 ),
 ( #1475, #2584 ),
 ( #4086, #6799 ),
 ( #2073, #393 ),
 ( #927, #4674 ),
 ( #6784, #4698 ),
 ( #2023, #4172 ) ),
 .UNSPECIFIED., .F., .F., .F.,
 ( 4, 1, 1, 1, 1, 1, 1, 1, 1, 1, 1, 1, 1, 1, 1, 1, 1, 1, 1, 1, 1, 1, 1, 1, 1, 1, 1, 1, 1, 4 ),
 ( 2, 2 ),
 ( 0.0000000000000000000, 0.01572003842053681900, 0.03142635456515274800, 0.04715852277060816900, 0.06295592351722634200, 0.09419377737998069200, 0.1252988282793864300, 0.1565454608293056500, 0.1879704761907682300, 0.2502336948690691000, 0.3127840375061704500, 0.3752757237845505400, 0.4375990424940250400, 0.5002095354226013800, 0.5624750269138194500, 0.6250309662853146300, 0.6874882875305398100, 0.7498238182070093800, 0.8124308279555019200, 0.8436871364421785200, 0.8747787365483299400, 0.9060652635760869700, 0.9374674908797611100, 0.9464412786460906200, 0.9553895579220131900, 0.9643194855879631000, 0.9732382626564036700, 0.9821531171139498100, 0.9910712864383091100, 1.000000000000000000 ),
 ( 0.0000000000000000000, 1.000000000000000000 ),
 .UNSPECIFIED. ) ;
#5730 = CARTESIAN_POINT ( 'NONE',  ( -859.7458978054858100, 86.68399248693653200, 109.9629069262839200 ) ) ;
#5731 = CARTESIAN_POINT ( 'NONE',  ( 465.9699137599474700, -201.6600000000000000, 1100.000000371594300 ) ) ;
#5732 = CARTESIAN_POINT ( 'NONE',  ( -920.2240832518405100, 73.92943652447888800, -90.84762017663588600 ) ) ;
#5733 = CARTESIAN_POINT ( 'NONE',  ( -126.7531125592570000, 283.2771955289126700, 239.9999999999999400 ) ) ;
#5734 = FACE_OUTER_BOUND ( 'NONE', #176, .T. ) ;
#5735 = VERTEX_POINT ( 'NONE', #3425 ) ;
#5736 = EDGE_LOOP ( 'NONE', ( #3978, #4665, #6103, #1723 ) ) ;
#5737 = CARTESIAN_POINT ( 'NONE',  ( -721.0375125829707500, -43.02027741034830700, 0.0000000000000000000 ) ) ;
#5738 = CARTESIAN_POINT ( 'NONE',  ( -995.1635593470149400, 22.13739259372692200, -81.65449278019848100 ) ) ;
#5739 = CARTESIAN_POINT ( 'NONE',  ( -42.17488456791018300, 308.7386130745508100, 239.9999999999999400 ) ) ;
#5740 = EDGE_CURVE ( 'NONE', #2808, #5932, #2893, .T. ) ;
#5741 = CARTESIAN_POINT ( 'NONE',  ( -750.6785800302290000, -28.06546278693414100, -650.0000000000000000 ) ) ;
#5742 = CARTESIAN_POINT ( 'NONE',  ( -404.8361864232019800, -48.55670893018799500, -755.0000000000000000 ) ) ;
#5743 = EDGE_LOOP ( 'NONE', ( #6182, #1574, #4445, #2537, #1649 ) ) ;
#5744 = CARTESIAN_POINT ( 'NONE',  ( -1037.687897314080400, 21.01968157068466100, 21.73805297754254100 ) ) ;
#5745 = CARTESIAN_POINT ( 'NONE',  ( -157.1660011963840300, 324.6407268731143200, 239.9999999999999100 ) ) ;
#5746 = CARTESIAN_POINT ( 'NONE',  ( -938.3895007698841900, 6.375814789546293300, 87.02729292219045500 ) ) ;
#5747 = CARTESIAN_POINT ( 'NONE',  ( -937.7319406547731000, -43.00658390985467600, 66.45855147179722200 ) ) ;
#5748 = DIRECTION ( 'NONE',  ( 0.0000000000000000000, 0.0000000000000000000, -1.000000000000000000 ) ) ;
#5749 = VECTOR ( 'NONE', #4517, 1000.000000000000000 ) ;
#5750 = DIRECTION ( 'NONE',  ( 1.110223024625156800E-016, -1.000000000000000000, 0.0000000000000000000 ) ) ;
#5751 = ORIENTED_EDGE ( 'NONE', *, *, #5225, .F. ) ;
#5752 = EDGE_CURVE ( 'NONE', #4415, #1655, #4664, .T. ) ;
#5753 = CARTESIAN_POINT ( 'NONE',  ( -927.3335783567904400, 5.345646232141084500, 103.2736963770487400 ) ) ;
#5754 = LINE ( 'NONE', #448, #4750 ) ;
#5755 = CARTESIAN_POINT ( 'NONE',  ( -398.9254421041000600, 139.8893244830534600, 655.0000000000000000 ) ) ;
#5756 = CARTESIAN_POINT ( 'NONE',  ( -5.573319583618285800E-011, 119.9869196084536500, -119.5411502224856400 ) ) ;
#5757 = CARTESIAN_POINT ( 'NONE',  ( -861.6342496577638000, 96.68124017129572700, -89.96129063427129300 ) ) ;
#5758 = CARTESIAN_POINT ( 'NONE',  ( -69.98459362018928700, 290.9706957199376200, 240.0000000000000000 ) ) ;
#5759 = DIRECTION ( 'NONE',  ( -0.03124999999999994100, 0.0000000000000000000, 0.9995115994824672600 ) ) ;
#5760 = CARTESIAN_POINT ( 'NONE',  ( -767.7837809538689300, 23.42730997547047500, 64.10548462347611600 ) ) ;
#5761 = CARTESIAN_POINT ( 'NONE',  ( -18.48917396984331100, 303.9549707836477000, 240.0000000000000300 ) ) ;
#5762 = VECTOR ( 'NONE', #1399, 1000.000000000000100 ) ;
#5763 = CARTESIAN_POINT ( 'NONE',  ( -250.6785800302291400, 21.93453721306637400, -873.3033800018810100 ) ) ;
#5764 = ORIENTED_EDGE ( 'NONE', *, *, #4636, .T. ) ;
#5765 = LINE ( 'NONE', #4392, #4041 ) ;
#5766 = CARTESIAN_POINT ( 'NONE',  ( -1028.621096614630900, 27.70685165554548500, -42.12062989957156800 ) ) ;
#5767 = VERTEX_POINT ( 'NONE', #6606 ) ;
#5768 = CARTESIAN_POINT ( 'NONE',  ( -186.6389812888174300, 334.2979873853793700, 113.7881053965809500 ) ) ;
#5769 = FACE_OUTER_BOUND ( 'NONE', #1884, .T. ) ;
#5770 = ORIENTED_EDGE ( 'NONE', *, *, #5727, .F. ) ;
#5771 = CARTESIAN_POINT ( 'NONE',  ( -934.4730230582889600, 7.193767785699016300, 89.44114856172645000 ) ) ;
#5772 = CARTESIAN_POINT ( 'NONE',  ( -769.9248101595751500, 23.42789570974004900, -54.74743358702337300 ) ) ;
#5773 = CARTESIAN_POINT ( 'NONE',  ( -436.6483425090811500, 73.98799392542650800, -650.0000000000000000 ) ) ;
#5774 = ORIENTED_EDGE ( 'NONE', *, *, #3145, .F. ) ;
#5775 = CARTESIAN_POINT ( 'NONE',  ( -920.0598199272263900, 68.79296931279272100, 98.09737963604054300 ) ) ;
#5776 = CARTESIAN_POINT ( 'NONE',  ( -739.1642678354912700, 139.7940145501377700, -120.1365566964787900 ) ) ;
#5777 = PRESENTATION_LAYER_ASSIGNMENT (  '', '', ( #1851 ) ) ;
#5778 = ORIENTED_EDGE ( 'NONE', *, *, #2869, .T. ) ;
#5779 = DIRECTION ( 'NONE',  ( 0.3420201433256636600, 0.9396926207859102000, -0.0000000000000000000 ) ) ;
#5780 = CARTESIAN_POINT ( 'NONE',  ( -765.4829167630156200, 22.96945679395951200, -61.31977829154260500 ) ) ;
#5781 = CARTESIAN_POINT ( 'NONE',  ( -122.8039853409332100, 320.2122249436104100, 140.5921523501214400 ) ) ;
#5782 = CARTESIAN_POINT ( 'NONE',  ( -178.8048544031019000, 308.3910462304207300, -138.7254567147158200 ) ) ;
#5783 = CARTESIAN_POINT ( 'NONE',  ( 0.0000000000000000000, -201.6600000000000000, 0.0000000000000000000 ) ) ;
#5784 = CARTESIAN_POINT ( 'NONE',  ( -402.8641249806509600, 153.5141988709018800, 694.4142908113802800 ) ) ;
#5785 = CARTESIAN_POINT ( 'NONE',  ( -111.4090991506956700, 318.7195413923113300, 239.9999999999999100 ) ) ;
#5786 = ORIENTED_EDGE ( 'NONE', *, *, #6310, .F. ) ;
#5787 = CARTESIAN_POINT ( 'NONE',  ( -184.4288548936907800, 299.6606238803981900, 239.9999999999999100 ) ) ;
#5788 = CARTESIAN_POINT ( 'NONE',  ( -1027.911948286700600, 23.68457732767492300, 46.10507969706616600 ) ) ;
#5789 = CARTESIAN_POINT ( 'NONE',  ( -1016.994263890985800, 0.3066583770581271500, -3.420607116903925600 ) ) ;
#5790 = CARTESIAN_POINT ( 'NONE',  ( -250.6785800302290300, -69.70514929972775100, -842.3164332702092500 ) ) ;
#5791 = EDGE_CURVE ( 'NONE', #60, #4846, #6082, .T. ) ;
#5792 = CARTESIAN_POINT ( 'NONE',  ( -167.8267618920526200, 340.9204017790957000, 114.7211964094208100 ) ) ;
#5793 = VERTEX_POINT ( 'NONE', #4499 ) ;
#5794 = DIRECTION ( 'NONE',  ( -0.9238795325112871800, -0.3826834323650889500, 0.0000000000000000000 ) ) ;
#5795 = CARTESIAN_POINT ( 'NONE',  ( -940.3180609530219300, -42.57051183296359700, 60.40000610681431700 ) ) ;
#5796 = EDGE_CURVE ( 'NONE', #1402, #6205, #5324, .T. ) ;
#5797 = CARTESIAN_POINT ( 'NONE',  ( -1012.659210049927100, 43.51633440352672000, -66.58506499032282000 ) ) ;
#5798 = CARTESIAN_POINT ( 'NONE',  ( -765.2319286365929000, 22.99403654170580700, -60.05701002742426900 ) ) ;
#5799 =( BOUNDED_CURVE ( )  B_SPLINE_CURVE ( 3, ( #3547, #1868, #6122, #4549 ),
 .UNSPECIFIED., .F., .F. ) 
 B_SPLINE_CURVE_WITH_KNOTS ( ( 4, 4 ),
 ( 5.041000734070402200, 5.041869326281681800 ),
 .UNSPECIFIED. ) 
 CURVE ( )  GEOMETRIC_REPRESENTATION_ITEM ( )  RATIONAL_B_SPLINE_CURVE ( ( 1.000000000000000000, 0.9999999371289650700, 0.9999999371289650700, 1.000000000000000000 ) ) 
 REPRESENTATION_ITEM ( '' )  );
#5800 = CARTESIAN_POINT ( 'NONE',  ( -14.62674840205269100, 302.0000000000000600, 239.9999999999999100 ) ) ;
#5801 = CARTESIAN_POINT ( 'NONE',  ( -978.2096096027626100, 55.64353348873439800, 63.86921591008120900 ) ) ;
#5802 = CARTESIAN_POINT ( 'NONE',  ( -969.6572150363261900, 2.974276865027229500, -69.43074128074681500 ) ) ;
#5803 = CARTESIAN_POINT ( 'NONE',  ( -398.9619322559534000, 156.1219684396162400, 715.0004276546561600 ) ) ;
#5804 = CARTESIAN_POINT ( 'NONE',  ( -132.5385844330663200, 321.4702814402874700, 239.9999999999999100 ) ) ;
#5805 = CARTESIAN_POINT ( 'NONE',  ( -731.8165205886452900, 400.0000000000000000, 120.2917345085317900 ) ) ;
#5806 = CARTESIAN_POINT ( 'NONE',  ( -977.9970575583958000, 22.89356240254242200, 87.52448106196230500 ) ) ;
#5807 = B_SPLINE_SURFACE_WITH_KNOTS ( 'NONE', 3, 3, ( 
 ( #1263, #4942, #151, #5987, #2787, #3835, #174 ),
 ( #1164, #5966, #6490, #4386, #6012, #4918, #2289 ),
 ( #1776, #3793, #5399, #3332, #6469, #4892, #196 ),
 ( #3860, #686, #3819, #1750, #703, #1238, #2812 ) ),
 .UNSPECIFIED., .F., .F., .F.,
 ( 4, 4 ),
 ( 4, 1, 1, 1, 4 ),
 ( 0.0000000000000000000, 1.000000000000000000 ),
 ( 0.0000000000000000000, 0.1490010684283051300, 0.3542303876842902700, 0.5841602856976757500, 1.000000000000000000 ),
 .UNSPECIFIED. ) ;
#5808 = CARTESIAN_POINT ( 'NONE',  ( -1038.623791459362800, 20.76436957200486700, 17.44327277259140600 ) ) ;
#5809 = CARTESIAN_POINT ( 'NONE',  ( -1017.022594408235100, 0.3050661838742067500, -1.708057995726816500 ) ) ;
#5810 = CARTESIAN_POINT ( 'NONE',  ( -731.8165205886452900, 116.0656355729309300, 120.2917345085317900 ) ) ;
#5811 = CARTESIAN_POINT ( 'NONE',  ( -171.6170924311340100, 318.0242704586510200, 138.9650487803951400 ) ) ;
#5812 = CARTESIAN_POINT ( 'NONE',  ( -900.3022892682647600, 83.06903542859463100, -85.13963735777501500 ) ) ;
#5813 = CARTESIAN_POINT ( 'NONE',  ( -938.7438876997865700, 6.001678195769950500, -65.13308371931773900 ) ) ;
#5814 = CARTESIAN_POINT ( 'NONE',  ( -5.573319583618286500E-011, 125.2726607911080500, 134.9547098992553100 ) ) ;
#5815 = VECTOR ( 'NONE', #289, 1000.000000000000000 ) ;
#5816 = ORIENTED_EDGE ( 'NONE', *, *, #4079, .F. ) ;
#5817 = CARTESIAN_POINT ( 'NONE',  ( -1025.411725604767300, 19.88191308001091800, -50.73740327850345000 ) ) ;
#5818 = CARTESIAN_POINT ( 'NONE',  ( -671.3892581488839800, 151.2238590944111500, -655.0000000000000000 ) ) ;
#5819 = CARTESIAN_POINT ( 'NONE',  ( -130.9903539068807000, 321.2708796809288900, 140.3192733979231800 ) ) ;
#5820 = CARTESIAN_POINT ( 'NONE',  ( -961.8841245862455500, 3.735510494664411300, -75.27823618732497800 ) ) ;
#5821 = VECTOR ( 'NONE', #2422, 1000.000000000000000 ) ;
#5822 = CARTESIAN_POINT ( 'NONE',  ( -342.6364562004772000, 111.5216994009667200, 650.0000000000000000 ) ) ;
#5823 = VERTEX_POINT ( 'NONE', #5559 ) ;
#5824 = CARTESIAN_POINT ( 'NONE',  ( -132.6505533992767300, 321.4847211054402000, 240.0000000000000000 ) ) ;
#5825 = EDGE_CURVE ( 'NONE', #1161, #1208, #126, .T. ) ;
#5826 = CARTESIAN_POINT ( 'NONE',  ( -184.6267484020528700, 296.8509855691290200, -137.9225819429058500 ) ) ;
#5827 = CARTESIAN_POINT ( 'NONE',  ( -411.3112921771536900, 151.3384461023320300, 755.0000000000000000 ) ) ;
#5828 = FACE_BOUND ( 'NONE', #1368, .T. ) ;
#5829 = DIRECTION ( 'NONE',  ( -0.9396926207859103200, 0.3420201433256636600, 0.0000000000000000000 ) ) ;
#5830 = CARTESIAN_POINT ( 'NONE',  ( -183.5067641405235600, 335.4006132632528600, 114.0213887593034200 ) ) ;
#5831 = CARTESIAN_POINT ( 'NONE',  ( -944.5213437064409200, 5.467878247010108200, 83.71456611269222500 ) ) ;
#5832 = EDGE_CURVE ( 'NONE', #1954, #4466, #2749, .T. ) ;
#5833 = CARTESIAN_POINT ( 'NONE',  ( -939.7882595297468200, 5.899400862974584200, -56.45731412968644500 ) ) ;
#5834 = EDGE_CURVE ( 'NONE', #3419, #6678, #4656, .T. ) ;
#5835 = LINE ( 'NONE', #191, #2445 ) ;
#5836 = CARTESIAN_POINT ( 'NONE',  ( -987.4989556644025000, 29.62112629190069400, 83.82978979354388100 ) ) ;
#5837 = AXIS2_PLACEMENT_3D ( 'NONE', #1357, #4011, #5051 ) ;
#5838 = CARTESIAN_POINT ( 'NONE',  ( -971.0375125829706300, -46.70541187800891700, 0.0000000000000000000 ) ) ;
#5839 = ADVANCED_FACE ( 'NONE', ( #6810 ), #4739, .T. ) ;
#5840 = ORIENTED_EDGE ( 'NONE', *, *, #1725, .F. ) ;
#5841 = CARTESIAN_POINT ( 'NONE',  ( -767.1164756236768200, 22.80947924722782400, -63.66232673394009100 ) ) ;
#5842 = VECTOR ( 'NONE', #1160, 1000.000000000000000 ) ;
#5843 = CARTESIAN_POINT ( 'NONE',  ( -20.83856141484916700, 304.5790209696031100, 143.9909998143242000 ) ) ;
#5844 = VERTEX_POINT ( 'NONE', #422 ) ;
#5845 = CARTESIAN_POINT ( 'NONE',  ( -617.2240088808479200, 12.83734477182185800, -451.2146373188919600 ) ) ;
#5846 = ORIENTED_EDGE ( 'NONE', *, *, #1052, .F. ) ;
#5847 = CARTESIAN_POINT ( 'NONE',  ( -393.8887080982340200, 87.29250983550717500, 509.9464644161665200 ) ) ;
#5848 = CARTESIAN_POINT ( 'NONE',  ( -137.9390945681529700, 322.1652548363841800, 240.0000000000000300 ) ) ;
#5849 = CARTESIAN_POINT ( 'NONE',  ( -916.1761530242783900, 52.78097960269511900, 105.6062142766424000 ) ) ;
#5850 = FACE_OUTER_BOUND ( 'NONE', #6342, .T. ) ;
#5851 = ORIENTED_EDGE ( 'NONE', *, *, #1987, .F. ) ;
#5852 = CARTESIAN_POINT ( 'NONE',  ( -938.9223391943179400, 5.984202099258676600, 54.63312842503414400 ) ) ;
#5853 = CARTESIAN_POINT ( 'NONE',  ( -770.0781440828610600, 22.51943738479927100, -64.73844108900408400 ) ) ;
#5854 = DIRECTION ( 'NONE',  ( -0.9238795325112871800, -0.3826834323650889500, -0.0000000000000000000 ) ) ;
#5855 = CARTESIAN_POINT ( 'NONE',  ( -766.2234195609777300, -48.48495110301914200, 62.74234688334766500 ) ) ;
#5856 = CARTESIAN_POINT ( 'NONE',  ( -168.2210982864198500, 319.4632938425663200, 139.0782485851837300 ) ) ;
#5857 = CARTESIAN_POINT ( 'NONE',  ( -605.6914360043728000, 12.37727947998290800, -479.9023568143828700 ) ) ;
#5858 = CARTESIAN_POINT ( 'NONE',  ( -1030.496150950499400, 34.87323465010792500, 19.19818151663323700 ) ) ;
#5859 = CARTESIAN_POINT ( 'NONE',  ( -250.6785800302291400, -28.06546278693358700, 755.0000000000000000 ) ) ;
#5860 = ORIENTED_EDGE ( 'NONE', *, *, #4684, .F. ) ;
#5861 = CARTESIAN_POINT ( 'NONE',  ( -767.2501029580971600, -48.57146888820512500, -55.72229565620869400 ) ) ;
#5862 = CARTESIAN_POINT ( 'NONE',  ( -750.6785800302290000, 21.93453721306582000, -873.3033800018810100 ) ) ;
#5863 = CARTESIAN_POINT ( 'NONE',  ( -5.573319583618286500E-011, 126.3303946094904700, 136.2163606457130800 ) ) ;
#5864 = CARTESIAN_POINT ( 'NONE',  ( -250.6785800302290300, -23.06546278693386000, 655.0000000000000000 ) ) ;
#5865 = DIRECTION ( 'NONE',  ( 7.542958611422956400E-016, -0.6794093118335097200, -0.7337594885205347400 ) ) ;
#5866 = CARTESIAN_POINT ( 'NONE',  ( -157.1660011963852500, 319.4917124422457300, -239.9999999999997700 ) ) ;
#5867 = CARTESIAN_POINT ( 'NONE',  ( -15.15674222785324700, 302.6398512643159500, 144.1803937872240900 ) ) ;
#5868 = EDGE_CURVE ( 'NONE', #2613, #3552, #6388, .T. ) ;
#5869 = CARTESIAN_POINT ( 'NONE',  ( -497.7996294928674400, 48.47557972013054000, -576.2282484482782400 ) ) ;
#5870 = CARTESIAN_POINT ( 'NONE',  ( -938.3900968648810000, 6.375728746247740600, -87.02696540974942300 ) ) ;
#5871 = VERTEX_POINT ( 'NONE', #2025 ) ;
#5872 = CARTESIAN_POINT ( 'NONE',  ( -113.5861459944480200, 319.0060677208249400, 239.9999999999999400 ) ) ;
#5873 = CARTESIAN_POINT ( 'NONE',  ( -168.6012988545748500, 284.7174447772843600, 240.0000000000000000 ) ) ;
#5874 = CARTESIAN_POINT ( 'NONE',  ( -932.6403909182506600, 6.599405320949582400, 50.00271779799717100 ) ) ;
#5875 = VERTEX_POINT ( 'NONE', #2548 ) ;
#5876 = DIRECTION ( 'NONE',  ( 0.7071067811865469100, 0.7071067811865482400, 0.0000000000000000000 ) ) ;
#5877 = CARTESIAN_POINT ( 'NONE',  ( -765.2643303741659800, -48.39644291560253500, 60.37959642993865800 ) ) ;
#5878 = EDGE_CURVE ( 'NONE', #6581, #4960, #3927, .T. ) ;
#5879 = ADVANCED_FACE ( 'NONE', ( #210 ), #3591, .T. ) ;
#5880 = CARTESIAN_POINT ( 'NONE',  ( -855.3638864233428200, 400.0000000000000000, -114.8816014359633800 ) ) ;
#5881 = CARTESIAN_POINT ( 'NONE',  ( -876.9208409573608400, -50.18154784015116800, 51.39797523368417100 ) ) ;
#5882 = CARTESIAN_POINT ( 'NONE',  ( -1031.635077009311300, -0.5161646815147567000, 51.33847953123856900 ) ) ;
#5883 = CARTESIAN_POINT ( 'NONE',  ( -932.6399577996941200, 6.599447737079009000, -69.47398665261272300 ) ) ;
#5884 =( BOUNDED_CURVE ( )  B_SPLINE_CURVE ( 3, ( #5441, #4884, #2770, #6479 ),
 .UNSPECIFIED., .F., .F. ) 
 B_SPLINE_CURVE_WITH_KNOTS ( ( 4, 4 ),
 ( 5.041869326281659600, 5.621984804581030600 ),
 .UNSPECIFIED. ) 
 CURVE ( )  GEOMETRIC_REPRESENTATION_ITEM ( )  RATIONAL_B_SPLINE_CURVE ( ( 1.000000000000000000, 0.9721515755180512000, 0.9721515755180512000, 1.000000000000000000 ) ) 
 REPRESENTATION_ITEM ( '' )  );
#5885 = CARTESIAN_POINT ( 'NONE',  ( -802.3608228219858300, -55.78052167908376200, 20.83333333333332900 ) ) ;
#5886 = CARTESIAN_POINT ( 'NONE',  ( -5.573319583618285800E-011, 130.0148334640140600, 139.5483089191592400 ) ) ;
#5887 = CARTESIAN_POINT ( 'NONE',  ( -971.0375125829706300, -46.70541187800889600, -20.83333333333332900 ) ) ;
#5888 = CARTESIAN_POINT ( 'NONE',  ( -635.3156354085016300, 14.58184309946601000, 451.2219962217839100 ) ) ;
#5889 = CARTESIAN_POINT ( 'NONE',  ( -21.51638725317699000, 299.2515027416213200, 143.9684056197132800 ) ) ;
#5890 = MECHANICAL_DESIGN_GEOMETRIC_PRESENTATION_REPRESENTATION (  '', ( #944 ), #5309 ) ;
#5891 = CARTESIAN_POINT ( 'NONE',  ( -948.7841062061123700, 5.018420375086568800, -81.73844108900408400 ) ) ;
#5892 = DIRECTION ( 'NONE',  ( 0.8977191870810249400, 0.3160216421387596100, -0.3069700031705147600 ) ) ;
#5893 = CARTESIAN_POINT ( 'NONE',  ( -138.0651871637267300, 322.1812786346502000, 239.9999999999999400 ) ) ;
#5894 = CARTESIAN_POINT ( 'NONE',  ( -159.5374461167306500, 282.1404243089800200, 239.9999999999998900 ) ) ;
#5895 = B_SPLINE_CURVE_WITH_KNOTS ( 'NONE', 3,
 ( #1563, #5277, #4880, #1100, #672, #648, #134, #3802, #5874, #1153, #4326, #2161, #2655, #3225, #1171, #2704, #1652, #5389, #5409, #4857, #5852, #4347, #6378, #620, #6360, #1695, #5315, #2230, #2255, #3829, #4786, #5925, #1191, #2741, #1123, #3738, #3241, #1721, #6434, #4806, #1625, #6401, #3200, #89, #6458, #3779, #34, #3294, #582, #4309, #63, #2180 ),
 .UNSPECIFIED., .F., .F.,
 ( 4, 2, 2, 2, 2, 2, 2, 2, 2, 2, 2, 1, 2, 2, 2, 2, 2, 2, 1, 2, 2, 2, 2, 2, 2, 2, 4 ),
 ( 1.123693828313069100E-016, 0.0004994926537742923300, 0.0009989853075484723400, 0.001997970615096831900, 0.002996955922645191900, 0.003995941230193552000, 0.005993911845290577300, 0.006992897152839091700, 0.007991882460387605300, 0.009989853075484630600, 0.01098883838303322900, 0.01198782369058182600, 0.01298680899813042600, 0.01398579430567902300, 0.01598376492077628300, 0.01798173553587354600, 0.01997970615097080900, 0.02097869145851944200, 0.02197767676606806800, 0.02297666207361669800, 0.02397564738116532800, 0.02597361799626262200, 0.02797158861135991300, 0.02996955922645720300, 0.03096854453400584400, 0.03146803718778017100, 0.03196752984155449400 ),
 .UNSPECIFIED. ) ;
#5896 = CARTESIAN_POINT ( 'NONE',  ( -476.1218229458132200, 22.48589293588766600, 0.0000000000000000000 ) ) ;
#5897 = VECTOR ( 'NONE', #4419, 1000.000000000000100 ) ;
#5898 = ORIENTED_EDGE ( 'NONE', *, *, #575, .T. ) ;
#5899 = VERTEX_POINT ( 'NONE', #1966 ) ;
#5900 = DIRECTION ( 'NONE',  ( -2.220446049250313600E-016, 1.000000000000000000, 0.0000000000000000000 ) ) ;
#5901 = CARTESIAN_POINT ( 'NONE',  ( -1015.497187564403900, 0.3907950238411541700, -18.79100632411080300 ) ) ;
#5902 = CARTESIAN_POINT ( 'NONE',  ( -766.4217902451434800, -48.49846824506241200, 56.48444200041990400 ) ) ;
#5903 = CARTESIAN_POINT ( 'NONE',  ( -770.0781440828610600, 22.51943738479926800, 64.73844108900583200 ) ) ;
#5904 = CARTESIAN_POINT ( 'NONE',  ( -524.0839179233561300, 24.10135128894058500, -479.8898481359895500 ) ) ;
#5905 = CARTESIAN_POINT ( 'NONE',  ( -1014.767389736663900, 0.4318101283921321200, 22.14983458024154200 ) ) ;
#5906 = FACE_OUTER_BOUND ( 'NONE', #1488, .T. ) ;
#5907 = CARTESIAN_POINT ( 'NONE',  ( -939.2479697953400500, 5.952312471069132200, -55.22610589062514900 ) ) ;
#5908 = ORIENTED_EDGE ( 'NONE', *, *, #443, .T. ) ;
#5909 = DIRECTION ( 'NONE',  ( -0.9448755606252611200, -0.05310261065960561500, 0.3230948586316922400 ) ) ;
#5910 = B_SPLINE_SURFACE_WITH_KNOTS ( 'NONE', 3, 1, ( 
 ( #513, #2585 ),
 ( #486, #4154 ),
 ( #3655, #4174 ),
 ( #5234, #2142 ),
 ( #1031, #1059 ),
 ( #5826, #4721 ) ),
 .UNSPECIFIED., .F., .F., .F.,
 ( 4, 1, 1, 4 ),
 ( 2, 2 ),
 ( 0.0000000000000000000, 0.6778353750968978400, 0.7778353750968976000, 1.000000000000000000 ),
 ( 0.0000000000000000000, 1.000000000000000000 ),
 .UNSPECIFIED. ) ;
#5911 = LINE ( 'NONE', #815, #6160 ) ;
#5912 = CARTESIAN_POINT ( 'NONE',  ( -14.62674840205313500, 296.8509855691290200, -239.9999999999998900 ) ) ;
#5913 = EDGE_LOOP ( 'NONE', ( #5764, #6742, #2989, #5350 ) ) ;
#5914 = DIRECTION ( 'NONE',  ( -1.000000000000000000, -1.110223024625156700E-015, 0.0000000000000000000 ) ) ;
#5915 = DIRECTION ( 'NONE',  ( -0.8361423757859027800, 0.0000000000000000000, 0.5485124678757139500 ) ) ;
#5916 = CARTESIAN_POINT ( 'NONE',  ( -386.6883027942958500, 173.5105884154623100, 763.9905821034216200 ) ) ;
#5917 = CARTESIAN_POINT ( 'NONE',  ( -183.4428158143957100, 307.5590448092156100, 138.5708580010061700 ) ) ;
#5918 = CARTESIAN_POINT ( 'NONE',  ( -139.2920215706240600, 322.3341483901069800, 240.0000000000000300 ) ) ;
#5919 = FACE_BOUND ( 'NONE', #4767, .T. ) ;
#5920 = CARTESIAN_POINT ( 'NONE',  ( -393.8887080982340200, 87.29250983550717500, -509.9464644161665200 ) ) ;
#5921 = ORIENTED_EDGE ( 'NONE', *, *, #5663, .F. ) ;
#5922 = ORIENTED_EDGE ( 'NONE', *, *, #6156, .T. ) ;
#5923 = EDGE_CURVE ( 'NONE', #923, #6629, #6092, .T. ) ;
#5924 = CARTESIAN_POINT ( 'NONE',  ( -171.1259834277611000, 285.7627286108581200, 239.9999999999999400 ) ) ;
#5925 = CARTESIAN_POINT ( 'NONE',  ( -939.7884800296479900, 5.899379268997130900, 63.01926314308810400 ) ) ;
#5926 = CARTESIAN_POINT ( 'NONE',  ( -897.5226415488326700, 7.021039942722858000, -89.17374265924249200 ) ) ;
#5927 = AXIS2_PLACEMENT_3D ( 'NONE', #6529, #6006, #774 ) ;
#5928 = CARTESIAN_POINT ( 'NONE',  ( -765.4837298419061000, -48.41492253008956200, 58.15673838877436500 ) ) ;
#5929 = DIRECTION ( 'NONE',  ( 0.0000000000000000000, 0.0000000000000000000, 1.000000000000000000 ) ) ;
#5930 = LINE ( 'NONE', #5442, #3378 ) ;
#5931 = CARTESIAN_POINT ( 'NONE',  ( -750.6785800302288900, -69.70514929972830500, -842.3164332702092500 ) ) ;
#5932 = VERTEX_POINT ( 'NONE', #1414 ) ;
#5933 = CARTESIAN_POINT ( 'NONE',  ( -916.1761530242783900, 26.27102378859758100, 105.6062142766424000 ) ) ;
#5934 = CARTESIAN_POINT ( 'NONE',  ( -1050.258341263132900, -1.562804040277965500, 39.21754181166038900 ) ) ;
#5935 = EDGE_LOOP ( 'NONE', ( #6029, #2641, #6603, #1476 ) ) ;
#5936 = EDGE_CURVE ( 'NONE', #1269, #3612, #3174, .T. ) ;
#5937 = DIRECTION ( 'NONE',  ( -0.7071067811865469100, -0.7071067811865482400, -0.0000000000000000000 ) ) ;
#5938 = VECTOR ( 'NONE', #2769, 1000.000000000000000 ) ;
#5939 = ORIENTED_EDGE ( 'NONE', *, *, #4236, .T. ) ;
#5940 = LINE ( 'NONE', #6183, #4535 ) ;
#5941 = ORIENTED_EDGE ( 'NONE', *, *, #2253, .T. ) ;
#5942 = ORIENTED_EDGE ( 'NONE', *, *, #4587, .T. ) ;
#5943 = CARTESIAN_POINT ( 'NONE',  ( -936.8207834206840500, 46.05178689512150900, -100.5730325133627200 ) ) ;
#5944 = CARTESIAN_POINT ( 'NONE',  ( -1037.972327818461700, -0.8723222290173726600, -47.39474317472311100 ) ) ;
#5945 = CARTESIAN_POINT ( 'NONE',  ( -1534.030086240052900, -201.6600000000000000, -1099.999999628405500 ) ) ;
#5946 = LINE ( 'NONE', #6158, #2140 ) ;
#5947 = CARTESIAN_POINT ( 'NONE',  ( -731.4909181303223700, 51.41795547781588000, -95.29295773136428200 ) ) ;
#5948 = CARTESIAN_POINT ( 'NONE',  ( -183.0073659380619800, 308.4680199811824700, 138.5853729968839600 ) ) ;
#5949 = CARTESIAN_POINT ( 'NONE',  ( -147.8801966969735100, 322.9964554185056600, 240.0000000000000300 ) ) ;
#5950 = CARTESIAN_POINT ( 'NONE',  ( -144.9215987749256300, 317.7584313389907000, -139.8548985689882300 ) ) ;
#5951 = VERTEX_POINT ( 'NONE', #1940 ) ;
#5952 = CARTESIAN_POINT ( 'NONE',  ( -178.7729991276309800, 290.4569722285634700, 240.0000000000000000 ) ) ;
#5953 = CARTESIAN_POINT ( 'NONE',  ( -184.2359017023299500, 293.5607016742951600, -138.5444218047416000 ) ) ;
#5954 = B_SPLINE_SURFACE_WITH_KNOTS ( 'NONE', 3, 3, ( 
 ( #4302, #4821, #663, #4343, #2757, #1182, #2788 ),
 ( #4872, #5361, #124, #5401, #5888, #2714, #4320 ),
 ( #3255, #3311, #152, #1211, #1733, #2246, #4367 ),
 ( #5424, #1165, #4894, #1684, #104, #641, #5382 ) ),
 .UNSPECIFIED., .F., .F., .F.,
 ( 4, 4 ),
 ( 4, 1, 1, 1, 4 ),
 ( 0.0000000000000000000, 1.000000000000000000 ),
 ( 0.0000000000000000000, 0.1490010684283051300, 0.3542303876842902700, 0.5841602856976757500, 1.000000000000000000 ),
 .UNSPECIFIED. ) ;
#5955 = CARTESIAN_POINT ( 'NONE',  ( -928.3743774157940200, 25.60459821386072200, -102.9988923279159700 ) ) ;
#5956 = AXIS2_PLACEMENT_3D ( 'NONE', #3226, #1696, #2256 ) ;
#5957 = CARTESIAN_POINT ( 'NONE',  ( -675.5008561801989800, 74.22880941641467700, 650.0000000000000000 ) ) ;
#5958 = ADVANCED_FACE ( 'NONE', ( #459 ), #6001, .F. ) ;
#5959 = ORIENTED_EDGE ( 'NONE', *, *, #4907, .F. ) ;
#5960 = CARTESIAN_POINT ( 'NONE',  ( -802.3608228219858300, -55.78052167908376200, -20.83333333333332900 ) ) ;
#5961 = CARTESIAN_POINT ( 'NONE',  ( -1009.712615037726700, 0.7158916984902883300, 35.80195815084696400 ) ) ;
#5962 = DIRECTION ( 'NONE',  ( -1.000000000000000000, 0.0000000000000000000, 0.0000000000000000000 ) ) ;
#5963 = CARTESIAN_POINT ( 'NONE',  ( -766.7582225269675300, -48.52821046603805400, -56.13749726281857700 ) ) ;
#5964 = ORIENTED_EDGE ( 'NONE', *, *, #1955, .T. ) ;
#5965 = CARTESIAN_POINT ( 'NONE',  ( -110.4287047268472300, 285.3731536437238700, 239.9999999999999700 ) ) ;
#5966 = CARTESIAN_POINT ( 'NONE',  ( -597.1016027295113400, -29.19774388879194400, 36.89934711224464100 ) ) ;
#5967 = CARTESIAN_POINT ( 'NONE',  ( -750.6785800302290000, 25.93453721306587700, -877.0070966690597100 ) ) ;
#5968 = CARTESIAN_POINT ( 'NONE',  ( -15.23484172227306000, 301.3041336190506200, 144.1777904707434700 ) ) ;
#5969 = EDGE_CURVE ( 'NONE', #5735, #3636, #4989, .T. ) ;
#5970 = CARTESIAN_POINT ( 'NONE',  ( -770.0781411151467600, -48.81333128179127800, 54.73844108899105300 ) ) ;
#5971 = CARTESIAN_POINT ( 'NONE',  ( -924.2913088013936000, 10.69059740182213900, -96.56573599840059800 ) ) ;
#5972 = CARTESIAN_POINT ( 'NONE',  ( -139.2559190152262500, 322.3297409117702700, 240.0000000000000000 ) ) ;
#5973 = CARTESIAN_POINT ( 'NONE',  ( -931.1131461823919200, -44.47907115522036000, -69.71471627135912300 ) ) ;
#5974 = CARTESIAN_POINT ( 'NONE',  ( -176.5825657692210800, 288.7844297784639000, 240.0000000000000300 ) ) ;
#5975 = CARTESIAN_POINT ( 'NONE',  ( -144.1417080947104200, 276.0151716935960200, -139.8808949249954600 ) ) ;
#5976 = EDGE_CURVE ( 'NONE', #4043, #4020, #283, .T. ) ;
#5977 = CARTESIAN_POINT ( 'NONE',  ( -903.7611102728734500, 81.85143608393630600, 108.5048087761177100 ) ) ;
#5978 = CARTESIAN_POINT ( 'NONE',  ( -484.3538894122041800, 8.948579167852365400, -71.01466156690142400 ) ) ;
#5979 = EDGE_CURVE ( 'NONE', #1379, #3605, #6482, .T. ) ;
#5980 = DIRECTION ( 'NONE',  ( 0.0000000000000000000, 0.9461886483394651400, 0.3236155771181852800 ) ) ;
#5981 = CARTESIAN_POINT ( 'NONE',  ( -5.573319583618285200E-011, 129.9524178636411600, -139.5520774095118700 ) ) ;
#5982 =( BOUNDED_SURFACE ( )  B_SPLINE_SURFACE ( 3, 2, ( 
 ( #877, #3445, #5094 ),
 ( #2917, #1385, #1864 ),
 ( #6118, #1319, #2431 ),
 ( #1889, #4999, #2943 ),
 ( #6138, #6645, #2969 ),
 ( #5630, #3497, #6666 ),
 ( #321, #4545, #1840 ),
 ( #4015, #3519, #4038 ),
 ( #4565, #1933, #389 ),
 ( #906, #2495, #6755 ) ),
 .UNSPECIFIED., .F., .F., .F. ) 
 B_SPLINE_SURFACE_WITH_KNOTS ( ( 4, 2, 2, 2, 4 ),
 ( 3, 3 ),
 ( 0.6612005025985547800, 0.8062293721733978500, 0.9512582417482409200, 1.096287111323083900, 1.241315980897927100 ),
 ( 0.0000000000000000000, 1.000000000000000000 ),
 .UNSPECIFIED. ) 
 GEOMETRIC_REPRESENTATION_ITEM ( )  RATIONAL_B_SPLINE_SURFACE ( (
 ( 1.000000000000000000, 0.6912717319805838900, 1.000000000000000000),
 ( 1.000000000000000000, 0.6918741116751993000, 1.000000000000000000),
 ( 1.000000000000000000, 0.6925320120771504300, 1.000000000000000000),
 ( 1.000000000000000000, 0.6939439750766479600, 1.000000000000000000),
 ( 1.000000000000000000, 0.6946980584610004100, 1.000000000000000000),
 ( 1.000000000000000000, 0.6962857652520054700, 1.000000000000000000),
 ( 1.000000000000000000, 0.6971193740728608400, 1.000000000000000000),
 ( 1.000000000000000000, 0.6988478715177798300, 1.000000000000000000),
 ( 1.000000000000000000, 0.6997427311292702100, 1.000000000000000000),
 ( 1.000000000000000000, 0.7006585670461694700, 1.000000000000000000) ) ) 
 REPRESENTATION_ITEM ( '' )  SURFACE ( )  );
#5983 = CARTESIAN_POINT ( 'NONE',  ( -1022.781778832338300, 22.19287556238590000, -54.60689074272025300 ) ) ;
#5984 = CARTESIAN_POINT ( 'NONE',  ( -930.1675271803104600, -44.14907951510723200, 69.74124750178451400 ) ) ;
#5985 = CARTESIAN_POINT ( 'NONE',  ( -765.3914052748702900, -48.40671559351069000, -58.46222424773767300 ) ) ;
#5986 = CARTESIAN_POINT ( 'NONE',  ( -14.62674840205190600, 297.7466074582342200, 137.9225819429061100 ) ) ;
#5987 = CARTESIAN_POINT ( 'NONE',  ( -527.5130262030228300, -0.1796302367026787700, 269.5430657194446000 ) ) ;
#5988 = ADVANCED_FACE ( 'NONE', ( #2017 ), #5910, .F. ) ;
#5989 = CARTESIAN_POINT ( 'NONE',  ( -750.6785800302290000, -28.06546278693414100, 655.0000000000000000 ) ) ;
#5990 = CARTESIAN_POINT ( 'NONE',  ( -746.7448509121683200, -30.47469011177063400, 0.0000000000000000000 ) ) ;
#5991 = DIRECTION ( 'NONE',  ( -1.000000000000000000, -2.220446049250313600E-016, 0.0000000000000000000 ) ) ;
#5992 = LINE ( 'NONE', #3004, #5161 ) ;
#5993 = CARTESIAN_POINT ( 'NONE',  ( -418.8108414987675000, 78.87170263032058400, -650.0000000000000000 ) ) ;
#5994 = ORIENTED_EDGE ( 'NONE', *, *, #5740, .F. ) ;
#5995 = CARTESIAN_POINT ( 'NONE',  ( -173.0469800261066400, 317.3138467004783900, 239.9999999999999100 ) ) ;
#5996 = CARTESIAN_POINT ( 'NONE',  ( -932.2152195003189900, -44.47907115522036000, -69.56950639098485600 ) ) ;
#5997 = AXIS2_PLACEMENT_3D ( 'NONE', #4105, #3080, #3652 ) ;
#5998 = CARTESIAN_POINT ( 'NONE',  ( -145.8676599028875700, 281.0636723490665100, 239.9999999999999700 ) ) ;
#5999 = B_SPLINE_CURVE_WITH_KNOTS ( 'NONE', 2,
 ( #471, #5773, #6792 ),
 .UNSPECIFIED., .F., .F.,
 ( 3, 3 ),
 ( 0.0000000000000000000, 1.000000000000000000 ),
 .UNSPECIFIED. ) ;
#6000 = DIRECTION ( 'NONE',  ( 0.0000000000000000000, -1.000000000000000000, 0.0000000000000000000 ) ) ;
#6001 = B_SPLINE_SURFACE_WITH_KNOTS ( 'NONE', 3, 1, ( 
 ( #2459, #3548 ),
 ( #370, #5653 ),
 ( #914, #1437 ),
 ( #5126, #4761 ),
 ( #1601, #6292 ),
 ( #3173, #2050 ) ),
 .UNSPECIFIED., .F., .F., .F.,
 ( 4, 1, 1, 4 ),
 ( 2, 2 ),
 ( 0.0000000000000000000, 0.2221646249031024600, 0.3221646249031021600, 1.000000000000000000 ),
 ( 0.0000000000000000000, 1.000000000000000000 ),
 .UNSPECIFIED. ) ;
#6002 = CARTESIAN_POINT ( 'NONE',  ( -855.0379465244517400, 73.34051792130112800, 114.9129884563465400 ) ) ;
#6003 = FACE_OUTER_BOUND ( 'NONE', #5736, .T. ) ;
#6004 = ORIENTED_EDGE ( 'NONE', *, *, #3905, .F. ) ;
#6005 = DIRECTION ( 'NONE',  ( -1.000000000000000000, -1.110223024625156700E-015, 0.0000000000000000000 ) ) ;
#6006 = DIRECTION ( 'NONE',  ( -0.0000000000000000000, -0.0000000000000000000, -1.000000000000000000 ) ) ;
#6007 = CARTESIAN_POINT ( 'NONE',  ( -930.1679308213646200, 6.841538071851249300, -49.73459504416813100 ) ) ;
#6008 = CARTESIAN_POINT ( 'NONE',  ( -412.8137997136921100, 74.05357191944881400, -571.4712885500152900 ) ) ;
#6009 = LINE ( 'NONE', #3093, #6746 ) ;
#6010 = CARTESIAN_POINT ( 'NONE',  ( -766.8658810447312800, -48.54277251741574900, -63.45089436171033300 ) ) ;
#6011 = DIRECTION ( 'NONE',  ( 0.3235513698792102400, 0.0000000000000000000, 0.9462106060752472100 ) ) ;
#6012 = CARTESIAN_POINT ( 'NONE',  ( -478.6549489604646500, 42.20597046175941400, 452.4094041803679100 ) ) ;
#6013 = CARTESIAN_POINT ( 'NONE',  ( -861.7541354303210700, 96.55649084449974900, -91.96781315334598600 ) ) ;
#6014 = FACE_OUTER_BOUND ( 'NONE', #5428, .T. ) ;
#6015 = CARTESIAN_POINT ( 'NONE',  ( -182.5467137553861800, 294.7514432805502300, 138.6007280696397900 ) ) ;
#6016 = VERTEX_POINT ( 'NONE', #535 ) ;
#6017 = ORIENTED_EDGE ( 'NONE', *, *, #411, .F. ) ;
#6018 = CARTESIAN_POINT ( 'NONE',  ( -250.6785800302290300, -69.70514929972775100, -842.3164332702092500 ) ) ;
#6019 = CARTESIAN_POINT ( 'NONE',  ( -164.7297254362942200, 320.5821515249910500, 240.0000000000000000 ) ) ;
#6020 = CARTESIAN_POINT ( 'NONE',  ( -930.2861991878324900, -44.47907115522036000, -49.73188639642518200 ) ) ;
#6021 = EDGE_CURVE ( 'NONE', #565, #3451, #2504, .T. ) ;
#6022 = CARTESIAN_POINT ( 'NONE',  ( -145.5223392714813700, 281.0812802010075900, 239.9999999999999700 ) ) ;
#6023 = ORIENTED_EDGE ( 'NONE', *, *, #41, .F. ) ;
#6024 = FACE_OUTER_BOUND ( 'NONE', #392, .T. ) ;
#6025 = ORIENTED_EDGE ( 'NONE', *, *, #2065, .F. ) ;
#6026 = CARTESIAN_POINT ( 'NONE',  ( -250.6785800302290900, 221.9345372130658200, 655.0000000000000000 ) ) ;
#6027 = CARTESIAN_POINT ( 'NONE',  ( -739.4566298973126100, 139.6064194684824100, -97.33801995734560800 ) ) ;
#6028 = AXIS2_PLACEMENT_3D ( 'NONE', #2621, #1087, #3638 ) ;
#6029 = ORIENTED_EDGE ( 'NONE', *, *, #1666, .T. ) ;
#6030 = CARTESIAN_POINT ( 'NONE',  ( -1005.401007753971300, 0.9582067846747253100, 42.93407611499536400 ) ) ;
#6031 = ADVANCED_FACE ( 'NONE', ( #4247 ), #3083, .F. ) ;
#6032 = CARTESIAN_POINT ( 'NONE',  ( -855.5164796022163500, 38.93544325447158600, 114.8668439700471600 ) ) ;
#6033 = VECTOR ( 'NONE', #5183, 999.9999999999998900 ) ;
#6034 = ORIENTED_EDGE ( 'NONE', *, *, #1580, .T. ) ;
#6035 = CARTESIAN_POINT ( 'NONE',  ( -530.2061565769819300, -7.705684670995872800, -0.0000000000000000000 ) ) ;
#6036 = CARTESIAN_POINT ( 'NONE',  ( -731.2445465146253100, 45.78975632042175200, -119.6645496458036500 ) ) ;
#6037 = ORIENTED_EDGE ( 'NONE', *, *, #5936, .F. ) ;
#6038 = CARTESIAN_POINT ( 'NONE',  ( -765.4838971806327700, -48.41493732905128400, -58.15580608232537700 ) ) ;
#6039 = CARTESIAN_POINT ( 'NONE',  ( -766.2244885543742600, 22.89683324866591400, 56.73347681971808500 ) ) ;
#6040 = AXIS2_PLACEMENT_3D ( 'NONE', #2338, #4437, #1753 ) ;
#6041 = CARTESIAN_POINT ( 'NONE',  ( -395.1366864534506400, 150.2988450810440500, -685.0000000000000000 ) ) ;
#6042 = DIRECTION ( 'NONE',  ( -0.9396926207859112000, 0.3420201433256607700, 0.0000000000000000000 ) ) ;
#6043 = CARTESIAN_POINT ( 'NONE',  ( -184.6024823531583400, 301.0405421195286500, 138.5322024497141100 ) ) ;
#6044 = CARTESIAN_POINT ( 'NONE',  ( -728.8940087685512000, 27.12230689661757300, 100.6086123258721900 ) ) ;
#6045 = CARTESIAN_POINT ( 'NONE',  ( -497.9837345322556500, 56.56828094207282500, -576.1409615043545500 ) ) ;
#6046 = CARTESIAN_POINT ( 'NONE',  ( -163.4088652062896500, 320.9580640913816900, 239.9999999999999400 ) ) ;
#6047 = CARTESIAN_POINT ( 'NONE',  ( -930.2861991878324900, 7.164169077462492700, -49.73188639642518200 ) ) ;
#6048 = CARTESIAN_POINT ( 'NONE',  ( -150.6629063559546200, 281.0456494295764900, 239.9999999999999100 ) ) ;
#6049 = B_SPLINE_CURVE_WITH_KNOTS ( 'NONE', 3,
 ( #2334, #193, #5396, #6036, #682, #4913, #4357, #4937, #1202, #2830, #4889, #4429, #1730, #3375, #5417, #3906, #2779, #2284, #721, #297, #3999, #1921, #3479, #1844, #1824, #4480, #1302, #2948, #3505, #6630, #3930, #866, #5544, #1345, #2374 ),
 .UNSPECIFIED., .F., .F.,
 ( 4, 2, 2, 2, 2, 2, 2, 2, 2, 2, 2, 1, 2, 2, 2, 2, 2, 4 ),
 ( 0.0000000000000000000, 0.004888402940500635700, 0.007332604410750980500, 0.009776805881001325200, 0.01466520882150200300, 0.01588730955662716300, 0.01710941029175232200, 0.01955361176200259800, 0.02444201470250315100, 0.02566411543762829200, 0.02688621617275343400, 0.02933041764300371400, 0.03177461911325399300, 0.03299671984837915900, 0.03421882058350432500, 0.03666302205375468500, 0.03788512278887987100, 0.03910722352400505100 ),
 .UNSPECIFIED. ) ;
#6050 = CARTESIAN_POINT ( 'NONE',  ( -150.7580045677902100, 275.8662363198159800, -139.6603517092262100 ) ) ;
#6051 = CARTESIAN_POINT ( 'NONE',  ( -731.6650749195971500, 51.45330151029120500, -120.2949804880066000 ) ) ;
#6052 = CARTESIAN_POINT ( 'NONE',  ( -728.6948296965165400, 26.57218991196057100, 95.30066013804292900 ) ) ;
#6053 = EDGE_CURVE ( 'NONE', #1265, #4005, #35, .T. ) ;
#6054 = CARTESIAN_POINT ( 'NONE',  ( -956.3521520759683200, 4.277267153755927300, 78.19979554577982100 ) ) ;
#6055 = CARTESIAN_POINT ( 'NONE',  ( -5.573319583618286500E-011, 131.6907423102409500, -140.6963142083843100 ) ) ;
#6056 = CARTESIAN_POINT ( 'NONE',  ( -801.4150016023039600, -73.21928833898205400, 20.83333333333332900 ) ) ;
#6057 = DIRECTION ( 'NONE',  ( -1.000000000000000000, 0.0000000000000000000, 0.0000000000000000000 ) ) ;
#6058 = CARTESIAN_POINT ( 'NONE',  ( -999.6619914636017900, 1.280743169714695600, 49.89580563649737100 ) ) ;
#6059 = CARTESIAN_POINT ( 'NONE',  ( -855.3638864233428200, 72.96577670751436500, -114.8816014359633800 ) ) ;
#6060 = CARTESIAN_POINT ( 'NONE',  ( -737.2857582750295900, 132.1860949645208100, 113.4557284713036300 ) ) ;
#6061 = ORIENTED_EDGE ( 'NONE', *, *, #6853, .F. ) ;
#6062 = ADVANCED_FACE ( 'NONE', ( #3604 ), #621, .T. ) ;
#6063 = CARTESIAN_POINT ( 'NONE',  ( -861.7977864428353300, 95.31459447446081900, -97.86077740991305500 ) ) ;
#6064 = CARTESIAN_POINT ( 'NONE',  ( -171.5719434461447900, 285.9550262194484300, 138.9665537466144700 ) ) ;
#6065 = EDGE_CURVE ( 'NONE', #6228, #3232, #6563, .T. ) ;
#6066 = CARTESIAN_POINT ( 'NONE',  ( -729.4228075467472100, 30.30599572154137500, 108.5314635751892900 ) ) ;
#6067 = CARTESIAN_POINT ( 'NONE',  ( -966.0375125829712000, -38.04515784016415800, -0.0000000000000000000 ) ) ;
#6068 = CARTESIAN_POINT ( 'NONE',  ( -156.0560749796776500, 322.4531814161987300, 239.9999999999999100 ) ) ;
#6069 = STYLED_ITEM ( 'NONE', ( #4757 ), #3737 ) ;
#6070 = CARTESIAN_POINT ( 'NONE',  ( -939.5938345870454200, 7.164169077462492700, -63.64887813516351400 ) ) ;
#6071 = AXIS2_PLACEMENT_3D ( 'NONE', #1626, #5318, #6271 ) ;
#6072 = CARTESIAN_POINT ( 'NONE',  ( -250.6785800302286900, -425.2369295036681400, 459.2542764104997000 ) ) ;
#6073 = EDGE_CURVE ( 'NONE', #751, #1208, #3538, .T. ) ;
#6074 = B_SPLINE_SURFACE_WITH_KNOTS ( 'NONE', 3, 3, ( 
 ( #4556, #6657, #5107, #5063, #3486, #1947, #6707 ),
 ( #5620, #1370, #1925, #3529, #5134, #4002, #6146 ),
 ( #4597, #333, #6681, #4622, #354, #1397, #5639 ),
 ( #6165, #5082, #4053, #889, #6128, #2932, #5041 ) ),
 .UNSPECIFIED., .F., .F., .F.,
 ( 4, 4 ),
 ( 4, 1, 1, 1, 4 ),
 ( 0.0000000000000000000, 1.000000000000000000 ),
 ( 0.0000000000000000000, 0.2982968211775609600, 0.6153669425867313000, 0.7410739866888770300, 1.000000000000000000 ),
 .UNSPECIFIED. ) ;
#6075 = EDGE_CURVE ( 'NONE', #4826, #858, #5895, .T. ) ;
#6076 = CARTESIAN_POINT ( 'NONE',  ( -868.5604946059651200, 33.02276814255873900, 113.4522495151989000 ) ) ;
#6077 = FACE_OUTER_BOUND ( 'NONE', #11, .T. ) ;
#6078 = ORIENTED_EDGE ( 'NONE', *, *, #1062, .F. ) ;
#6079 = ORIENTED_EDGE ( 'NONE', *, *, #3761, .T. ) ;
#6080 = CARTESIAN_POINT ( 'NONE',  ( -969.9082733114157700, 32.06201920788370100, 63.86921591008129400 ) ) ;
#6081 = CARTESIAN_POINT ( 'NONE',  ( -931.3300476938574100, -43.98221331167094000, -69.69610150787799800 ) ) ;
#6082 = LINE ( 'NONE', #5517, #1861 ) ;
#6083 = DIRECTION ( 'NONE',  ( -0.0000000000000000000, -0.0000000000000000000, 1.000000000000000000 ) ) ;
#6084 = ORIENTED_EDGE ( 'NONE', *, *, #4810, .T. ) ;
#6085 = CARTESIAN_POINT ( 'NONE',  ( -1016.277832669959300, 0.3469222697652311600, -13.70771927895371800 ) ) ;
#6086 = CARTESIAN_POINT ( 'NONE',  ( -658.0707898217590400, 71.86193051735823200, -650.0000000000000000 ) ) ;
#6087 = CARTESIAN_POINT ( 'NONE',  ( -158.2232870660408800, 322.1084797309914100, 240.0000000000000600 ) ) ;
#6088 = LINE ( 'NONE', #1359, #3450 ) ;
#6089 = CARTESIAN_POINT ( 'NONE',  ( -1928.659063898404200, 12275.91413284360400, -239.9999999999998900 ) ) ;
#6090 = VERTEX_POINT ( 'NONE', #5369 ) ;
#6091 = EDGE_CURVE ( 'NONE', #1402, #1379, #740, .T. ) ;
#6092 = B_SPLINE_CURVE_WITH_KNOTS ( 'NONE', 3,
 ( #348, #4045, #881, #4616 ),
 .UNSPECIFIED., .F., .F.,
 ( 4, 4 ),
 ( 0.0000000000000000000, 0.0002546338832169736600 ),
 .UNSPECIFIED. ) ;
#6093 = CARTESIAN_POINT ( 'NONE',  ( -15.43573885313832900, 296.0470230436027900, -144.1710938997145800 ) ) ;
#6094 = ADVANCED_FACE ( 'NONE', ( #1853 ), #2722, .T. ) ;
#6095 = CARTESIAN_POINT ( 'NONE',  ( -960.9807035755516200, 3.823984243873616700, 75.77929587941933700 ) ) ;
#6096 = ORIENTED_EDGE ( 'NONE', *, *, #675, .F. ) ;
#6097 = CARTESIAN_POINT ( 'NONE',  ( -934.8369022611140100, 7.164169369840226200, 50.79682314338396800 ) ) ;
#6098 = B_SPLINE_CURVE_WITH_KNOTS ( 'NONE', 3,
 ( #2293, #689, #199, #3333, #4321, #1166, #1183, #5968, #3861, #4390, #1734, #2248, #1685, #6521, #3889, #705, #5889, #730, #3313, #5362, #154, #1240, #3838, #1663, #1264, #2222, #4368, #4895, #2198, #2834, #4467, #1832, #1352, #6586, #1307, #782, #3459, #280, #5550, #4485, #217, #3912, #2933, #3432, #3987, #6539, #4986, #5014, #6637, #5500, #1331, #6064, #3409, #3967, #829, #2386, #6562, #2909, #262, #308, #1850, #2339, #6015, #5529, #2363, #2887, #5043, #758, #804, #6043, #3384, #4439 ),
 .UNSPECIFIED., .F., .F.,
 ( 4, 2, 2, 2, 2, 2, 2, 2, 2, 2, 2, 2, 2, 2, 2, 2, 2, 2, 2, 2, 2, 2, 2, 2, 2, 2, 2, 2, 2, 2, 2, 2, 2, 2, 2, 4 ),
 ( 0.0000000000000000000, 0.0001796533707315271000, 0.0003593067414630542000, 0.0007186134829262321000, 0.001437226965852497200, 0.002874453931705029000, 0.004311680897557561300, 0.005748907863410092700, 0.008623361795115197200, 0.01149781572682030300, 0.01724672359023047800, 0.02299563145364064100, 0.03449344718046096900, 0.04599126290728129700, 0.06898689436092195200, 0.09198252581456260700, 0.1149781572682032800, 0.1207270651316134600, 0.1264759729950236700, 0.1322248808584338400, 0.1379737887218440400, 0.1437226965852542400, 0.1494716044486644500, 0.1523460583803695500, 0.1552205123120746500, 0.1609694201754848500, 0.1638438741071899200, 0.1667183280388950300, 0.1695927819706001300, 0.1724672359023052000, 0.1753416898340103000, 0.1767789167998628000, 0.1782161437657152900, 0.1810905976974203100, 0.1825278246632728900, 0.1839650516291254600 ),
 .UNSPECIFIED. ) ;
#6099 = DIRECTION ( 'NONE',  ( -1.000000000000000000, 0.0000000000000000000, 0.0000000000000000000 ) ) ;
#6100 = CARTESIAN_POINT ( 'NONE',  ( -983.1893413521462400, 2.206516638574498300, 62.88860818958172400 ) ) ;
#6101 = CYLINDRICAL_SURFACE ( 'NONE', #2587, 5.000000000000004400 ) ;
#6102 = EDGE_CURVE ( 'NONE', #3414, #3612, #5078, .T. ) ;
#6103 = ORIENTED_EDGE ( 'NONE', *, *, #5711, .F. ) ;
#6104 = CARTESIAN_POINT ( 'NONE',  ( -738.9556303598669700, 137.5433357310170100, 105.5667516109170400 ) ) ;
#6105 = LINE ( 'NONE', #1274, #2709 ) ;
#6106 = CARTESIAN_POINT ( 'NONE',  ( -543.5932448325251000, -257.5821968354168200, -755.0000000000000000 ) ) ;
#6107 = ORIENTED_EDGE ( 'NONE', *, *, #6551, .F. ) ;
#6108 =( BOUNDED_CURVE ( )  B_SPLINE_CURVE ( 3, ( #5489, #3879, #2237, #6511 ),
 .UNSPECIFIED., .F., .F. ) 
 B_SPLINE_CURVE_WITH_KNOTS ( ( 4, 4 ),
 ( 1.241315980897904400, 1.330577864592786600 ),
 .UNSPECIFIED. ) 
 CURVE ( )  GEOMETRIC_REPRESENTATION_ITEM ( )  RATIONAL_B_SPLINE_CURVE ( ( 1.000000000000000000, 0.9993361365512065700, 0.9993361365512065700, 1.000000000000000000 ) ) 
 REPRESENTATION_ITEM ( '' )  );
#6109 = ORIENTED_EDGE ( 'NONE', *, *, #2600, .T. ) ;
#6110 = DIRECTION ( 'NONE',  ( -0.3320534516538566300, 0.9432605712340359500, 0.0000000000000000000 ) ) ;
#6111 = CARTESIAN_POINT ( 'NONE',  ( -728.6948296965165400, 26.57218991196057100, 95.30066013804292900 ) ) ;
#6112 = CARTESIAN_POINT ( 'NONE',  ( -897.5226415488173200, 7.021039942723759500, 89.17374265924682700 ) ) ;
#6113 = ORIENTED_EDGE ( 'NONE', *, *, #6677, .F. ) ;
#6114 = EDGE_CURVE ( 'NONE', #5844, #517, #3684, .T. ) ;
#6115 = CARTESIAN_POINT ( 'NONE',  ( -402.1278491810006700, 89.06279344930800300, 509.9275718732693000 ) ) ;
#6116 = CARTESIAN_POINT ( 'NONE',  ( -17.85930514137471200, 295.1034214545117600, -144.0903083567733100 ) ) ;
#6117 = CARTESIAN_POINT ( 'NONE',  ( -352.0658689731510500, 113.6354625074090000, -594.0041901475590300 ) ) ;
#6118 = CARTESIAN_POINT ( 'NONE',  ( -1015.326489202913400, 21.24923267610892500, -63.66016581215597400 ) ) ;
#6119 = CARTESIAN_POINT ( 'NONE',  ( -957.6817991869512500, 38.96419166205920000, 94.47116886415820100 ) ) ;
#6120 = VERTEX_POINT ( 'NONE', #5462 ) ;
#6121 = CARTESIAN_POINT ( 'NONE',  ( -939.5843747981613200, 7.164169369840226200, 55.80193453844437800 ) ) ;
#6122 = CARTESIAN_POINT ( 'NONE',  ( -970.2128377145036200, 2.935804440173523900, 68.66556340823159100 ) ) ;
#6123 = CARTESIAN_POINT ( 'NONE',  ( -986.3543110252354600, 22.52543249267133900, 84.32346803301148000 ) ) ;
#6124 = ORIENTED_EDGE ( 'NONE', *, *, #3508, .F. ) ;
#6125 = DIRECTION ( 'NONE',  ( 1.091269043887816600E-015, -1.000000000000000000, 0.0000000000000000000 ) ) ;
#6126 = CARTESIAN_POINT ( 'NONE',  ( -693.4122224735933700, -5.231446897239790900, -479.9148654927763000 ) ) ;
#6127 = ADVANCED_FACE ( 'NONE', ( #3757 ), #742, .T. ) ;
#6128 = CARTESIAN_POINT ( 'NONE',  ( -363.3325037834424100, 141.9740899135819600, 509.3156103644660700 ) ) ;
#6129 = CARTESIAN_POINT ( 'NONE',  ( -915.8613613362432500, 25.62572284350428800, -105.6720506881550700 ) ) ;
#6130 = EDGE_LOOP ( 'NONE', ( #4758, #3198 ) ) ;
#6131 = CARTESIAN_POINT ( 'NONE',  ( -720.5218967646291000, -42.84455594880284200, -62.35012099105503600 ) ) ;
#6132 = CARTESIAN_POINT ( 'NONE',  ( -188.9899613374996100, 333.4703782774178100, 113.6487793278111000 ) ) ;
#6133 = CARTESIAN_POINT ( 'NONE',  ( -184.3087157202215800, 304.9447578217794900, 239.9999999999999400 ) ) ;
#6134 = CARTESIAN_POINT ( 'NONE',  ( -769.6962191069245600, 23.42730997547047500, 54.75875204565061700 ) ) ;
#6135 = ORIENTED_EDGE ( 'NONE', *, *, #4213, .T. ) ;
#6136 = CARTESIAN_POINT ( 'NONE',  ( -15.22653713305481000, 296.1602317094656800, -144.1780672903839800 ) ) ;
#6137 = CARTESIAN_POINT ( 'NONE',  ( -428.7639857112776000, 183.8977911741911800, -650.0000000000000000 ) ) ;
#6138 = CARTESIAN_POINT ( 'NONE',  ( -1005.420166944349500, 21.68559774924702000, -72.71202799489134300 ) ) ;
#6139 = CARTESIAN_POINT ( 'NONE',  ( -932.1670388372293700, 7.164169369840226200, 69.57899333892682100 ) ) ;
#6140 = B_SPLINE_CURVE_WITH_KNOTS ( 'NONE', 3,
 ( #4964, #6554, #3926, #4479 ),
 .UNSPECIFIED., .F., .F.,
 ( 4, 4 ),
 ( 0.0000000000000000000, 9.996333034412119000E-005 ),
 .UNSPECIFIED. ) ;
#6141 =( LENGTH_UNIT ( ) NAMED_UNIT ( * ) SI_UNIT ( .MILLI., .METRE. ) );
#6142 = CARTESIAN_POINT ( 'NONE',  ( -938.1633962595910800, -42.93703643166107800, -65.97487429226177400 ) ) ;
#6143 = CARTESIAN_POINT ( 'NONE',  ( -915.2578880754681400, 25.19762701274929000, 105.7977147145326900 ) ) ;
#6144 = CARTESIAN_POINT ( 'NONE',  ( -767.1215560583604000, -49.25061185733253700, -55.81900546832393000 ) ) ;
#6145 = CARTESIAN_POINT ( 'NONE',  ( -1030.855719602608100, 32.60991564308454100, -27.74887291528091600 ) ) ;
#6146 = CARTESIAN_POINT ( 'NONE',  ( -330.2208444011911900, 119.1623276334164000, 650.0000000000000000 ) ) ;
#6147 = CARTESIAN_POINT ( 'NONE',  ( -731.7864576315485000, 51.44151787730127300, 120.2923821743054300 ) ) ;
#6148 = EDGE_CURVE ( 'NONE', #4657, #212, #4396, .T. ) ;
#6149 = DIRECTION ( 'NONE',  ( -0.9947574284195235300, -0.09741849946394735800, -0.03110135955821425100 ) ) ;
#6150 = CARTESIAN_POINT ( 'NONE',  ( -182.2103963851593800, 309.7549250090536400, 240.0000000000000300 ) ) ;
#6151 = CARTESIAN_POINT ( 'NONE',  ( -14.84693314390398600, 296.4436158423901600, -144.1907207566890700 ) ) ;
#6152 = CARTESIAN_POINT ( 'NONE',  ( -142.0846900645501000, 281.3501549570369200, 239.9999999999999400 ) ) ;
#6153 = CARTESIAN_POINT ( 'NONE',  ( -1025.528095748797800, 24.49074053889315600, 49.74942052518749600 ) ) ;
#6154 = LINE ( 'NONE', #318, #1450 ) ;
#6155 = VERTEX_POINT ( 'NONE', #6026 ) ;
#6156 = EDGE_CURVE ( 'NONE', #2506, #6205, #1651, .T. ) ;
#6157 = ADVANCED_FACE ( 'NONE', ( #5657 ), #901, .F. ) ;
#6158 = CARTESIAN_POINT ( 'NONE',  ( -395.1366864534508600, 150.2988450810441100, -685.0000000000000000 ) ) ;
#6159 = CARTESIAN_POINT ( 'NONE',  ( -940.1818394801298400, 7.164169369840226200, 57.72745560709741100 ) ) ;
#6160 = VECTOR ( 'NONE', #6625, 1000.000000000000000 ) ;
#6161 = ORIENTED_EDGE ( 'NONE', *, *, #936, .F. ) ;
#6162 = CARTESIAN_POINT ( 'NONE',  ( -915.5073327863888200, 25.34837860322783600, 105.7458571503040000 ) ) ;
#6163 = CARTESIAN_POINT ( 'NONE',  ( -769.1872778920909500, 23.42789570974004900, -54.84248903169684300 ) ) ;
#6164 = CARTESIAN_POINT ( 'NONE',  ( -1097.631417514400300, -4.225201215890495000, -1.308854645832922200 ) ) ;
#6165 = CARTESIAN_POINT ( 'NONE',  ( -476.1218229458132200, 22.48589293588768000, 0.0000000000000000000 ) ) ;
#6166 = VECTOR ( 'NONE', #4000, 1000.000000000000000 ) ;
#6167 = DIRECTION ( 'NONE',  ( 1.000000000000000000, 1.009594287533120200E-015, 1.972152263052529500E-031 ) ) ;
#6168 = CARTESIAN_POINT ( 'NONE',  ( -3.219254795445912100, 57.28146209495351100, -239.9999999999998900 ) ) ;
#6169 = CARTESIAN_POINT ( 'NONE',  ( -770.0781440828611700, 23.42730997547047500, 64.73844108900584600 ) ) ;
#6170 = CARTESIAN_POINT ( 'NONE',  ( -184.2727288214809100, 305.1056473027252900, 240.0000000000000000 ) ) ;
#6171 = CIRCLE ( 'NONE', #5927, 112.5000000000000400 ) ;
#6172 = CARTESIAN_POINT ( 'NONE',  ( -372.4858471441371000, 106.2344382435709300, 593.0514773797333400 ) ) ;
#6173 = ORIENTED_EDGE ( 'NONE', *, *, #1906, .F. ) ;
#6174 = CARTESIAN_POINT ( 'NONE',  ( -918.3648032255035800, 60.26968522877226100, -103.8537870494429600 ) ) ;
#6175 = CARTESIAN_POINT ( 'NONE',  ( -139.5329637955804000, 281.6365834215361000, 240.0000000000000000 ) ) ;
#6176 = CARTESIAN_POINT ( 'NONE',  ( -487.8934483690582100, 14.25901609283089800, -71.06989107225562900 ) ) ;
#6177 = EDGE_LOOP ( 'NONE', ( #3661, #6498, #3276 ) ) ;
#6178 = CARTESIAN_POINT ( 'NONE',  ( -516.1611622597005200, 10.16888668989803100, -210.4185866888561500 ) ) ;
#6179 = DIRECTION ( 'NONE',  ( 7.407993880335560700E-016, -0.7337594885205347400, 0.6794093118335097200 ) ) ;
#6180 = ORIENTED_EDGE ( 'NONE', *, *, #2207, .T. ) ;
#6181 = VECTOR ( 'NONE', #2654, 1000.000000000000000 ) ;
#6182 = ORIENTED_EDGE ( 'NONE', *, *, #2128, .F. ) ;
#6183 = CARTESIAN_POINT ( 'NONE',  ( -770.0781440828610600, -51.00000000000041200, 64.73844108900584600 ) ) ;
#6184 = CARTESIAN_POINT ( 'NONE',  ( -731.8165205886455200, 116.0656355729308700, -120.2917345085309900 ) ) ;
#6185 = ORIENTED_EDGE ( 'NONE', *, *, #4071, .T. ) ;
#6186 = CARTESIAN_POINT ( 'NONE',  ( -1033.674350646355200, 22.11417396234629300, -34.26915121596590600 ) ) ;
#6187 = CARTESIAN_POINT ( 'NONE',  ( -915.6298795441993000, 25.43167670781177500, 105.7203344988070800 ) ) ;
#6188 = EDGE_CURVE ( 'NONE', #3025, #1982, #983, .T. ) ;
#6189 =( BOUNDED_CURVE ( )  B_SPLINE_CURVE ( 3, ( #3983, #1902, #6560, #5586 ),
 .UNSPECIFIED., .F., .F. ) 
 B_SPLINE_CURVE_WITH_KNOTS ( ( 4, 4 ),
 ( 1.365148727350318400, 1.473801107828537600 ),
 .UNSPECIFIED. ) 
 CURVE ( )  GEOMETRIC_REPRESENTATION_ITEM ( )  RATIONAL_B_SPLINE_CURVE ( ( 1.000000000000000000, 0.9990164636158429500, 0.9990164636158429500, 1.000000000000000000 ) ) 
 REPRESENTATION_ITEM ( '' )  );
#6190 = CYLINDRICAL_SURFACE ( 'NONE', #2552, 110.0000000000000400 ) ;
#6191 = ORIENTED_EDGE ( 'NONE', *, *, #4164, .T. ) ;
#6192 = CARTESIAN_POINT ( 'NONE',  ( -765.7934321333032100, 23.42789570974004900, -62.15786271454411600 ) ) ;
#6193 = CARTESIAN_POINT ( 'NONE',  ( -1028.502542542582900, 37.37394374311591600, 2.279276370932416200 ) ) ;
#6194 = EDGE_LOOP ( 'NONE', ( #5939, #3078, #4591, #1863, #5860, #4886 ) ) ;
#6195 = EDGE_CURVE ( 'NONE', #6272, #5129, #4093, .T. ) ;
#6196 = CARTESIAN_POINT ( 'NONE',  ( -190.5061858211811900, 332.9366258990799000, 138.3354123341131900 ) ) ;
#6197 = CARTESIAN_POINT ( 'NONE',  ( -180.5319822976842400, 311.8600884755529700, 239.9999999999999700 ) ) ;
#6198 = EDGE_CURVE ( 'NONE', #1544, #5514, #6154, .T. ) ;
#6199 = ORIENTED_EDGE ( 'NONE', *, *, #3211, .T. ) ;
#6200 = CARTESIAN_POINT ( 'NONE',  ( -241.9326085814534800, 81.60189885206995100, -111.4931104115488400 ) ) ;
#6201 = CARTESIAN_POINT ( 'NONE',  ( -736.3725597822340200, 51.02212853625864900, -120.1398665354113900 ) ) ;
#6202 = CARTESIAN_POINT ( 'NONE',  ( -100.2687350376918300, 286.7623153837198500, 239.9999999999999400 ) ) ;
#6203 = CARTESIAN_POINT ( 'NONE',  ( -530.2061565769819300, -7.705684670995872000, 0.0000000000000000000 ) ) ;
#6204 = CARTESIAN_POINT ( 'NONE',  ( -16.61315182568053200, 303.3175872241078500, 239.9999999999999700 ) ) ;
#6205 = VERTEX_POINT ( 'NONE', #2448 ) ;
#6206 = CARTESIAN_POINT ( 'NONE',  ( 0.0000000000000000000, 0.0000000000000000000, 655.0000000000000000 ) ) ;
#6207 = VERTEX_POINT ( 'NONE', #4035 ) ;
#6208 = CARTESIAN_POINT ( 'NONE',  ( -859.5615577468853400, 36.37943370726596000, -114.4603540021970800 ) ) ;
#6209 = DIRECTION ( 'NONE',  ( 1.000000000000000000, 0.0000000000000000000, 0.0000000000000000000 ) ) ;
#6210 = CARTESIAN_POINT ( 'NONE',  ( -769.1331191352833200, -49.25061185733253700, -64.61942433100706800 ) ) ;
#6211 = ORIENTED_EDGE ( 'NONE', *, *, #6073, .T. ) ;
#6212 = CARTESIAN_POINT ( 'NONE',  ( -1016.759921226766700, 0.3198285846257230600, -8.563544494976548900 ) ) ;
#6213 = CARTESIAN_POINT ( 'NONE',  ( 0.0000000000000000000, 0.0000000000000000000, 0.0000000000000000000 ) ) ;
#6214 = CARTESIAN_POINT ( 'NONE',  ( -856.8041735247337600, -50.77520065452034000, -52.02692836472774500 ) ) ;
#6215 = CARTESIAN_POINT ( 'NONE',  ( -856.1052109713358500, 72.70716347706545000, -114.8324534550013400 ) ) ;
#6216 = CARTESIAN_POINT ( 'NONE',  ( -900.0113882235831400, 83.17144053161918300, -85.17181409649734300 ) ) ;
#6217 = CARTESIAN_POINT ( 'NONE',  ( -919.0409262160698100, 63.02909517864819800, -102.5518178517572100 ) ) ;
#6218 = CARTESIAN_POINT ( 'NONE',  ( -132.9917051831889400, 282.4712867000051800, 239.9999999999999700 ) ) ;
#6219 = CARTESIAN_POINT ( 'NONE',  ( -28.90978129462048000, 301.2047995455107000, -143.7219591516652000 ) ) ;
#6220 = CARTESIAN_POINT ( 'NONE',  ( -453.4158454910860300, 42.20061651864961800, -209.4169311968550700 ) ) ;
#6221 = CARTESIAN_POINT ( 'NONE',  ( -931.4234246686644400, -44.47907115696418900, 49.79444041411186800 ) ) ;
#6222 = EDGE_CURVE ( 'NONE', #6155, #1803, #3525, .T. ) ;
#6223 = CARTESIAN_POINT ( 'NONE',  ( -986.5062926045142100, -40.67839419687521700, -312.7510206763798200 ) ) ;
#6224 = CARTESIAN_POINT ( 'NONE',  ( -938.9199129340123600, -42.77202342245151800, -54.62890004544854600 ) ) ;
#6225 = CARTESIAN_POINT ( 'NONE',  ( -916.1761530242785100, 26.11962362688412400, 105.6062142766421300 ) ) ;
#6226 = VECTOR ( 'NONE', #4080, 1000.000000000000000 ) ;
#6227 = CARTESIAN_POINT ( 'NONE',  ( -765.4872778177197000, 23.42789570974004900, -57.82519722479804600 ) ) ;
#6228 = VERTEX_POINT ( 'NONE', #5023 ) ;
#6229 = CARTESIAN_POINT ( 'NONE',  ( -1016.860575525654800, 0.3141717486699505100, 6.843207974361682500 ) ) ;
#6230 =( LENGTH_UNIT ( ) NAMED_UNIT ( * ) SI_UNIT ( .MILLI., .METRE. ) );
#6231 = CARTESIAN_POINT ( 'NONE',  ( -397.2423866036516000, 157.6624639727662000, -721.7026995626075600 ) ) ;
#6232 = EDGE_CURVE ( 'NONE', #2458, #5129, #792, .T. ) ;
#6233 = CARTESIAN_POINT ( 'NONE',  ( -766.5251973323377100, 23.42730997547047500, 56.35446640037435600 ) ) ;
#6234 = CARTESIAN_POINT ( 'NONE',  ( -403.3349438461406700, 153.2827667448359800, 755.0000000000000000 ) ) ;
#6235 = ORIENTED_EDGE ( 'NONE', *, *, #3318, .F. ) ;
#6236 = DIRECTION ( 'NONE',  ( -1.000000000000000000, -1.110223024625156700E-015, 0.0000000000000000000 ) ) ;
#6237 = CARTESIAN_POINT ( 'NONE',  ( -971.0375125829706300, -46.70541187800891700, 0.0000000000000000000 ) ) ;
#6238 = CARTESIAN_POINT ( 'NONE',  ( -920.2903824219745300, 73.01051709191146700, -92.56665915914901200 ) ) ;
#6239 = CARTESIAN_POINT ( 'NONE',  ( -113.8150550061754000, 284.9638491362790100, 239.9999999999999400 ) ) ;
#6240 = CARTESIAN_POINT ( 'NONE',  ( -23.35758690175210400, 300.0327381020625800, -143.9070322980940900 ) ) ;
#6241 = DIRECTION ( 'NONE',  ( 0.0000000000000000000, -0.9278452826559276900, 0.3729653220517179000 ) ) ;
#6242 = CARTESIAN_POINT ( 'NONE',  ( -766.6240614248512200, 23.42730997547047500, 63.24732940658812900 ) ) ;
#6243 = LINE ( 'NONE', #2453, #472 ) ;
#6244 = ORIENTED_EDGE ( 'NONE', *, *, #3718, .T. ) ;
#6245 = CARTESIAN_POINT ( 'NONE',  ( -16.63518182673410800, 303.3258790918834500, 239.9999999999999100 ) ) ;
#6246 = CARTESIAN_POINT ( 'NONE',  ( -342.6364562004772000, 111.5216994009667100, 650.0000000000000000 ) ) ;
#6247 = DIRECTION ( 'NONE',  ( -0.0000000000000000000, -0.0000000000000000000, -1.000000000000000000 ) ) ;
#6248 = CARTESIAN_POINT ( 'NONE',  ( -903.1420864286368400, 22.63471032366287300, -108.1743023418718600 ) ) ;
#6249 = FACE_OUTER_BOUND ( 'NONE', #6510, .T. ) ;
#6250 = ORIENTED_EDGE ( 'NONE', *, *, #3133, .F. ) ;
#6251 = CARTESIAN_POINT ( 'NONE',  ( -940.3170078418983200, -42.56529605357287200, 59.06079369007283500 ) ) ;
#6252 = CARTESIAN_POINT ( 'NONE',  ( -1016.985571136463900, 0.3071469154203950200, -3.419493017346964900 ) ) ;
#6253 = CARTESIAN_POINT ( 'NONE',  ( -974.7195593237231600, -41.14360454799239600, 312.7510206763798200 ) ) ;
#6254 = CARTESIAN_POINT ( 'NONE',  ( -403.3349438461406700, 153.2827667448359800, -685.0000000000000000 ) ) ;
#6255 = VERTEX_POINT ( 'NONE', #6624 ) ;
#6256 = LINE ( 'NONE', #6530, #4121 ) ;
#6257 = ORIENTED_EDGE ( 'NONE', *, *, #3557, .T. ) ;
#6258 = ORIENTED_EDGE ( 'NONE', *, *, #2307, .T. ) ;
#6259 = CARTESIAN_POINT ( 'NONE',  ( -861.7541354303035600, 96.55649084450696800, 91.96781315333771500 ) ) ;
#6260 = FACE_OUTER_BOUND ( 'NONE', #4310, .T. ) ;
#6261 = ORIENTED_EDGE ( 'NONE', *, *, #936, .T. ) ;
#6262 = CARTESIAN_POINT ( 'NONE',  ( -948.7841062061123700, 5.018420375086568800, -81.73844108900408400 ) ) ;
#6263 = CARTESIAN_POINT ( 'NONE',  ( -1534.030086240052900, -201.6600000000000000, -1099.999999628405500 ) ) ;
#6264 = VECTOR ( 'NONE', #2973, 1000.000000000000000 ) ;
#6265 = CARTESIAN_POINT ( 'NONE',  ( -99.28735196031989600, 286.8942307340270800, 240.0000000000000300 ) ) ;
#6266 = VERTEX_POINT ( 'NONE', #874 ) ;
#6267 = CARTESIAN_POINT ( 'NONE',  ( -40.06769064993483900, 303.2458908663697300, -143.3500288398212200 ) ) ;
#6268 = EDGE_LOOP ( 'NONE', ( #794, #6573, #2542, #4456, #5461, #6107 ) ) ;
#6269 = CARTESIAN_POINT ( 'NONE',  ( -932.2263901009130200, -44.47907115696418900, 49.91119714758191600 ) ) ;
#6270 = DIRECTION ( 'NONE',  ( 1.000000000000000000, 0.0000000000000000000, 0.0000000000000000000 ) ) ;
#6271 = DIRECTION ( 'NONE',  ( 1.000000000000000000, 0.0000000000000000000, 0.0000000000000000000 ) ) ;
#6272 = VERTEX_POINT ( 'NONE', #4628 ) ;
#6273 = CARTESIAN_POINT ( 'NONE',  ( -1028.516342764870800, 37.36330979880114000, -2.569557605813850700 ) ) ;
#6274 = EDGE_CURVE ( 'NONE', #581, #5899, #1787, .T. ) ;
#6275 = DIRECTION ( 'NONE',  ( 1.000000000000000000, 0.0000000000000000000, 0.0000000000000000000 ) ) ;
#6276 = PLANE ( 'NONE',  #4299 ) ;
#6277 = AXIS2_PLACEMENT_3D ( 'NONE', #5931, #6441, #4910 ) ;
#6278 = CARTESIAN_POINT ( 'NONE',  ( -1016.557933676294400, 0.3311804141128889000, 11.10828918279530000 ) ) ;
#6279 =( NAMED_UNIT ( * ) PLANE_ANGLE_UNIT ( ) SI_UNIT ( $, .RADIAN. ) );
#6280 = EDGE_LOOP ( 'NONE', ( #75, #6338, #5840, #2796 ) ) ;
#6281 = CARTESIAN_POINT ( 'NONE',  ( -922.1652657308594600, 5.636108707223756100, 83.64304241581615400 ) ) ;
#6282 = EDGE_CURVE ( 'NONE', #6090, #3397, #373, .T. ) ;
#6283 = CARTESIAN_POINT ( 'NONE',  ( -796.7536782244353600, -50.66403362770442700, -65.57245886564202000 ) ) ;
#6284 = CARTESIAN_POINT ( 'NONE',  ( -663.0707898217588100, 63.20167647951369400, 650.0000000000000000 ) ) ;
#6285 = ORIENTED_EDGE ( 'NONE', *, *, #3557, .F. ) ;
#6286 = CARTESIAN_POINT ( 'NONE',  ( -133.9436205147302100, 282.3485590634030000, 239.9999999999999400 ) ) ;
#6287 = CARTESIAN_POINT ( 'NONE',  ( -731.0835896467239100, 142.6386337000444900, -95.57899171663386500 ) ) ;
#6288 = ORIENTED_EDGE ( 'NONE', *, *, #5476, .T. ) ;
#6289 = CARTESIAN_POINT ( 'NONE',  ( -397.2612429274899500, 157.7400826259807300, 721.6694431995474600 ) ) ;
#6290 = CARTESIAN_POINT ( 'NONE',  ( -113.4566584325427200, 318.9890467674806600, 239.9999999999999400 ) ) ;
#6291 = CARTESIAN_POINT ( 'NONE',  ( -182.5422089380673800, 294.7573435709114700, 239.9999999999998900 ) ) ;
#6292 = CARTESIAN_POINT ( 'NONE',  ( -14.62674840205194100, 292.5975930273639300, -240.0000000000000000 ) ) ;
#6293 = CARTESIAN_POINT ( 'NONE',  ( -1023.632468975144100, 39.65344792960335200, 6.531547620735287800 ) ) ;
#6294 = CARTESIAN_POINT ( 'NONE',  ( -1016.869058680211700, 0.3136949899597375500, -6.848726651073767400 ) ) ;
#6295 = CARTESIAN_POINT ( 'NONE',  ( -9.499819642722426800, 97.00432885174032500, -239.9999999999998900 ) ) ;
#6296 = AXIS2_PLACEMENT_3D ( 'NONE', #2529, #5750, #5237 ) ;
#6297 = CARTESIAN_POINT ( 'NONE',  ( -163.1156327466065600, 342.5788477500599400, 114.7553023385805200 ) ) ;
#6298 = CARTESIAN_POINT ( 'NONE',  ( -543.7093750069233200, -4.444517910330201700, 69.79237180920748100 ) ) ;
#6299 = CARTESIAN_POINT ( 'NONE',  ( -933.2774660925542800, -43.62514663807957800, 50.17712123572111700 ) ) ;
#6300 =( NAMED_UNIT ( * ) SI_UNIT ( $, .STERADIAN. ) SOLID_ANGLE_UNIT ( ) );
#6301 = DIRECTION ( 'NONE',  ( -1.000000000000000000, -1.110223024625156700E-015, 0.0000000000000000000 ) ) ;
#6302 = CARTESIAN_POINT ( 'NONE',  ( -731.8165205886452900, 51.46764385215429600, 120.2917345085317900 ) ) ;
#6303 = CARTESIAN_POINT ( 'NONE',  ( -494.0233976797541700, 33.33915645715868000, 650.0000000000000000 ) ) ;
#6304 = CARTESIAN_POINT ( 'NONE',  ( -780.2033681365539900, 125.3471317657670300, -94.42791072771088100 ) ) ;
#6305 =( BOUNDED_CURVE ( )  B_SPLINE_CURVE ( 3, ( #5493, #3507, #1326, #235 ),
 .UNSPECIFIED., .F., .F. ) 
 B_SPLINE_CURVE_WITH_KNOTS ( ( 4, 4 ),
 ( 3.052555804368844800, 4.612289601157166400 ),
 .UNSPECIFIED. ) 
 CURVE ( )  GEOMETRIC_REPRESENTATION_ITEM ( )  RATIONAL_B_SPLINE_CURVE ( ( 1.000000000000000000, 0.8073380928898431500, 0.8073380928898431500, 1.000000000000000000 ) ) 
 REPRESENTATION_ITEM ( '' )  );
#6306 = CARTESIAN_POINT ( 'NONE',  ( -117.3470060928979700, 319.5018434192863900, 140.7740516583893700 ) ) ;
#6307 = CARTESIAN_POINT ( 'NONE',  ( -395.1366864534508600, 150.2988450810441100, -755.0000000000000000 ) ) ;
#6308 = CARTESIAN_POINT ( 'NONE',  ( -531.9501749664385700, -5.650588350028082000, 69.73714230385326100 ) ) ;
#6309 = CARTESIAN_POINT ( 'NONE',  ( -129.0355806750042400, 321.0181309776148700, 239.9999999999999100 ) ) ;
#6310 = EDGE_CURVE ( 'NONE', #677, #6581, #4413, .T. ) ;
#6311 = CARTESIAN_POINT ( 'NONE',  ( -183.1240627347678200, 295.7625510597782200, 240.0000000000000300 ) ) ;
#6312 = CARTESIAN_POINT ( 'NONE',  ( -995.1635593470150500, 22.13739259372691800, 81.65449278019961800 ) ) ;
#6313 = VECTOR ( 'NONE', #5674, 1000.000000000000000 ) ;
#6314 = ORIENTED_EDGE ( 'NONE', *, *, #5483, .F. ) ;
#6315 = CARTESIAN_POINT ( 'NONE',  ( -1020.110940618159900, 40.89312197269811100, -22.44981282289122900 ) ) ;
#6316 = CARTESIAN_POINT ( 'NONE',  ( -14.62674840205196200, 306.2533925417656600, 239.9999999999999100 ) ) ;
#6317 = CARTESIAN_POINT ( 'NONE',  ( -185.7966739455695200, 334.5945025469301900, 136.1552552336892700 ) ) ;
#6318 = CARTESIAN_POINT ( 'NONE',  ( -411.3112921771536900, 151.3384461023320300, -655.0000000000000000 ) ) ;
#6319 = CARTESIAN_POINT ( 'NONE',  ( -940.2496474277866100, -42.58433637996731800, 61.08013554287606400 ) ) ;
#6320 = CIRCLE ( 'NONE', #2682, 700.0000000000003400 ) ;
#6321 = CARTESIAN_POINT ( 'NONE',  ( -401.9009021680602100, 154.0365188044318400, -701.3622892634799700 ) ) ;
#6322 = EDGE_LOOP ( 'NONE', ( #6656, #6079, #3818, #5778, #2280, #3069 ) ) ;
#6323 = EDGE_CURVE ( 'NONE', #6205, #3697, #6623, .T. ) ;
#6324 = DIRECTION ( 'NONE',  ( -0.0000000000000000000, -1.000000000000000000, -0.0000000000000000000 ) ) ;
#6325 = CARTESIAN_POINT ( 'NONE',  ( -1019.471936480288300, 21.40775444708674900, 59.02327778570984400 ) ) ;
#6326 = AXIS2_PLACEMENT_3D ( 'NONE', #4604, #5067, #2446 ) ;
#6327 = FACE_OUTER_BOUND ( 'NONE', #657, .T. ) ;
#6328 = VERTEX_POINT ( 'NONE', #6263 ) ;
#6329 = CARTESIAN_POINT ( 'NONE',  ( -250.6785800302290300, -28.06546278693414100, 655.0000000000000000 ) ) ;
#6330 = CARTESIAN_POINT ( 'NONE',  ( -765.2723784732847900, 22.99007521175592600, -59.09675798408469700 ) ) ;
#6331 = CARTESIAN_POINT ( 'NONE',  ( -42.34587495147882700, 295.2327404382505700, 239.9999999999999400 ) ) ;
#6332 = CARTESIAN_POINT ( 'NONE',  ( -918.2231727208904900, 76.76039560137721200, 81.39884599997316200 ) ) ;
#6333 = CARTESIAN_POINT ( 'NONE',  ( -958.2158849664388100, 4.094748223608620600, -77.26343180550519200 ) ) ;
#6334 = CARTESIAN_POINT ( 'NONE',  ( -394.0261842954576500, 162.4132766959136500, 734.5491694563184000 ) ) ;
#6335 = CARTESIAN_POINT ( 'NONE',  ( -98.07178066755189100, 316.9420841476510300, 239.9999999999999400 ) ) ;
#6336 = ORIENTED_EDGE ( 'NONE', *, *, #862, .F. ) ;
#6337 = ORIENTED_EDGE ( 'NONE', *, *, #3269, .T. ) ;
#6338 = ORIENTED_EDGE ( 'NONE', *, *, #5352, .F. ) ;
#6339 = CARTESIAN_POINT ( 'NONE',  ( -1037.646325068038800, 34.72018831021925700, 4.014916160719741000 ) ) ;
#6340 = CARTESIAN_POINT ( 'NONE',  ( -1016.482751041920100, 0.3354057262364107900, -11.99965543216169600 ) ) ;
#6341 = DIRECTION ( 'NONE',  ( -1.000000000000000000, -1.009594287533120200E-015, 1.972152263052529500E-031 ) ) ;
#6342 = EDGE_LOOP ( 'NONE', ( #2750, #328, #4200, #2127 ) ) ;
#6343 = CARTESIAN_POINT ( 'NONE',  ( -163.0321233620533100, 321.0828505001244400, 139.2512144160378100 ) ) ;
#6344 = CIRCLE ( 'NONE', #2791, 25.00000000000000000 ) ;
#6345 = ORIENTED_EDGE ( 'NONE', *, *, #6437, .F. ) ;
#6346 = B_SPLINE_CURVE_WITH_KNOTS ( 'NONE', 3,
 ( #4069, #1458, #6724, #396, #5676, #5721, #2052, #447, #6788, #2549, #5701, #2500, #467, #6208, #6700, #3575, #6743, #1501, #371, #3592, #4139, #5127, #4592, #964, #1438, #423, #946, #6248 ),
 .UNSPECIFIED., .F., .F.,
 ( 4, 2, 2, 2, 2, 2, 2, 2, 2, 2, 2, 2, 2, 4 ),
 ( 3.469446951953614200E-017, 0.0004075131463257687500, 0.0008150262926515028000, 0.001630052585302968500, 0.002445078877954434200, 0.003260105170605899800, 0.004890157755909122600, 0.006520210341212345900, 0.009780315511818486400, 0.01304042068242462800, 0.01956063102363690700, 0.02608084136484919300, 0.03912126204727375100, 0.05216168272969831700 ),
 .UNSPECIFIED. ) ;
#6347 = VERTEX_POINT ( 'NONE', #957 ) ;
#6348 = CARTESIAN_POINT ( 'NONE',  ( -939.7653739017807800, 5.901642096336633600, -63.03353704111203400 ) ) ;
#6349 = CIRCLE ( 'NONE', #341, 96.73687514032413000 ) ;
#6350 = CARTESIAN_POINT ( 'NONE',  ( -966.0375125829709800, -38.04515784016426500, 20.83333333333332900 ) ) ;
#6351 = CARTESIAN_POINT ( 'NONE',  ( -1012.560182267114900, 23.18327884320654400, 66.50579078661655800 ) ) ;
#6352 = VERTEX_POINT ( 'NONE', #5206 ) ;
#6353 = CARTESIAN_POINT ( 'NONE',  ( -1012.809502501466100, 43.46342736086182200, -37.02459158161055800 ) ) ;
#6354 = CARTESIAN_POINT ( 'NONE',  ( -43.79948128684844000, 309.0135177631745500, 143.2256358185910300 ) ) ;
#6355 = CARTESIAN_POINT ( 'NONE',  ( -649.2818860900317800, -28.50211036837637500, -269.7590847208614400 ) ) ;
#6356 = CARTESIAN_POINT ( 'NONE',  ( -469.0710157804053900, 28.03962429833553600, 71.65342119842550500 ) ) ;
#6357 = CARTESIAN_POINT ( 'NONE',  ( -69.48163330584183900, 312.9563761970029000, 240.0000000000000000 ) ) ;
#6358 = ORIENTED_EDGE ( 'NONE', *, *, #6384, .F. ) ;
#6359 = CARTESIAN_POINT ( 'NONE',  ( -184.3653661889754600, 299.3241604478898200, 240.0000000000000300 ) ) ;
#6360 = CARTESIAN_POINT ( 'NONE',  ( -939.9644854286978000, 5.882142723299510900, 57.08266622546285200 ) ) ;
#6361 = CARTESIAN_POINT ( 'NONE',  ( -1027.248464966459100, 26.12237371519225000, 46.04358202085152400 ) ) ;
#6362 = EDGE_CURVE ( 'NONE', #1228, #3552, #5377, .T. ) ;
#6363 = CARTESIAN_POINT ( 'NONE',  ( -164.7850132776878000, 341.9911802652235900, 136.0007787692465800 ) ) ;
#6364 = ORIENTED_EDGE ( 'NONE', *, *, #4157, .T. ) ;
#6365 = CARTESIAN_POINT ( 'NONE',  ( -855.0379465244561700, 73.34051792129967900, -114.9129884563450600 ) ) ;
#6366 = AXIS2_PLACEMENT_3D ( 'NONE', #747, #5069, #6695 ) ;
#6367 = CARTESIAN_POINT ( 'NONE',  ( -148.9894789411315200, 323.0048226781706300, 139.7193025634482800 ) ) ;
#6368 = ORIENTED_EDGE ( 'NONE', *, *, #3318, .T. ) ;
#6369 = AXIS2_PLACEMENT_3D ( 'NONE', #6307, #4171, #6241 ) ;
#6370 = CARTESIAN_POINT ( 'NONE',  ( -1534.030086240052500, -201.6600000000000000, 1100.000000371594500 ) ) ;
#6371 = B_SPLINE_CURVE_WITH_KNOTS ( 'NONE', 3,
 ( #5540, #440, #988, #2044, #4609, #5737 ),
 .UNSPECIFIED., .F., .F.,
 ( 4, 1, 1, 4 ),
 ( 0.0000000000000000000, 0.8318059279503584600, 0.9159029244924025100, 1.000000000000000000 ),
 .UNSPECIFIED. ) ;
#6372 = CARTESIAN_POINT ( 'NONE',  ( -770.0781440828610600, 22.51943738479926800, -54.73844108900409100 ) ) ;
#6373 = CARTESIAN_POINT ( 'NONE',  ( -17.52825488877503800, 303.6452168146934100, 144.1013433651932300 ) ) ;
#6374 = CARTESIAN_POINT ( 'NONE',  ( -952.5872779812847300, 4.645968481834942500, -80.01390296336011000 ) ) ;
#6375 = CARTESIAN_POINT ( 'NONE',  ( -396.6874088791571500, 158.3812972750828300, 723.8553897497728300 ) ) ;
#6376 = CARTESIAN_POINT ( 'NONE',  ( -132.6270776899878900, 321.4816937062260000, 239.9999999999999100 ) ) ;
#6377 = CARTESIAN_POINT ( 'NONE',  ( -500.6785800302290000, 221.9345372130657900, -655.0000000000000000 ) ) ;
#6378 = CARTESIAN_POINT ( 'NONE',  ( -939.5355527361059600, 5.924148923092254800, 55.81786989406441500 ) ) ;
#6379 = PLANE ( 'NONE',  #746 ) ;
#6380 = CARTESIAN_POINT ( 'NONE',  ( -765.3910280424295300, -48.40668206087764200, 58.46356736895159400 ) ) ;
#6381 = CARTESIAN_POINT ( 'NONE',  ( -177.2400750835616300, 337.6066587561576300, 114.4323378247564600 ) ) ;
#6382 = CARTESIAN_POINT ( 'NONE',  ( -957.6679311350740100, 24.00420353638592300, 94.47591096613183500 ) ) ;
#6383 = CARTESIAN_POINT ( 'NONE',  ( -933.2841304343697900, 6.536362677673595900, -69.29750887679000500 ) ) ;
#6384 = EDGE_CURVE ( 'NONE', #4146, #5577, #5992, .T. ) ;
#6385 =( BOUNDED_CURVE ( )  B_SPLINE_CURVE ( 3, ( #4934, #3924, #5465, #2900 ),
 .UNSPECIFIED., .F., .F. ) 
 B_SPLINE_CURVE_WITH_KNOTS ( ( 4, 4 ),
 ( 1.504868470608304900, 1.549392849992818700 ),
 .UNSPECIFIED. ) 
 CURVE ( )  GEOMETRIC_REPRESENTATION_ITEM ( )  RATIONAL_B_SPLINE_CURVE ( ( 1.000000000000000000, 0.9998348051261560800, 0.9998348051261560800, 1.000000000000000000 ) ) 
 REPRESENTATION_ITEM ( '' )  );
#6386 = CARTESIAN_POINT ( 'NONE',  ( -920.3040779020319600, 72.40355017323851400, 93.56937122822255000 ) ) ;
#6387 = CARTESIAN_POINT ( 'NONE',  ( -5.573319583618285800E-011, 121.9207799509685800, 129.2445991789948000 ) ) ;
#6388 = CIRCLE ( 'NONE', #150, 25.00000000000004300 ) ;
#6389 = EDGE_LOOP ( 'NONE', ( #6161, #6760, #3348, #6622 ) ) ;
#6390 = CARTESIAN_POINT ( 'NONE',  ( -977.9970575583950000, 32.06201920788375000, -87.52448106196145300 ) ) ;
#6391 = ADVANCED_FACE ( 'NONE', ( #2103 ), #3256, .T. ) ;
#6392 = CARTESIAN_POINT ( 'NONE',  ( -728.6948296965529200, 26.57218991195626500, -95.30066013804095300 ) ) ;
#6393 = CARTESIAN_POINT ( 'NONE',  ( -32.16162463568240100, 296.9982696735072500, 239.9999999999998900 ) ) ;
#6394 = CARTESIAN_POINT ( 'NONE',  ( -956.3495459002957700, 4.277522381529189800, -78.20108010740655400 ) ) ;
#6395 = LINE ( 'NONE', #1023, #1032 ) ;
#6396 = CARTESIAN_POINT ( 'NONE',  ( -905.1221017451927100, 21.51799301364455600, -107.5006255679073300 ) ) ;
#6397 = ORIENTED_EDGE ( 'NONE', *, *, #5214, .T. ) ;
#6398 = CARTESIAN_POINT ( 'NONE',  ( -145.3272261864371400, 322.9080089123505100, 240.0000000000000300 ) ) ;
#6399 = EDGE_CURVE ( 'NONE', #5823, #4970, #4273, .T. ) ;
#6400 = CARTESIAN_POINT ( 'NONE',  ( -154.9154124524792200, 281.3935497481667800, 239.9999999999999400 ) ) ;
#6401 = CARTESIAN_POINT ( 'NONE',  ( -935.1465797579761600, 6.353969449686724500, 68.52193037942205900 ) ) ;
#6402 = CARTESIAN_POINT ( 'NONE',  ( -738.6411727530717100, 136.4814618256707200, -107.7344185162797000 ) ) ;
#6403 = VECTOR ( 'NONE', #2938, 1000.000000000000000 ) ;
#6404 = ORIENTED_EDGE ( 'NONE', *, *, #6102, .F. ) ;
#6405 = CARTESIAN_POINT ( 'NONE',  ( -769.7564574725695400, -48.79285400844172900, 64.72035505245219200 ) ) ;
#6406 = DIRECTION ( 'NONE',  ( 0.3320534516538564100, -0.9432605712340359500, 0.0000000000000000000 ) ) ;
#6407 = CARTESIAN_POINT ( 'NONE',  ( -357.5144706876278100, 253.6650333674942300, -685.0000000000000000 ) ) ;
#6408 = CARTESIAN_POINT ( 'NONE',  ( -965.5218452665623100, -37.86112661497394100, -62.35021923255894900 ) ) ;
#6409 = EDGE_CURVE ( 'NONE', #6328, #4613, #4818, .T. ) ;
#6410 = CARTESIAN_POINT ( 'NONE',  ( -1029.126498737529300, -0.3751809786563757300, 52.81150998653604500 ) ) ;
#6411 = CARTESIAN_POINT ( 'NONE',  ( -939.3898600259109300, 5.938416889135345000, -63.95860348054563400 ) ) ;
#6412 = EDGE_CURVE ( 'NONE', #5577, #230, #3440, .T. ) ;
#6413 = VECTOR ( 'NONE', #779, 1000.000000000000000 ) ;
#6414 = VERTEX_POINT ( 'NONE', #4272 ) ;
#6415 = VERTEX_POINT ( 'NONE', #5818 ) ;
#6416 = CARTESIAN_POINT ( 'NONE',  ( -720.5218967646291000, -42.84455594880270700, 62.35012099105503600 ) ) ;
#6417 = CARTESIAN_POINT ( 'NONE',  ( -5.573319583618286500E-011, 120.1545479494688800, 122.8638967704985000 ) ) ;
#6418 = AXIS2_PLACEMENT_3D ( 'NONE', #2306, #6000, #2798 ) ;
#6419 = CARTESIAN_POINT ( 'NONE',  ( -979.7195593237235000, -49.80385858583706200, -312.7510206763798200 ) ) ;
#6420 = VERTEX_POINT ( 'NONE', #3837 ) ;
#6421 = CARTESIAN_POINT ( 'NONE',  ( -250.6785800302286900, -425.2369295036681400, -459.2542764104997000 ) ) ;
#6422 = CARTESIAN_POINT ( 'NONE',  ( -516.1611622597005200, 10.16888668989803100, -210.4185866888561500 ) ) ;
#6423 = CYLINDRICAL_SURFACE ( 'NONE', #4394, 92.50000000000069600 ) ;
#6424 = CARTESIAN_POINT ( 'NONE',  ( -1004.508166210119600, 19.88191308001097500, 37.02459158161185800 ) ) ;
#6425 = VERTEX_POINT ( 'NONE', #4844 ) ;
#6426 = CARTESIAN_POINT ( 'NONE',  ( -360.3335485499855500, 254.6910937974712400, -685.0000000000000000 ) ) ;
#6427 = VERTEX_POINT ( 'NONE', #6392 ) ;
#6428 = CARTESIAN_POINT ( 'NONE',  ( -147.9545351525718200, 322.9972671501149600, 239.9999999999999700 ) ) ;
#6429 = VECTOR ( 'NONE', #4006, 1000.000000000000100 ) ;
#6430 = CARTESIAN_POINT ( 'NONE',  ( -168.1937513391463900, 284.5648776768449000, 239.9999999999999400 ) ) ;
#6431 = ORIENTED_EDGE ( 'NONE', *, *, #978, .F. ) ;
#6432 = FACE_OUTER_BOUND ( 'NONE', #3789, .T. ) ;
#6433 = ORIENTED_EDGE ( 'NONE', *, *, #5300, .T. ) ;
#6434 = CARTESIAN_POINT ( 'NONE',  ( -937.5122131429843600, 6.122298443202726800, 66.69388707235032100 ) ) ;
#6435 = CARTESIAN_POINT ( 'NONE',  ( -413.4222416891278700, 71.91118529648198900, -453.0067876111058400 ) ) ;
#6436 = CARTESIAN_POINT ( 'NONE',  ( -1030.691642663261100, 34.27590561837018900, 21.64278261393809900 ) ) ;
#6437 = EDGE_CURVE ( 'NONE', #3605, #6420, #204, .T. ) ;
#6438 = ADVANCED_FACE ( 'NONE', ( #6077 ), #1943, .F. ) ;
#6439 = CARTESIAN_POINT ( 'NONE',  ( -876.6827469256780900, 30.41360020472272300, 112.4121479673280400 ) ) ;
#6440 =( BOUNDED_SURFACE ( )  B_SPLINE_SURFACE ( 3, 2, ( 
 ( #3383, #6614, #828 ),
 ( #3986, #4506, #2814 ),
 ( #3911, #1805, #5499 ),
 ( #6520, #402, #2979 ) ),
 .UNSPECIFIED., .F., .F., .F. ) 
 B_SPLINE_SURFACE_WITH_KNOTS ( ( 4, 4 ),
 ( 3, 3 ),
 ( 4.733923052094549900, 4.814554061244326300 ),
 ( 0.0000000000000000000, 1.000000000000000000 ),
 .UNSPECIFIED. ) 
 GEOMETRIC_REPRESENTATION_ITEM ( )  RATIONAL_B_SPLINE_SURFACE ( (
 ( 1.000000000000000000, 0.7063643995535251500, 1.000000000000000000),
 ( 1.000000000000000000, 0.7054374787244874800, 1.000000000000000000),
 ( 1.000000000000000000, 0.7045095346784138200, 1.000000000000000000),
 ( 1.000000000000000000, 0.7035835868435179600, 1.000000000000000000) ) ) 
 REPRESENTATION_ITEM ( '' )  SURFACE ( )  );
#6441 = DIRECTION ( 'NONE',  ( -1.000000000000000000, -1.009594287533120200E-015, 1.972152263052529500E-031 ) ) ;
#6442 = VECTOR ( 'NONE', #3201, 1000.000000000000000 ) ;
#6443 = CARTESIAN_POINT ( 'NONE',  ( -1059.400215396256700, -2.076583211852444800, 32.97434247149882900 ) ) ;
#6444 = CARTESIAN_POINT ( 'NONE',  ( -938.7509520236136500, 6.000986373012649400, -54.35487200604681100 ) ) ;
#6445 = CARTESIAN_POINT ( 'NONE',  ( -930.8338339395390900, -43.98244759495568700, 49.74585420188145700 ) ) ;
#6446 = ORIENTED_EDGE ( 'NONE', *, *, #5524, .F. ) ;
#6447 = DIRECTION ( 'NONE',  ( -0.0000000000000000000, -1.000000000000000000, -0.0000000000000000000 ) ) ;
#6448 = CARTESIAN_POINT ( 'NONE',  ( -398.9254421041000600, 139.8893244830534600, -755.0000000000000000 ) ) ;
#6449 = DIRECTION ( 'NONE',  ( -0.9396926207859104300, 0.3420201433256637200, 0.0000000000000000000 ) ) ;
#6450 = EDGE_LOOP ( 'NONE', ( #5598, #3011, #6244, #2330 ) ) ;
#6451 = DIRECTION ( 'NONE',  ( -0.9427946626885518300, -0.3318894391366362100, -0.03142648875628361500 ) ) ;
#6452 = CARTESIAN_POINT ( 'NONE',  ( -728.6948296965165400, 26.57218991196057100, 95.30066013804292900 ) ) ;
#6453 = CARTESIAN_POINT ( 'NONE',  ( -932.5699866336528900, 7.677030560070400100, -90.70460225750478900 ) ) ;
#6454 = CARTESIAN_POINT ( 'NONE',  ( -148.4119121169098600, 323.0017001863375900, 240.0000000000000600 ) ) ;
#6455 = CARTESIAN_POINT ( 'NONE',  ( -930.0000000000558200, -44.47907115522036000, -49.73844108900407000 ) ) ;
#6456 = CARTESIAN_POINT ( 'NONE',  ( -169.0349764480888300, 284.8836675423536900, 240.0000000000000000 ) ) ;
#6457 = EDGE_LOOP ( 'NONE', ( #6004, #6250, #2228, #4353 ) ) ;
#6458 = CARTESIAN_POINT ( 'NONE',  ( -932.6621297452437600, 6.597276396002364200, 69.48567026932069300 ) ) ;
#6459 = ORIENTED_EDGE ( 'NONE', *, *, #1819, .T. ) ;
#6460 = CARTESIAN_POINT ( 'NONE',  ( -1030.615153357840200, 34.54066503454628600, 20.58289708186490000 ) ) ;
#6461 = EDGE_CURVE ( 'NONE', #3095, #5951, #3009, .T. ) ;
#6462 = CARTESIAN_POINT ( 'NONE',  ( -895.0010095122149800, 24.94318566793834100, 109.6312880183363800 ) ) ;
#6463 = CARTESIAN_POINT ( 'NONE',  ( -729.0542768836836600, 26.53698324128182800, -95.29295773868912500 ) ) ;
#6464 = CARTESIAN_POINT ( 'NONE',  ( -929.9999970323415300, -44.10239079642276700, 49.73844108900586700 ) ) ;
#6465 = CARTESIAN_POINT ( 'NONE',  ( -1030.854927684089300, 32.59791517991081400, 27.78975480105242800 ) ) ;
#6466 = CARTESIAN_POINT ( 'NONE',  ( -500.6785800302290000, 221.9345372130657900, -650.0000000000000000 ) ) ;
#6467 = CARTESIAN_POINT ( 'NONE',  ( -375.4209598999159400, 92.92953237961241100, -569.1364520728456000 ) ) ;
#6468 = CARTESIAN_POINT ( 'NONE',  ( -767.1186931637163300, 22.80926207928613500, 63.66391445202589200 ) ) ;
#6469 = CARTESIAN_POINT ( 'NONE',  ( -547.1009680391321100, 22.47362112785342300, 451.8120207496300500 ) ) ;
#6470 = CARTESIAN_POINT ( 'NONE',  ( -770.0781440828610600, 22.51943738479927100, -64.73844108900408400 ) ) ;
#6471 = DIRECTION ( 'NONE',  ( -1.000000000000000000, 0.0000000000000000000, 2.018587317500284800E-016 ) ) ;
#6472 = CARTESIAN_POINT ( 'NONE',  ( -1021.074700142277700, 20.99602887136783000, 56.80099378340646900 ) ) ;
#6473 = CARTESIAN_POINT ( 'NONE',  ( -144.1031200542281000, 322.8290670563247300, 240.0000000000000000 ) ) ;
#6474 = CARTESIAN_POINT ( 'NONE',  ( -163.5588102887080300, 315.7720415483884200, -139.2336581851956500 ) ) ;
#6475 = CARTESIAN_POINT ( 'NONE',  ( -174.0180554875361700, 287.2065113319802100, 239.9999999999999400 ) ) ;
#6476 = VERTEX_POINT ( 'NONE', #6493 ) ;
#6477 = CARTESIAN_POINT ( 'NONE',  ( -250.6785800302291400, -23.06546278693358700, 655.0000000000000000 ) ) ;
#6478 = CARTESIAN_POINT ( 'NONE',  ( -1008.493635715669500, 0.7843991158040616300, -38.09510425235065200 ) ) ;
#6479 = CARTESIAN_POINT ( 'NONE',  ( -1004.167345983600700, 1.027539364971651300, 44.51969783023805900 ) ) ;
#6480 = CARTESIAN_POINT ( 'NONE',  ( -533.7627778149709500, 62.20390297883572100, 0.0000000000000000000 ) ) ;
#6481 = CARTESIAN_POINT ( 'NONE',  ( -893.9786244174313200, -57.24620595903248700, -312.7515720249604100 ) ) ;
#6482 = CIRCLE ( 'NONE', #2309, 114.9999999999999900 ) ;
#6483 = DIRECTION ( 'NONE',  ( 0.9396926207859112000, -0.3420201433256607700, 0.0000000000000000000 ) ) ;
#6484 = ORIENTED_EDGE ( 'NONE', *, *, #3145, .T. ) ;
#6485 = CARTESIAN_POINT ( 'NONE',  ( -721.1638438405128700, -28.50215867585638200, -123.2493405169230300 ) ) ;
#6486 = CARTESIAN_POINT ( 'NONE',  ( -767.9204397518918800, -48.63586285047058800, -64.18196767848100100 ) ) ;
#6487 = CARTESIAN_POINT ( 'NONE',  ( -413.0707898217584700, 61.93453721306596500, 650.0000000000000000 ) ) ;
#6488 = CARTESIAN_POINT ( 'NONE',  ( -862.7493973680053600, 96.28867775791596300, 89.88743683390998700 ) ) ;
#6489 = CIRCLE ( 'NONE', #2916, 200.0000000000001700 ) ;
#6490 = CARTESIAN_POINT ( 'NONE',  ( -593.7575160634745500, -25.02859990243446500, 123.2994300147123900 ) ) ;
#6491 = ORIENTED_EDGE ( 'NONE', *, *, #533, .T. ) ;
#6492 = CARTESIAN_POINT ( 'NONE',  ( -770.0781440828610600, -51.00000000000041200, -54.73844108900409100 ) ) ;
#6493 = CARTESIAN_POINT ( 'NONE',  ( -930.0000000000559300, -44.10239037126144300, -49.73844108900408400 ) ) ;
#6494 = CARTESIAN_POINT ( 'NONE',  ( -855.4052764537871100, 73.21699231938879400, 114.8776019093388500 ) ) ;
#6495 = CARTESIAN_POINT ( 'NONE',  ( -351.1348627407838900, 167.0231835658232700, 650.0000000000000000 ) ) ;
#6496 = CARTESIAN_POINT ( 'NONE',  ( -142.9683851716149800, 322.7328350403560100, 239.9999999999999400 ) ) ;
#6497 = CARTESIAN_POINT ( 'NONE',  ( -933.9434271286185100, -44.47907115522036000, -50.39632342440564400 ) ) ;
#6498 = ORIENTED_EDGE ( 'NONE', *, *, #1252, .T. ) ;
#6499 = EDGE_CURVE ( 'NONE', #5446, #1389, #288, .T. ) ;
#6500 = CARTESIAN_POINT ( 'NONE',  ( -171.0948005338868500, 285.7487111518743700, 239.9999999999999700 ) ) ;
#6501 = CARTESIAN_POINT ( 'NONE',  ( -55.03643332311077800, 288.0460605790395300, -142.8510707507155900 ) ) ;
#6502 = CARTESIAN_POINT ( 'NONE',  ( -731.7864575403324400, 51.44151788583091200, -120.2923821762569900 ) ) ;
#6503 = PRESENTATION_LAYER_ASSIGNMENT (  '', '', ( #6069 ) ) ;
#6504 = CARTESIAN_POINT ( 'NONE',  ( -767.6436131462511400, -48.60586966376928300, 55.45027007850043100 ) ) ;
#6505 = ADVANCED_FACE ( 'NONE', ( #5488 ), #5954, .F. ) ;
#6506 = LINE ( 'NONE', #6649, #3703 ) ;
#6507 = EDGE_LOOP ( 'NONE', ( #2430, #2294, #4450, #101, #6737, #61 ) ) ;
#6508 = CARTESIAN_POINT ( 'NONE',  ( -5.573319583618286500E-011, 125.5467266163154700, -135.2170671266275400 ) ) ;
#6509 = DIRECTION ( 'NONE',  ( 0.0000000000000000000, 0.0000000000000000000, 1.000000000000000000 ) ) ;
#6510 = EDGE_LOOP ( 'NONE', ( #268, #915, #1093, #825 ) ) ;
#6511 = CARTESIAN_POINT ( 'NONE',  ( -918.9483379989669600, 76.50511764219166400, 81.22163257603277500 ) ) ;
#6512 = EDGE_CURVE ( 'NONE', #4613, #2530, #4740, .T. ) ;
#6513 = CARTESIAN_POINT ( 'NONE',  ( -454.6241072762800900, 61.52337124693671200, -573.8061250271849800 ) ) ;
#6514 = DIRECTION ( 'NONE',  ( 0.0000000000000000000, 0.0000000000000000000, 1.000000000000000000 ) ) ;
#6515 = ORIENTED_EDGE ( 'NONE', *, *, #1332, .T. ) ;
#6516 = ORIENTED_EDGE ( 'NONE', *, *, #1062, .T. ) ;
#6517 = DIRECTION ( 'NONE',  ( -1.000000000000000000, 1.387778780781444500E-015, 0.0000000000000000000 ) ) ;
#6518 = VERTEX_POINT ( 'NONE', #2384 ) ;
#6519 = CARTESIAN_POINT ( 'NONE',  ( -750.6785800302291100, 71.93453721306583800, -650.0000000000000000 ) ) ;
#6520 = CARTESIAN_POINT ( 'NONE',  ( -955.0848152275368600, 29.77067270132567600, 106.4736495247473000 ) ) ;
#6521 = CARTESIAN_POINT ( 'NONE',  ( -18.77492402944723100, 299.9768475943378100, 144.0597877271709700 ) ) ;
#6522 = DIRECTION ( 'NONE',  ( 0.09746564986556016700, -0.9952388894613614100, 0.0000000000000000000 ) ) ;
#6523 = CARTESIAN_POINT ( 'NONE',  ( -965.5218452665626500, -37.86112661497390500, -62.35021923255894900 ) ) ;
#6524 = CARTESIAN_POINT ( 'NONE',  ( -165.0413521747794100, 320.4891884664684800, 239.9999999999999700 ) ) ;
#6525 = CARTESIAN_POINT ( 'NONE',  ( -938.6237299408105600, 7.164169077462492700, -54.05232127270478800 ) ) ;
#6526 = CARTESIAN_POINT ( 'NONE',  ( -143.0777288748776400, 281.2573627436823900, 240.0000000000000900 ) ) ;
#6527 = CARTESIAN_POINT ( 'NONE',  ( -739.4566684527191000, 139.6381593679816100, -96.93121068890938800 ) ) ;
#6528 = ORIENTED_EDGE ( 'NONE', *, *, #4562, .T. ) ;
#6529 = CARTESIAN_POINT ( 'NONE',  ( -428.7639857112776000, 183.8977911741911800, 650.0000000000000000 ) ) ;
#6530 = CARTESIAN_POINT ( 'NONE',  ( -401.9051758187041500, 136.9041116546382300, 755.0000000000000000 ) ) ;
#6531 = CARTESIAN_POINT ( 'NONE',  ( -723.7945680158911700, -29.18071593480789300, -36.91470976221315700 ) ) ;
#6532 = CARTESIAN_POINT ( 'NONE',  ( -769.7564088682332800, -48.79284995069429000, -64.72035297927548900 ) ) ;
#6533 = VERTEX_POINT ( 'NONE', #1139 ) ;
#6534 = CARTESIAN_POINT ( 'NONE',  ( -184.6267484020535800, 288.5675407176283900, 239.9999999999999700 ) ) ;
#6535 = CARTESIAN_POINT ( 'NONE',  ( -918.2231727208929900, 76.76039560137643000, -81.39884599997171200 ) ) ;
#6536 = ADVANCED_FACE ( 'NONE', ( #4582 ), #1289, .T. ) ;
#6537 = DIRECTION ( 'NONE',  ( -0.0000000000000000000, -1.000000000000000000, -0.0000000000000000000 ) ) ;
#6538 = CARTESIAN_POINT ( 'NONE',  ( -861.8024760773774900, 96.41589497966397500, -93.16648150660458300 ) ) ;
#6539 = CARTESIAN_POINT ( 'NONE',  ( -160.7940353182817400, 282.3981311813020600, 139.3258173508766000 ) ) ;
#6540 = EDGE_CURVE ( 'NONE', #3864, #3776, #3251, .T. ) ;
#6541 = CARTESIAN_POINT ( 'NONE',  ( -731.8165205886455200, 51.46764385215513500, -120.2917345085309900 ) ) ;
#6542 = CARTESIAN_POINT ( 'NONE',  ( -768.6627514240499300, -49.25060836388760100, 64.49320997024270200 ) ) ;
#6543 = CARTESIAN_POINT ( 'NONE',  ( -5.573319583618285800E-011, 145.4327230323249600, 144.6856185281506300 ) ) ;
#6544 = CARTESIAN_POINT ( 'NONE',  ( -171.0356444195808800, 318.2778012394134600, 240.0000000000000000 ) ) ;
#6545 = CARTESIAN_POINT ( 'NONE',  ( -937.3290874831515100, -44.47907115522036000, -52.50820983342592300 ) ) ;
#6546 = CARTESIAN_POINT ( 'NONE',  ( -148.0066995254493100, 281.0022279161088400, 240.0000000000000300 ) ) ;
#6547 = EDGE_LOOP ( 'NONE', ( #3262, #2141, #309, #4283, #6191 ) ) ;
#6548 = CARTESIAN_POINT ( 'NONE',  ( -530.2061565769819300, -7.705684670995872800, -0.0000000000000000000 ) ) ;
#6549 = CARTESIAN_POINT ( 'NONE',  ( -916.5373241055170900, 52.65952509643106100, 105.5304585192929200 ) ) ;
#6550 = CARTESIAN_POINT ( 'NONE',  ( -1023.539208224500600, -0.06117167932056150100, 55.94517623198017700 ) ) ;
#6551 = EDGE_CURVE ( 'NONE', #3637, #215, #2276, .T. ) ;
#6552 = CARTESIAN_POINT ( 'NONE',  ( -969.8308515967182800, 2.957272304234565200, 68.79590352574993500 ) ) ;
#6553 = CARTESIAN_POINT ( 'NONE',  ( -5.573319583618285800E-011, 134.2190500977793300, -142.1188469631538000 ) ) ;
#6554 = CARTESIAN_POINT ( 'NONE',  ( -731.8165205886455200, 116.0994112106392700, -120.2917345085309900 ) ) ;
#6555 = CARTESIAN_POINT ( 'NONE',  ( -1024.261971745089300, 23.35497019937926300, -52.25227592812630200 ) ) ;
#6556 = CARTESIAN_POINT ( 'NONE',  ( -530.2020976964985300, 0.2943142993471342700, 0.0000000000000000000 ) ) ;
#6557 = CARTESIAN_POINT ( 'NONE',  ( -769.2824523160433000, -48.75290032090949700, -64.65088406369339700 ) ) ;
#6558 = CARTESIAN_POINT ( 'NONE',  ( -1009.315001393105800, 0.7382378395517401600, 36.56371715840501200 ) ) ;
#6559 = CARTESIAN_POINT ( 'NONE',  ( -768.8188215132986400, 22.64276525505481200, 54.93152518645363400 ) ) ;
#6560 = CARTESIAN_POINT ( 'NONE',  ( -880.8878834470947400, 89.90343587034560400, 88.08790152733453700 ) ) ;
#6561 = CARTESIAN_POINT ( 'NONE',  ( -857.8954111923269500, 80.63858841612012900, -113.3730292929490300 ) ) ;
#6562 = CARTESIAN_POINT ( 'NONE',  ( -177.3135895454047700, 289.2806780544030400, 138.7751655433058300 ) ) ;
#6563 = LINE ( 'NONE', #5763, #2181 ) ;
#6564 = CARTESIAN_POINT ( 'NONE',  ( -1028.008818434077700, 38.11285354052466800, 13.85503231264388200 ) ) ;
#6565 = ORIENTED_EDGE ( 'NONE', *, *, #3472, .T. ) ;
#6566 = CARTESIAN_POINT ( 'NONE',  ( -164.9167943591409900, 320.5264859082512900, 239.9999999999998900 ) ) ;
#6567 = CARTESIAN_POINT ( 'NONE',  ( -931.1131461823919200, 7.164169077462492700, -69.71471627135912300 ) ) ;
#6568 = CARTESIAN_POINT ( 'NONE',  ( -152.1225598089545500, 281.1245497797560200, 239.9999999999999400 ) ) ;
#6569 = B_SPLINE_CURVE_WITH_KNOTS ( 'NONE', 3,
 ( #6556, #327, #6579, #2880, #4980, #5581, #4458 ),
 .UNSPECIFIED., .F., .F.,
 ( 4, 1, 1, 1, 4 ),
 ( 0.0000000000000000000, 0.2982968211775609600, 0.6153669425867313000, 0.7410739866888770300, 1.000000000000000000 ),
 .UNSPECIFIED. ) ;
#6570 = CARTESIAN_POINT ( 'NONE',  ( -133.7993754793504600, 277.2180419284787300, -140.2256393455074900 ) ) ;
#6571 = CARTESIAN_POINT ( 'NONE',  ( -732.0292279767047600, 51.41795551113903400, -120.2871615096263400 ) ) ;
#6572 = LINE ( 'NONE', #2906, #5821 ) ;
#6573 = ORIENTED_EDGE ( 'NONE', *, *, #3641, .F. ) ;
#6574 = CARTESIAN_POINT ( 'NONE',  ( -770.0781411151467600, -48.81333128179127800, 54.73844108899105300 ) ) ;
#6575 = ADVANCED_FACE ( 'NONE', ( #1767 ), #1831, .F. ) ;
#6576 = CARTESIAN_POINT ( 'NONE',  ( -855.4007566443984800, 39.18019051149043700, 114.8780418480589700 ) ) ;
#6577 = CARTESIAN_POINT ( 'NONE',  ( -731.8328558798130000, 116.1642536705852400, 120.2911899988262000 ) ) ;
#6578 = CARTESIAN_POINT ( 'NONE',  ( -810.0711206337946400, -76.22238607692064200, 312.7521233735409400 ) ) ;
#6579 = CARTESIAN_POINT ( 'NONE',  ( -516.1611622597005200, 10.16888668989803100, 210.4185866888561500 ) ) ;
#6580 = FACE_OUTER_BOUND ( 'NONE', #1525, .T. ) ;
#6581 = VERTEX_POINT ( 'NONE', #2269 ) ;
#6582 = CARTESIAN_POINT ( 'NONE',  ( -1008.212232476230000, 0.8002141576599687300, 70.42764506403951000 ) ) ;
#6583 = EDGE_CURVE ( 'NONE', #6533, #858, #5316, .T. ) ;
#6584 = CARTESIAN_POINT ( 'NONE',  ( -413.0707898217586400, 61.93453721306574500, -650.0000000000000000 ) ) ;
#6585 = DIRECTION ( 'NONE',  ( 2.018587317500284600E-016, 0.0000000000000000000, 1.000000000000000000 ) ) ;
#6586 = CARTESIAN_POINT ( 'NONE',  ( -128.0449755521220800, 283.1098217306960700, 140.4174526764153400 ) ) ;
#6587 = ORIENTED_EDGE ( 'NONE', *, *, #6399, .F. ) ;
#6588 = DIRECTION ( 'NONE',  ( 0.9950103367123475100, 0.09744325351987666300, 0.02142993651511772300 ) ) ;
#6589 = CARTESIAN_POINT ( 'NONE',  ( -418.4486822469645500, 71.87170263032058400, -650.0000000000000000 ) ) ;
#6590 = CARTESIAN_POINT ( 'NONE',  ( -171.5476010027769900, 318.0483613598670400, 240.0000000000000600 ) ) ;
#6591 = CARTESIAN_POINT ( 'NONE',  ( -930.5784960259366000, 7.164169077462492700, -69.74646357959615300 ) ) ;
#6592 = EDGE_CURVE ( 'NONE', #6835, #4970, #2179, .T. ) ;
#6593 = ORIENTED_EDGE ( 'NONE', *, *, #1098, .T. ) ;
#6594 = LINE ( 'NONE', #192, #4274 ) ;
#6595 = CARTESIAN_POINT ( 'NONE',  ( -28.91071350158171400, 292.4969733302248800, -143.7219280780997500 ) ) ;
#6596 = CARTESIAN_POINT ( 'NONE',  ( -452.3121918719482400, 65.16824894476499700, -373.9673483437173300 ) ) ;
#6597 = AXIS2_PLACEMENT_3D ( 'NONE', #2501, #4655, #6209 ) ;
#6598 = CLOSED_SHELL ( 'NONE', ( #3910, #2898, #2172, #1683, #1320, #6680 ) ) ;
#6599 = CARTESIAN_POINT ( 'NONE',  ( -344.9798420320378200, 113.8747192612501500, 650.0000000000000000 ) ) ;
#6600 = CARTESIAN_POINT ( 'NONE',  ( -855.3638864233464600, 39.31221243612954900, 114.8816014359640100 ) ) ;
#6601 = FACE_OUTER_BOUND ( 'NONE', #6811, .T. ) ;
#6602 = CARTESIAN_POINT ( 'NONE',  ( -940.1836404914431600, -44.47907115696418900, 61.74090350182957800 ) ) ;
#6603 = ORIENTED_EDGE ( 'NONE', *, *, #1676, .T. ) ;
#6604 = VECTOR ( 'NONE', #1561, 1000.000000000000000 ) ;
#6605 = ORIENTED_EDGE ( 'NONE', *, *, #6409, .F. ) ;
#6606 = CARTESIAN_POINT ( 'NONE',  ( -500.6785800302290000, 126.9831315268311900, 655.0000000000000000 ) ) ;
#6607 = ORIENTED_EDGE ( 'NONE', *, *, #1293, .T. ) ;
#6608 = CARTESIAN_POINT ( 'NONE',  ( -940.2492496355424700, -42.58442640084999200, -61.08635903754562000 ) ) ;
#6609 = CARTESIAN_POINT ( 'NONE',  ( -403.6239052080296100, 141.5994251996817200, 655.0000000000000000 ) ) ;
#6610 = FACE_OUTER_BOUND ( 'NONE', #3209, .T. ) ;
#6611 = CARTESIAN_POINT ( 'NONE',  ( -671.3892581488839800, 151.2238590944111500, 655.0000000000000000 ) ) ;
#6612 = ADVANCED_FACE ( 'NONE', ( #5734 ), #6440, .T. ) ;
#6613 = CARTESIAN_POINT ( 'NONE',  ( -1047.477910732810900, -1.406542066656857800, -41.11107544424899600 ) ) ;
#6614 = CARTESIAN_POINT ( 'NONE',  ( -729.5885943808306100, 26.48465650581622200, 120.3397264138162100 ) ) ;
#6615 = ORIENTED_EDGE ( 'NONE', *, *, #503, .F. ) ;
#6616 = CARTESIAN_POINT ( 'NONE',  ( -404.8361864232019800, -48.55670893018799500, 755.0000000000000000 ) ) ;
#6617 =( BOUNDED_CURVE ( )  B_SPLINE_CURVE ( 3, ( #3686, #2514, #6216, #3054 ),
 .UNSPECIFIED., .F., .F. ) 
 B_SPLINE_CURVE_WITH_KNOTS ( ( 4, 4 ),
 ( 4.809384199351082900, 4.918036579829275100 ),
 .UNSPECIFIED. ) 
 CURVE ( )  GEOMETRIC_REPRESENTATION_ITEM ( )  RATIONAL_B_SPLINE_CURVE ( ( 1.000000000000000000, 0.9990164636158436200, 0.9990164636158436200, 1.000000000000000000 ) ) 
 REPRESENTATION_ITEM ( '' )  );
#6618 = CARTESIAN_POINT ( 'NONE',  ( -731.2445835884602700, 45.79011218111548900, 119.6646304337033400 ) ) ;
#6619 = CARTESIAN_POINT ( 'NONE',  ( -509.8733849301402200, 50.25067432418193600, -576.1991528003036400 ) ) ;
#6620 = CARTESIAN_POINT ( 'NONE',  ( -170.2438558832221800, 318.6239965566506400, 239.9999999999999100 ) ) ;
#6621 = CARTESIAN_POINT ( 'NONE',  ( -671.3892581488839800, 151.2238590944111500, -650.0000000000000000 ) ) ;
#6622 = ORIENTED_EDGE ( 'NONE', *, *, #759, .F. ) ;
#6623 = B_SPLINE_CURVE_WITH_KNOTS ( 'NONE', 2,
 ( #3995, #4563, #1493 ),
 .UNSPECIFIED., .F., .F.,
 ( 3, 3 ),
 ( 0.0000000000000000000, 1.000000000000000000 ),
 .UNSPECIFIED. ) ;
#6624 = CARTESIAN_POINT ( 'NONE',  ( -729.0542768836836600, 26.53698324128182800, 95.29295773136847500 ) ) ;
#6625 = DIRECTION ( 'NONE',  ( 0.0000000000000000000, 1.000000000000000000, 0.0000000000000000000 ) ) ;
#6626 = CARTESIAN_POINT ( 'NONE',  ( -814.2958551512953100, 43.43407594906613400, -117.5987833430912400 ) ) ;
#6627 = CARTESIAN_POINT ( 'NONE',  ( -931.5052617981266400, 7.164169369840226200, 69.67580674372247500 ) ) ;
#6628 = DIRECTION ( 'NONE',  ( -0.9427946626885518300, -0.3318894391366368200, -0.03142648875628359400 ) ) ;
#6629 = VERTEX_POINT ( 'NONE', #4025 ) ;
#6630 = CARTESIAN_POINT ( 'NONE',  ( -728.8035333622992800, 26.76522544349518300, -98.58130391365175200 ) ) ;
#6631 = CARTESIAN_POINT ( 'NONE',  ( -1014.776880410932200, 0.4312767465596896700, 64.24384312895212200 ) ) ;
#6632 = ORIENTED_EDGE ( 'NONE', *, *, #4322, .F. ) ;
#6633 = DIRECTION ( 'NONE',  ( -1.000000000000000000, -1.110223024625156700E-015, 0.0000000000000000000 ) ) ;
#6634 = CARTESIAN_POINT ( 'NONE',  ( -739.1236205613444100, 138.1367078960154800, 104.0731265631820300 ) ) ;
#6635 = CARTESIAN_POINT ( 'NONE',  ( -1080.458894918115000, -3.260094465890358800, -18.60456408107139100 ) ) ;
#6636 = CARTESIAN_POINT ( 'NONE',  ( -1004.167345983600700, 1.027539364971651300, 44.51969783023805900 ) ) ;
#6637 = CARTESIAN_POINT ( 'NONE',  ( -164.4705222100493000, 283.3342022070680200, 139.2032677878177400 ) ) ;
#6638 = EDGE_CURVE ( 'NONE', #4466, #1615, #1444, .T. ) ;
#6639 = CARTESIAN_POINT ( 'NONE',  ( -731.4909177900718800, 51.41795551113726500, 95.29295773869347400 ) ) ;
#6640 = CARTESIAN_POINT ( 'NONE',  ( -663.0707898217586900, 63.20167647951359400, 650.0000000000000000 ) ) ;
#6641 = CARTESIAN_POINT ( 'NONE',  ( -5.573319583618285800E-011, 400.0000000000000000, -119.9484447048561200 ) ) ;
#6642 = CARTESIAN_POINT ( 'NONE',  ( -530.2020976964985300, 0.2943142993471378200, 0.0000000000000000000 ) ) ;
#6643 = CARTESIAN_POINT ( 'NONE',  ( -16.07339118593051800, 295.7345216835909100, -144.1498388219548300 ) ) ;
#6644 = CARTESIAN_POINT ( 'NONE',  ( -250.6785800302291400, 25.93453721306643400, -877.0070966690597100 ) ) ;
#6645 = CARTESIAN_POINT ( 'NONE',  ( -1004.706739009947100, 0.9972251318645404300, -73.27699704935795900 ) ) ;
#6646 = EDGE_CURVE ( 'NONE', #5435, #3017, #2742, .T. ) ;
#6647 = ADVANCED_FACE ( 'NONE', ( #5482 ), #6074, .F. ) ;
#6648 = CARTESIAN_POINT ( 'NONE',  ( -765.2977992004166500, 23.42730997547047500, 58.77309521595193300 ) ) ;
#6649 = CARTESIAN_POINT ( 'NONE',  ( -750.6785800302285500, -425.2369295036687000, -459.2542764104997000 ) ) ;
#6650 = AXIS2_PLACEMENT_3D ( 'NONE', #5196, #1677, #4727 ) ;
#6651 =( NAMED_UNIT ( * ) PLANE_ANGLE_UNIT ( ) SI_UNIT ( $, .RADIAN. ) );
#6652 = EDGE_LOOP ( 'NONE', ( #3268, #5211, #3138, #951 ) ) ;
#6653 = CARTESIAN_POINT ( 'NONE',  ( -986.1906288233158200, 2.037842363674556600, 61.06077157647494100 ) ) ;
#6654 = CARTESIAN_POINT ( 'NONE',  ( -766.4227271106299200, 22.87741936731695000, 56.48333299641491600 ) ) ;
#6655 = FACE_OUTER_BOUND ( 'NONE', #2018, .T. ) ;
#6656 = ORIENTED_EDGE ( 'NONE', *, *, #178, .F. ) ;
#6657 = CARTESIAN_POINT ( 'NONE',  ( -532.1764711619968000, 0.3009072780147646900, 69.90283081991590600 ) ) ;
#6658 = CARTESIAN_POINT ( 'NONE',  ( -181.5052786649521600, 310.7494722009502100, 138.6354425726218000 ) ) ;
#6659 = CARTESIAN_POINT ( 'NONE',  ( -977.8172088364417500, -37.53297281724876900, -0.0000000000000000000 ) ) ;
#6660 = LINE ( 'NONE', #1338, #6403 ) ;
#6661 = ORIENTED_EDGE ( 'NONE', *, *, #6512, .T. ) ;
#6662 = EDGE_CURVE ( 'NONE', #4145, #4211, #3828, .T. ) ;
#6663 = CARTESIAN_POINT ( 'NONE',  ( -731.9583257421351200, 51.42483648877129100, -120.2886885594849800 ) ) ;
#6664 = CARTESIAN_POINT ( 'NONE',  ( -992.5384999558581300, 50.59937321614887700, 58.96953282385683800 ) ) ;
#6665 = CARTESIAN_POINT ( 'NONE',  ( -316.8340898547966200, 127.6339125251534900, -650.0000000000000000 ) ) ;
#6666 = CARTESIAN_POINT ( 'NONE',  ( -986.1906288232471500, 2.037842363678421100, -61.06077157645003000 ) ) ;
#6667 = CARTESIAN_POINT ( 'NONE',  ( -531.8258541121442700, 51.56268442353459800, -373.8311718869599600 ) ) ;
#6668 = CARTESIAN_POINT ( 'NONE',  ( -765.5778448201333500, 23.42730997547047500, 57.84489251316715300 ) ) ;
#6669 = FACE_OUTER_BOUND ( 'NONE', #3386, .T. ) ;
#6670 = CARTESIAN_POINT ( 'NONE',  ( -932.1670388372293700, -44.47907115696418900, 69.57899333892682100 ) ) ;
#6671 = B_SPLINE_CURVE_WITH_KNOTS ( 'NONE', 3,
 ( #1709, #1779, #4683, #3144, #793, #1766, #2310 ),
 .UNSPECIFIED., .F., .F.,
 ( 4, 1, 1, 1, 4 ),
 ( 0.0000000000000000000, 0.1490010684283051300, 0.3542303876842902700, 0.5841602856976757500, 1.000000000000000000 ),
 .UNSPECIFIED. ) ;
#6672 = DIRECTION ( 'NONE',  ( -0.0000000000000000000, -0.0000000000000000000, 1.000000000000000000 ) ) ;
#6673 = CARTESIAN_POINT ( 'NONE',  ( -940.3166335943242300, -42.57082612202526700, -60.42069117293265600 ) ) ;
#6674 = FACE_BOUND ( 'NONE', #4073, .T. ) ;
#6675 = VERTEX_POINT ( 'NONE', #378 ) ;
#6676 = CARTESIAN_POINT ( 'NONE',  ( -910.5689120358646300, 23.77179244657308000, 106.7507700138742200 ) ) ;
#6677 = EDGE_CURVE ( 'NONE', #6415, #1048, #2498, .T. ) ;
#6678 = VERTEX_POINT ( 'NONE', #3023 ) ;
#6679 = CARTESIAN_POINT ( 'NONE',  ( -767.3974554370152000, -49.25061185733253700, -55.61557343847869800 ) ) ;
#6680 = ADVANCED_FACE ( 'NONE', ( #3169 ), #306, .F. ) ;
#6681 = CARTESIAN_POINT ( 'NONE',  ( -463.2905875911834500, 16.42390844174383300, 209.7508163608554200 ) ) ;
#6682 = DIRECTION ( 'NONE',  ( -0.9427946626885519400, -0.3318894391366362700, -0.03142648875628401700 ) ) ;
#6683 = ORIENTED_EDGE ( 'NONE', *, *, #720, .T. ) ;
#6684 = EDGE_LOOP ( 'NONE', ( #1635, #1007, #1235, #5568 ) ) ;
#6685 = CARTESIAN_POINT ( 'NONE',  ( -189.7732548792596400, 333.1946375837733300, 113.6226695422161300 ) ) ;
#6686 = CARTESIAN_POINT ( 'NONE',  ( -988.1729592711797100, -43.56514554282340900, 312.7510206763798200 ) ) ;
#6687 = ORIENTED_EDGE ( 'NONE', *, *, #4322, .T. ) ;
#6688 = CARTESIAN_POINT ( 'NONE',  ( -721.5093510031267700, -27.39914864066250600, -0.0000000000000000000 ) ) ;
#6689 = EDGE_CURVE ( 'NONE', #1048, #5435, #4904, .T. ) ;
#6690 = CARTESIAN_POINT ( 'NONE',  ( -855.4052764537871100, 73.21699231938879400, 114.8776019093388500 ) ) ;
#6691 = CARTESIAN_POINT ( 'NONE',  ( -14.62674840205307300, 296.8509855691290200, -144.1980602480840000 ) ) ;
#6692 = FACE_OUTER_BOUND ( 'NONE', #1308, .T. ) ;
#6693 = CARTESIAN_POINT ( 'NONE',  ( -140.0939376676122100, 281.5695136865412600, 239.9999999999999700 ) ) ;
#6694 = CARTESIAN_POINT ( 'NONE',  ( -657.8006238187803100, -27.13989833669826600, 123.2745588863497700 ) ) ;
#6695 = DIRECTION ( 'NONE',  ( -0.3420201433256637700, -0.9396926207859102000, 0.0000000000000000000 ) ) ;
#6696 = CARTESIAN_POINT ( 'NONE',  ( -543.7093750069233200, -4.444517910330201700, -69.79237180920748100 ) ) ;
#6697 = ORIENTED_EDGE ( 'NONE', *, *, #6091, .F. ) ;
#6698 = CARTESIAN_POINT ( 'NONE',  ( -746.0077781887266600, 400.0000000000000000, -590.9171423417172900 ) ) ;
#6699 = DIRECTION ( 'NONE',  ( 0.9396926207859102000, -0.3420201433256637700, 4.858687655516053600E-017 ) ) ;
#6700 = CARTESIAN_POINT ( 'NONE',  ( -860.0524336286268900, 36.16760311012000500, -114.4089845489030800 ) ) ;
#6701 = ORIENTED_EDGE ( 'NONE', *, *, #5300, .F. ) ;
#6702 = CARTESIAN_POINT ( 'NONE',  ( -903.1420864286192200, 22.63471032366720700, 108.1743023418761000 ) ) ;
#6703 =( BOUNDED_CURVE ( )  B_SPLINE_CURVE ( 3, ( #4441, #5534, #2365, #806 ),
 .UNSPECIFIED., .F., .T. ) 
 B_SPLINE_CURVE_WITH_KNOTS ( ( 4, 4 ),
 ( 1.241315980897903700, 1.242184573109183000 ),
 .UNSPECIFIED. ) 
 CURVE ( )  GEOMETRIC_REPRESENTATION_ITEM ( )  RATIONAL_B_SPLINE_CURVE ( ( 1.000000000000000000, 0.9999999371289650700, 0.9999999371289650700, 1.000000000000000000 ) ) 
 REPRESENTATION_ITEM ( '' )  );
#6704 = B_SPLINE_CURVE_WITH_KNOTS ( 'NONE', 3,
 ( #4858, #4348, #604, #1124, #4807, #3295, #3830, #673, #1193, #4882, #1722, #5410, #1653, #5343, #2183, #2705, #6402, #90, #1817, #5024, #2326, #2842, #3393, #1839, #4399, #6027, #6527, #3872, #2799, #3341 ),
 .UNSPECIFIED., .F., .F.,
 ( 4, 2, 2, 2, 2, 2, 2, 2, 2, 2, 2, 2, 2, 2, 4 ),
 ( 0.0000000000000000000, 0.004847449131482279300, 0.007271173697223487800, 0.009694898262964695600, 0.01454234739444711300, 0.01696607196018830000, 0.01938979652592948800, 0.02423724565741190400, 0.02666097022315309600, 0.02908469478889428800, 0.03150841935463547700, 0.03393214392037666900, 0.03635586848611786100, 0.03756773076898845700, 0.03877959305185906000 ),
 .UNSPECIFIED. ) ;
#6705 = CARTESIAN_POINT ( 'NONE',  ( -769.6241278965980000, -49.25061185733253700, -54.76506754953027200 ) ) ;
#6706 = CARTESIAN_POINT ( 'NONE',  ( -1028.845637923624100, 37.09436039396100400, -6.417346822582615600 ) ) ;
#6707 = CARTESIAN_POINT ( 'NONE',  ( -345.2162486971475300, 117.3747192612501500, 650.0000000000000000 ) ) ;
#6708 = CARTESIAN_POINT ( 'NONE',  ( -876.8369412057331800, -49.71575963049110700, -51.40059847485408500 ) ) ;
#6709 = ORIENTED_EDGE ( 'NONE', *, *, #1770, .F. ) ;
#6710 = CARTESIAN_POINT ( 'NONE',  ( -863.4809189418780300, -50.50122968651186300, 67.65870406129712900 ) ) ;
#6711 = CARTESIAN_POINT ( 'NONE',  ( -774.0642468253602100, 23.59035881302527900, 479.9273741711696200 ) ) ;
#6712 = CARTESIAN_POINT ( 'NONE',  ( -663.0707898217588100, 63.20167647951369400, 650.0000000000000000 ) ) ;
#6713 = CARTESIAN_POINT ( 'NONE',  ( -731.8155817058952800, 51.43869147891162900, -120.2917546574219900 ) ) ;
#6714 = CARTESIAN_POINT ( 'NONE',  ( -920.3039245909888000, 72.19268143819354600, -93.89606444129420000 ) ) ;
#6715 = CARTESIAN_POINT ( 'NONE',  ( -143.7897080865975000, 281.1967831544586100, 239.9999999999998900 ) ) ;
#6716 = CARTESIAN_POINT ( 'NONE',  ( -366.0172453933366800, 121.2709318782747800, -509.5164487769175700 ) ) ;
#6717 = CARTESIAN_POINT ( 'NONE',  ( -43.79741228524537900, 303.8677677933185900, -143.2257047853111100 ) ) ;
#6718 = ORIENTED_EDGE ( 'NONE', *, *, #6773, .T. ) ;
#6719 = CARTESIAN_POINT ( 'NONE',  ( -396.7006316504052300, 94.88199682567854200, -509.9181256018205800 ) ) ;
#6720 = CARTESIAN_POINT ( 'NONE',  ( -765.2972773993071800, -49.25060836388760100, 60.70220283570781600 ) ) ;
#6721 = CARTESIAN_POINT ( 'NONE',  ( -21.79800779109339700, 304.8130037241020900, 239.9999999999999400 ) ) ;
#6722 = EDGE_CURVE ( 'NONE', #156, #6757, #4088, .T. ) ;
#6723 = CARTESIAN_POINT ( 'NONE',  ( -970.5218452665625400, -46.52138065281850000, -62.35021923255894900 ) ) ;
#6724 = CARTESIAN_POINT ( 'NONE',  ( -855.4019256817284700, 39.17659665792282900, -114.8779289219024500 ) ) ;
#6725 = CARTESIAN_POINT ( 'NONE',  ( -915.9608477609100400, 25.72617030882812700, 105.6512624305233200 ) ) ;
#6726 = CARTESIAN_POINT ( 'NONE',  ( -739.3133064881543500, 138.8554250124539100, 101.7601193482531300 ) ) ;
#6727 = CARTESIAN_POINT ( 'NONE',  ( -1016.900420778662500, 0.3119324199738834900, -5.990298914623188000 ) ) ;
#6728 = CARTESIAN_POINT ( 'NONE',  ( -729.0542768836838800, 26.53698324128359700, 95.29295773869355900 ) ) ;
#6729 = EDGE_CURVE ( 'NONE', #4632, #4826, #3919, .T. ) ;
#6730 = VECTOR ( 'NONE', #2441, 1000.000000000000200 ) ;
#6731 = CARTESIAN_POINT ( 'NONE',  ( -979.7195593237235000, -49.80385858583698400, 312.7510206763798200 ) ) ;
#6732 = AXIS2_PLACEMENT_3D ( 'NONE', #6089, #3466, #3993 ) ;
#6733 = DIRECTION ( 'NONE',  ( 1.110223024625156700E-015, -1.000000000000000000, 0.0000000000000000000 ) ) ;
#6734 = CARTESIAN_POINT ( 'NONE',  ( -919.7712695178804600, 66.78954318569015000, -99.93497814761130400 ) ) ;
#6735 = CARTESIAN_POINT ( 'NONE',  ( -132.6687360916150200, 282.5129340988289600, 239.9999999999999700 ) ) ;
#6736 = VECTOR ( 'NONE', #6042, 1000.000000000000200 ) ;
#6737 = ORIENTED_EDGE ( 'NONE', *, *, #1021, .F. ) ;
#6738 = CARTESIAN_POINT ( 'NONE',  ( -42.22791141289170000, 308.7475009032749000, 239.9999999999999400 ) ) ;
#6739 = CARTESIAN_POINT ( 'NONE',  ( -804.1801984142925900, 19.17975791454774300, -118.7989307936743600 ) ) ;
#6740 = CARTESIAN_POINT ( 'NONE',  ( -1020.631920869481400, 0.1022197289524932100, -57.37009663405386600 ) ) ;
#6741 = VECTOR ( 'NONE', #5937, 999.9999999999998900 ) ;
#6742 = ORIENTED_EDGE ( 'NONE', *, *, #5433, .T. ) ;
#6743 = CARTESIAN_POINT ( 'NONE',  ( -862.5328267578803400, 35.16772644431469500, -114.1433626667938600 ) ) ;
#6744 = CARTESIAN_POINT ( 'NONE',  ( -767.3974554370152000, 23.42789570974004900, -55.61557343847869800 ) ) ;
#6745 = CARTESIAN_POINT ( 'NONE',  ( -1028.845550214259900, 37.09442877233950500, 6.416256067329080700 ) ) ;
#6746 = VECTOR ( 'NONE', #1022, 1000.000000000000000 ) ;
#6747 = CARTESIAN_POINT ( 'NONE',  ( -915.2707791695512500, 25.20482876314654100, -105.7950374657593800 ) ) ;
#6748 = ORIENTED_EDGE ( 'NONE', *, *, #811, .F. ) ;
#6749 = CARTESIAN_POINT ( 'NONE',  ( -976.9737192650903800, 2.555838574129703400, 87.87440580865542500 ) ) ;
#6750 = LINE ( 'NONE', #5397, #229 ) ;
#6751 = DIRECTION ( 'NONE',  ( 0.3420201433256636600, 0.9396926207859102000, -0.0000000000000000000 ) ) ;
#6752 = EDGE_LOOP ( 'NONE', ( #1892, #6587, #4207, #3713, #431, #253 ) ) ;
#6753 = CARTESIAN_POINT ( 'NONE',  ( -919.6200559824820900, 75.95733513052448400, -85.03501931317170200 ) ) ;
#6754 = CARTESIAN_POINT ( 'NONE',  ( -113.6038428234673300, 284.9916062621035700, 240.0000000000000000 ) ) ;
#6755 = CARTESIAN_POINT ( 'NONE',  ( -970.4037882827204800, 2.925072896146061000, -68.60026894045606100 ) ) ;
#6756 = CARTESIAN_POINT ( 'NONE',  ( -46.01453462415393900, 309.3819619568980700, 239.9999999999999700 ) ) ;
#6757 = VERTEX_POINT ( 'NONE', #3114 ) ;
#6758 = LINE ( 'NONE', #1464, #5762 ) ;
#6759 = CARTESIAN_POINT ( 'NONE',  ( 7.836868409118748200E-014, 400.0000000000000000, 239.9999999999999100 ) ) ;
#6760 = ORIENTED_EDGE ( 'NONE', *, *, #5167, .T. ) ;
#6761 = CARTESIAN_POINT ( 'NONE',  ( -930.0000000000559300, -44.10239037126144300, -49.73844108900408400 ) ) ;
#6762 = LINE ( 'NONE', #789, #5363 ) ;
#6763 = CARTESIAN_POINT ( 'NONE',  ( -905.4395593262546500, 22.92605989830107300, 107.7462022555501200 ) ) ;
#6764 = EDGE_CURVE ( 'NONE', #2588, #2125, #1272, .T. ) ;
#6765 = ORIENTED_EDGE ( 'NONE', *, *, #6148, .T. ) ;
#6766 = LINE ( 'NONE', #5805, #2960 ) ;
#6767 = ORIENTED_EDGE ( 'NONE', *, *, #5709, .T. ) ;
#6768 = CARTESIAN_POINT ( 'NONE',  ( -932.6344260392229400, -43.72000634228683700, 50.00132843785904400 ) ) ;
#6769 = AXIS2_PLACEMENT_3D ( 'NONE', #4301, #5865, #3730 ) ;
#6770 = CARTESIAN_POINT ( 'NONE',  ( -1087.746451340229200, -3.669659796454389800, -13.28070803915316300 ) ) ;
#6771 = CARTESIAN_POINT ( 'NONE',  ( -402.8642518864585900, 153.5141340101689900, -694.4132265584572700 ) ) ;
#6772 = FACE_OUTER_BOUND ( 'NONE', #596, .T. ) ;
#6773 = EDGE_CURVE ( 'NONE', #212, #5446, #3340, .T. ) ;
#6774 = CARTESIAN_POINT ( 'NONE',  ( -916.7134592188842800, 54.53435019948062000, 105.4749109226810600 ) ) ;
#6775 = DIRECTION ( 'NONE',  ( -2.018587317500284800E-016, 0.0000000000000000000, -1.000000000000000000 ) ) ;
#6776 = EDGE_CURVE ( 'NONE', #1060, #5519, #5999, .T. ) ;
#6777 = VERTEX_POINT ( 'NONE', #2574 ) ;
#6778 = CARTESIAN_POINT ( 'NONE',  ( -859.9217381723970000, 87.29643628527276200, 109.4747449009596500 ) ) ;
#6779 = DIRECTION ( 'NONE',  ( -0.0000000000000000000, -1.000000000000000000, -0.0000000000000000000 ) ) ;
#6780 = CARTESIAN_POINT ( 'NONE',  ( -919.0993825385384100, 76.44225496245213900, -81.98549023152739300 ) ) ;
#6781 = CARTESIAN_POINT ( 'NONE',  ( -124.3662109412434800, 283.5862564793780500, 239.9999999999999700 ) ) ;
#6782 = CARTESIAN_POINT ( 'NONE',  ( -530.2061565769819300, -7.705684670995867500, 0.0000000000000000000 ) ) ;
#6783 = DIRECTION ( 'NONE',  ( -0.03012194380132784300, -0.08275936042423075200, -0.9961142287728862500 ) ) ;
#6784 = CARTESIAN_POINT ( 'NONE',  ( -930.0950741767320600, -44.47907115696418900, 49.73625108645214300 ) ) ;
#6785 = ORIENTED_EDGE ( 'NONE', *, *, #454, .T. ) ;
#6786 = CARTESIAN_POINT ( 'NONE',  ( -732.0292283198920100, 51.41795547783135600, -120.2871615022349800 ) ) ;
#6787 = ORIENTED_EDGE ( 'NONE', *, *, #2265, .F. ) ;
#6788 = CARTESIAN_POINT ( 'NONE',  ( -856.7146155524850400, 37.85182424765009300, -114.7495226953717700 ) ) ;
#6789 = DIRECTION ( 'NONE',  ( 1.091269043887816600E-015, -1.000000000000000000, -1.091269043887816600E-015 ) ) ;
#6790 = CARTESIAN_POINT ( 'NONE',  ( -931.3299015411521400, -43.91065604125822800, 49.78021668885429600 ) ) ;
#6791 = ORIENTED_EDGE ( 'NONE', *, *, #6274, .F. ) ;
#6792 = CARTESIAN_POINT ( 'NONE',  ( -418.8108414987674500, 78.87170263032058400, -650.0000000000000000 ) ) ;
#6793 = CARTESIAN_POINT ( 'NONE',  ( -400.5458785188886800, 154.9010606589324700, -708.2304290611462000 ) ) ;
#6794 = PLANE ( 'NONE',  #3052 ) ;
#6795 = CARTESIAN_POINT ( 'NONE',  ( -861.6631158949466000, 96.67107846838428000, 90.35867032851591300 ) ) ;
#6796 = CARTESIAN_POINT ( 'NONE',  ( -919.9485110022336600, 67.95532906200408300, -98.90685787851065000 ) ) ;
#6797 = CARTESIAN_POINT ( 'NONE',  ( -77.44830602701360100, 289.9004609497400800, 239.9999999999998900 ) ) ;
#6798 = CARTESIAN_POINT ( 'NONE',  ( -66.21846650045826300, 307.3490103397704700, -142.4783363114704900 ) ) ;
#6799 = CARTESIAN_POINT ( 'NONE',  ( -930.8549077680145300, 7.164169369840226200, 49.74698897011925400 ) ) ;
#6800 = CARTESIAN_POINT ( 'NONE',  ( -979.4838755031083800, -40.41972416319696700, 0.0000000000000000000 ) ) ;
#6801 = CARTESIAN_POINT ( 'NONE',  ( -1009.934110109096900, 21.48676239059104600, 71.11996021954634300 ) ) ;
#6802 = CARTESIAN_POINT ( 'NONE',  ( -1033.286065446823800, 36.25511863746636700, -27.66881905560307700 ) ) ;
#6803 = CARTESIAN_POINT ( 'NONE',  ( -1028.455529786055400, 37.41001940671437600, -0.9157006123683676400 ) ) ;
#6804 = MECHANICAL_DESIGN_GEOMETRIC_PRESENTATION_REPRESENTATION (  '', ( #1851 ), #1248 ) ;
#6805 = VERTEX_POINT ( 'NONE', #3640 ) ;
#6806 = CARTESIAN_POINT ( 'NONE',  ( -931.3368994889730200, -43.98122368494096400, 69.69564257681527400 ) ) ;
#6807 =( NAMED_UNIT ( * ) SI_UNIT ( $, .STERADIAN. ) SOLID_ANGLE_UNIT ( ) );
#6808 = CARTESIAN_POINT ( 'NONE',  ( -400.7902611862713800, 154.7345749540170600, -707.0900829893748800 ) ) ;
#6809 = EDGE_CURVE ( 'NONE', #3095, #286, #1192, .T. ) ;
#6810 = FACE_OUTER_BOUND ( 'NONE', #6280, .T. ) ;
#6811 = EDGE_LOOP ( 'NONE', ( #3185, #4856, #2953, #2765 ) ) ;
#6812 = B_SPLINE_CURVE_WITH_KNOTS ( 'NONE', 3,
 ( #4349, #4764, #6405, #113, #4788, #1604, #3243, #3760, #1654, #1627, #4331, #5319, #5855, #92, #2144, #2657, #4860, #5877, #3202, #2163, #626, #6380, #5928, #4311, #1155, #3228, #5902, #2327, #2800, #6504, #2259, #3343, #3922, #4976, #1724, #718, #5510, #6574 ),
 .UNSPECIFIED., .F., .F.,
 ( 4, 2, 2, 2, 2, 2, 2, 2, 2, 2, 2, 2, 2, 2, 2, 2, 2, 2, 4 ),
 ( 0.0000000000000000000, 0.0004795491062598651800, 0.0009590982125197303500, 0.001918196425039784500, 0.002877294637559838500, 0.003836392850079892900, 0.004795491062599946700, 0.005754589275119983300, 0.006713687487640018900, 0.007672785700160056300, 0.008631883912680092900, 0.009590982125200131100, 0.01055008033772016800, 0.01150917855024020400, 0.01246827676276024100, 0.01342737497528027900, 0.01438647318780031600, 0.01486602229406049400, 0.01534557140032067500 ),
 .UNSPECIFIED. ) ;
#6813 = DIRECTION ( 'NONE',  ( 0.8525939347305837600, 0.0000000000000000000, -0.5225739971148785100 ) ) ;
#6814 = CARTESIAN_POINT ( 'NONE',  ( -970.5218452665625400, -46.52138065281847900, 62.35021923255894900 ) ) ;
#6815 = CARTESIAN_POINT ( 'NONE',  ( -820.9436691098554800, 111.0054344955169200, -92.64782683238642800 ) ) ;
#6816 =( BOUNDED_SURFACE ( )  B_SPLINE_SURFACE ( 3, 2, ( 
 ( #6365, #3677, #5257 ),
 ( #518, #495, #3112 ),
 ( #1067, #2098, #5812 ),
 ( #1017, #5283, #2642 ) ),
 .UNSPECIFIED., .F., .F., .F. ) 
 B_SPLINE_SURFACE_WITH_KNOTS ( ( 4, 4 ),
 ( 3, 3 ),
 ( 4.808096964742087000, 4.919472212044270000 ),
 ( 0.0000000000000000000, 1.000000000000000000 ),
 .UNSPECIFIED. ) 
 GEOMETRIC_REPRESENTATION_ITEM ( )  RATIONAL_B_SPLINE_SURFACE ( (
 ( 1.000000000000000000, 0.7182380075418430800, 1.000000000000000000),
 ( 1.000000000000000000, 0.7225092902759918700, 1.000000000000000000),
 ( 1.000000000000000000, 0.7267194494450940300, 1.000000000000000000),
 ( 1.000000000000000000, 0.7308461844816095400, 1.000000000000000000) ) ) 
 REPRESENTATION_ITEM ( '' )  SURFACE ( )  );
#6817 = CARTESIAN_POINT ( 'NONE',  ( -132.7412210387071500, 282.5035867286851500, 239.9999999999999400 ) ) ;
#6818 = CARTESIAN_POINT ( 'NONE',  ( -156.1363130525744500, 317.3231636612510400, -139.4810747597333600 ) ) ;
#6819 = DIRECTION ( 'NONE',  ( 1.000000000000000000, 1.009594287533120200E-015, 1.972152263052529500E-031 ) ) ;
#6820 = CARTESIAN_POINT ( 'NONE',  ( -463.5651015542642900, 17.47342239933954000, 209.7805853195551700 ) ) ;
#6821 = ORIENTED_EDGE ( 'NONE', *, *, #1460, .T. ) ;
#6822 = CARTESIAN_POINT ( 'NONE',  ( -69.46087867138932400, 312.9533644339122100, 239.9999999999999400 ) ) ;
#6823 = DIRECTION ( 'NONE',  ( 1.000000000000000000, 0.0000000000000000000, 0.0000000000000000000 ) ) ;
#6824 = DIRECTION ( 'NONE',  ( -0.0000000000000000000, -0.0000000000000000000, -1.000000000000000000 ) ) ;
#6825 = CARTESIAN_POINT ( 'NONE',  ( -1040.187294363584700, 20.33780403916246700, -4.382811095108404900 ) ) ;
#6826 = CIRCLE ( 'NONE', #4813, 5.000000000000004400 ) ;
#6827 = ORIENTED_EDGE ( 'NONE', *, *, #3852, .F. ) ;
#6828 = ORIENTED_EDGE ( 'NONE', *, *, #6722, .T. ) ;
#6829 = CARTESIAN_POINT ( 'NONE',  ( -1030.767957692490700, 31.99129281977738900, -29.79407304007394300 ) ) ;
#6830 = CARTESIAN_POINT ( 'NONE',  ( 0.0000000000000000000, 0.0000000000000000000, 650.0000000000000000 ) ) ;
#6831 = B_SPLINE_CURVE_WITH_KNOTS ( 'NONE', 3,
 ( #1772, #3376, #5470, #172, #4383, #2314, #3931 ),
 .UNSPECIFIED., .F., .F.,
 ( 4, 1, 1, 1, 4 ),
 ( 0.0000000000000000000, 0.1490010684283051300, 0.3542303876842902700, 0.5841602856976757500, 1.000000000000000000 ),
 .UNSPECIFIED. ) ;
#6832 = CARTESIAN_POINT ( 'NONE',  ( -935.1211895135867300, -43.35018747279427500, 50.94091099482618300 ) ) ;
#6833 = DIRECTION ( 'NONE',  ( -6.530723674265633100E-016, -0.0000000000000000000, -1.000000000000000000 ) ) ;
#6834 = CARTESIAN_POINT ( 'NONE',  ( -179.4961097017173300, 312.9199541328640100, 138.7024148714288300 ) ) ;
#6835 = VERTEX_POINT ( 'NONE', #5198 ) ;
#6836 = CARTESIAN_POINT ( 'NONE',  ( -919.6682262976255500, 66.18766492410267700, 100.4149044162483300 ) ) ;
#6837 = EDGE_LOOP ( 'NONE', ( #5506, #5922, #1974, #5770 ) ) ;
#6838 = CARTESIAN_POINT ( 'NONE',  ( -401.9051758187041500, 136.9041116546382600, 755.0000000000000000 ) ) ;
#6839 = FACE_OUTER_BOUND ( 'NONE', #3118, .T. ) ;
#6840 = VERTEX_POINT ( 'NONE', #1040 ) ;
#6841 = PLANE ( 'NONE',  #1068 ) ;
#6842 = CARTESIAN_POINT ( 'NONE',  ( -767.2513206234884800, 22.79627361823064600, -55.72139750540807100 ) ) ;
#6843 = CARTESIAN_POINT ( 'NONE',  ( -68.27553210742779300, 312.7895123150523200, 142.4097674579049600 ) ) ;
#6844 = ORIENTED_EDGE ( 'NONE', *, *, #3994, .F. ) ;
#6845 = CARTESIAN_POINT ( 'NONE',  ( -977.9970575583958000, 32.06201920788353700, -87.52448106196112600 ) ) ;
#6846 = ORIENTED_EDGE ( 'NONE', *, *, #5176, .F. ) ;
#6847 = CARTESIAN_POINT ( 'NONE',  ( -508.4660983488485000, -6.599668237361765200, -0.0000000000000000000 ) ) ;
#6848 = CARTESIAN_POINT ( 'NONE',  ( -134.2083181259943400, 321.6856069031836700, 240.0000000000000600 ) ) ;
#6849 = CARTESIAN_POINT ( 'NONE',  ( -770.0781411151467600, -51.00000000000041200, 54.73844108899106000 ) ) ;
#6850 = LINE ( 'NONE', #2873, #3483 ) ;
#6851 = CARTESIAN_POINT ( 'NONE',  ( -1040.187294363584700, 20.33780403916246700, 4.382811095109255800 ) ) ;
#6852 = ORIENTED_EDGE ( 'NONE', *, *, #3675, .F. ) ;
#6853 = EDGE_CURVE ( 'NONE', #3958, #4960, #1363, .T. ) ;
#6854 = CARTESIAN_POINT ( 'NONE',  ( -174.7707338517180600, 338.4759342292972500, 135.0683828321513400 ) ) ;
ENDSEC;
END-ISO-10303-21;
