ISO-10303-21;
HEADER;
FILE_DESCRIPTION(('CATIA V5 STEP Exchange','CAx-IF Rec.Pracs.--- Model Styling and Organization---1.5--- 2016-08-15','CAx-IF Rec.Pracs.---Supplemental Geometry---1.0---2011-11-01','CAx-IF Rec.Pracs.--- Composite Materials ---3.4---2017-06-13','CAx-IF Rec.Pracs.---Tessellated 3D Geometry---1.0---2015-12-17'),'2;1');

FILE_NAME('C:\\Users\\tm24aby\\OneDrive - University of Hertfordshire\\Personal\\Aerofoil Project CATIA+STAR\\CAD\\Aerofoil_part.stp','2026-09-23T20:31:14+00:00',('none'),('none'),'CATIA Version 5-6 Release 2025 SP1','CATIA V5 STEP AP242 v3','none');

FILE_SCHEMA(('AP242_MANAGED_MODEL_BASED_3D_ENGINEERING_MIM_LF  {1 0 10303 442 1 1 4}'));

ENDSEC;
DATA;
#5=PRODUCT('Part1','','',(#2)) ;
#2=PRODUCT_CONTEXT(' ',#1,'mechanical') ;
#1=APPLICATION_CONTEXT('managed model based 3d engineering') ;
#10=PRODUCT_DEFINITION('',' ',#6,#3) ;
#3=PRODUCT_DEFINITION_CONTEXT('part definition',#1,' ') ;
#11=PRODUCT_DEFINITION_SHAPE(' ',' ',#10) ;
#2952=MECHANICAL_DESIGN_GEOMETRIC_PRESENTATION_REPRESENTATION(' ',(#1808),#16) ;
#2953=MECHANICAL_DESIGN_GEOMETRIC_PRESENTATION_REPRESENTATION(' ',(#229),#16) ;
#2954=MECHANICAL_DESIGN_GEOMETRIC_PRESENTATION_REPRESENTATION(' ',(#217),#16) ;
#7=PRODUCT_CATEGORY('part','specification') ;
#19=SHAPE_REPRESENTATION(' ',(#18),#16) ;
#210=TRIMMED_CURVE('',#21,(#208),(#209),.T.,.CARTESIAN.) ;
#17=CARTESIAN_POINT(' ',(0.,0.,0.)) ;
#22=CARTESIAN_POINT('Control Point',(100.025,0.124,0.)) ;
#23=CARTESIAN_POINT('Control Point',(99.9715990262,0.142397046958,0.)) ;
#24=CARTESIAN_POINT('Control Point',(99.9181985802,0.160795690451,0.)) ;
#25=CARTESIAN_POINT('Control Point',(99.864798662,0.17919593048,0.)) ;
#26=CARTESIAN_POINT('Control Point',(99.6520393504,0.252514409436,0.)) ;
#27=CARTESIAN_POINT('Control Point',(99.439281924,0.325839180949,0.)) ;
#28=CARTESIAN_POINT('Control Point',(99.2799135997,0.380732168907,0.)) ;
#29=CARTESIAN_POINT('Control Point',(98.8568139349,0.526003893483,0.)) ;
#30=CARTESIAN_POINT('Control Point',(98.4332164227,0.669815999689,0.)) ;
#31=CARTESIAN_POINT('Control Point',(98.1689552081,0.758639422541,0.)) ;
#32=CARTESIAN_POINT('Control Point',(97.5386763364,0.969236704533,0.)) ;
#33=CARTESIAN_POINT('Control Point',(96.9077482914,1.17788575962,0.)) ;
#34=CARTESIAN_POINT('Control Point',(96.5414135376,1.29868510533,0.)) ;
#35=CARTESIAN_POINT('Control Point',(95.7107536336,1.57081546799,0.)) ;
#36=CARTESIAN_POINT('Control Point',(94.8786487683,1.83850584542,0.)) ;
#37=CARTESIAN_POINT('Control Point',(94.4131949613,1.98636514497,0.)) ;
#38=CARTESIAN_POINT('Control Point',(93.3890575702,2.30831023189,0.)) ;
#39=CARTESIAN_POINT('Control Point',(92.3629938628,2.62405992528,0.)) ;
#40=CARTESIAN_POINT('Control Point',(91.8032108977,2.79453290784,0.)) ;
#41=CARTESIAN_POINT('Control Point',(90.5957994045,3.15798227224,0.)) ;
#42=CARTESIAN_POINT('Control Point',(89.3858035694,3.51276242441,0.)) ;
#43=CARTESIAN_POINT('Control Point',(88.7365728891,3.70031458435,0.)) ;
#44=CARTESIAN_POINT('Control Point',(87.3572804209,4.09305757058,0.)) ;
#45=CARTESIAN_POINT('Control Point',(85.9748973683,4.47477853477,0.)) ;
#46=CARTESIAN_POINT('Control Point',(85.2430871017,4.67359920314,0.)) ;
#47=CARTESIAN_POINT('Control Point',(83.7058880033,5.08432235065,0.)) ;
#48=CARTESIAN_POINT('Control Point',(82.1650933002,5.48138165463,0.)) ;
#49=CARTESIAN_POINT('Control Point',(81.3576732752,5.68541095742,0.)) ;
#50=CARTESIAN_POINT('Control Point',(79.6775652541,6.10150300886,0.)) ;
#51=CARTESIAN_POINT('Control Point',(77.9934634642,6.50113035602,0.)) ;
#52=CARTESIAN_POINT('Control Point',(77.1186197875,6.70406865069,0.)) ;
#53=CARTESIAN_POINT('Control Point',(75.3131167928,7.11353079954,0.)) ;
#54=CARTESIAN_POINT('Control Point',(73.5035411845,7.50463301519,0.)) ;
#55=CARTESIAN_POINT('Control Point',(72.5707264454,7.70113840964,0.)) ;
#56=CARTESIAN_POINT('Control Point',(70.6591126158,8.09310966105,0.)) ;
#57=CARTESIAN_POINT('Control Point',(68.7432298862,8.4636819162,0.)) ;
#58=CARTESIAN_POINT('Control Point',(67.7621929545,8.64752710412,0.)) ;
#59=CARTESIAN_POINT('Control Point',(65.7644258149,9.00985948013,0.)) ;
#60=CARTESIAN_POINT('Control Point',(63.7624690245,9.34832444166,0.)) ;
#61=CARTESIAN_POINT('Control Point',(62.7436242879,9.51418520462,0.)) ;
#62=CARTESIAN_POINT('Control Point',(60.6814625963,9.83686225405,0.)) ;
#63=CARTESIAN_POINT('Control Point',(58.6154125767,10.1336031944,0.)) ;
#64=CARTESIAN_POINT('Control Point',(57.5701724461,10.2768995892,0.)) ;
#65=CARTESIAN_POINT('Control Point',(55.4663812961,10.5514826009,0.)) ;
#66=CARTESIAN_POINT('Control Point',(53.3590747572,10.7978251923,0.)) ;
#67=CARTESIAN_POINT('Control Point',(52.2988230127,10.9142954162,0.)) ;
#68=CARTESIAN_POINT('Control Point',(50.1771970518,11.131620605,0.)) ;
#69=CARTESIAN_POINT('Control Point',(48.0526719947,11.3182836412,0.)) ;
#70=CARTESIAN_POINT('Control Point',(46.9899933354,11.4040466255,0.)) ;
#71=CARTESIAN_POINT('Control Point',(44.873062783,11.5610450786,0.)) ;
#72=CARTESIAN_POINT('Control Point',(42.7540550078,11.6873110893,0.)) ;
#73=CARTESIAN_POINT('Control Point',(41.6988417173,11.741725603,0.)) ;
#74=CARTESIAN_POINT('Control Point',(39.5876853222,11.8291786606,0.)) ;
#75=CARTESIAN_POINT('Control Point',(37.4749843563,11.867881334,0.)) ;
#76=CARTESIAN_POINT('Control Point',(36.4185255657,11.8735378095,0.)) ;
#77=CARTESIAN_POINT('Control Point',(34.3391814846,11.8562052917,0.)) ;
#78=CARTESIAN_POINT('Control Point',(32.2611306041,11.7810481635,0.)) ;
#79=CARTESIAN_POINT('Control Point',(31.2394419611,11.7296606301,0.)) ;
#80=CARTESIAN_POINT('Control Point',(29.242239626,11.6006234167,0.)) ;
#81=CARTESIAN_POINT('Control Point',(27.2495232994,11.4151097278,0.)) ;
#82=CARTESIAN_POINT('Control Point',(26.2766471992,11.3107525904,0.)) ;
#83=CARTESIAN_POINT('Control Point',(24.3881506658,11.0809050655,0.)) ;
#84=CARTESIAN_POINT('Control Point',(22.5070176915,10.7969205318,0.)) ;
#85=CARTESIAN_POINT('Control Point',(21.5954429033,10.6458368566,0.)) ;
#86=CARTESIAN_POINT('Control Point',(19.8406678558,10.3276588914,0.)) ;
#87=CARTESIAN_POINT('Control Point',(18.0963358075,9.95676249839,0.)) ;
#88=CARTESIAN_POINT('Control Point',(17.2584243281,9.76546419335,0.)) ;
#89=CARTESIAN_POINT('Control Point',(15.6600612774,9.37492179846,0.)) ;
#90=CARTESIAN_POINT('Control Point',(14.0745105472,8.93513720264,0.)) ;
#91=CARTESIAN_POINT('Control Point',(13.3205665174,8.71330420456,0.)) ;
#92=CARTESIAN_POINT('Control Point',(11.8987221418,8.26860350001,0.)) ;
#93=CARTESIAN_POINT('Control Point',(10.4926478158,7.77655342144,0.)) ;
#94=CARTESIAN_POINT('Control Point',(9.8320559812,7.53315407443,0.)) ;
#95=CARTESIAN_POINT('Control Point',(8.60164261364,7.05665271007,0.)) ;
#96=CARTESIAN_POINT('Control Point',(7.38928690677,6.53593139872,0.)) ;
#97=CARTESIAN_POINT('Control Point',(6.82858874323,6.28232879153,0.)) ;
#98=CARTESIAN_POINT('Control Point',(5.80416248989,5.79010798221,0.)) ;
#99=CARTESIAN_POINT('Control Point',(4.8027259725,5.25247154552,0.)) ;
#100=CARTESIAN_POINT('Control Point',(4.34876895946,4.99613396347,0.)) ;
#101=CARTESIAN_POINT('Control Point',(3.53485869535,4.51443529126,0.)) ;
#102=CARTESIAN_POINT('Control Point',(2.74864725025,3.98944211465,0.)) ;
#103=CARTESIAN_POINT('Control Point',(2.40298777514,3.74292060394,0.)) ;
#104=CARTESIAN_POINT('Control Point',(1.80744064953,3.27853231322,0.)) ;
#105=CARTESIAN_POINT('Control Point',(1.25283645812,2.76463384367,0.)) ;
#106=CARTESIAN_POINT('Control Point',(1.01978037305,2.53049706881,0.)) ;
#107=CARTESIAN_POINT('Control Point',(0.631749089846,2.1072430405,0.)) ;
#108=CARTESIAN_POINT('Control Point',(0.306105395239,1.63615386645,0.)) ;
#109=CARTESIAN_POINT('Control Point',(0.18281225178,1.42382498485,0.)) ;
#110=CARTESIAN_POINT('Control Point',(0.00290701082148,1.01534637833,0.)) ;
#111=CARTESIAN_POINT('Control Point',(-0.0719264590867,0.573768171249,0.)) ;
#112=CARTESIAN_POINT('Control Point',(-0.0793936016043,0.376676013141,0.)) ;
#113=CARTESIAN_POINT('Control Point',(-0.0303954850738,-0.00912546322269,0.)) ;
#114=CARTESIAN_POINT('Control Point',(0.140208521758,-0.358505267549,0.)) ;
#115=CARTESIAN_POINT('Control Point',(0.254352744623,-0.519194194457,0.)) ;
#116=CARTESIAN_POINT('Control Point',(0.556427639421,-0.846448219008,0.)) ;
#117=CARTESIAN_POINT('Control Point',(0.926002413322,-1.09188964373,0.)) ;
#118=CARTESIAN_POINT('Control Point',(1.14147553404,-1.2043289625,0.)) ;
#119=CARTESIAN_POINT('Control Point',(1.65844312008,-1.42689995424,0.)) ;
#120=CARTESIAN_POINT('Control Point',(2.20092349699,-1.58212591075,0.)) ;
#121=CARTESIAN_POINT('Control Point',(2.51476705204,-1.65933705874,0.)) ;
#122=CARTESIAN_POINT('Control Point',(3.23389058762,-1.80924441898,0.)) ;
#123=CARTESIAN_POINT('Control Point',(3.96099681794,-1.90630681546,0.)) ;
#124=CARTESIAN_POINT('Control Point',(4.3687788207,-1.94624055099,0.)) ;
#125=CARTESIAN_POINT('Control Point',(5.27281216645,-2.01282724958,0.)) ;
#126=CARTESIAN_POINT('Control Point',(6.17925657526,-2.04316297829,0.)) ;
#127=CARTESIAN_POINT('Control Point',(6.67680999264,-2.05329480809,0.)) ;
#128=CARTESIAN_POINT('Control Point',(7.75549617713,-2.06073853569,0.)) ;
#129=CARTESIAN_POINT('Control Point',(8.83369995716,-2.03922583822,0.)) ;
#130=CARTESIAN_POINT('Control Point',(9.41402865248,-2.02008720851,0.)) ;
#131=CARTESIAN_POINT('Control Point',(10.6521054509,-1.96784103675,0.)) ;
#132=CARTESIAN_POINT('Control Point',(11.8893624936,-1.89678359224,0.)) ;
#133=CARTESIAN_POINT('Control Point',(12.5468031009,-1.8554724684,0.)) ;
#134=CARTESIAN_POINT('Control Point',(13.9315720519,-1.76119331009,0.)) ;
#135=CARTESIAN_POINT('Control Point',(15.3153043345,-1.6536746627,0.)) ;
#136=CARTESIAN_POINT('Control Point',(16.0420162621,-1.59414303142,0.)) ;
#137=CARTESIAN_POINT('Control Point',(17.557997134,-1.46592325519,0.)) ;
#138=CARTESIAN_POINT('Control Point',(19.0735362438,-1.33229221352,0.)) ;
#139=CARTESIAN_POINT('Control Point',(19.8627117251,-1.26210383877,0.)) ;
#140=CARTESIAN_POINT('Control Point',(21.4963915824,-1.11605938574,0.)) ;
#141=CARTESIAN_POINT('Control Point',(23.130053821,-0.969968628529,0.)) ;
#142=CARTESIAN_POINT('Control Point',(23.9746045283,-0.894860108004,0.)) ;
#143=CARTESIAN_POINT('Control Point',(25.7113697907,-0.742427535097,0.)) ;
#144=CARTESIAN_POINT('Control Point',(27.4486553113,-0.595931642873,0.)) ;
#145=CARTESIAN_POINT('Control Point',(28.3412331199,-0.522751117159,0.)) ;
#146=CARTESIAN_POINT('Control Point',(30.1662912664,-0.378070155195,0.)) ;
#147=CARTESIAN_POINT('Control Point',(31.992243873,-0.245082222414,0.)) ;
#148=CARTESIAN_POINT('Control Point',(32.9252334774,-0.180646641789,0.)) ;
#149=CARTESIAN_POINT('Control Point',(34.8237390193,-0.0577272759797,0.)) ;
#150=CARTESIAN_POINT('Control Point',(36.7232965779,0.0478058004841,0.)) ;
#151=CARTESIAN_POINT('Control Point',(37.6893391338,0.0967573536365,0.)) ;
#152=CARTESIAN_POINT('Control Point',(39.6678479299,0.187688269015,0.)) ;
#153=CARTESIAN_POINT('Control Point',(41.6469871014,0.263633608572,0.)) ;
#154=CARTESIAN_POINT('Control Point',(42.6596564771,0.299680450418,0.)) ;
#155=CARTESIAN_POINT('Control Point',(44.7000664781,0.370856363419,0.)) ;
#156=CARTESIAN_POINT('Control Point',(46.7404840441,0.440689589019,0.)) ;
#157=CARTESIAN_POINT('Control Point',(47.768229373,0.475932093698,0.)) ;
#158=CARTESIAN_POINT('Control Point',(49.8263359151,0.543851812884,0.)) ;
#159=CARTESIAN_POINT('Control Point',(51.884757731,0.604666349634,0.)) ;
#160=CARTESIAN_POINT('Control Point',(52.9152329119,0.632876005547,0.)) ;
#161=CARTESIAN_POINT('Control Point',(54.967824936,0.685612320126,0.)) ;
#162=CARTESIAN_POINT('Control Point',(57.0203790957,0.731116015167,0.)) ;
#163=CARTESIAN_POINT('Control Point',(58.0426300536,0.751899169482,0.)) ;
#164=CARTESIAN_POINT('Control Point',(60.0687045016,0.788069712312,0.)) ;
#165=CARTESIAN_POINT('Control Point',(62.0953940609,0.814774380876,0.)) ;
#166=CARTESIAN_POINT('Control Point',(63.0991294146,0.825787898166,0.)) ;
#167=CARTESIAN_POINT('Control Point',(65.0751934301,0.844738080307,0.)) ;
#168=CARTESIAN_POINT('Control Point',(67.0503107582,0.855824220286,0.)) ;
#169=CARTESIAN_POINT('Control Point',(68.023018154,0.858799511939,0.)) ;
#170=CARTESIAN_POINT('Control Point',(69.9304513019,0.856118865532,0.)) ;
#171=CARTESIAN_POINT('Control Point',(71.8399426027,0.841703352374,0.)) ;
#172=CARTESIAN_POINT('Control Point',(72.7737931121,0.832969526796,0.)) ;
#173=CARTESIAN_POINT('Control Point',(74.5839125452,0.820055333465,0.)) ;
#174=CARTESIAN_POINT('Control Point',(76.3897844222,0.804531009507,0.)) ;
#175=CARTESIAN_POINT('Control Point',(77.267913351,0.794023039927,0.)) ;
#176=CARTESIAN_POINT('Control Point',(78.9754246525,0.753380714249,0.)) ;
#177=CARTESIAN_POINT('Control Point',(80.6907115429,0.694413353322,0.)) ;
#178=CARTESIAN_POINT('Control Point',(81.5158250985,0.666267974504,0.)) ;
#179=CARTESIAN_POINT('Control Point',(83.0703620436,0.640566294622,0.)) ;
#180=CARTESIAN_POINT('Control Point',(84.6103007873,0.628045337303,0.)) ;
#181=CARTESIAN_POINT('Control Point',(85.3484664468,0.616614819682,0.)) ;
#182=CARTESIAN_POINT('Control Point',(86.7901472182,0.53500716845,0.)) ;
#183=CARTESIAN_POINT('Control Point',(88.2563139375,0.416034490564,0.)) ;
#184=CARTESIAN_POINT('Control Point',(88.9419786294,0.366729595206,0.)) ;
#185=CARTESIAN_POINT('Control Point',(90.146244154,0.372241671226,0.)) ;
#186=CARTESIAN_POINT('Control Point',(91.3115733481,0.424419766042,0.)) ;
#187=CARTESIAN_POINT('Control Point',(91.8643313321,0.433294738503,0.)) ;
#188=CARTESIAN_POINT('Control Point',(93.0033347232,0.286649963659,0.)) ;
#189=CARTESIAN_POINT('Control Point',(94.1962548111,0.0673211950205,0.)) ;
#190=CARTESIAN_POINT('Control Point',(94.720500433,-0.00835823946676,0.)) ;
#191=CARTESIAN_POINT('Control Point',(95.4771386465,0.0928082749065,0.)) ;
#192=CARTESIAN_POINT('Control Point',(96.1721693377,0.272344480862,0.)) ;
#193=CARTESIAN_POINT('Control Point',(96.5082250259,0.313542729425,0.)) ;
#194=CARTESIAN_POINT('Control Point',(97.3203055793,0.0808133806364,0.)) ;
#195=CARTESIAN_POINT('Control Point',(98.1759711363,-0.21001648666,0.)) ;
#196=CARTESIAN_POINT('Control Point',(98.4973260828,-0.282955591589,0.)) ;
#197=CARTESIAN_POINT('Control Point',(98.7790358802,-0.095754881658,0.)) ;
#198=CARTESIAN_POINT('Control Point',(99.0751386904,0.0725267098925,0.)) ;
#199=CARTESIAN_POINT('Control Point',(99.2222672552,0.0896933312991,0.)) ;
#200=CARTESIAN_POINT('Control Point',(99.5570279073,-0.0674964488496,0.)) ;
#201=CARTESIAN_POINT('Control Point',(99.8384421532,-0.155445061137,0.)) ;
#202=CARTESIAN_POINT('Control Point',(99.900630015,-0.166632372937,0.)) ;
#203=CARTESIAN_POINT('Control Point',(99.9677311717,-0.152908234076,0.)) ;
#204=CARTESIAN_POINT('Control Point',(99.9965480321,-0.0894131124969,0.)) ;
#205=CARTESIAN_POINT('Control Point',(100.001590409,-0.0646682243225,0.)) ;
#206=CARTESIAN_POINT('Control Point',(100.002741065,-0.0348638534902,0.)) ;
#207=CARTESIAN_POINT('Control Point',(100.,4.99600361081E-16,0.)) ;
#208=CARTESIAN_POINT('Limit',(100.025,0.124,0.)) ;
#209=CARTESIAN_POINT('Limit',(100.,4.71844785466E-16,0.)) ;
#231=CARTESIAN_POINT('Axis2P3D Location',(74.6703182356,2.04815577397,3.19744231092E-14)) ;
#236=CARTESIAN_POINT('Line Origine',(100.0125,0.062,3.19744231092E-14)) ;
#240=CARTESIAN_POINT('Vertex',(100.025,0.124,3.19744231092E-14)) ;
#242=CARTESIAN_POINT('Vertex',(100.,4.4408920985E-16,3.19744231092E-14)) ;
#246=CARTESIAN_POINT('Control Point',(100.025,0.124,3.19744231092E-14)) ;
#247=CARTESIAN_POINT('Control Point',(99.9715990262,0.142397046958,3.19744231092E-14)) ;
#248=CARTESIAN_POINT('Control Point',(99.9181985802,0.160795690451,3.19744231092E-14)) ;
#249=CARTESIAN_POINT('Control Point',(99.864798662,0.17919593048,3.19744231092E-14)) ;
#250=CARTESIAN_POINT('Control Point',(99.6520393504,0.252514409436,3.19744231092E-14)) ;
#251=CARTESIAN_POINT('Control Point',(99.439281924,0.325839180949,3.19744231092E-14)) ;
#252=CARTESIAN_POINT('Control Point',(99.2799135997,0.380732168907,3.19744231092E-14)) ;
#253=CARTESIAN_POINT('Control Point',(98.8568139349,0.526003893483,3.19744231092E-14)) ;
#254=CARTESIAN_POINT('Control Point',(98.4332164227,0.669815999689,3.19744231092E-14)) ;
#255=CARTESIAN_POINT('Control Point',(98.1689552081,0.758639422541,3.19744231092E-14)) ;
#256=CARTESIAN_POINT('Control Point',(97.5386763364,0.969236704533,3.19744231092E-14)) ;
#257=CARTESIAN_POINT('Control Point',(96.9077482914,1.17788575962,3.19744231092E-14)) ;
#258=CARTESIAN_POINT('Control Point',(96.5414135376,1.29868510533,3.19744231092E-14)) ;
#259=CARTESIAN_POINT('Control Point',(95.7107536336,1.57081546799,3.19744231092E-14)) ;
#260=CARTESIAN_POINT('Control Point',(94.8786487683,1.83850584542,3.19744231092E-14)) ;
#261=CARTESIAN_POINT('Control Point',(94.4131949613,1.98636514497,3.19744231092E-14)) ;
#262=CARTESIAN_POINT('Control Point',(93.3890575702,2.30831023189,3.19744231092E-14)) ;
#263=CARTESIAN_POINT('Control Point',(92.3629938628,2.62405992528,3.19744231092E-14)) ;
#264=CARTESIAN_POINT('Control Point',(91.8032108977,2.79453290784,3.19744231092E-14)) ;
#265=CARTESIAN_POINT('Control Point',(90.5957994045,3.15798227224,3.19744231092E-14)) ;
#266=CARTESIAN_POINT('Control Point',(89.3858035694,3.51276242441,3.19744231092E-14)) ;
#267=CARTESIAN_POINT('Control Point',(88.7365728891,3.70031458435,3.19744231092E-14)) ;
#268=CARTESIAN_POINT('Control Point',(87.3572804209,4.09305757058,3.19744231092E-14)) ;
#269=CARTESIAN_POINT('Control Point',(85.9748973683,4.47477853477,3.19744231092E-14)) ;
#270=CARTESIAN_POINT('Control Point',(85.2430871017,4.67359920314,3.19744231092E-14)) ;
#271=CARTESIAN_POINT('Control Point',(83.7058880033,5.08432235065,3.19744231092E-14)) ;
#272=CARTESIAN_POINT('Control Point',(82.1650933002,5.48138165463,3.19744231092E-14)) ;
#273=CARTESIAN_POINT('Control Point',(81.3576732752,5.68541095742,3.19744231092E-14)) ;
#274=CARTESIAN_POINT('Control Point',(79.6775652541,6.10150300886,3.19744231092E-14)) ;
#275=CARTESIAN_POINT('Control Point',(77.9934634642,6.50113035602,3.19744231092E-14)) ;
#276=CARTESIAN_POINT('Control Point',(77.1186197875,6.70406865069,3.19744231092E-14)) ;
#277=CARTESIAN_POINT('Control Point',(75.3131167928,7.11353079954,3.19744231092E-14)) ;
#278=CARTESIAN_POINT('Control Point',(73.5035411845,7.50463301519,3.19744231092E-14)) ;
#279=CARTESIAN_POINT('Control Point',(72.5707264454,7.70113840964,3.19744231092E-14)) ;
#280=CARTESIAN_POINT('Control Point',(70.6591126158,8.09310966105,3.19744231092E-14)) ;
#281=CARTESIAN_POINT('Control Point',(68.7432298862,8.4636819162,3.19744231092E-14)) ;
#282=CARTESIAN_POINT('Control Point',(67.7621929545,8.64752710412,3.19744231092E-14)) ;
#283=CARTESIAN_POINT('Control Point',(65.7644258149,9.00985948013,3.19744231092E-14)) ;
#284=CARTESIAN_POINT('Control Point',(63.7624690245,9.34832444166,3.19744231092E-14)) ;
#285=CARTESIAN_POINT('Control Point',(62.7436242879,9.51418520462,3.19744231092E-14)) ;
#286=CARTESIAN_POINT('Control Point',(60.6814625963,9.83686225405,3.19744231092E-14)) ;
#287=CARTESIAN_POINT('Control Point',(58.6154125767,10.1336031944,3.19744231092E-14)) ;
#288=CARTESIAN_POINT('Control Point',(57.5701724461,10.2768995892,3.19744231092E-14)) ;
#289=CARTESIAN_POINT('Control Point',(55.4663812961,10.5514826009,3.19744231092E-14)) ;
#290=CARTESIAN_POINT('Control Point',(53.3590747572,10.7978251923,3.19744231092E-14)) ;
#291=CARTESIAN_POINT('Control Point',(52.2988230127,10.9142954162,3.19744231092E-14)) ;
#292=CARTESIAN_POINT('Control Point',(50.1771970518,11.131620605,3.19744231092E-14)) ;
#293=CARTESIAN_POINT('Control Point',(48.0526719947,11.3182836412,3.19744231092E-14)) ;
#294=CARTESIAN_POINT('Control Point',(46.9899933354,11.4040466255,3.19744231092E-14)) ;
#295=CARTESIAN_POINT('Control Point',(44.873062783,11.5610450786,3.19744231092E-14)) ;
#296=CARTESIAN_POINT('Control Point',(42.7540550078,11.6873110893,3.19744231092E-14)) ;
#297=CARTESIAN_POINT('Control Point',(41.6988417173,11.741725603,3.19744231092E-14)) ;
#298=CARTESIAN_POINT('Control Point',(39.5876853222,11.8291786606,3.19744231092E-14)) ;
#299=CARTESIAN_POINT('Control Point',(37.4749843563,11.867881334,3.19744231092E-14)) ;
#300=CARTESIAN_POINT('Control Point',(36.4185255657,11.8735378095,3.19744231092E-14)) ;
#301=CARTESIAN_POINT('Control Point',(34.3391814846,11.8562052917,3.19744231092E-14)) ;
#302=CARTESIAN_POINT('Control Point',(32.2611306041,11.7810481635,3.19744231092E-14)) ;
#303=CARTESIAN_POINT('Control Point',(31.2394419611,11.7296606301,3.19744231092E-14)) ;
#304=CARTESIAN_POINT('Control Point',(29.242239626,11.6006234167,3.19744231092E-14)) ;
#305=CARTESIAN_POINT('Control Point',(27.2495232994,11.4151097278,3.19744231092E-14)) ;
#306=CARTESIAN_POINT('Control Point',(26.2766471992,11.3107525904,3.19744231092E-14)) ;
#307=CARTESIAN_POINT('Control Point',(24.3881506658,11.0809050655,3.19744231092E-14)) ;
#308=CARTESIAN_POINT('Control Point',(22.5070176915,10.7969205318,3.19744231092E-14)) ;
#309=CARTESIAN_POINT('Control Point',(21.5954429033,10.6458368566,3.19744231092E-14)) ;
#310=CARTESIAN_POINT('Control Point',(19.8406678558,10.3276588914,3.19744231092E-14)) ;
#311=CARTESIAN_POINT('Control Point',(18.0963358075,9.95676249839,3.19744231092E-14)) ;
#312=CARTESIAN_POINT('Control Point',(17.2584243281,9.76546419335,3.19744231092E-14)) ;
#313=CARTESIAN_POINT('Control Point',(15.6600612774,9.37492179846,3.19744231092E-14)) ;
#314=CARTESIAN_POINT('Control Point',(14.0745105472,8.93513720264,3.19744231092E-14)) ;
#315=CARTESIAN_POINT('Control Point',(13.3205665174,8.71330420456,3.19744231092E-14)) ;
#316=CARTESIAN_POINT('Control Point',(11.8987221418,8.26860350001,3.19744231092E-14)) ;
#317=CARTESIAN_POINT('Control Point',(10.4926478158,7.77655342144,3.19744231092E-14)) ;
#318=CARTESIAN_POINT('Control Point',(9.8320559812,7.53315407443,3.19744231092E-14)) ;
#319=CARTESIAN_POINT('Control Point',(8.60164261364,7.05665271007,3.19744231092E-14)) ;
#320=CARTESIAN_POINT('Control Point',(7.38928690677,6.53593139872,3.19744231092E-14)) ;
#321=CARTESIAN_POINT('Control Point',(6.82858874323,6.28232879153,3.19744231092E-14)) ;
#322=CARTESIAN_POINT('Control Point',(5.80416248989,5.79010798221,3.19744231092E-14)) ;
#323=CARTESIAN_POINT('Control Point',(4.8027259725,5.25247154552,3.19744231092E-14)) ;
#324=CARTESIAN_POINT('Control Point',(4.34876895946,4.99613396347,3.19744231092E-14)) ;
#325=CARTESIAN_POINT('Control Point',(3.53485869535,4.51443529126,3.19744231092E-14)) ;
#326=CARTESIAN_POINT('Control Point',(2.74864725025,3.98944211465,3.19744231092E-14)) ;
#327=CARTESIAN_POINT('Control Point',(2.40298777514,3.74292060394,3.19744231092E-14)) ;
#328=CARTESIAN_POINT('Control Point',(1.80744064953,3.27853231322,3.19744231092E-14)) ;
#329=CARTESIAN_POINT('Control Point',(1.25283645812,2.76463384367,3.19744231092E-14)) ;
#330=CARTESIAN_POINT('Control Point',(1.01978037305,2.53049706881,3.19744231092E-14)) ;
#331=CARTESIAN_POINT('Control Point',(0.631749089846,2.1072430405,3.19744231092E-14)) ;
#332=CARTESIAN_POINT('Control Point',(0.306105395239,1.63615386645,3.19744231092E-14)) ;
#333=CARTESIAN_POINT('Control Point',(0.18281225178,1.42382498485,3.19744231092E-14)) ;
#334=CARTESIAN_POINT('Control Point',(0.00290701082148,1.01534637833,3.19744231092E-14)) ;
#335=CARTESIAN_POINT('Control Point',(-0.0719264590867,0.573768171249,3.19744231092E-14)) ;
#336=CARTESIAN_POINT('Control Point',(-0.0793936016043,0.376676013141,3.19744231092E-14)) ;
#337=CARTESIAN_POINT('Control Point',(-0.0303954850738,-0.00912546322269,3.19744231092E-14)) ;
#338=CARTESIAN_POINT('Control Point',(0.140208521758,-0.358505267549,3.19744231092E-14)) ;
#339=CARTESIAN_POINT('Control Point',(0.254352744623,-0.519194194457,3.19744231092E-14)) ;
#340=CARTESIAN_POINT('Control Point',(0.556427639421,-0.846448219008,3.19744231092E-14)) ;
#341=CARTESIAN_POINT('Control Point',(0.926002413322,-1.09188964373,3.19744231092E-14)) ;
#342=CARTESIAN_POINT('Control Point',(1.14147553404,-1.2043289625,3.19744231092E-14)) ;
#343=CARTESIAN_POINT('Control Point',(1.65844312008,-1.42689995424,3.19744231092E-14)) ;
#344=CARTESIAN_POINT('Control Point',(2.20092349699,-1.58212591075,3.19744231092E-14)) ;
#345=CARTESIAN_POINT('Control Point',(2.51476705204,-1.65933705874,3.19744231092E-14)) ;
#346=CARTESIAN_POINT('Control Point',(3.23389058762,-1.80924441898,3.19744231092E-14)) ;
#347=CARTESIAN_POINT('Control Point',(3.96099681794,-1.90630681546,3.19744231092E-14)) ;
#348=CARTESIAN_POINT('Control Point',(4.3687788207,-1.94624055099,3.19744231092E-14)) ;
#349=CARTESIAN_POINT('Control Point',(5.27281216645,-2.01282724958,3.19744231092E-14)) ;
#350=CARTESIAN_POINT('Control Point',(6.17925657526,-2.04316297829,3.19744231092E-14)) ;
#351=CARTESIAN_POINT('Control Point',(6.67680999264,-2.05329480809,3.19744231092E-14)) ;
#352=CARTESIAN_POINT('Control Point',(7.75549617713,-2.06073853569,3.19744231092E-14)) ;
#353=CARTESIAN_POINT('Control Point',(8.83369995716,-2.03922583822,3.19744231092E-14)) ;
#354=CARTESIAN_POINT('Control Point',(9.41402865248,-2.02008720851,3.19744231092E-14)) ;
#355=CARTESIAN_POINT('Control Point',(10.6521054509,-1.96784103675,3.19744231092E-14)) ;
#356=CARTESIAN_POINT('Control Point',(11.8893624936,-1.89678359224,3.19744231092E-14)) ;
#357=CARTESIAN_POINT('Control Point',(12.5468031009,-1.8554724684,3.19744231092E-14)) ;
#358=CARTESIAN_POINT('Control Point',(13.9315720519,-1.76119331009,3.19744231092E-14)) ;
#359=CARTESIAN_POINT('Control Point',(15.3153043345,-1.6536746627,3.19744231092E-14)) ;
#360=CARTESIAN_POINT('Control Point',(16.0420162621,-1.59414303142,3.19744231092E-14)) ;
#361=CARTESIAN_POINT('Control Point',(17.557997134,-1.46592325519,3.19744231092E-14)) ;
#362=CARTESIAN_POINT('Control Point',(19.0735362438,-1.33229221352,3.19744231092E-14)) ;
#363=CARTESIAN_POINT('Control Point',(19.8627117251,-1.26210383877,3.19744231092E-14)) ;
#364=CARTESIAN_POINT('Control Point',(21.4963915824,-1.11605938574,3.19744231092E-14)) ;
#365=CARTESIAN_POINT('Control Point',(23.130053821,-0.969968628529,3.19744231092E-14)) ;
#366=CARTESIAN_POINT('Control Point',(23.9746045283,-0.894860108004,3.19744231092E-14)) ;
#367=CARTESIAN_POINT('Control Point',(25.7113697907,-0.742427535097,3.19744231092E-14)) ;
#368=CARTESIAN_POINT('Control Point',(27.4486553113,-0.595931642873,3.19744231092E-14)) ;
#369=CARTESIAN_POINT('Control Point',(28.3412331199,-0.522751117159,3.19744231092E-14)) ;
#370=CARTESIAN_POINT('Control Point',(30.1662912664,-0.378070155194,3.19744231092E-14)) ;
#371=CARTESIAN_POINT('Control Point',(31.992243873,-0.245082222414,3.19744231092E-14)) ;
#372=CARTESIAN_POINT('Control Point',(32.9252334774,-0.180646641789,3.19744231092E-14)) ;
#373=CARTESIAN_POINT('Control Point',(34.8237390193,-0.0577272759796,3.19744231092E-14)) ;
#374=CARTESIAN_POINT('Control Point',(36.7232965779,0.0478058004841,3.19744231092E-14)) ;
#375=CARTESIAN_POINT('Control Point',(37.6893391338,0.0967573536365,3.19744231092E-14)) ;
#376=CARTESIAN_POINT('Control Point',(39.6678479299,0.187688269015,3.19744231092E-14)) ;
#377=CARTESIAN_POINT('Control Point',(41.6469871014,0.263633608572,3.19744231092E-14)) ;
#378=CARTESIAN_POINT('Control Point',(42.6596564771,0.299680450418,3.19744231092E-14)) ;
#379=CARTESIAN_POINT('Control Point',(44.7000664781,0.370856363419,3.19744231092E-14)) ;
#380=CARTESIAN_POINT('Control Point',(46.7404840441,0.440689589019,3.19744231092E-14)) ;
#381=CARTESIAN_POINT('Control Point',(47.768229373,0.475932093698,3.19744231092E-14)) ;
#382=CARTESIAN_POINT('Control Point',(49.8263359151,0.543851812884,3.19744231092E-14)) ;
#383=CARTESIAN_POINT('Control Point',(51.884757731,0.604666349634,3.19744231092E-14)) ;
#384=CARTESIAN_POINT('Control Point',(52.9152329119,0.632876005547,3.19744231092E-14)) ;
#385=CARTESIAN_POINT('Control Point',(54.967824936,0.685612320126,3.19744231092E-14)) ;
#386=CARTESIAN_POINT('Control Point',(57.0203790957,0.731116015167,3.19744231092E-14)) ;
#387=CARTESIAN_POINT('Control Point',(58.0426300536,0.751899169482,3.19744231092E-14)) ;
#388=CARTESIAN_POINT('Control Point',(60.0687045016,0.788069712312,3.19744231092E-14)) ;
#389=CARTESIAN_POINT('Control Point',(62.0953940609,0.814774380876,3.19744231092E-14)) ;
#390=CARTESIAN_POINT('Control Point',(63.0991294146,0.825787898166,3.19744231092E-14)) ;
#391=CARTESIAN_POINT('Control Point',(65.0751934301,0.844738080307,3.19744231092E-14)) ;
#392=CARTESIAN_POINT('Control Point',(67.0503107582,0.855824220286,3.19744231092E-14)) ;
#393=CARTESIAN_POINT('Control Point',(68.023018154,0.858799511939,3.19744231092E-14)) ;
#394=CARTESIAN_POINT('Control Point',(69.9304513019,0.856118865532,3.19744231092E-14)) ;
#395=CARTESIAN_POINT('Control Point',(71.8399426027,0.841703352374,3.19744231092E-14)) ;
#396=CARTESIAN_POINT('Control Point',(72.7737931121,0.832969526796,3.19744231092E-14)) ;
#397=CARTESIAN_POINT('Control Point',(74.5839125452,0.820055333465,3.19744231092E-14)) ;
#398=CARTESIAN_POINT('Control Point',(76.3897844222,0.804531009507,3.19744231092E-14)) ;
#399=CARTESIAN_POINT('Control Point',(77.267913351,0.794023039927,3.19744231092E-14)) ;
#400=CARTESIAN_POINT('Control Point',(78.9754246525,0.753380714249,3.19744231092E-14)) ;
#401=CARTESIAN_POINT('Control Point',(80.6907115429,0.694413353322,3.19744231092E-14)) ;
#402=CARTESIAN_POINT('Control Point',(81.5158250985,0.666267974504,3.19744231092E-14)) ;
#403=CARTESIAN_POINT('Control Point',(83.0703620436,0.640566294622,3.19744231092E-14)) ;
#404=CARTESIAN_POINT('Control Point',(84.6103007873,0.628045337303,3.19744231092E-14)) ;
#405=CARTESIAN_POINT('Control Point',(85.3484664468,0.616614819682,3.19744231092E-14)) ;
#406=CARTESIAN_POINT('Control Point',(86.7901472182,0.53500716845,3.19744231092E-14)) ;
#407=CARTESIAN_POINT('Control Point',(88.2563139375,0.416034490564,3.19744231092E-14)) ;
#408=CARTESIAN_POINT('Control Point',(88.9419786294,0.366729595206,3.19744231092E-14)) ;
#409=CARTESIAN_POINT('Control Point',(90.146244154,0.372241671226,3.19744231092E-14)) ;
#410=CARTESIAN_POINT('Control Point',(91.3115733481,0.424419766042,3.19744231092E-14)) ;
#411=CARTESIAN_POINT('Control Point',(91.8643313321,0.433294738503,3.19744231092E-14)) ;
#412=CARTESIAN_POINT('Control Point',(93.0033347232,0.286649963659,3.19744231092E-14)) ;
#413=CARTESIAN_POINT('Control Point',(94.1962548111,0.0673211950205,3.19744231092E-14)) ;
#414=CARTESIAN_POINT('Control Point',(94.720500433,-0.00835823946676,3.19744231092E-14)) ;
#415=CARTESIAN_POINT('Control Point',(95.4771386465,0.0928082749065,3.19744231092E-14)) ;
#416=CARTESIAN_POINT('Control Point',(96.1721693377,0.272344480862,3.19744231092E-14)) ;
#417=CARTESIAN_POINT('Control Point',(96.5082250259,0.313542729425,3.19744231092E-14)) ;
#418=CARTESIAN_POINT('Control Point',(97.3203055793,0.0808133806364,3.19744231092E-14)) ;
#419=CARTESIAN_POINT('Control Point',(98.1759711363,-0.21001648666,3.19744231092E-14)) ;
#420=CARTESIAN_POINT('Control Point',(98.4973260828,-0.282955591589,3.19744231092E-14)) ;
#421=CARTESIAN_POINT('Control Point',(98.7790358802,-0.095754881658,3.19744231092E-14)) ;
#422=CARTESIAN_POINT('Control Point',(99.0751386904,0.0725267098925,3.19744231092E-14)) ;
#423=CARTESIAN_POINT('Control Point',(99.2222672552,0.0896933312991,3.19744231092E-14)) ;
#424=CARTESIAN_POINT('Control Point',(99.5570279073,-0.0674964488496,3.19744231092E-14)) ;
#425=CARTESIAN_POINT('Control Point',(99.8384421532,-0.155445061137,3.19744231092E-14)) ;
#426=CARTESIAN_POINT('Control Point',(99.900630015,-0.166632372937,3.19744231092E-14)) ;
#427=CARTESIAN_POINT('Control Point',(99.9677311717,-0.152908234076,3.19744231092E-14)) ;
#428=CARTESIAN_POINT('Control Point',(99.9965480321,-0.0894131124969,3.19744231092E-14)) ;
#429=CARTESIAN_POINT('Control Point',(100.001590409,-0.0646682243225,3.19744231092E-14)) ;
#430=CARTESIAN_POINT('Control Point',(100.002741065,-0.0348638534902,3.19744231092E-14)) ;
#431=CARTESIAN_POINT('Control Point',(100.,4.4408920985E-16,3.19744231092E-14)) ;
#439=CARTESIAN_POINT('Control Point',(100.025,0.124,1.7763568394E-14)) ;
#440=CARTESIAN_POINT('Control Point',(99.9715990262,0.142397046958,1.7763568394E-14)) ;
#441=CARTESIAN_POINT('Control Point',(99.9181985802,0.160795690451,1.7763568394E-14)) ;
#442=CARTESIAN_POINT('Control Point',(99.864798662,0.17919593048,1.7763568394E-14)) ;
#443=CARTESIAN_POINT('Control Point',(99.6520393504,0.252514409436,1.7763568394E-14)) ;
#444=CARTESIAN_POINT('Control Point',(99.439281924,0.325839180949,1.7763568394E-14)) ;
#445=CARTESIAN_POINT('Control Point',(99.2799135997,0.380732168907,1.7763568394E-14)) ;
#446=CARTESIAN_POINT('Control Point',(98.8568139349,0.526003893483,1.7763568394E-14)) ;
#447=CARTESIAN_POINT('Control Point',(98.4332164227,0.669815999689,1.7763568394E-14)) ;
#448=CARTESIAN_POINT('Control Point',(98.1689552081,0.758639422541,1.7763568394E-14)) ;
#449=CARTESIAN_POINT('Control Point',(97.5386763364,0.969236704533,1.7763568394E-14)) ;
#450=CARTESIAN_POINT('Control Point',(96.9077482914,1.17788575962,1.7763568394E-14)) ;
#451=CARTESIAN_POINT('Control Point',(96.5414135376,1.29868510533,1.7763568394E-14)) ;
#452=CARTESIAN_POINT('Control Point',(95.7107536336,1.57081546799,1.7763568394E-14)) ;
#453=CARTESIAN_POINT('Control Point',(94.8786487683,1.83850584542,1.7763568394E-14)) ;
#454=CARTESIAN_POINT('Control Point',(94.4131949613,1.98636514497,1.7763568394E-14)) ;
#455=CARTESIAN_POINT('Control Point',(93.3890575702,2.30831023189,1.7763568394E-14)) ;
#456=CARTESIAN_POINT('Control Point',(92.3629938628,2.62405992528,1.7763568394E-14)) ;
#457=CARTESIAN_POINT('Control Point',(91.8032108977,2.79453290784,1.7763568394E-14)) ;
#458=CARTESIAN_POINT('Control Point',(90.5957994045,3.15798227224,1.7763568394E-14)) ;
#459=CARTESIAN_POINT('Control Point',(89.3858035694,3.51276242441,1.7763568394E-14)) ;
#460=CARTESIAN_POINT('Control Point',(88.7365728891,3.70031458435,1.7763568394E-14)) ;
#461=CARTESIAN_POINT('Control Point',(87.3572804209,4.09305757058,1.7763568394E-14)) ;
#462=CARTESIAN_POINT('Control Point',(85.9748973683,4.47477853477,1.7763568394E-14)) ;
#463=CARTESIAN_POINT('Control Point',(85.2430871017,4.67359920314,1.7763568394E-14)) ;
#464=CARTESIAN_POINT('Control Point',(83.7058880033,5.08432235065,1.7763568394E-14)) ;
#465=CARTESIAN_POINT('Control Point',(82.1650933002,5.48138165463,1.7763568394E-14)) ;
#466=CARTESIAN_POINT('Control Point',(81.3576732752,5.68541095742,1.7763568394E-14)) ;
#467=CARTESIAN_POINT('Control Point',(79.6775652541,6.10150300886,1.7763568394E-14)) ;
#468=CARTESIAN_POINT('Control Point',(77.9934634642,6.50113035602,1.7763568394E-14)) ;
#469=CARTESIAN_POINT('Control Point',(77.1186197875,6.70406865069,1.7763568394E-14)) ;
#470=CARTESIAN_POINT('Control Point',(75.3131167928,7.11353079954,1.7763568394E-14)) ;
#471=CARTESIAN_POINT('Control Point',(73.5035411845,7.50463301519,1.7763568394E-14)) ;
#472=CARTESIAN_POINT('Control Point',(72.5707264454,7.70113840964,1.7763568394E-14)) ;
#473=CARTESIAN_POINT('Control Point',(70.6591126158,8.09310966105,1.7763568394E-14)) ;
#474=CARTESIAN_POINT('Control Point',(68.7432298862,8.4636819162,1.7763568394E-14)) ;
#475=CARTESIAN_POINT('Control Point',(67.7621929545,8.64752710412,1.7763568394E-14)) ;
#476=CARTESIAN_POINT('Control Point',(65.7644258149,9.00985948013,1.7763568394E-14)) ;
#477=CARTESIAN_POINT('Control Point',(63.7624690245,9.34832444166,1.7763568394E-14)) ;
#478=CARTESIAN_POINT('Control Point',(62.7436242879,9.51418520462,1.7763568394E-14)) ;
#479=CARTESIAN_POINT('Control Point',(60.6814625963,9.83686225405,1.7763568394E-14)) ;
#480=CARTESIAN_POINT('Control Point',(58.6154125767,10.1336031944,1.7763568394E-14)) ;
#481=CARTESIAN_POINT('Control Point',(57.5701724461,10.2768995892,1.7763568394E-14)) ;
#482=CARTESIAN_POINT('Control Point',(55.4663812961,10.5514826009,1.7763568394E-14)) ;
#483=CARTESIAN_POINT('Control Point',(53.3590747572,10.7978251923,1.7763568394E-14)) ;
#484=CARTESIAN_POINT('Control Point',(52.2988230127,10.9142954162,1.7763568394E-14)) ;
#485=CARTESIAN_POINT('Control Point',(50.1771970518,11.131620605,1.7763568394E-14)) ;
#486=CARTESIAN_POINT('Control Point',(48.0526719947,11.3182836412,1.7763568394E-14)) ;
#487=CARTESIAN_POINT('Control Point',(46.9899933354,11.4040466255,1.7763568394E-14)) ;
#488=CARTESIAN_POINT('Control Point',(44.873062783,11.5610450786,1.7763568394E-14)) ;
#489=CARTESIAN_POINT('Control Point',(42.7540550078,11.6873110893,1.7763568394E-14)) ;
#490=CARTESIAN_POINT('Control Point',(41.6988417173,11.741725603,1.7763568394E-14)) ;
#491=CARTESIAN_POINT('Control Point',(39.5876853222,11.8291786606,1.7763568394E-14)) ;
#492=CARTESIAN_POINT('Control Point',(37.4749843563,11.867881334,1.7763568394E-14)) ;
#493=CARTESIAN_POINT('Control Point',(36.4185255657,11.8735378095,1.7763568394E-14)) ;
#494=CARTESIAN_POINT('Control Point',(34.3391814846,11.8562052917,1.7763568394E-14)) ;
#495=CARTESIAN_POINT('Control Point',(32.2611306041,11.7810481635,1.7763568394E-14)) ;
#496=CARTESIAN_POINT('Control Point',(31.2394419611,11.7296606301,1.7763568394E-14)) ;
#497=CARTESIAN_POINT('Control Point',(29.242239626,11.6006234167,1.7763568394E-14)) ;
#498=CARTESIAN_POINT('Control Point',(27.2495232994,11.4151097278,1.7763568394E-14)) ;
#499=CARTESIAN_POINT('Control Point',(26.2766471992,11.3107525904,1.7763568394E-14)) ;
#500=CARTESIAN_POINT('Control Point',(24.3881506658,11.0809050655,1.7763568394E-14)) ;
#501=CARTESIAN_POINT('Control Point',(22.5070176915,10.7969205318,1.7763568394E-14)) ;
#502=CARTESIAN_POINT('Control Point',(21.5954429033,10.6458368566,1.7763568394E-14)) ;
#503=CARTESIAN_POINT('Control Point',(19.8406678558,10.3276588914,1.7763568394E-14)) ;
#504=CARTESIAN_POINT('Control Point',(18.0963358075,9.95676249839,1.7763568394E-14)) ;
#505=CARTESIAN_POINT('Control Point',(17.2584243281,9.76546419335,1.7763568394E-14)) ;
#506=CARTESIAN_POINT('Control Point',(15.6600612774,9.37492179846,1.7763568394E-14)) ;
#507=CARTESIAN_POINT('Control Point',(14.0745105472,8.93513720264,1.7763568394E-14)) ;
#508=CARTESIAN_POINT('Control Point',(13.3205665174,8.71330420456,1.7763568394E-14)) ;
#509=CARTESIAN_POINT('Control Point',(11.8987221418,8.26860350001,1.7763568394E-14)) ;
#510=CARTESIAN_POINT('Control Point',(10.4926478158,7.77655342144,1.7763568394E-14)) ;
#511=CARTESIAN_POINT('Control Point',(9.8320559812,7.53315407443,1.7763568394E-14)) ;
#512=CARTESIAN_POINT('Control Point',(8.60164261364,7.05665271007,1.7763568394E-14)) ;
#513=CARTESIAN_POINT('Control Point',(7.38928690677,6.53593139872,1.7763568394E-14)) ;
#514=CARTESIAN_POINT('Control Point',(6.82858874323,6.28232879153,1.7763568394E-14)) ;
#515=CARTESIAN_POINT('Control Point',(5.80416248989,5.79010798221,1.7763568394E-14)) ;
#516=CARTESIAN_POINT('Control Point',(4.8027259725,5.25247154552,1.7763568394E-14)) ;
#517=CARTESIAN_POINT('Control Point',(4.34876895946,4.99613396347,1.7763568394E-14)) ;
#518=CARTESIAN_POINT('Control Point',(3.53485869535,4.51443529126,1.7763568394E-14)) ;
#519=CARTESIAN_POINT('Control Point',(2.74864725025,3.98944211465,1.7763568394E-14)) ;
#520=CARTESIAN_POINT('Control Point',(2.40298777514,3.74292060394,1.7763568394E-14)) ;
#521=CARTESIAN_POINT('Control Point',(1.80744064953,3.27853231322,1.7763568394E-14)) ;
#522=CARTESIAN_POINT('Control Point',(1.25283645812,2.76463384367,1.7763568394E-14)) ;
#523=CARTESIAN_POINT('Control Point',(1.01978037305,2.53049706881,1.7763568394E-14)) ;
#524=CARTESIAN_POINT('Control Point',(0.631749089846,2.1072430405,1.7763568394E-14)) ;
#525=CARTESIAN_POINT('Control Point',(0.306105395239,1.63615386645,1.7763568394E-14)) ;
#526=CARTESIAN_POINT('Control Point',(0.18281225178,1.42382498485,1.7763568394E-14)) ;
#527=CARTESIAN_POINT('Control Point',(0.00290701082148,1.01534637833,1.7763568394E-14)) ;
#528=CARTESIAN_POINT('Control Point',(-0.0719264590867,0.573768171249,1.7763568394E-14)) ;
#529=CARTESIAN_POINT('Control Point',(-0.0793936016043,0.376676013141,1.7763568394E-14)) ;
#530=CARTESIAN_POINT('Control Point',(-0.0303954850738,-0.00912546322269,1.7763568394E-14)) ;
#531=CARTESIAN_POINT('Control Point',(0.140208521758,-0.358505267549,1.7763568394E-14)) ;
#532=CARTESIAN_POINT('Control Point',(0.254352744623,-0.519194194457,1.7763568394E-14)) ;
#533=CARTESIAN_POINT('Control Point',(0.556427639421,-0.846448219008,1.7763568394E-14)) ;
#534=CARTESIAN_POINT('Control Point',(0.926002413322,-1.09188964373,1.7763568394E-14)) ;
#535=CARTESIAN_POINT('Control Point',(1.14147553404,-1.2043289625,1.7763568394E-14)) ;
#536=CARTESIAN_POINT('Control Point',(1.65844312008,-1.42689995424,1.7763568394E-14)) ;
#537=CARTESIAN_POINT('Control Point',(2.20092349699,-1.58212591075,1.7763568394E-14)) ;
#538=CARTESIAN_POINT('Control Point',(2.51476705204,-1.65933705874,1.7763568394E-14)) ;
#539=CARTESIAN_POINT('Control Point',(3.23389058762,-1.80924441898,1.7763568394E-14)) ;
#540=CARTESIAN_POINT('Control Point',(3.96099681794,-1.90630681546,1.7763568394E-14)) ;
#541=CARTESIAN_POINT('Control Point',(4.3687788207,-1.94624055099,1.7763568394E-14)) ;
#542=CARTESIAN_POINT('Control Point',(5.27281216645,-2.01282724958,1.7763568394E-14)) ;
#543=CARTESIAN_POINT('Control Point',(6.17925657526,-2.04316297829,1.7763568394E-14)) ;
#544=CARTESIAN_POINT('Control Point',(6.67680999264,-2.05329480809,1.7763568394E-14)) ;
#545=CARTESIAN_POINT('Control Point',(7.75549617713,-2.06073853569,1.7763568394E-14)) ;
#546=CARTESIAN_POINT('Control Point',(8.83369995716,-2.03922583822,1.7763568394E-14)) ;
#547=CARTESIAN_POINT('Control Point',(9.41402865248,-2.02008720851,1.7763568394E-14)) ;
#548=CARTESIAN_POINT('Control Point',(10.6521054509,-1.96784103675,1.7763568394E-14)) ;
#549=CARTESIAN_POINT('Control Point',(11.8893624936,-1.89678359224,1.7763568394E-14)) ;
#550=CARTESIAN_POINT('Control Point',(12.5468031009,-1.8554724684,1.7763568394E-14)) ;
#551=CARTESIAN_POINT('Control Point',(13.9315720519,-1.76119331009,1.7763568394E-14)) ;
#552=CARTESIAN_POINT('Control Point',(15.3153043345,-1.6536746627,1.7763568394E-14)) ;
#553=CARTESIAN_POINT('Control Point',(16.0420162621,-1.59414303142,1.7763568394E-14)) ;
#554=CARTESIAN_POINT('Control Point',(17.557997134,-1.46592325519,1.7763568394E-14)) ;
#555=CARTESIAN_POINT('Control Point',(19.0735362438,-1.33229221352,1.7763568394E-14)) ;
#556=CARTESIAN_POINT('Control Point',(19.8627117251,-1.26210383877,1.7763568394E-14)) ;
#557=CARTESIAN_POINT('Control Point',(21.4963915824,-1.11605938574,1.7763568394E-14)) ;
#558=CARTESIAN_POINT('Control Point',(23.130053821,-0.969968628529,1.7763568394E-14)) ;
#559=CARTESIAN_POINT('Control Point',(23.9746045283,-0.894860108004,1.7763568394E-14)) ;
#560=CARTESIAN_POINT('Control Point',(25.7113697907,-0.742427535097,1.7763568394E-14)) ;
#561=CARTESIAN_POINT('Control Point',(27.4486553113,-0.595931642873,1.7763568394E-14)) ;
#562=CARTESIAN_POINT('Control Point',(28.3412331199,-0.522751117159,1.7763568394E-14)) ;
#563=CARTESIAN_POINT('Control Point',(30.1662912664,-0.378070155195,1.7763568394E-14)) ;
#564=CARTESIAN_POINT('Control Point',(31.992243873,-0.245082222414,1.7763568394E-14)) ;
#565=CARTESIAN_POINT('Control Point',(32.9252334774,-0.180646641789,1.7763568394E-14)) ;
#566=CARTESIAN_POINT('Control Point',(34.8237390193,-0.0577272759797,1.7763568394E-14)) ;
#567=CARTESIAN_POINT('Control Point',(36.7232965779,0.0478058004841,1.7763568394E-14)) ;
#568=CARTESIAN_POINT('Control Point',(37.6893391338,0.0967573536365,1.7763568394E-14)) ;
#569=CARTESIAN_POINT('Control Point',(39.6678479299,0.187688269015,1.7763568394E-14)) ;
#570=CARTESIAN_POINT('Control Point',(41.6469871014,0.263633608572,1.7763568394E-14)) ;
#571=CARTESIAN_POINT('Control Point',(42.6596564771,0.299680450418,1.7763568394E-14)) ;
#572=CARTESIAN_POINT('Control Point',(44.7000664781,0.370856363419,1.7763568394E-14)) ;
#573=CARTESIAN_POINT('Control Point',(46.7404840441,0.440689589019,1.7763568394E-14)) ;
#574=CARTESIAN_POINT('Control Point',(47.768229373,0.475932093698,1.7763568394E-14)) ;
#575=CARTESIAN_POINT('Control Point',(49.8263359151,0.543851812884,1.7763568394E-14)) ;
#576=CARTESIAN_POINT('Control Point',(51.884757731,0.604666349634,1.7763568394E-14)) ;
#577=CARTESIAN_POINT('Control Point',(52.9152329119,0.632876005547,1.7763568394E-14)) ;
#578=CARTESIAN_POINT('Control Point',(54.967824936,0.685612320126,1.7763568394E-14)) ;
#579=CARTESIAN_POINT('Control Point',(57.0203790957,0.731116015167,1.7763568394E-14)) ;
#580=CARTESIAN_POINT('Control Point',(58.0426300536,0.751899169482,1.7763568394E-14)) ;
#581=CARTESIAN_POINT('Control Point',(60.0687045016,0.788069712312,1.7763568394E-14)) ;
#582=CARTESIAN_POINT('Control Point',(62.0953940609,0.814774380876,1.7763568394E-14)) ;
#583=CARTESIAN_POINT('Control Point',(63.0991294146,0.825787898166,1.7763568394E-14)) ;
#584=CARTESIAN_POINT('Control Point',(65.0751934301,0.844738080307,1.7763568394E-14)) ;
#585=CARTESIAN_POINT('Control Point',(67.0503107582,0.855824220286,1.7763568394E-14)) ;
#586=CARTESIAN_POINT('Control Point',(68.023018154,0.858799511939,1.7763568394E-14)) ;
#587=CARTESIAN_POINT('Control Point',(69.9304513019,0.856118865532,1.7763568394E-14)) ;
#588=CARTESIAN_POINT('Control Point',(71.8399426027,0.841703352374,1.7763568394E-14)) ;
#589=CARTESIAN_POINT('Control Point',(72.7737931121,0.832969526796,1.7763568394E-14)) ;
#590=CARTESIAN_POINT('Control Point',(74.5839125452,0.820055333465,1.7763568394E-14)) ;
#591=CARTESIAN_POINT('Control Point',(76.3897844222,0.804531009507,1.7763568394E-14)) ;
#592=CARTESIAN_POINT('Control Point',(77.267913351,0.794023039927,1.7763568394E-14)) ;
#593=CARTESIAN_POINT('Control Point',(78.9754246525,0.753380714249,1.7763568394E-14)) ;
#594=CARTESIAN_POINT('Control Point',(80.6907115429,0.694413353322,1.7763568394E-14)) ;
#595=CARTESIAN_POINT('Control Point',(81.5158250985,0.666267974504,1.7763568394E-14)) ;
#596=CARTESIAN_POINT('Control Point',(83.0703620436,0.640566294622,1.7763568394E-14)) ;
#597=CARTESIAN_POINT('Control Point',(84.6103007873,0.628045337303,1.7763568394E-14)) ;
#598=CARTESIAN_POINT('Control Point',(85.3484664468,0.616614819682,1.7763568394E-14)) ;
#599=CARTESIAN_POINT('Control Point',(86.7901472182,0.53500716845,1.7763568394E-14)) ;
#600=CARTESIAN_POINT('Control Point',(88.2563139375,0.416034490564,1.7763568394E-14)) ;
#601=CARTESIAN_POINT('Control Point',(88.9419786294,0.366729595206,1.7763568394E-14)) ;
#602=CARTESIAN_POINT('Control Point',(90.146244154,0.372241671226,1.7763568394E-14)) ;
#603=CARTESIAN_POINT('Control Point',(91.3115733481,0.424419766042,1.7763568394E-14)) ;
#604=CARTESIAN_POINT('Control Point',(91.8643313321,0.433294738503,1.7763568394E-14)) ;
#605=CARTESIAN_POINT('Control Point',(93.0033347232,0.286649963659,1.7763568394E-14)) ;
#606=CARTESIAN_POINT('Control Point',(94.1962548111,0.0673211950205,1.7763568394E-14)) ;
#607=CARTESIAN_POINT('Control Point',(94.720500433,-0.00835823946676,1.7763568394E-14)) ;
#608=CARTESIAN_POINT('Control Point',(95.4771386465,0.0928082749065,1.7763568394E-14)) ;
#609=CARTESIAN_POINT('Control Point',(96.1721693377,0.272344480862,1.7763568394E-14)) ;
#610=CARTESIAN_POINT('Control Point',(96.5082250259,0.313542729425,1.7763568394E-14)) ;
#611=CARTESIAN_POINT('Control Point',(97.3203055793,0.0808133806364,1.7763568394E-14)) ;
#612=CARTESIAN_POINT('Control Point',(98.1759711363,-0.21001648666,1.7763568394E-14)) ;
#613=CARTESIAN_POINT('Control Point',(98.4973260828,-0.282955591589,1.7763568394E-14)) ;
#614=CARTESIAN_POINT('Control Point',(98.7790358802,-0.095754881658,1.7763568394E-14)) ;
#615=CARTESIAN_POINT('Control Point',(99.0751386904,0.0725267098925,1.7763568394E-14)) ;
#616=CARTESIAN_POINT('Control Point',(99.2222672552,0.0896933312991,1.7763568394E-14)) ;
#617=CARTESIAN_POINT('Control Point',(99.5570279073,-0.0674964488496,1.7763568394E-14)) ;
#618=CARTESIAN_POINT('Control Point',(99.8384421532,-0.155445061137,1.7763568394E-14)) ;
#619=CARTESIAN_POINT('Control Point',(99.900630015,-0.166632372937,1.7763568394E-14)) ;
#620=CARTESIAN_POINT('Control Point',(99.9677311717,-0.152908234076,1.7763568394E-14)) ;
#621=CARTESIAN_POINT('Control Point',(99.9965480321,-0.0894131124969,1.7763568394E-14)) ;
#622=CARTESIAN_POINT('Control Point',(100.001590409,-0.0646682243225,1.7763568394E-14)) ;
#623=CARTESIAN_POINT('Control Point',(100.002741065,-0.0348638534902,1.7763568394E-14)) ;
#624=CARTESIAN_POINT('Control Point',(100.,4.4408920985E-16,1.7763568394E-14)) ;
#625=CARTESIAN_POINT('Control Point',(100.025,0.124,20.)) ;
#626=CARTESIAN_POINT('Control Point',(99.9715990262,0.142397046958,20.)) ;
#627=CARTESIAN_POINT('Control Point',(99.9181985802,0.160795690451,20.)) ;
#628=CARTESIAN_POINT('Control Point',(99.864798662,0.17919593048,20.)) ;
#629=CARTESIAN_POINT('Control Point',(99.6520393504,0.252514409436,20.)) ;
#630=CARTESIAN_POINT('Control Point',(99.439281924,0.325839180949,20.)) ;
#631=CARTESIAN_POINT('Control Point',(99.2799135997,0.380732168907,20.)) ;
#632=CARTESIAN_POINT('Control Point',(98.8568139349,0.526003893483,20.)) ;
#633=CARTESIAN_POINT('Control Point',(98.4332164227,0.669815999689,20.)) ;
#634=CARTESIAN_POINT('Control Point',(98.1689552081,0.758639422541,20.)) ;
#635=CARTESIAN_POINT('Control Point',(97.5386763364,0.969236704533,20.)) ;
#636=CARTESIAN_POINT('Control Point',(96.9077482914,1.17788575962,20.)) ;
#637=CARTESIAN_POINT('Control Point',(96.5414135376,1.29868510533,20.)) ;
#638=CARTESIAN_POINT('Control Point',(95.7107536336,1.57081546799,20.)) ;
#639=CARTESIAN_POINT('Control Point',(94.8786487683,1.83850584542,20.)) ;
#640=CARTESIAN_POINT('Control Point',(94.4131949613,1.98636514497,20.)) ;
#641=CARTESIAN_POINT('Control Point',(93.3890575702,2.30831023189,20.)) ;
#642=CARTESIAN_POINT('Control Point',(92.3629938628,2.62405992528,20.)) ;
#643=CARTESIAN_POINT('Control Point',(91.8032108977,2.79453290784,20.)) ;
#644=CARTESIAN_POINT('Control Point',(90.5957994045,3.15798227224,20.)) ;
#645=CARTESIAN_POINT('Control Point',(89.3858035694,3.51276242441,20.)) ;
#646=CARTESIAN_POINT('Control Point',(88.7365728891,3.70031458435,20.)) ;
#647=CARTESIAN_POINT('Control Point',(87.3572804209,4.09305757058,20.)) ;
#648=CARTESIAN_POINT('Control Point',(85.9748973683,4.47477853477,20.)) ;
#649=CARTESIAN_POINT('Control Point',(85.2430871017,4.67359920314,20.)) ;
#650=CARTESIAN_POINT('Control Point',(83.7058880033,5.08432235065,20.)) ;
#651=CARTESIAN_POINT('Control Point',(82.1650933002,5.48138165463,20.)) ;
#652=CARTESIAN_POINT('Control Point',(81.3576732752,5.68541095742,20.)) ;
#653=CARTESIAN_POINT('Control Point',(79.6775652541,6.10150300886,20.)) ;
#654=CARTESIAN_POINT('Control Point',(77.9934634642,6.50113035602,20.)) ;
#655=CARTESIAN_POINT('Control Point',(77.1186197875,6.70406865069,20.)) ;
#656=CARTESIAN_POINT('Control Point',(75.3131167928,7.11353079954,20.)) ;
#657=CARTESIAN_POINT('Control Point',(73.5035411845,7.50463301519,20.)) ;
#658=CARTESIAN_POINT('Control Point',(72.5707264454,7.70113840964,20.)) ;
#659=CARTESIAN_POINT('Control Point',(70.6591126158,8.09310966105,20.)) ;
#660=CARTESIAN_POINT('Control Point',(68.7432298862,8.4636819162,20.)) ;
#661=CARTESIAN_POINT('Control Point',(67.7621929545,8.64752710412,20.)) ;
#662=CARTESIAN_POINT('Control Point',(65.7644258149,9.00985948013,20.)) ;
#663=CARTESIAN_POINT('Control Point',(63.7624690245,9.34832444166,20.)) ;
#664=CARTESIAN_POINT('Control Point',(62.7436242879,9.51418520462,20.)) ;
#665=CARTESIAN_POINT('Control Point',(60.6814625963,9.83686225405,20.)) ;
#666=CARTESIAN_POINT('Control Point',(58.6154125767,10.1336031944,20.)) ;
#667=CARTESIAN_POINT('Control Point',(57.5701724461,10.2768995892,20.)) ;
#668=CARTESIAN_POINT('Control Point',(55.4663812961,10.5514826009,20.)) ;
#669=CARTESIAN_POINT('Control Point',(53.3590747572,10.7978251923,20.)) ;
#670=CARTESIAN_POINT('Control Point',(52.2988230127,10.9142954162,20.)) ;
#671=CARTESIAN_POINT('Control Point',(50.1771970518,11.131620605,20.)) ;
#672=CARTESIAN_POINT('Control Point',(48.0526719947,11.3182836412,20.)) ;
#673=CARTESIAN_POINT('Control Point',(46.9899933354,11.4040466255,20.)) ;
#674=CARTESIAN_POINT('Control Point',(44.873062783,11.5610450786,20.)) ;
#675=CARTESIAN_POINT('Control Point',(42.7540550078,11.6873110893,20.)) ;
#676=CARTESIAN_POINT('Control Point',(41.6988417173,11.741725603,20.)) ;
#677=CARTESIAN_POINT('Control Point',(39.5876853222,11.8291786606,20.)) ;
#678=CARTESIAN_POINT('Control Point',(37.4749843563,11.867881334,20.)) ;
#679=CARTESIAN_POINT('Control Point',(36.4185255657,11.8735378095,20.)) ;
#680=CARTESIAN_POINT('Control Point',(34.3391814846,11.8562052917,20.)) ;
#681=CARTESIAN_POINT('Control Point',(32.2611306041,11.7810481635,20.)) ;
#682=CARTESIAN_POINT('Control Point',(31.2394419611,11.7296606301,20.)) ;
#683=CARTESIAN_POINT('Control Point',(29.242239626,11.6006234167,20.)) ;
#684=CARTESIAN_POINT('Control Point',(27.2495232994,11.4151097278,20.)) ;
#685=CARTESIAN_POINT('Control Point',(26.2766471992,11.3107525904,20.)) ;
#686=CARTESIAN_POINT('Control Point',(24.3881506658,11.0809050655,20.)) ;
#687=CARTESIAN_POINT('Control Point',(22.5070176915,10.7969205318,20.)) ;
#688=CARTESIAN_POINT('Control Point',(21.5954429033,10.6458368566,20.)) ;
#689=CARTESIAN_POINT('Control Point',(19.8406678558,10.3276588914,20.)) ;
#690=CARTESIAN_POINT('Control Point',(18.0963358075,9.95676249839,20.)) ;
#691=CARTESIAN_POINT('Control Point',(17.2584243281,9.76546419335,20.)) ;
#692=CARTESIAN_POINT('Control Point',(15.6600612774,9.37492179846,20.)) ;
#693=CARTESIAN_POINT('Control Point',(14.0745105472,8.93513720264,20.)) ;
#694=CARTESIAN_POINT('Control Point',(13.3205665174,8.71330420456,20.)) ;
#695=CARTESIAN_POINT('Control Point',(11.8987221418,8.26860350001,20.)) ;
#696=CARTESIAN_POINT('Control Point',(10.4926478158,7.77655342144,20.)) ;
#697=CARTESIAN_POINT('Control Point',(9.8320559812,7.53315407443,20.)) ;
#698=CARTESIAN_POINT('Control Point',(8.60164261364,7.05665271007,20.)) ;
#699=CARTESIAN_POINT('Control Point',(7.38928690677,6.53593139872,20.)) ;
#700=CARTESIAN_POINT('Control Point',(6.82858874323,6.28232879153,20.)) ;
#701=CARTESIAN_POINT('Control Point',(5.80416248989,5.79010798221,20.)) ;
#702=CARTESIAN_POINT('Control Point',(4.8027259725,5.25247154552,20.)) ;
#703=CARTESIAN_POINT('Control Point',(4.34876895946,4.99613396347,20.)) ;
#704=CARTESIAN_POINT('Control Point',(3.53485869535,4.51443529126,20.)) ;
#705=CARTESIAN_POINT('Control Point',(2.74864725025,3.98944211465,20.)) ;
#706=CARTESIAN_POINT('Control Point',(2.40298777514,3.74292060394,20.)) ;
#707=CARTESIAN_POINT('Control Point',(1.80744064953,3.27853231322,20.)) ;
#708=CARTESIAN_POINT('Control Point',(1.25283645812,2.76463384367,20.)) ;
#709=CARTESIAN_POINT('Control Point',(1.01978037305,2.53049706881,20.)) ;
#710=CARTESIAN_POINT('Control Point',(0.631749089846,2.1072430405,20.)) ;
#711=CARTESIAN_POINT('Control Point',(0.306105395239,1.63615386645,20.)) ;
#712=CARTESIAN_POINT('Control Point',(0.18281225178,1.42382498485,20.)) ;
#713=CARTESIAN_POINT('Control Point',(0.00290701082148,1.01534637833,20.)) ;
#714=CARTESIAN_POINT('Control Point',(-0.0719264590867,0.573768171249,20.)) ;
#715=CARTESIAN_POINT('Control Point',(-0.0793936016043,0.376676013141,20.)) ;
#716=CARTESIAN_POINT('Control Point',(-0.0303954850738,-0.00912546322269,20.)) ;
#717=CARTESIAN_POINT('Control Point',(0.140208521758,-0.358505267549,20.)) ;
#718=CARTESIAN_POINT('Control Point',(0.254352744623,-0.519194194457,20.)) ;
#719=CARTESIAN_POINT('Control Point',(0.556427639421,-0.846448219008,20.)) ;
#720=CARTESIAN_POINT('Control Point',(0.926002413322,-1.09188964373,20.)) ;
#721=CARTESIAN_POINT('Control Point',(1.14147553404,-1.2043289625,20.)) ;
#722=CARTESIAN_POINT('Control Point',(1.65844312008,-1.42689995424,20.)) ;
#723=CARTESIAN_POINT('Control Point',(2.20092349699,-1.58212591075,20.)) ;
#724=CARTESIAN_POINT('Control Point',(2.51476705204,-1.65933705874,20.)) ;
#725=CARTESIAN_POINT('Control Point',(3.23389058762,-1.80924441898,20.)) ;
#726=CARTESIAN_POINT('Control Point',(3.96099681794,-1.90630681546,20.)) ;
#727=CARTESIAN_POINT('Control Point',(4.3687788207,-1.94624055099,20.)) ;
#728=CARTESIAN_POINT('Control Point',(5.27281216645,-2.01282724958,20.)) ;
#729=CARTESIAN_POINT('Control Point',(6.17925657526,-2.04316297829,20.)) ;
#730=CARTESIAN_POINT('Control Point',(6.67680999264,-2.05329480809,20.)) ;
#731=CARTESIAN_POINT('Control Point',(7.75549617713,-2.06073853569,20.)) ;
#732=CARTESIAN_POINT('Control Point',(8.83369995716,-2.03922583822,20.)) ;
#733=CARTESIAN_POINT('Control Point',(9.41402865248,-2.02008720851,20.)) ;
#734=CARTESIAN_POINT('Control Point',(10.6521054509,-1.96784103675,20.)) ;
#735=CARTESIAN_POINT('Control Point',(11.8893624936,-1.89678359224,20.)) ;
#736=CARTESIAN_POINT('Control Point',(12.5468031009,-1.8554724684,20.)) ;
#737=CARTESIAN_POINT('Control Point',(13.9315720519,-1.76119331009,20.)) ;
#738=CARTESIAN_POINT('Control Point',(15.3153043345,-1.6536746627,20.)) ;
#739=CARTESIAN_POINT('Control Point',(16.0420162621,-1.59414303142,20.)) ;
#740=CARTESIAN_POINT('Control Point',(17.557997134,-1.46592325519,20.)) ;
#741=CARTESIAN_POINT('Control Point',(19.0735362438,-1.33229221352,20.)) ;
#742=CARTESIAN_POINT('Control Point',(19.8627117251,-1.26210383877,20.)) ;
#743=CARTESIAN_POINT('Control Point',(21.4963915824,-1.11605938574,20.)) ;
#744=CARTESIAN_POINT('Control Point',(23.130053821,-0.969968628529,20.)) ;
#745=CARTESIAN_POINT('Control Point',(23.9746045283,-0.894860108004,20.)) ;
#746=CARTESIAN_POINT('Control Point',(25.7113697907,-0.742427535097,20.)) ;
#747=CARTESIAN_POINT('Control Point',(27.4486553113,-0.595931642873,20.)) ;
#748=CARTESIAN_POINT('Control Point',(28.3412331199,-0.522751117159,20.)) ;
#749=CARTESIAN_POINT('Control Point',(30.1662912664,-0.378070155195,20.)) ;
#750=CARTESIAN_POINT('Control Point',(31.992243873,-0.245082222414,20.)) ;
#751=CARTESIAN_POINT('Control Point',(32.9252334774,-0.180646641789,20.)) ;
#752=CARTESIAN_POINT('Control Point',(34.8237390193,-0.0577272759797,20.)) ;
#753=CARTESIAN_POINT('Control Point',(36.7232965779,0.0478058004841,20.)) ;
#754=CARTESIAN_POINT('Control Point',(37.6893391338,0.0967573536365,20.)) ;
#755=CARTESIAN_POINT('Control Point',(39.6678479299,0.187688269015,20.)) ;
#756=CARTESIAN_POINT('Control Point',(41.6469871014,0.263633608572,20.)) ;
#757=CARTESIAN_POINT('Control Point',(42.6596564771,0.299680450418,20.)) ;
#758=CARTESIAN_POINT('Control Point',(44.7000664781,0.370856363419,20.)) ;
#759=CARTESIAN_POINT('Control Point',(46.7404840441,0.440689589019,20.)) ;
#760=CARTESIAN_POINT('Control Point',(47.768229373,0.475932093698,20.)) ;
#761=CARTESIAN_POINT('Control Point',(49.8263359151,0.543851812884,20.)) ;
#762=CARTESIAN_POINT('Control Point',(51.884757731,0.604666349634,20.)) ;
#763=CARTESIAN_POINT('Control Point',(52.9152329119,0.632876005547,20.)) ;
#764=CARTESIAN_POINT('Control Point',(54.967824936,0.685612320126,20.)) ;
#765=CARTESIAN_POINT('Control Point',(57.0203790957,0.731116015167,20.)) ;
#766=CARTESIAN_POINT('Control Point',(58.0426300536,0.751899169482,20.)) ;
#767=CARTESIAN_POINT('Control Point',(60.0687045016,0.788069712312,20.)) ;
#768=CARTESIAN_POINT('Control Point',(62.0953940609,0.814774380876,20.)) ;
#769=CARTESIAN_POINT('Control Point',(63.0991294146,0.825787898166,20.)) ;
#770=CARTESIAN_POINT('Control Point',(65.0751934301,0.844738080307,20.)) ;
#771=CARTESIAN_POINT('Control Point',(67.0503107582,0.855824220286,20.)) ;
#772=CARTESIAN_POINT('Control Point',(68.023018154,0.858799511939,20.)) ;
#773=CARTESIAN_POINT('Control Point',(69.9304513019,0.856118865532,20.)) ;
#774=CARTESIAN_POINT('Control Point',(71.8399426027,0.841703352374,20.)) ;
#775=CARTESIAN_POINT('Control Point',(72.7737931121,0.832969526796,20.)) ;
#776=CARTESIAN_POINT('Control Point',(74.5839125452,0.820055333465,20.)) ;
#777=CARTESIAN_POINT('Control Point',(76.3897844222,0.804531009507,20.)) ;
#778=CARTESIAN_POINT('Control Point',(77.267913351,0.794023039927,20.)) ;
#779=CARTESIAN_POINT('Control Point',(78.9754246525,0.753380714249,20.)) ;
#780=CARTESIAN_POINT('Control Point',(80.6907115429,0.694413353322,20.)) ;
#781=CARTESIAN_POINT('Control Point',(81.5158250985,0.666267974504,20.)) ;
#782=CARTESIAN_POINT('Control Point',(83.0703620436,0.640566294622,20.)) ;
#783=CARTESIAN_POINT('Control Point',(84.6103007873,0.628045337303,20.)) ;
#784=CARTESIAN_POINT('Control Point',(85.3484664468,0.616614819682,20.)) ;
#785=CARTESIAN_POINT('Control Point',(86.7901472182,0.53500716845,20.)) ;
#786=CARTESIAN_POINT('Control Point',(88.2563139375,0.416034490564,20.)) ;
#787=CARTESIAN_POINT('Control Point',(88.9419786294,0.366729595206,20.)) ;
#788=CARTESIAN_POINT('Control Point',(90.146244154,0.372241671226,20.)) ;
#789=CARTESIAN_POINT('Control Point',(91.3115733481,0.424419766042,20.)) ;
#790=CARTESIAN_POINT('Control Point',(91.8643313321,0.433294738503,20.)) ;
#791=CARTESIAN_POINT('Control Point',(93.0033347232,0.286649963659,20.)) ;
#792=CARTESIAN_POINT('Control Point',(94.1962548111,0.0673211950205,20.)) ;
#793=CARTESIAN_POINT('Control Point',(94.720500433,-0.00835823946676,20.)) ;
#794=CARTESIAN_POINT('Control Point',(95.4771386465,0.0928082749065,20.)) ;
#795=CARTESIAN_POINT('Control Point',(96.1721693377,0.272344480862,20.)) ;
#796=CARTESIAN_POINT('Control Point',(96.5082250259,0.313542729425,20.)) ;
#797=CARTESIAN_POINT('Control Point',(97.3203055793,0.0808133806364,20.)) ;
#798=CARTESIAN_POINT('Control Point',(98.1759711363,-0.21001648666,20.)) ;
#799=CARTESIAN_POINT('Control Point',(98.4973260828,-0.282955591589,20.)) ;
#800=CARTESIAN_POINT('Control Point',(98.7790358802,-0.095754881658,20.)) ;
#801=CARTESIAN_POINT('Control Point',(99.0751386904,0.0725267098925,20.)) ;
#802=CARTESIAN_POINT('Control Point',(99.2222672552,0.0896933312991,20.)) ;
#803=CARTESIAN_POINT('Control Point',(99.5570279073,-0.0674964488496,20.)) ;
#804=CARTESIAN_POINT('Control Point',(99.8384421532,-0.155445061137,20.)) ;
#805=CARTESIAN_POINT('Control Point',(99.900630015,-0.166632372937,20.)) ;
#806=CARTESIAN_POINT('Control Point',(99.9677311717,-0.152908234076,20.)) ;
#807=CARTESIAN_POINT('Control Point',(99.9965480321,-0.0894131124969,20.)) ;
#808=CARTESIAN_POINT('Control Point',(100.001590409,-0.0646682243225,20.)) ;
#809=CARTESIAN_POINT('Control Point',(100.002741065,-0.0348638534902,20.)) ;
#810=CARTESIAN_POINT('Control Point',(100.,4.4408920985E-16,20.)) ;
#811=CARTESIAN_POINT('Control Point',(100.025,0.124,40.)) ;
#812=CARTESIAN_POINT('Control Point',(99.9715990262,0.142397046958,40.)) ;
#813=CARTESIAN_POINT('Control Point',(99.9181985802,0.160795690451,40.)) ;
#814=CARTESIAN_POINT('Control Point',(99.864798662,0.17919593048,40.)) ;
#815=CARTESIAN_POINT('Control Point',(99.6520393504,0.252514409436,40.)) ;
#816=CARTESIAN_POINT('Control Point',(99.439281924,0.325839180949,40.)) ;
#817=CARTESIAN_POINT('Control Point',(99.2799135997,0.380732168907,40.)) ;
#818=CARTESIAN_POINT('Control Point',(98.8568139349,0.526003893483,40.)) ;
#819=CARTESIAN_POINT('Control Point',(98.4332164227,0.669815999689,40.)) ;
#820=CARTESIAN_POINT('Control Point',(98.1689552081,0.758639422541,40.)) ;
#821=CARTESIAN_POINT('Control Point',(97.5386763364,0.969236704533,40.)) ;
#822=CARTESIAN_POINT('Control Point',(96.9077482914,1.17788575962,40.)) ;
#823=CARTESIAN_POINT('Control Point',(96.5414135376,1.29868510533,40.)) ;
#824=CARTESIAN_POINT('Control Point',(95.7107536336,1.57081546799,40.)) ;
#825=CARTESIAN_POINT('Control Point',(94.8786487683,1.83850584542,40.)) ;
#826=CARTESIAN_POINT('Control Point',(94.4131949613,1.98636514497,40.)) ;
#827=CARTESIAN_POINT('Control Point',(93.3890575702,2.30831023189,40.)) ;
#828=CARTESIAN_POINT('Control Point',(92.3629938628,2.62405992528,40.)) ;
#829=CARTESIAN_POINT('Control Point',(91.8032108977,2.79453290784,40.)) ;
#830=CARTESIAN_POINT('Control Point',(90.5957994045,3.15798227224,40.)) ;
#831=CARTESIAN_POINT('Control Point',(89.3858035694,3.51276242441,40.)) ;
#832=CARTESIAN_POINT('Control Point',(88.7365728891,3.70031458435,40.)) ;
#833=CARTESIAN_POINT('Control Point',(87.3572804209,4.09305757058,40.)) ;
#834=CARTESIAN_POINT('Control Point',(85.9748973683,4.47477853477,40.)) ;
#835=CARTESIAN_POINT('Control Point',(85.2430871017,4.67359920314,40.)) ;
#836=CARTESIAN_POINT('Control Point',(83.7058880033,5.08432235065,40.)) ;
#837=CARTESIAN_POINT('Control Point',(82.1650933002,5.48138165463,40.)) ;
#838=CARTESIAN_POINT('Control Point',(81.3576732752,5.68541095742,40.)) ;
#839=CARTESIAN_POINT('Control Point',(79.6775652541,6.10150300886,40.)) ;
#840=CARTESIAN_POINT('Control Point',(77.9934634642,6.50113035602,40.)) ;
#841=CARTESIAN_POINT('Control Point',(77.1186197875,6.70406865069,40.)) ;
#842=CARTESIAN_POINT('Control Point',(75.3131167928,7.11353079954,40.)) ;
#843=CARTESIAN_POINT('Control Point',(73.5035411845,7.50463301519,40.)) ;
#844=CARTESIAN_POINT('Control Point',(72.5707264454,7.70113840964,40.)) ;
#845=CARTESIAN_POINT('Control Point',(70.6591126158,8.09310966105,40.)) ;
#846=CARTESIAN_POINT('Control Point',(68.7432298862,8.4636819162,40.)) ;
#847=CARTESIAN_POINT('Control Point',(67.7621929545,8.64752710412,40.)) ;
#848=CARTESIAN_POINT('Control Point',(65.7644258149,9.00985948013,40.)) ;
#849=CARTESIAN_POINT('Control Point',(63.7624690245,9.34832444166,40.)) ;
#850=CARTESIAN_POINT('Control Point',(62.7436242879,9.51418520462,40.)) ;
#851=CARTESIAN_POINT('Control Point',(60.6814625963,9.83686225405,40.)) ;
#852=CARTESIAN_POINT('Control Point',(58.6154125767,10.1336031944,40.)) ;
#853=CARTESIAN_POINT('Control Point',(57.5701724461,10.2768995892,40.)) ;
#854=CARTESIAN_POINT('Control Point',(55.4663812961,10.5514826009,40.)) ;
#855=CARTESIAN_POINT('Control Point',(53.3590747572,10.7978251923,40.)) ;
#856=CARTESIAN_POINT('Control Point',(52.2988230127,10.9142954162,40.)) ;
#857=CARTESIAN_POINT('Control Point',(50.1771970518,11.131620605,40.)) ;
#858=CARTESIAN_POINT('Control Point',(48.0526719947,11.3182836412,40.)) ;
#859=CARTESIAN_POINT('Control Point',(46.9899933354,11.4040466255,40.)) ;
#860=CARTESIAN_POINT('Control Point',(44.873062783,11.5610450786,40.)) ;
#861=CARTESIAN_POINT('Control Point',(42.7540550078,11.6873110893,40.)) ;
#862=CARTESIAN_POINT('Control Point',(41.6988417173,11.741725603,40.)) ;
#863=CARTESIAN_POINT('Control Point',(39.5876853222,11.8291786606,40.)) ;
#864=CARTESIAN_POINT('Control Point',(37.4749843563,11.867881334,40.)) ;
#865=CARTESIAN_POINT('Control Point',(36.4185255657,11.8735378095,40.)) ;
#866=CARTESIAN_POINT('Control Point',(34.3391814846,11.8562052917,40.)) ;
#867=CARTESIAN_POINT('Control Point',(32.2611306041,11.7810481635,40.)) ;
#868=CARTESIAN_POINT('Control Point',(31.2394419611,11.7296606301,40.)) ;
#869=CARTESIAN_POINT('Control Point',(29.242239626,11.6006234167,40.)) ;
#870=CARTESIAN_POINT('Control Point',(27.2495232994,11.4151097278,40.)) ;
#871=CARTESIAN_POINT('Control Point',(26.2766471992,11.3107525904,40.)) ;
#872=CARTESIAN_POINT('Control Point',(24.3881506658,11.0809050655,40.)) ;
#873=CARTESIAN_POINT('Control Point',(22.5070176915,10.7969205318,40.)) ;
#874=CARTESIAN_POINT('Control Point',(21.5954429033,10.6458368566,40.)) ;
#875=CARTESIAN_POINT('Control Point',(19.8406678558,10.3276588914,40.)) ;
#876=CARTESIAN_POINT('Control Point',(18.0963358075,9.95676249839,40.)) ;
#877=CARTESIAN_POINT('Control Point',(17.2584243281,9.76546419335,40.)) ;
#878=CARTESIAN_POINT('Control Point',(15.6600612774,9.37492179846,40.)) ;
#879=CARTESIAN_POINT('Control Point',(14.0745105472,8.93513720264,40.)) ;
#880=CARTESIAN_POINT('Control Point',(13.3205665174,8.71330420456,40.)) ;
#881=CARTESIAN_POINT('Control Point',(11.8987221418,8.26860350001,40.)) ;
#882=CARTESIAN_POINT('Control Point',(10.4926478158,7.77655342144,40.)) ;
#883=CARTESIAN_POINT('Control Point',(9.8320559812,7.53315407443,40.)) ;
#884=CARTESIAN_POINT('Control Point',(8.60164261364,7.05665271007,40.)) ;
#885=CARTESIAN_POINT('Control Point',(7.38928690677,6.53593139872,40.)) ;
#886=CARTESIAN_POINT('Control Point',(6.82858874323,6.28232879153,40.)) ;
#887=CARTESIAN_POINT('Control Point',(5.80416248989,5.79010798221,40.)) ;
#888=CARTESIAN_POINT('Control Point',(4.8027259725,5.25247154552,40.)) ;
#889=CARTESIAN_POINT('Control Point',(4.34876895946,4.99613396347,40.)) ;
#890=CARTESIAN_POINT('Control Point',(3.53485869535,4.51443529126,40.)) ;
#891=CARTESIAN_POINT('Control Point',(2.74864725025,3.98944211465,40.)) ;
#892=CARTESIAN_POINT('Control Point',(2.40298777514,3.74292060394,40.)) ;
#893=CARTESIAN_POINT('Control Point',(1.80744064953,3.27853231322,40.)) ;
#894=CARTESIAN_POINT('Control Point',(1.25283645812,2.76463384367,40.)) ;
#895=CARTESIAN_POINT('Control Point',(1.01978037305,2.53049706881,40.)) ;
#896=CARTESIAN_POINT('Control Point',(0.631749089846,2.1072430405,40.)) ;
#897=CARTESIAN_POINT('Control Point',(0.306105395239,1.63615386645,40.)) ;
#898=CARTESIAN_POINT('Control Point',(0.18281225178,1.42382498485,40.)) ;
#899=CARTESIAN_POINT('Control Point',(0.00290701082148,1.01534637833,40.)) ;
#900=CARTESIAN_POINT('Control Point',(-0.0719264590867,0.573768171249,40.)) ;
#901=CARTESIAN_POINT('Control Point',(-0.0793936016043,0.376676013141,40.)) ;
#902=CARTESIAN_POINT('Control Point',(-0.0303954850738,-0.00912546322269,40.)) ;
#903=CARTESIAN_POINT('Control Point',(0.140208521758,-0.358505267549,40.)) ;
#904=CARTESIAN_POINT('Control Point',(0.254352744623,-0.519194194457,40.)) ;
#905=CARTESIAN_POINT('Control Point',(0.556427639421,-0.846448219008,40.)) ;
#906=CARTESIAN_POINT('Control Point',(0.926002413322,-1.09188964373,40.)) ;
#907=CARTESIAN_POINT('Control Point',(1.14147553404,-1.2043289625,40.)) ;
#908=CARTESIAN_POINT('Control Point',(1.65844312008,-1.42689995424,40.)) ;
#909=CARTESIAN_POINT('Control Point',(2.20092349699,-1.58212591075,40.)) ;
#910=CARTESIAN_POINT('Control Point',(2.51476705204,-1.65933705874,40.)) ;
#911=CARTESIAN_POINT('Control Point',(3.23389058762,-1.80924441898,40.)) ;
#912=CARTESIAN_POINT('Control Point',(3.96099681794,-1.90630681546,40.)) ;
#913=CARTESIAN_POINT('Control Point',(4.3687788207,-1.94624055099,40.)) ;
#914=CARTESIAN_POINT('Control Point',(5.27281216645,-2.01282724958,40.)) ;
#915=CARTESIAN_POINT('Control Point',(6.17925657526,-2.04316297829,40.)) ;
#916=CARTESIAN_POINT('Control Point',(6.67680999264,-2.05329480809,40.)) ;
#917=CARTESIAN_POINT('Control Point',(7.75549617713,-2.06073853569,40.)) ;
#918=CARTESIAN_POINT('Control Point',(8.83369995716,-2.03922583822,40.)) ;
#919=CARTESIAN_POINT('Control Point',(9.41402865248,-2.02008720851,40.)) ;
#920=CARTESIAN_POINT('Control Point',(10.6521054509,-1.96784103675,40.)) ;
#921=CARTESIAN_POINT('Control Point',(11.8893624936,-1.89678359224,40.)) ;
#922=CARTESIAN_POINT('Control Point',(12.5468031009,-1.8554724684,40.)) ;
#923=CARTESIAN_POINT('Control Point',(13.9315720519,-1.76119331009,40.)) ;
#924=CARTESIAN_POINT('Control Point',(15.3153043345,-1.6536746627,40.)) ;
#925=CARTESIAN_POINT('Control Point',(16.0420162621,-1.59414303142,40.)) ;
#926=CARTESIAN_POINT('Control Point',(17.557997134,-1.46592325519,40.)) ;
#927=CARTESIAN_POINT('Control Point',(19.0735362438,-1.33229221352,40.)) ;
#928=CARTESIAN_POINT('Control Point',(19.8627117251,-1.26210383877,40.)) ;
#929=CARTESIAN_POINT('Control Point',(21.4963915824,-1.11605938574,40.)) ;
#930=CARTESIAN_POINT('Control Point',(23.130053821,-0.969968628529,40.)) ;
#931=CARTESIAN_POINT('Control Point',(23.9746045283,-0.894860108004,40.)) ;
#932=CARTESIAN_POINT('Control Point',(25.7113697907,-0.742427535097,40.)) ;
#933=CARTESIAN_POINT('Control Point',(27.4486553113,-0.595931642873,40.)) ;
#934=CARTESIAN_POINT('Control Point',(28.3412331199,-0.522751117159,40.)) ;
#935=CARTESIAN_POINT('Control Point',(30.1662912664,-0.378070155195,40.)) ;
#936=CARTESIAN_POINT('Control Point',(31.992243873,-0.245082222414,40.)) ;
#937=CARTESIAN_POINT('Control Point',(32.9252334774,-0.180646641789,40.)) ;
#938=CARTESIAN_POINT('Control Point',(34.8237390193,-0.0577272759797,40.)) ;
#939=CARTESIAN_POINT('Control Point',(36.7232965779,0.0478058004841,40.)) ;
#940=CARTESIAN_POINT('Control Point',(37.6893391338,0.0967573536365,40.)) ;
#941=CARTESIAN_POINT('Control Point',(39.6678479299,0.187688269015,40.)) ;
#942=CARTESIAN_POINT('Control Point',(41.6469871014,0.263633608572,40.)) ;
#943=CARTESIAN_POINT('Control Point',(42.6596564771,0.299680450418,40.)) ;
#944=CARTESIAN_POINT('Control Point',(44.7000664781,0.370856363419,40.)) ;
#945=CARTESIAN_POINT('Control Point',(46.7404840441,0.440689589019,40.)) ;
#946=CARTESIAN_POINT('Control Point',(47.768229373,0.475932093698,40.)) ;
#947=CARTESIAN_POINT('Control Point',(49.8263359151,0.543851812884,40.)) ;
#948=CARTESIAN_POINT('Control Point',(51.884757731,0.604666349634,40.)) ;
#949=CARTESIAN_POINT('Control Point',(52.9152329119,0.632876005547,40.)) ;
#950=CARTESIAN_POINT('Control Point',(54.967824936,0.685612320126,40.)) ;
#951=CARTESIAN_POINT('Control Point',(57.0203790957,0.731116015167,40.)) ;
#952=CARTESIAN_POINT('Control Point',(58.0426300536,0.751899169482,40.)) ;
#953=CARTESIAN_POINT('Control Point',(60.0687045016,0.788069712312,40.)) ;
#954=CARTESIAN_POINT('Control Point',(62.0953940609,0.814774380876,40.)) ;
#955=CARTESIAN_POINT('Control Point',(63.0991294146,0.825787898166,40.)) ;
#956=CARTESIAN_POINT('Control Point',(65.0751934301,0.844738080307,40.)) ;
#957=CARTESIAN_POINT('Control Point',(67.0503107582,0.855824220286,40.)) ;
#958=CARTESIAN_POINT('Control Point',(68.023018154,0.858799511939,40.)) ;
#959=CARTESIAN_POINT('Control Point',(69.9304513019,0.856118865532,40.)) ;
#960=CARTESIAN_POINT('Control Point',(71.8399426027,0.841703352374,40.)) ;
#961=CARTESIAN_POINT('Control Point',(72.7737931121,0.832969526796,40.)) ;
#962=CARTESIAN_POINT('Control Point',(74.5839125452,0.820055333465,40.)) ;
#963=CARTESIAN_POINT('Control Point',(76.3897844222,0.804531009507,40.)) ;
#964=CARTESIAN_POINT('Control Point',(77.267913351,0.794023039927,40.)) ;
#965=CARTESIAN_POINT('Control Point',(78.9754246525,0.753380714249,40.)) ;
#966=CARTESIAN_POINT('Control Point',(80.6907115429,0.694413353322,40.)) ;
#967=CARTESIAN_POINT('Control Point',(81.5158250985,0.666267974504,40.)) ;
#968=CARTESIAN_POINT('Control Point',(83.0703620436,0.640566294622,40.)) ;
#969=CARTESIAN_POINT('Control Point',(84.6103007873,0.628045337303,40.)) ;
#970=CARTESIAN_POINT('Control Point',(85.3484664468,0.616614819682,40.)) ;
#971=CARTESIAN_POINT('Control Point',(86.7901472182,0.53500716845,40.)) ;
#972=CARTESIAN_POINT('Control Point',(88.2563139375,0.416034490564,40.)) ;
#973=CARTESIAN_POINT('Control Point',(88.9419786294,0.366729595206,40.)) ;
#974=CARTESIAN_POINT('Control Point',(90.146244154,0.372241671226,40.)) ;
#975=CARTESIAN_POINT('Control Point',(91.3115733481,0.424419766042,40.)) ;
#976=CARTESIAN_POINT('Control Point',(91.8643313321,0.433294738503,40.)) ;
#977=CARTESIAN_POINT('Control Point',(93.0033347232,0.286649963659,40.)) ;
#978=CARTESIAN_POINT('Control Point',(94.1962548111,0.0673211950205,40.)) ;
#979=CARTESIAN_POINT('Control Point',(94.720500433,-0.00835823946676,40.)) ;
#980=CARTESIAN_POINT('Control Point',(95.4771386465,0.0928082749065,40.)) ;
#981=CARTESIAN_POINT('Control Point',(96.1721693377,0.272344480862,40.)) ;
#982=CARTESIAN_POINT('Control Point',(96.5082250259,0.313542729425,40.)) ;
#983=CARTESIAN_POINT('Control Point',(97.3203055793,0.0808133806364,40.)) ;
#984=CARTESIAN_POINT('Control Point',(98.1759711363,-0.21001648666,40.)) ;
#985=CARTESIAN_POINT('Control Point',(98.4973260828,-0.282955591589,40.)) ;
#986=CARTESIAN_POINT('Control Point',(98.7790358802,-0.095754881658,40.)) ;
#987=CARTESIAN_POINT('Control Point',(99.0751386904,0.0725267098925,40.)) ;
#988=CARTESIAN_POINT('Control Point',(99.2222672552,0.0896933312991,40.)) ;
#989=CARTESIAN_POINT('Control Point',(99.5570279073,-0.0674964488496,40.)) ;
#990=CARTESIAN_POINT('Control Point',(99.8384421532,-0.155445061137,40.)) ;
#991=CARTESIAN_POINT('Control Point',(99.900630015,-0.166632372937,40.)) ;
#992=CARTESIAN_POINT('Control Point',(99.9677311717,-0.152908234076,40.)) ;
#993=CARTESIAN_POINT('Control Point',(99.9965480321,-0.0894131124969,40.)) ;
#994=CARTESIAN_POINT('Control Point',(100.001590409,-0.0646682243225,40.)) ;
#995=CARTESIAN_POINT('Control Point',(100.002741065,-0.0348638534902,40.)) ;
#996=CARTESIAN_POINT('Control Point',(100.,4.4408920985E-16,40.)) ;
#997=CARTESIAN_POINT('Control Point',(100.025,0.124,60.)) ;
#998=CARTESIAN_POINT('Control Point',(99.9715990262,0.142397046958,60.)) ;
#999=CARTESIAN_POINT('Control Point',(99.9181985802,0.160795690451,60.)) ;
#1000=CARTESIAN_POINT('Control Point',(99.864798662,0.17919593048,60.)) ;
#1001=CARTESIAN_POINT('Control Point',(99.6520393504,0.252514409436,60.)) ;
#1002=CARTESIAN_POINT('Control Point',(99.439281924,0.325839180949,60.)) ;
#1003=CARTESIAN_POINT('Control Point',(99.2799135997,0.380732168907,60.)) ;
#1004=CARTESIAN_POINT('Control Point',(98.8568139349,0.526003893483,60.)) ;
#1005=CARTESIAN_POINT('Control Point',(98.4332164227,0.669815999689,60.)) ;
#1006=CARTESIAN_POINT('Control Point',(98.1689552081,0.758639422541,60.)) ;
#1007=CARTESIAN_POINT('Control Point',(97.5386763364,0.969236704533,60.)) ;
#1008=CARTESIAN_POINT('Control Point',(96.9077482914,1.17788575962,60.)) ;
#1009=CARTESIAN_POINT('Control Point',(96.5414135376,1.29868510533,60.)) ;
#1010=CARTESIAN_POINT('Control Point',(95.7107536336,1.57081546799,60.)) ;
#1011=CARTESIAN_POINT('Control Point',(94.8786487683,1.83850584542,60.)) ;
#1012=CARTESIAN_POINT('Control Point',(94.4131949613,1.98636514497,60.)) ;
#1013=CARTESIAN_POINT('Control Point',(93.3890575702,2.30831023189,60.)) ;
#1014=CARTESIAN_POINT('Control Point',(92.3629938628,2.62405992528,60.)) ;
#1015=CARTESIAN_POINT('Control Point',(91.8032108977,2.79453290784,60.)) ;
#1016=CARTESIAN_POINT('Control Point',(90.5957994045,3.15798227224,60.)) ;
#1017=CARTESIAN_POINT('Control Point',(89.3858035694,3.51276242441,60.)) ;
#1018=CARTESIAN_POINT('Control Point',(88.7365728891,3.70031458435,60.)) ;
#1019=CARTESIAN_POINT('Control Point',(87.3572804209,4.09305757058,60.)) ;
#1020=CARTESIAN_POINT('Control Point',(85.9748973683,4.47477853477,60.)) ;
#1021=CARTESIAN_POINT('Control Point',(85.2430871017,4.67359920314,60.)) ;
#1022=CARTESIAN_POINT('Control Point',(83.7058880033,5.08432235065,60.)) ;
#1023=CARTESIAN_POINT('Control Point',(82.1650933002,5.48138165463,60.)) ;
#1024=CARTESIAN_POINT('Control Point',(81.3576732752,5.68541095742,60.)) ;
#1025=CARTESIAN_POINT('Control Point',(79.6775652541,6.10150300886,60.)) ;
#1026=CARTESIAN_POINT('Control Point',(77.9934634642,6.50113035602,60.)) ;
#1027=CARTESIAN_POINT('Control Point',(77.1186197875,6.70406865069,60.)) ;
#1028=CARTESIAN_POINT('Control Point',(75.3131167928,7.11353079954,60.)) ;
#1029=CARTESIAN_POINT('Control Point',(73.5035411845,7.50463301519,60.)) ;
#1030=CARTESIAN_POINT('Control Point',(72.5707264454,7.70113840964,60.)) ;
#1031=CARTESIAN_POINT('Control Point',(70.6591126158,8.09310966105,60.)) ;
#1032=CARTESIAN_POINT('Control Point',(68.7432298862,8.4636819162,60.)) ;
#1033=CARTESIAN_POINT('Control Point',(67.7621929545,8.64752710412,60.)) ;
#1034=CARTESIAN_POINT('Control Point',(65.7644258149,9.00985948013,60.)) ;
#1035=CARTESIAN_POINT('Control Point',(63.7624690245,9.34832444166,60.)) ;
#1036=CARTESIAN_POINT('Control Point',(62.7436242879,9.51418520462,60.)) ;
#1037=CARTESIAN_POINT('Control Point',(60.6814625963,9.83686225405,60.)) ;
#1038=CARTESIAN_POINT('Control Point',(58.6154125767,10.1336031944,60.)) ;
#1039=CARTESIAN_POINT('Control Point',(57.5701724461,10.2768995892,60.)) ;
#1040=CARTESIAN_POINT('Control Point',(55.4663812961,10.5514826009,60.)) ;
#1041=CARTESIAN_POINT('Control Point',(53.3590747572,10.7978251923,60.)) ;
#1042=CARTESIAN_POINT('Control Point',(52.2988230127,10.9142954162,60.)) ;
#1043=CARTESIAN_POINT('Control Point',(50.1771970518,11.131620605,60.)) ;
#1044=CARTESIAN_POINT('Control Point',(48.0526719947,11.3182836412,60.)) ;
#1045=CARTESIAN_POINT('Control Point',(46.9899933354,11.4040466255,60.)) ;
#1046=CARTESIAN_POINT('Control Point',(44.873062783,11.5610450786,60.)) ;
#1047=CARTESIAN_POINT('Control Point',(42.7540550078,11.6873110893,60.)) ;
#1048=CARTESIAN_POINT('Control Point',(41.6988417173,11.741725603,60.)) ;
#1049=CARTESIAN_POINT('Control Point',(39.5876853222,11.8291786606,60.)) ;
#1050=CARTESIAN_POINT('Control Point',(37.4749843563,11.867881334,60.)) ;
#1051=CARTESIAN_POINT('Control Point',(36.4185255657,11.8735378095,60.)) ;
#1052=CARTESIAN_POINT('Control Point',(34.3391814846,11.8562052917,60.)) ;
#1053=CARTESIAN_POINT('Control Point',(32.2611306041,11.7810481635,60.)) ;
#1054=CARTESIAN_POINT('Control Point',(31.2394419611,11.7296606301,60.)) ;
#1055=CARTESIAN_POINT('Control Point',(29.242239626,11.6006234167,60.)) ;
#1056=CARTESIAN_POINT('Control Point',(27.2495232994,11.4151097278,60.)) ;
#1057=CARTESIAN_POINT('Control Point',(26.2766471992,11.3107525904,60.)) ;
#1058=CARTESIAN_POINT('Control Point',(24.3881506658,11.0809050655,60.)) ;
#1059=CARTESIAN_POINT('Control Point',(22.5070176915,10.7969205318,60.)) ;
#1060=CARTESIAN_POINT('Control Point',(21.5954429033,10.6458368566,60.)) ;
#1061=CARTESIAN_POINT('Control Point',(19.8406678558,10.3276588914,60.)) ;
#1062=CARTESIAN_POINT('Control Point',(18.0963358075,9.95676249839,60.)) ;
#1063=CARTESIAN_POINT('Control Point',(17.2584243281,9.76546419335,60.)) ;
#1064=CARTESIAN_POINT('Control Point',(15.6600612774,9.37492179846,60.)) ;
#1065=CARTESIAN_POINT('Control Point',(14.0745105472,8.93513720264,60.)) ;
#1066=CARTESIAN_POINT('Control Point',(13.3205665174,8.71330420456,60.)) ;
#1067=CARTESIAN_POINT('Control Point',(11.8987221418,8.26860350001,60.)) ;
#1068=CARTESIAN_POINT('Control Point',(10.4926478158,7.77655342144,60.)) ;
#1069=CARTESIAN_POINT('Control Point',(9.8320559812,7.53315407443,60.)) ;
#1070=CARTESIAN_POINT('Control Point',(8.60164261364,7.05665271007,60.)) ;
#1071=CARTESIAN_POINT('Control Point',(7.38928690677,6.53593139872,60.)) ;
#1072=CARTESIAN_POINT('Control Point',(6.82858874323,6.28232879153,60.)) ;
#1073=CARTESIAN_POINT('Control Point',(5.80416248989,5.79010798221,60.)) ;
#1074=CARTESIAN_POINT('Control Point',(4.8027259725,5.25247154552,60.)) ;
#1075=CARTESIAN_POINT('Control Point',(4.34876895946,4.99613396347,60.)) ;
#1076=CARTESIAN_POINT('Control Point',(3.53485869535,4.51443529126,60.)) ;
#1077=CARTESIAN_POINT('Control Point',(2.74864725025,3.98944211465,60.)) ;
#1078=CARTESIAN_POINT('Control Point',(2.40298777514,3.74292060394,60.)) ;
#1079=CARTESIAN_POINT('Control Point',(1.80744064953,3.27853231322,60.)) ;
#1080=CARTESIAN_POINT('Control Point',(1.25283645812,2.76463384367,60.)) ;
#1081=CARTESIAN_POINT('Control Point',(1.01978037305,2.53049706881,60.)) ;
#1082=CARTESIAN_POINT('Control Point',(0.631749089846,2.1072430405,60.)) ;
#1083=CARTESIAN_POINT('Control Point',(0.306105395239,1.63615386645,60.)) ;
#1084=CARTESIAN_POINT('Control Point',(0.18281225178,1.42382498485,60.)) ;
#1085=CARTESIAN_POINT('Control Point',(0.0029070108215,1.01534637833,60.)) ;
#1086=CARTESIAN_POINT('Control Point',(-0.0719264590864,0.573768171249,60.)) ;
#1087=CARTESIAN_POINT('Control Point',(-0.0793936016043,0.376676013141,60.)) ;
#1088=CARTESIAN_POINT('Control Point',(-0.0303954850736,-0.00912546322268,60.)) ;
#1089=CARTESIAN_POINT('Control Point',(0.140208521758,-0.358505267549,60.)) ;
#1090=CARTESIAN_POINT('Control Point',(0.254352744623,-0.519194194457,60.)) ;
#1091=CARTESIAN_POINT('Control Point',(0.556427639421,-0.846448219008,60.)) ;
#1092=CARTESIAN_POINT('Control Point',(0.926002413321,-1.09188964373,60.)) ;
#1093=CARTESIAN_POINT('Control Point',(1.14147553404,-1.2043289625,60.)) ;
#1094=CARTESIAN_POINT('Control Point',(1.65844312008,-1.42689995424,60.)) ;
#1095=CARTESIAN_POINT('Control Point',(2.20092349699,-1.58212591075,60.)) ;
#1096=CARTESIAN_POINT('Control Point',(2.51476705204,-1.65933705874,60.)) ;
#1097=CARTESIAN_POINT('Control Point',(3.23389058762,-1.80924441898,60.)) ;
#1098=CARTESIAN_POINT('Control Point',(3.96099681794,-1.90630681546,60.)) ;
#1099=CARTESIAN_POINT('Control Point',(4.3687788207,-1.94624055099,60.)) ;
#1100=CARTESIAN_POINT('Control Point',(5.27281216645,-2.01282724958,60.)) ;
#1101=CARTESIAN_POINT('Control Point',(6.17925657526,-2.04316297829,60.)) ;
#1102=CARTESIAN_POINT('Control Point',(6.67680999264,-2.05329480809,60.)) ;
#1103=CARTESIAN_POINT('Control Point',(7.75549617713,-2.06073853569,60.)) ;
#1104=CARTESIAN_POINT('Control Point',(8.83369995716,-2.03922583822,60.)) ;
#1105=CARTESIAN_POINT('Control Point',(9.41402865248,-2.02008720851,60.)) ;
#1106=CARTESIAN_POINT('Control Point',(10.6521054509,-1.96784103675,60.)) ;
#1107=CARTESIAN_POINT('Control Point',(11.8893624936,-1.89678359224,60.)) ;
#1108=CARTESIAN_POINT('Control Point',(12.5468031009,-1.8554724684,60.)) ;
#1109=CARTESIAN_POINT('Control Point',(13.9315720519,-1.76119331009,60.)) ;
#1110=CARTESIAN_POINT('Control Point',(15.3153043345,-1.6536746627,60.)) ;
#1111=CARTESIAN_POINT('Control Point',(16.0420162621,-1.59414303142,60.)) ;
#1112=CARTESIAN_POINT('Control Point',(17.557997134,-1.46592325519,60.)) ;
#1113=CARTESIAN_POINT('Control Point',(19.0735362438,-1.33229221352,60.)) ;
#1114=CARTESIAN_POINT('Control Point',(19.8627117251,-1.26210383877,60.)) ;
#1115=CARTESIAN_POINT('Control Point',(21.4963915824,-1.11605938574,60.)) ;
#1116=CARTESIAN_POINT('Control Point',(23.130053821,-0.969968628529,60.)) ;
#1117=CARTESIAN_POINT('Control Point',(23.9746045283,-0.894860108004,60.)) ;
#1118=CARTESIAN_POINT('Control Point',(25.7113697907,-0.742427535097,60.)) ;
#1119=CARTESIAN_POINT('Control Point',(27.4486553113,-0.595931642873,60.)) ;
#1120=CARTESIAN_POINT('Control Point',(28.3412331199,-0.522751117159,60.)) ;
#1121=CARTESIAN_POINT('Control Point',(30.1662912664,-0.378070155195,60.)) ;
#1122=CARTESIAN_POINT('Control Point',(31.992243873,-0.245082222414,60.)) ;
#1123=CARTESIAN_POINT('Control Point',(32.9252334774,-0.180646641789,60.)) ;
#1124=CARTESIAN_POINT('Control Point',(34.8237390193,-0.0577272759796,60.)) ;
#1125=CARTESIAN_POINT('Control Point',(36.7232965779,0.0478058004841,60.)) ;
#1126=CARTESIAN_POINT('Control Point',(37.6893391338,0.0967573536365,60.)) ;
#1127=CARTESIAN_POINT('Control Point',(39.6678479299,0.187688269015,60.)) ;
#1128=CARTESIAN_POINT('Control Point',(41.6469871014,0.263633608572,60.)) ;
#1129=CARTESIAN_POINT('Control Point',(42.6596564771,0.299680450418,60.)) ;
#1130=CARTESIAN_POINT('Control Point',(44.7000664781,0.370856363419,60.)) ;
#1131=CARTESIAN_POINT('Control Point',(46.7404840441,0.440689589019,60.)) ;
#1132=CARTESIAN_POINT('Control Point',(47.768229373,0.475932093698,60.)) ;
#1133=CARTESIAN_POINT('Control Point',(49.8263359151,0.543851812884,60.)) ;
#1134=CARTESIAN_POINT('Control Point',(51.884757731,0.604666349634,60.)) ;
#1135=CARTESIAN_POINT('Control Point',(52.9152329119,0.632876005547,60.)) ;
#1136=CARTESIAN_POINT('Control Point',(54.967824936,0.685612320126,60.)) ;
#1137=CARTESIAN_POINT('Control Point',(57.0203790957,0.731116015167,60.)) ;
#1138=CARTESIAN_POINT('Control Point',(58.0426300536,0.751899169482,60.)) ;
#1139=CARTESIAN_POINT('Control Point',(60.0687045016,0.788069712312,60.)) ;
#1140=CARTESIAN_POINT('Control Point',(62.0953940609,0.814774380876,60.)) ;
#1141=CARTESIAN_POINT('Control Point',(63.0991294146,0.825787898166,60.)) ;
#1142=CARTESIAN_POINT('Control Point',(65.0751934301,0.844738080307,60.)) ;
#1143=CARTESIAN_POINT('Control Point',(67.0503107582,0.855824220286,60.)) ;
#1144=CARTESIAN_POINT('Control Point',(68.023018154,0.858799511939,60.)) ;
#1145=CARTESIAN_POINT('Control Point',(69.9304513019,0.856118865532,60.)) ;
#1146=CARTESIAN_POINT('Control Point',(71.8399426027,0.841703352374,60.)) ;
#1147=CARTESIAN_POINT('Control Point',(72.7737931121,0.832969526796,60.)) ;
#1148=CARTESIAN_POINT('Control Point',(74.5839125452,0.820055333465,60.)) ;
#1149=CARTESIAN_POINT('Control Point',(76.3897844222,0.804531009507,60.)) ;
#1150=CARTESIAN_POINT('Control Point',(77.267913351,0.794023039927,60.)) ;
#1151=CARTESIAN_POINT('Control Point',(78.9754246525,0.753380714249,60.)) ;
#1152=CARTESIAN_POINT('Control Point',(80.6907115429,0.694413353322,60.)) ;
#1153=CARTESIAN_POINT('Control Point',(81.5158250985,0.666267974504,60.)) ;
#1154=CARTESIAN_POINT('Control Point',(83.0703620436,0.640566294622,60.)) ;
#1155=CARTESIAN_POINT('Control Point',(84.6103007873,0.628045337303,60.)) ;
#1156=CARTESIAN_POINT('Control Point',(85.3484664468,0.616614819682,60.)) ;
#1157=CARTESIAN_POINT('Control Point',(86.7901472182,0.53500716845,60.)) ;
#1158=CARTESIAN_POINT('Control Point',(88.2563139375,0.416034490564,60.)) ;
#1159=CARTESIAN_POINT('Control Point',(88.9419786294,0.366729595206,60.)) ;
#1160=CARTESIAN_POINT('Control Point',(90.146244154,0.372241671226,60.)) ;
#1161=CARTESIAN_POINT('Control Point',(91.3115733481,0.424419766042,60.)) ;
#1162=CARTESIAN_POINT('Control Point',(91.8643313321,0.433294738503,60.)) ;
#1163=CARTESIAN_POINT('Control Point',(93.0033347232,0.286649963659,60.)) ;
#1164=CARTESIAN_POINT('Control Point',(94.1962548111,0.0673211950205,60.)) ;
#1165=CARTESIAN_POINT('Control Point',(94.720500433,-0.00835823946676,60.)) ;
#1166=CARTESIAN_POINT('Control Point',(95.4771386465,0.0928082749065,60.)) ;
#1167=CARTESIAN_POINT('Control Point',(96.1721693377,0.272344480862,60.)) ;
#1168=CARTESIAN_POINT('Control Point',(96.5082250259,0.313542729425,60.)) ;
#1169=CARTESIAN_POINT('Control Point',(97.3203055793,0.0808133806364,60.)) ;
#1170=CARTESIAN_POINT('Control Point',(98.1759711363,-0.21001648666,60.)) ;
#1171=CARTESIAN_POINT('Control Point',(98.4973260828,-0.282955591589,60.)) ;
#1172=CARTESIAN_POINT('Control Point',(98.7790358802,-0.095754881658,60.)) ;
#1173=CARTESIAN_POINT('Control Point',(99.0751386904,0.0725267098925,60.)) ;
#1174=CARTESIAN_POINT('Control Point',(99.2222672552,0.0896933312991,60.)) ;
#1175=CARTESIAN_POINT('Control Point',(99.5570279073,-0.0674964488496,60.)) ;
#1176=CARTESIAN_POINT('Control Point',(99.8384421532,-0.155445061137,60.)) ;
#1177=CARTESIAN_POINT('Control Point',(99.900630015,-0.166632372937,60.)) ;
#1178=CARTESIAN_POINT('Control Point',(99.9677311717,-0.152908234076,60.)) ;
#1179=CARTESIAN_POINT('Control Point',(99.9965480321,-0.0894131124969,60.)) ;
#1180=CARTESIAN_POINT('Control Point',(100.001590409,-0.0646682243225,60.)) ;
#1181=CARTESIAN_POINT('Control Point',(100.002741065,-0.0348638534902,60.)) ;
#1182=CARTESIAN_POINT('Control Point',(100.,-3.10862446895E-15,60.)) ;
#1183=CARTESIAN_POINT('Control Point',(100.025,0.124,80.)) ;
#1184=CARTESIAN_POINT('Control Point',(99.9715990262,0.142397046958,80.)) ;
#1185=CARTESIAN_POINT('Control Point',(99.9181985802,0.160795690451,80.)) ;
#1186=CARTESIAN_POINT('Control Point',(99.864798662,0.17919593048,80.)) ;
#1187=CARTESIAN_POINT('Control Point',(99.6520393504,0.252514409436,80.)) ;
#1188=CARTESIAN_POINT('Control Point',(99.439281924,0.325839180949,80.)) ;
#1189=CARTESIAN_POINT('Control Point',(99.2799135997,0.380732168907,80.)) ;
#1190=CARTESIAN_POINT('Control Point',(98.8568139349,0.526003893483,80.)) ;
#1191=CARTESIAN_POINT('Control Point',(98.4332164227,0.669815999689,80.)) ;
#1192=CARTESIAN_POINT('Control Point',(98.1689552081,0.758639422541,80.)) ;
#1193=CARTESIAN_POINT('Control Point',(97.5386763364,0.969236704533,80.)) ;
#1194=CARTESIAN_POINT('Control Point',(96.9077482914,1.17788575962,80.)) ;
#1195=CARTESIAN_POINT('Control Point',(96.5414135376,1.29868510533,80.)) ;
#1196=CARTESIAN_POINT('Control Point',(95.7107536336,1.57081546799,80.)) ;
#1197=CARTESIAN_POINT('Control Point',(94.8786487683,1.83850584542,80.)) ;
#1198=CARTESIAN_POINT('Control Point',(94.4131949613,1.98636514497,80.)) ;
#1199=CARTESIAN_POINT('Control Point',(93.3890575702,2.30831023189,80.)) ;
#1200=CARTESIAN_POINT('Control Point',(92.3629938628,2.62405992528,80.)) ;
#1201=CARTESIAN_POINT('Control Point',(91.8032108977,2.79453290784,80.)) ;
#1202=CARTESIAN_POINT('Control Point',(90.5957994045,3.15798227224,80.)) ;
#1203=CARTESIAN_POINT('Control Point',(89.3858035694,3.51276242441,80.)) ;
#1204=CARTESIAN_POINT('Control Point',(88.7365728891,3.70031458435,80.)) ;
#1205=CARTESIAN_POINT('Control Point',(87.3572804209,4.09305757058,80.)) ;
#1206=CARTESIAN_POINT('Control Point',(85.9748973683,4.47477853477,80.)) ;
#1207=CARTESIAN_POINT('Control Point',(85.2430871017,4.67359920314,80.)) ;
#1208=CARTESIAN_POINT('Control Point',(83.7058880033,5.08432235065,80.)) ;
#1209=CARTESIAN_POINT('Control Point',(82.1650933002,5.48138165463,80.)) ;
#1210=CARTESIAN_POINT('Control Point',(81.3576732752,5.68541095742,80.)) ;
#1211=CARTESIAN_POINT('Control Point',(79.6775652541,6.10150300886,80.)) ;
#1212=CARTESIAN_POINT('Control Point',(77.9934634642,6.50113035602,80.)) ;
#1213=CARTESIAN_POINT('Control Point',(77.1186197875,6.70406865069,80.)) ;
#1214=CARTESIAN_POINT('Control Point',(75.3131167928,7.11353079954,80.)) ;
#1215=CARTESIAN_POINT('Control Point',(73.5035411845,7.50463301519,80.)) ;
#1216=CARTESIAN_POINT('Control Point',(72.5707264454,7.70113840964,80.)) ;
#1217=CARTESIAN_POINT('Control Point',(70.6591126158,8.09310966105,80.)) ;
#1218=CARTESIAN_POINT('Control Point',(68.7432298862,8.4636819162,80.)) ;
#1219=CARTESIAN_POINT('Control Point',(67.7621929545,8.64752710412,80.)) ;
#1220=CARTESIAN_POINT('Control Point',(65.7644258149,9.00985948013,80.)) ;
#1221=CARTESIAN_POINT('Control Point',(63.7624690245,9.34832444166,80.)) ;
#1222=CARTESIAN_POINT('Control Point',(62.7436242879,9.51418520462,80.)) ;
#1223=CARTESIAN_POINT('Control Point',(60.6814625963,9.83686225405,80.)) ;
#1224=CARTESIAN_POINT('Control Point',(58.6154125767,10.1336031944,80.)) ;
#1225=CARTESIAN_POINT('Control Point',(57.5701724461,10.2768995892,80.)) ;
#1226=CARTESIAN_POINT('Control Point',(55.4663812961,10.5514826009,80.)) ;
#1227=CARTESIAN_POINT('Control Point',(53.3590747572,10.7978251923,80.)) ;
#1228=CARTESIAN_POINT('Control Point',(52.2988230127,10.9142954162,80.)) ;
#1229=CARTESIAN_POINT('Control Point',(50.1771970518,11.131620605,80.)) ;
#1230=CARTESIAN_POINT('Control Point',(48.0526719947,11.3182836412,80.)) ;
#1231=CARTESIAN_POINT('Control Point',(46.9899933354,11.4040466255,80.)) ;
#1232=CARTESIAN_POINT('Control Point',(44.873062783,11.5610450786,80.)) ;
#1233=CARTESIAN_POINT('Control Point',(42.7540550078,11.6873110893,80.)) ;
#1234=CARTESIAN_POINT('Control Point',(41.6988417173,11.741725603,80.)) ;
#1235=CARTESIAN_POINT('Control Point',(39.5876853222,11.8291786606,80.)) ;
#1236=CARTESIAN_POINT('Control Point',(37.4749843563,11.867881334,80.)) ;
#1237=CARTESIAN_POINT('Control Point',(36.4185255657,11.8735378095,80.)) ;
#1238=CARTESIAN_POINT('Control Point',(34.3391814846,11.8562052917,80.)) ;
#1239=CARTESIAN_POINT('Control Point',(32.2611306041,11.7810481635,80.)) ;
#1240=CARTESIAN_POINT('Control Point',(31.2394419611,11.7296606301,80.)) ;
#1241=CARTESIAN_POINT('Control Point',(29.242239626,11.6006234167,80.)) ;
#1242=CARTESIAN_POINT('Control Point',(27.2495232994,11.4151097278,80.)) ;
#1243=CARTESIAN_POINT('Control Point',(26.2766471992,11.3107525904,80.)) ;
#1244=CARTESIAN_POINT('Control Point',(24.3881506658,11.0809050655,80.)) ;
#1245=CARTESIAN_POINT('Control Point',(22.5070176915,10.7969205318,80.)) ;
#1246=CARTESIAN_POINT('Control Point',(21.5954429033,10.6458368566,80.)) ;
#1247=CARTESIAN_POINT('Control Point',(19.8406678558,10.3276588914,80.)) ;
#1248=CARTESIAN_POINT('Control Point',(18.0963358075,9.95676249839,80.)) ;
#1249=CARTESIAN_POINT('Control Point',(17.2584243281,9.76546419335,80.)) ;
#1250=CARTESIAN_POINT('Control Point',(15.6600612774,9.37492179846,80.)) ;
#1251=CARTESIAN_POINT('Control Point',(14.0745105472,8.93513720264,80.)) ;
#1252=CARTESIAN_POINT('Control Point',(13.3205665174,8.71330420456,80.)) ;
#1253=CARTESIAN_POINT('Control Point',(11.8987221418,8.26860350001,80.)) ;
#1254=CARTESIAN_POINT('Control Point',(10.4926478158,7.77655342144,80.)) ;
#1255=CARTESIAN_POINT('Control Point',(9.8320559812,7.53315407443,80.)) ;
#1256=CARTESIAN_POINT('Control Point',(8.60164261364,7.05665271007,80.)) ;
#1257=CARTESIAN_POINT('Control Point',(7.38928690677,6.53593139872,80.)) ;
#1258=CARTESIAN_POINT('Control Point',(6.82858874323,6.28232879153,80.)) ;
#1259=CARTESIAN_POINT('Control Point',(5.80416248989,5.79010798221,80.)) ;
#1260=CARTESIAN_POINT('Control Point',(4.8027259725,5.25247154552,80.)) ;
#1261=CARTESIAN_POINT('Control Point',(4.34876895946,4.99613396347,80.)) ;
#1262=CARTESIAN_POINT('Control Point',(3.53485869535,4.51443529126,80.)) ;
#1263=CARTESIAN_POINT('Control Point',(2.74864725025,3.98944211465,80.)) ;
#1264=CARTESIAN_POINT('Control Point',(2.40298777514,3.74292060394,80.)) ;
#1265=CARTESIAN_POINT('Control Point',(1.80744064953,3.27853231322,80.)) ;
#1266=CARTESIAN_POINT('Control Point',(1.25283645812,2.76463384367,80.)) ;
#1267=CARTESIAN_POINT('Control Point',(1.01978037305,2.53049706881,80.)) ;
#1268=CARTESIAN_POINT('Control Point',(0.631749089846,2.1072430405,80.)) ;
#1269=CARTESIAN_POINT('Control Point',(0.306105395239,1.63615386645,80.)) ;
#1270=CARTESIAN_POINT('Control Point',(0.18281225178,1.42382498485,80.)) ;
#1271=CARTESIAN_POINT('Control Point',(0.0029070108215,1.01534637833,80.)) ;
#1272=CARTESIAN_POINT('Control Point',(-0.0719264590864,0.573768171249,80.)) ;
#1273=CARTESIAN_POINT('Control Point',(-0.0793936016043,0.376676013141,80.)) ;
#1274=CARTESIAN_POINT('Control Point',(-0.0303954850736,-0.00912546322268,80.)) ;
#1275=CARTESIAN_POINT('Control Point',(0.140208521758,-0.358505267549,80.)) ;
#1276=CARTESIAN_POINT('Control Point',(0.254352744623,-0.519194194457,80.)) ;
#1277=CARTESIAN_POINT('Control Point',(0.556427639421,-0.846448219008,80.)) ;
#1278=CARTESIAN_POINT('Control Point',(0.926002413321,-1.09188964373,80.)) ;
#1279=CARTESIAN_POINT('Control Point',(1.14147553404,-1.2043289625,80.)) ;
#1280=CARTESIAN_POINT('Control Point',(1.65844312008,-1.42689995424,80.)) ;
#1281=CARTESIAN_POINT('Control Point',(2.20092349699,-1.58212591075,80.)) ;
#1282=CARTESIAN_POINT('Control Point',(2.51476705204,-1.65933705874,80.)) ;
#1283=CARTESIAN_POINT('Control Point',(3.23389058762,-1.80924441898,80.)) ;
#1284=CARTESIAN_POINT('Control Point',(3.96099681794,-1.90630681546,80.)) ;
#1285=CARTESIAN_POINT('Control Point',(4.3687788207,-1.94624055099,80.)) ;
#1286=CARTESIAN_POINT('Control Point',(5.27281216645,-2.01282724958,80.)) ;
#1287=CARTESIAN_POINT('Control Point',(6.17925657526,-2.04316297829,80.)) ;
#1288=CARTESIAN_POINT('Control Point',(6.67680999264,-2.05329480809,80.)) ;
#1289=CARTESIAN_POINT('Control Point',(7.75549617713,-2.06073853569,80.)) ;
#1290=CARTESIAN_POINT('Control Point',(8.83369995716,-2.03922583822,80.)) ;
#1291=CARTESIAN_POINT('Control Point',(9.41402865248,-2.02008720851,80.)) ;
#1292=CARTESIAN_POINT('Control Point',(10.6521054509,-1.96784103675,80.)) ;
#1293=CARTESIAN_POINT('Control Point',(11.8893624936,-1.89678359224,80.)) ;
#1294=CARTESIAN_POINT('Control Point',(12.5468031009,-1.8554724684,80.)) ;
#1295=CARTESIAN_POINT('Control Point',(13.9315720519,-1.76119331009,80.)) ;
#1296=CARTESIAN_POINT('Control Point',(15.3153043345,-1.6536746627,80.)) ;
#1297=CARTESIAN_POINT('Control Point',(16.0420162621,-1.59414303142,80.)) ;
#1298=CARTESIAN_POINT('Control Point',(17.557997134,-1.46592325519,80.)) ;
#1299=CARTESIAN_POINT('Control Point',(19.0735362438,-1.33229221352,80.)) ;
#1300=CARTESIAN_POINT('Control Point',(19.8627117251,-1.26210383877,80.)) ;
#1301=CARTESIAN_POINT('Control Point',(21.4963915824,-1.11605938574,80.)) ;
#1302=CARTESIAN_POINT('Control Point',(23.130053821,-0.969968628529,80.)) ;
#1303=CARTESIAN_POINT('Control Point',(23.9746045283,-0.894860108004,80.)) ;
#1304=CARTESIAN_POINT('Control Point',(25.7113697907,-0.742427535097,80.)) ;
#1305=CARTESIAN_POINT('Control Point',(27.4486553113,-0.595931642873,80.)) ;
#1306=CARTESIAN_POINT('Control Point',(28.3412331199,-0.522751117159,80.)) ;
#1307=CARTESIAN_POINT('Control Point',(30.1662912664,-0.378070155195,80.)) ;
#1308=CARTESIAN_POINT('Control Point',(31.992243873,-0.245082222414,80.)) ;
#1309=CARTESIAN_POINT('Control Point',(32.9252334774,-0.180646641789,80.)) ;
#1310=CARTESIAN_POINT('Control Point',(34.8237390193,-0.0577272759796,80.)) ;
#1311=CARTESIAN_POINT('Control Point',(36.7232965779,0.0478058004841,80.)) ;
#1312=CARTESIAN_POINT('Control Point',(37.6893391338,0.0967573536365,80.)) ;
#1313=CARTESIAN_POINT('Control Point',(39.6678479299,0.187688269015,80.)) ;
#1314=CARTESIAN_POINT('Control Point',(41.6469871014,0.263633608572,80.)) ;
#1315=CARTESIAN_POINT('Control Point',(42.6596564771,0.299680450418,80.)) ;
#1316=CARTESIAN_POINT('Control Point',(44.7000664781,0.370856363419,80.)) ;
#1317=CARTESIAN_POINT('Control Point',(46.7404840441,0.440689589019,80.)) ;
#1318=CARTESIAN_POINT('Control Point',(47.768229373,0.475932093698,80.)) ;
#1319=CARTESIAN_POINT('Control Point',(49.8263359151,0.543851812884,80.)) ;
#1320=CARTESIAN_POINT('Control Point',(51.884757731,0.604666349634,80.)) ;
#1321=CARTESIAN_POINT('Control Point',(52.9152329119,0.632876005547,80.)) ;
#1322=CARTESIAN_POINT('Control Point',(54.967824936,0.685612320126,80.)) ;
#1323=CARTESIAN_POINT('Control Point',(57.0203790957,0.731116015167,80.)) ;
#1324=CARTESIAN_POINT('Control Point',(58.0426300536,0.751899169482,80.)) ;
#1325=CARTESIAN_POINT('Control Point',(60.0687045016,0.788069712312,80.)) ;
#1326=CARTESIAN_POINT('Control Point',(62.0953940609,0.814774380876,80.)) ;
#1327=CARTESIAN_POINT('Control Point',(63.0991294146,0.825787898166,80.)) ;
#1328=CARTESIAN_POINT('Control Point',(65.0751934301,0.844738080307,80.)) ;
#1329=CARTESIAN_POINT('Control Point',(67.0503107582,0.855824220286,80.)) ;
#1330=CARTESIAN_POINT('Control Point',(68.023018154,0.858799511939,80.)) ;
#1331=CARTESIAN_POINT('Control Point',(69.9304513019,0.856118865532,80.)) ;
#1332=CARTESIAN_POINT('Control Point',(71.8399426027,0.841703352374,80.)) ;
#1333=CARTESIAN_POINT('Control Point',(72.7737931121,0.832969526796,80.)) ;
#1334=CARTESIAN_POINT('Control Point',(74.5839125452,0.820055333465,80.)) ;
#1335=CARTESIAN_POINT('Control Point',(76.3897844222,0.804531009507,80.)) ;
#1336=CARTESIAN_POINT('Control Point',(77.267913351,0.794023039927,80.)) ;
#1337=CARTESIAN_POINT('Control Point',(78.9754246525,0.753380714249,80.)) ;
#1338=CARTESIAN_POINT('Control Point',(80.6907115429,0.694413353322,80.)) ;
#1339=CARTESIAN_POINT('Control Point',(81.5158250985,0.666267974504,80.)) ;
#1340=CARTESIAN_POINT('Control Point',(83.0703620436,0.640566294622,80.)) ;
#1341=CARTESIAN_POINT('Control Point',(84.6103007873,0.628045337303,80.)) ;
#1342=CARTESIAN_POINT('Control Point',(85.3484664468,0.616614819682,80.)) ;
#1343=CARTESIAN_POINT('Control Point',(86.7901472182,0.53500716845,80.)) ;
#1344=CARTESIAN_POINT('Control Point',(88.2563139375,0.416034490564,80.)) ;
#1345=CARTESIAN_POINT('Control Point',(88.9419786294,0.366729595206,80.)) ;
#1346=CARTESIAN_POINT('Control Point',(90.146244154,0.372241671226,80.)) ;
#1347=CARTESIAN_POINT('Control Point',(91.3115733481,0.424419766042,80.)) ;
#1348=CARTESIAN_POINT('Control Point',(91.8643313321,0.433294738503,80.)) ;
#1349=CARTESIAN_POINT('Control Point',(93.0033347232,0.286649963659,80.)) ;
#1350=CARTESIAN_POINT('Control Point',(94.1962548111,0.0673211950205,80.)) ;
#1351=CARTESIAN_POINT('Control Point',(94.720500433,-0.00835823946676,80.)) ;
#1352=CARTESIAN_POINT('Control Point',(95.4771386465,0.0928082749065,80.)) ;
#1353=CARTESIAN_POINT('Control Point',(96.1721693377,0.272344480862,80.)) ;
#1354=CARTESIAN_POINT('Control Point',(96.5082250259,0.313542729425,80.)) ;
#1355=CARTESIAN_POINT('Control Point',(97.3203055793,0.0808133806364,80.)) ;
#1356=CARTESIAN_POINT('Control Point',(98.1759711363,-0.21001648666,80.)) ;
#1357=CARTESIAN_POINT('Control Point',(98.4973260828,-0.282955591589,80.)) ;
#1358=CARTESIAN_POINT('Control Point',(98.7790358802,-0.095754881658,80.)) ;
#1359=CARTESIAN_POINT('Control Point',(99.0751386904,0.0725267098925,80.)) ;
#1360=CARTESIAN_POINT('Control Point',(99.2222672552,0.0896933312991,80.)) ;
#1361=CARTESIAN_POINT('Control Point',(99.5570279073,-0.0674964488496,80.)) ;
#1362=CARTESIAN_POINT('Control Point',(99.8384421532,-0.155445061137,80.)) ;
#1363=CARTESIAN_POINT('Control Point',(99.900630015,-0.166632372937,80.)) ;
#1364=CARTESIAN_POINT('Control Point',(99.9677311717,-0.152908234076,80.)) ;
#1365=CARTESIAN_POINT('Control Point',(99.9965480321,-0.0894131124969,80.)) ;
#1366=CARTESIAN_POINT('Control Point',(100.001590409,-0.0646682243225,80.)) ;
#1367=CARTESIAN_POINT('Control Point',(100.002741065,-0.0348638534902,80.)) ;
#1368=CARTESIAN_POINT('Control Point',(100.,-3.10862446895E-15,80.)) ;
#1369=CARTESIAN_POINT('Control Point',(100.025,0.124,100.)) ;
#1370=CARTESIAN_POINT('Control Point',(99.9715990262,0.142397046958,100.)) ;
#1371=CARTESIAN_POINT('Control Point',(99.9181985802,0.160795690451,100.)) ;
#1372=CARTESIAN_POINT('Control Point',(99.864798662,0.17919593048,100.)) ;
#1373=CARTESIAN_POINT('Control Point',(99.6520393504,0.252514409436,100.)) ;
#1374=CARTESIAN_POINT('Control Point',(99.439281924,0.325839180949,100.)) ;
#1375=CARTESIAN_POINT('Control Point',(99.2799135997,0.380732168907,100.)) ;
#1376=CARTESIAN_POINT('Control Point',(98.8568139349,0.526003893483,100.)) ;
#1377=CARTESIAN_POINT('Control Point',(98.4332164227,0.669815999689,100.)) ;
#1378=CARTESIAN_POINT('Control Point',(98.1689552081,0.758639422541,100.)) ;
#1379=CARTESIAN_POINT('Control Point',(97.5386763364,0.969236704533,100.)) ;
#1380=CARTESIAN_POINT('Control Point',(96.9077482914,1.17788575962,100.)) ;
#1381=CARTESIAN_POINT('Control Point',(96.5414135376,1.29868510533,100.)) ;
#1382=CARTESIAN_POINT('Control Point',(95.7107536336,1.57081546799,100.)) ;
#1383=CARTESIAN_POINT('Control Point',(94.8786487683,1.83850584542,100.)) ;
#1384=CARTESIAN_POINT('Control Point',(94.4131949613,1.98636514497,100.)) ;
#1385=CARTESIAN_POINT('Control Point',(93.3890575702,2.30831023189,100.)) ;
#1386=CARTESIAN_POINT('Control Point',(92.3629938628,2.62405992528,100.)) ;
#1387=CARTESIAN_POINT('Control Point',(91.8032108977,2.79453290784,100.)) ;
#1388=CARTESIAN_POINT('Control Point',(90.5957994045,3.15798227224,100.)) ;
#1389=CARTESIAN_POINT('Control Point',(89.3858035694,3.51276242441,100.)) ;
#1390=CARTESIAN_POINT('Control Point',(88.7365728891,3.70031458435,100.)) ;
#1391=CARTESIAN_POINT('Control Point',(87.3572804209,4.09305757058,100.)) ;
#1392=CARTESIAN_POINT('Control Point',(85.9748973683,4.47477853477,100.)) ;
#1393=CARTESIAN_POINT('Control Point',(85.2430871017,4.67359920314,100.)) ;
#1394=CARTESIAN_POINT('Control Point',(83.7058880033,5.08432235065,100.)) ;
#1395=CARTESIAN_POINT('Control Point',(82.1650933002,5.48138165463,100.)) ;
#1396=CARTESIAN_POINT('Control Point',(81.3576732752,5.68541095742,100.)) ;
#1397=CARTESIAN_POINT('Control Point',(79.6775652541,6.10150300886,100.)) ;
#1398=CARTESIAN_POINT('Control Point',(77.9934634642,6.50113035602,100.)) ;
#1399=CARTESIAN_POINT('Control Point',(77.1186197875,6.70406865069,100.)) ;
#1400=CARTESIAN_POINT('Control Point',(75.3131167928,7.11353079954,100.)) ;
#1401=CARTESIAN_POINT('Control Point',(73.5035411845,7.50463301519,100.)) ;
#1402=CARTESIAN_POINT('Control Point',(72.5707264454,7.70113840964,100.)) ;
#1403=CARTESIAN_POINT('Control Point',(70.6591126158,8.09310966105,100.)) ;
#1404=CARTESIAN_POINT('Control Point',(68.7432298862,8.4636819162,100.)) ;
#1405=CARTESIAN_POINT('Control Point',(67.7621929545,8.64752710412,100.)) ;
#1406=CARTESIAN_POINT('Control Point',(65.7644258149,9.00985948013,100.)) ;
#1407=CARTESIAN_POINT('Control Point',(63.7624690245,9.34832444166,100.)) ;
#1408=CARTESIAN_POINT('Control Point',(62.7436242879,9.51418520462,100.)) ;
#1409=CARTESIAN_POINT('Control Point',(60.6814625963,9.83686225405,100.)) ;
#1410=CARTESIAN_POINT('Control Point',(58.6154125767,10.1336031944,100.)) ;
#1411=CARTESIAN_POINT('Control Point',(57.5701724461,10.2768995892,100.)) ;
#1412=CARTESIAN_POINT('Control Point',(55.4663812961,10.5514826009,100.)) ;
#1413=CARTESIAN_POINT('Control Point',(53.3590747572,10.7978251923,100.)) ;
#1414=CARTESIAN_POINT('Control Point',(52.2988230127,10.9142954162,100.)) ;
#1415=CARTESIAN_POINT('Control Point',(50.1771970518,11.131620605,100.)) ;
#1416=CARTESIAN_POINT('Control Point',(48.0526719947,11.3182836412,100.)) ;
#1417=CARTESIAN_POINT('Control Point',(46.9899933354,11.4040466255,100.)) ;
#1418=CARTESIAN_POINT('Control Point',(44.873062783,11.5610450786,100.)) ;
#1419=CARTESIAN_POINT('Control Point',(42.7540550078,11.6873110893,100.)) ;
#1420=CARTESIAN_POINT('Control Point',(41.6988417173,11.741725603,100.)) ;
#1421=CARTESIAN_POINT('Control Point',(39.5876853222,11.8291786606,100.)) ;
#1422=CARTESIAN_POINT('Control Point',(37.4749843563,11.867881334,100.)) ;
#1423=CARTESIAN_POINT('Control Point',(36.4185255657,11.8735378095,100.)) ;
#1424=CARTESIAN_POINT('Control Point',(34.3391814846,11.8562052917,100.)) ;
#1425=CARTESIAN_POINT('Control Point',(32.2611306041,11.7810481635,100.)) ;
#1426=CARTESIAN_POINT('Control Point',(31.2394419611,11.7296606301,100.)) ;
#1427=CARTESIAN_POINT('Control Point',(29.242239626,11.6006234167,100.)) ;
#1428=CARTESIAN_POINT('Control Point',(27.2495232994,11.4151097278,100.)) ;
#1429=CARTESIAN_POINT('Control Point',(26.2766471992,11.3107525904,100.)) ;
#1430=CARTESIAN_POINT('Control Point',(24.3881506658,11.0809050655,100.)) ;
#1431=CARTESIAN_POINT('Control Point',(22.5070176915,10.7969205318,100.)) ;
#1432=CARTESIAN_POINT('Control Point',(21.5954429033,10.6458368566,100.)) ;
#1433=CARTESIAN_POINT('Control Point',(19.8406678558,10.3276588914,100.)) ;
#1434=CARTESIAN_POINT('Control Point',(18.0963358075,9.95676249839,100.)) ;
#1435=CARTESIAN_POINT('Control Point',(17.2584243281,9.76546419335,100.)) ;
#1436=CARTESIAN_POINT('Control Point',(15.6600612774,9.37492179846,100.)) ;
#1437=CARTESIAN_POINT('Control Point',(14.0745105472,8.93513720264,100.)) ;
#1438=CARTESIAN_POINT('Control Point',(13.3205665174,8.71330420456,100.)) ;
#1439=CARTESIAN_POINT('Control Point',(11.8987221418,8.26860350001,100.)) ;
#1440=CARTESIAN_POINT('Control Point',(10.4926478158,7.77655342144,100.)) ;
#1441=CARTESIAN_POINT('Control Point',(9.8320559812,7.53315407443,100.)) ;
#1442=CARTESIAN_POINT('Control Point',(8.60164261364,7.05665271007,100.)) ;
#1443=CARTESIAN_POINT('Control Point',(7.38928690677,6.53593139872,100.)) ;
#1444=CARTESIAN_POINT('Control Point',(6.82858874323,6.28232879153,100.)) ;
#1445=CARTESIAN_POINT('Control Point',(5.80416248989,5.79010798221,100.)) ;
#1446=CARTESIAN_POINT('Control Point',(4.8027259725,5.25247154552,100.)) ;
#1447=CARTESIAN_POINT('Control Point',(4.34876895946,4.99613396347,100.)) ;
#1448=CARTESIAN_POINT('Control Point',(3.53485869535,4.51443529126,100.)) ;
#1449=CARTESIAN_POINT('Control Point',(2.74864725025,3.98944211465,100.)) ;
#1450=CARTESIAN_POINT('Control Point',(2.40298777514,3.74292060394,100.)) ;
#1451=CARTESIAN_POINT('Control Point',(1.80744064953,3.27853231322,100.)) ;
#1452=CARTESIAN_POINT('Control Point',(1.25283645812,2.76463384367,100.)) ;
#1453=CARTESIAN_POINT('Control Point',(1.01978037305,2.53049706881,100.)) ;
#1454=CARTESIAN_POINT('Control Point',(0.631749089846,2.1072430405,100.)) ;
#1455=CARTESIAN_POINT('Control Point',(0.306105395239,1.63615386645,100.)) ;
#1456=CARTESIAN_POINT('Control Point',(0.18281225178,1.42382498485,100.)) ;
#1457=CARTESIAN_POINT('Control Point',(0.0029070108215,1.01534637833,100.)) ;
#1458=CARTESIAN_POINT('Control Point',(-0.0719264590864,0.573768171249,100.)) ;
#1459=CARTESIAN_POINT('Control Point',(-0.0793936016043,0.376676013141,100.)) ;
#1460=CARTESIAN_POINT('Control Point',(-0.0303954850736,-0.00912546322268,100.)) ;
#1461=CARTESIAN_POINT('Control Point',(0.140208521758,-0.358505267549,100.)) ;
#1462=CARTESIAN_POINT('Control Point',(0.254352744623,-0.519194194457,100.)) ;
#1463=CARTESIAN_POINT('Control Point',(0.556427639421,-0.846448219008,100.)) ;
#1464=CARTESIAN_POINT('Control Point',(0.926002413321,-1.09188964373,100.)) ;
#1465=CARTESIAN_POINT('Control Point',(1.14147553404,-1.2043289625,100.)) ;
#1466=CARTESIAN_POINT('Control Point',(1.65844312008,-1.42689995424,100.)) ;
#1467=CARTESIAN_POINT('Control Point',(2.20092349699,-1.58212591075,100.)) ;
#1468=CARTESIAN_POINT('Control Point',(2.51476705204,-1.65933705874,100.)) ;
#1469=CARTESIAN_POINT('Control Point',(3.23389058762,-1.80924441898,100.)) ;
#1470=CARTESIAN_POINT('Control Point',(3.96099681794,-1.90630681546,100.)) ;
#1471=CARTESIAN_POINT('Control Point',(4.3687788207,-1.94624055099,100.)) ;
#1472=CARTESIAN_POINT('Control Point',(5.27281216645,-2.01282724958,100.)) ;
#1473=CARTESIAN_POINT('Control Point',(6.17925657526,-2.04316297829,100.)) ;
#1474=CARTESIAN_POINT('Control Point',(6.67680999264,-2.05329480809,100.)) ;
#1475=CARTESIAN_POINT('Control Point',(7.75549617713,-2.06073853569,100.)) ;
#1476=CARTESIAN_POINT('Control Point',(8.83369995716,-2.03922583822,100.)) ;
#1477=CARTESIAN_POINT('Control Point',(9.41402865248,-2.02008720851,100.)) ;
#1478=CARTESIAN_POINT('Control Point',(10.6521054509,-1.96784103675,100.)) ;
#1479=CARTESIAN_POINT('Control Point',(11.8893624936,-1.89678359224,100.)) ;
#1480=CARTESIAN_POINT('Control Point',(12.5468031009,-1.8554724684,100.)) ;
#1481=CARTESIAN_POINT('Control Point',(13.9315720519,-1.76119331009,100.)) ;
#1482=CARTESIAN_POINT('Control Point',(15.3153043345,-1.6536746627,100.)) ;
#1483=CARTESIAN_POINT('Control Point',(16.0420162621,-1.59414303142,100.)) ;
#1484=CARTESIAN_POINT('Control Point',(17.557997134,-1.46592325519,100.)) ;
#1485=CARTESIAN_POINT('Control Point',(19.0735362438,-1.33229221352,100.)) ;
#1486=CARTESIAN_POINT('Control Point',(19.8627117251,-1.26210383877,100.)) ;
#1487=CARTESIAN_POINT('Control Point',(21.4963915824,-1.11605938574,100.)) ;
#1488=CARTESIAN_POINT('Control Point',(23.130053821,-0.969968628529,100.)) ;
#1489=CARTESIAN_POINT('Control Point',(23.9746045283,-0.894860108004,100.)) ;
#1490=CARTESIAN_POINT('Control Point',(25.7113697907,-0.742427535097,100.)) ;
#1491=CARTESIAN_POINT('Control Point',(27.4486553113,-0.595931642873,100.)) ;
#1492=CARTESIAN_POINT('Control Point',(28.3412331199,-0.522751117159,100.)) ;
#1493=CARTESIAN_POINT('Control Point',(30.1662912664,-0.378070155195,100.)) ;
#1494=CARTESIAN_POINT('Control Point',(31.992243873,-0.245082222414,100.)) ;
#1495=CARTESIAN_POINT('Control Point',(32.9252334774,-0.180646641789,100.)) ;
#1496=CARTESIAN_POINT('Control Point',(34.8237390193,-0.0577272759796,100.)) ;
#1497=CARTESIAN_POINT('Control Point',(36.7232965779,0.0478058004841,100.)) ;
#1498=CARTESIAN_POINT('Control Point',(37.6893391338,0.0967573536365,100.)) ;
#1499=CARTESIAN_POINT('Control Point',(39.6678479299,0.187688269015,100.)) ;
#1500=CARTESIAN_POINT('Control Point',(41.6469871014,0.263633608572,100.)) ;
#1501=CARTESIAN_POINT('Control Point',(42.6596564771,0.299680450418,100.)) ;
#1502=CARTESIAN_POINT('Control Point',(44.7000664781,0.370856363419,100.)) ;
#1503=CARTESIAN_POINT('Control Point',(46.7404840441,0.440689589019,100.)) ;
#1504=CARTESIAN_POINT('Control Point',(47.768229373,0.475932093698,100.)) ;
#1505=CARTESIAN_POINT('Control Point',(49.8263359151,0.543851812884,100.)) ;
#1506=CARTESIAN_POINT('Control Point',(51.884757731,0.604666349634,100.)) ;
#1507=CARTESIAN_POINT('Control Point',(52.9152329119,0.632876005547,100.)) ;
#1508=CARTESIAN_POINT('Control Point',(54.967824936,0.685612320126,100.)) ;
#1509=CARTESIAN_POINT('Control Point',(57.0203790957,0.731116015167,100.)) ;
#1510=CARTESIAN_POINT('Control Point',(58.0426300536,0.751899169482,100.)) ;
#1511=CARTESIAN_POINT('Control Point',(60.0687045016,0.788069712312,100.)) ;
#1512=CARTESIAN_POINT('Control Point',(62.0953940609,0.814774380876,100.)) ;
#1513=CARTESIAN_POINT('Control Point',(63.0991294146,0.825787898166,100.)) ;
#1514=CARTESIAN_POINT('Control Point',(65.0751934301,0.844738080307,100.)) ;
#1515=CARTESIAN_POINT('Control Point',(67.0503107582,0.855824220286,100.)) ;
#1516=CARTESIAN_POINT('Control Point',(68.023018154,0.858799511939,100.)) ;
#1517=CARTESIAN_POINT('Control Point',(69.9304513019,0.856118865532,100.)) ;
#1518=CARTESIAN_POINT('Control Point',(71.8399426027,0.841703352374,100.)) ;
#1519=CARTESIAN_POINT('Control Point',(72.7737931121,0.832969526796,100.)) ;
#1520=CARTESIAN_POINT('Control Point',(74.5839125452,0.820055333465,100.)) ;
#1521=CARTESIAN_POINT('Control Point',(76.3897844222,0.804531009507,100.)) ;
#1522=CARTESIAN_POINT('Control Point',(77.267913351,0.794023039927,100.)) ;
#1523=CARTESIAN_POINT('Control Point',(78.9754246525,0.753380714249,100.)) ;
#1524=CARTESIAN_POINT('Control Point',(80.6907115429,0.694413353322,100.)) ;
#1525=CARTESIAN_POINT('Control Point',(81.5158250985,0.666267974504,100.)) ;
#1526=CARTESIAN_POINT('Control Point',(83.0703620436,0.640566294622,100.)) ;
#1527=CARTESIAN_POINT('Control Point',(84.6103007873,0.628045337303,100.)) ;
#1528=CARTESIAN_POINT('Control Point',(85.3484664468,0.616614819682,100.)) ;
#1529=CARTESIAN_POINT('Control Point',(86.7901472182,0.53500716845,100.)) ;
#1530=CARTESIAN_POINT('Control Point',(88.2563139375,0.416034490564,100.)) ;
#1531=CARTESIAN_POINT('Control Point',(88.9419786294,0.366729595206,100.)) ;
#1532=CARTESIAN_POINT('Control Point',(90.146244154,0.372241671226,100.)) ;
#1533=CARTESIAN_POINT('Control Point',(91.3115733481,0.424419766042,100.)) ;
#1534=CARTESIAN_POINT('Control Point',(91.8643313321,0.433294738503,100.)) ;
#1535=CARTESIAN_POINT('Control Point',(93.0033347232,0.286649963659,100.)) ;
#1536=CARTESIAN_POINT('Control Point',(94.1962548111,0.0673211950205,100.)) ;
#1537=CARTESIAN_POINT('Control Point',(94.720500433,-0.00835823946676,100.)) ;
#1538=CARTESIAN_POINT('Control Point',(95.4771386465,0.0928082749065,100.)) ;
#1539=CARTESIAN_POINT('Control Point',(96.1721693377,0.272344480862,100.)) ;
#1540=CARTESIAN_POINT('Control Point',(96.5082250259,0.313542729425,100.)) ;
#1541=CARTESIAN_POINT('Control Point',(97.3203055793,0.0808133806364,100.)) ;
#1542=CARTESIAN_POINT('Control Point',(98.1759711363,-0.21001648666,100.)) ;
#1543=CARTESIAN_POINT('Control Point',(98.4973260828,-0.282955591589,100.)) ;
#1544=CARTESIAN_POINT('Control Point',(98.7790358802,-0.095754881658,100.)) ;
#1545=CARTESIAN_POINT('Control Point',(99.0751386904,0.0725267098925,100.)) ;
#1546=CARTESIAN_POINT('Control Point',(99.2222672552,0.0896933312991,100.)) ;
#1547=CARTESIAN_POINT('Control Point',(99.5570279073,-0.0674964488496,100.)) ;
#1548=CARTESIAN_POINT('Control Point',(99.8384421532,-0.155445061137,100.)) ;
#1549=CARTESIAN_POINT('Control Point',(99.900630015,-0.166632372937,100.)) ;
#1550=CARTESIAN_POINT('Control Point',(99.9677311717,-0.152908234076,100.)) ;
#1551=CARTESIAN_POINT('Control Point',(99.9965480321,-0.0894131124969,100.)) ;
#1552=CARTESIAN_POINT('Control Point',(100.001590409,-0.0646682243225,100.)) ;
#1553=CARTESIAN_POINT('Control Point',(100.002741065,-0.0348638534902,100.)) ;
#1554=CARTESIAN_POINT('Control Point',(100.,-3.10862446895E-15,100.)) ;
#1556=CARTESIAN_POINT('Control Point',(100.025,0.124,1.7763568394E-14)) ;
#1557=CARTESIAN_POINT('Control Point',(100.025,0.124,20.)) ;
#1558=CARTESIAN_POINT('Control Point',(100.025,0.124,40.)) ;
#1559=CARTESIAN_POINT('Control Point',(100.025,0.124,60.)) ;
#1560=CARTESIAN_POINT('Control Point',(100.025,0.124,80.)) ;
#1561=CARTESIAN_POINT('Control Point',(100.025,0.124,100.)) ;
#1562=CARTESIAN_POINT('Vertex',(100.025,0.124,100.)) ;
#1566=CARTESIAN_POINT('Control Point',(100.,4.44303545959E-16,1.7763568394E-14)) ;
#1567=CARTESIAN_POINT('Control Point',(100.,4.44303545959E-16,20.)) ;
#1568=CARTESIAN_POINT('Control Point',(100.,4.44303545959E-16,40.)) ;
#1569=CARTESIAN_POINT('Control Point',(100.,-3.10841013284E-15,60.)) ;
#1570=CARTESIAN_POINT('Control Point',(100.,-3.10841013284E-15,80.)) ;
#1571=CARTESIAN_POINT('Control Point',(100.,-3.10841013284E-15,100.)) ;
#1572=CARTESIAN_POINT('Vertex',(100.,1.89431803577E-14,100.)) ;
#1576=CARTESIAN_POINT('Control Point',(100.025,0.124,100.)) ;
#1577=CARTESIAN_POINT('Control Point',(99.9715990262,0.142397046958,100.)) ;
#1578=CARTESIAN_POINT('Control Point',(99.9181985802,0.160795690451,100.)) ;
#1579=CARTESIAN_POINT('Control Point',(99.864798662,0.17919593048,100.)) ;
#1580=CARTESIAN_POINT('Control Point',(99.6520393504,0.252514409436,100.)) ;
#1581=CARTESIAN_POINT('Control Point',(99.439281924,0.325839180949,100.)) ;
#1582=CARTESIAN_POINT('Control Point',(99.2799135997,0.380732168907,100.)) ;
#1583=CARTESIAN_POINT('Control Point',(98.8568139349,0.526003893483,100.)) ;
#1584=CARTESIAN_POINT('Control Point',(98.4332164227,0.669815999689,100.)) ;
#1585=CARTESIAN_POINT('Control Point',(98.1689552081,0.758639422541,100.)) ;
#1586=CARTESIAN_POINT('Control Point',(97.5386763364,0.969236704533,100.)) ;
#1587=CARTESIAN_POINT('Control Point',(96.9077482914,1.17788575962,100.)) ;
#1588=CARTESIAN_POINT('Control Point',(96.5414135376,1.29868510533,100.)) ;
#1589=CARTESIAN_POINT('Control Point',(95.7107536336,1.57081546799,100.)) ;
#1590=CARTESIAN_POINT('Control Point',(94.8786487683,1.83850584542,100.)) ;
#1591=CARTESIAN_POINT('Control Point',(94.4131949613,1.98636514497,100.)) ;
#1592=CARTESIAN_POINT('Control Point',(93.3890575702,2.30831023189,100.)) ;
#1593=CARTESIAN_POINT('Control Point',(92.3629938628,2.62405992528,100.)) ;
#1594=CARTESIAN_POINT('Control Point',(91.8032108977,2.79453290784,100.)) ;
#1595=CARTESIAN_POINT('Control Point',(90.5957994045,3.15798227224,100.)) ;
#1596=CARTESIAN_POINT('Control Point',(89.3858035694,3.51276242441,100.)) ;
#1597=CARTESIAN_POINT('Control Point',(88.7365728891,3.70031458435,100.)) ;
#1598=CARTESIAN_POINT('Control Point',(87.3572804209,4.09305757058,100.)) ;
#1599=CARTESIAN_POINT('Control Point',(85.9748973683,4.47477853477,100.)) ;
#1600=CARTESIAN_POINT('Control Point',(85.2430871017,4.67359920314,100.)) ;
#1601=CARTESIAN_POINT('Control Point',(83.7058880033,5.08432235065,100.)) ;
#1602=CARTESIAN_POINT('Control Point',(82.1650933002,5.48138165463,100.)) ;
#1603=CARTESIAN_POINT('Control Point',(81.3576732752,5.68541095742,100.)) ;
#1604=CARTESIAN_POINT('Control Point',(79.6775652541,6.10150300886,100.)) ;
#1605=CARTESIAN_POINT('Control Point',(77.9934634642,6.50113035602,100.)) ;
#1606=CARTESIAN_POINT('Control Point',(77.1186197875,6.70406865069,100.)) ;
#1607=CARTESIAN_POINT('Control Point',(75.3131167928,7.11353079954,100.)) ;
#1608=CARTESIAN_POINT('Control Point',(73.5035411845,7.50463301519,100.)) ;
#1609=CARTESIAN_POINT('Control Point',(72.5707264454,7.70113840964,100.)) ;
#1610=CARTESIAN_POINT('Control Point',(70.6591126158,8.09310966105,100.)) ;
#1611=CARTESIAN_POINT('Control Point',(68.7432298862,8.4636819162,100.)) ;
#1612=CARTESIAN_POINT('Control Point',(67.7621929545,8.64752710412,100.)) ;
#1613=CARTESIAN_POINT('Control Point',(65.7644258149,9.00985948013,100.)) ;
#1614=CARTESIAN_POINT('Control Point',(63.7624690245,9.34832444166,100.)) ;
#1615=CARTESIAN_POINT('Control Point',(62.7436242879,9.51418520462,100.)) ;
#1616=CARTESIAN_POINT('Control Point',(60.6814625963,9.83686225405,100.)) ;
#1617=CARTESIAN_POINT('Control Point',(58.6154125767,10.1336031944,100.)) ;
#1618=CARTESIAN_POINT('Control Point',(57.5701724461,10.2768995892,100.)) ;
#1619=CARTESIAN_POINT('Control Point',(55.4663812961,10.5514826009,100.)) ;
#1620=CARTESIAN_POINT('Control Point',(53.3590747572,10.7978251923,100.)) ;
#1621=CARTESIAN_POINT('Control Point',(52.2988230127,10.9142954162,100.)) ;
#1622=CARTESIAN_POINT('Control Point',(50.1771970518,11.131620605,100.)) ;
#1623=CARTESIAN_POINT('Control Point',(48.0526719947,11.3182836412,100.)) ;
#1624=CARTESIAN_POINT('Control Point',(46.9899933354,11.4040466255,100.)) ;
#1625=CARTESIAN_POINT('Control Point',(44.873062783,11.5610450786,100.)) ;
#1626=CARTESIAN_POINT('Control Point',(42.7540550078,11.6873110893,100.)) ;
#1627=CARTESIAN_POINT('Control Point',(41.6988417173,11.741725603,100.)) ;
#1628=CARTESIAN_POINT('Control Point',(39.5876853222,11.8291786606,100.)) ;
#1629=CARTESIAN_POINT('Control Point',(37.4749843563,11.867881334,100.)) ;
#1630=CARTESIAN_POINT('Control Point',(36.4185255657,11.8735378095,100.)) ;
#1631=CARTESIAN_POINT('Control Point',(34.3391814846,11.8562052917,100.)) ;
#1632=CARTESIAN_POINT('Control Point',(32.2611306041,11.7810481635,100.)) ;
#1633=CARTESIAN_POINT('Control Point',(31.2394419611,11.7296606301,100.)) ;
#1634=CARTESIAN_POINT('Control Point',(29.242239626,11.6006234167,100.)) ;
#1635=CARTESIAN_POINT('Control Point',(27.2495232994,11.4151097278,100.)) ;
#1636=CARTESIAN_POINT('Control Point',(26.2766471992,11.3107525904,100.)) ;
#1637=CARTESIAN_POINT('Control Point',(24.3881506658,11.0809050655,100.)) ;
#1638=CARTESIAN_POINT('Control Point',(22.5070176915,10.7969205318,100.)) ;
#1639=CARTESIAN_POINT('Control Point',(21.5954429033,10.6458368566,100.)) ;
#1640=CARTESIAN_POINT('Control Point',(19.8406678558,10.3276588914,100.)) ;
#1641=CARTESIAN_POINT('Control Point',(18.0963358075,9.95676249839,100.)) ;
#1642=CARTESIAN_POINT('Control Point',(17.2584243281,9.76546419335,100.)) ;
#1643=CARTESIAN_POINT('Control Point',(15.6600612774,9.37492179846,100.)) ;
#1644=CARTESIAN_POINT('Control Point',(14.0745105472,8.93513720264,100.)) ;
#1645=CARTESIAN_POINT('Control Point',(13.3205665174,8.71330420456,100.)) ;
#1646=CARTESIAN_POINT('Control Point',(11.8987221418,8.26860350001,100.)) ;
#1647=CARTESIAN_POINT('Control Point',(10.4926478158,7.77655342144,100.)) ;
#1648=CARTESIAN_POINT('Control Point',(9.8320559812,7.53315407443,100.)) ;
#1649=CARTESIAN_POINT('Control Point',(8.60164261364,7.05665271007,100.)) ;
#1650=CARTESIAN_POINT('Control Point',(7.38928690677,6.53593139872,100.)) ;
#1651=CARTESIAN_POINT('Control Point',(6.82858874323,6.28232879153,100.)) ;
#1652=CARTESIAN_POINT('Control Point',(5.80416248989,5.79010798221,100.)) ;
#1653=CARTESIAN_POINT('Control Point',(4.8027259725,5.25247154552,100.)) ;
#1654=CARTESIAN_POINT('Control Point',(4.34876895946,4.99613396347,100.)) ;
#1655=CARTESIAN_POINT('Control Point',(3.53485869535,4.51443529126,100.)) ;
#1656=CARTESIAN_POINT('Control Point',(2.74864725025,3.98944211465,100.)) ;
#1657=CARTESIAN_POINT('Control Point',(2.40298777514,3.74292060394,100.)) ;
#1658=CARTESIAN_POINT('Control Point',(1.80744064953,3.27853231322,100.)) ;
#1659=CARTESIAN_POINT('Control Point',(1.25283645812,2.76463384367,100.)) ;
#1660=CARTESIAN_POINT('Control Point',(1.01978037305,2.53049706881,100.)) ;
#1661=CARTESIAN_POINT('Control Point',(0.631749089846,2.1072430405,100.)) ;
#1662=CARTESIAN_POINT('Control Point',(0.306105395239,1.63615386645,100.)) ;
#1663=CARTESIAN_POINT('Control Point',(0.18281225178,1.42382498485,100.)) ;
#1664=CARTESIAN_POINT('Control Point',(0.0029070108215,1.01534637833,100.)) ;
#1665=CARTESIAN_POINT('Control Point',(-0.0719264590864,0.573768171249,100.)) ;
#1666=CARTESIAN_POINT('Control Point',(-0.0793936016043,0.376676013141,100.)) ;
#1667=CARTESIAN_POINT('Control Point',(-0.0303954850736,-0.00912546322268,100.)) ;
#1668=CARTESIAN_POINT('Control Point',(0.140208521758,-0.358505267549,100.)) ;
#1669=CARTESIAN_POINT('Control Point',(0.254352744623,-0.519194194457,100.)) ;
#1670=CARTESIAN_POINT('Control Point',(0.556427639421,-0.846448219008,100.)) ;
#1671=CARTESIAN_POINT('Control Point',(0.926002413321,-1.09188964373,100.)) ;
#1672=CARTESIAN_POINT('Control Point',(1.14147553404,-1.2043289625,100.)) ;
#1673=CARTESIAN_POINT('Control Point',(1.65844312008,-1.42689995424,100.)) ;
#1674=CARTESIAN_POINT('Control Point',(2.20092349699,-1.58212591075,100.)) ;
#1675=CARTESIAN_POINT('Control Point',(2.51476705204,-1.65933705874,100.)) ;
#1676=CARTESIAN_POINT('Control Point',(3.23389058762,-1.80924441898,100.)) ;
#1677=CARTESIAN_POINT('Control Point',(3.96099681794,-1.90630681546,100.)) ;
#1678=CARTESIAN_POINT('Control Point',(4.3687788207,-1.94624055099,100.)) ;
#1679=CARTESIAN_POINT('Control Point',(5.27281216645,-2.01282724958,100.)) ;
#1680=CARTESIAN_POINT('Control Point',(6.17925657526,-2.04316297829,100.)) ;
#1681=CARTESIAN_POINT('Control Point',(6.67680999264,-2.05329480809,100.)) ;
#1682=CARTESIAN_POINT('Control Point',(7.75549617713,-2.06073853569,100.)) ;
#1683=CARTESIAN_POINT('Control Point',(8.83369995716,-2.03922583822,100.)) ;
#1684=CARTESIAN_POINT('Control Point',(9.41402865248,-2.02008720851,100.)) ;
#1685=CARTESIAN_POINT('Control Point',(10.6521054509,-1.96784103675,100.)) ;
#1686=CARTESIAN_POINT('Control Point',(11.8893624936,-1.89678359224,100.)) ;
#1687=CARTESIAN_POINT('Control Point',(12.5468031009,-1.8554724684,100.)) ;
#1688=CARTESIAN_POINT('Control Point',(13.9315720519,-1.76119331009,100.)) ;
#1689=CARTESIAN_POINT('Control Point',(15.3153043345,-1.6536746627,100.)) ;
#1690=CARTESIAN_POINT('Control Point',(16.0420162621,-1.59414303142,100.)) ;
#1691=CARTESIAN_POINT('Control Point',(17.557997134,-1.46592325519,100.)) ;
#1692=CARTESIAN_POINT('Control Point',(19.0735362438,-1.33229221352,100.)) ;
#1693=CARTESIAN_POINT('Control Point',(19.8627117251,-1.26210383877,100.)) ;
#1694=CARTESIAN_POINT('Control Point',(21.4963915824,-1.11605938574,100.)) ;
#1695=CARTESIAN_POINT('Control Point',(23.130053821,-0.969968628529,100.)) ;
#1696=CARTESIAN_POINT('Control Point',(23.9746045283,-0.894860108004,100.)) ;
#1697=CARTESIAN_POINT('Control Point',(25.7113697907,-0.742427535097,100.)) ;
#1698=CARTESIAN_POINT('Control Point',(27.4486553113,-0.595931642873,100.)) ;
#1699=CARTESIAN_POINT('Control Point',(28.3412331199,-0.522751117159,100.)) ;
#1700=CARTESIAN_POINT('Control Point',(30.1662912664,-0.378070155195,100.)) ;
#1701=CARTESIAN_POINT('Control Point',(31.992243873,-0.245082222414,100.)) ;
#1702=CARTESIAN_POINT('Control Point',(32.9252334774,-0.180646641789,100.)) ;
#1703=CARTESIAN_POINT('Control Point',(34.8237390193,-0.0577272759796,100.)) ;
#1704=CARTESIAN_POINT('Control Point',(36.7232965779,0.0478058004841,100.)) ;
#1705=CARTESIAN_POINT('Control Point',(37.6893391338,0.0967573536365,100.)) ;
#1706=CARTESIAN_POINT('Control Point',(39.6678479299,0.187688269015,100.)) ;
#1707=CARTESIAN_POINT('Control Point',(41.6469871014,0.263633608572,100.)) ;
#1708=CARTESIAN_POINT('Control Point',(42.6596564771,0.299680450418,100.)) ;
#1709=CARTESIAN_POINT('Control Point',(44.7000664781,0.370856363419,100.)) ;
#1710=CARTESIAN_POINT('Control Point',(46.7404840441,0.440689589019,100.)) ;
#1711=CARTESIAN_POINT('Control Point',(47.768229373,0.475932093698,100.)) ;
#1712=CARTESIAN_POINT('Control Point',(49.8263359151,0.543851812884,100.)) ;
#1713=CARTESIAN_POINT('Control Point',(51.884757731,0.604666349634,100.)) ;
#1714=CARTESIAN_POINT('Control Point',(52.9152329119,0.632876005547,100.)) ;
#1715=CARTESIAN_POINT('Control Point',(54.967824936,0.685612320126,100.)) ;
#1716=CARTESIAN_POINT('Control Point',(57.0203790957,0.731116015167,100.)) ;
#1717=CARTESIAN_POINT('Control Point',(58.0426300536,0.751899169482,100.)) ;
#1718=CARTESIAN_POINT('Control Point',(60.0687045016,0.788069712312,100.)) ;
#1719=CARTESIAN_POINT('Control Point',(62.0953940609,0.814774380876,100.)) ;
#1720=CARTESIAN_POINT('Control Point',(63.0991294146,0.825787898166,100.)) ;
#1721=CARTESIAN_POINT('Control Point',(65.0751934301,0.844738080307,100.)) ;
#1722=CARTESIAN_POINT('Control Point',(67.0503107582,0.855824220286,100.)) ;
#1723=CARTESIAN_POINT('Control Point',(68.023018154,0.858799511939,100.)) ;
#1724=CARTESIAN_POINT('Control Point',(69.9304513019,0.856118865532,100.)) ;
#1725=CARTESIAN_POINT('Control Point',(71.8399426027,0.841703352374,100.)) ;
#1726=CARTESIAN_POINT('Control Point',(72.7737931121,0.832969526796,100.)) ;
#1727=CARTESIAN_POINT('Control Point',(74.5839125452,0.820055333465,100.)) ;
#1728=CARTESIAN_POINT('Control Point',(76.3897844222,0.804531009507,100.)) ;
#1729=CARTESIAN_POINT('Control Point',(77.267913351,0.794023039927,100.)) ;
#1730=CARTESIAN_POINT('Control Point',(78.9754246525,0.753380714249,100.)) ;
#1731=CARTESIAN_POINT('Control Point',(80.6907115429,0.694413353322,100.)) ;
#1732=CARTESIAN_POINT('Control Point',(81.5158250985,0.666267974504,100.)) ;
#1733=CARTESIAN_POINT('Control Point',(83.0703620436,0.640566294622,100.)) ;
#1734=CARTESIAN_POINT('Control Point',(84.6103007873,0.628045337303,100.)) ;
#1735=CARTESIAN_POINT('Control Point',(85.3484664468,0.616614819682,100.)) ;
#1736=CARTESIAN_POINT('Control Point',(86.7901472182,0.53500716845,100.)) ;
#1737=CARTESIAN_POINT('Control Point',(88.2563139375,0.416034490564,100.)) ;
#1738=CARTESIAN_POINT('Control Point',(88.9419786294,0.366729595206,100.)) ;
#1739=CARTESIAN_POINT('Control Point',(90.146244154,0.372241671226,100.)) ;
#1740=CARTESIAN_POINT('Control Point',(91.3115733481,0.424419766042,100.)) ;
#1741=CARTESIAN_POINT('Control Point',(91.8643313321,0.433294738503,100.)) ;
#1742=CARTESIAN_POINT('Control Point',(93.0033347232,0.286649963659,100.)) ;
#1743=CARTESIAN_POINT('Control Point',(94.1962548111,0.0673211950205,100.)) ;
#1744=CARTESIAN_POINT('Control Point',(94.720500433,-0.00835823946676,100.)) ;
#1745=CARTESIAN_POINT('Control Point',(95.4771386465,0.0928082749065,100.)) ;
#1746=CARTESIAN_POINT('Control Point',(96.1721693377,0.272344480862,100.)) ;
#1747=CARTESIAN_POINT('Control Point',(96.5082250259,0.313542729425,100.)) ;
#1748=CARTESIAN_POINT('Control Point',(97.3203055793,0.0808133806364,100.)) ;
#1749=CARTESIAN_POINT('Control Point',(98.1759711363,-0.21001648666,100.)) ;
#1750=CARTESIAN_POINT('Control Point',(98.4973260828,-0.282955591589,100.)) ;
#1751=CARTESIAN_POINT('Control Point',(98.7790358802,-0.095754881658,100.)) ;
#1752=CARTESIAN_POINT('Control Point',(99.0751386904,0.0725267098925,100.)) ;
#1753=CARTESIAN_POINT('Control Point',(99.2222672552,0.0896933312991,100.)) ;
#1754=CARTESIAN_POINT('Control Point',(99.5570279073,-0.0674964488496,100.)) ;
#1755=CARTESIAN_POINT('Control Point',(99.8384421532,-0.155445061137,100.)) ;
#1756=CARTESIAN_POINT('Control Point',(99.900630015,-0.166632372937,100.)) ;
#1757=CARTESIAN_POINT('Control Point',(99.9677311717,-0.152908234076,100.)) ;
#1758=CARTESIAN_POINT('Control Point',(99.9965480321,-0.0894131124969,100.)) ;
#1759=CARTESIAN_POINT('Control Point',(100.001590409,-0.0646682243225,100.)) ;
#1760=CARTESIAN_POINT('Control Point',(100.002741065,-0.0348638534902,100.)) ;
#1761=CARTESIAN_POINT('Control Point',(100.,-3.10862446895E-15,100.)) ;
#1770=CARTESIAN_POINT('Axis2P3D Location',(100.0125,0.062,50.)) ;
#1775=CARTESIAN_POINT('Line Origine',(100.0125,0.062,100.)) ;
#1787=CARTESIAN_POINT('Axis2P3D Location',(74.6703182356,2.04815577397,100.)) ;
#1827=CARTESIAN_POINT('Control Point',(100.025,0.124,1.7763568394E-14)) ;
#1828=CARTESIAN_POINT('Control Point',(99.9715990262,0.142397046958,1.7763568394E-14)) ;
#1829=CARTESIAN_POINT('Control Point',(99.9181985802,0.160795690451,1.7763568394E-14)) ;
#1830=CARTESIAN_POINT('Control Point',(99.864798662,0.17919593048,1.7763568394E-14)) ;
#1831=CARTESIAN_POINT('Control Point',(99.6520393504,0.252514409436,1.7763568394E-14)) ;
#1832=CARTESIAN_POINT('Control Point',(99.439281924,0.325839180949,1.7763568394E-14)) ;
#1833=CARTESIAN_POINT('Control Point',(99.2799135997,0.380732168907,1.7763568394E-14)) ;
#1834=CARTESIAN_POINT('Control Point',(98.8568139349,0.526003893483,1.7763568394E-14)) ;
#1835=CARTESIAN_POINT('Control Point',(98.4332164227,0.669815999689,1.7763568394E-14)) ;
#1836=CARTESIAN_POINT('Control Point',(98.1689552081,0.758639422541,1.7763568394E-14)) ;
#1837=CARTESIAN_POINT('Control Point',(97.5386763364,0.969236704533,1.7763568394E-14)) ;
#1838=CARTESIAN_POINT('Control Point',(96.9077482914,1.17788575962,1.7763568394E-14)) ;
#1839=CARTESIAN_POINT('Control Point',(96.5414135376,1.29868510533,1.7763568394E-14)) ;
#1840=CARTESIAN_POINT('Control Point',(95.7107536336,1.57081546799,1.7763568394E-14)) ;
#1841=CARTESIAN_POINT('Control Point',(94.8786487683,1.83850584542,1.7763568394E-14)) ;
#1842=CARTESIAN_POINT('Control Point',(94.4131949613,1.98636514497,1.7763568394E-14)) ;
#1843=CARTESIAN_POINT('Control Point',(93.3890575702,2.30831023189,1.7763568394E-14)) ;
#1844=CARTESIAN_POINT('Control Point',(92.3629938628,2.62405992528,1.7763568394E-14)) ;
#1845=CARTESIAN_POINT('Control Point',(91.8032108977,2.79453290784,1.7763568394E-14)) ;
#1846=CARTESIAN_POINT('Control Point',(90.5957994045,3.15798227224,1.7763568394E-14)) ;
#1847=CARTESIAN_POINT('Control Point',(89.3858035694,3.51276242441,1.7763568394E-14)) ;
#1848=CARTESIAN_POINT('Control Point',(88.7365728891,3.70031458435,1.7763568394E-14)) ;
#1849=CARTESIAN_POINT('Control Point',(87.3572804209,4.09305757058,1.7763568394E-14)) ;
#1850=CARTESIAN_POINT('Control Point',(85.9748973683,4.47477853477,1.7763568394E-14)) ;
#1851=CARTESIAN_POINT('Control Point',(85.2430871017,4.67359920314,1.7763568394E-14)) ;
#1852=CARTESIAN_POINT('Control Point',(83.7058880033,5.08432235065,1.7763568394E-14)) ;
#1853=CARTESIAN_POINT('Control Point',(82.1650933002,5.48138165463,1.7763568394E-14)) ;
#1854=CARTESIAN_POINT('Control Point',(81.3576732752,5.68541095742,1.7763568394E-14)) ;
#1855=CARTESIAN_POINT('Control Point',(79.6775652541,6.10150300886,1.7763568394E-14)) ;
#1856=CARTESIAN_POINT('Control Point',(77.9934634642,6.50113035602,1.7763568394E-14)) ;
#1857=CARTESIAN_POINT('Control Point',(77.1186197875,6.70406865069,1.7763568394E-14)) ;
#1858=CARTESIAN_POINT('Control Point',(75.3131167928,7.11353079954,1.7763568394E-14)) ;
#1859=CARTESIAN_POINT('Control Point',(73.5035411845,7.50463301519,1.7763568394E-14)) ;
#1860=CARTESIAN_POINT('Control Point',(72.5707264454,7.70113840964,1.7763568394E-14)) ;
#1861=CARTESIAN_POINT('Control Point',(70.6591126158,8.09310966105,1.7763568394E-14)) ;
#1862=CARTESIAN_POINT('Control Point',(68.7432298862,8.4636819162,1.7763568394E-14)) ;
#1863=CARTESIAN_POINT('Control Point',(67.7621929545,8.64752710412,1.7763568394E-14)) ;
#1864=CARTESIAN_POINT('Control Point',(65.7644258149,9.00985948013,1.7763568394E-14)) ;
#1865=CARTESIAN_POINT('Control Point',(63.7624690245,9.34832444166,1.7763568394E-14)) ;
#1866=CARTESIAN_POINT('Control Point',(62.7436242879,9.51418520462,1.7763568394E-14)) ;
#1867=CARTESIAN_POINT('Control Point',(60.6814625963,9.83686225405,1.7763568394E-14)) ;
#1868=CARTESIAN_POINT('Control Point',(58.6154125767,10.1336031944,1.7763568394E-14)) ;
#1869=CARTESIAN_POINT('Control Point',(57.5701724461,10.2768995892,1.7763568394E-14)) ;
#1870=CARTESIAN_POINT('Control Point',(55.4663812961,10.5514826009,1.7763568394E-14)) ;
#1871=CARTESIAN_POINT('Control Point',(53.3590747572,10.7978251923,1.7763568394E-14)) ;
#1872=CARTESIAN_POINT('Control Point',(52.2988230127,10.9142954162,1.7763568394E-14)) ;
#1873=CARTESIAN_POINT('Control Point',(50.1771970518,11.131620605,1.7763568394E-14)) ;
#1874=CARTESIAN_POINT('Control Point',(48.0526719947,11.3182836412,1.7763568394E-14)) ;
#1875=CARTESIAN_POINT('Control Point',(46.9899933354,11.4040466255,1.7763568394E-14)) ;
#1876=CARTESIAN_POINT('Control Point',(44.873062783,11.5610450786,1.7763568394E-14)) ;
#1877=CARTESIAN_POINT('Control Point',(42.7540550078,11.6873110893,1.7763568394E-14)) ;
#1878=CARTESIAN_POINT('Control Point',(41.6988417173,11.741725603,1.7763568394E-14)) ;
#1879=CARTESIAN_POINT('Control Point',(39.5876853222,11.8291786606,1.7763568394E-14)) ;
#1880=CARTESIAN_POINT('Control Point',(37.4749843563,11.867881334,1.7763568394E-14)) ;
#1881=CARTESIAN_POINT('Control Point',(36.4185255657,11.8735378095,1.7763568394E-14)) ;
#1882=CARTESIAN_POINT('Control Point',(34.3391814846,11.8562052917,1.7763568394E-14)) ;
#1883=CARTESIAN_POINT('Control Point',(32.2611306041,11.7810481635,1.7763568394E-14)) ;
#1884=CARTESIAN_POINT('Control Point',(31.2394419611,11.7296606301,1.7763568394E-14)) ;
#1885=CARTESIAN_POINT('Control Point',(29.242239626,11.6006234167,1.7763568394E-14)) ;
#1886=CARTESIAN_POINT('Control Point',(27.2495232994,11.4151097278,1.7763568394E-14)) ;
#1887=CARTESIAN_POINT('Control Point',(26.2766471992,11.3107525904,1.7763568394E-14)) ;
#1888=CARTESIAN_POINT('Control Point',(24.3881506658,11.0809050655,1.7763568394E-14)) ;
#1889=CARTESIAN_POINT('Control Point',(22.5070176915,10.7969205318,1.7763568394E-14)) ;
#1890=CARTESIAN_POINT('Control Point',(21.5954429033,10.6458368566,1.7763568394E-14)) ;
#1891=CARTESIAN_POINT('Control Point',(19.8406678558,10.3276588914,1.7763568394E-14)) ;
#1892=CARTESIAN_POINT('Control Point',(18.0963358075,9.95676249839,1.7763568394E-14)) ;
#1893=CARTESIAN_POINT('Control Point',(17.2584243281,9.76546419335,1.7763568394E-14)) ;
#1894=CARTESIAN_POINT('Control Point',(15.6600612774,9.37492179846,1.7763568394E-14)) ;
#1895=CARTESIAN_POINT('Control Point',(14.0745105472,8.93513720264,1.7763568394E-14)) ;
#1896=CARTESIAN_POINT('Control Point',(13.3205665174,8.71330420456,1.7763568394E-14)) ;
#1897=CARTESIAN_POINT('Control Point',(11.8987221418,8.26860350001,1.7763568394E-14)) ;
#1898=CARTESIAN_POINT('Control Point',(10.4926478158,7.77655342144,1.7763568394E-14)) ;
#1899=CARTESIAN_POINT('Control Point',(9.8320559812,7.53315407443,1.7763568394E-14)) ;
#1900=CARTESIAN_POINT('Control Point',(8.60164261364,7.05665271007,1.7763568394E-14)) ;
#1901=CARTESIAN_POINT('Control Point',(7.38928690677,6.53593139872,1.7763568394E-14)) ;
#1902=CARTESIAN_POINT('Control Point',(6.82858874323,6.28232879153,1.7763568394E-14)) ;
#1903=CARTESIAN_POINT('Control Point',(5.80416248989,5.79010798221,1.7763568394E-14)) ;
#1904=CARTESIAN_POINT('Control Point',(4.8027259725,5.25247154552,1.7763568394E-14)) ;
#1905=CARTESIAN_POINT('Control Point',(4.34876895946,4.99613396347,1.7763568394E-14)) ;
#1906=CARTESIAN_POINT('Control Point',(3.53485869535,4.51443529126,1.7763568394E-14)) ;
#1907=CARTESIAN_POINT('Control Point',(2.74864725025,3.98944211465,1.7763568394E-14)) ;
#1908=CARTESIAN_POINT('Control Point',(2.40298777514,3.74292060394,1.7763568394E-14)) ;
#1909=CARTESIAN_POINT('Control Point',(1.80744064953,3.27853231322,1.7763568394E-14)) ;
#1910=CARTESIAN_POINT('Control Point',(1.25283645812,2.76463384367,1.7763568394E-14)) ;
#1911=CARTESIAN_POINT('Control Point',(1.01978037305,2.53049706881,1.7763568394E-14)) ;
#1912=CARTESIAN_POINT('Control Point',(0.631749089846,2.1072430405,1.7763568394E-14)) ;
#1913=CARTESIAN_POINT('Control Point',(0.306105395239,1.63615386645,1.7763568394E-14)) ;
#1914=CARTESIAN_POINT('Control Point',(0.18281225178,1.42382498485,1.7763568394E-14)) ;
#1915=CARTESIAN_POINT('Control Point',(0.00290701082148,1.01534637833,1.7763568394E-14)) ;
#1916=CARTESIAN_POINT('Control Point',(-0.0719264590867,0.573768171249,1.7763568394E-14)) ;
#1917=CARTESIAN_POINT('Control Point',(-0.0793936016043,0.376676013141,1.7763568394E-14)) ;
#1918=CARTESIAN_POINT('Control Point',(-0.0303954850738,-0.00912546322269,1.7763568394E-14)) ;
#1919=CARTESIAN_POINT('Control Point',(0.140208521758,-0.358505267549,1.7763568394E-14)) ;
#1920=CARTESIAN_POINT('Control Point',(0.254352744623,-0.519194194457,1.7763568394E-14)) ;
#1921=CARTESIAN_POINT('Control Point',(0.556427639421,-0.846448219008,1.7763568394E-14)) ;
#1922=CARTESIAN_POINT('Control Point',(0.926002413322,-1.09188964373,1.7763568394E-14)) ;
#1923=CARTESIAN_POINT('Control Point',(1.14147553404,-1.2043289625,1.7763568394E-14)) ;
#1924=CARTESIAN_POINT('Control Point',(1.65844312008,-1.42689995424,1.7763568394E-14)) ;
#1925=CARTESIAN_POINT('Control Point',(2.20092349699,-1.58212591075,1.7763568394E-14)) ;
#1926=CARTESIAN_POINT('Control Point',(2.51476705204,-1.65933705874,1.7763568394E-14)) ;
#1927=CARTESIAN_POINT('Control Point',(3.23389058762,-1.80924441898,1.7763568394E-14)) ;
#1928=CARTESIAN_POINT('Control Point',(3.96099681794,-1.90630681546,1.7763568394E-14)) ;
#1929=CARTESIAN_POINT('Control Point',(4.3687788207,-1.94624055099,1.7763568394E-14)) ;
#1930=CARTESIAN_POINT('Control Point',(5.27281216645,-2.01282724958,1.7763568394E-14)) ;
#1931=CARTESIAN_POINT('Control Point',(6.17925657526,-2.04316297829,1.7763568394E-14)) ;
#1932=CARTESIAN_POINT('Control Point',(6.67680999264,-2.05329480809,1.7763568394E-14)) ;
#1933=CARTESIAN_POINT('Control Point',(7.75549617713,-2.06073853569,1.7763568394E-14)) ;
#1934=CARTESIAN_POINT('Control Point',(8.83369995716,-2.03922583822,1.7763568394E-14)) ;
#1935=CARTESIAN_POINT('Control Point',(9.41402865248,-2.02008720851,1.7763568394E-14)) ;
#1936=CARTESIAN_POINT('Control Point',(10.6521054509,-1.96784103675,1.7763568394E-14)) ;
#1937=CARTESIAN_POINT('Control Point',(11.8893624936,-1.89678359224,1.7763568394E-14)) ;
#1938=CARTESIAN_POINT('Control Point',(12.5468031009,-1.8554724684,1.7763568394E-14)) ;
#1939=CARTESIAN_POINT('Control Point',(13.9315720519,-1.76119331009,1.7763568394E-14)) ;
#1940=CARTESIAN_POINT('Control Point',(15.3153043345,-1.6536746627,1.7763568394E-14)) ;
#1941=CARTESIAN_POINT('Control Point',(16.0420162621,-1.59414303142,1.7763568394E-14)) ;
#1942=CARTESIAN_POINT('Control Point',(17.557997134,-1.46592325519,1.7763568394E-14)) ;
#1943=CARTESIAN_POINT('Control Point',(19.0735362438,-1.33229221352,1.7763568394E-14)) ;
#1944=CARTESIAN_POINT('Control Point',(19.8627117251,-1.26210383877,1.7763568394E-14)) ;
#1945=CARTESIAN_POINT('Control Point',(21.4963915824,-1.11605938574,1.7763568394E-14)) ;
#1946=CARTESIAN_POINT('Control Point',(23.130053821,-0.969968628529,1.7763568394E-14)) ;
#1947=CARTESIAN_POINT('Control Point',(23.9746045283,-0.894860108004,1.7763568394E-14)) ;
#1948=CARTESIAN_POINT('Control Point',(25.7113697907,-0.742427535097,1.7763568394E-14)) ;
#1949=CARTESIAN_POINT('Control Point',(27.4486553113,-0.595931642873,1.7763568394E-14)) ;
#1950=CARTESIAN_POINT('Control Point',(28.3412331199,-0.522751117159,1.7763568394E-14)) ;
#1951=CARTESIAN_POINT('Control Point',(30.1662912664,-0.378070155195,1.7763568394E-14)) ;
#1952=CARTESIAN_POINT('Control Point',(31.992243873,-0.245082222414,1.7763568394E-14)) ;
#1953=CARTESIAN_POINT('Control Point',(32.9252334774,-0.180646641789,1.7763568394E-14)) ;
#1954=CARTESIAN_POINT('Control Point',(34.8237390193,-0.0577272759797,1.7763568394E-14)) ;
#1955=CARTESIAN_POINT('Control Point',(36.7232965779,0.0478058004841,1.7763568394E-14)) ;
#1956=CARTESIAN_POINT('Control Point',(37.6893391338,0.0967573536365,1.7763568394E-14)) ;
#1957=CARTESIAN_POINT('Control Point',(39.6678479299,0.187688269015,1.7763568394E-14)) ;
#1958=CARTESIAN_POINT('Control Point',(41.6469871014,0.263633608572,1.7763568394E-14)) ;
#1959=CARTESIAN_POINT('Control Point',(42.6596564771,0.299680450418,1.7763568394E-14)) ;
#1960=CARTESIAN_POINT('Control Point',(44.7000664781,0.370856363419,1.7763568394E-14)) ;
#1961=CARTESIAN_POINT('Control Point',(46.7404840441,0.440689589019,1.7763568394E-14)) ;
#1962=CARTESIAN_POINT('Control Point',(47.768229373,0.475932093698,1.7763568394E-14)) ;
#1963=CARTESIAN_POINT('Control Point',(49.8263359151,0.543851812884,1.7763568394E-14)) ;
#1964=CARTESIAN_POINT('Control Point',(51.884757731,0.604666349634,1.7763568394E-14)) ;
#1965=CARTESIAN_POINT('Control Point',(52.9152329119,0.632876005547,1.7763568394E-14)) ;
#1966=CARTESIAN_POINT('Control Point',(54.967824936,0.685612320126,1.7763568394E-14)) ;
#1967=CARTESIAN_POINT('Control Point',(57.0203790957,0.731116015167,1.7763568394E-14)) ;
#1968=CARTESIAN_POINT('Control Point',(58.0426300536,0.751899169482,1.7763568394E-14)) ;
#1969=CARTESIAN_POINT('Control Point',(60.0687045016,0.788069712312,1.7763568394E-14)) ;
#1970=CARTESIAN_POINT('Control Point',(62.0953940609,0.814774380876,1.7763568394E-14)) ;
#1971=CARTESIAN_POINT('Control Point',(63.0991294146,0.825787898166,1.7763568394E-14)) ;
#1972=CARTESIAN_POINT('Control Point',(65.0751934301,0.844738080307,1.7763568394E-14)) ;
#1973=CARTESIAN_POINT('Control Point',(67.0503107582,0.855824220286,1.7763568394E-14)) ;
#1974=CARTESIAN_POINT('Control Point',(68.023018154,0.858799511939,1.7763568394E-14)) ;
#1975=CARTESIAN_POINT('Control Point',(69.9304513019,0.856118865532,1.7763568394E-14)) ;
#1976=CARTESIAN_POINT('Control Point',(71.8399426027,0.841703352374,1.7763568394E-14)) ;
#1977=CARTESIAN_POINT('Control Point',(72.7737931121,0.832969526796,1.7763568394E-14)) ;
#1978=CARTESIAN_POINT('Control Point',(74.5839125452,0.820055333465,1.7763568394E-14)) ;
#1979=CARTESIAN_POINT('Control Point',(76.3897844222,0.804531009507,1.7763568394E-14)) ;
#1980=CARTESIAN_POINT('Control Point',(77.267913351,0.794023039927,1.7763568394E-14)) ;
#1981=CARTESIAN_POINT('Control Point',(78.9754246525,0.753380714249,1.7763568394E-14)) ;
#1982=CARTESIAN_POINT('Control Point',(80.6907115429,0.694413353322,1.7763568394E-14)) ;
#1983=CARTESIAN_POINT('Control Point',(81.5158250985,0.666267974504,1.7763568394E-14)) ;
#1984=CARTESIAN_POINT('Control Point',(83.0703620436,0.640566294622,1.7763568394E-14)) ;
#1985=CARTESIAN_POINT('Control Point',(84.6103007873,0.628045337303,1.7763568394E-14)) ;
#1986=CARTESIAN_POINT('Control Point',(85.3484664468,0.616614819682,1.7763568394E-14)) ;
#1987=CARTESIAN_POINT('Control Point',(86.7901472182,0.53500716845,1.7763568394E-14)) ;
#1988=CARTESIAN_POINT('Control Point',(88.2563139375,0.416034490564,1.7763568394E-14)) ;
#1989=CARTESIAN_POINT('Control Point',(88.9419786294,0.366729595206,1.7763568394E-14)) ;
#1990=CARTESIAN_POINT('Control Point',(90.146244154,0.372241671226,1.7763568394E-14)) ;
#1991=CARTESIAN_POINT('Control Point',(91.3115733481,0.424419766042,1.7763568394E-14)) ;
#1992=CARTESIAN_POINT('Control Point',(91.8643313321,0.433294738503,1.7763568394E-14)) ;
#1993=CARTESIAN_POINT('Control Point',(93.0033347232,0.286649963659,1.7763568394E-14)) ;
#1994=CARTESIAN_POINT('Control Point',(94.1962548111,0.0673211950205,1.7763568394E-14)) ;
#1995=CARTESIAN_POINT('Control Point',(94.720500433,-0.00835823946676,1.7763568394E-14)) ;
#1996=CARTESIAN_POINT('Control Point',(95.4771386465,0.0928082749065,1.7763568394E-14)) ;
#1997=CARTESIAN_POINT('Control Point',(96.1721693377,0.272344480862,1.7763568394E-14)) ;
#1998=CARTESIAN_POINT('Control Point',(96.5082250259,0.313542729425,1.7763568394E-14)) ;
#1999=CARTESIAN_POINT('Control Point',(97.3203055793,0.0808133806364,1.7763568394E-14)) ;
#2000=CARTESIAN_POINT('Control Point',(98.1759711363,-0.21001648666,1.7763568394E-14)) ;
#2001=CARTESIAN_POINT('Control Point',(98.4973260828,-0.282955591589,1.7763568394E-14)) ;
#2002=CARTESIAN_POINT('Control Point',(98.7790358802,-0.095754881658,1.7763568394E-14)) ;
#2003=CARTESIAN_POINT('Control Point',(99.0751386904,0.0725267098925,1.7763568394E-14)) ;
#2004=CARTESIAN_POINT('Control Point',(99.2222672552,0.0896933312991,1.7763568394E-14)) ;
#2005=CARTESIAN_POINT('Control Point',(99.5570279073,-0.0674964488496,1.7763568394E-14)) ;
#2006=CARTESIAN_POINT('Control Point',(99.8384421532,-0.155445061137,1.7763568394E-14)) ;
#2007=CARTESIAN_POINT('Control Point',(99.900630015,-0.166632372937,1.7763568394E-14)) ;
#2008=CARTESIAN_POINT('Control Point',(99.9677311717,-0.152908234076,1.7763568394E-14)) ;
#2009=CARTESIAN_POINT('Control Point',(99.9965480321,-0.0894131124969,1.7763568394E-14)) ;
#2010=CARTESIAN_POINT('Control Point',(100.001590409,-0.0646682243225,1.7763568394E-14)) ;
#2011=CARTESIAN_POINT('Control Point',(100.002741065,-0.0348638534902,1.7763568394E-14)) ;
#2012=CARTESIAN_POINT('Control Point',(100.,4.4408920985E-16,1.7763568394E-14)) ;
#2013=CARTESIAN_POINT('Control Point',(100.025,0.124,20.)) ;
#2014=CARTESIAN_POINT('Control Point',(99.9715990262,0.142397046958,20.)) ;
#2015=CARTESIAN_POINT('Control Point',(99.9181985802,0.160795690451,20.)) ;
#2016=CARTESIAN_POINT('Control Point',(99.864798662,0.17919593048,20.)) ;
#2017=CARTESIAN_POINT('Control Point',(99.6520393504,0.252514409436,20.)) ;
#2018=CARTESIAN_POINT('Control Point',(99.439281924,0.325839180949,20.)) ;
#2019=CARTESIAN_POINT('Control Point',(99.2799135997,0.380732168907,20.)) ;
#2020=CARTESIAN_POINT('Control Point',(98.8568139349,0.526003893483,20.)) ;
#2021=CARTESIAN_POINT('Control Point',(98.4332164227,0.669815999689,20.)) ;
#2022=CARTESIAN_POINT('Control Point',(98.1689552081,0.758639422541,20.)) ;
#2023=CARTESIAN_POINT('Control Point',(97.5386763364,0.969236704533,20.)) ;
#2024=CARTESIAN_POINT('Control Point',(96.9077482914,1.17788575962,20.)) ;
#2025=CARTESIAN_POINT('Control Point',(96.5414135376,1.29868510533,20.)) ;
#2026=CARTESIAN_POINT('Control Point',(95.7107536336,1.57081546799,20.)) ;
#2027=CARTESIAN_POINT('Control Point',(94.8786487683,1.83850584542,20.)) ;
#2028=CARTESIAN_POINT('Control Point',(94.4131949613,1.98636514497,20.)) ;
#2029=CARTESIAN_POINT('Control Point',(93.3890575702,2.30831023189,20.)) ;
#2030=CARTESIAN_POINT('Control Point',(92.3629938628,2.62405992528,20.)) ;
#2031=CARTESIAN_POINT('Control Point',(91.8032108977,2.79453290784,20.)) ;
#2032=CARTESIAN_POINT('Control Point',(90.5957994045,3.15798227224,20.)) ;
#2033=CARTESIAN_POINT('Control Point',(89.3858035694,3.51276242441,20.)) ;
#2034=CARTESIAN_POINT('Control Point',(88.7365728891,3.70031458435,20.)) ;
#2035=CARTESIAN_POINT('Control Point',(87.3572804209,4.09305757058,20.)) ;
#2036=CARTESIAN_POINT('Control Point',(85.9748973683,4.47477853477,20.)) ;
#2037=CARTESIAN_POINT('Control Point',(85.2430871017,4.67359920314,20.)) ;
#2038=CARTESIAN_POINT('Control Point',(83.7058880033,5.08432235065,20.)) ;
#2039=CARTESIAN_POINT('Control Point',(82.1650933002,5.48138165463,20.)) ;
#2040=CARTESIAN_POINT('Control Point',(81.3576732752,5.68541095742,20.)) ;
#2041=CARTESIAN_POINT('Control Point',(79.6775652541,6.10150300886,20.)) ;
#2042=CARTESIAN_POINT('Control Point',(77.9934634642,6.50113035602,20.)) ;
#2043=CARTESIAN_POINT('Control Point',(77.1186197875,6.70406865069,20.)) ;
#2044=CARTESIAN_POINT('Control Point',(75.3131167928,7.11353079954,20.)) ;
#2045=CARTESIAN_POINT('Control Point',(73.5035411845,7.50463301519,20.)) ;
#2046=CARTESIAN_POINT('Control Point',(72.5707264454,7.70113840964,20.)) ;
#2047=CARTESIAN_POINT('Control Point',(70.6591126158,8.09310966105,20.)) ;
#2048=CARTESIAN_POINT('Control Point',(68.7432298862,8.4636819162,20.)) ;
#2049=CARTESIAN_POINT('Control Point',(67.7621929545,8.64752710412,20.)) ;
#2050=CARTESIAN_POINT('Control Point',(65.7644258149,9.00985948013,20.)) ;
#2051=CARTESIAN_POINT('Control Point',(63.7624690245,9.34832444166,20.)) ;
#2052=CARTESIAN_POINT('Control Point',(62.7436242879,9.51418520462,20.)) ;
#2053=CARTESIAN_POINT('Control Point',(60.6814625963,9.83686225405,20.)) ;
#2054=CARTESIAN_POINT('Control Point',(58.6154125767,10.1336031944,20.)) ;
#2055=CARTESIAN_POINT('Control Point',(57.5701724461,10.2768995892,20.)) ;
#2056=CARTESIAN_POINT('Control Point',(55.4663812961,10.5514826009,20.)) ;
#2057=CARTESIAN_POINT('Control Point',(53.3590747572,10.7978251923,20.)) ;
#2058=CARTESIAN_POINT('Control Point',(52.2988230127,10.9142954162,20.)) ;
#2059=CARTESIAN_POINT('Control Point',(50.1771970518,11.131620605,20.)) ;
#2060=CARTESIAN_POINT('Control Point',(48.0526719947,11.3182836412,20.)) ;
#2061=CARTESIAN_POINT('Control Point',(46.9899933354,11.4040466255,20.)) ;
#2062=CARTESIAN_POINT('Control Point',(44.873062783,11.5610450786,20.)) ;
#2063=CARTESIAN_POINT('Control Point',(42.7540550078,11.6873110893,20.)) ;
#2064=CARTESIAN_POINT('Control Point',(41.6988417173,11.741725603,20.)) ;
#2065=CARTESIAN_POINT('Control Point',(39.5876853222,11.8291786606,20.)) ;
#2066=CARTESIAN_POINT('Control Point',(37.4749843563,11.867881334,20.)) ;
#2067=CARTESIAN_POINT('Control Point',(36.4185255657,11.8735378095,20.)) ;
#2068=CARTESIAN_POINT('Control Point',(34.3391814846,11.8562052917,20.)) ;
#2069=CARTESIAN_POINT('Control Point',(32.2611306041,11.7810481635,20.)) ;
#2070=CARTESIAN_POINT('Control Point',(31.2394419611,11.7296606301,20.)) ;
#2071=CARTESIAN_POINT('Control Point',(29.242239626,11.6006234167,20.)) ;
#2072=CARTESIAN_POINT('Control Point',(27.2495232994,11.4151097278,20.)) ;
#2073=CARTESIAN_POINT('Control Point',(26.2766471992,11.3107525904,20.)) ;
#2074=CARTESIAN_POINT('Control Point',(24.3881506658,11.0809050655,20.)) ;
#2075=CARTESIAN_POINT('Control Point',(22.5070176915,10.7969205318,20.)) ;
#2076=CARTESIAN_POINT('Control Point',(21.5954429033,10.6458368566,20.)) ;
#2077=CARTESIAN_POINT('Control Point',(19.8406678558,10.3276588914,20.)) ;
#2078=CARTESIAN_POINT('Control Point',(18.0963358075,9.95676249839,20.)) ;
#2079=CARTESIAN_POINT('Control Point',(17.2584243281,9.76546419335,20.)) ;
#2080=CARTESIAN_POINT('Control Point',(15.6600612774,9.37492179846,20.)) ;
#2081=CARTESIAN_POINT('Control Point',(14.0745105472,8.93513720264,20.)) ;
#2082=CARTESIAN_POINT('Control Point',(13.3205665174,8.71330420456,20.)) ;
#2083=CARTESIAN_POINT('Control Point',(11.8987221418,8.26860350001,20.)) ;
#2084=CARTESIAN_POINT('Control Point',(10.4926478158,7.77655342144,20.)) ;
#2085=CARTESIAN_POINT('Control Point',(9.8320559812,7.53315407443,20.)) ;
#2086=CARTESIAN_POINT('Control Point',(8.60164261364,7.05665271007,20.)) ;
#2087=CARTESIAN_POINT('Control Point',(7.38928690677,6.53593139872,20.)) ;
#2088=CARTESIAN_POINT('Control Point',(6.82858874323,6.28232879153,20.)) ;
#2089=CARTESIAN_POINT('Control Point',(5.80416248989,5.79010798221,20.)) ;
#2090=CARTESIAN_POINT('Control Point',(4.8027259725,5.25247154552,20.)) ;
#2091=CARTESIAN_POINT('Control Point',(4.34876895946,4.99613396347,20.)) ;
#2092=CARTESIAN_POINT('Control Point',(3.53485869535,4.51443529126,20.)) ;
#2093=CARTESIAN_POINT('Control Point',(2.74864725025,3.98944211465,20.)) ;
#2094=CARTESIAN_POINT('Control Point',(2.40298777514,3.74292060394,20.)) ;
#2095=CARTESIAN_POINT('Control Point',(1.80744064953,3.27853231322,20.)) ;
#2096=CARTESIAN_POINT('Control Point',(1.25283645812,2.76463384367,20.)) ;
#2097=CARTESIAN_POINT('Control Point',(1.01978037305,2.53049706881,20.)) ;
#2098=CARTESIAN_POINT('Control Point',(0.631749089846,2.1072430405,20.)) ;
#2099=CARTESIAN_POINT('Control Point',(0.306105395239,1.63615386645,20.)) ;
#2100=CARTESIAN_POINT('Control Point',(0.18281225178,1.42382498485,20.)) ;
#2101=CARTESIAN_POINT('Control Point',(0.00290701082148,1.01534637833,20.)) ;
#2102=CARTESIAN_POINT('Control Point',(-0.0719264590867,0.573768171249,20.)) ;
#2103=CARTESIAN_POINT('Control Point',(-0.0793936016043,0.376676013141,20.)) ;
#2104=CARTESIAN_POINT('Control Point',(-0.0303954850738,-0.00912546322269,20.)) ;
#2105=CARTESIAN_POINT('Control Point',(0.140208521758,-0.358505267549,20.)) ;
#2106=CARTESIAN_POINT('Control Point',(0.254352744623,-0.519194194457,20.)) ;
#2107=CARTESIAN_POINT('Control Point',(0.556427639421,-0.846448219008,20.)) ;
#2108=CARTESIAN_POINT('Control Point',(0.926002413322,-1.09188964373,20.)) ;
#2109=CARTESIAN_POINT('Control Point',(1.14147553404,-1.2043289625,20.)) ;
#2110=CARTESIAN_POINT('Control Point',(1.65844312008,-1.42689995424,20.)) ;
#2111=CARTESIAN_POINT('Control Point',(2.20092349699,-1.58212591075,20.)) ;
#2112=CARTESIAN_POINT('Control Point',(2.51476705204,-1.65933705874,20.)) ;
#2113=CARTESIAN_POINT('Control Point',(3.23389058762,-1.80924441898,20.)) ;
#2114=CARTESIAN_POINT('Control Point',(3.96099681794,-1.90630681546,20.)) ;
#2115=CARTESIAN_POINT('Control Point',(4.3687788207,-1.94624055099,20.)) ;
#2116=CARTESIAN_POINT('Control Point',(5.27281216645,-2.01282724958,20.)) ;
#2117=CARTESIAN_POINT('Control Point',(6.17925657526,-2.04316297829,20.)) ;
#2118=CARTESIAN_POINT('Control Point',(6.67680999264,-2.05329480809,20.)) ;
#2119=CARTESIAN_POINT('Control Point',(7.75549617713,-2.06073853569,20.)) ;
#2120=CARTESIAN_POINT('Control Point',(8.83369995716,-2.03922583822,20.)) ;
#2121=CARTESIAN_POINT('Control Point',(9.41402865248,-2.02008720851,20.)) ;
#2122=CARTESIAN_POINT('Control Point',(10.6521054509,-1.96784103675,20.)) ;
#2123=CARTESIAN_POINT('Control Point',(11.8893624936,-1.89678359224,20.)) ;
#2124=CARTESIAN_POINT('Control Point',(12.5468031009,-1.8554724684,20.)) ;
#2125=CARTESIAN_POINT('Control Point',(13.9315720519,-1.76119331009,20.)) ;
#2126=CARTESIAN_POINT('Control Point',(15.3153043345,-1.6536746627,20.)) ;
#2127=CARTESIAN_POINT('Control Point',(16.0420162621,-1.59414303142,20.)) ;
#2128=CARTESIAN_POINT('Control Point',(17.557997134,-1.46592325519,20.)) ;
#2129=CARTESIAN_POINT('Control Point',(19.0735362438,-1.33229221352,20.)) ;
#2130=CARTESIAN_POINT('Control Point',(19.8627117251,-1.26210383877,20.)) ;
#2131=CARTESIAN_POINT('Control Point',(21.4963915824,-1.11605938574,20.)) ;
#2132=CARTESIAN_POINT('Control Point',(23.130053821,-0.969968628529,20.)) ;
#2133=CARTESIAN_POINT('Control Point',(23.9746045283,-0.894860108004,20.)) ;
#2134=CARTESIAN_POINT('Control Point',(25.7113697907,-0.742427535097,20.)) ;
#2135=CARTESIAN_POINT('Control Point',(27.4486553113,-0.595931642873,20.)) ;
#2136=CARTESIAN_POINT('Control Point',(28.3412331199,-0.522751117159,20.)) ;
#2137=CARTESIAN_POINT('Control Point',(30.1662912664,-0.378070155195,20.)) ;
#2138=CARTESIAN_POINT('Control Point',(31.992243873,-0.245082222414,20.)) ;
#2139=CARTESIAN_POINT('Control Point',(32.9252334774,-0.180646641789,20.)) ;
#2140=CARTESIAN_POINT('Control Point',(34.8237390193,-0.0577272759797,20.)) ;
#2141=CARTESIAN_POINT('Control Point',(36.7232965779,0.0478058004841,20.)) ;
#2142=CARTESIAN_POINT('Control Point',(37.6893391338,0.0967573536365,20.)) ;
#2143=CARTESIAN_POINT('Control Point',(39.6678479299,0.187688269015,20.)) ;
#2144=CARTESIAN_POINT('Control Point',(41.6469871014,0.263633608572,20.)) ;
#2145=CARTESIAN_POINT('Control Point',(42.6596564771,0.299680450418,20.)) ;
#2146=CARTESIAN_POINT('Control Point',(44.7000664781,0.370856363419,20.)) ;
#2147=CARTESIAN_POINT('Control Point',(46.7404840441,0.440689589019,20.)) ;
#2148=CARTESIAN_POINT('Control Point',(47.768229373,0.475932093698,20.)) ;
#2149=CARTESIAN_POINT('Control Point',(49.8263359151,0.543851812884,20.)) ;
#2150=CARTESIAN_POINT('Control Point',(51.884757731,0.604666349634,20.)) ;
#2151=CARTESIAN_POINT('Control Point',(52.9152329119,0.632876005547,20.)) ;
#2152=CARTESIAN_POINT('Control Point',(54.967824936,0.685612320126,20.)) ;
#2153=CARTESIAN_POINT('Control Point',(57.0203790957,0.731116015167,20.)) ;
#2154=CARTESIAN_POINT('Control Point',(58.0426300536,0.751899169482,20.)) ;
#2155=CARTESIAN_POINT('Control Point',(60.0687045016,0.788069712312,20.)) ;
#2156=CARTESIAN_POINT('Control Point',(62.0953940609,0.814774380876,20.)) ;
#2157=CARTESIAN_POINT('Control Point',(63.0991294146,0.825787898166,20.)) ;
#2158=CARTESIAN_POINT('Control Point',(65.0751934301,0.844738080307,20.)) ;
#2159=CARTESIAN_POINT('Control Point',(67.0503107582,0.855824220286,20.)) ;
#2160=CARTESIAN_POINT('Control Point',(68.023018154,0.858799511939,20.)) ;
#2161=CARTESIAN_POINT('Control Point',(69.9304513019,0.856118865532,20.)) ;
#2162=CARTESIAN_POINT('Control Point',(71.8399426027,0.841703352374,20.)) ;
#2163=CARTESIAN_POINT('Control Point',(72.7737931121,0.832969526796,20.)) ;
#2164=CARTESIAN_POINT('Control Point',(74.5839125452,0.820055333465,20.)) ;
#2165=CARTESIAN_POINT('Control Point',(76.3897844222,0.804531009507,20.)) ;
#2166=CARTESIAN_POINT('Control Point',(77.267913351,0.794023039927,20.)) ;
#2167=CARTESIAN_POINT('Control Point',(78.9754246525,0.753380714249,20.)) ;
#2168=CARTESIAN_POINT('Control Point',(80.6907115429,0.694413353322,20.)) ;
#2169=CARTESIAN_POINT('Control Point',(81.5158250985,0.666267974504,20.)) ;
#2170=CARTESIAN_POINT('Control Point',(83.0703620436,0.640566294622,20.)) ;
#2171=CARTESIAN_POINT('Control Point',(84.6103007873,0.628045337303,20.)) ;
#2172=CARTESIAN_POINT('Control Point',(85.3484664468,0.616614819682,20.)) ;
#2173=CARTESIAN_POINT('Control Point',(86.7901472182,0.53500716845,20.)) ;
#2174=CARTESIAN_POINT('Control Point',(88.2563139375,0.416034490564,20.)) ;
#2175=CARTESIAN_POINT('Control Point',(88.9419786294,0.366729595206,20.)) ;
#2176=CARTESIAN_POINT('Control Point',(90.146244154,0.372241671226,20.)) ;
#2177=CARTESIAN_POINT('Control Point',(91.3115733481,0.424419766042,20.)) ;
#2178=CARTESIAN_POINT('Control Point',(91.8643313321,0.433294738503,20.)) ;
#2179=CARTESIAN_POINT('Control Point',(93.0033347232,0.286649963659,20.)) ;
#2180=CARTESIAN_POINT('Control Point',(94.1962548111,0.0673211950205,20.)) ;
#2181=CARTESIAN_POINT('Control Point',(94.720500433,-0.00835823946676,20.)) ;
#2182=CARTESIAN_POINT('Control Point',(95.4771386465,0.0928082749065,20.)) ;
#2183=CARTESIAN_POINT('Control Point',(96.1721693377,0.272344480862,20.)) ;
#2184=CARTESIAN_POINT('Control Point',(96.5082250259,0.313542729425,20.)) ;
#2185=CARTESIAN_POINT('Control Point',(97.3203055793,0.0808133806364,20.)) ;
#2186=CARTESIAN_POINT('Control Point',(98.1759711363,-0.21001648666,20.)) ;
#2187=CARTESIAN_POINT('Control Point',(98.4973260828,-0.282955591589,20.)) ;
#2188=CARTESIAN_POINT('Control Point',(98.7790358802,-0.095754881658,20.)) ;
#2189=CARTESIAN_POINT('Control Point',(99.0751386904,0.0725267098925,20.)) ;
#2190=CARTESIAN_POINT('Control Point',(99.2222672552,0.0896933312991,20.)) ;
#2191=CARTESIAN_POINT('Control Point',(99.5570279073,-0.0674964488496,20.)) ;
#2192=CARTESIAN_POINT('Control Point',(99.8384421532,-0.155445061137,20.)) ;
#2193=CARTESIAN_POINT('Control Point',(99.900630015,-0.166632372937,20.)) ;
#2194=CARTESIAN_POINT('Control Point',(99.9677311717,-0.152908234076,20.)) ;
#2195=CARTESIAN_POINT('Control Point',(99.9965480321,-0.0894131124969,20.)) ;
#2196=CARTESIAN_POINT('Control Point',(100.001590409,-0.0646682243225,20.)) ;
#2197=CARTESIAN_POINT('Control Point',(100.002741065,-0.0348638534902,20.)) ;
#2198=CARTESIAN_POINT('Control Point',(100.,4.4408920985E-16,20.)) ;
#2199=CARTESIAN_POINT('Control Point',(100.025,0.124,40.)) ;
#2200=CARTESIAN_POINT('Control Point',(99.9715990262,0.142397046958,40.)) ;
#2201=CARTESIAN_POINT('Control Point',(99.9181985802,0.160795690451,40.)) ;
#2202=CARTESIAN_POINT('Control Point',(99.864798662,0.17919593048,40.)) ;
#2203=CARTESIAN_POINT('Control Point',(99.6520393504,0.252514409436,40.)) ;
#2204=CARTESIAN_POINT('Control Point',(99.439281924,0.325839180949,40.)) ;
#2205=CARTESIAN_POINT('Control Point',(99.2799135997,0.380732168907,40.)) ;
#2206=CARTESIAN_POINT('Control Point',(98.8568139349,0.526003893483,40.)) ;
#2207=CARTESIAN_POINT('Control Point',(98.4332164227,0.669815999689,40.)) ;
#2208=CARTESIAN_POINT('Control Point',(98.1689552081,0.758639422541,40.)) ;
#2209=CARTESIAN_POINT('Control Point',(97.5386763364,0.969236704533,40.)) ;
#2210=CARTESIAN_POINT('Control Point',(96.9077482914,1.17788575962,40.)) ;
#2211=CARTESIAN_POINT('Control Point',(96.5414135376,1.29868510533,40.)) ;
#2212=CARTESIAN_POINT('Control Point',(95.7107536336,1.57081546799,40.)) ;
#2213=CARTESIAN_POINT('Control Point',(94.8786487683,1.83850584542,40.)) ;
#2214=CARTESIAN_POINT('Control Point',(94.4131949613,1.98636514497,40.)) ;
#2215=CARTESIAN_POINT('Control Point',(93.3890575702,2.30831023189,40.)) ;
#2216=CARTESIAN_POINT('Control Point',(92.3629938628,2.62405992528,40.)) ;
#2217=CARTESIAN_POINT('Control Point',(91.8032108977,2.79453290784,40.)) ;
#2218=CARTESIAN_POINT('Control Point',(90.5957994045,3.15798227224,40.)) ;
#2219=CARTESIAN_POINT('Control Point',(89.3858035694,3.51276242441,40.)) ;
#2220=CARTESIAN_POINT('Control Point',(88.7365728891,3.70031458435,40.)) ;
#2221=CARTESIAN_POINT('Control Point',(87.3572804209,4.09305757058,40.)) ;
#2222=CARTESIAN_POINT('Control Point',(85.9748973683,4.47477853477,40.)) ;
#2223=CARTESIAN_POINT('Control Point',(85.2430871017,4.67359920314,40.)) ;
#2224=CARTESIAN_POINT('Control Point',(83.7058880033,5.08432235065,40.)) ;
#2225=CARTESIAN_POINT('Control Point',(82.1650933002,5.48138165463,40.)) ;
#2226=CARTESIAN_POINT('Control Point',(81.3576732752,5.68541095742,40.)) ;
#2227=CARTESIAN_POINT('Control Point',(79.6775652541,6.10150300886,40.)) ;
#2228=CARTESIAN_POINT('Control Point',(77.9934634642,6.50113035602,40.)) ;
#2229=CARTESIAN_POINT('Control Point',(77.1186197875,6.70406865069,40.)) ;
#2230=CARTESIAN_POINT('Control Point',(75.3131167928,7.11353079954,40.)) ;
#2231=CARTESIAN_POINT('Control Point',(73.5035411845,7.50463301519,40.)) ;
#2232=CARTESIAN_POINT('Control Point',(72.5707264454,7.70113840964,40.)) ;
#2233=CARTESIAN_POINT('Control Point',(70.6591126158,8.09310966105,40.)) ;
#2234=CARTESIAN_POINT('Control Point',(68.7432298862,8.4636819162,40.)) ;
#2235=CARTESIAN_POINT('Control Point',(67.7621929545,8.64752710412,40.)) ;
#2236=CARTESIAN_POINT('Control Point',(65.7644258149,9.00985948013,40.)) ;
#2237=CARTESIAN_POINT('Control Point',(63.7624690245,9.34832444166,40.)) ;
#2238=CARTESIAN_POINT('Control Point',(62.7436242879,9.51418520462,40.)) ;
#2239=CARTESIAN_POINT('Control Point',(60.6814625963,9.83686225405,40.)) ;
#2240=CARTESIAN_POINT('Control Point',(58.6154125767,10.1336031944,40.)) ;
#2241=CARTESIAN_POINT('Control Point',(57.5701724461,10.2768995892,40.)) ;
#2242=CARTESIAN_POINT('Control Point',(55.4663812961,10.5514826009,40.)) ;
#2243=CARTESIAN_POINT('Control Point',(53.3590747572,10.7978251923,40.)) ;
#2244=CARTESIAN_POINT('Control Point',(52.2988230127,10.9142954162,40.)) ;
#2245=CARTESIAN_POINT('Control Point',(50.1771970518,11.131620605,40.)) ;
#2246=CARTESIAN_POINT('Control Point',(48.0526719947,11.3182836412,40.)) ;
#2247=CARTESIAN_POINT('Control Point',(46.9899933354,11.4040466255,40.)) ;
#2248=CARTESIAN_POINT('Control Point',(44.873062783,11.5610450786,40.)) ;
#2249=CARTESIAN_POINT('Control Point',(42.7540550078,11.6873110893,40.)) ;
#2250=CARTESIAN_POINT('Control Point',(41.6988417173,11.741725603,40.)) ;
#2251=CARTESIAN_POINT('Control Point',(39.5876853222,11.8291786606,40.)) ;
#2252=CARTESIAN_POINT('Control Point',(37.4749843563,11.867881334,40.)) ;
#2253=CARTESIAN_POINT('Control Point',(36.4185255657,11.8735378095,40.)) ;
#2254=CARTESIAN_POINT('Control Point',(34.3391814846,11.8562052917,40.)) ;
#2255=CARTESIAN_POINT('Control Point',(32.2611306041,11.7810481635,40.)) ;
#2256=CARTESIAN_POINT('Control Point',(31.2394419611,11.7296606301,40.)) ;
#2257=CARTESIAN_POINT('Control Point',(29.242239626,11.6006234167,40.)) ;
#2258=CARTESIAN_POINT('Control Point',(27.2495232994,11.4151097278,40.)) ;
#2259=CARTESIAN_POINT('Control Point',(26.2766471992,11.3107525904,40.)) ;
#2260=CARTESIAN_POINT('Control Point',(24.3881506658,11.0809050655,40.)) ;
#2261=CARTESIAN_POINT('Control Point',(22.5070176915,10.7969205318,40.)) ;
#2262=CARTESIAN_POINT('Control Point',(21.5954429033,10.6458368566,40.)) ;
#2263=CARTESIAN_POINT('Control Point',(19.8406678558,10.3276588914,40.)) ;
#2264=CARTESIAN_POINT('Control Point',(18.0963358075,9.95676249839,40.)) ;
#2265=CARTESIAN_POINT('Control Point',(17.2584243281,9.76546419335,40.)) ;
#2266=CARTESIAN_POINT('Control Point',(15.6600612774,9.37492179846,40.)) ;
#2267=CARTESIAN_POINT('Control Point',(14.0745105472,8.93513720264,40.)) ;
#2268=CARTESIAN_POINT('Control Point',(13.3205665174,8.71330420456,40.)) ;
#2269=CARTESIAN_POINT('Control Point',(11.8987221418,8.26860350001,40.)) ;
#2270=CARTESIAN_POINT('Control Point',(10.4926478158,7.77655342144,40.)) ;
#2271=CARTESIAN_POINT('Control Point',(9.8320559812,7.53315407443,40.)) ;
#2272=CARTESIAN_POINT('Control Point',(8.60164261364,7.05665271007,40.)) ;
#2273=CARTESIAN_POINT('Control Point',(7.38928690677,6.53593139872,40.)) ;
#2274=CARTESIAN_POINT('Control Point',(6.82858874323,6.28232879153,40.)) ;
#2275=CARTESIAN_POINT('Control Point',(5.80416248989,5.79010798221,40.)) ;
#2276=CARTESIAN_POINT('Control Point',(4.8027259725,5.25247154552,40.)) ;
#2277=CARTESIAN_POINT('Control Point',(4.34876895946,4.99613396347,40.)) ;
#2278=CARTESIAN_POINT('Control Point',(3.53485869535,4.51443529126,40.)) ;
#2279=CARTESIAN_POINT('Control Point',(2.74864725025,3.98944211465,40.)) ;
#2280=CARTESIAN_POINT('Control Point',(2.40298777514,3.74292060394,40.)) ;
#2281=CARTESIAN_POINT('Control Point',(1.80744064953,3.27853231322,40.)) ;
#2282=CARTESIAN_POINT('Control Point',(1.25283645812,2.76463384367,40.)) ;
#2283=CARTESIAN_POINT('Control Point',(1.01978037305,2.53049706881,40.)) ;
#2284=CARTESIAN_POINT('Control Point',(0.631749089846,2.1072430405,40.)) ;
#2285=CARTESIAN_POINT('Control Point',(0.306105395239,1.63615386645,40.)) ;
#2286=CARTESIAN_POINT('Control Point',(0.18281225178,1.42382498485,40.)) ;
#2287=CARTESIAN_POINT('Control Point',(0.00290701082148,1.01534637833,40.)) ;
#2288=CARTESIAN_POINT('Control Point',(-0.0719264590867,0.573768171249,40.)) ;
#2289=CARTESIAN_POINT('Control Point',(-0.0793936016043,0.376676013141,40.)) ;
#2290=CARTESIAN_POINT('Control Point',(-0.0303954850738,-0.00912546322269,40.)) ;
#2291=CARTESIAN_POINT('Control Point',(0.140208521758,-0.358505267549,40.)) ;
#2292=CARTESIAN_POINT('Control Point',(0.254352744623,-0.519194194457,40.)) ;
#2293=CARTESIAN_POINT('Control Point',(0.556427639421,-0.846448219008,40.)) ;
#2294=CARTESIAN_POINT('Control Point',(0.926002413322,-1.09188964373,40.)) ;
#2295=CARTESIAN_POINT('Control Point',(1.14147553404,-1.2043289625,40.)) ;
#2296=CARTESIAN_POINT('Control Point',(1.65844312008,-1.42689995424,40.)) ;
#2297=CARTESIAN_POINT('Control Point',(2.20092349699,-1.58212591075,40.)) ;
#2298=CARTESIAN_POINT('Control Point',(2.51476705204,-1.65933705874,40.)) ;
#2299=CARTESIAN_POINT('Control Point',(3.23389058762,-1.80924441898,40.)) ;
#2300=CARTESIAN_POINT('Control Point',(3.96099681794,-1.90630681546,40.)) ;
#2301=CARTESIAN_POINT('Control Point',(4.3687788207,-1.94624055099,40.)) ;
#2302=CARTESIAN_POINT('Control Point',(5.27281216645,-2.01282724958,40.)) ;
#2303=CARTESIAN_POINT('Control Point',(6.17925657526,-2.04316297829,40.)) ;
#2304=CARTESIAN_POINT('Control Point',(6.67680999264,-2.05329480809,40.)) ;
#2305=CARTESIAN_POINT('Control Point',(7.75549617713,-2.06073853569,40.)) ;
#2306=CARTESIAN_POINT('Control Point',(8.83369995716,-2.03922583822,40.)) ;
#2307=CARTESIAN_POINT('Control Point',(9.41402865248,-2.02008720851,40.)) ;
#2308=CARTESIAN_POINT('Control Point',(10.6521054509,-1.96784103675,40.)) ;
#2309=CARTESIAN_POINT('Control Point',(11.8893624936,-1.89678359224,40.)) ;
#2310=CARTESIAN_POINT('Control Point',(12.5468031009,-1.8554724684,40.)) ;
#2311=CARTESIAN_POINT('Control Point',(13.9315720519,-1.76119331009,40.)) ;
#2312=CARTESIAN_POINT('Control Point',(15.3153043345,-1.6536746627,40.)) ;
#2313=CARTESIAN_POINT('Control Point',(16.0420162621,-1.59414303142,40.)) ;
#2314=CARTESIAN_POINT('Control Point',(17.557997134,-1.46592325519,40.)) ;
#2315=CARTESIAN_POINT('Control Point',(19.0735362438,-1.33229221352,40.)) ;
#2316=CARTESIAN_POINT('Control Point',(19.8627117251,-1.26210383877,40.)) ;
#2317=CARTESIAN_POINT('Control Point',(21.4963915824,-1.11605938574,40.)) ;
#2318=CARTESIAN_POINT('Control Point',(23.130053821,-0.969968628529,40.)) ;
#2319=CARTESIAN_POINT('Control Point',(23.9746045283,-0.894860108004,40.)) ;
#2320=CARTESIAN_POINT('Control Point',(25.7113697907,-0.742427535097,40.)) ;
#2321=CARTESIAN_POINT('Control Point',(27.4486553113,-0.595931642873,40.)) ;
#2322=CARTESIAN_POINT('Control Point',(28.3412331199,-0.522751117159,40.)) ;
#2323=CARTESIAN_POINT('Control Point',(30.1662912664,-0.378070155195,40.)) ;
#2324=CARTESIAN_POINT('Control Point',(31.992243873,-0.245082222414,40.)) ;
#2325=CARTESIAN_POINT('Control Point',(32.9252334774,-0.180646641789,40.)) ;
#2326=CARTESIAN_POINT('Control Point',(34.8237390193,-0.0577272759797,40.)) ;
#2327=CARTESIAN_POINT('Control Point',(36.7232965779,0.0478058004841,40.)) ;
#2328=CARTESIAN_POINT('Control Point',(37.6893391338,0.0967573536365,40.)) ;
#2329=CARTESIAN_POINT('Control Point',(39.6678479299,0.187688269015,40.)) ;
#2330=CARTESIAN_POINT('Control Point',(41.6469871014,0.263633608572,40.)) ;
#2331=CARTESIAN_POINT('Control Point',(42.6596564771,0.299680450418,40.)) ;
#2332=CARTESIAN_POINT('Control Point',(44.7000664781,0.370856363419,40.)) ;
#2333=CARTESIAN_POINT('Control Point',(46.7404840441,0.440689589019,40.)) ;
#2334=CARTESIAN_POINT('Control Point',(47.768229373,0.475932093698,40.)) ;
#2335=CARTESIAN_POINT('Control Point',(49.8263359151,0.543851812884,40.)) ;
#2336=CARTESIAN_POINT('Control Point',(51.884757731,0.604666349634,40.)) ;
#2337=CARTESIAN_POINT('Control Point',(52.9152329119,0.632876005547,40.)) ;
#2338=CARTESIAN_POINT('Control Point',(54.967824936,0.685612320126,40.)) ;
#2339=CARTESIAN_POINT('Control Point',(57.0203790957,0.731116015167,40.)) ;
#2340=CARTESIAN_POINT('Control Point',(58.0426300536,0.751899169482,40.)) ;
#2341=CARTESIAN_POINT('Control Point',(60.0687045016,0.788069712312,40.)) ;
#2342=CARTESIAN_POINT('Control Point',(62.0953940609,0.814774380876,40.)) ;
#2343=CARTESIAN_POINT('Control Point',(63.0991294146,0.825787898166,40.)) ;
#2344=CARTESIAN_POINT('Control Point',(65.0751934301,0.844738080307,40.)) ;
#2345=CARTESIAN_POINT('Control Point',(67.0503107582,0.855824220286,40.)) ;
#2346=CARTESIAN_POINT('Control Point',(68.023018154,0.858799511939,40.)) ;
#2347=CARTESIAN_POINT('Control Point',(69.9304513019,0.856118865532,40.)) ;
#2348=CARTESIAN_POINT('Control Point',(71.8399426027,0.841703352374,40.)) ;
#2349=CARTESIAN_POINT('Control Point',(72.7737931121,0.832969526796,40.)) ;
#2350=CARTESIAN_POINT('Control Point',(74.5839125452,0.820055333465,40.)) ;
#2351=CARTESIAN_POINT('Control Point',(76.3897844222,0.804531009507,40.)) ;
#2352=CARTESIAN_POINT('Control Point',(77.267913351,0.794023039927,40.)) ;
#2353=CARTESIAN_POINT('Control Point',(78.9754246525,0.753380714249,40.)) ;
#2354=CARTESIAN_POINT('Control Point',(80.6907115429,0.694413353322,40.)) ;
#2355=CARTESIAN_POINT('Control Point',(81.5158250985,0.666267974504,40.)) ;
#2356=CARTESIAN_POINT('Control Point',(83.0703620436,0.640566294622,40.)) ;
#2357=CARTESIAN_POINT('Control Point',(84.6103007873,0.628045337303,40.)) ;
#2358=CARTESIAN_POINT('Control Point',(85.3484664468,0.616614819682,40.)) ;
#2359=CARTESIAN_POINT('Control Point',(86.7901472182,0.53500716845,40.)) ;
#2360=CARTESIAN_POINT('Control Point',(88.2563139375,0.416034490564,40.)) ;
#2361=CARTESIAN_POINT('Control Point',(88.9419786294,0.366729595206,40.)) ;
#2362=CARTESIAN_POINT('Control Point',(90.146244154,0.372241671226,40.)) ;
#2363=CARTESIAN_POINT('Control Point',(91.3115733481,0.424419766042,40.)) ;
#2364=CARTESIAN_POINT('Control Point',(91.8643313321,0.433294738503,40.)) ;
#2365=CARTESIAN_POINT('Control Point',(93.0033347232,0.286649963659,40.)) ;
#2366=CARTESIAN_POINT('Control Point',(94.1962548111,0.0673211950205,40.)) ;
#2367=CARTESIAN_POINT('Control Point',(94.720500433,-0.00835823946676,40.)) ;
#2368=CARTESIAN_POINT('Control Point',(95.4771386465,0.0928082749065,40.)) ;
#2369=CARTESIAN_POINT('Control Point',(96.1721693377,0.272344480862,40.)) ;
#2370=CARTESIAN_POINT('Control Point',(96.5082250259,0.313542729425,40.)) ;
#2371=CARTESIAN_POINT('Control Point',(97.3203055793,0.0808133806364,40.)) ;
#2372=CARTESIAN_POINT('Control Point',(98.1759711363,-0.21001648666,40.)) ;
#2373=CARTESIAN_POINT('Control Point',(98.4973260828,-0.282955591589,40.)) ;
#2374=CARTESIAN_POINT('Control Point',(98.7790358802,-0.095754881658,40.)) ;
#2375=CARTESIAN_POINT('Control Point',(99.0751386904,0.0725267098925,40.)) ;
#2376=CARTESIAN_POINT('Control Point',(99.2222672552,0.0896933312991,40.)) ;
#2377=CARTESIAN_POINT('Control Point',(99.5570279073,-0.0674964488496,40.)) ;
#2378=CARTESIAN_POINT('Control Point',(99.8384421532,-0.155445061137,40.)) ;
#2379=CARTESIAN_POINT('Control Point',(99.900630015,-0.166632372937,40.)) ;
#2380=CARTESIAN_POINT('Control Point',(99.9677311717,-0.152908234076,40.)) ;
#2381=CARTESIAN_POINT('Control Point',(99.9965480321,-0.0894131124969,40.)) ;
#2382=CARTESIAN_POINT('Control Point',(100.001590409,-0.0646682243225,40.)) ;
#2383=CARTESIAN_POINT('Control Point',(100.002741065,-0.0348638534902,40.)) ;
#2384=CARTESIAN_POINT('Control Point',(100.,4.4408920985E-16,40.)) ;
#2385=CARTESIAN_POINT('Control Point',(100.025,0.124,60.)) ;
#2386=CARTESIAN_POINT('Control Point',(99.9715990262,0.142397046958,60.)) ;
#2387=CARTESIAN_POINT('Control Point',(99.9181985802,0.160795690451,60.)) ;
#2388=CARTESIAN_POINT('Control Point',(99.864798662,0.17919593048,60.)) ;
#2389=CARTESIAN_POINT('Control Point',(99.6520393504,0.252514409436,60.)) ;
#2390=CARTESIAN_POINT('Control Point',(99.439281924,0.325839180949,60.)) ;
#2391=CARTESIAN_POINT('Control Point',(99.2799135997,0.380732168907,60.)) ;
#2392=CARTESIAN_POINT('Control Point',(98.8568139349,0.526003893483,60.)) ;
#2393=CARTESIAN_POINT('Control Point',(98.4332164227,0.669815999689,60.)) ;
#2394=CARTESIAN_POINT('Control Point',(98.1689552081,0.758639422541,60.)) ;
#2395=CARTESIAN_POINT('Control Point',(97.5386763364,0.969236704533,60.)) ;
#2396=CARTESIAN_POINT('Control Point',(96.9077482914,1.17788575962,60.)) ;
#2397=CARTESIAN_POINT('Control Point',(96.5414135376,1.29868510533,60.)) ;
#2398=CARTESIAN_POINT('Control Point',(95.7107536336,1.57081546799,60.)) ;
#2399=CARTESIAN_POINT('Control Point',(94.8786487683,1.83850584542,60.)) ;
#2400=CARTESIAN_POINT('Control Point',(94.4131949613,1.98636514497,60.)) ;
#2401=CARTESIAN_POINT('Control Point',(93.3890575702,2.30831023189,60.)) ;
#2402=CARTESIAN_POINT('Control Point',(92.3629938628,2.62405992528,60.)) ;
#2403=CARTESIAN_POINT('Control Point',(91.8032108977,2.79453290784,60.)) ;
#2404=CARTESIAN_POINT('Control Point',(90.5957994045,3.15798227224,60.)) ;
#2405=CARTESIAN_POINT('Control Point',(89.3858035694,3.51276242441,60.)) ;
#2406=CARTESIAN_POINT('Control Point',(88.7365728891,3.70031458435,60.)) ;
#2407=CARTESIAN_POINT('Control Point',(87.3572804209,4.09305757058,60.)) ;
#2408=CARTESIAN_POINT('Control Point',(85.9748973683,4.47477853477,60.)) ;
#2409=CARTESIAN_POINT('Control Point',(85.2430871017,4.67359920314,60.)) ;
#2410=CARTESIAN_POINT('Control Point',(83.7058880033,5.08432235065,60.)) ;
#2411=CARTESIAN_POINT('Control Point',(82.1650933002,5.48138165463,60.)) ;
#2412=CARTESIAN_POINT('Control Point',(81.3576732752,5.68541095742,60.)) ;
#2413=CARTESIAN_POINT('Control Point',(79.6775652541,6.10150300886,60.)) ;
#2414=CARTESIAN_POINT('Control Point',(77.9934634642,6.50113035602,60.)) ;
#2415=CARTESIAN_POINT('Control Point',(77.1186197875,6.70406865069,60.)) ;
#2416=CARTESIAN_POINT('Control Point',(75.3131167928,7.11353079954,60.)) ;
#2417=CARTESIAN_POINT('Control Point',(73.5035411845,7.50463301519,60.)) ;
#2418=CARTESIAN_POINT('Control Point',(72.5707264454,7.70113840964,60.)) ;
#2419=CARTESIAN_POINT('Control Point',(70.6591126158,8.09310966105,60.)) ;
#2420=CARTESIAN_POINT('Control Point',(68.7432298862,8.4636819162,60.)) ;
#2421=CARTESIAN_POINT('Control Point',(67.7621929545,8.64752710412,60.)) ;
#2422=CARTESIAN_POINT('Control Point',(65.7644258149,9.00985948013,60.)) ;
#2423=CARTESIAN_POINT('Control Point',(63.7624690245,9.34832444166,60.)) ;
#2424=CARTESIAN_POINT('Control Point',(62.7436242879,9.51418520462,60.)) ;
#2425=CARTESIAN_POINT('Control Point',(60.6814625963,9.83686225405,60.)) ;
#2426=CARTESIAN_POINT('Control Point',(58.6154125767,10.1336031944,60.)) ;
#2427=CARTESIAN_POINT('Control Point',(57.5701724461,10.2768995892,60.)) ;
#2428=CARTESIAN_POINT('Control Point',(55.4663812961,10.5514826009,60.)) ;
#2429=CARTESIAN_POINT('Control Point',(53.3590747572,10.7978251923,60.)) ;
#2430=CARTESIAN_POINT('Control Point',(52.2988230127,10.9142954162,60.)) ;
#2431=CARTESIAN_POINT('Control Point',(50.1771970518,11.131620605,60.)) ;
#2432=CARTESIAN_POINT('Control Point',(48.0526719947,11.3182836412,60.)) ;
#2433=CARTESIAN_POINT('Control Point',(46.9899933354,11.4040466255,60.)) ;
#2434=CARTESIAN_POINT('Control Point',(44.873062783,11.5610450786,60.)) ;
#2435=CARTESIAN_POINT('Control Point',(42.7540550078,11.6873110893,60.)) ;
#2436=CARTESIAN_POINT('Control Point',(41.6988417173,11.741725603,60.)) ;
#2437=CARTESIAN_POINT('Control Point',(39.5876853222,11.8291786606,60.)) ;
#2438=CARTESIAN_POINT('Control Point',(37.4749843563,11.867881334,60.)) ;
#2439=CARTESIAN_POINT('Control Point',(36.4185255657,11.8735378095,60.)) ;
#2440=CARTESIAN_POINT('Control Point',(34.3391814846,11.8562052917,60.)) ;
#2441=CARTESIAN_POINT('Control Point',(32.2611306041,11.7810481635,60.)) ;
#2442=CARTESIAN_POINT('Control Point',(31.2394419611,11.7296606301,60.)) ;
#2443=CARTESIAN_POINT('Control Point',(29.242239626,11.6006234167,60.)) ;
#2444=CARTESIAN_POINT('Control Point',(27.2495232994,11.4151097278,60.)) ;
#2445=CARTESIAN_POINT('Control Point',(26.2766471992,11.3107525904,60.)) ;
#2446=CARTESIAN_POINT('Control Point',(24.3881506658,11.0809050655,60.)) ;
#2447=CARTESIAN_POINT('Control Point',(22.5070176915,10.7969205318,60.)) ;
#2448=CARTESIAN_POINT('Control Point',(21.5954429033,10.6458368566,60.)) ;
#2449=CARTESIAN_POINT('Control Point',(19.8406678558,10.3276588914,60.)) ;
#2450=CARTESIAN_POINT('Control Point',(18.0963358075,9.95676249839,60.)) ;
#2451=CARTESIAN_POINT('Control Point',(17.2584243281,9.76546419335,60.)) ;
#2452=CARTESIAN_POINT('Control Point',(15.6600612774,9.37492179846,60.)) ;
#2453=CARTESIAN_POINT('Control Point',(14.0745105472,8.93513720264,60.)) ;
#2454=CARTESIAN_POINT('Control Point',(13.3205665174,8.71330420456,60.)) ;
#2455=CARTESIAN_POINT('Control Point',(11.8987221418,8.26860350001,60.)) ;
#2456=CARTESIAN_POINT('Control Point',(10.4926478158,7.77655342144,60.)) ;
#2457=CARTESIAN_POINT('Control Point',(9.8320559812,7.53315407443,60.)) ;
#2458=CARTESIAN_POINT('Control Point',(8.60164261364,7.05665271007,60.)) ;
#2459=CARTESIAN_POINT('Control Point',(7.38928690677,6.53593139872,60.)) ;
#2460=CARTESIAN_POINT('Control Point',(6.82858874323,6.28232879153,60.)) ;
#2461=CARTESIAN_POINT('Control Point',(5.80416248989,5.79010798221,60.)) ;
#2462=CARTESIAN_POINT('Control Point',(4.8027259725,5.25247154552,60.)) ;
#2463=CARTESIAN_POINT('Control Point',(4.34876895946,4.99613396347,60.)) ;
#2464=CARTESIAN_POINT('Control Point',(3.53485869535,4.51443529126,60.)) ;
#2465=CARTESIAN_POINT('Control Point',(2.74864725025,3.98944211465,60.)) ;
#2466=CARTESIAN_POINT('Control Point',(2.40298777514,3.74292060394,60.)) ;
#2467=CARTESIAN_POINT('Control Point',(1.80744064953,3.27853231322,60.)) ;
#2468=CARTESIAN_POINT('Control Point',(1.25283645812,2.76463384367,60.)) ;
#2469=CARTESIAN_POINT('Control Point',(1.01978037305,2.53049706881,60.)) ;
#2470=CARTESIAN_POINT('Control Point',(0.631749089846,2.1072430405,60.)) ;
#2471=CARTESIAN_POINT('Control Point',(0.306105395239,1.63615386645,60.)) ;
#2472=CARTESIAN_POINT('Control Point',(0.18281225178,1.42382498485,60.)) ;
#2473=CARTESIAN_POINT('Control Point',(0.0029070108215,1.01534637833,60.)) ;
#2474=CARTESIAN_POINT('Control Point',(-0.0719264590864,0.573768171249,60.)) ;
#2475=CARTESIAN_POINT('Control Point',(-0.0793936016043,0.376676013141,60.)) ;
#2476=CARTESIAN_POINT('Control Point',(-0.0303954850736,-0.00912546322268,60.)) ;
#2477=CARTESIAN_POINT('Control Point',(0.140208521758,-0.358505267549,60.)) ;
#2478=CARTESIAN_POINT('Control Point',(0.254352744623,-0.519194194457,60.)) ;
#2479=CARTESIAN_POINT('Control Point',(0.556427639421,-0.846448219008,60.)) ;
#2480=CARTESIAN_POINT('Control Point',(0.926002413321,-1.09188964373,60.)) ;
#2481=CARTESIAN_POINT('Control Point',(1.14147553404,-1.2043289625,60.)) ;
#2482=CARTESIAN_POINT('Control Point',(1.65844312008,-1.42689995424,60.)) ;
#2483=CARTESIAN_POINT('Control Point',(2.20092349699,-1.58212591075,60.)) ;
#2484=CARTESIAN_POINT('Control Point',(2.51476705204,-1.65933705874,60.)) ;
#2485=CARTESIAN_POINT('Control Point',(3.23389058762,-1.80924441898,60.)) ;
#2486=CARTESIAN_POINT('Control Point',(3.96099681794,-1.90630681546,60.)) ;
#2487=CARTESIAN_POINT('Control Point',(4.3687788207,-1.94624055099,60.)) ;
#2488=CARTESIAN_POINT('Control Point',(5.27281216645,-2.01282724958,60.)) ;
#2489=CARTESIAN_POINT('Control Point',(6.17925657526,-2.04316297829,60.)) ;
#2490=CARTESIAN_POINT('Control Point',(6.67680999264,-2.05329480809,60.)) ;
#2491=CARTESIAN_POINT('Control Point',(7.75549617713,-2.06073853569,60.)) ;
#2492=CARTESIAN_POINT('Control Point',(8.83369995716,-2.03922583822,60.)) ;
#2493=CARTESIAN_POINT('Control Point',(9.41402865248,-2.02008720851,60.)) ;
#2494=CARTESIAN_POINT('Control Point',(10.6521054509,-1.96784103675,60.)) ;
#2495=CARTESIAN_POINT('Control Point',(11.8893624936,-1.89678359224,60.)) ;
#2496=CARTESIAN_POINT('Control Point',(12.5468031009,-1.8554724684,60.)) ;
#2497=CARTESIAN_POINT('Control Point',(13.9315720519,-1.76119331009,60.)) ;
#2498=CARTESIAN_POINT('Control Point',(15.3153043345,-1.6536746627,60.)) ;
#2499=CARTESIAN_POINT('Control Point',(16.0420162621,-1.59414303142,60.)) ;
#2500=CARTESIAN_POINT('Control Point',(17.557997134,-1.46592325519,60.)) ;
#2501=CARTESIAN_POINT('Control Point',(19.0735362438,-1.33229221352,60.)) ;
#2502=CARTESIAN_POINT('Control Point',(19.8627117251,-1.26210383877,60.)) ;
#2503=CARTESIAN_POINT('Control Point',(21.4963915824,-1.11605938574,60.)) ;
#2504=CARTESIAN_POINT('Control Point',(23.130053821,-0.969968628529,60.)) ;
#2505=CARTESIAN_POINT('Control Point',(23.9746045283,-0.894860108004,60.)) ;
#2506=CARTESIAN_POINT('Control Point',(25.7113697907,-0.742427535097,60.)) ;
#2507=CARTESIAN_POINT('Control Point',(27.4486553113,-0.595931642873,60.)) ;
#2508=CARTESIAN_POINT('Control Point',(28.3412331199,-0.522751117159,60.)) ;
#2509=CARTESIAN_POINT('Control Point',(30.1662912664,-0.378070155195,60.)) ;
#2510=CARTESIAN_POINT('Control Point',(31.992243873,-0.245082222414,60.)) ;
#2511=CARTESIAN_POINT('Control Point',(32.9252334774,-0.180646641789,60.)) ;
#2512=CARTESIAN_POINT('Control Point',(34.8237390193,-0.0577272759796,60.)) ;
#2513=CARTESIAN_POINT('Control Point',(36.7232965779,0.0478058004841,60.)) ;
#2514=CARTESIAN_POINT('Control Point',(37.6893391338,0.0967573536365,60.)) ;
#2515=CARTESIAN_POINT('Control Point',(39.6678479299,0.187688269015,60.)) ;
#2516=CARTESIAN_POINT('Control Point',(41.6469871014,0.263633608572,60.)) ;
#2517=CARTESIAN_POINT('Control Point',(42.6596564771,0.299680450418,60.)) ;
#2518=CARTESIAN_POINT('Control Point',(44.7000664781,0.370856363419,60.)) ;
#2519=CARTESIAN_POINT('Control Point',(46.7404840441,0.440689589019,60.)) ;
#2520=CARTESIAN_POINT('Control Point',(47.768229373,0.475932093698,60.)) ;
#2521=CARTESIAN_POINT('Control Point',(49.8263359151,0.543851812884,60.)) ;
#2522=CARTESIAN_POINT('Control Point',(51.884757731,0.604666349634,60.)) ;
#2523=CARTESIAN_POINT('Control Point',(52.9152329119,0.632876005547,60.)) ;
#2524=CARTESIAN_POINT('Control Point',(54.967824936,0.685612320126,60.)) ;
#2525=CARTESIAN_POINT('Control Point',(57.0203790957,0.731116015167,60.)) ;
#2526=CARTESIAN_POINT('Control Point',(58.0426300536,0.751899169482,60.)) ;
#2527=CARTESIAN_POINT('Control Point',(60.0687045016,0.788069712312,60.)) ;
#2528=CARTESIAN_POINT('Control Point',(62.0953940609,0.814774380876,60.)) ;
#2529=CARTESIAN_POINT('Control Point',(63.0991294146,0.825787898166,60.)) ;
#2530=CARTESIAN_POINT('Control Point',(65.0751934301,0.844738080307,60.)) ;
#2531=CARTESIAN_POINT('Control Point',(67.0503107582,0.855824220286,60.)) ;
#2532=CARTESIAN_POINT('Control Point',(68.023018154,0.858799511939,60.)) ;
#2533=CARTESIAN_POINT('Control Point',(69.9304513019,0.856118865532,60.)) ;
#2534=CARTESIAN_POINT('Control Point',(71.8399426027,0.841703352374,60.)) ;
#2535=CARTESIAN_POINT('Control Point',(72.7737931121,0.832969526796,60.)) ;
#2536=CARTESIAN_POINT('Control Point',(74.5839125452,0.820055333465,60.)) ;
#2537=CARTESIAN_POINT('Control Point',(76.3897844222,0.804531009507,60.)) ;
#2538=CARTESIAN_POINT('Control Point',(77.267913351,0.794023039927,60.)) ;
#2539=CARTESIAN_POINT('Control Point',(78.9754246525,0.753380714249,60.)) ;
#2540=CARTESIAN_POINT('Control Point',(80.6907115429,0.694413353322,60.)) ;
#2541=CARTESIAN_POINT('Control Point',(81.5158250985,0.666267974504,60.)) ;
#2542=CARTESIAN_POINT('Control Point',(83.0703620436,0.640566294622,60.)) ;
#2543=CARTESIAN_POINT('Control Point',(84.6103007873,0.628045337303,60.)) ;
#2544=CARTESIAN_POINT('Control Point',(85.3484664468,0.616614819682,60.)) ;
#2545=CARTESIAN_POINT('Control Point',(86.7901472182,0.53500716845,60.)) ;
#2546=CARTESIAN_POINT('Control Point',(88.2563139375,0.416034490564,60.)) ;
#2547=CARTESIAN_POINT('Control Point',(88.9419786294,0.366729595206,60.)) ;
#2548=CARTESIAN_POINT('Control Point',(90.146244154,0.372241671226,60.)) ;
#2549=CARTESIAN_POINT('Control Point',(91.3115733481,0.424419766042,60.)) ;
#2550=CARTESIAN_POINT('Control Point',(91.8643313321,0.433294738503,60.)) ;
#2551=CARTESIAN_POINT('Control Point',(93.0033347232,0.286649963659,60.)) ;
#2552=CARTESIAN_POINT('Control Point',(94.1962548111,0.0673211950205,60.)) ;
#2553=CARTESIAN_POINT('Control Point',(94.720500433,-0.00835823946676,60.)) ;
#2554=CARTESIAN_POINT('Control Point',(95.4771386465,0.0928082749065,60.)) ;
#2555=CARTESIAN_POINT('Control Point',(96.1721693377,0.272344480862,60.)) ;
#2556=CARTESIAN_POINT('Control Point',(96.5082250259,0.313542729425,60.)) ;
#2557=CARTESIAN_POINT('Control Point',(97.3203055793,0.0808133806364,60.)) ;
#2558=CARTESIAN_POINT('Control Point',(98.1759711363,-0.21001648666,60.)) ;
#2559=CARTESIAN_POINT('Control Point',(98.4973260828,-0.282955591589,60.)) ;
#2560=CARTESIAN_POINT('Control Point',(98.7790358802,-0.095754881658,60.)) ;
#2561=CARTESIAN_POINT('Control Point',(99.0751386904,0.0725267098925,60.)) ;
#2562=CARTESIAN_POINT('Control Point',(99.2222672552,0.0896933312991,60.)) ;
#2563=CARTESIAN_POINT('Control Point',(99.5570279073,-0.0674964488496,60.)) ;
#2564=CARTESIAN_POINT('Control Point',(99.8384421532,-0.155445061137,60.)) ;
#2565=CARTESIAN_POINT('Control Point',(99.900630015,-0.166632372937,60.)) ;
#2566=CARTESIAN_POINT('Control Point',(99.9677311717,-0.152908234076,60.)) ;
#2567=CARTESIAN_POINT('Control Point',(99.9965480321,-0.0894131124969,60.)) ;
#2568=CARTESIAN_POINT('Control Point',(100.001590409,-0.0646682243225,60.)) ;
#2569=CARTESIAN_POINT('Control Point',(100.002741065,-0.0348638534902,60.)) ;
#2570=CARTESIAN_POINT('Control Point',(100.,-3.10862446895E-15,60.)) ;
#2571=CARTESIAN_POINT('Control Point',(100.025,0.124,80.)) ;
#2572=CARTESIAN_POINT('Control Point',(99.9715990262,0.142397046958,80.)) ;
#2573=CARTESIAN_POINT('Control Point',(99.9181985802,0.160795690451,80.)) ;
#2574=CARTESIAN_POINT('Control Point',(99.864798662,0.17919593048,80.)) ;
#2575=CARTESIAN_POINT('Control Point',(99.6520393504,0.252514409436,80.)) ;
#2576=CARTESIAN_POINT('Control Point',(99.439281924,0.325839180949,80.)) ;
#2577=CARTESIAN_POINT('Control Point',(99.2799135997,0.380732168907,80.)) ;
#2578=CARTESIAN_POINT('Control Point',(98.8568139349,0.526003893483,80.)) ;
#2579=CARTESIAN_POINT('Control Point',(98.4332164227,0.669815999689,80.)) ;
#2580=CARTESIAN_POINT('Control Point',(98.1689552081,0.758639422541,80.)) ;
#2581=CARTESIAN_POINT('Control Point',(97.5386763364,0.969236704533,80.)) ;
#2582=CARTESIAN_POINT('Control Point',(96.9077482914,1.17788575962,80.)) ;
#2583=CARTESIAN_POINT('Control Point',(96.5414135376,1.29868510533,80.)) ;
#2584=CARTESIAN_POINT('Control Point',(95.7107536336,1.57081546799,80.)) ;
#2585=CARTESIAN_POINT('Control Point',(94.8786487683,1.83850584542,80.)) ;
#2586=CARTESIAN_POINT('Control Point',(94.4131949613,1.98636514497,80.)) ;
#2587=CARTESIAN_POINT('Control Point',(93.3890575702,2.30831023189,80.)) ;
#2588=CARTESIAN_POINT('Control Point',(92.3629938628,2.62405992528,80.)) ;
#2589=CARTESIAN_POINT('Control Point',(91.8032108977,2.79453290784,80.)) ;
#2590=CARTESIAN_POINT('Control Point',(90.5957994045,3.15798227224,80.)) ;
#2591=CARTESIAN_POINT('Control Point',(89.3858035694,3.51276242441,80.)) ;
#2592=CARTESIAN_POINT('Control Point',(88.7365728891,3.70031458435,80.)) ;
#2593=CARTESIAN_POINT('Control Point',(87.3572804209,4.09305757058,80.)) ;
#2594=CARTESIAN_POINT('Control Point',(85.9748973683,4.47477853477,80.)) ;
#2595=CARTESIAN_POINT('Control Point',(85.2430871017,4.67359920314,80.)) ;
#2596=CARTESIAN_POINT('Control Point',(83.7058880033,5.08432235065,80.)) ;
#2597=CARTESIAN_POINT('Control Point',(82.1650933002,5.48138165463,80.)) ;
#2598=CARTESIAN_POINT('Control Point',(81.3576732752,5.68541095742,80.)) ;
#2599=CARTESIAN_POINT('Control Point',(79.6775652541,6.10150300886,80.)) ;
#2600=CARTESIAN_POINT('Control Point',(77.9934634642,6.50113035602,80.)) ;
#2601=CARTESIAN_POINT('Control Point',(77.1186197875,6.70406865069,80.)) ;
#2602=CARTESIAN_POINT('Control Point',(75.3131167928,7.11353079954,80.)) ;
#2603=CARTESIAN_POINT('Control Point',(73.5035411845,7.50463301519,80.)) ;
#2604=CARTESIAN_POINT('Control Point',(72.5707264454,7.70113840964,80.)) ;
#2605=CARTESIAN_POINT('Control Point',(70.6591126158,8.09310966105,80.)) ;
#2606=CARTESIAN_POINT('Control Point',(68.7432298862,8.4636819162,80.)) ;
#2607=CARTESIAN_POINT('Control Point',(67.7621929545,8.64752710412,80.)) ;
#2608=CARTESIAN_POINT('Control Point',(65.7644258149,9.00985948013,80.)) ;
#2609=CARTESIAN_POINT('Control Point',(63.7624690245,9.34832444166,80.)) ;
#2610=CARTESIAN_POINT('Control Point',(62.7436242879,9.51418520462,80.)) ;
#2611=CARTESIAN_POINT('Control Point',(60.6814625963,9.83686225405,80.)) ;
#2612=CARTESIAN_POINT('Control Point',(58.6154125767,10.1336031944,80.)) ;
#2613=CARTESIAN_POINT('Control Point',(57.5701724461,10.2768995892,80.)) ;
#2614=CARTESIAN_POINT('Control Point',(55.4663812961,10.5514826009,80.)) ;
#2615=CARTESIAN_POINT('Control Point',(53.3590747572,10.7978251923,80.)) ;
#2616=CARTESIAN_POINT('Control Point',(52.2988230127,10.9142954162,80.)) ;
#2617=CARTESIAN_POINT('Control Point',(50.1771970518,11.131620605,80.)) ;
#2618=CARTESIAN_POINT('Control Point',(48.0526719947,11.3182836412,80.)) ;
#2619=CARTESIAN_POINT('Control Point',(46.9899933354,11.4040466255,80.)) ;
#2620=CARTESIAN_POINT('Control Point',(44.873062783,11.5610450786,80.)) ;
#2621=CARTESIAN_POINT('Control Point',(42.7540550078,11.6873110893,80.)) ;
#2622=CARTESIAN_POINT('Control Point',(41.6988417173,11.741725603,80.)) ;
#2623=CARTESIAN_POINT('Control Point',(39.5876853222,11.8291786606,80.)) ;
#2624=CARTESIAN_POINT('Control Point',(37.4749843563,11.867881334,80.)) ;
#2625=CARTESIAN_POINT('Control Point',(36.4185255657,11.8735378095,80.)) ;
#2626=CARTESIAN_POINT('Control Point',(34.3391814846,11.8562052917,80.)) ;
#2627=CARTESIAN_POINT('Control Point',(32.2611306041,11.7810481635,80.)) ;
#2628=CARTESIAN_POINT('Control Point',(31.2394419611,11.7296606301,80.)) ;
#2629=CARTESIAN_POINT('Control Point',(29.242239626,11.6006234167,80.)) ;
#2630=CARTESIAN_POINT('Control Point',(27.2495232994,11.4151097278,80.)) ;
#2631=CARTESIAN_POINT('Control Point',(26.2766471992,11.3107525904,80.)) ;
#2632=CARTESIAN_POINT('Control Point',(24.3881506658,11.0809050655,80.)) ;
#2633=CARTESIAN_POINT('Control Point',(22.5070176915,10.7969205318,80.)) ;
#2634=CARTESIAN_POINT('Control Point',(21.5954429033,10.6458368566,80.)) ;
#2635=CARTESIAN_POINT('Control Point',(19.8406678558,10.3276588914,80.)) ;
#2636=CARTESIAN_POINT('Control Point',(18.0963358075,9.95676249839,80.)) ;
#2637=CARTESIAN_POINT('Control Point',(17.2584243281,9.76546419335,80.)) ;
#2638=CARTESIAN_POINT('Control Point',(15.6600612774,9.37492179846,80.)) ;
#2639=CARTESIAN_POINT('Control Point',(14.0745105472,8.93513720264,80.)) ;
#2640=CARTESIAN_POINT('Control Point',(13.3205665174,8.71330420456,80.)) ;
#2641=CARTESIAN_POINT('Control Point',(11.8987221418,8.26860350001,80.)) ;
#2642=CARTESIAN_POINT('Control Point',(10.4926478158,7.77655342144,80.)) ;
#2643=CARTESIAN_POINT('Control Point',(9.8320559812,7.53315407443,80.)) ;
#2644=CARTESIAN_POINT('Control Point',(8.60164261364,7.05665271007,80.)) ;
#2645=CARTESIAN_POINT('Control Point',(7.38928690677,6.53593139872,80.)) ;
#2646=CARTESIAN_POINT('Control Point',(6.82858874323,6.28232879153,80.)) ;
#2647=CARTESIAN_POINT('Control Point',(5.80416248989,5.79010798221,80.)) ;
#2648=CARTESIAN_POINT('Control Point',(4.8027259725,5.25247154552,80.)) ;
#2649=CARTESIAN_POINT('Control Point',(4.34876895946,4.99613396347,80.)) ;
#2650=CARTESIAN_POINT('Control Point',(3.53485869535,4.51443529126,80.)) ;
#2651=CARTESIAN_POINT('Control Point',(2.74864725025,3.98944211465,80.)) ;
#2652=CARTESIAN_POINT('Control Point',(2.40298777514,3.74292060394,80.)) ;
#2653=CARTESIAN_POINT('Control Point',(1.80744064953,3.27853231322,80.)) ;
#2654=CARTESIAN_POINT('Control Point',(1.25283645812,2.76463384367,80.)) ;
#2655=CARTESIAN_POINT('Control Point',(1.01978037305,2.53049706881,80.)) ;
#2656=CARTESIAN_POINT('Control Point',(0.631749089846,2.1072430405,80.)) ;
#2657=CARTESIAN_POINT('Control Point',(0.306105395239,1.63615386645,80.)) ;
#2658=CARTESIAN_POINT('Control Point',(0.18281225178,1.42382498485,80.)) ;
#2659=CARTESIAN_POINT('Control Point',(0.0029070108215,1.01534637833,80.)) ;
#2660=CARTESIAN_POINT('Control Point',(-0.0719264590864,0.573768171249,80.)) ;
#2661=CARTESIAN_POINT('Control Point',(-0.0793936016043,0.376676013141,80.)) ;
#2662=CARTESIAN_POINT('Control Point',(-0.0303954850736,-0.00912546322268,80.)) ;
#2663=CARTESIAN_POINT('Control Point',(0.140208521758,-0.358505267549,80.)) ;
#2664=CARTESIAN_POINT('Control Point',(0.254352744623,-0.519194194457,80.)) ;
#2665=CARTESIAN_POINT('Control Point',(0.556427639421,-0.846448219008,80.)) ;
#2666=CARTESIAN_POINT('Control Point',(0.926002413321,-1.09188964373,80.)) ;
#2667=CARTESIAN_POINT('Control Point',(1.14147553404,-1.2043289625,80.)) ;
#2668=CARTESIAN_POINT('Control Point',(1.65844312008,-1.42689995424,80.)) ;
#2669=CARTESIAN_POINT('Control Point',(2.20092349699,-1.58212591075,80.)) ;
#2670=CARTESIAN_POINT('Control Point',(2.51476705204,-1.65933705874,80.)) ;
#2671=CARTESIAN_POINT('Control Point',(3.23389058762,-1.80924441898,80.)) ;
#2672=CARTESIAN_POINT('Control Point',(3.96099681794,-1.90630681546,80.)) ;
#2673=CARTESIAN_POINT('Control Point',(4.3687788207,-1.94624055099,80.)) ;
#2674=CARTESIAN_POINT('Control Point',(5.27281216645,-2.01282724958,80.)) ;
#2675=CARTESIAN_POINT('Control Point',(6.17925657526,-2.04316297829,80.)) ;
#2676=CARTESIAN_POINT('Control Point',(6.67680999264,-2.05329480809,80.)) ;
#2677=CARTESIAN_POINT('Control Point',(7.75549617713,-2.06073853569,80.)) ;
#2678=CARTESIAN_POINT('Control Point',(8.83369995716,-2.03922583822,80.)) ;
#2679=CARTESIAN_POINT('Control Point',(9.41402865248,-2.02008720851,80.)) ;
#2680=CARTESIAN_POINT('Control Point',(10.6521054509,-1.96784103675,80.)) ;
#2681=CARTESIAN_POINT('Control Point',(11.8893624936,-1.89678359224,80.)) ;
#2682=CARTESIAN_POINT('Control Point',(12.5468031009,-1.8554724684,80.)) ;
#2683=CARTESIAN_POINT('Control Point',(13.9315720519,-1.76119331009,80.)) ;
#2684=CARTESIAN_POINT('Control Point',(15.3153043345,-1.6536746627,80.)) ;
#2685=CARTESIAN_POINT('Control Point',(16.0420162621,-1.59414303142,80.)) ;
#2686=CARTESIAN_POINT('Control Point',(17.557997134,-1.46592325519,80.)) ;
#2687=CARTESIAN_POINT('Control Point',(19.0735362438,-1.33229221352,80.)) ;
#2688=CARTESIAN_POINT('Control Point',(19.8627117251,-1.26210383877,80.)) ;
#2689=CARTESIAN_POINT('Control Point',(21.4963915824,-1.11605938574,80.)) ;
#2690=CARTESIAN_POINT('Control Point',(23.130053821,-0.969968628529,80.)) ;
#2691=CARTESIAN_POINT('Control Point',(23.9746045283,-0.894860108004,80.)) ;
#2692=CARTESIAN_POINT('Control Point',(25.7113697907,-0.742427535097,80.)) ;
#2693=CARTESIAN_POINT('Control Point',(27.4486553113,-0.595931642873,80.)) ;
#2694=CARTESIAN_POINT('Control Point',(28.3412331199,-0.522751117159,80.)) ;
#2695=CARTESIAN_POINT('Control Point',(30.1662912664,-0.378070155195,80.)) ;
#2696=CARTESIAN_POINT('Control Point',(31.992243873,-0.245082222414,80.)) ;
#2697=CARTESIAN_POINT('Control Point',(32.9252334774,-0.180646641789,80.)) ;
#2698=CARTESIAN_POINT('Control Point',(34.8237390193,-0.0577272759796,80.)) ;
#2699=CARTESIAN_POINT('Control Point',(36.7232965779,0.0478058004841,80.)) ;
#2700=CARTESIAN_POINT('Control Point',(37.6893391338,0.0967573536365,80.)) ;
#2701=CARTESIAN_POINT('Control Point',(39.6678479299,0.187688269015,80.)) ;
#2702=CARTESIAN_POINT('Control Point',(41.6469871014,0.263633608572,80.)) ;
#2703=CARTESIAN_POINT('Control Point',(42.6596564771,0.299680450418,80.)) ;
#2704=CARTESIAN_POINT('Control Point',(44.7000664781,0.370856363419,80.)) ;
#2705=CARTESIAN_POINT('Control Point',(46.7404840441,0.440689589019,80.)) ;
#2706=CARTESIAN_POINT('Control Point',(47.768229373,0.475932093698,80.)) ;
#2707=CARTESIAN_POINT('Control Point',(49.8263359151,0.543851812884,80.)) ;
#2708=CARTESIAN_POINT('Control Point',(51.884757731,0.604666349634,80.)) ;
#2709=CARTESIAN_POINT('Control Point',(52.9152329119,0.632876005547,80.)) ;
#2710=CARTESIAN_POINT('Control Point',(54.967824936,0.685612320126,80.)) ;
#2711=CARTESIAN_POINT('Control Point',(57.0203790957,0.731116015167,80.)) ;
#2712=CARTESIAN_POINT('Control Point',(58.0426300536,0.751899169482,80.)) ;
#2713=CARTESIAN_POINT('Control Point',(60.0687045016,0.788069712312,80.)) ;
#2714=CARTESIAN_POINT('Control Point',(62.0953940609,0.814774380876,80.)) ;
#2715=CARTESIAN_POINT('Control Point',(63.0991294146,0.825787898166,80.)) ;
#2716=CARTESIAN_POINT('Control Point',(65.0751934301,0.844738080307,80.)) ;
#2717=CARTESIAN_POINT('Control Point',(67.0503107582,0.855824220286,80.)) ;
#2718=CARTESIAN_POINT('Control Point',(68.023018154,0.858799511939,80.)) ;
#2719=CARTESIAN_POINT('Control Point',(69.9304513019,0.856118865532,80.)) ;
#2720=CARTESIAN_POINT('Control Point',(71.8399426027,0.841703352374,80.)) ;
#2721=CARTESIAN_POINT('Control Point',(72.7737931121,0.832969526796,80.)) ;
#2722=CARTESIAN_POINT('Control Point',(74.5839125452,0.820055333465,80.)) ;
#2723=CARTESIAN_POINT('Control Point',(76.3897844222,0.804531009507,80.)) ;
#2724=CARTESIAN_POINT('Control Point',(77.267913351,0.794023039927,80.)) ;
#2725=CARTESIAN_POINT('Control Point',(78.9754246525,0.753380714249,80.)) ;
#2726=CARTESIAN_POINT('Control Point',(80.6907115429,0.694413353322,80.)) ;
#2727=CARTESIAN_POINT('Control Point',(81.5158250985,0.666267974504,80.)) ;
#2728=CARTESIAN_POINT('Control Point',(83.0703620436,0.640566294622,80.)) ;
#2729=CARTESIAN_POINT('Control Point',(84.6103007873,0.628045337303,80.)) ;
#2730=CARTESIAN_POINT('Control Point',(85.3484664468,0.616614819682,80.)) ;
#2731=CARTESIAN_POINT('Control Point',(86.7901472182,0.53500716845,80.)) ;
#2732=CARTESIAN_POINT('Control Point',(88.2563139375,0.416034490564,80.)) ;
#2733=CARTESIAN_POINT('Control Point',(88.9419786294,0.366729595206,80.)) ;
#2734=CARTESIAN_POINT('Control Point',(90.146244154,0.372241671226,80.)) ;
#2735=CARTESIAN_POINT('Control Point',(91.3115733481,0.424419766042,80.)) ;
#2736=CARTESIAN_POINT('Control Point',(91.8643313321,0.433294738503,80.)) ;
#2737=CARTESIAN_POINT('Control Point',(93.0033347232,0.286649963659,80.)) ;
#2738=CARTESIAN_POINT('Control Point',(94.1962548111,0.0673211950205,80.)) ;
#2739=CARTESIAN_POINT('Control Point',(94.720500433,-0.00835823946676,80.)) ;
#2740=CARTESIAN_POINT('Control Point',(95.4771386465,0.0928082749065,80.)) ;
#2741=CARTESIAN_POINT('Control Point',(96.1721693377,0.272344480862,80.)) ;
#2742=CARTESIAN_POINT('Control Point',(96.5082250259,0.313542729425,80.)) ;
#2743=CARTESIAN_POINT('Control Point',(97.3203055793,0.0808133806364,80.)) ;
#2744=CARTESIAN_POINT('Control Point',(98.1759711363,-0.21001648666,80.)) ;
#2745=CARTESIAN_POINT('Control Point',(98.4973260828,-0.282955591589,80.)) ;
#2746=CARTESIAN_POINT('Control Point',(98.7790358802,-0.095754881658,80.)) ;
#2747=CARTESIAN_POINT('Control Point',(99.0751386904,0.0725267098925,80.)) ;
#2748=CARTESIAN_POINT('Control Point',(99.2222672552,0.0896933312991,80.)) ;
#2749=CARTESIAN_POINT('Control Point',(99.5570279073,-0.0674964488496,80.)) ;
#2750=CARTESIAN_POINT('Control Point',(99.8384421532,-0.155445061137,80.)) ;
#2751=CARTESIAN_POINT('Control Point',(99.900630015,-0.166632372937,80.)) ;
#2752=CARTESIAN_POINT('Control Point',(99.9677311717,-0.152908234076,80.)) ;
#2753=CARTESIAN_POINT('Control Point',(99.9965480321,-0.0894131124969,80.)) ;
#2754=CARTESIAN_POINT('Control Point',(100.001590409,-0.0646682243225,80.)) ;
#2755=CARTESIAN_POINT('Control Point',(100.002741065,-0.0348638534902,80.)) ;
#2756=CARTESIAN_POINT('Control Point',(100.,-3.10862446895E-15,80.)) ;
#2757=CARTESIAN_POINT('Control Point',(100.025,0.124,100.)) ;
#2758=CARTESIAN_POINT('Control Point',(99.9715990262,0.142397046958,100.)) ;
#2759=CARTESIAN_POINT('Control Point',(99.9181985802,0.160795690451,100.)) ;
#2760=CARTESIAN_POINT('Control Point',(99.864798662,0.17919593048,100.)) ;
#2761=CARTESIAN_POINT('Control Point',(99.6520393504,0.252514409436,100.)) ;
#2762=CARTESIAN_POINT('Control Point',(99.439281924,0.325839180949,100.)) ;
#2763=CARTESIAN_POINT('Control Point',(99.2799135997,0.380732168907,100.)) ;
#2764=CARTESIAN_POINT('Control Point',(98.8568139349,0.526003893483,100.)) ;
#2765=CARTESIAN_POINT('Control Point',(98.4332164227,0.669815999689,100.)) ;
#2766=CARTESIAN_POINT('Control Point',(98.1689552081,0.758639422541,100.)) ;
#2767=CARTESIAN_POINT('Control Point',(97.5386763364,0.969236704533,100.)) ;
#2768=CARTESIAN_POINT('Control Point',(96.9077482914,1.17788575962,100.)) ;
#2769=CARTESIAN_POINT('Control Point',(96.5414135376,1.29868510533,100.)) ;
#2770=CARTESIAN_POINT('Control Point',(95.7107536336,1.57081546799,100.)) ;
#2771=CARTESIAN_POINT('Control Point',(94.8786487683,1.83850584542,100.)) ;
#2772=CARTESIAN_POINT('Control Point',(94.4131949613,1.98636514497,100.)) ;
#2773=CARTESIAN_POINT('Control Point',(93.3890575702,2.30831023189,100.)) ;
#2774=CARTESIAN_POINT('Control Point',(92.3629938628,2.62405992528,100.)) ;
#2775=CARTESIAN_POINT('Control Point',(91.8032108977,2.79453290784,100.)) ;
#2776=CARTESIAN_POINT('Control Point',(90.5957994045,3.15798227224,100.)) ;
#2777=CARTESIAN_POINT('Control Point',(89.3858035694,3.51276242441,100.)) ;
#2778=CARTESIAN_POINT('Control Point',(88.7365728891,3.70031458435,100.)) ;
#2779=CARTESIAN_POINT('Control Point',(87.3572804209,4.09305757058,100.)) ;
#2780=CARTESIAN_POINT('Control Point',(85.9748973683,4.47477853477,100.)) ;
#2781=CARTESIAN_POINT('Control Point',(85.2430871017,4.67359920314,100.)) ;
#2782=CARTESIAN_POINT('Control Point',(83.7058880033,5.08432235065,100.)) ;
#2783=CARTESIAN_POINT('Control Point',(82.1650933002,5.48138165463,100.)) ;
#2784=CARTESIAN_POINT('Control Point',(81.3576732752,5.68541095742,100.)) ;
#2785=CARTESIAN_POINT('Control Point',(79.6775652541,6.10150300886,100.)) ;
#2786=CARTESIAN_POINT('Control Point',(77.9934634642,6.50113035602,100.)) ;
#2787=CARTESIAN_POINT('Control Point',(77.1186197875,6.70406865069,100.)) ;
#2788=CARTESIAN_POINT('Control Point',(75.3131167928,7.11353079954,100.)) ;
#2789=CARTESIAN_POINT('Control Point',(73.5035411845,7.50463301519,100.)) ;
#2790=CARTESIAN_POINT('Control Point',(72.5707264454,7.70113840964,100.)) ;
#2791=CARTESIAN_POINT('Control Point',(70.6591126158,8.09310966105,100.)) ;
#2792=CARTESIAN_POINT('Control Point',(68.7432298862,8.4636819162,100.)) ;
#2793=CARTESIAN_POINT('Control Point',(67.7621929545,8.64752710412,100.)) ;
#2794=CARTESIAN_POINT('Control Point',(65.7644258149,9.00985948013,100.)) ;
#2795=CARTESIAN_POINT('Control Point',(63.7624690245,9.34832444166,100.)) ;
#2796=CARTESIAN_POINT('Control Point',(62.7436242879,9.51418520462,100.)) ;
#2797=CARTESIAN_POINT('Control Point',(60.6814625963,9.83686225405,100.)) ;
#2798=CARTESIAN_POINT('Control Point',(58.6154125767,10.1336031944,100.)) ;
#2799=CARTESIAN_POINT('Control Point',(57.5701724461,10.2768995892,100.)) ;
#2800=CARTESIAN_POINT('Control Point',(55.4663812961,10.5514826009,100.)) ;
#2801=CARTESIAN_POINT('Control Point',(53.3590747572,10.7978251923,100.)) ;
#2802=CARTESIAN_POINT('Control Point',(52.2988230127,10.9142954162,100.)) ;
#2803=CARTESIAN_POINT('Control Point',(50.1771970518,11.131620605,100.)) ;
#2804=CARTESIAN_POINT('Control Point',(48.0526719947,11.3182836412,100.)) ;
#2805=CARTESIAN_POINT('Control Point',(46.9899933354,11.4040466255,100.)) ;
#2806=CARTESIAN_POINT('Control Point',(44.873062783,11.5610450786,100.)) ;
#2807=CARTESIAN_POINT('Control Point',(42.7540550078,11.6873110893,100.)) ;
#2808=CARTESIAN_POINT('Control Point',(41.6988417173,11.741725603,100.)) ;
#2809=CARTESIAN_POINT('Control Point',(39.5876853222,11.8291786606,100.)) ;
#2810=CARTESIAN_POINT('Control Point',(37.4749843563,11.867881334,100.)) ;
#2811=CARTESIAN_POINT('Control Point',(36.4185255657,11.8735378095,100.)) ;
#2812=CARTESIAN_POINT('Control Point',(34.3391814846,11.8562052917,100.)) ;
#2813=CARTESIAN_POINT('Control Point',(32.2611306041,11.7810481635,100.)) ;
#2814=CARTESIAN_POINT('Control Point',(31.2394419611,11.7296606301,100.)) ;
#2815=CARTESIAN_POINT('Control Point',(29.242239626,11.6006234167,100.)) ;
#2816=CARTESIAN_POINT('Control Point',(27.2495232994,11.4151097278,100.)) ;
#2817=CARTESIAN_POINT('Control Point',(26.2766471992,11.3107525904,100.)) ;
#2818=CARTESIAN_POINT('Control Point',(24.3881506658,11.0809050655,100.)) ;
#2819=CARTESIAN_POINT('Control Point',(22.5070176915,10.7969205318,100.)) ;
#2820=CARTESIAN_POINT('Control Point',(21.5954429033,10.6458368566,100.)) ;
#2821=CARTESIAN_POINT('Control Point',(19.8406678558,10.3276588914,100.)) ;
#2822=CARTESIAN_POINT('Control Point',(18.0963358075,9.95676249839,100.)) ;
#2823=CARTESIAN_POINT('Control Point',(17.2584243281,9.76546419335,100.)) ;
#2824=CARTESIAN_POINT('Control Point',(15.6600612774,9.37492179846,100.)) ;
#2825=CARTESIAN_POINT('Control Point',(14.0745105472,8.93513720264,100.)) ;
#2826=CARTESIAN_POINT('Control Point',(13.3205665174,8.71330420456,100.)) ;
#2827=CARTESIAN_POINT('Control Point',(11.8987221418,8.26860350001,100.)) ;
#2828=CARTESIAN_POINT('Control Point',(10.4926478158,7.77655342144,100.)) ;
#2829=CARTESIAN_POINT('Control Point',(9.8320559812,7.53315407443,100.)) ;
#2830=CARTESIAN_POINT('Control Point',(8.60164261364,7.05665271007,100.)) ;
#2831=CARTESIAN_POINT('Control Point',(7.38928690677,6.53593139872,100.)) ;
#2832=CARTESIAN_POINT('Control Point',(6.82858874323,6.28232879153,100.)) ;
#2833=CARTESIAN_POINT('Control Point',(5.80416248989,5.79010798221,100.)) ;
#2834=CARTESIAN_POINT('Control Point',(4.8027259725,5.25247154552,100.)) ;
#2835=CARTESIAN_POINT('Control Point',(4.34876895946,4.99613396347,100.)) ;
#2836=CARTESIAN_POINT('Control Point',(3.53485869535,4.51443529126,100.)) ;
#2837=CARTESIAN_POINT('Control Point',(2.74864725025,3.98944211465,100.)) ;
#2838=CARTESIAN_POINT('Control Point',(2.40298777514,3.74292060394,100.)) ;
#2839=CARTESIAN_POINT('Control Point',(1.80744064953,3.27853231322,100.)) ;
#2840=CARTESIAN_POINT('Control Point',(1.25283645812,2.76463384367,100.)) ;
#2841=CARTESIAN_POINT('Control Point',(1.01978037305,2.53049706881,100.)) ;
#2842=CARTESIAN_POINT('Control Point',(0.631749089846,2.1072430405,100.)) ;
#2843=CARTESIAN_POINT('Control Point',(0.306105395239,1.63615386645,100.)) ;
#2844=CARTESIAN_POINT('Control Point',(0.18281225178,1.42382498485,100.)) ;
#2845=CARTESIAN_POINT('Control Point',(0.0029070108215,1.01534637833,100.)) ;
#2846=CARTESIAN_POINT('Control Point',(-0.0719264590864,0.573768171249,100.)) ;
#2847=CARTESIAN_POINT('Control Point',(-0.0793936016043,0.376676013141,100.)) ;
#2848=CARTESIAN_POINT('Control Point',(-0.0303954850736,-0.00912546322268,100.)) ;
#2849=CARTESIAN_POINT('Control Point',(0.140208521758,-0.358505267549,100.)) ;
#2850=CARTESIAN_POINT('Control Point',(0.254352744623,-0.519194194457,100.)) ;
#2851=CARTESIAN_POINT('Control Point',(0.556427639421,-0.846448219008,100.)) ;
#2852=CARTESIAN_POINT('Control Point',(0.926002413321,-1.09188964373,100.)) ;
#2853=CARTESIAN_POINT('Control Point',(1.14147553404,-1.2043289625,100.)) ;
#2854=CARTESIAN_POINT('Control Point',(1.65844312008,-1.42689995424,100.)) ;
#2855=CARTESIAN_POINT('Control Point',(2.20092349699,-1.58212591075,100.)) ;
#2856=CARTESIAN_POINT('Control Point',(2.51476705204,-1.65933705874,100.)) ;
#2857=CARTESIAN_POINT('Control Point',(3.23389058762,-1.80924441898,100.)) ;
#2858=CARTESIAN_POINT('Control Point',(3.96099681794,-1.90630681546,100.)) ;
#2859=CARTESIAN_POINT('Control Point',(4.3687788207,-1.94624055099,100.)) ;
#2860=CARTESIAN_POINT('Control Point',(5.27281216645,-2.01282724958,100.)) ;
#2861=CARTESIAN_POINT('Control Point',(6.17925657526,-2.04316297829,100.)) ;
#2862=CARTESIAN_POINT('Control Point',(6.67680999264,-2.05329480809,100.)) ;
#2863=CARTESIAN_POINT('Control Point',(7.75549617713,-2.06073853569,100.)) ;
#2864=CARTESIAN_POINT('Control Point',(8.83369995716,-2.03922583822,100.)) ;
#2865=CARTESIAN_POINT('Control Point',(9.41402865248,-2.02008720851,100.)) ;
#2866=CARTESIAN_POINT('Control Point',(10.6521054509,-1.96784103675,100.)) ;
#2867=CARTESIAN_POINT('Control Point',(11.8893624936,-1.89678359224,100.)) ;
#2868=CARTESIAN_POINT('Control Point',(12.5468031009,-1.8554724684,100.)) ;
#2869=CARTESIAN_POINT('Control Point',(13.9315720519,-1.76119331009,100.)) ;
#2870=CARTESIAN_POINT('Control Point',(15.3153043345,-1.6536746627,100.)) ;
#2871=CARTESIAN_POINT('Control Point',(16.0420162621,-1.59414303142,100.)) ;
#2872=CARTESIAN_POINT('Control Point',(17.557997134,-1.46592325519,100.)) ;
#2873=CARTESIAN_POINT('Control Point',(19.0735362438,-1.33229221352,100.)) ;
#2874=CARTESIAN_POINT('Control Point',(19.8627117251,-1.26210383877,100.)) ;
#2875=CARTESIAN_POINT('Control Point',(21.4963915824,-1.11605938574,100.)) ;
#2876=CARTESIAN_POINT('Control Point',(23.130053821,-0.969968628529,100.)) ;
#2877=CARTESIAN_POINT('Control Point',(23.9746045283,-0.894860108004,100.)) ;
#2878=CARTESIAN_POINT('Control Point',(25.7113697907,-0.742427535097,100.)) ;
#2879=CARTESIAN_POINT('Control Point',(27.4486553113,-0.595931642873,100.)) ;
#2880=CARTESIAN_POINT('Control Point',(28.3412331199,-0.522751117159,100.)) ;
#2881=CARTESIAN_POINT('Control Point',(30.1662912664,-0.378070155195,100.)) ;
#2882=CARTESIAN_POINT('Control Point',(31.992243873,-0.245082222414,100.)) ;
#2883=CARTESIAN_POINT('Control Point',(32.9252334774,-0.180646641789,100.)) ;
#2884=CARTESIAN_POINT('Control Point',(34.8237390193,-0.0577272759796,100.)) ;
#2885=CARTESIAN_POINT('Control Point',(36.7232965779,0.0478058004841,100.)) ;
#2886=CARTESIAN_POINT('Control Point',(37.6893391338,0.0967573536365,100.)) ;
#2887=CARTESIAN_POINT('Control Point',(39.6678479299,0.187688269015,100.)) ;
#2888=CARTESIAN_POINT('Control Point',(41.6469871014,0.263633608572,100.)) ;
#2889=CARTESIAN_POINT('Control Point',(42.6596564771,0.299680450418,100.)) ;
#2890=CARTESIAN_POINT('Control Point',(44.7000664781,0.370856363419,100.)) ;
#2891=CARTESIAN_POINT('Control Point',(46.7404840441,0.440689589019,100.)) ;
#2892=CARTESIAN_POINT('Control Point',(47.768229373,0.475932093698,100.)) ;
#2893=CARTESIAN_POINT('Control Point',(49.8263359151,0.543851812884,100.)) ;
#2894=CARTESIAN_POINT('Control Point',(51.884757731,0.604666349634,100.)) ;
#2895=CARTESIAN_POINT('Control Point',(52.9152329119,0.632876005547,100.)) ;
#2896=CARTESIAN_POINT('Control Point',(54.967824936,0.685612320126,100.)) ;
#2897=CARTESIAN_POINT('Control Point',(57.0203790957,0.731116015167,100.)) ;
#2898=CARTESIAN_POINT('Control Point',(58.0426300536,0.751899169482,100.)) ;
#2899=CARTESIAN_POINT('Control Point',(60.0687045016,0.788069712312,100.)) ;
#2900=CARTESIAN_POINT('Control Point',(62.0953940609,0.814774380876,100.)) ;
#2901=CARTESIAN_POINT('Control Point',(63.0991294146,0.825787898166,100.)) ;
#2902=CARTESIAN_POINT('Control Point',(65.0751934301,0.844738080307,100.)) ;
#2903=CARTESIAN_POINT('Control Point',(67.0503107582,0.855824220286,100.)) ;
#2904=CARTESIAN_POINT('Control Point',(68.023018154,0.858799511939,100.)) ;
#2905=CARTESIAN_POINT('Control Point',(69.9304513019,0.856118865532,100.)) ;
#2906=CARTESIAN_POINT('Control Point',(71.8399426027,0.841703352374,100.)) ;
#2907=CARTESIAN_POINT('Control Point',(72.7737931121,0.832969526796,100.)) ;
#2908=CARTESIAN_POINT('Control Point',(74.5839125452,0.820055333465,100.)) ;
#2909=CARTESIAN_POINT('Control Point',(76.3897844222,0.804531009507,100.)) ;
#2910=CARTESIAN_POINT('Control Point',(77.267913351,0.794023039927,100.)) ;
#2911=CARTESIAN_POINT('Control Point',(78.9754246525,0.753380714249,100.)) ;
#2912=CARTESIAN_POINT('Control Point',(80.6907115429,0.694413353322,100.)) ;
#2913=CARTESIAN_POINT('Control Point',(81.5158250985,0.666267974504,100.)) ;
#2914=CARTESIAN_POINT('Control Point',(83.0703620436,0.640566294622,100.)) ;
#2915=CARTESIAN_POINT('Control Point',(84.6103007873,0.628045337303,100.)) ;
#2916=CARTESIAN_POINT('Control Point',(85.3484664468,0.616614819682,100.)) ;
#2917=CARTESIAN_POINT('Control Point',(86.7901472182,0.53500716845,100.)) ;
#2918=CARTESIAN_POINT('Control Point',(88.2563139375,0.416034490564,100.)) ;
#2919=CARTESIAN_POINT('Control Point',(88.9419786294,0.366729595206,100.)) ;
#2920=CARTESIAN_POINT('Control Point',(90.146244154,0.372241671226,100.)) ;
#2921=CARTESIAN_POINT('Control Point',(91.3115733481,0.424419766042,100.)) ;
#2922=CARTESIAN_POINT('Control Point',(91.8643313321,0.433294738503,100.)) ;
#2923=CARTESIAN_POINT('Control Point',(93.0033347232,0.286649963659,100.)) ;
#2924=CARTESIAN_POINT('Control Point',(94.1962548111,0.0673211950205,100.)) ;
#2925=CARTESIAN_POINT('Control Point',(94.720500433,-0.00835823946676,100.)) ;
#2926=CARTESIAN_POINT('Control Point',(95.4771386465,0.0928082749065,100.)) ;
#2927=CARTESIAN_POINT('Control Point',(96.1721693377,0.272344480862,100.)) ;
#2928=CARTESIAN_POINT('Control Point',(96.5082250259,0.313542729425,100.)) ;
#2929=CARTESIAN_POINT('Control Point',(97.3203055793,0.0808133806364,100.)) ;
#2930=CARTESIAN_POINT('Control Point',(98.1759711363,-0.21001648666,100.)) ;
#2931=CARTESIAN_POINT('Control Point',(98.4973260828,-0.282955591589,100.)) ;
#2932=CARTESIAN_POINT('Control Point',(98.7790358802,-0.095754881658,100.)) ;
#2933=CARTESIAN_POINT('Control Point',(99.0751386904,0.0725267098925,100.)) ;
#2934=CARTESIAN_POINT('Control Point',(99.2222672552,0.0896933312991,100.)) ;
#2935=CARTESIAN_POINT('Control Point',(99.5570279073,-0.0674964488496,100.)) ;
#2936=CARTESIAN_POINT('Control Point',(99.8384421532,-0.155445061137,100.)) ;
#2937=CARTESIAN_POINT('Control Point',(99.900630015,-0.166632372937,100.)) ;
#2938=CARTESIAN_POINT('Control Point',(99.9677311717,-0.152908234076,100.)) ;
#2939=CARTESIAN_POINT('Control Point',(99.9965480321,-0.0894131124969,100.)) ;
#2940=CARTESIAN_POINT('Control Point',(100.001590409,-0.0646682243225,100.)) ;
#2941=CARTESIAN_POINT('Control Point',(100.002741065,-0.0348638534902,100.)) ;
#2942=CARTESIAN_POINT('Control Point',(100.,-3.10862446895E-15,100.)) ;
#8=PRODUCT_RELATED_PRODUCT_CATEGORY('part',$,(#5)) ;
#15=UNCERTAINTY_MEASURE_WITH_UNIT(LENGTH_MEASURE(0.005),#12,'distance_accuracy_value','CONFUSED CURVE UNCERTAINTY') ;
#217=STYLED_ITEM(' ',(#216),#212) ;
#229=STYLED_ITEM(' ',(#228),#221) ;
#1808=STYLED_ITEM(' ',(#1807),#1800) ;
#216=PRESENTATION_STYLE_ASSIGNMENT((#215)) ;
#228=PRESENTATION_STYLE_ASSIGNMENT((#227)) ;
#1807=PRESENTATION_STYLE_ASSIGNMENT((#1806)) ;
#215=CURVE_STYLE(' ',#213,POSITIVE_LENGTH_MEASURE(0.129999995232),#214) ;
#227=SURFACE_STYLE_USAGE(.BOTH.,#226) ;
#1806=SURFACE_STYLE_USAGE(.BOTH.,#1805) ;
#226=SURFACE_SIDE_STYLE(' ',(#225)) ;
#1805=SURFACE_SIDE_STYLE(' ',(#1804)) ;
#225=SURFACE_STYLE_FILL_AREA(#224) ;
#1804=SURFACE_STYLE_FILL_AREA(#1803) ;
#224=FILL_AREA_STYLE(' ',(#223)) ;
#1803=FILL_AREA_STYLE(' ',(#1802)) ;
#223=FILL_AREA_STYLE_COLOUR(' ',#222) ;
#1802=FILL_AREA_STYLE_COLOUR(' ',#1801) ;
#238=VECTOR('Line Direction',#237,1.) ;
#1777=VECTOR('Line Direction',#1776,1.) ;
#232=DIRECTION('Axis2P3D Direction',(0.,0.,-1.)) ;
#233=DIRECTION('Axis2P3D XDirection',(0.999852258773,0.0171889681774,0.)) ;
#237=DIRECTION('Vector Direction',(-0.197636177727,-0.980275441523,0.)) ;
#1771=DIRECTION('Axis2P3D Direction',(0.980275441523,-0.197636177727,0.)) ;
#1772=DIRECTION('Axis2P3D XDirection',(0.,0.,1.)) ;
#1776=DIRECTION('Vector Direction',(-0.197636177727,-0.980275441523,0.)) ;
#1788=DIRECTION('Axis2P3D Direction',(0.,0.,-1.)) ;
#1789=DIRECTION('Axis2P3D XDirection',(0.999852258773,0.0171889681774,0.)) ;
#220=SHAPE_REPRESENTATION_RELATIONSHIP(' ',' ',#19,#218) ;
#1798=SHAPE_REPRESENTATION_RELATIONSHIP(' ',' ',#19,#1797) ;
#2951=SHAPE_REPRESENTATION_RELATIONSHIP(' ',' ',#19,#2950) ;
#18=AXIS2_PLACEMENT_3D(' ',#17,$,$) ;
#234=AXIS2_PLACEMENT_3D('Plane Axis2P3D',#231,#232,#233) ;
#1773=AXIS2_PLACEMENT_3D('Plane Axis2P3D',#1770,#1771,#1772) ;
#1790=AXIS2_PLACEMENT_3D('Plane Axis2P3D',#1787,#1788,#1789) ;
#239=LINE('Line',#236,#238) ;
#1778=LINE('Line',#1775,#1777) ;
#235=PLANE('',#234) ;
#1774=PLANE('',#1773) ;
#1791=PLANE('',#1790) ;
#212=COMPOSITE_CURVE('Spline.3',(#211),.U.) ;
#211=COMPOSITE_CURVE_SEGMENT(.DISCONTINUOUS.,.T.,#210) ;
#244=EDGE_CURVE('',#241,#243,#239,.T.) ;
#432=EDGE_CURVE('',#241,#243,#245,.T.) ;
#1564=EDGE_CURVE('',#241,#1563,#1555,.T.) ;
#1574=EDGE_CURVE('',#243,#1573,#1565,.T.) ;
#1762=EDGE_CURVE('',#1563,#1573,#1575,.T.) ;
#1779=EDGE_CURVE('',#1563,#1573,#1778,.T.) ;
#230=CLOSED_SHELL('Closed Shell',(#437,#1769,#1786,#1796)) ;
#1799=OPEN_SHELL('Join.7',(#1813,#1820,#1825,#2949)) ;
#434=ORIENTED_EDGE('',*,*,#244,.T.) ;
#435=ORIENTED_EDGE('',*,*,#432,.F.) ;
#1764=ORIENTED_EDGE('',*,*,#1564,.F.) ;
#1765=ORIENTED_EDGE('',*,*,#432,.T.) ;
#1766=ORIENTED_EDGE('',*,*,#1574,.T.) ;
#1767=ORIENTED_EDGE('',*,*,#1762,.F.) ;
#1781=ORIENTED_EDGE('',*,*,#1779,.T.) ;
#1782=ORIENTED_EDGE('',*,*,#1574,.F.) ;
#1783=ORIENTED_EDGE('',*,*,#244,.F.) ;
#1784=ORIENTED_EDGE('',*,*,#1564,.T.) ;
#1793=ORIENTED_EDGE('',*,*,#1762,.T.) ;
#1794=ORIENTED_EDGE('',*,*,#1779,.F.) ;
#1810=ORIENTED_EDGE('',*,*,#432,.T.) ;
#1811=ORIENTED_EDGE('',*,*,#244,.F.) ;
#1815=ORIENTED_EDGE('',*,*,#1564,.F.) ;
#1816=ORIENTED_EDGE('',*,*,#244,.T.) ;
#1817=ORIENTED_EDGE('',*,*,#1574,.T.) ;
#1818=ORIENTED_EDGE('',*,*,#1779,.F.) ;
#1822=ORIENTED_EDGE('',*,*,#1779,.T.) ;
#1823=ORIENTED_EDGE('',*,*,#1762,.F.) ;
#2944=ORIENTED_EDGE('',*,*,#1762,.T.) ;
#2945=ORIENTED_EDGE('',*,*,#1574,.F.) ;
#2946=ORIENTED_EDGE('',*,*,#432,.F.) ;
#2947=ORIENTED_EDGE('',*,*,#1564,.T.) ;
#219=GEOMETRIC_SET('NONE',(#212)) ;
#433=EDGE_LOOP('',(#434,#435)) ;
#1763=EDGE_LOOP('',(#1764,#1765,#1766,#1767)) ;
#1780=EDGE_LOOP('',(#1781,#1782,#1783,#1784)) ;
#1792=EDGE_LOOP('',(#1793,#1794)) ;
#1809=EDGE_LOOP('',(#1810,#1811)) ;
#1814=EDGE_LOOP('',(#1815,#1816,#1817,#1818)) ;
#1821=EDGE_LOOP('',(#1822,#1823)) ;
#2943=EDGE_LOOP('',(#2944,#2945,#2946,#2947)) ;
#221=MANIFOLD_SOLID_BREP('PartBody',#230) ;
#241=VERTEX_POINT('',#240) ;
#243=VERTEX_POINT('',#242) ;
#1563=VERTEX_POINT('',#1562) ;
#1573=VERTEX_POINT('',#1572) ;
#1800=SHELL_BASED_SURFACE_MODEL('NONE',(#1799)) ;
#1797=ADVANCED_BREP_SHAPE_REPRESENTATION('NONE',(#221),#16) ;
#437=ADVANCED_FACE('PartBody',(#436),#235,.T.) ;
#1769=ADVANCED_FACE('PartBody',(#1768),#438,.F.) ;
#1786=ADVANCED_FACE('PartBody',(#1785),#1774,.T.) ;
#1796=ADVANCED_FACE('PartBody',(#1795),#1791,.F.) ;
#1813=ADVANCED_FACE('Join.7',(#1812),#235,.F.) ;
#1820=ADVANCED_FACE('Join.7',(#1819),#1774,.F.) ;
#1825=ADVANCED_FACE('Join.7',(#1824),#1791,.T.) ;
#2949=ADVANCED_FACE('Join.7',(#2948),#1826,.T.) ;
#4=APPLICATION_PROTOCOL_DEFINITION('international standard','ap242_managed_model_based_3d_engineering',2014,#1) ;
#21=B_SPLINE_CURVE_WITH_KNOTS('',5,(#22,#23,#24,#25,#26,#27,#28,#29,#30,#31,#32,#33,#34,#35,#36,#37,#38,#39,#40,#41,#42,#43,#44,#45,#46,#47,#48,#49,#50,#51,#52,#53,#54,#55,#56,#57,#58,#59,#60,#61,#62,#63,#64,#65,#66,#67,#68,#69,#70,#71,#72,#73,#74,#75,#76,#77,#78,#79,#80,#81,#82,#83,#84,#85,#86,#87,#88,#89,#90,#91,#92,#93,#94,#95,#96,#97,#98,#99,#100,#101,#102,#103,#104,#105,#106,#107,#108,#109,#110,#111,#112,#113,#114,#115,#116,#117,#118,#119,#120,#121,#122,#123,#124,#125,#126,#127,#128,#129,#130,#131,#132,#133,#134,#135,#136,#137,#138,#139,#140,#141,#142,#143,#144,#145,#146,#147,#148,#149,#150,#151,#152,#153,#154,#155,#156,#157,#158,#159,#160,#161,#162,#163,#164,#165,#166,#167,#168,#169,#170,#171,#172,#173,#174,#175,#176,#177,#178,#179,#180,#181,#182,#183,#184,#185,#186,#187,#188,#189,#190,#191,#192,#193,#194,#195,#196,#197,#198,#199,#200,#201,#202,#203,#204,#205,#206,#207),.UNSPECIFIED.,.F.,.U.,(6,3,3,3,3,3,3,3,3,3,3,3,3,3,3,3,3,3,3,3,3,3,3,3,3,3,3,3,3,3,3,3,3,3,3,3,3,3,3,3,3,3,3,3,3,3,3,3,3,3,3,3,3,3,3,3,3,3,3,3,3,6),(0.,0.282405736486,1.12518981322,2.51912883628,4.44781569526,6.88964472285,9.81544461348,13.194255055,16.9858664539,21.1497311251,25.6399539481,30.4062124388,35.3965617251,40.5575768385,45.8323974041,51.1651417258,56.4955140392,61.7780650328,67.0591195677,72.1726323524,77.0636749816,81.6823003182,85.9784739646,89.9064579258,93.4253443974,96.5005647148,99.105063131,101.226083876,102.870202181,104.09128244,105.046385052,106.001591836,107.211722821,108.820724064,110.869356046,113.355964379,116.259268187,119.552592495,123.198385276,127.159788689,131.399229454,135.877048677,140.553011145,145.389271684,150.455760903,155.597638478,160.751595016,165.864612521,170.881936309,175.748946583,180.411070562,184.816658945,188.915978401,192.658999907,196.003685244,198.90777839,201.335895768,203.257766211,204.649125977,205.490612757,205.772126522,205.898621581),.UNSPECIFIED.) ;
#245=B_SPLINE_CURVE_WITH_KNOTS('',5,(#246,#247,#248,#249,#250,#251,#252,#253,#254,#255,#256,#257,#258,#259,#260,#261,#262,#263,#264,#265,#266,#267,#268,#269,#270,#271,#272,#273,#274,#275,#276,#277,#278,#279,#280,#281,#282,#283,#284,#285,#286,#287,#288,#289,#290,#291,#292,#293,#294,#295,#296,#297,#298,#299,#300,#301,#302,#303,#304,#305,#306,#307,#308,#309,#310,#311,#312,#313,#314,#315,#316,#317,#318,#319,#320,#321,#322,#323,#324,#325,#326,#327,#328,#329,#330,#331,#332,#333,#334,#335,#336,#337,#338,#339,#340,#341,#342,#343,#344,#345,#346,#347,#348,#349,#350,#351,#352,#353,#354,#355,#356,#357,#358,#359,#360,#361,#362,#363,#364,#365,#366,#367,#368,#369,#370,#371,#372,#373,#374,#375,#376,#377,#378,#379,#380,#381,#382,#383,#384,#385,#386,#387,#388,#389,#390,#391,#392,#393,#394,#395,#396,#397,#398,#399,#400,#401,#402,#403,#404,#405,#406,#407,#408,#409,#410,#411,#412,#413,#414,#415,#416,#417,#418,#419,#420,#421,#422,#423,#424,#425,#426,#427,#428,#429,#430,#431),.UNSPECIFIED.,.F.,.U.,(6,3,3,3,3,3,3,3,3,3,3,3,3,3,3,3,3,3,3,3,3,3,3,3,3,3,3,3,3,3,3,3,3,3,3,3,3,3,3,3,3,3,3,3,3,3,3,3,3,3,3,3,3,3,3,3,3,3,3,3,3,6),(0.,0.282405736486,1.12518981322,2.51912883628,4.44781569526,6.88964472285,9.81544461348,13.194255055,16.9858664539,21.1497311251,25.6399539481,30.4062124388,35.3965617251,40.5575768385,45.8323974041,51.1651417258,56.4955140392,61.7780650328,67.0591195677,72.1726323524,77.0636749816,81.6823003182,85.9784739646,89.9064579258,93.4253443974,96.5005647148,99.105063131,101.226083876,102.870202181,104.09128244,105.046385052,106.001591836,107.211722821,108.820724064,110.869356046,113.355964379,116.259268187,119.552592495,123.198385276,127.159788689,131.399229454,135.877048677,140.553011145,145.389271684,150.455760903,155.597638478,160.751595016,165.864612521,170.881936309,175.748946583,180.411070562,184.816658945,188.915978401,192.658999907,196.003685244,198.90777839,201.335895768,203.257766211,204.649125977,205.490612757,205.772126522,205.898621581),.UNSPECIFIED.) ;
#1555=B_SPLINE_CURVE_WITH_KNOTS('',5,(#1556,#1557,#1558,#1559,#1560,#1561),.UNSPECIFIED.,.F.,.U.,(6,6),(0.,100.),.UNSPECIFIED.) ;
#1565=B_SPLINE_CURVE_WITH_KNOTS('',5,(#1566,#1567,#1568,#1569,#1570,#1571),.UNSPECIFIED.,.F.,.U.,(6,6),(0.,100.),.UNSPECIFIED.) ;
#1575=B_SPLINE_CURVE_WITH_KNOTS('',5,(#1576,#1577,#1578,#1579,#1580,#1581,#1582,#1583,#1584,#1585,#1586,#1587,#1588,#1589,#1590,#1591,#1592,#1593,#1594,#1595,#1596,#1597,#1598,#1599,#1600,#1601,#1602,#1603,#1604,#1605,#1606,#1607,#1608,#1609,#1610,#1611,#1612,#1613,#1614,#1615,#1616,#1617,#1618,#1619,#1620,#1621,#1622,#1623,#1624,#1625,#1626,#1627,#1628,#1629,#1630,#1631,#1632,#1633,#1634,#1635,#1636,#1637,#1638,#1639,#1640,#1641,#1642,#1643,#1644,#1645,#1646,#1647,#1648,#1649,#1650,#1651,#1652,#1653,#1654,#1655,#1656,#1657,#1658,#1659,#1660,#1661,#1662,#1663,#1664,#1665,#1666,#1667,#1668,#1669,#1670,#1671,#1672,#1673,#1674,#1675,#1676,#1677,#1678,#1679,#1680,#1681,#1682,#1683,#1684,#1685,#1686,#1687,#1688,#1689,#1690,#1691,#1692,#1693,#1694,#1695,#1696,#1697,#1698,#1699,#1700,#1701,#1702,#1703,#1704,#1705,#1706,#1707,#1708,#1709,#1710,#1711,#1712,#1713,#1714,#1715,#1716,#1717,#1718,#1719,#1720,#1721,#1722,#1723,#1724,#1725,#1726,#1727,#1728,#1729,#1730,#1731,#1732,#1733,#1734,#1735,#1736,#1737,#1738,#1739,#1740,#1741,#1742,#1743,#1744,#1745,#1746,#1747,#1748,#1749,#1750,#1751,#1752,#1753,#1754,#1755,#1756,#1757,#1758,#1759,#1760,#1761),.UNSPECIFIED.,.F.,.U.,(6,3,3,3,3,3,3,3,3,3,3,3,3,3,3,3,3,3,3,3,3,3,3,3,3,3,3,3,3,3,3,3,3,3,3,3,3,3,3,3,3,3,3,3,3,3,3,3,3,3,3,3,3,3,3,3,3,3,3,3,3,6),(0.,0.282405736486,1.12518981322,2.51912883628,4.44781569526,6.88964472285,9.81544461348,13.194255055,16.9858664539,21.1497311251,25.6399539481,30.4062124388,35.3965617251,40.5575768385,45.8323974041,51.1651417258,56.4955140392,61.7780650328,67.0591195677,72.1726323524,77.0636749816,81.6823003182,85.9784739646,89.9064579258,93.4253443974,96.5005647148,99.105063131,101.226083876,102.870202181,104.09128244,105.046385052,106.001591836,107.211722821,108.820724064,110.869356046,113.355964379,116.259268187,119.552592495,123.198385276,127.159788689,131.399229454,135.877048677,140.553011145,145.389271684,150.455760903,155.597638478,160.751595016,165.864612521,170.881936309,175.748946583,180.411070562,184.816658945,188.915978401,192.658999907,196.003685244,198.90777839,201.335895768,203.257766211,204.649125977,205.490612757,205.772126522,205.898621581),.UNSPECIFIED.) ;
#438=B_SPLINE_SURFACE_WITH_KNOTS('',5,5,((#439,#440,#441,#442,#443,#444,#445,#446,#447,#448,#449,#450,#451,#452,#453,#454,#455,#456,#457,#458,#459,#460,#461,#462,#463,#464,#465,#466,#467,#468,#469,#470,#471,#472,#473,#474,#475,#476,#477,#478,#479,#480,#481,#482,#483,#484,#485,#486,#487,#488,#489,#490,#491,#492,#493,#494,#495,#496,#497,#498,#499,#500,#501,#502,#503,#504,#505,#506,#507,#508,#509,#510,#511,#512,#513,#514,#515,#516,#517,#518,#519,#520,#521,#522,#523,#524,#525,#526,#527,#528,#529,#530,#531,#532,#533,#534,#535,#536,#537,#538,#539,#540,#541,#542,#543,#544,#545,#546,#547,#548,#549,#550,#551,#552,#553,#554,#555,#556,#557,#558,#559,#560,#561,#562,#563,#564,#565,#566,#567,#568,#569,#570,#571,#572,#573,#574,#575,#576,#577,#578,#579,#580,#581,#582,#583,#584,#585,#586,#587,#588,#589,#590,#591,#592,#593,#594,#595,#596,#597,#598,#599,#600,#601,#602,#603,#604,#605,#606,#607,#608,#609,#610,#611,#612,#613,#614,#615,#616,#617,#618,#619,#620,#621,#622,#623,#624),(#625,#626,#627,#628,#629,#630,#631,#632,#633,#634,#635,#636,#637,#638,#639,#640,#641,#642,#643,#644,#645,#646,#647,#648,#649,#650,#651,#652,#653,#654,#655,#656,#657,#658,#659,#660,#661,#662,#663,#664,#665,#666,#667,#668,#669,#670,#671,#672,#673,#674,#675,#676,#677,#678,#679,#680,#681,#682,#683,#684,#685,#686,#687,#688,#689,#690,#691,#692,#693,#694,#695,#696,#697,#698,#699,#700,#701,#702,#703,#704,#705,#706,#707,#708,#709,#710,#711,#712,#713,#714,#715,#716,#717,#718,#719,#720,#721,#722,#723,#724,#725,#726,#727,#728,#729,#730,#731,#732,#733,#734,#735,#736,#737,#738,#739,#740,#741,#742,#743,#744,#745,#746,#747,#748,#749,#750,#751,#752,#753,#754,#755,#756,#757,#758,#759,#760,#761,#762,#763,#764,#765,#766,#767,#768,#769,#770,#771,#772,#773,#774,#775,#776,#777,#778,#779,#780,#781,#782,#783,#784,#785,#786,#787,#788,#789,#790,#791,#792,#793,#794,#795,#796,#797,#798,#799,#800,#801,#802,#803,#804,#805,#806,#807,#808,#809,#810),(#811,#812,#813,#814,#815,#816,#817,#818,#819,#820,#821,#822,#823,#824,#825,#826,#827,#828,#829,#830,#831,#832,#833,#834,#835,#836,#837,#838,#839,#840,#841,#842,#843,#844,#845,#846,#847,#848,#849,#850,#851,#852,#853,#854,#855,#856,#857,#858,#859,#860,#861,#862,#863,#864,#865,#866,#867,#868,#869,#870,#871,#872,#873,#874,#875,#876,#877,#878,#879,#880,#881,#882,#883,#884,#885,#886,#887,#888,#889,#890,#891,#892,#893,#894,#895,#896,#897,#898,#899,#900,#901,#902,#903,#904,#905,#906,#907,#908,#909,#910,#911,#912,#913,#914,#915,#916,#917,#918,#919,#920,#921,#922,#923,#924,#925,#926,#927,#928,#929,#930,#931,#932,#933,#934,#935,#936,#937,#938,#939,#940,#941,#942,#943,#944,#945,#946,#947,#948,#949,#950,#951,#952,#953,#954,#955,#956,#957,#958,#959,#960,#961,#962,#963,#964,#965,#966,#967,#968,#969,#970,#971,#972,#973,#974,#975,#976,#977,#978,#979,#980,#981,#982,#983,#984,#985,#986,#987,#988,#989,#990,#991,#992,#993,#994,#995,#996),(#997,#998,#999,#1000,#1001,#1002,#1003,#1004,#1005,#1006,#1007,#1008,#1009,#1010,#1011,#1012,#1013,#1014,#1015,#1016,#1017,#1018,#1019,#1020,#1021,#1022,#1023,#1024,#1025,#1026,#1027,#1028,#1029,#1030,#1031,#1032,#1033,#1034,#1035,#1036,#1037,#1038,#1039,#1040,#1041,#1042,#1043,#1044,#1045,#1046,#1047,#1048,#1049,#1050,#1051,#1052,#1053,#1054,#1055,#1056,#1057,#1058,#1059,#1060,#1061,#1062,#1063,#1064,#1065,#1066,#1067,#1068,#1069,#1070,#1071,#1072,#1073,#1074,#1075,#1076,#1077,#1078,#1079,#1080,#1081,#1082,#1083,#1084,#1085,#1086,#1087,#1088,#1089,#1090,#1091,#1092,#1093,#1094,#1095,#1096,#1097,#1098,#1099,#1100,#1101,#1102,#1103,#1104,#1105,#1106,#1107,#1108,#1109,#1110,#1111,#1112,#1113,#1114,#1115,#1116,#1117,#1118,#1119,#1120,#1121,#1122,#1123,#1124,#1125,#1126,#1127,#1128,#1129,#1130,#1131,#1132,#1133,#1134,#1135,#1136,#1137,#1138,#1139,#1140,#1141,#1142,#1143,#1144,#1145,#1146,#1147,#1148,#1149,#1150,#1151,#1152,#1153,#1154,#1155,#1156,#1157,#1158,#1159,#1160,#1161,#1162,#1163,#1164,#1165,#1166,#1167,#1168,#1169,#1170,#1171,#1172,#1173,#1174,#1175,#1176,#1177,#1178,#1179,#1180,#1181,#1182),(#1183,#1184,#1185,#1186,#1187,#1188,#1189,#1190,#1191,#1192,#1193,#1194,#1195,#1196,#1197,#1198,#1199,#1200,#1201,#1202,#1203,#1204,#1205,#1206,#1207,#1208,#1209,#1210,#1211,#1212,#1213,#1214,#1215,#1216,#1217,#1218,#1219,#1220,#1221,#1222,#1223,#1224,#1225,#1226,#1227,#1228,#1229,#1230,#1231,#1232,#1233,#1234,#1235,#1236,#1237,#1238,#1239,#1240,#1241,#1242,#1243,#1244,#1245,#1246,#1247,#1248,#1249,#1250,#1251,#1252,#1253,#1254,#1255,#1256,#1257,#1258,#1259,#1260,#1261,#1262,#1263,#1264,#1265,#1266,#1267,#1268,#1269,#1270,#1271,#1272,#1273,#1274,#1275,#1276,#1277,#1278,#1279,#1280,#1281,#1282,#1283,#1284,#1285,#1286,#1287,#1288,#1289,#1290,#1291,#1292,#1293,#1294,#1295,#1296,#1297,#1298,#1299,#1300,#1301,#1302,#1303,#1304,#1305,#1306,#1307,#1308,#1309,#1310,#1311,#1312,#1313,#1314,#1315,#1316,#1317,#1318,#1319,#1320,#1321,#1322,#1323,#1324,#1325,#1326,#1327,#1328,#1329,#1330,#1331,#1332,#1333,#1334,#1335,#1336,#1337,#1338,#1339,#1340,#1341,#1342,#1343,#1344,#1345,#1346,#1347,#1348,#1349,#1350,#1351,#1352,#1353,#1354,#1355,#1356,#1357,#1358,#1359,#1360,#1361,#1362,#1363,#1364,#1365,#1366,#1367,#1368),(#1369,#1370,#1371,#1372,#1373,#1374,#1375,#1376,#1377,#1378,#1379,#1380,#1381,#1382,#1383,#1384,#1385,#1386,#1387,#1388,#1389,#1390,#1391,#1392,#1393,#1394,#1395,#1396,#1397,#1398,#1399,#1400,#1401,#1402,#1403,#1404,#1405,#1406,#1407,#1408,#1409,#1410,#1411,#1412,#1413,#1414,#1415,#1416,#1417,#1418,#1419,#1420,#1421,#1422,#1423,#1424,#1425,#1426,#1427,#1428,#1429,#1430,#1431,#1432,#1433,#1434,#1435,#1436,#1437,#1438,#1439,#1440,#1441,#1442,#1443,#1444,#1445,#1446,#1447,#1448,#1449,#1450,#1451,#1452,#1453,#1454,#1455,#1456,#1457,#1458,#1459,#1460,#1461,#1462,#1463,#1464,#1465,#1466,#1467,#1468,#1469,#1470,#1471,#1472,#1473,#1474,#1475,#1476,#1477,#1478,#1479,#1480,#1481,#1482,#1483,#1484,#1485,#1486,#1487,#1488,#1489,#1490,#1491,#1492,#1493,#1494,#1495,#1496,#1497,#1498,#1499,#1500,#1501,#1502,#1503,#1504,#1505,#1506,#1507,#1508,#1509,#1510,#1511,#1512,#1513,#1514,#1515,#1516,#1517,#1518,#1519,#1520,#1521,#1522,#1523,#1524,#1525,#1526,#1527,#1528,#1529,#1530,#1531,#1532,#1533,#1534,#1535,#1536,#1537,#1538,#1539,#1540,#1541,#1542,#1543,#1544,#1545,#1546,#1547,#1548,#1549,#1550,#1551,#1552,#1553,#1554)),.UNSPECIFIED.,.F.,.F.,.U.,(6,6),(6,3,3,3,3,3,3,3,3,3,3,3,3,3,3,3,3,3,3,3,3,3,3,3,3,3,3,3,3,3,3,3,3,3,3,3,3,3,3,3,3,3,3,3,3,3,3,3,3,3,3,3,3,3,3,3,3,3,3,3,3,6),(0.,100.),(0.,0.282405736486,1.12518981322,2.51912883628,4.44781569526,6.88964472285,9.81544461348,13.194255055,16.9858664539,21.1497311251,25.6399539481,30.4062124388,35.3965617251,40.5575768385,45.8323974041,51.1651417258,56.4955140392,61.7780650328,67.0591195677,72.1726323524,77.0636749816,81.6823003182,85.9784739646,89.9064579258,93.4253443974,96.5005647148,99.105063131,101.226083876,102.870202181,104.09128244,105.046385052,106.001591836,107.211722821,108.820724064,110.869356046,113.355964379,116.259268187,119.552592495,123.198385276,127.159788689,131.399229454,135.877048677,140.553011145,145.389271684,150.455760903,155.597638478,160.751595016,165.864612521,170.881936309,175.748946583,180.411070562,184.816658945,188.915978401,192.658999907,196.003685244,198.90777839,201.335895768,203.257766211,204.649125977,205.490612757,205.772126522,205.898621581),.UNSPECIFIED.) ;
#1826=B_SPLINE_SURFACE_WITH_KNOTS('',5,5,((#1827,#1828,#1829,#1830,#1831,#1832,#1833,#1834,#1835,#1836,#1837,#1838,#1839,#1840,#1841,#1842,#1843,#1844,#1845,#1846,#1847,#1848,#1849,#1850,#1851,#1852,#1853,#1854,#1855,#1856,#1857,#1858,#1859,#1860,#1861,#1862,#1863,#1864,#1865,#1866,#1867,#1868,#1869,#1870,#1871,#1872,#1873,#1874,#1875,#1876,#1877,#1878,#1879,#1880,#1881,#1882,#1883,#1884,#1885,#1886,#1887,#1888,#1889,#1890,#1891,#1892,#1893,#1894,#1895,#1896,#1897,#1898,#1899,#1900,#1901,#1902,#1903,#1904,#1905,#1906,#1907,#1908,#1909,#1910,#1911,#1912,#1913,#1914,#1915,#1916,#1917,#1918,#1919,#1920,#1921,#1922,#1923,#1924,#1925,#1926,#1927,#1928,#1929,#1930,#1931,#1932,#1933,#1934,#1935,#1936,#1937,#1938,#1939,#1940,#1941,#1942,#1943,#1944,#1945,#1946,#1947,#1948,#1949,#1950,#1951,#1952,#1953,#1954,#1955,#1956,#1957,#1958,#1959,#1960,#1961,#1962,#1963,#1964,#1965,#1966,#1967,#1968,#1969,#1970,#1971,#1972,#1973,#1974,#1975,#1976,#1977,#1978,#1979,#1980,#1981,#1982,#1983,#1984,#1985,#1986,#1987,#1988,#1989,#1990,#1991,#1992,#1993,#1994,#1995,#1996,#1997,#1998,#1999,#2000,#2001,#2002,#2003,#2004,#2005,#2006,#2007,#2008,#2009,#2010,#2011,#2012),(#2013,#2014,#2015,#2016,#2017,#2018,#2019,#2020,#2021,#2022,#2023,#2024,#2025,#2026,#2027,#2028,#2029,#2030,#2031,#2032,#2033,#2034,#2035,#2036,#2037,#2038,#2039,#2040,#2041,#2042,#2043,#2044,#2045,#2046,#2047,#2048,#2049,#2050,#2051,#2052,#2053,#2054,#2055,#2056,#2057,#2058,#2059,#2060,#2061,#2062,#2063,#2064,#2065,#2066,#2067,#2068,#2069,#2070,#2071,#2072,#2073,#2074,#2075,#2076,#2077,#2078,#2079,#2080,#2081,#2082,#2083,#2084,#2085,#2086,#2087,#2088,#2089,#2090,#2091,#2092,#2093,#2094,#2095,#2096,#2097,#2098,#2099,#2100,#2101,#2102,#2103,#2104,#2105,#2106,#2107,#2108,#2109,#2110,#2111,#2112,#2113,#2114,#2115,#2116,#2117,#2118,#2119,#2120,#2121,#2122,#2123,#2124,#2125,#2126,#2127,#2128,#2129,#2130,#2131,#2132,#2133,#2134,#2135,#2136,#2137,#2138,#2139,#2140,#2141,#2142,#2143,#2144,#2145,#2146,#2147,#2148,#2149,#2150,#2151,#2152,#2153,#2154,#2155,#2156,#2157,#2158,#2159,#2160,#2161,#2162,#2163,#2164,#2165,#2166,#2167,#2168,#2169,#2170,#2171,#2172,#2173,#2174,#2175,#2176,#2177,#2178,#2179,#2180,#2181,#2182,#2183,#2184,#2185,#2186,#2187,#2188,#2189,#2190,#2191,#2192,#2193,#2194,#2195,#2196,#2197,#2198),(#2199,#2200,#2201,#2202,#2203,#2204,#2205,#2206,#2207,#2208,#2209,#2210,#2211,#2212,#2213,#2214,#2215,#2216,#2217,#2218,#2219,#2220,#2221,#2222,#2223,#2224,#2225,#2226,#2227,#2228,#2229,#2230,#2231,#2232,#2233,#2234,#2235,#2236,#2237,#2238,#2239,#2240,#2241,#2242,#2243,#2244,#2245,#2246,#2247,#2248,#2249,#2250,#2251,#2252,#2253,#2254,#2255,#2256,#2257,#2258,#2259,#2260,#2261,#2262,#2263,#2264,#2265,#2266,#2267,#2268,#2269,#2270,#2271,#2272,#2273,#2274,#2275,#2276,#2277,#2278,#2279,#2280,#2281,#2282,#2283,#2284,#2285,#2286,#2287,#2288,#2289,#2290,#2291,#2292,#2293,#2294,#2295,#2296,#2297,#2298,#2299,#2300,#2301,#2302,#2303,#2304,#2305,#2306,#2307,#2308,#2309,#2310,#2311,#2312,#2313,#2314,#2315,#2316,#2317,#2318,#2319,#2320,#2321,#2322,#2323,#2324,#2325,#2326,#2327,#2328,#2329,#2330,#2331,#2332,#2333,#2334,#2335,#2336,#2337,#2338,#2339,#2340,#2341,#2342,#2343,#2344,#2345,#2346,#2347,#2348,#2349,#2350,#2351,#2352,#2353,#2354,#2355,#2356,#2357,#2358,#2359,#2360,#2361,#2362,#2363,#2364,#2365,#2366,#2367,#2368,#2369,#2370,#2371,#2372,#2373,#2374,#2375,#2376,#2377,#2378,#2379,#2380,#2381,#2382,#2383,#2384),(#2385,#2386,#2387,#2388,#2389,#2390,#2391,#2392,#2393,#2394,#2395,#2396,#2397,#2398,#2399,#2400,#2401,#2402,#2403,#2404,#2405,#2406,#2407,#2408,#2409,#2410,#2411,#2412,#2413,#2414,#2415,#2416,#2417,#2418,#2419,#2420,#2421,#2422,#2423,#2424,#2425,#2426,#2427,#2428,#2429,#2430,#2431,#2432,#2433,#2434,#2435,#2436,#2437,#2438,#2439,#2440,#2441,#2442,#2443,#2444,#2445,#2446,#2447,#2448,#2449,#2450,#2451,#2452,#2453,#2454,#2455,#2456,#2457,#2458,#2459,#2460,#2461,#2462,#2463,#2464,#2465,#2466,#2467,#2468,#2469,#2470,#2471,#2472,#2473,#2474,#2475,#2476,#2477,#2478,#2479,#2480,#2481,#2482,#2483,#2484,#2485,#2486,#2487,#2488,#2489,#2490,#2491,#2492,#2493,#2494,#2495,#2496,#2497,#2498,#2499,#2500,#2501,#2502,#2503,#2504,#2505,#2506,#2507,#2508,#2509,#2510,#2511,#2512,#2513,#2514,#2515,#2516,#2517,#2518,#2519,#2520,#2521,#2522,#2523,#2524,#2525,#2526,#2527,#2528,#2529,#2530,#2531,#2532,#2533,#2534,#2535,#2536,#2537,#2538,#2539,#2540,#2541,#2542,#2543,#2544,#2545,#2546,#2547,#2548,#2549,#2550,#2551,#2552,#2553,#2554,#2555,#2556,#2557,#2558,#2559,#2560,#2561,#2562,#2563,#2564,#2565,#2566,#2567,#2568,#2569,#2570),(#2571,#2572,#2573,#2574,#2575,#2576,#2577,#2578,#2579,#2580,#2581,#2582,#2583,#2584,#2585,#2586,#2587,#2588,#2589,#2590,#2591,#2592,#2593,#2594,#2595,#2596,#2597,#2598,#2599,#2600,#2601,#2602,#2603,#2604,#2605,#2606,#2607,#2608,#2609,#2610,#2611,#2612,#2613,#2614,#2615,#2616,#2617,#2618,#2619,#2620,#2621,#2622,#2623,#2624,#2625,#2626,#2627,#2628,#2629,#2630,#2631,#2632,#2633,#2634,#2635,#2636,#2637,#2638,#2639,#2640,#2641,#2642,#2643,#2644,#2645,#2646,#2647,#2648,#2649,#2650,#2651,#2652,#2653,#2654,#2655,#2656,#2657,#2658,#2659,#2660,#2661,#2662,#2663,#2664,#2665,#2666,#2667,#2668,#2669,#2670,#2671,#2672,#2673,#2674,#2675,#2676,#2677,#2678,#2679,#2680,#2681,#2682,#2683,#2684,#2685,#2686,#2687,#2688,#2689,#2690,#2691,#2692,#2693,#2694,#2695,#2696,#2697,#2698,#2699,#2700,#2701,#2702,#2703,#2704,#2705,#2706,#2707,#2708,#2709,#2710,#2711,#2712,#2713,#2714,#2715,#2716,#2717,#2718,#2719,#2720,#2721,#2722,#2723,#2724,#2725,#2726,#2727,#2728,#2729,#2730,#2731,#2732,#2733,#2734,#2735,#2736,#2737,#2738,#2739,#2740,#2741,#2742,#2743,#2744,#2745,#2746,#2747,#2748,#2749,#2750,#2751,#2752,#2753,#2754,#2755,#2756),(#2757,#2758,#2759,#2760,#2761,#2762,#2763,#2764,#2765,#2766,#2767,#2768,#2769,#2770,#2771,#2772,#2773,#2774,#2775,#2776,#2777,#2778,#2779,#2780,#2781,#2782,#2783,#2784,#2785,#2786,#2787,#2788,#2789,#2790,#2791,#2792,#2793,#2794,#2795,#2796,#2797,#2798,#2799,#2800,#2801,#2802,#2803,#2804,#2805,#2806,#2807,#2808,#2809,#2810,#2811,#2812,#2813,#2814,#2815,#2816,#2817,#2818,#2819,#2820,#2821,#2822,#2823,#2824,#2825,#2826,#2827,#2828,#2829,#2830,#2831,#2832,#2833,#2834,#2835,#2836,#2837,#2838,#2839,#2840,#2841,#2842,#2843,#2844,#2845,#2846,#2847,#2848,#2849,#2850,#2851,#2852,#2853,#2854,#2855,#2856,#2857,#2858,#2859,#2860,#2861,#2862,#2863,#2864,#2865,#2866,#2867,#2868,#2869,#2870,#2871,#2872,#2873,#2874,#2875,#2876,#2877,#2878,#2879,#2880,#2881,#2882,#2883,#2884,#2885,#2886,#2887,#2888,#2889,#2890,#2891,#2892,#2893,#2894,#2895,#2896,#2897,#2898,#2899,#2900,#2901,#2902,#2903,#2904,#2905,#2906,#2907,#2908,#2909,#2910,#2911,#2912,#2913,#2914,#2915,#2916,#2917,#2918,#2919,#2920,#2921,#2922,#2923,#2924,#2925,#2926,#2927,#2928,#2929,#2930,#2931,#2932,#2933,#2934,#2935,#2936,#2937,#2938,#2939,#2940,#2941,#2942)),.UNSPECIFIED.,.F.,.F.,.U.,(6,6),(6,3,3,3,3,3,3,3,3,3,3,3,3,3,3,3,3,3,3,3,3,3,3,3,3,3,3,3,3,3,3,3,3,3,3,3,3,3,3,3,3,3,3,3,3,3,3,3,3,3,3,3,3,3,3,3,3,3,3,3,3,6),(0.,100.),(0.,0.282405736486,1.12518981322,2.51912883628,4.44781569526,6.88964472285,9.81544461348,13.194255055,16.9858664539,21.1497311251,25.6399539481,30.4062124388,35.3965617251,40.5575768385,45.8323974041,51.1651417258,56.4955140392,61.7780650328,67.0591195677,72.1726323524,77.0636749816,81.6823003182,85.9784739646,89.9064579258,93.4253443974,96.5005647148,99.105063131,101.226083876,102.870202181,104.09128244,105.046385052,106.001591836,107.211722821,108.820724064,110.869356046,113.355964379,116.259268187,119.552592495,123.198385276,127.159788689,131.399229454,135.877048677,140.553011145,145.389271684,150.455760903,155.597638478,160.751595016,165.864612521,170.881936309,175.748946583,180.411070562,184.816658945,188.915978401,192.658999907,196.003685244,198.90777839,201.335895768,203.257766211,204.649125977,205.490612757,205.772126522,205.898621581),.UNSPECIFIED.) ;
#222=COLOUR_RGB('Colour',0.823529411765,0.823529411765,1.) ;
#1801=COLOUR_RGB('Colour',0.952941176471,0.996078431373,0.694117647059) ;
#214=DRAUGHTING_PRE_DEFINED_COLOUR('white') ;
#213=DRAUGHTING_PRE_DEFINED_CURVE_FONT('continuous') ;
#436=FACE_OUTER_BOUND('',#433,.T.) ;
#1768=FACE_OUTER_BOUND('',#1763,.T.) ;
#1785=FACE_OUTER_BOUND('',#1780,.T.) ;
#1795=FACE_OUTER_BOUND('',#1792,.T.) ;
#1812=FACE_OUTER_BOUND('',#1809,.T.) ;
#1819=FACE_OUTER_BOUND('',#1814,.T.) ;
#1824=FACE_OUTER_BOUND('',#1821,.T.) ;
#2948=FACE_OUTER_BOUND('',#2943,.T.) ;
#218=GEOMETRICALLY_BOUNDED_SURFACE_SHAPE_REPRESENTATION('NONE',(#219),#16) ;
#2950=MANIFOLD_SURFACE_SHAPE_REPRESENTATION('NONE',(#1800),#16) ;
#9=PRODUCT_CATEGORY_RELATIONSHIP(' ',' ',#7,#8) ;
#6=PRODUCT_DEFINITION_FORMATION_WITH_SPECIFIED_SOURCE('',' ',#5,.NOT_KNOWN.) ;
#20=SHAPE_DEFINITION_REPRESENTATION(#11,#19) ;
#12=(LENGTH_UNIT()NAMED_UNIT(*)SI_UNIT(.MILLI.,.METRE.)) ;
#13=(NAMED_UNIT(*)PLANE_ANGLE_UNIT()SI_UNIT($,.RADIAN.)) ;
#14=(NAMED_UNIT(*)SI_UNIT($,.STERADIAN.)SOLID_ANGLE_UNIT()) ;
#16=(GEOMETRIC_REPRESENTATION_CONTEXT(3)GLOBAL_UNCERTAINTY_ASSIGNED_CONTEXT((#15))GLOBAL_UNIT_ASSIGNED_CONTEXT((#12,#13,#14))REPRESENTATION_CONTEXT(' ',' ')) ;
ENDSEC;
END-ISO-10303-21;
