ISO-10303-21;
HEADER;
FILE_DESCRIPTION (( 'STEP AP214' ),
    '1' );
FILE_NAME ('2026 Front Wing D_1.STEP',
    '2025-06-16T18:57:15',
    ( '' ),
    ( '' ),
    'SwSTEP 2.0',
    'SolidWorks 2017',
    '' );
FILE_SCHEMA (( 'AUTOMOTIVE_DESIGN' ));
ENDSEC;

DATA;
#1 = CARTESIAN_POINT ( 'NONE',  ( -463.2894247885670300, -22.41682687341710400, 829.6142396099121500 ) ) ;
#2 = CARTESIAN_POINT ( 'NONE',  ( -594.8326090302857700, -18.90785067022326200, -123.2997772557765300 ) ) ;
#3 = CARTESIAN_POINT ( 'NONE',  ( -1010.770888261721000, 44.18107518325774700, 40.13221785034308200 ) ) ;
#4 = LINE ( 'NONE', #1727, #3236 ) ;
#5 = VECTOR ( 'NONE', #1185, 1000.000000000000000 ) ;
#6 = CARTESIAN_POINT ( 'NONE',  ( -157.1660011963840300, 324.6407268731143200, 239.9999999999999100 ) ) ;
#7 = CARTESIAN_POINT ( 'NONE',  ( -721.0375125829707500, -43.02027741034830700, 0.0000000000000000000 ) ) ;
#8 = CARTESIAN_POINT ( 'NONE',  ( -258.7992690864763900, -5.291232416268551100, 808.0128293844198900 ) ) ;
#9 = CARTESIAN_POINT ( 'NONE',  ( -183.4428158143957100, 307.5590448092156100, 138.5708580010061700 ) ) ;
#10 = DIRECTION ( 'NONE',  ( -1.000000000000000000, 0.0000000000000000000, 0.0000000000000000000 ) ) ;
#11 = ORIENTED_EDGE ( 'NONE', *, *, #1635, .F. ) ;
#12 = CARTESIAN_POINT ( 'NONE',  ( -861.0800264558890800, 91.64005138580350300, -104.9233355974889300 ) ) ;
#13 = CARTESIAN_POINT ( 'NONE',  ( -325.1596924374147200, -12.63373494146989500, 830.2250301838898800 ) ) ;
#14 = CARTESIAN_POINT ( 'NONE',  ( -176.5825657692210800, 288.7844297784639000, 240.0000000000000300 ) ) ;
#15 = CARTESIAN_POINT ( 'NONE',  ( -855.3638864233430500, 39.44847174006466200, 114.8816014359641600 ) ) ;
#16 = FACE_OUTER_BOUND ( 'NONE', #3581, .T. ) ;
#17 = CARTESIAN_POINT ( 'NONE',  ( -986.1906288232471500, 2.037842363678421100, -61.06077157645003000 ) ) ;
#18 = CARTESIAN_POINT ( 'NONE',  ( -2.007659678219818200E-013, 274.9999999999999400, 649.9999996933070200 ) ) ;
#19 = CARTESIAN_POINT ( 'NONE',  ( -739.1642678354912700, 139.7940145501377700, -120.1365566964787900 ) ) ;
#20 = CARTESIAN_POINT ( 'NONE',  ( -598.2451320953588300, 30.00000000000000000, 829.6142396099121500 ) ) ;
#21 = CARTESIAN_POINT ( 'NONE',  ( -939.2434466266923900, -42.72270342439639300, -55.21712604383549200 ) ) ;
#22 = CARTESIAN_POINT ( 'NONE',  ( -766.2243095062966600, -48.48091884480684400, -56.73424731718598200 ) ) ;
#23 = CARTESIAN_POINT ( 'NONE',  ( -936.7776104563563400, -43.15898569638834200, 67.40310102392557200 ) ) ;
#24 = VECTOR ( 'NONE', #4868, 1000.000000000000000 ) ;
#25 = CARTESIAN_POINT ( 'NONE',  ( -390.1179021741854700, -16.35196870233727800, 829.6142396099121500 ) ) ;
#26 = CARTESIAN_POINT ( 'NONE',  ( -981.7263400008241700, 54.40554845806077800, 62.66668982281396400 ) ) ;
#27 = EDGE_LOOP ( 'NONE', ( #539, #4799, #3344, #5173, #5941 ) ) ;
#28 = CARTESIAN_POINT ( 'NONE',  ( -178.8073791707425100, 337.0549249640213800, 114.3451855906779400 ) ) ;
#29 = ORIENTED_EDGE ( 'NONE', *, *, #3348, .F. ) ;
#30 = CARTESIAN_POINT ( 'NONE',  ( -668.2451320953587100, 274.9999999999999400, 649.9999996933067900 ) ) ;
#31 = CARTESIAN_POINT ( 'NONE',  ( -668.2451320953588300, -6.441324269386114100, 746.3772286358498600 ) ) ;
#32 = CIRCLE ( 'NONE', #1744, 49.99999999999993600 ) ;
#33 = CARTESIAN_POINT ( 'NONE',  ( -507.2785082200171000, -3.378360235900620200, -70.37590193537735700 ) ) ;
#34 = CARTESIAN_POINT ( 'NONE',  ( -855.5974315777700700, 38.81846834995223400, -114.8590000469126100 ) ) ;
#35 = CARTESIAN_POINT ( 'NONE',  ( -861.6595126023507900, 94.40981206220075700, -100.0709689902600400 ) ) ;
#36 = CARTESIAN_POINT ( 'NONE',  ( -916.2503525128727200, 14.89195850003384600, -102.0191035243859700 ) ) ;
#37 = AXIS2_PLACEMENT_3D ( 'NONE', #2476, #1307, #177 ) ;
#38 = CARTESIAN_POINT ( 'NONE',  ( -153.3744953492061400, 281.2309013685304000, 239.9999999999999400 ) ) ;
#39 = LINE ( 'NONE', #7566, #6363 ) ;
#40 = ORIENTED_EDGE ( 'NONE', *, *, #1934, .F. ) ;
#41 = CARTESIAN_POINT ( 'NONE',  ( -770.0781440828610600, -49.25061185733253700, -64.73844108900411200 ) ) ;
#42 = B_SPLINE_CURVE_WITH_KNOTS ( 'NONE', 3,
 ( #5902, #346, #2809, #1694, #5986, #7709, #4638 ),
 .UNSPECIFIED., .F., .F.,
 ( 4, 1, 1, 1, 4 ),
 ( 0.0000000000000000000, 0.1490010684283051300, 0.3542303876842902700, 0.5841602856976757500, 1.000000000000000000 ),
 .UNSPECIFIED. ) ;
#43 = CARTESIAN_POINT ( 'NONE',  ( -1008.212232476124300, 0.8002141576476744500, -70.42764506406486200 ) ) ;
#44 = CARTESIAN_POINT ( 'NONE',  ( -731.8328558798130000, 116.1642536705852400, 120.2911899988262000 ) ) ;
#45 = CARTESIAN_POINT ( 'NONE',  ( -183.2615938862548100, 307.9434283407690000, 240.0000000000000000 ) ) ;
#46 = CARTESIAN_POINT ( 'NONE',  ( -938.9130499820681700, -42.81387797026829400, -64.85938609751606500 ) ) ;
#47 = CARTESIAN_POINT ( 'NONE',  ( -859.1916814820745000, 84.79361931122701900, 111.3289848183645500 ) ) ;
#48 = CARTESIAN_POINT ( 'NONE',  ( -765.2638104625555100, 22.99091429345041600, -60.37581848405812200 ) ) ;
#49 = CARTESIAN_POINT ( 'NONE',  ( -739.1642678354679700, 139.7940145501460700, 120.1365566964801800 ) ) ;
#50 = ADVANCED_FACE ( 'NONE', ( #6295 ), #4553, .T. ) ;
#51 = CARTESIAN_POINT ( 'NONE',  ( -158.4800674044324500, 344.2106932010320300, 137.3980184909295000 ) ) ;
#52 = ORIENTED_EDGE ( 'NONE', *, *, #1761, .T. ) ;
#53 = VERTEX_POINT ( 'NONE', #4728 ) ;
#54 = CARTESIAN_POINT ( 'NONE',  ( -598.2451320953588300, 30.00000000000000000, 824.6142396099121500 ) ) ;
#55 = CARTESIAN_POINT ( 'NONE',  ( -668.2451320953584900, -13.48054183337263900, 726.6681865167217900 ) ) ;
#56 = CARTESIAN_POINT ( 'NONE',  ( -141.1728542065670200, 317.4233716605549500, -139.9798567212668800 ) ) ;
#57 = CARTESIAN_POINT ( 'NONE',  ( -258.7992690864763300, -5.885701648508201000, -787.3320819020356100 ) ) ;
#58 = ORIENTED_EDGE ( 'NONE', *, *, #7413, .F. ) ;
#59 = CARTESIAN_POINT ( 'NONE',  ( -339.0387756238881700, -11.44376167951390900, 825.4347497620489100 ) ) ;
#60 = VERTEX_POINT ( 'NONE', #2414 ) ;
#61 = CARTESIAN_POINT ( 'NONE',  ( -159.2187432957772200, 282.0777458773092700, 240.0000000000000600 ) ) ;
#62 = DIRECTION ( 'NONE',  ( 0.0000000000000000000, 0.0000000000000000000, -1.000000000000000000 ) ) ;
#63 = EDGE_LOOP ( 'NONE', ( #5610, #5405, #3053, #5795 ) ) ;
#64 = EDGE_CURVE ( 'NONE', #201, #958, #1786, .T. ) ;
#65 = EDGE_CURVE ( 'NONE', #1288, #1499, #144, .T. ) ;
#66 = CARTESIAN_POINT ( 'NONE',  ( -903.7611102728734500, 81.85143608393630600, 108.5048087761177100 ) ) ;
#67 = CARTESIAN_POINT ( 'NONE',  ( -1018.328763011401300, 21.11698506735716700, -60.33033841377616100 ) ) ;
#68 = CARTESIAN_POINT ( 'NONE',  ( -258.7992690864762200, -26.43457880943122300, 846.0885425870723100 ) ) ;
#69 = CARTESIAN_POINT ( 'NONE',  ( -970.4037882827204800, 2.925072896146058400, 68.60026894045719800 ) ) ;
#70 = CARTESIAN_POINT ( 'NONE',  ( -663.6220000073279800, -77.63177038898150800, -699.9999996933070200 ) ) ;
#71 = CARTESIAN_POINT ( 'NONE',  ( -934.2228703450956600, -43.48464750793613800, -50.52340117571670700 ) ) ;
#72 = CARTESIAN_POINT ( 'NONE',  ( -258.7992690864762700, -60.14009550597892000, 891.8627062136828300 ) ) ;
#73 = CARTESIAN_POINT ( 'NONE',  ( -180.5426152707339300, 286.9941512753984500, -138.6675313524613400 ) ) ;
#74 = CARTESIAN_POINT ( 'NONE',  ( -147.7592090282291800, 323.0206406943404400, 139.7603115605260500 ) ) ;
#75 = CARTESIAN_POINT ( 'NONE',  ( -362.5943677262777100, 119.5843527012690400, 509.5258950483661200 ) ) ;
#76 = CARTESIAN_POINT ( 'NONE',  ( -258.7992690864762200, -6.537420021803906200, 818.1862589886712800 ) ) ;
#77 = CARTESIAN_POINT ( 'NONE',  ( -152.4038922335055900, 317.7341039240751000, -139.6054887870356300 ) ) ;
#78 = EDGE_CURVE ( 'NONE', #256, #7182, #1954, .T. ) ;
#79 = CARTESIAN_POINT ( 'NONE',  ( -258.7992690864763300, -11.45098615964546300, -764.8261223806265400 ) ) ;
#80 = ORIENTED_EDGE ( 'NONE', *, *, #5597, .T. ) ;
#81 = CARTESIAN_POINT ( 'NONE',  ( -711.8839373918325500, -18.56752510712973600, 269.8630729374096400 ) ) ;
#82 = ORIENTED_EDGE ( 'NONE', *, *, #114, .F. ) ;
#83 = FACE_OUTER_BOUND ( 'NONE', #1667, .T. ) ;
#84 = CARTESIAN_POINT ( 'NONE',  ( -876.6408732644484900, 12.08354529787420300, -89.13503093578251000 ) ) ;
#85 = CARTESIAN_POINT ( 'NONE',  ( -247.2086777021706600, 274.9999999999999400, 622.3059783825149200 ) ) ;
#86 = ADVANCED_FACE ( 'NONE', ( #3805 ), #5515, .F. ) ;
#87 = B_SPLINE_CURVE_WITH_KNOTS ( 'NONE', 3,
 ( #2467, #3959, #6394, #1414, #211, #2056, #3928 ),
 .UNSPECIFIED., .F., .F.,
 ( 4, 1, 1, 1, 4 ),
 ( 0.0000000000000000000, 0.4158397143023242500, 0.6457696123157097300, 0.8509989315716948200, 1.000000000000000000 ),
 .UNSPECIFIED. ) ;
#88 = ORIENTED_EDGE ( 'NONE', *, *, #348, .F. ) ;
#89 = FACE_OUTER_BOUND ( 'NONE', #4530, .T. ) ;
#90 = CARTESIAN_POINT ( 'NONE',  ( -965.5218452665623100, -37.86112661497394100, 62.35021923255894900 ) ) ;
#91 = CARTESIAN_POINT ( 'NONE',  ( -258.7992690864762700, -15.68605927694465100, 814.8140873732008900 ) ) ;
#92 = ORIENTED_EDGE ( 'NONE', *, *, #4084, .T. ) ;
#93 = CARTESIAN_POINT ( 'NONE',  ( -308.7992690864780300, 20.00000000000000400, 501.6713962796285400 ) ) ;
#94 =( BOUNDED_SURFACE ( )  B_SPLINE_SURFACE ( 3, 2, ( 
 ( #5217, #7100, #7042 ),
 ( #7728, #5831, #4653 ),
 ( #2211, #2154, #2823 ),
 ( #7664, #7125, #6465 ),
 ( #2769, #501, #2463 ),
 ( #3225, #5171, #4303 ),
 ( #1428, #6989, #894 ),
 ( #2478, #6227, #5620 ),
 ( #4400, #691, #6809 ),
 ( #1300, #6201, #3704 ),
 ( #2523, #3071, #28 ),
 ( #7452, #663, #1945 ),
 ( #4328, #5010, #3808 ),
 ( #6249, #6786, #5576 ),
 ( #3729, #2455, #1256 ),
 ( #6835, #3146, #5524 ),
 ( #3782, #4352, #3172 ),
 ( #4376, #3121, #4964 ),
 ( #4988, #7401, #2548 ),
 ( #2503, #7426, #103 ),
 ( #3095, #51, #3759 ),
 ( #74, #6858, #6760 ),
 ( #1277, #4427, #7368 ),
 ( #1897, #737, #636 ) ),
 .UNSPECIFIED., .F., .F., .F. ) 
 B_SPLINE_SURFACE_WITH_KNOTS ( ( 4, 2, 2, 2, 2, 2, 2, 2, 2, 2, 2, 4 ),
 ( 3, 3 ),
 ( 0.04356442002380330600, 0.04604461945371021700, 0.04852481888361712100, 0.05100501831352403200, 0.05348521774343094300, 0.05596541717333784700, 0.05844561660324475900, 0.06340601546305857400, 0.06836641432287238200, 0.07332681318268620400, 0.07828721204250002600, 0.08324761090231383400 ),
 ( 0.0000000000000000000, 1.000000000000000000 ),
 .UNSPECIFIED. ) 
 GEOMETRIC_REPRESENTATION_ITEM ( )  RATIONAL_B_SPLINE_SURFACE ( (
 ( 1.000000000000000000, 0.7110071393347636700, 1.000000000000000000),
 ( 1.000000000000000000, 0.7166360156405118300, 1.000000000000000000),
 ( 1.000000000000000000, 0.7222793854365410200, 1.000000000000000000),
 ( 1.000000000000000000, 0.7329568083235544800, 1.000000000000000000),
 ( 1.000000000000000000, 0.7379825953715389900, 1.000000000000000000),
 ( 1.000000000000000000, 0.7469954642120478800, 1.000000000000000000),
 ( 1.000000000000000000, 0.7509846780744796600, 1.000000000000000000),
 ( 1.000000000000000000, 0.7578434444825178400, 1.000000000000000000),
 ( 1.000000000000000000, 0.7607188776709059600, 1.000000000000000000),
 ( 1.000000000000000000, 0.7654615341042925200, 1.000000000000000000),
 ( 1.000000000000000000, 0.7673319551656936400, 1.000000000000000000),
 ( 1.000000000000000000, 0.7702165726967622500, 1.000000000000000000),
 ( 1.000000000000000000, 0.7712317775010911800, 1.000000000000000000),
 ( 1.000000000000000000, 0.7731931499984410200, 1.000000000000000000),
 ( 1.000000000000000000, 0.7730700933670424700, 1.000000000000000000),
 ( 1.000000000000000000, 0.7706622638466322800, 1.000000000000000000),
 ( 1.000000000000000000, 0.7683735073196446000, 1.000000000000000000),
 ( 1.000000000000000000, 0.7619264557701953500, 1.000000000000000000),
 ( 1.000000000000000000, 0.7577676693253413400, 1.000000000000000000),
 ( 1.000000000000000000, 0.7475533857447515000, 1.000000000000000000),
 ( 1.000000000000000000, 0.7414406067350941500, 1.000000000000000000),
 ( 1.000000000000000000, 0.7273902473495049700, 1.000000000000000000),
 ( 1.000000000000000000, 0.7194849014063542400, 1.000000000000000000),
 ( 1.000000000000000000, 0.7110071393347641200, 1.000000000000000000) ) ) 
 REPRESENTATION_ITEM ( '' )  SURFACE ( )  );
#95 = CARTESIAN_POINT ( 'NONE',  ( -662.5224283529275900, -75.19967019946167900, -699.9999996933070200 ) ) ;
#96 = CARTESIAN_POINT ( 'NONE',  ( -934.5301646907761300, -43.50742379757995300, -68.83524956670386500 ) ) ;
#97 = CARTESIAN_POINT ( 'NONE',  ( -861.0800264558907900, 91.64005138580704100, 104.9233355974845700 ) ) ;
#98 = CARTESIAN_POINT ( 'NONE',  ( -15.22653713305481000, 296.1602317094656800, -144.1780672903839800 ) ) ;
#99 = EDGE_CURVE ( 'NONE', #60, #5128, #6744, .T. ) ;
#100 = LINE ( 'NONE', #1473, #6059 ) ;
#101 = CARTESIAN_POINT ( 'NONE',  ( -987.4989556644025000, 29.62112629190069400, 83.82978979354388100 ) ) ;
#102 = ORIENTED_EDGE ( 'NONE', *, *, #7921, .F. ) ;
#103 = CARTESIAN_POINT ( 'NONE',  ( -159.9743778347366600, 343.6846551672473400, 114.7656532489569900 ) ) ;
#104 = CARTESIAN_POINT ( 'NONE',  ( -1627.599260275900900, -214.9999999999999700, -1100.000000000000000 ) ) ;
#105 = CARTESIAN_POINT ( 'NONE',  ( -668.2451320953584900, -5.350516936150181200, 765.2225740782655500 ) ) ;
#106 = CARTESIAN_POINT ( 'NONE',  ( -111.1702897969567900, 313.5450642595636200, -140.9799422015872800 ) ) ;
#107 = ORIENTED_EDGE ( 'NONE', *, *, #7066, .F. ) ;
#108 = CARTESIAN_POINT ( 'NONE',  ( -258.7992690864763300, -17.75396009935000700, -751.0482541120327400 ) ) ;
#109 = CARTESIAN_POINT ( 'NONE',  ( -412.8137997136921100, 74.05357191944881400, 571.4712885500152900 ) ) ;
#110 = CARTESIAN_POINT ( 'NONE',  ( -916.1761530242783900, 52.78097960269511900, 105.6062142766424000 ) ) ;
#111 = EDGE_CURVE ( 'NONE', #5452, #7840, #4761, .T. ) ;
#112 = CARTESIAN_POINT ( 'NONE',  ( -184.3918324311517300, 20.00000000000000400, 582.8142552123961200 ) ) ;
#113 = B_SPLINE_CURVE_WITH_KNOTS ( 'NONE', 3,
 ( #7806, #4135, #7833, #469, #1093, #5886, #2205, #4758, #4164, #6544, #444, #1702, #7226, #982, #4108, #3552, #3436, #5998 ),
 .UNSPECIFIED., .F., .F.,
 ( 4, 2, 2, 2, 2, 2, 2, 2, 4 ),
 ( 0.0000000000000000000, 0.01572112093383843900, 0.03144224186767687800, 0.06288448373535375500, 0.09432672560303062600, 0.1257689674707073400, 0.1572112093383840600, 0.1886534512060607500, 0.2515379349414141900 ),
 .UNSPECIFIED. ) ;
#114 = EDGE_CURVE ( 'NONE', #163, #5019, #113, .T. ) ;
#115 = LINE ( 'NONE', #7432, #778 ) ;
#116 = CARTESIAN_POINT ( 'NONE',  ( -973.7201394623941700, 2.738691839376771000, -67.46626139458493300 ) ) ;
#117 = CARTESIAN_POINT ( 'NONE',  ( -668.2451320953588300, -15.33012229092221700, 764.5053097936543100 ) ) ;
#118 = ORIENTED_EDGE ( 'NONE', *, *, #1522, .T. ) ;
#119 = CARTESIAN_POINT ( 'NONE',  ( -14.69591375056344700, 296.6267490809309500, -144.1957547364669900 ) ) ;
#120 = CARTESIAN_POINT ( 'NONE',  ( -308.7992690864780300, -70.00000000000000000, 659.9999996933067900 ) ) ;
#121 = FACE_OUTER_BOUND ( 'NONE', #3871, .T. ) ;
#122 = EDGE_LOOP ( 'NONE', ( #3564, #4962, #1275, #1207, #5365 ) ) ;
#123 = CARTESIAN_POINT ( 'NONE',  ( -969.8308515967171400, 2.957272304234655400, 68.92925905442729100 ) ) ;
#124 = CARTESIAN_POINT ( 'NONE',  ( -5.573406319792084700E-011, 373.7893821233246900, -144.6856185281506600 ) ) ;
#125 = CARTESIAN_POINT ( 'NONE',  ( -531.9501749664385700, -5.650588350028082000, 69.73714230385326100 ) ) ;
#126 = CARTESIAN_POINT ( 'NONE',  ( -668.2451320953586000, -67.09938452567105600, 690.2157735028307600 ) ) ;
#127 = CARTESIAN_POINT ( 'NONE',  ( -96.17735229395033500, 311.5439272937064200, -141.4797067850208000 ) ) ;
#128 = CARTESIAN_POINT ( 'NONE',  ( -668.2451320953589400, -17.39823573710973600, -720.2341892597299900 ) ) ;
#129 = CARTESIAN_POINT ( 'NONE',  ( -534.0300862400525800, -11.13421401238168300, -0.0000000000000000000 ) ) ;
#130 = CARTESIAN_POINT ( 'NONE',  ( -955.0848152254923200, 29.77067270152409500, -106.4736495249556900 ) ) ;
#131 =( BOUNDED_CURVE ( )  B_SPLINE_CURVE ( 3, ( #5892, #7632, #987, #3443 ),
 .UNSPECIFIED., .F., .F. ) 
 B_SPLINE_CURVE_WITH_KNOTS ( ( 4, 4 ),
 ( 5.041869326281658700, 5.621984804581035900 ),
 .UNSPECIFIED. ) 
 CURVE ( )  GEOMETRIC_REPRESENTATION_ITEM ( )  RATIONAL_B_SPLINE_CURVE ( ( 1.000000000000000000, 0.9721515755180505400, 0.9721515755180505400, 1.000000000000000000 ) ) 
 REPRESENTATION_ITEM ( '' )  );
#132 = CARTESIAN_POINT ( 'NONE',  ( -769.9248101595751500, 23.42789570974004900, -54.74743358702337300 ) ) ;
#133 = EDGE_CURVE ( 'NONE', #3712, #4408, #540, .T. ) ;
#134 = EDGE_LOOP ( 'NONE', ( #2643, #1183, #5259 ) ) ;
#135 = CARTESIAN_POINT ( 'NONE',  ( -513.4672159472800100, 45.54542476513820000, -373.8168780586473800 ) ) ;
#136 = DIRECTION ( 'NONE',  ( -0.8361423757859028900, 0.0000000000000000000, -0.5485124678757137300 ) ) ;
#137 = CARTESIAN_POINT ( 'NONE',  ( -668.2451320953584900, -37.62779015560844400, 712.9723577306072000 ) ) ;
#138 = ORIENTED_EDGE ( 'NONE', *, *, #1041, .T. ) ;
#139 = CARTESIAN_POINT ( 'NONE',  ( -168.3225630098066900, 20.00000000000000400, 559.2914513037541200 ) ) ;
#140 = CARTESIAN_POINT ( 'NONE',  ( -663.3782130370184400, -77.41032694117028300, -699.9999996933070200 ) ) ;
#141 = PLANE ( 'NONE',  #5904 ) ;
#142 = CARTESIAN_POINT ( 'NONE',  ( -19.22128826590342500, 294.7018662005886000, -144.0449089192891000 ) ) ;
#143 = ORIENTED_EDGE ( 'NONE', *, *, #6832, .T. ) ;
#144 = CIRCLE ( 'NONE', #7801, 114.9999999999999900 ) ;
#145 = ORIENTED_EDGE ( 'NONE', *, *, #364, .T. ) ;
#146 = CARTESIAN_POINT ( 'NONE',  ( -348.2451320953587700, 30.00000000000000000, -824.6142396099118100 ) ) ;
#147 = CARTESIAN_POINT ( 'NONE',  ( -977.9970575583981800, 22.89356240254228300, 87.52448106196195000 ) ) ;
#148 = ADVANCED_FACE ( 'NONE', ( #2722 ), #3790, .T. ) ;
#149 = CARTESIAN_POINT ( 'NONE',  ( -898.4612927688346000, -77.57635044464564100, -312.7515720249604100 ) ) ;
#150 = DIRECTION ( 'NONE',  ( -1.000000000000000000, 0.0000000000000000000, 0.0000000000000000000 ) ) ;
#151 = CARTESIAN_POINT ( 'NONE',  ( -209.8351274522970000, 20.00000000000000000, -612.4405450003953300 ) ) ;
#152 = CARTESIAN_POINT ( 'NONE',  ( -184.5035469304772800, 298.7625002546555500, -138.5355002971365600 ) ) ;
#153 = CARTESIAN_POINT ( 'NONE',  ( -258.7992690864763300, -9.788601661407975400, -769.6737394390620500 ) ) ;
#154 = DIRECTION ( 'NONE',  ( 1.000000000000000000, 0.0000000000000000000, 0.0000000000000000000 ) ) ;
#155 = CARTESIAN_POINT ( 'NONE',  ( -769.1872778920909500, 23.42789570974004900, -54.84248903169684300 ) ) ;
#156 = ORIENTED_EDGE ( 'NONE', *, *, #2158, .F. ) ;
#157 = CARTESIAN_POINT ( 'NONE',  ( -15.61986757404181200, 302.9040110426931300, 239.9999999999999100 ) ) ;
#158 = CARTESIAN_POINT ( 'NONE',  ( -981.2416451011426900, 2.315978413137315800, -86.47034063728158100 ) ) ;
#159 = CARTESIAN_POINT ( 'NONE',  ( -739.4433708272624700, 139.6957626835687700, 95.70448686874628700 ) ) ;
#160 = CARTESIAN_POINT ( 'NONE',  ( -270.7297213873076800, 20.00000000000000400, -655.2373801070539200 ) ) ;
#161 = CARTESIAN_POINT ( 'NONE',  ( -923.1077413794350800, 75.04089419066095000, 103.9163419255826700 ) ) ;
#162 = CARTESIAN_POINT ( 'NONE',  ( -28.91071350158171400, 292.4969733302248800, -143.7219280780997500 ) ) ;
#163 = VERTEX_POINT ( 'NONE', #500 ) ;
#164 = CARTESIAN_POINT ( 'NONE',  ( -765.2319286365929000, 22.99403654170580700, -60.05701002742426900 ) ) ;
#165 = VERTEX_POINT ( 'NONE', #6672 ) ;
#166 = VECTOR ( 'NONE', #4048, 1000.000000000000200 ) ;
#167 = CARTESIAN_POINT ( 'NONE',  ( -920.0598199272296800, 68.79296931279317600, -98.09737963603727500 ) ) ;
#168 = ORIENTED_EDGE ( 'NONE', *, *, #4662, .T. ) ;
#169 = VECTOR ( 'NONE', #2798, 1000.000000000000000 ) ;
#170 = CARTESIAN_POINT ( 'NONE',  ( -720.5218967646291000, -42.84455594880284200, -62.35012099105503600 ) ) ;
#171 = CARTESIAN_POINT ( 'NONE',  ( -769.2833338315761000, 22.59727467440039200, 64.65104031212483400 ) ) ;
#172 = CARTESIAN_POINT ( 'NONE',  ( -1004.167345983600700, 1.027539364971647600, 44.51969783023803000 ) ) ;
#173 = CARTESIAN_POINT ( 'NONE',  ( -310.0401565179329300, -22.80444378217330100, -850.7894662905794100 ) ) ;
#174 = EDGE_CURVE ( 'NONE', #3746, #330, #3185, .T. ) ;
#175 = CARTESIAN_POINT ( 'NONE',  ( -668.2451320953589400, -36.93767005264803800, -701.0452824499871000 ) ) ;
#176 = AXIS2_PLACEMENT_3D ( 'NONE', #2354, #5960, #6660 ) ;
#177 = DIRECTION ( 'NONE',  ( 0.3320534516538564100, -0.9432605712340359500, 0.0000000000000000000 ) ) ;
#178 = CIRCLE ( 'NONE', #3412, 180.0000000000000600 ) ;
#179 = CARTESIAN_POINT ( 'NONE',  ( -767.1215560583604000, -49.25061185733253700, -55.81900546832393000 ) ) ;
#180 = ORIENTED_EDGE ( 'NONE', *, *, #4389, .F. ) ;
#181 =( BOUNDED_SURFACE ( )  B_SPLINE_SURFACE ( 3, 2, ( 
 ( #2913, #714, #3674 ),
 ( #6834, #3756, #3 ),
 ( #2453, #3702, #6124 ),
 ( #4324, #6199, #2521 ),
 ( #2429, #3143, #4937 ),
 ( #4374, #4961, #4351 ),
 ( #1298, #7342, #5523 ),
 ( #101, #5009, #4302 ),
 ( #612, #7449, #26 ),
 ( #4914, #7398, #3728 ) ),
 .UNSPECIFIED., .F., .F., .F. ) 
 B_SPLINE_SURFACE_WITH_KNOTS ( ( 4, 2, 2, 2, 4 ),
 ( 3, 3 ),
 ( 0.5805841559273639000, 0.7457671121700050200, 0.9109500684126461400, 1.076133024655287200, 1.241315980897928400 ),
 ( 0.0000000000000000000, 1.000000000000000000 ),
 .UNSPECIFIED. ) 
 GEOMETRIC_REPRESENTATION_ITEM ( )  RATIONAL_B_SPLINE_SURFACE ( (
 ( 1.000000000000000000, 0.7992633989974036200, 1.000000000000000000),
 ( 1.000000000000000000, 0.7961268479166124800, 1.000000000000000000),
 ( 1.000000000000000000, 0.7925756853449084100, 1.000000000000000000),
 ( 1.000000000000000000, 0.7847104072537307600, 1.000000000000000000),
 ( 1.000000000000000000, 0.7803960150855908700, 1.000000000000000000),
 ( 1.000000000000000000, 0.7710853641852650800, 1.000000000000000000),
 ( 1.000000000000000000, 0.7660890897112447900, 1.000000000000000000),
 ( 1.000000000000000000, 0.7555136892848367500, 1.000000000000000000),
 ( 1.000000000000000000, 0.7499348324501558000, 1.000000000000000000),
 ( 1.000000000000000000, 0.7441224190802605600, 1.000000000000000000) ) ) 
 REPRESENTATION_ITEM ( '' )  SURFACE ( )  );
#182 = CARTESIAN_POINT ( 'NONE',  ( -157.8520155076647300, 281.8239481656242400, 240.0000000000000000 ) ) ;
#183 = CARTESIAN_POINT ( 'NONE',  ( -530.2020976964985300, 0.2943142993471378200, 0.0000000000000000000 ) ) ;
#184 = CARTESIAN_POINT ( 'NONE',  ( -668.2451320953587100, -42.84359643473411700, 810.3819585628574500 ) ) ;
#185 = CARTESIAN_POINT ( 'NONE',  ( -168.3225630098066600, 20.00000000000000400, 552.6247846370876000 ) ) ;
#186 = DIRECTION ( 'NONE',  ( -4.236759075372986700E-018, -1.000000000000000000, 1.734723475976808100E-016 ) ) ;
#187 = CARTESIAN_POINT ( 'NONE',  ( -258.7992690864762700, -80.00000000000000000, 689.9999996933069000 ) ) ;
#188 = CARTESIAN_POINT ( 'NONE',  ( -21.51100062372087900, 294.1037949608090700, -143.9685851740285000 ) ) ;
#189 = EDGE_CURVE ( 'NONE', #1990, #6634, #6892, .T. ) ;
#190 = LINE ( 'NONE', #2482, #4511 ) ;
#191 = PRODUCT_RELATED_PRODUCT_CATEGORY ( 'part', '', ( #7332 ) ) ;
#192 = CARTESIAN_POINT ( 'NONE',  ( -969.3012010720884700, 3.009141994146537200, 69.97827981301978200 ) ) ;
#193 = CARTESIAN_POINT ( 'NONE',  ( -920.3039245909888000, 72.19268143819354600, -93.89606444129420000 ) ) ;
#194 = CARTESIAN_POINT ( 'NONE',  ( -1.567373681823751200E-013, 400.0000000000000000, -239.9999999999998900 ) ) ;
#195 = CARTESIAN_POINT ( 'NONE',  ( -765.7245514187940200, 22.94579304950080400, 61.91511120609600700 ) ) ;
#196 = CARTESIAN_POINT ( 'NONE',  ( -258.7992690864762200, -62.89708665347070100, 708.0430341011784800 ) ) ;
#197 = LINE ( 'NONE', #3413, #869 ) ;
#198 = CARTESIAN_POINT ( 'NONE',  ( -344.8720810753430300, -13.54067139104396000, -829.7095943740987400 ) ) ;
#199 = CARTESIAN_POINT ( 'NONE',  ( -258.7992690864762200, -62.89708665347070100, -708.0430341011784800 ) ) ;
#200 = CARTESIAN_POINT ( 'NONE',  ( -668.2451320953586000, -67.60367729139835500, -700.2010983612126400 ) ) ;
#201 = VERTEX_POINT ( 'NONE', #5240 ) ;
#202 = EDGE_CURVE ( 'NONE', #3978, #7950, #6868, .T. ) ;
#203 = EDGE_CURVE ( 'NONE', #1926, #7380, #2607, .T. ) ;
#204 = ORIENTED_EDGE ( 'NONE', *, *, #705, .T. ) ;
#205 = CIRCLE ( 'NONE', #4929, 102.8593517254403600 ) ;
#206 = CARTESIAN_POINT ( 'NONE',  ( -766.8722773087066600, -49.25061185733253700, -56.03015368265838700 ) ) ;
#207 = CARTESIAN_POINT ( 'NONE',  ( -965.5218452665623100, -37.86112661497394100, -62.35021923255894900 ) ) ;
#208 = CARTESIAN_POINT ( 'NONE',  ( -143.0777288748776400, 281.2573627436823900, 240.0000000000000900 ) ) ;
#209 = CARTESIAN_POINT ( 'NONE',  ( -532.1764711619969100, 0.3009072780147670800, -69.90283081991590600 ) ) ;
#210 = CARTESIAN_POINT ( 'NONE',  ( -976.9737192650881100, 2.555838574129727800, -87.87440580865464300 ) ) ;
#211 = CARTESIAN_POINT ( 'NONE',  ( -533.3592136239985800, -3.954536307887489800, -123.3249956252032900 ) ) ;
#212 = CIRCLE ( 'NONE', #6857, 148.3286034136783100 ) ;
#213 = CARTESIAN_POINT ( 'NONE',  ( -729.2237219786763900, 26.52037872249231400, -120.3472399959403600 ) ) ;
#214 = CARTESIAN_POINT ( 'NONE',  ( -774.0642468253603300, 23.59035881302534000, -479.9273741711696200 ) ) ;
#215 = CARTESIAN_POINT ( 'NONE',  ( -770.0781411151467600, -48.81333128179127800, 54.73844108899105300 ) ) ;
#216 = CARTESIAN_POINT ( 'NONE',  ( -766.2235293268096300, 22.89692718765778100, -62.74206018014388800 ) ) ;
#217 = CARTESIAN_POINT ( 'NONE',  ( -1030.027233465945100, 29.94070037784207700, -36.01863423261766400 ) ) ;
#218 = CARTESIAN_POINT ( 'NONE',  ( -598.2451320953588300, 30.00000000000000000, -829.6142396099121500 ) ) ;
#219 = CARTESIAN_POINT ( 'NONE',  ( -257.1072835119386500, 20.00000000000000400, -640.9169077990080700 ) ) ;
#220 = CARTESIAN_POINT ( 'NONE',  ( -327.2960135907563900, -14.80883829798467100, -834.7535650309457700 ) ) ;
#221 = ADVANCED_FACE ( 'NONE', ( #5232 ), #6483, .T. ) ;
#222 = CARTESIAN_POINT ( 'NONE',  ( -940.1840481408672800, 5.860640526535983800, -58.07579662998317400 ) ) ;
#223 = AXIS2_PLACEMENT_3D ( 'NONE', #739, #3836, #150 ) ;
#224 =( BOUNDED_CURVE ( )  B_SPLINE_CURVE ( 3, ( #2219, #7110, #6074, #4231 ),
 .UNSPECIFIED., .F., .F. ) 
 B_SPLINE_CURVE_WITH_KNOTS ( ( 4, 4 ),
 ( 4.810051089443400800, 4.870128983741961900 ),
 .UNSPECIFIED. ) 
 CURVE ( )  GEOMETRIC_REPRESENTATION_ITEM ( )  RATIONAL_B_SPLINE_CURVE ( ( 1.000000000000000000, 0.9996992431677764700, 0.9996992431677764700, 1.000000000000000000 ) ) 
 REPRESENTATION_ITEM ( '' )  );
#225 = CARTESIAN_POINT ( 'NONE',  ( -1059.433308974922100, -2.078443092143193100, -32.95183448588308300 ) ) ;
#226 = EDGE_LOOP ( 'NONE', ( #7437, #7296, #7030, #6665 ) ) ;
#227 = ORIENTED_EDGE ( 'NONE', *, *, #255, .T. ) ;
#228 = PLANE ( 'NONE',  #7175 ) ;
#229 = ORIENTED_EDGE ( 'NONE', *, *, #6308, .T. ) ;
#230 = CARTESIAN_POINT ( 'NONE',  ( -940.1836404914431600, -44.47907115696418900, 61.74090350182957800 ) ) ;
#231 = CARTESIAN_POINT ( 'NONE',  ( -153.3135637396650000, 281.2252122627227800, 239.9999999999999700 ) ) ;
#232 = EDGE_CURVE ( 'NONE', #338, #2490, #3228, .T. ) ;
#233 = CARTESIAN_POINT ( 'NONE',  ( -21.79800779109339700, 304.8130037241020900, 239.9999999999999400 ) ) ;
#234 = ORIENTED_EDGE ( 'NONE', *, *, #5699, .F. ) ;
#235 = CARTESIAN_POINT ( 'NONE',  ( -348.2451320953587700, 30.00000000000000000, 829.6142396099121500 ) ) ;
#236 = STYLED_ITEM ( 'NONE', ( #7741 ), #6915 ) ;
#237 = CARTESIAN_POINT ( 'NONE',  ( -729.0542768836838800, 26.53698324128359700, -95.29295773869242200 ) ) ;
#238 = CARTESIAN_POINT ( 'NONE',  ( -1627.599260275900900, -214.9999999999999700, -1100.000000000000000 ) ) ;
#239 = ORIENTED_EDGE ( 'NONE', *, *, #7647, .F. ) ;
#240 = CARTESIAN_POINT ( 'NONE',  ( -366.7937014670116600, 102.8553146867645600, 592.9706722561451200 ) ) ;
#241 = CARTESIAN_POINT ( 'NONE',  ( -731.8165205886824700, 51.45799681608176000, 120.2917345085304800 ) ) ;
#242 = CARTESIAN_POINT ( 'NONE',  ( -1011.548794505291400, 0.6126972383618516400, 31.91578694131961300 ) ) ;
#243 = CARTESIAN_POINT ( 'NONE',  ( -1095.978826124762500, -4.132324523110622900, 5.277208640751727100 ) ) ;
#244 = CARTESIAN_POINT ( 'NONE',  ( -769.4399044460311600, 22.58194141436671400, -64.67908672029469100 ) ) ;
#245 = CARTESIAN_POINT ( 'NONE',  ( -1028.266688507417900, 27.29655458417148900, 43.13758128719170100 ) ) ;
#246 = CARTESIAN_POINT ( 'NONE',  ( -919.3092125744914300, 76.30036816899239200, -83.13133380107837000 ) ) ;
#247 = CARTESIAN_POINT ( 'NONE',  ( -1018.328763011301400, 21.11698506739185500, 60.33033841390585600 ) ) ;
#248 = CARTESIAN_POINT ( 'NONE',  ( -769.4400697952363500, 22.58192522140246400, 64.67925245660224200 ) ) ;
#249 = CARTESIAN_POINT ( 'NONE',  ( -19.22982709354724700, 299.8485076329537300, 144.0446242917009600 ) ) ;
#250 = CARTESIAN_POINT ( 'NONE',  ( -315.6088344794915200, -18.59150419273068500, -843.4765673003504400 ) ) ;
#251 = CARTESIAN_POINT ( 'NONE',  ( -258.7992690864763300, -27.21805810361029600, -736.7923413143383900 ) ) ;
#252 = CARTESIAN_POINT ( 'NONE',  ( -1029.126498737529300, -0.3751809786563704600, -52.81150998653496500 ) ) ;
#253 = CARTESIAN_POINT ( 'NONE',  ( -258.7992690864762200, -14.77458370953297100, -794.9078185874074100 ) ) ;
#254 = EDGE_LOOP ( 'NONE', ( #5679, #2285, #6992, #3229, #3627 ) ) ;
#255 = EDGE_CURVE ( 'NONE', #1505, #60, #7515, .T. ) ;
#256 = VERTEX_POINT ( 'NONE', #7397 ) ;
#257 = DIRECTION ( 'NONE',  ( 1.000000000000000000, 0.0000000000000000000, 0.0000000000000000000 ) ) ;
#258 = CARTESIAN_POINT ( 'NONE',  ( -140.3961647609179100, 281.5344245307965100, 239.9999999999999400 ) ) ;
#259 = ORIENTED_EDGE ( 'NONE', *, *, #174, .T. ) ;
#260 = FACE_OUTER_BOUND ( 'NONE', #7386, .T. ) ;
#261 = CARTESIAN_POINT ( 'NONE',  ( -69.21207465579179500, 312.9172459699693700, 239.9999999999998900 ) ) ;
#262 = ADVANCED_FACE ( 'NONE', ( #7638 ), #4386, .F. ) ;
#263 = CARTESIAN_POINT ( 'NONE',  ( -988.1729592711797100, -43.56514554282340900, 312.7510206763798200 ) ) ;
#264 = CARTESIAN_POINT ( 'NONE',  ( -352.4986460716720600, 115.4119519339909600, 650.0000000000000000 ) ) ;
#265 = CARTESIAN_POINT ( 'NONE',  ( 0.0000000000000000000, 274.9999999999999400, 0.0000000000000000000 ) ) ;
#266 = CARTESIAN_POINT ( 'NONE',  ( -577.6248807457196800, 54.16390315882591000, -650.0000000000000000 ) ) ;
#267 = CARTESIAN_POINT ( 'NONE',  ( -903.1420864286368400, 22.63471032366287300, -108.1743023418718600 ) ) ;
#268 = CARTESIAN_POINT ( 'NONE',  ( -1007.589910239763600, 0.8351890653911342400, -39.56955737032578200 ) ) ;
#269 = VECTOR ( 'NONE', #6504, 1000.000000000000000 ) ;
#270 = CARTESIAN_POINT ( 'NONE',  ( -1028.456510750863600, 37.40925694940116100, 0.9140768731604510500 ) ) ;
#271 = CARTESIAN_POINT ( 'NONE',  ( -150.1780452840227400, 322.9726847451566400, 239.9999999999999400 ) ) ;
#272 = VERTEX_POINT ( 'NONE', #863 ) ;
#273 = FACE_OUTER_BOUND ( 'NONE', #4247, .T. ) ;
#274 = PRESENTATION_LAYER_ASSIGNMENT (  '', '', ( #3685 ) ) ;
#275 = CARTESIAN_POINT ( 'NONE',  ( -170.6347042671784200, 20.00000000000000000, 566.1121487526543200 ) ) ;
#276 = ORIENTED_EDGE ( 'NONE', *, *, #4900, .F. ) ;
#277 = CARTESIAN_POINT ( 'NONE',  ( -1012.809502501466100, 43.46342736086183600, -37.02459158161067900 ) ) ;
#278 = CARTESIAN_POINT ( 'NONE',  ( -527.5130262030228300, -0.1796302367026787700, 269.5430657194446000 ) ) ;
#279 = CARTESIAN_POINT ( 'NONE',  ( -769.9173643782909300, 22.53518284908636800, 54.74699134078029100 ) ) ;
#280 = CARTESIAN_POINT ( 'NONE',  ( -418.4486822469645500, 71.87170263032061300, -650.0000000000000000 ) ) ;
#281 = CARTESIAN_POINT ( 'NONE',  ( -209.8351274522971200, 19.99999999999999600, -622.4405450003955600 ) ) ;
#282 = CARTESIAN_POINT ( 'NONE',  ( -938.9216760350283300, 5.984267043717601100, -64.84484457364290200 ) ) ;
#283 = CARTESIAN_POINT ( 'NONE',  ( -1030.500444841677600, 34.86216924167715100, -19.24496342613655000 ) ) ;
#284 = VERTEX_POINT ( 'NONE', #6316 ) ;
#285 = B_SPLINE_CURVE_WITH_KNOTS ( 'NONE', 3,
 ( #3112, #7493, #1368, #3854 ),
 .UNSPECIFIED., .F., .F.,
 ( 4, 4 ),
 ( 1.566574240610908700E-013, 0.0003612493834805527200 ),
 .UNSPECIFIED. ) ;
#286 = ORIENTED_EDGE ( 'NONE', *, *, #1335, .F. ) ;
#287 = CARTESIAN_POINT ( 'NONE',  ( -729.3622766676164700, 29.88537549574502300, 107.8256832410020100 ) ) ;
#288 = CARTESIAN_POINT ( 'NONE',  ( -181.0609160481423600, 147.5000000000000300, 556.1498944953593800 ) ) ;
#289 = CARTESIAN_POINT ( 'NONE',  ( -940.3849347119414700, 7.164169369840226200, 59.73525065411046600 ) ) ;
#290 = CARTESIAN_POINT ( 'NONE',  ( -114.0366641244883100, 284.9347333500887200, 239.9999999999999100 ) ) ;
#291 = CARTESIAN_POINT ( 'NONE',  ( -99.23340139415925900, 317.0985112835708700, 239.9999999999999400 ) ) ;
#292 = VECTOR ( 'NONE', #1194, 1000.000000000000000 ) ;
#293 = CARTESIAN_POINT ( 'NONE',  ( -258.7992690864762700, -70.00000000000000000, -689.9999996933069000 ) ) ;
#294 = CARTESIAN_POINT ( 'NONE',  ( -765.5778448201333500, 23.42730997547047500, 57.84489251316715300 ) ) ;
#295 = DIRECTION ( 'NONE',  ( 2.775557561562858200E-015, 0.0000000000000000000, 1.000000000000000000 ) ) ;
#296 = CARTESIAN_POINT ( 'NONE',  ( -965.5218452665626500, -37.86112661497390500, 62.35021923255894900 ) ) ;
#297 = CARTESIAN_POINT ( 'NONE',  ( -348.2451320953590000, 30.00000000000000000, 874.6142396099116900 ) ) ;
#298 = CARTESIAN_POINT ( 'NONE',  ( -303.2451320953590500, 30.00000000000000000, 874.6142396099120300 ) ) ;
#299 = CARTESIAN_POINT ( 'NONE',  ( 0.0000000000000000000, 274.9999999999999400, 0.0000000000000000000 ) ) ;
#300 = CARTESIAN_POINT ( 'NONE',  ( -1016.700828299722500, 0.3231496449095523900, 9.403219270175153400 ) ) ;
#301 = CARTESIAN_POINT ( 'NONE',  ( -153.0292608703285000, 322.8004334762817400, 240.0000000000000000 ) ) ;
#302 = LINE ( 'NONE', #1847, #1930 ) ;
#303 = CARTESIAN_POINT ( 'NONE',  ( -294.2244260978632200, 20.00000000000000000, 659.4730955496891100 ) ) ;
#304 = CARTESIAN_POINT ( 'NONE',  ( -916.2188226148706500, 53.05136739624566600, -105.5957882377793700 ) ) ;
#305 = ORIENTED_EDGE ( 'NONE', *, *, #6535, .F. ) ;
#306 = CARTESIAN_POINT ( 'NONE',  ( -388.9432538963668500, 74.58854699431687200, 650.0000000000000000 ) ) ;
#307 = DIRECTION ( 'NONE',  ( 0.0000000000000000000, 0.0000000000000000000, 1.000000000000000000 ) ) ;
#308 = CARTESIAN_POINT ( 'NONE',  ( -339.0387756238881700, -11.44376167951390900, -825.4347497620489100 ) ) ;
#309 = CARTESIAN_POINT ( 'NONE',  ( -930.6693226185771000, 6.792435813217649900, 49.73865511901531300 ) ) ;
#310 = LINE ( 'NONE', #3987, #6661 ) ;
#311 = CARTESIAN_POINT ( 'NONE',  ( -1074.912622206676800, -2.948390393197902100, -22.43530719852428800 ) ) ;
#312 = ORIENTED_EDGE ( 'NONE', *, *, #4611, .T. ) ;
#313 = CARTESIAN_POINT ( 'NONE',  ( -668.2451320953587100, -31.11572221187178000, -719.0342243710908900 ) ) ;
#314 = CARTESIAN_POINT ( 'NONE',  ( -728.7181667712469600, 26.58015671864553700, 96.12481463768659800 ) ) ;
#315 = CARTESIAN_POINT ( 'NONE',  ( -987.4989556647002500, 29.62112629189863400, -83.82978979338211900 ) ) ;
#316 = CARTESIAN_POINT ( 'NONE',  ( -931.4234246686644400, -44.47907115696418900, 49.79444041411186800 ) ) ;
#317 = CARTESIAN_POINT ( 'NONE',  ( -138.1180973009495000, 281.8120210425492500, 240.0000000000000900 ) ) ;
#318 = CARTESIAN_POINT ( 'NONE',  ( -69.48163330584183900, 312.9563761970029000, 240.0000000000000000 ) ) ;
#319 = DIRECTION ( 'NONE',  ( 0.0000000000000000000, 0.0000000000000000000, -1.000000000000000000 ) ) ;
#320 = DIRECTION ( 'NONE',  ( -0.8977191870810038400, -0.3160216421388033500, -0.3069700031705310300 ) ) ;
#321 = CARTESIAN_POINT ( 'NONE',  ( -258.7992690864762700, -80.00000000000001400, -889.6142396099120300 ) ) ;
#322 = CARTESIAN_POINT ( 'NONE',  ( -345.2162486971475300, 117.3747192612501500, 650.0000000000000000 ) ) ;
#323 = CARTESIAN_POINT ( 'NONE',  ( -930.5021719132792000, 7.164169369840226200, 69.74685346525264200 ) ) ;
#324 = CARTESIAN_POINT ( 'NONE',  ( -912.2753489681367700, 24.15148589246330600, -106.4088689249163900 ) ) ;
#325 = CARTESIAN_POINT ( 'NONE',  ( -1016.994097761380300, 0.3066677136481872300, 3.424587032314581100 ) ) ;
#326 = CARTESIAN_POINT ( 'NONE',  ( -1087.746451340229200, -3.669659796454389800, -13.28070803915316300 ) ) ;
#327 = CARTESIAN_POINT ( 'NONE',  ( -153.7273285245733500, 322.7368086167111300, 239.9999999999999400 ) ) ;
#328 = ORIENTED_EDGE ( 'NONE', *, *, #4465, .T. ) ;
#329 = EDGE_CURVE ( 'NONE', #4329, #3057, #3401, .T. ) ;
#330 = VERTEX_POINT ( 'NONE', #7545 ) ;
#331 = CARTESIAN_POINT ( 'NONE',  ( -207.1047744933997300, 275.0000000000000000, 594.7498853255511900 ) ) ;
#332 = DIRECTION ( 'NONE',  ( 0.0000000000000000000, -0.0000000000000000000, 1.000000000000000000 ) ) ;
#333 =( BOUNDED_CURVE ( )  B_SPLINE_CURVE ( 3, ( #677, #5023, #3769, #3745 ),
 .UNSPECIFIED., .F., .F. ) 
 B_SPLINE_CURVE_WITH_KNOTS ( ( 4, 4 ),
 ( 3.052555804368844800, 4.612289601157166400 ),
 .UNSPECIFIED. ) 
 CURVE ( )  GEOMETRIC_REPRESENTATION_ITEM ( )  RATIONAL_B_SPLINE_CURVE ( ( 1.000000000000000000, 0.8073380928898431500, 0.8073380928898431500, 1.000000000000000000 ) ) 
 REPRESENTATION_ITEM ( '' )  );
#334 = CARTESIAN_POINT ( 'NONE',  ( -533.3592136239985800, -3.954536307887489800, 123.3249956252032900 ) ) ;
#335 = CARTESIAN_POINT ( 'NONE',  ( -180.1182485811986000, 312.3201320463614900, 138.6816769087794500 ) ) ;
#336 = CARTESIAN_POINT ( 'NONE',  ( -728.6117111961245900, -24.22778181205591600, -269.8657537935164300 ) ) ;
#337 = CARTESIAN_POINT ( 'NONE',  ( -388.9432538963668500, 74.58854699431687200, -650.0000000000000000 ) ) ;
#338 = VERTEX_POINT ( 'NONE', #6371 ) ;
#339 = VERTEX_POINT ( 'NONE', #813 ) ;
#340 = CARTESIAN_POINT ( 'NONE',  ( -929.9999970323414100, 6.857984149325563500, 49.73844108900586700 ) ) ;
#341 = CARTESIAN_POINT ( 'NONE',  ( -1028.576134469629600, 27.67948034126839100, -42.16552411455444400 ) ) ;
#342 = CARTESIAN_POINT ( 'NONE',  ( -668.2451320953589400, -53.61345991623468200, -815.9327397769930000 ) ) ;
#343 = ORIENTED_EDGE ( 'NONE', *, *, #6687, .T. ) ;
#344 = CARTESIAN_POINT ( 'NONE',  ( -396.7006316504052300, 94.88199682567854200, 509.9181256018205800 ) ) ;
#345 = CARTESIAN_POINT ( 'NONE',  ( -303.2451320953587700, 30.00000000000000000, 874.6142396099120300 ) ) ;
#346 = CARTESIAN_POINT ( 'NONE',  ( -723.7945680158910600, -29.18071593480783600, 36.91470976221314300 ) ) ;
#347 = CARTESIAN_POINT ( 'NONE',  ( -126.7531125592570000, 283.2771955289126700, 239.9999999999999400 ) ) ;
#348 = EDGE_CURVE ( 'NONE', #2465, #6040, #3294, .T. ) ;
#349 = CARTESIAN_POINT ( 'NONE',  ( -68.34507650166305800, 312.7911755255730700, 239.9999999999999700 ) ) ;
#350 = CARTESIAN_POINT ( 'NONE',  ( -308.7992690864780300, 274.9999999999999400, -649.9999996933069000 ) ) ;
#351 = DIRECTION ( 'NONE',  ( -1.000000000000000000, 0.0000000000000000000, -0.0000000000000000000 ) ) ;
#352 = DIRECTION ( 'NONE',  ( -0.03125000000000001400, 0.0000000000000000000, 0.9995115994824672600 ) ) ;
#353 = CARTESIAN_POINT ( 'NONE',  ( -344.9798420320378200, 113.8747192612501500, 650.0000000000000000 ) ) ;
#354 = CARTESIAN_POINT ( 'NONE',  ( -932.9810576344058300, -44.47907115696418900, 69.39802070663799300 ) ) ;
#355 = CARTESIAN_POINT ( 'NONE',  ( -770.0781411151467600, -48.81333128179127800, 54.73844108899105300 ) ) ;
#356 = CARTESIAN_POINT ( 'NONE',  ( -769.4399713109814900, 22.58193486615413200, -54.79671126397033000 ) ) ;
#357 = ORIENTED_EDGE ( 'NONE', *, *, #6871, .F. ) ;
#358 = CARTESIAN_POINT ( 'NONE',  ( -1029.554158989095000, 36.38753240919926700, -11.67891366889999500 ) ) ;
#359 = CARTESIAN_POINT ( 'NONE',  ( -150.9977412606844500, 322.9410816355859300, 240.0000000000000600 ) ) ;
#360 = VERTEX_POINT ( 'NONE', #5158 ) ;
#361 = CARTESIAN_POINT ( 'NONE',  ( -383.9083083939298100, -70.13888179190850300, 699.9999996933067900 ) ) ;
#362 = CARTESIAN_POINT ( 'NONE',  ( -348.2451320953590000, 30.00000000000000000, 874.6142396099116900 ) ) ;
#363 = VERTEX_POINT ( 'NONE', #5713 ) ;
#364 = EDGE_CURVE ( 'NONE', #6238, #5460, #3202, .T. ) ;
#365 = CARTESIAN_POINT ( 'NONE',  ( -241.5019980675317300, 106.9289782230014800, -136.6355519259014700 ) ) ;
#366 = CARTESIAN_POINT ( 'NONE',  ( -721.1638438405121900, -28.50215867585657400, -123.2493405169230300 ) ) ;
#367 = CARTESIAN_POINT ( 'NONE',  ( -14.73347317345261200, 301.7235915433007000, 144.1945027557040400 ) ) ;
#368 = CARTESIAN_POINT ( 'NONE',  ( -304.6886298467840100, -21.77563525920263700, -850.0483840245141200 ) ) ;
#369 = EDGE_CURVE ( 'NONE', #2065, #1505, #4467, .T. ) ;
#370 = CARTESIAN_POINT ( 'NONE',  ( -940.2502712844697000, 5.854155167296380700, 61.07441525268637200 ) ) ;
#371 = CARTESIAN_POINT ( 'NONE',  ( -668.2451320953587100, -80.00000000000000000, 699.9999996933069000 ) ) ;
#372 = CARTESIAN_POINT ( 'NONE',  ( -668.2451320953584900, -22.92426017569082600, -789.3638585184511400 ) ) ;
#373 = ORIENTED_EDGE ( 'NONE', *, *, #6125, .T. ) ;
#374 = ORIENTED_EDGE ( 'NONE', *, *, #7207, .T. ) ;
#375 = LINE ( 'NONE', #104, #7779 ) ;
#376 = CARTESIAN_POINT ( 'NONE',  ( -823.4214518720573300, -51.75754870041144100, 66.40623400834317600 ) ) ;
#377 = CARTESIAN_POINT ( 'NONE',  ( -989.1354529457656800, 51.79733859340780100, -83.30622482123547500 ) ) ;
#378 = CARTESIAN_POINT ( 'NONE',  ( -139.3517418926579400, 281.6585719581780700, 240.0000000000000300 ) ) ;
#379 = VERTEX_POINT ( 'NONE', #5243 ) ;
#380 = VECTOR ( 'NONE', #4895, 1000.000000000000000 ) ;
#381 = CARTESIAN_POINT ( 'NONE',  ( -131.7211751062305000, 321.3648448771398900, 239.9999999999999400 ) ) ;
#382 = CYLINDRICAL_SURFACE ( 'NONE', #3840, 92.50000000000069600 ) ;
#383 = DIRECTION ( 'NONE',  ( 1.000000000000000000, 0.0000000000000000000, 0.0000000000000000000 ) ) ;
#384 = CARTESIAN_POINT ( 'NONE',  ( -768.2139288377270500, -49.25060836388760100, 64.31988779411995000 ) ) ;
#385 =( BOUNDED_CURVE ( )  B_SPLINE_CURVE ( 3, ( #1017, #7044, #7072, #3355 ),
 .UNSPECIFIED., .F., .F. ) 
 B_SPLINE_CURVE_WITH_KNOTS ( ( 4, 4 ),
 ( 1.241315980897904400, 1.330577864592786600 ),
 .UNSPECIFIED. ) 
 CURVE ( )  GEOMETRIC_REPRESENTATION_ITEM ( )  RATIONAL_B_SPLINE_CURVE ( ( 1.000000000000000000, 0.9993361365512065700, 0.9993361365512065700, 1.000000000000000000 ) ) 
 REPRESENTATION_ITEM ( '' )  );
#386 = DIRECTION ( 'NONE',  ( 1.000000000000000000, 0.0000000000000000000, -3.088707198718619700E-016 ) ) ;
#387 = EDGE_LOOP ( 'NONE', ( #5335, #7483, #3798, #5676 ) ) ;
#388 = CARTESIAN_POINT ( 'NONE',  ( -1037.687897313966200, 21.01968157069405100, -21.73805297764316100 ) ) ;
#389 = CARTESIAN_POINT ( 'NONE',  ( -1030.668166295387200, 34.36182145443407900, 21.30267977848526000 ) ) ;
#390 = CARTESIAN_POINT ( 'NONE',  ( -306.2428185882953400, -28.21064626098440400, 858.4054069833955500 ) ) ;
#391 = ADVANCED_FACE ( 'NONE', ( #3606 ), #3297, .T. ) ;
#392 = DIRECTION ( 'NONE',  ( -0.0000000000000000000, -0.0000000000000000000, 1.000000000000000000 ) ) ;
#393 = DIRECTION ( 'NONE',  ( 0.0000000000000000000, 0.0000000000000000000, 1.000000000000000000 ) ) ;
#394 = CARTESIAN_POINT ( 'NONE',  ( -488.5693036824896500, 75.20711629262567000, -128.3999750720695100 ) ) ;
#395 = CARTESIAN_POINT ( 'NONE',  ( -308.7992690864780300, 20.00000000000000400, -649.9999996933069000 ) ) ;
#396 = FACE_OUTER_BOUND ( 'NONE', #1239, .T. ) ;
#397 = CARTESIAN_POINT ( 'NONE',  ( -939.7654742049038500, 5.901632273459762600, 56.44355408101744600 ) ) ;
#398 = B_SPLINE_CURVE_WITH_KNOTS ( 'NONE', 3,
 ( #5923, #2185, #7666, #6494, #2801, #2239, #2125, #4598, #7153, #3418, #6436, #368, #2854, #3448, #7786, #1572, #4655, #1599, #5219, #2825, #4116, #991, #425, #5333, #3386, #4630, #5896, #5803, #4000, #308, #929, #1544, #5833, #2156, #6467, #2771 ),
 .UNSPECIFIED., .F., .F.,
 ( 4, 2, 2, 2, 2, 2, 2, 2, 2, 2, 2, 2, 2, 2, 2, 2, 2, 4 ),
 ( 6.938893903907228400E-018, 0.01100367968992597100, 0.01650551953488894500, 0.01925643945737043300, 0.02200735937985191800, 0.03301103906977777300, 0.03576195899225918100, 0.03851287891474058900, 0.04401471875970348900, 0.05501839844962914900, 0.06052023829459204200, 0.06602207813955493500, 0.06877299806203632200, 0.07152391798451768200, 0.07702575782948026300, 0.08252759767444287100, 0.08527851759692409200, 0.08802943751940528500 ),
 .UNSPECIFIED. ) ;
#399 = CARTESIAN_POINT ( 'NONE',  ( -665.9411661833370300, -71.60920702276587200, 699.9999996933070200 ) ) ;
#400 = CARTESIAN_POINT ( 'NONE',  ( -258.7992690864762700, -76.46171649414300500, -888.5043643236193700 ) ) ;
#401 = EDGE_CURVE ( 'NONE', #2417, #1534, #2533, .T. ) ;
#402 = CIRCLE ( 'NONE', #6211, 25.00000000000000000 ) ;
#403 = CARTESIAN_POINT ( 'NONE',  ( -730.2681978692032800, 36.94639833642665400, 115.6474715548713700 ) ) ;
#404 = CARTESIAN_POINT ( 'NONE',  ( -509.8733849301402200, 50.25067432418193600, 576.1991528003036400 ) ) ;
#405 = CARTESIAN_POINT ( 'NONE',  ( -916.2188226148706500, 53.05136739624566600, -105.5957882377793700 ) ) ;
#406 = DIRECTION ( 'NONE',  ( 0.0000000000000000000, 0.0000000000000000000, 1.000000000000000000 ) ) ;
#407 = AXIS2_PLACEMENT_3D ( 'NONE', #1658, #4710, #3505 ) ;
#408 = CARTESIAN_POINT ( 'NONE',  ( -42.27212187775379700, 295.2450919855352800, 239.9999999999999400 ) ) ;
#409 = EDGE_LOOP ( 'NONE', ( #2327, #234, #5632, #7746 ) ) ;
#410 = CARTESIAN_POINT ( 'NONE',  ( -132.5975602885154700, 321.4778871338957600, 240.0000000000000000 ) ) ;
#411 = CARTESIAN_POINT ( 'NONE',  ( -5.573319583618285800E-011, 400.0000000000000000, 0.0000000000000000000 ) ) ;
#412 = ORIENTED_EDGE ( 'NONE', *, *, #774, .F. ) ;
#413 = CARTESIAN_POINT ( 'NONE',  ( -767.2398480514914400, -49.25060836388760100, 63.76625900012461300 ) ) ;
#414 = VECTOR ( 'NONE', #2574, 1000.000000000000000 ) ;
#415 = CARTESIAN_POINT ( 'NONE',  ( -598.2451320953588300, 30.00000000000000000, 829.6142396099121500 ) ) ;
#416 = CARTESIAN_POINT ( 'NONE',  ( -152.1247306682167600, 346.4479450951809000, 114.8776203492509500 ) ) ;
#417 = CARTESIAN_POINT ( 'NONE',  ( -728.8373881854719200, 26.88366327722901200, -99.39423786005592400 ) ) ;
#418 = CARTESIAN_POINT ( 'NONE',  ( 372.4007397240991400, -215.0000000000000600, -1100.000000000000000 ) ) ;
#419 = CARTESIAN_POINT ( 'NONE',  ( -1009.313519238900000, 0.7383211375657938700, 36.56650602504843300 ) ) ;
#420 = CARTESIAN_POINT ( 'NONE',  ( -1008.712152117855200, 20.80367857178739800, -39.56955737032578900 ) ) ;
#421 = DIRECTION ( 'NONE',  ( 0.0000000000000000000, 0.0000000000000000000, 1.000000000000000000 ) ) ;
#422 = CARTESIAN_POINT ( 'NONE',  ( -176.3248753057019100, 315.3900408491142600, 239.9999999999999700 ) ) ;
#423 = CARTESIAN_POINT ( 'NONE',  ( -176.0669473456558200, 315.5764558570213000, 138.8167202832974300 ) ) ;
#424 = CARTESIAN_POINT ( 'NONE',  ( -55.00145345845101000, 293.2004736502914900, 142.8522367462042000 ) ) ;
#425 = CARTESIAN_POINT ( 'NONE',  ( -325.1596924374147200, -12.63373494146989500, -830.2250301838898800 ) ) ;
#426 = DIRECTION ( 'NONE',  ( -0.0000000000000000000, -1.000000000000000000, -0.0000000000000000000 ) ) ;
#427 = DIRECTION ( 'NONE',  ( -0.0000000000000000000, 1.000000000000000000, -0.0000000000000000000 ) ) ;
#428 = CARTESIAN_POINT ( 'NONE',  ( -668.2451320953588300, -17.42814107997309500, -776.2063155958885500 ) ) ;
#429 = B_SPLINE_CURVE_WITH_KNOTS ( 'NONE', 3,
 ( #371, #1602, #2804, #1022, #4090, #3420, #5898, #6580, #456, #3480, #2886, #4063, #7157, #2215, #2912, #6526, #4659, #4172, #994, #2830, #7759, #1104, #5285, #6605, #7212, #1574, #399, #4712, #5956, #4680 ),
 .UNSPECIFIED., .F., .F.,
 ( 4, 2, 2, 2, 2, 2, 2, 2, 2, 2, 2, 2, 2, 2, 4 ),
 ( 0.0000000000000000000, 0.001964332556691065700, 0.003928665113382131400, 0.004910831391727675500, 0.005892997670073218800, 0.006384080809246005600, 0.006875163948418793300, 0.007366247087591580900, 0.007857330226764368600, 0.008839496505109942200, 0.009821662783455517600, 0.01080382906180109100, 0.01178599534014666800, 0.01375032789683752100, 0.01571466045352837600 ),
 .UNSPECIFIED. ) ;
#430 = DIRECTION ( 'NONE',  ( 0.3320534516538571300, -0.9432605712340358400, 0.0000000000000000000 ) ) ;
#431 = CARTESIAN_POINT ( 'NONE',  ( -740.6734511966680000, -31.23106814407374500, 36.91485756804480900 ) ) ;
#432 = DIRECTION ( 'NONE',  ( -0.6136994490979275100, -0.03449030143811548200, -0.7887860326372471100 ) ) ;
#433 = ADVANCED_FACE ( 'NONE', ( #5045 ), #1203, .F. ) ;
#434 = CARTESIAN_POINT ( 'NONE',  ( -14.62674840205270700, 301.6171103891456900, 239.9999999999999700 ) ) ;
#435 = CARTESIAN_POINT ( 'NONE',  ( -138.0651871637267300, 322.1812786346502000, 239.9999999999999400 ) ) ;
#436 = ORIENTED_EDGE ( 'NONE', *, *, #800, .T. ) ;
#437 = ORIENTED_EDGE ( 'NONE', *, *, #1600, .T. ) ;
#438 = DIRECTION ( 'NONE',  ( 1.000000000000000000, -3.469446951953614200E-017, -0.0000000000000000000 ) ) ;
#439 = CARTESIAN_POINT ( 'NONE',  ( -731.8328558798130000, 116.1642536705852400, 120.2911899988262000 ) ) ;
#440 = CARTESIAN_POINT ( 'NONE',  ( -737.1002142193403900, 131.6162775232480700, -114.0051590739743000 ) ) ;
#441 = DIRECTION ( 'NONE',  ( 0.9993296175109514000, 2.032281036613698200E-016, 0.03661032047682234000 ) ) ;
#442 = ORIENTED_EDGE ( 'NONE', *, *, #2346, .T. ) ;
#443 = DIRECTION ( 'NONE',  ( -0.3235513698791880900, 0.0000000000000000000, 0.9462106060752546500 ) ) ;
#444 = CARTESIAN_POINT ( 'NONE',  ( -484.1607765168670900, -24.50799641006221900, -829.6142396099119200 ) ) ;
#445 =( BOUNDED_SURFACE ( )  B_SPLINE_SURFACE ( 3, 2, ( 
 ( #2600, #2621, #6344 ),
 ( #2018, #5086, #3832 ),
 ( #3264, #2644, #3191 ),
 ( #147, #6884, #1453 ) ),
 .UNSPECIFIED., .F., .F., .F. ) 
 B_SPLINE_SURFACE_WITH_KNOTS ( ( 4, 4 ),
 ( 3, 3 ),
 ( 4.933166852909572200, 5.041869326281681800 ),
 ( 0.0000000000000000000, 1.000000000000000000 ),
 .UNSPECIFIED. ) 
 GEOMETRIC_REPRESENTATION_ITEM ( )  RATIONAL_B_SPLINE_SURFACE ( (
 ( 1.000000000000000000, 0.7027489190953187800, 1.000000000000000000),
 ( 1.000000000000000000, 0.7020431806302215300, 1.000000000000000000),
 ( 1.000000000000000000, 0.7013449952094306100, 1.000000000000000000),
 ( 1.000000000000000000, 0.7006585670461695800, 1.000000000000000000) ) ) 
 REPRESENTATION_ITEM ( '' )  SURFACE ( )  );
#446 = CARTESIAN_POINT ( 'NONE',  ( -668.2451320953587100, -70.00000000000000000, -899.6142396099120300 ) ) ;
#447 = CARTESIAN_POINT ( 'NONE',  ( -309.2866252396609100, -23.61632146033762700, 852.0465905393523400 ) ) ;
#448 = ORIENTED_EDGE ( 'NONE', *, *, #1129, .T. ) ;
#449 = CARTESIAN_POINT ( 'NONE',  ( -880.6792016605444400, 89.97689755170338800, -88.13339504144764200 ) ) ;
#450 = VERTEX_POINT ( 'NONE', #1795 ) ;
#451 = CARTESIAN_POINT ( 'NONE',  ( -178.0483830430172500, 314.1407659139845200, 240.0000000000000000 ) ) ;
#452 = CARTESIAN_POINT ( 'NONE',  ( -51.26416533576680500, 293.7804991269703100, 142.9768130169602200 ) ) ;
#453 = CARTESIAN_POINT ( 'NONE',  ( -668.2451320953587100, -75.19288004169955300, -759.8071196516094700 ) ) ;
#454 = CARTESIAN_POINT ( 'NONE',  ( -770.0781440828610600, -48.81971161484001700, -64.73844108900411200 ) ) ;
#455 = B_SPLINE_CURVE_WITH_KNOTS ( 'NONE', 3,
 ( #4919, #1776, #6076, #2381, #6690, #2998, #5606, #6184, #3812, #1925, #6205, #5064, #1900, #2527, #4381, #7480, #7429, #1379, #6231, #1949, #3838, #3125, #2551, #695, #5671, #6840, #4993, #7405, #2506, #3177, #127, #106, #4431, #4452, #2484, #3762, #5015, #6815, #56, #769, #4356, #741, #77, #4968, #2578, #3151, #1304, #7456, #3786, #3196, #4404, #1281, #669, #5037, #6790, #5579, #718, #1331, #5624, #6887, #5650, #6251, #1354, #6862, #1973, #6278, #7506, #3732, #152, #3099, #3886, #4567 ),
 .UNSPECIFIED., .F., .F.,
 ( 4, 2, 2, 2, 2, 2, 2, 2, 2, 2, 2, 2, 2, 2, 2, 2, 2, 2, 2, 2, 2, 2, 2, 2, 2, 2, 2, 2, 2, 2, 2, 2, 2, 2, 2, 4 ),
 ( 5.618469141565345700E-017, 0.0001796533707316779400, 0.0003593067414632996600, 0.0007186134829264163000, 0.001437226965852647900, 0.002874453931705187300, 0.004311680897557726100, 0.005748907863410266200, 0.008623361795115353300, 0.01149781572682044200, 0.01724672359023064800, 0.02299563145364085000, 0.03449344718046126100, 0.04599126290728167800, 0.06898689436092252100, 0.09198252581456337100, 0.1149781572682042100, 0.1207270651316144500, 0.1264759729950246900, 0.1322248808584349200, 0.1379737887218451800, 0.1437226965852554400, 0.1494716044486656700, 0.1523460583803707400, 0.1552205123120758400, 0.1609694201754860200, 0.1638438741071911200, 0.1667183280388962200, 0.1695927819706013200, 0.1724672359023064500, 0.1753416898340115500, 0.1767789167998640400, 0.1782161437657165100, 0.1810905976974213900, 0.1825278246632739100, 0.1839650516291264400 ),
 .UNSPECIFIED. ) ;
#456 = CARTESIAN_POINT ( 'NONE',  ( -663.3665899412502500, -77.39890474043886600, 699.9999996933067900 ) ) ;
#457 = CARTESIAN_POINT ( 'NONE',  ( -258.7992690864762200, -30.59030222987506400, -852.8395285037438500 ) ) ;
#458 = EDGE_LOOP ( 'NONE', ( #3285, #1243, #3820, #2121 ) ) ;
#459 = CARTESIAN_POINT ( 'NONE',  ( -5.573319583618285200E-011, 128.6706859541442300, -138.5152403254951100 ) ) ;
#460 = CARTESIAN_POINT ( 'NONE',  ( -184.6267484020527300, 302.0000000000000600, -128.7958889368372300 ) ) ;
#461 = CARTESIAN_POINT ( 'NONE',  ( -731.8165205886455200, 116.0656355729308700, -120.2917345085309900 ) ) ;
#462 = CARTESIAN_POINT ( 'NONE',  ( -14.62674840205269100, 302.0000000000000600, 239.9999999999999100 ) ) ;
#463 = CARTESIAN_POINT ( 'NONE',  ( -1022.810939723573400, 22.21332049753414100, -54.56941033803813900 ) ) ;
#464 = CARTESIAN_POINT ( 'NONE',  ( -14.62674840205208900, 301.1043781108963900, -137.9225819429059600 ) ) ;
#465 = ORIENTED_EDGE ( 'NONE', *, *, #2103, .F. ) ;
#466 = CARTESIAN_POINT ( 'NONE',  ( -931.4263944230313000, 7.164169077462492700, -49.79488626819294700 ) ) ;
#467 = CARTESIAN_POINT ( 'NONE',  ( -730.5038028408574700, 38.96947129314757100, -117.0136611303093400 ) ) ;
#468 = B_SPLINE_SURFACE_WITH_KNOTS ( 'NONE', 3, 3, ( 
 ( #2402, #4849, #5475, #1227, #2990, #3616 ),
 ( #7918, #4255, #563, #6708, #2038, #3907 ),
 ( #7695, #3990, #7721, #3823, #6170, #4316 ),
 ( #6220, #1248, #3111, #1888, #2496, #5634 ) ),
 .UNSPECIFIED., .F., .F., .F.,
 ( 4, 4 ),
 ( 4, 1, 1, 4 ),
 ( 0.0000000000000000000, 1.000000000000000000 ),
 ( 0.0000000000000000000, 0.08409707550759747100, 0.1681940720496415700, 1.000000000000000000 ),
 .UNSPECIFIED. ) ;
#469 = CARTESIAN_POINT ( 'NONE',  ( -577.6346902756563400, -37.16518573257102500, -829.6142396099121500 ) ) ;
#470 = ORIENTED_EDGE ( 'NONE', *, *, #2981, .F. ) ;
#471 = CARTESIAN_POINT ( 'NONE',  ( -1030.496150950499400, 34.87323465010792500, 19.19818151663323700 ) ) ;
#472 = CARTESIAN_POINT ( 'NONE',  ( -311.7276876134812900, -21.29331452451088700, 848.3071585848731500 ) ) ;
#473 = COLOUR_RGB ( '',0.7921568627450980000, 0.8196078431372548800, 0.9333333333333333500 ) ;
#474 = ADVANCED_FACE ( 'NONE', ( #3509 ), #1771, .T. ) ;
#475 = CARTESIAN_POINT ( 'NONE',  ( -5.573319583618286500E-011, 125.2726607911080500, 134.9547098992553100 ) ) ;
#476 = CARTESIAN_POINT ( 'NONE',  ( -161.2460480930646200, 321.4933946196882700, 239.9999999999998600 ) ) ;
#477 = FACE_OUTER_BOUND ( 'NONE', #2459, .T. ) ;
#478 = EDGE_CURVE ( 'NONE', #5129, #7051, #2828, .T. ) ;
#479 = CARTESIAN_POINT ( 'NONE',  ( -513.2675037780667300, 54.87322084212034000, -373.8383188011163200 ) ) ;
#480 = CARTESIAN_POINT ( 'NONE',  ( -176.5384936330611100, 288.7363934696389300, 138.8010020737173100 ) ) ;
#481 = CARTESIAN_POINT ( 'NONE',  ( -930.3348619948177400, -44.05435725806798100, 49.73200771745348400 ) ) ;
#482 = ORIENTED_EDGE ( 'NONE', *, *, #7933, .T. ) ;
#483 = DIRECTION ( 'NONE',  ( 0.0000000000000000000, 0.0000000000000000000, -1.000000000000000000 ) ) ;
#484 = CARTESIAN_POINT ( 'NONE',  ( -920.0787926479985100, 74.87905651297904800, 88.73249411970689900 ) ) ;
#485 = EDGE_LOOP ( 'NONE', ( #2157, #1872, #6720, #2080 ) ) ;
#486 = EDGE_LOOP ( 'NONE', ( #1764, #3841, #2796, #5613 ) ) ;
#487 = DIRECTION ( 'NONE',  ( -0.0000000000000000000, -0.0000000000000000000, 1.000000000000000000 ) ) ;
#488 = CARTESIAN_POINT ( 'NONE',  ( -258.7992690864762700, -70.00000000000000000, 694.9999996933069000 ) ) ;
#489 = CARTESIAN_POINT ( 'NONE',  ( -668.2451320953590500, -43.97249974525908600, 822.5900986886230200 ) ) ;
#490 = CARTESIAN_POINT ( 'NONE',  ( -524.0839179233561300, 24.10135128894058500, -479.8898481359895500 ) ) ;
#491 =( BOUNDED_CURVE ( )  B_SPLINE_CURVE ( 3, ( #4443, #7469, #6267, #2036 ),
 .UNSPECIFIED., .F., .F. ) 
 B_SPLINE_CURVE_WITH_KNOTS ( ( 4, 4 ),
 ( 1.364373422688490700, 1.474428014884324300 ),
 .UNSPECIFIED. ) 
 CURVE ( )  GEOMETRIC_REPRESENTATION_ITEM ( )  RATIONAL_B_SPLINE_CURVE ( ( 1.000000000000000000, 0.9989909202246810600, 0.9989909202246810600, 1.000000000000000000 ) ) 
 REPRESENTATION_ITEM ( '' )  );
#492 = CARTESIAN_POINT ( 'NONE',  ( -111.0814702798695100, 285.3231389869952200, 239.9999999999999400 ) ) ;
#493 = ORIENTED_EDGE ( 'NONE', *, *, #2528, .F. ) ;
#494 = CARTESIAN_POINT ( 'NONE',  ( -861.6342496577466400, 96.68124017130179500, 89.96129063427326900 ) ) ;
#495 = CARTESIAN_POINT ( 'NONE',  ( -944.5210601792156200, 5.467916346354196700, -83.71471282606036400 ) ) ;
#496 = EDGE_CURVE ( 'NONE', #5563, #5942, #4006, .T. ) ;
#497 = AXIS2_PLACEMENT_3D ( 'NONE', #2766, #3288, #864 ) ;
#498 = CARTESIAN_POINT ( 'NONE',  ( -738.6411727530717100, 136.4814618256707200, -107.7344185162797000 ) ) ;
#499 = CARTESIAN_POINT ( 'NONE',  ( -73.72306611233153700, 313.5735652203887900, 142.2281829910749000 ) ) ;
#500 = CARTESIAN_POINT ( 'NONE',  ( -598.2451320953588300, -41.15084088219456500, -829.6142396099120300 ) ) ;
#501 = CARTESIAN_POINT ( 'NONE',  ( -187.3402415975983500, 334.0511246274664400, 136.6519711804391800 ) ) ;
#502 = CARTESIAN_POINT ( 'NONE',  ( -598.2451320953588300, 30.00000000000000000, -824.6142396099121500 ) ) ;
#503 = VECTOR ( 'NONE', #5745, 1000.000000000000000 ) ;
#504 = AXIS2_PLACEMENT_3D ( 'NONE', #2290, #421, #4217 ) ;
#505 = CARTESIAN_POINT ( 'NONE',  ( -863.0104921238210000, 96.19676528163816400, -114.1476138099053700 ) ) ;
#506 = CARTESIAN_POINT ( 'NONE',  ( -167.7373814126759400, 319.6018535515686400, 239.9999999999999400 ) ) ;
#507 = CARTESIAN_POINT ( 'NONE',  ( -32.62372279653304500, 296.9357235279379100, 143.5981611016013600 ) ) ;
#508 = LINE ( 'NONE', #350, #7313 ) ;
#509 = CARTESIAN_POINT ( 'NONE',  ( -948.7841062061085000, 5.018420375086949800, 81.73844108900584600 ) ) ;
#510 = CARTESIAN_POINT ( 'NONE',  ( -918.5437199091361400, 60.97314538799251000, 103.5507658880144100 ) ) ;
#511 = ORIENTED_EDGE ( 'NONE', *, *, #6871, .T. ) ;
#512 = EDGE_CURVE ( 'NONE', #4981, #5575, #5058, .T. ) ;
#513 = DIRECTION ( 'NONE',  ( 0.0000000000000000000, 0.0000000000000000000, -1.000000000000000000 ) ) ;
#514 = CARTESIAN_POINT ( 'NONE',  ( -598.2451320953588300, 30.00000000000000000, -829.6142396099121500 ) ) ;
#515 = CARTESIAN_POINT ( 'NONE',  ( -668.2451320953587100, -23.39726399455627600, 806.9517546633993600 ) ) ;
#516 = LINE ( 'NONE', #1249, #1000 ) ;
#517 = ADVANCED_FACE ( 'NONE', ( #2054 ), #5546, .T. ) ;
#518 = CARTESIAN_POINT ( 'NONE',  ( -770.0781440828610600, -48.81971161484003100, 64.73844108900584600 ) ) ;
#519 = CARTESIAN_POINT ( 'NONE',  ( -26.80272142532265900, 298.0686714863379600, 239.9999999999999100 ) ) ;
#520 = ORIENTED_EDGE ( 'NONE', *, *, #3348, .T. ) ;
#521 = CARTESIAN_POINT ( 'NONE',  ( -183.5040215248412200, 335.4015787387869500, 114.0199289335920300 ) ) ;
#522 = CARTESIAN_POINT ( 'NONE',  ( -911.1337598592813300, 23.88819030296837900, 106.6382056507917600 ) ) ;
#523 = CARTESIAN_POINT ( 'NONE',  ( -182.5422089380673800, 294.7573435709114700, 239.9999999999998900 ) ) ;
#524 = CARTESIAN_POINT ( 'NONE',  ( -18.84438655705654500, 304.0463935643988400, 144.0574723095839100 ) ) ;
#525 = CARTESIAN_POINT ( 'NONE',  ( -1026.864989869386100, 38.51551239745705100, 42.41966465846098800 ) ) ;
#526 = CARTESIAN_POINT ( 'NONE',  ( -859.5490727613276900, 36.38491377651723000, 114.4616556329276900 ) ) ;
#527 = CARTESIAN_POINT ( 'NONE',  ( -896.2328090448197600, 59.48752152116555400, 109.7963367075833900 ) ) ;
#528 = EDGE_CURVE ( 'NONE', #3609, #339, #4854, .T. ) ;
#529 = DIRECTION ( 'NONE',  ( -1.871222068896619900E-015, 0.0000000000000000000, -1.000000000000000000 ) ) ;
#530 = CARTESIAN_POINT ( 'NONE',  ( -174.9318174288997100, 316.2765468372254000, 239.9999999999998900 ) ) ;
#531 = CARTESIAN_POINT ( 'NONE',  ( -806.5265316544838500, 44.18807967036339300, 118.6826832148217200 ) ) ;
#532 = CARTESIAN_POINT ( 'NONE',  ( -765.2401698217928500, -48.39356972818157500, -59.41772085797051500 ) ) ;
#533 = CARTESIAN_POINT ( 'NONE',  ( -931.6582899186964800, -43.86289208786709500, 49.81953964496819500 ) ) ;
#534 = VERTEX_POINT ( 'NONE', #6178 ) ;
#535 = CARTESIAN_POINT ( 'NONE',  ( -930.1678587455927500, 6.841545130369547100, 69.74125305616105700 ) ) ;
#536 = CARTESIAN_POINT ( 'NONE',  ( -964.5945079481900800, 3.470077462902892300, 73.67925464259089100 ) ) ;
#537 = CARTESIAN_POINT ( 'NONE',  ( -258.7992690864762700, -70.00000000000000000, -699.9999996933069000 ) ) ;
#538 = VERTEX_POINT ( 'NONE', #4827 ) ;
#539 = ORIENTED_EDGE ( 'NONE', *, *, #6013, .F. ) ;
#540 = LINE ( 'NONE', #418, #2159 ) ;
#541 = CARTESIAN_POINT ( 'NONE',  ( -5.573319583618286500E-011, 122.5944485110696600, -130.7343370524648900 ) ) ;
#542 = CARTESIAN_POINT ( 'NONE',  ( -721.0375125829706300, -43.02027741034838500, 20.83333333333332900 ) ) ;
#543 = CARTESIAN_POINT ( 'NONE',  ( -513.4672159472800100, 45.54542476513815100, -373.8168780586473800 ) ) ;
#544 = VERTEX_POINT ( 'NONE', #6684 ) ;
#545 = CARTESIAN_POINT ( 'NONE',  ( -189.7732548792596700, 333.1946375837733300, 113.6226695422161700 ) ) ;
#546 = CARTESIAN_POINT ( 'NONE',  ( -913.9247648857676700, 24.62958576407292800, 106.0729063408058900 ) ) ;
#547 = AXIS2_PLACEMENT_3D ( 'NONE', #7737, #1084, #5290 ) ;
#548 = CARTESIAN_POINT ( 'NONE',  ( -168.3828964060645300, 284.6352564845914800, 239.9999999999999400 ) ) ;
#549 = CARTESIAN_POINT ( 'NONE',  ( -141.9055952027727300, 322.6817795629039000, 139.9554320213935300 ) ) ;
#550 = CARTESIAN_POINT ( 'NONE',  ( -910.8026782465033200, 18.14069362401754800, 105.0383286312499100 ) ) ;
#551 = CARTESIAN_POINT ( 'NONE',  ( -855.5931319013266100, 38.82442772337599700, 114.8594170278254300 ) ) ;
#552 = CARTESIAN_POINT ( 'NONE',  ( -966.0375125829712000, -38.04515784016426500, -0.0000000000000000000 ) ) ;
#553 = B_SPLINE_CURVE_WITH_KNOTS ( 'NONE', 3,
 ( #3373, #5853, #5264, #2058, #4184, #5884, #1615, #3434, #2312, #7773, #3518, #440, #6541, #4078, #7144, #7831, #498, #2227, #4727, #7803, #2282, #2922, #7225, #1646, #1700, #2844, #1672, #4669, #2816, #1007 ),
 .UNSPECIFIED., .F., .F.,
 ( 4, 2, 2, 2, 2, 2, 2, 2, 2, 2, 2, 2, 2, 2, 4 ),
 ( 0.0000000000000000000, 0.004847449131482279300, 0.007271173697223487800, 0.009694898262964695600, 0.01454234739444711300, 0.01696607196018830000, 0.01938979652592948800, 0.02423724565741190400, 0.02666097022315309600, 0.02908469478889428800, 0.03150841935463547700, 0.03393214392037666900, 0.03635586848611786100, 0.03756773076898845700, 0.03877959305185906000 ),
 .UNSPECIFIED. ) ;
#554 = ADVANCED_FACE ( 'NONE', ( #1383 ), #468, .T. ) ;
#555 = CARTESIAN_POINT ( 'NONE',  ( -668.2451320953586000, -67.60367729139835500, 700.2010983612126400 ) ) ;
#556 = CARTESIAN_POINT ( 'NONE',  ( -780.0819614265502700, 125.3898702394614600, -94.44150617812307800 ) ) ;
#557 = CARTESIAN_POINT ( 'NONE',  ( -774.0642468253603300, 23.59035881302534000, 479.9273741711696200 ) ) ;
#558 = ORIENTED_EDGE ( 'NONE', *, *, #2946, .T. ) ;
#559 = CARTESIAN_POINT ( 'NONE',  ( -345.2162486971475300, 117.3747192612501500, -650.0000000000000000 ) ) ;
#560 = CARTESIAN_POINT ( 'NONE',  ( -765.8762357284733800, -48.44992673797842300, -57.27173513325823300 ) ) ;
#561 = CARTESIAN_POINT ( 'NONE',  ( -969.2964458175645200, 3.009607685326152600, -69.98447447726657300 ) ) ;
#562 = EDGE_CURVE ( 'NONE', #5160, #6792, #7138, .T. ) ;
#563 = CARTESIAN_POINT ( 'NONE',  ( -978.9677902247721000, -40.23290289279391600, -62.35021923255894900 ) ) ;
#564 = DIRECTION ( 'NONE',  ( 0.0000000000000000000, -0.0000000000000000000, 1.000000000000000000 ) ) ;
#565 = VERTEX_POINT ( 'NONE', #5568 ) ;
#566 = AXIS2_PLACEMENT_3D ( 'NONE', #4916, #637, #2575 ) ;
#567 = EDGE_LOOP ( 'NONE', ( #2249, #1890, #7845 ) ) ;
#568 =( NAMED_UNIT ( * ) SI_UNIT ( $, .STERADIAN. ) SOLID_ANGLE_UNIT ( ) );
#569 = CARTESIAN_POINT ( 'NONE',  ( -308.7992690864780300, 140.4205989181335200, -650.0000000000000000 ) ) ;
#570 = CARTESIAN_POINT ( 'NONE',  ( -668.2451320953586000, -57.65583929845149700, -827.6532454119280800 ) ) ;
#571 = VECTOR ( 'NONE', #406, 1000.000000000000000 ) ;
#572 = VERTEX_POINT ( 'NONE', #5540 ) ;
#573 = FACE_OUTER_BOUND ( 'NONE', #3261, .T. ) ;
#574 = DIRECTION ( 'NONE',  ( -1.000000000000000000, -0.0000000000000000000, -0.0000000000000000000 ) ) ;
#575 = CARTESIAN_POINT ( 'NONE',  ( -165.6142087987237800, 283.6861469932915200, 239.9999999999999400 ) ) ;
#576 = ORIENTED_EDGE ( 'NONE', *, *, #6444, .F. ) ;
#577 = CARTESIAN_POINT ( 'NONE',  ( -940.3996574009174800, 6.041024066441117700, 85.87891004251237300 ) ) ;
#578 = CARTESIAN_POINT ( 'NONE',  ( -855.3638864233464600, 39.31221243612954900, 114.8816014359640100 ) ) ;
#579 = ORIENTED_EDGE ( 'NONE', *, *, #6105, .F. ) ;
#580 = LINE ( 'NONE', #4947, #380 ) ;
#581 = LINE ( 'NONE', #6277, #951 ) ;
#582 = CARTESIAN_POINT ( 'NONE',  ( -731.8165205886455200, 51.46764385215513500, -120.2917345085309900 ) ) ;
#583 = ORIENTED_EDGE ( 'NONE', *, *, #7511, .F. ) ;
#584 = CARTESIAN_POINT ( 'NONE',  ( -780.7758396656026900, 125.1456061704051500, -119.1330526026295000 ) ) ;
#585 = CARTESIAN_POINT ( 'NONE',  ( -184.3430301104942500, 304.7852410639415000, 240.0000000000000000 ) ) ;
#586 = CARTESIAN_POINT ( 'NONE',  ( -950.0984878446716900, 4.889700464791611800, 81.60400737600026800 ) ) ;
#587 = CARTESIAN_POINT ( 'NONE',  ( -257.1072835119386500, 20.00000000000000400, -640.9169077990080700 ) ) ;
#588 = CARTESIAN_POINT ( 'NONE',  ( -937.5010464847748600, -43.04366449941422700, 66.70542129674042500 ) ) ;
#589 = CARTESIAN_POINT ( 'NONE',  ( -3.989863994746657900E-015, -115.0000000000000300, 0.0000000000000000000 ) ) ;
#590 = CARTESIAN_POINT ( 'NONE',  ( -660.9290852636136200, -29.58390484887792800, -36.90695453431306600 ) ) ;
#591 = CARTESIAN_POINT ( 'NONE',  ( -919.2413854969660200, 76.35338900422893000, 82.74983294867499200 ) ) ;
#592 =( BOUNDED_CURVE ( )  B_SPLINE_CURVE ( 3, ( #7714, #3958, #2783, #854 ),
 .UNSPECIFIED., .F., .F. ) 
 B_SPLINE_CURVE_WITH_KNOTS ( ( 4, 4 ),
 ( 4.733792457186768700, 4.778316836571288900 ),
 .UNSPECIFIED. ) 
 CURVE ( )  GEOMETRIC_REPRESENTATION_ITEM ( )  RATIONAL_B_SPLINE_CURVE ( ( 1.000000000000000000, 0.9998348051261559700, 0.9998348051261559700, 1.000000000000000000 ) ) 
 REPRESENTATION_ITEM ( '' )  );
#593 = LINE ( 'NONE', #4284, #5092 ) ;
#594 = CARTESIAN_POINT ( 'NONE',  ( -258.7992690864762700, -80.00000000000000000, 889.6142396099120300 ) ) ;
#595 = CARTESIAN_POINT ( 'NONE',  ( -900.0113882235831400, 83.17144053161918300, -85.17181409649734300 ) ) ;
#596 = CARTESIAN_POINT ( 'NONE',  ( -668.2451320953590500, -43.97249974525908600, -822.5900986886230200 ) ) ;
#597 = CARTESIAN_POINT ( 'NONE',  ( -164.6828090400512400, 342.0271589448048000, 114.7501393325509200 ) ) ;
#598 = CARTESIAN_POINT ( 'NONE',  ( -308.8586785774629100, -18.23205478940466100, 843.7652877733741000 ) ) ;
#599 = FACE_OUTER_BOUND ( 'NONE', #2351, .T. ) ;
#600 = EDGE_CURVE ( 'NONE', #2531, #4050, #4609, .T. ) ;
#601 = CARTESIAN_POINT ( 'NONE',  ( -175.3583073961006600, 287.9815310184572500, 239.9999999999999400 ) ) ;
#602 = ORIENTED_EDGE ( 'NONE', *, *, #478, .T. ) ;
#603 = CARTESIAN_POINT ( 'NONE',  ( -858.0946097206182200, 37.06505434339334900, 114.6112667926932000 ) ) ;
#604 = ORIENTED_EDGE ( 'NONE', *, *, #678, .T. ) ;
#605 = FACE_OUTER_BOUND ( 'NONE', #3775, .T. ) ;
#606 = CARTESIAN_POINT ( 'NONE',  ( -929.9999970323415300, -51.00000000000041200, 49.73844108900585300 ) ) ;
#607 = CARTESIAN_POINT ( 'NONE',  ( -916.1761530242783900, 52.78097960269511900, 105.6062142766424000 ) ) ;
#608 = CARTESIAN_POINT ( 'NONE',  ( -938.3670337730620800, -42.85657279283491800, -53.79563132839372500 ) ) ;
#609 = CARTESIAN_POINT ( 'NONE',  ( -768.5114643557401500, -48.68087987166185100, -55.03441068483324000 ) ) ;
#610 = CARTESIAN_POINT ( 'NONE',  ( -937.7319406547731000, -43.00658390985467600, 66.45855147179722200 ) ) ;
#611 = CARTESIAN_POINT ( 'NONE',  ( -241.9326085814430800, 81.60189885207184100, 111.4931104115493700 ) ) ;
#612 = CARTESIAN_POINT ( 'NONE',  ( -982.8162755924973900, 30.82403548821886100, 85.87657668774734500 ) ) ;
#613 = VECTOR ( 'NONE', #4344, 1000.000000000000100 ) ;
#614 = EDGE_CURVE ( 'NONE', #2961, #1990, #3976, .T. ) ;
#615 = CARTESIAN_POINT ( 'NONE',  ( -14.62674840205269600, 302.0000000000000600, 239.9999999999999100 ) ) ;
#616 = CARTESIAN_POINT ( 'NONE',  ( -357.9726304450874700, 146.0331211803212500, 374.2254074289194800 ) ) ;
#617 = CARTESIAN_POINT ( 'NONE',  ( -258.7992690864763300, -18.98042505461657500, 748.8810785843890000 ) ) ;
#618 = DIRECTION ( 'NONE',  ( -3.088707198718619700E-016, 0.0000000000000000000, -1.000000000000000000 ) ) ;
#619 = DIRECTION ( 'NONE',  ( -6.530723674265633100E-016, -0.0000000000000000000, -1.000000000000000000 ) ) ;
#620 = B_SPLINE_SURFACE_WITH_KNOTS ( 'NONE', 3, 1, ( 
 ( #6532, #5343 ),
 ( #999, #7823 ),
 ( #4688, #1026 ),
 ( #5961, #4068 ),
 ( #5318, #6559 ),
 ( #3426, #2275 ) ),
 .UNSPECIFIED., .F., .F., .F.,
 ( 4, 1, 1, 4 ),
 ( 2, 2 ),
 ( 0.0000000000000000000, 0.2221646249031024600, 0.3221646249031021600, 1.000000000000000000 ),
 ( 0.0000000000000000000, 1.000000000000000000 ),
 .UNSPECIFIED. ) ;
#621 = CARTESIAN_POINT ( 'NONE',  ( -858.7868494281706300, 83.46312312227290400, -112.1093737480393300 ) ) ;
#622 = CARTESIAN_POINT ( 'NONE',  ( -178.7257531420651400, 290.4166871509210600, 239.9999999999999400 ) ) ;
#623 = EDGE_CURVE ( 'NONE', #3924, #6238, #212, .T. ) ;
#624 = ORIENTED_EDGE ( 'NONE', *, *, #2812, .F. ) ;
#625 = EDGE_CURVE ( 'NONE', #7610, #641, #3270, .T. ) ;
#626 = ORIENTED_EDGE ( 'NONE', *, *, #7706, .T. ) ;
#627 = CARTESIAN_POINT ( 'NONE',  ( -1017.834159104867000, 0.2594557290798118500, -60.90933384340142700 ) ) ;
#628 = CARTESIAN_POINT ( 'NONE',  ( -668.2451320953584900, -64.21129738992327400, 700.7106441597984500 ) ) ;
#629 = EDGE_LOOP ( 'NONE', ( #3586, #2573, #2826, #1292, #5677 ) ) ;
#630 = CARTESIAN_POINT ( 'NONE',  ( -721.0375125829706300, -43.02027741034838500, 20.83333333333332900 ) ) ;
#631 = CARTESIAN_POINT ( 'NONE',  ( -930.1673721483316500, -44.14909805296827000, -69.74076217925339400 ) ) ;
#632 = CARTESIAN_POINT ( 'NONE',  ( -765.8731678228479000, -48.45303464569499100, -62.20133367578615200 ) ) ;
#633 = DIRECTION ( 'NONE',  ( -3.389407260298388800E-017, -1.000000000000000000, -0.0000000000000000000 ) ) ;
#634 = DIRECTION ( 'NONE',  ( 0.9427946626885517200, 0.3318894391366361600, 0.03142648875628400300 ) ) ;
#635 = ORIENTED_EDGE ( 'NONE', *, *, #1934, .T. ) ;
#636 = CARTESIAN_POINT ( 'NONE',  ( -152.1247306682166700, 346.4479450951809000, 114.8776203492508900 ) ) ;
#637 = DIRECTION ( 'NONE',  ( -3.469446951953614200E-017, -1.000000000000000000, 0.0000000000000000000 ) ) ;
#638 = CARTESIAN_POINT ( 'NONE',  ( -258.7992690864763300, -34.99531969710408000, 727.9305802034526800 ) ) ;
#639 = CARTESIAN_POINT ( 'NONE',  ( -447.9801092901970500, 49.83749238180580900, -373.9530545154048600 ) ) ;
#640 = CARTESIAN_POINT ( 'NONE',  ( -856.4890314590361400, 38.00183585497628500, -114.7718134927301600 ) ) ;
#641 = VERTEX_POINT ( 'NONE', #6851 ) ;
#642 = CARTESIAN_POINT ( 'NONE',  ( -861.8216006455577400, 96.28567541412094500, -93.96256307822382300 ) ) ;
#643 = CARTESIAN_POINT ( 'NONE',  ( -335.4523126732743800, -11.57620976159641300, 826.2435564184396500 ) ) ;
#644 = AXIS2_PLACEMENT_3D ( 'NONE', #7859, #7937, #3007 ) ;
#645 = CARTESIAN_POINT ( 'NONE',  ( -160.8696293741179800, 282.4184853916976300, 239.9999999999999700 ) ) ;
#646 = CARTESIAN_POINT ( 'NONE',  ( -279.3714093152536300, 20.00000000000000000, 647.2453274092966900 ) ) ;
#647 = ADVANCED_FACE ( 'NONE', ( #4938, #1665 ), #6264, .F. ) ;
#648 = B_SPLINE_CURVE_WITH_KNOTS ( 'NONE', 3,
 ( #6762, #7898, #6098, #5062, #3149, #6910, #1329, #3123, #3730, #7403, #4379, #5622, #2576, #1947 ),
 .UNSPECIFIED., .F., .F.,
 ( 4, 2, 2, 2, 2, 2, 4 ),
 ( 0.0000000000000000000, 0.06277176814124407800, 0.1255435362824881600, 0.1569294203531101900, 0.1883153044237322300, 0.2197011884943542700, 0.2510870725649763100 ),
 .UNSPECIFIED. ) ;
#649 = ORIENTED_EDGE ( 'NONE', *, *, #3222, .T. ) ;
#650 = CARTESIAN_POINT ( 'NONE',  ( -983.1893413520520000, 2.206516638579789600, -62.88860818955330200 ) ) ;
#651 = CARTESIAN_POINT ( 'NONE',  ( -258.7992690864762200, -15.29635728229691900, 811.9958014223404900 ) ) ;
#652 = CARTESIAN_POINT ( 'NONE',  ( -733.9383775651596100, 122.2149728281095900, 119.3969208691629400 ) ) ;
#653 = EDGE_LOOP ( 'NONE', ( #6487, #5408, #305, #1848, #180 ) ) ;
#654 = CARTESIAN_POINT ( 'NONE',  ( -801.4150016023038500, -73.21928833898205400, -0.0000000000000000000 ) ) ;
#655 = CARTESIAN_POINT ( 'NONE',  ( -940.1837984192194400, -42.58288682697867200, -58.07406516767849100 ) ) ;
#656 = CARTESIAN_POINT ( 'NONE',  ( -668.2451320953587100, -70.00000000000000000, 829.6142396099121500 ) ) ;
#657 = CARTESIAN_POINT ( 'NONE',  ( -308.7992690864780300, -80.00000000000000000, -511.6713962796286500 ) ) ;
#658 = EDGE_CURVE ( 'NONE', #1505, #3609, #1576, .T. ) ;
#659 = VECTOR ( 'NONE', #7941, 1000.000000000000000 ) ;
#660 =( LENGTH_UNIT ( ) NAMED_UNIT ( * ) SI_UNIT ( .MILLI., .METRE. ) );
#661 = CARTESIAN_POINT ( 'NONE',  ( -308.7992690864780300, -70.00000000000000000, 511.6713962796286500 ) ) ;
#662 = FACE_OUTER_BOUND ( 'NONE', #4307, .T. ) ;
#663 = CARTESIAN_POINT ( 'NONE',  ( -178.1942025034659900, 337.2707798773282700, 135.1092678151634600 ) ) ;
#664 = ORIENTED_EDGE ( 'NONE', *, *, #5689, .F. ) ;
#665 = VECTOR ( 'NONE', #4533, 1000.000000000000100 ) ;
#666 = CARTESIAN_POINT ( 'NONE',  ( 372.4007397240991400, -115.0000000000000400, -1100.000000000000000 ) ) ;
#667 = CARTESIAN_POINT ( 'NONE',  ( -513.4672159472800100, 45.54542476513815100, 373.8168780586473800 ) ) ;
#668 = CARTESIAN_POINT ( 'NONE',  ( -258.7992690864763300, -17.75396009935000700, 751.0482541120327400 ) ) ;
#669 = CARTESIAN_POINT ( 'NONE',  ( -172.4348963427406400, 312.4849282411223000, -138.9377886500610900 ) ) ;
#670 = CARTESIAN_POINT ( 'NONE',  ( -258.7992690864762700, -6.132400544000401700, -815.6652136617636900 ) ) ;
#671 = EDGE_LOOP ( 'NONE', ( #5727, #3286, #2972, #4848, #4432 ) ) ;
#672 = ORIENTED_EDGE ( 'NONE', *, *, #5426, .T. ) ;
#673 = CARTESIAN_POINT ( 'NONE',  ( -912.6363747079964200, 17.02916828837914700, -104.0923182451449000 ) ) ;
#674 = CARTESIAN_POINT ( 'NONE',  ( -163.9163462205502500, 283.1808106642623700, 240.0000000000000600 ) ) ;
#675 = CARTESIAN_POINT ( 'NONE',  ( -198.6359048933355200, 20.00000000000000000, 601.3094353378247700 ) ) ;
#676 = VERTEX_POINT ( 'NONE', #7390 ) ;
#677 = CARTESIAN_POINT ( 'NONE',  ( -5.573319583618285800E-011, 400.0000000000000000, 119.9484447048561000 ) ) ;
#678 = EDGE_CURVE ( 'NONE', #5753, #5501, #7705, .T. ) ;
#679 = CARTESIAN_POINT ( 'NONE',  ( -930.2000504294431900, -44.47907115522036000, -69.74121535644221100 ) ) ;
#680 = CARTESIAN_POINT ( 'NONE',  ( -258.7992690864762200, -14.77458370953297100, 794.9078185874074100 ) ) ;
#681 = DIRECTION ( 'NONE',  ( -0.0000000000000000000, -0.0000000000000000000, -1.000000000000000000 ) ) ;
#682 = UNCERTAINTY_MEASURE_WITH_UNIT (LENGTH_MEASURE( 1.000000000000000100E-005 ), #4616, 'distance_accuracy_value', 'NONE');
#683 = CARTESIAN_POINT ( 'NONE',  ( -667.0200535747004600, -79.54753148373505700, -699.9999996933071300 ) ) ;
#684 = CARTESIAN_POINT ( 'NONE',  ( -940.3179782549134400, -42.56657183456169200, -59.41705747346112100 ) ) ;
#685 = CARTESIAN_POINT ( 'NONE',  ( -418.8108414987674500, 78.87170263032058400, -650.0000000000000000 ) ) ;
#686 = B_SPLINE_SURFACE_WITH_KNOTS ( 'NONE', 3, 1, ( 
 ( #2142, #7688 ),
 ( #7032, #6455 ),
 ( #4016, #323 ),
 ( #948, #1562 ),
 ( #5854, #6481 ),
 ( #2787, #3407 ),
 ( #354, #4643 ),
 ( #5265, #2132 ),
 ( #909, #2078 ),
 ( #878, #2105 ),
 ( #2686, #1526 ),
 ( #6358, #3335 ),
 ( #5172, #5811 ),
 ( #230, #5756 ),
 ( #1493, #289 ),
 ( #3362, #6997 ),
 ( #5201, #7645 ),
 ( #6448, #6387 ),
 ( #2748, #4608 ),
 ( #1551, #4501 ),
 ( #4524, #7052 ),
 ( #7676, #3302 ),
 ( #938, #7615 ),
 ( #6941, #823 ),
 ( #5783, #4009 ),
 ( #316, #5228 ),
 ( #5844, #3894 ),
 ( #2164, #6474 ),
 ( #6414, #7585 ),
 ( #2051, #850 ),
 ( #4550, #4576 ),
 ( #5144, #2719 ) ),
 .UNSPECIFIED., .F., .F., .F.,
 ( 4, 1, 1, 1, 1, 1, 1, 1, 1, 1, 1, 1, 1, 1, 1, 1, 1, 1, 1, 1, 1, 1, 1, 1, 1, 1, 1, 1, 1, 4 ),
 ( 2, 2 ),
 ( 0.0000000000000000000, 0.01572003842053681900, 0.03142635456515274800, 0.04715852277060816900, 0.06295592351722634200, 0.09419377737998069200, 0.1252988282793864300, 0.1565454608293056500, 0.1879704761907682300, 0.2502336948690691000, 0.3127840375061704500, 0.3752757237845505400, 0.4375990424940250400, 0.5002095354226013800, 0.5624750269138194500, 0.6250309662853146300, 0.6874882875305398100, 0.7498238182070093800, 0.8124308279555019200, 0.8436871364421785200, 0.8747787365483299400, 0.9060652635760869700, 0.9374674908797611100, 0.9464412786460906200, 0.9553895579220131900, 0.9643194855879631000, 0.9732382626564036700, 0.9821531171139498100, 0.9910712864383091100, 1.000000000000000000 ),
 ( 0.0000000000000000000, 1.000000000000000000 ),
 .UNSPECIFIED. ) ;
#687 = PLANE ( 'NONE',  #7694 ) ;
#688 = LINE ( 'NONE', #2642, #3171 ) ;
#689 = CARTESIAN_POINT ( 'NONE',  ( -862.7493973680053600, 96.28867775791596300, 89.88743683390998700 ) ) ;
#690 = ADVANCED_FACE ( 'NONE', ( #7518 ), #2810, .T. ) ;
#691 = CARTESIAN_POINT ( 'NONE',  ( -182.4776065189286100, 335.7629048197796400, 135.4787756342289500 ) ) ;
#692 = CARTESIAN_POINT ( 'NONE',  ( -447.9801092901970500, 49.83749238180580900, 373.9530545154048600 ) ) ;
#693 = CARTESIAN_POINT ( 'NONE',  ( -668.2451320953586000, -5.350516936150184800, 754.3916652249533900 ) ) ;
#694 = CIRCLE ( 'NONE', #2967, 49.99999999999998600 ) ;
#695 = CARTESIAN_POINT ( 'NONE',  ( -40.06769064993483900, 303.2458908663697300, -143.3500288398212200 ) ) ;
#696 = CARTESIAN_POINT ( 'NONE',  ( -258.7992690864763300, -8.111492396014826400, -825.6192586311821100 ) ) ;
#697 = CARTESIAN_POINT ( 'NONE',  ( -598.0982651880275400, -23.16055610677338100, 36.89919930641298200 ) ) ;
#698 = ORIENTED_EDGE ( 'NONE', *, *, #6383, .F. ) ;
#699 = CARTESIAN_POINT ( 'NONE',  ( -918.9483379989669600, 76.50511764219166400, 81.22163257603277500 ) ) ;
#700 = AXIS2_PLACEMENT_3D ( 'NONE', #411, #383, #2841 ) ;
#701 = CIRCLE ( 'NONE', #3516, 700.0000000000003400 ) ;
#702 = ORIENTED_EDGE ( 'NONE', *, *, #2861, .T. ) ;
#703 = CARTESIAN_POINT ( 'NONE',  ( -170.6347042671783100, 20.00000000000000400, 556.1121487526543200 ) ) ;
#704 = B_SPLINE_CURVE_WITH_KNOTS ( 'NONE', 3,
 ( #2168, #5454, #4724, #1062 ),
 .UNSPECIFIED., .F., .F.,
 ( 4, 4 ),
 ( 4.654751537338637100E-017, 0.009042700231863485700 ),
 .UNSPECIFIED. ) ;
#705 = EDGE_CURVE ( 'NONE', #3924, #2947, #2331, .T. ) ;
#706 = CARTESIAN_POINT ( 'NONE',  ( -721.0375125829707500, -43.02027741034830700, -0.0000000000000000000 ) ) ;
#707 = CARTESIAN_POINT ( 'NONE',  ( -348.2451320953590000, 30.00000000000000000, -874.6142396099116900 ) ) ;
#708 = CARTESIAN_POINT ( 'NONE',  ( -258.7992690864762200, -26.43457880943104500, 755.1429318072597400 ) ) ;
#709 = CARTESIAN_POINT ( 'NONE',  ( -738.8592291544500800, 137.2125294022906400, 106.2991128776416500 ) ) ;
#710 = CARTESIAN_POINT ( 'NONE',  ( -664.3226924825954700, -72.72921236856031200, -699.9999996933069000 ) ) ;
#711 = CARTESIAN_POINT ( 'NONE',  ( -940.0456466938268200, -42.62129814058943100, -62.07958660321782700 ) ) ;
#712 = DIRECTION ( 'NONE',  ( -0.0000000000000000000, -1.000000000000000000, 0.0000000000000000000 ) ) ;
#713 = CARTESIAN_POINT ( 'NONE',  ( -144.1417080947104200, 276.0151716935960200, -139.8808949249954600 ) ) ;
#714 = CARTESIAN_POINT ( 'NONE',  ( -1027.366565385218300, 38.33894413331797300, 47.75748126390123400 ) ) ;
#715 = ORIENTED_EDGE ( 'NONE', *, *, #6795, .T. ) ;
#716 = CARTESIAN_POINT ( 'NONE',  ( -363.3325037834424100, 141.9740899135819900, 509.3156103644660700 ) ) ;
#717 = CARTESIAN_POINT ( 'NONE',  ( -258.7992690864763300, -5.345606284233798400, 792.4947246625648600 ) ) ;
#718 = CARTESIAN_POINT ( 'NONE',  ( -177.3135895454059000, 309.5703075147267800, -138.7751655433056300 ) ) ;
#719 = CARTESIAN_POINT ( 'NONE',  ( -668.2451320953583700, -5.192880041697211600, -757.0993619521377700 ) ) ;
#720 = ORIENTED_EDGE ( 'NONE', *, *, #4453, .F. ) ;
#721 = DIRECTION ( 'NONE',  ( 0.0000000000000000000, 0.0000000000000000000, -1.000000000000000000 ) ) ;
#722 = B_SPLINE_SURFACE_WITH_KNOTS ( 'NONE', 3, 3, ( 
 ( #990, #2124, #5832, #4060, #3292, #7604, #5281 ),
 ( #2155, #1542, #2709, #3944, #2097, #7635, #3973 ),
 ( #4030, #1598, #7043, #6435, #868, #7101, #337 ),
 ( #1513, #4629, #6406, #7014, #2800, #2738, #280 ) ),
 .UNSPECIFIED., .F., .F., .F.,
 ( 4, 4 ),
 ( 4, 1, 1, 1, 4 ),
 ( 0.0000000000000000000, 1.000000000000000000 ),
 ( 0.0000000000000000000, 0.1490010684283051300, 0.3542303876842902700, 0.5841602856976757500, 1.000000000000000000 ),
 .UNSPECIFIED. ) ;
#723 = EDGE_LOOP ( 'NONE', ( #812, #5808, #2597, #4806 ) ) ;
#724 = ORIENTED_EDGE ( 'NONE', *, *, #2968, .F. ) ;
#725 = CARTESIAN_POINT ( 'NONE',  ( -158.6571353510467500, 322.0290742860941000, 240.0000000000000300 ) ) ;
#726 = DIRECTION ( 'NONE',  ( 0.9895062841377927400, 0.04584067879262385100, -0.1370253473618999500 ) ) ;
#727 = CARTESIAN_POINT ( 'NONE',  ( -258.7992690864762700, -19.74452583533723500, 831.1667608148704900 ) ) ;
#728 = CARTESIAN_POINT ( 'NONE',  ( -735.8673913337911500, 127.8887512847819500, 116.9030234752021900 ) ) ;
#729 = CARTESIAN_POINT ( 'NONE',  ( -668.2451320953587100, 274.9999999999999400, 0.0000000000000000000 ) ) ;
#730 = ADVANCED_FACE ( 'NONE', ( #2430 ), #811, .T. ) ;
#731 = CARTESIAN_POINT ( 'NONE',  ( -861.6342496577466400, 96.68124017130179500, 89.96129063427326900 ) ) ;
#732 = CARTESIAN_POINT ( 'NONE',  ( -14.62674840205307300, 296.8509855691290200, -144.1980602480840000 ) ) ;
#733 = DIRECTION ( 'NONE',  ( 0.9997018857118086200, -0.02441597231842402100, 0.0000000000000000000 ) ) ;
#734 = B_SPLINE_SURFACE_WITH_KNOTS ( 'NONE', 3, 3, ( 
 ( #552, #6872, #90, #4243, #3107, #5631 ),
 ( #4842, #4214, #1171, #6217, #1142, #7412 ),
 ( #2493, #1956, #1885, #5587, #4366, #4388 ),
 ( #706, #5433, #1312, #4976, #1289, #7462 ) ),
 .UNSPECIFIED., .F., .F., .F.,
 ( 4, 4 ),
 ( 4, 1, 1, 4 ),
 ( 0.0000000000000000000, 1.000000000000000000 ),
 ( 0.0000000000000000000, 0.08409707550759747100, 0.1681940720496415700, 1.000000000000000000 ),
 .UNSPECIFIED. ) ;
#735 = CARTESIAN_POINT ( 'NONE',  ( -1028.516342764870800, 37.36330979880114000, -2.569557605813850700 ) ) ;
#736 = ORIENTED_EDGE ( 'NONE', *, *, #3955, .T. ) ;
#737 = CARTESIAN_POINT ( 'NONE',  ( -152.8576616101382200, 346.1899334104874700, 139.5903631411480300 ) ) ;
#738 = CARTESIAN_POINT ( 'NONE',  ( -605.0299687486865400, -5.086740047754328300, -479.9023568143828700 ) ) ;
#739 = CARTESIAN_POINT ( 'NONE',  ( -428.7639857112776000, 183.8977911741911800, 650.0000000000000000 ) ) ;
#740 = CARTESIAN_POINT ( 'NONE',  ( -1006.539951466032200, 0.8941974198174321700, 41.28259415989433000 ) ) ;
#741 = CARTESIAN_POINT ( 'NONE',  ( -150.5356004847043600, 317.8444562646396300, -139.6677651786623400 ) ) ;
#742 = EDGE_CURVE ( 'NONE', #6210, #2092, #39, .T. ) ;
#743 = CARTESIAN_POINT ( 'NONE',  ( -258.7992690864763300, -5.345606284233798400, -792.4947246625648600 ) ) ;
#744 = ORIENTED_EDGE ( 'NONE', *, *, #7481, .F. ) ;
#745 = CARTESIAN_POINT ( 'NONE',  ( -657.8006238187803100, -27.13989833669826600, 123.2745588863497700 ) ) ;
#746 = ORIENTED_EDGE ( 'NONE', *, *, #7787, .F. ) ;
#747 = LINE ( 'NONE', #6663, #4027 ) ;
#748 = CARTESIAN_POINT ( 'NONE',  ( -802.3608228219858300, -55.78052167908376200, -20.83333333333332900 ) ) ;
#749 = CARTESIAN_POINT ( 'NONE',  ( -769.6491714209065500, -49.25061185733253700, -64.70788681387864500 ) ) ;
#750 = FACE_OUTER_BOUND ( 'NONE', #7662, .T. ) ;
#751 = ORIENTED_EDGE ( 'NONE', *, *, #7081, .T. ) ;
#752 = FACE_OUTER_BOUND ( 'NONE', #4041, .T. ) ;
#753 = CARTESIAN_POINT ( 'NONE',  ( -350.0711802801639000, 116.0662077097440300, -650.0000000000000000 ) ) ;
#754 = CARTESIAN_POINT ( 'NONE',  ( -979.4838755031083800, -40.41972416319696700, -0.0000000000000000000 ) ) ;
#755 = CARTESIAN_POINT ( 'NONE',  ( -668.2451320953588300, -15.19288004169719400, 762.1461558747989800 ) ) ;
#756 = ORIENTED_EDGE ( 'NONE', *, *, #3013, .F. ) ;
#757 = CARTESIAN_POINT ( 'NONE',  ( -739.3133064881543500, 138.8554250124539100, 101.7601193482531300 ) ) ;
#758 = CARTESIAN_POINT ( 'NONE',  ( -939.5916698582397000, -44.47907115522036000, -55.82306097604182300 ) ) ;
#759 = CARTESIAN_POINT ( 'NONE',  ( -185.0550812890306000, 20.00000000000000400, -593.8167440523783400 ) ) ;
#760 = CARTESIAN_POINT ( 'NONE',  ( -767.1175325642140000, -48.56519249311971700, 63.66300234140948100 ) ) ;
#761 = CARTESIAN_POINT ( 'NONE',  ( -145.0876036971974100, 275.9495193977747400, -139.8493650715793100 ) ) ;
#762 = EDGE_CURVE ( 'NONE', #6332, #256, #701, .T. ) ;
#763 = LINE ( 'NONE', #4957, #7103 ) ;
#764 = CARTESIAN_POINT ( 'NONE',  ( -765.3901648918385900, 22.97854016228065500, -61.01167549496683800 ) ) ;
#765 = ORIENTED_EDGE ( 'NONE', *, *, #1912, .T. ) ;
#766 = CARTESIAN_POINT ( 'NONE',  ( -1029.573649171938800, 36.37105195695364300, -11.80719758866461600 ) ) ;
#767 = CARTESIAN_POINT ( 'NONE',  ( -258.7992690864762700, -51.03167550318944700, -886.3136891273769600 ) ) ;
#768 = CARTESIAN_POINT ( 'NONE',  ( -258.7992690864762700, -69.99999999999997200, 704.9999996933069000 ) ) ;
#769 = CARTESIAN_POINT ( 'NONE',  ( -144.9215987749256300, 317.7584313389907000, -139.8548985689882300 ) ) ;
#770 = CARTESIAN_POINT ( 'NONE',  ( -939.2441045701814300, 5.952690999969061800, -64.25833495802960700 ) ) ;
#771 = CARTESIAN_POINT ( 'NONE',  ( -413.4222416891277000, 71.91118529648213100, 453.0067876111058400 ) ) ;
#772 = EDGE_CURVE ( 'NONE', #5368, #6210, #7643, .T. ) ;
#773 = LINE ( 'NONE', #460, #3858 ) ;
#774 = EDGE_CURVE ( 'NONE', #1499, #6020, #2188, .T. ) ;
#775 = CARTESIAN_POINT ( 'NONE',  ( -769.8717750617798900, -49.25061185733253700, -64.72954130641744500 ) ) ;
#776 =( BOUNDED_CURVE ( )  B_SPLINE_CURVE ( 3, ( #3768, #4338, #3081, #5558 ),
 .UNSPECIFIED., .F., .F. ) 
 B_SPLINE_CURVE_WITH_KNOTS ( ( 4, 4 ),
 ( 1.504868470608304900, 1.549392849992818700 ),
 .UNSPECIFIED. ) 
 CURVE ( )  GEOMETRIC_REPRESENTATION_ITEM ( )  RATIONAL_B_SPLINE_CURVE ( ( 1.000000000000000000, 0.9998348051261560800, 0.9998348051261560800, 1.000000000000000000 ) ) 
 REPRESENTATION_ITEM ( '' )  );
#777 = CARTESIAN_POINT ( 'NONE',  ( -16.57155175398151700, 303.3018307089461100, 239.9999999999998900 ) ) ;
#778 = VECTOR ( 'NONE', #2554, 1000.000000000000000 ) ;
#779 = CARTESIAN_POINT ( 'NONE',  ( -418.8108414987674500, 78.87170263032058400, -650.0000000000000000 ) ) ;
#780 = CARTESIAN_POINT ( 'NONE',  ( -665.9337122493662900, -71.61361019305879000, -699.9999996933070200 ) ) ;
#781 = VERTEX_POINT ( 'NONE', #3033 ) ;
#782 = CARTESIAN_POINT ( 'NONE',  ( -170.7907984747228300, 20.00000000000000700, -566.5726186135646000 ) ) ;
#783 = CARTESIAN_POINT ( 'NONE',  ( -766.4217902451434800, -48.49846824506241200, 56.48444200041990400 ) ) ;
#784 = CARTESIAN_POINT ( 'NONE',  ( -118.7810999971438000, 279.1607936435042900, -140.7262485282476500 ) ) ;
#785 = ORIENTED_EDGE ( 'NONE', *, *, #6252, .T. ) ;
#786 = FACE_OUTER_BOUND ( 'NONE', #63, .T. ) ;
#787 = ORIENTED_EDGE ( 'NONE', *, *, #1974, .F. ) ;
#788 = CARTESIAN_POINT ( 'NONE',  ( -731.8165205886363100, 116.0994112106420500, 120.2917345085320900 ) ) ;
#789 = CARTESIAN_POINT ( 'NONE',  ( -920.2857772427861400, 71.10618802116582100, -95.50277990237542300 ) ) ;
#790 = DIRECTION ( 'NONE',  ( -0.0000000000000000000, -0.0000000000000000000, 1.000000000000000000 ) ) ;
#791 = CARTESIAN_POINT ( 'NONE',  ( -767.6448132372386200, 22.75773813321041300, 55.44955150076225400 ) ) ;
#792 = CARTESIAN_POINT ( 'NONE',  ( -285.5698538552452400, 274.9999999999999400, -642.8452582424458800 ) ) ;
#793 = CARTESIAN_POINT ( 'NONE',  ( -228.8339100974142200, 20.00000000000000400, -636.8514846934631400 ) ) ;
#794 = CARTESIAN_POINT ( 'NONE',  ( -258.7992690864762700, -66.46948049213243300, -706.4000379258163800 ) ) ;
#795 = AXIS2_PLACEMENT_3D ( 'NONE', #4204, #6533, #2837 ) ;
#796 = FACE_OUTER_BOUND ( 'NONE', #5375, .T. ) ;
#797 = DIRECTION ( 'NONE',  ( -1.000000000000000000, -0.0000000000000000000, -0.0000000000000000000 ) ) ;
#798 = CARTESIAN_POINT ( 'NONE',  ( -768.7753434174060200, 23.42789570974004900, -54.95006978908394800 ) ) ;
#799 = CARTESIAN_POINT ( 'NONE',  ( -145.5223392714813700, 281.0812802010075900, 239.9999999999999700 ) ) ;
#800 = EDGE_CURVE ( 'NONE', #3453, #4995, #1773, .T. ) ;
#801 = CARTESIAN_POINT ( 'NONE',  ( -543.7093750069233200, -4.444517910330201700, -69.79237180920748100 ) ) ;
#802 = DIRECTION ( 'NONE',  ( -0.08775874709990755300, 0.9956298949739418300, -0.03192983779526566800 ) ) ;
#803 = CARTESIAN_POINT ( 'NONE',  ( -768.9458012059661800, 23.42730997547047500, 54.90091028986243100 ) ) ;
#804 = CARTESIAN_POINT ( 'NONE',  ( -192.7992690864780100, 275.0000000000000000, 564.4953243525634400 ) ) ;
#805 = PLANE ( 'NONE',  #1798 ) ;
#806 = CARTESIAN_POINT ( 'NONE',  ( -530.2061565769819300, -7.705684670995872800, 0.0000000000000000000 ) ) ;
#807 = B_SPLINE_SURFACE_WITH_KNOTS ( 'NONE', 3, 3, ( 
 ( #6246, #7447, #2544, #1394, #1919, #7496, #5640 ),
 ( #6926, #3170, #3235, #4488, #3778, #4446, #6269 ),
 ( #3803, #808, #5055, #1371, #1297, #5596, #6224 ),
 ( #4396, #1474, #5764, #3963, #5711, #858, #5103 ) ),
 .UNSPECIFIED., .F., .F., .F.,
 ( 4, 4 ),
 ( 4, 1, 1, 1, 4 ),
 ( 0.0000000000000000000, 1.000000000000000000 ),
 ( 0.0000000000000000000, 0.2982968211775609600, 0.6153669425867313000, 0.7410739866888770300, 1.000000000000000000 ),
 .UNSPECIFIED. ) ;
#808 = CARTESIAN_POINT ( 'NONE',  ( -487.8934483690582100, 14.25901609283089800, 71.06989107225562900 ) ) ;
#809 = ORIENTED_EDGE ( 'NONE', *, *, #4412, .F. ) ;
#810 = ORIENTED_EDGE ( 'NONE', *, *, #2030, .F. ) ;
#811 = B_SPLINE_SURFACE_WITH_KNOTS ( 'NONE', 3, 1, ( 
 ( #139, #2012 ),
 ( #2610, #1367 ),
 ( #1983, #3233 ),
 ( #185, #804 ),
 ( #5099, #1415 ),
 ( #5707, #2034 ) ),
 .UNSPECIFIED., .F., .F., .F.,
 ( 4, 2, 4 ),
 ( 2, 2 ),
 ( 0.0000000000000000000, 0.5000000000000000000, 1.000000000000000000 ),
 ( 0.0000000000000000000, 1.000000000000000000 ),
 .UNSPECIFIED. ) ;
#812 = ORIENTED_EDGE ( 'NONE', *, *, #2793, .T. ) ;
#813 = CARTESIAN_POINT ( 'NONE',  ( -189.7732548792596700, 333.1946375837733300, 113.6226695422161700 ) ) ;
#814 = CARTESIAN_POINT ( 'NONE',  ( -486.9733623574722400, 75.45585723913176000, -128.4531731162367400 ) ) ;
#815 = CARTESIAN_POINT ( 'NONE',  ( -995.4355321738104300, 1.518272884194811400, 55.74267152342860500 ) ) ;
#816 = CARTESIAN_POINT ( 'NONE',  ( -983.1893413521462400, 2.206516638574497000, 62.88860818958171000 ) ) ;
#817 = CARTESIAN_POINT ( 'NONE',  ( -668.2451320953587100, -70.00000000000000000, -829.6142396099121500 ) ) ;
#818 = CARTESIAN_POINT ( 'NONE',  ( -294.2244260978631600, 20.00000000000000400, -649.4730955496891100 ) ) ;
#819 = CARTESIAN_POINT ( 'NONE',  ( -330.2805775762702800, -14.31573012811257000, -833.3224277709919100 ) ) ;
#820 = CARTESIAN_POINT ( 'NONE',  ( -258.7992690864762700, -45.14623543163779100, -719.0165297983472800 ) ) ;
#821 = CARTESIAN_POINT ( 'NONE',  ( -668.2451320953587100, -42.84359643473408900, -709.2322807403614900 ) ) ;
#822 = CARTESIAN_POINT ( 'NONE',  ( -916.1761530242782800, 400.0000000000000000, -105.6062142766411800 ) ) ;
#823 = CARTESIAN_POINT ( 'NONE',  ( -932.2263901009130200, 7.164169369840226200, 49.91119714758191600 ) ) ;
#824 = CARTESIAN_POINT ( 'NONE',  ( -159.9826546963314500, 282.2304425672372200, 239.9999999999999400 ) ) ;
#825 = ORIENTED_EDGE ( 'NONE', *, *, #5446, .F. ) ;
#826 = ADVANCED_FACE ( 'NONE', ( #7724 ), #5554, .T. ) ;
#827 = CARTESIAN_POINT ( 'NONE',  ( -668.2451320953587100, -70.00000000000000000, -689.9999996933069000 ) ) ;
#828 = CARTESIAN_POINT ( 'NONE',  ( -258.7992690864762700, -50.67788054295346000, 874.4129086426312400 ) ) ;
#829 = CARTESIAN_POINT ( 'NONE',  ( -766.2236635958419100, -48.48086150923271000, 56.73459719286650200 ) ) ;
#830 = CARTESIAN_POINT ( 'NONE',  ( -110.4287047268479400, 280.2241392128531700, -239.9999999999999100 ) ) ;
#831 = CARTESIAN_POINT ( 'NONE',  ( -1017.013323204743200, 0.3055872314384600600, 1.715835514563037700 ) ) ;
#832 = EDGE_LOOP ( 'NONE', ( #3133, #4121, #995, #935 ) ) ;
#833 = CARTESIAN_POINT ( 'NONE',  ( -765.2723784732847900, 22.99007521175592600, -59.09675798408469700 ) ) ;
#834 = CARTESIAN_POINT ( 'NONE',  ( -969.7163943675429900, 2.968481319820208700, 69.30927943050323800 ) ) ;
#835 = ORIENTED_EDGE ( 'NONE', *, *, #2006, .F. ) ;
#836 = CARTESIAN_POINT ( 'NONE',  ( -739.4335370044979100, 139.6992244574324200, -95.30066013804140800 ) ) ;
#837 = VECTOR ( 'NONE', #5361, 1000.000000000000000 ) ;
#838 = CARTESIAN_POINT ( 'NONE',  ( -766.8691547590335600, 22.83369985300700800, 56.02307081678066700 ) ) ;
#839 = CARTESIAN_POINT ( 'NONE',  ( -235.6656520529419100, 19.99999999999999300, -630.9585947847614300 ) ) ;
#840 = CARTESIAN_POINT ( 'NONE',  ( -317.8691207057540900, -17.51261354791880000, -841.2550224900419400 ) ) ;
#841 = CARTESIAN_POINT ( 'NONE',  ( -258.7992690864763300, -25.74816122471518300, -738.6947838583898800 ) ) ;
#842 = CARTESIAN_POINT ( 'NONE',  ( -1030.325716666682000, 30.52013842021733900, -34.36263814317768400 ) ) ;
#843 = CARTESIAN_POINT ( 'NONE',  ( -668.2451320953587100, -16.30785887005471200, -748.0490170601966600 ) ) ;
#844 = B_SPLINE_SURFACE_WITH_KNOTS ( 'NONE', 3, 1, ( 
 ( #2448, #7288 ),
 ( #3613, #4252 ),
 ( #6089, #3011 ),
 ( #7311, #72 ),
 ( #4984, #4371 ),
 ( #656, #3114 ) ),
 .UNSPECIFIED., .F., .F., .F.,
 ( 4, 2, 4 ),
 ( 2, 2 ),
 ( 0.0000000000000000000, 0.5000000000000000000, 1.000000000000000000 ),
 ( 0.0000000000000000000, 1.000000000000000000 ),
 .UNSPECIFIED. ) ;
#845 = CIRCLE ( 'NONE', #7381, 19.99999999999994700 ) ;
#846 = ORIENTED_EDGE ( 'NONE', *, *, #3252, .F. ) ;
#847 = LINE ( 'NONE', #7797, #5564 ) ;
#848 = ORIENTED_EDGE ( 'NONE', *, *, #4122, .T. ) ;
#849 = DIRECTION ( 'NONE',  ( 1.000000000000000000, 0.0000000000000000000, 0.0000000000000000000 ) ) ;
#850 = CARTESIAN_POINT ( 'NONE',  ( -930.2851161855123800, 7.164169369840226200, 49.73187366759710700 ) ) ;
#851 = ORIENTED_EDGE ( 'NONE', *, *, #3787, .F. ) ;
#852 = CARTESIAN_POINT ( 'NONE',  ( -158.5954142760882300, 281.9576781808506200, 239.9999999999999700 ) ) ;
#853 = CARTESIAN_POINT ( 'NONE',  ( -513.2675037780667300, 54.87322084212027600, -373.8383188011163200 ) ) ;
#854 = CARTESIAN_POINT ( 'NONE',  ( -861.6342496577638000, 96.68124017129572700, -89.96129063427129300 ) ) ;
#855 = DIRECTION ( 'NONE',  ( -0.0000000000000000000, -0.0000000000000000000, -1.000000000000000000 ) ) ;
#856 = CARTESIAN_POINT ( 'NONE',  ( -168.3225630098066600, 20.00000000000000400, -552.6247846370870300 ) ) ;
#857 = CARTESIAN_POINT ( 'NONE',  ( -769.7564561003862300, -48.78644819044804800, 54.75614128177344500 ) ) ;
#858 = CARTESIAN_POINT ( 'NONE',  ( -328.9042016454120000, 142.3159073641449200, 595.8288105596224100 ) ) ;
#859 = ORIENTED_EDGE ( 'NONE', *, *, #2639, .T. ) ;
#860 = CARTESIAN_POINT ( 'NONE',  ( -1016.486699085445400, 0.3351838436659470600, 11.95872374138483500 ) ) ;
#861 = CARTESIAN_POINT ( 'NONE',  ( -1028.845637923624100, 37.09436039396100400, -6.417346822582615600 ) ) ;
#862 = CARTESIAN_POINT ( 'NONE',  ( -143.0038662064520200, 322.7360288733602300, 239.9999999999999100 ) ) ;
#863 = CARTESIAN_POINT ( 'NONE',  ( -14.62674840205269100, 302.0000000000000600, 239.9999999999999100 ) ) ;
#864 = DIRECTION ( 'NONE',  ( 0.0000000000000000000, 0.0000000000000000000, -1.000000000000000000 ) ) ;
#865 = CARTESIAN_POINT ( 'NONE',  ( -410.0055209586288900, 68.64394721864033500, 571.5003841979898900 ) ) ;
#866 = CARTESIAN_POINT ( 'NONE',  ( -1020.631920869481600, 0.1022197289524164100, 57.37009663405474700 ) ) ;
#867 = CARTESIAN_POINT ( 'NONE',  ( -765.2320550561677200, 22.99402416119480100, 59.41896830110013600 ) ) ;
#868 = CARTESIAN_POINT ( 'NONE',  ( -547.1009680391321100, 22.47362112785342300, -451.8120207496300500 ) ) ;
#869 = VECTOR ( 'NONE', #925, 1000.000000000000000 ) ;
#870 = CARTESIAN_POINT ( 'NONE',  ( -335.0088351945322000, -13.80802816735675100, -831.5966793418027700 ) ) ;
#871 = ADVANCED_FACE ( 'NONE', ( #5890 ), #6142, .T. ) ;
#872 = CARTESIAN_POINT ( 'NONE',  ( -940.3014912292019300, 5.849139100046445000, -59.07999040376888200 ) ) ;
#873 = CARTESIAN_POINT ( 'NONE',  ( -1015.785136514548500, 0.3746121087287486700, -17.10233252723339300 ) ) ;
#874 = CARTESIAN_POINT ( 'NONE',  ( -668.2451320953586000, -41.07953499698818000, -710.4015471702837200 ) ) ;
#875 = EDGE_CURVE ( 'NONE', #5160, #1206, #3687, .T. ) ;
#876 = CYLINDRICAL_SURFACE ( 'NONE', #6415, 717.0091088048179700 ) ;
#877 = CARTESIAN_POINT ( 'NONE',  ( -977.9970575583958000, 22.89356240254231200, -87.52448106196112600 ) ) ;
#878 = CARTESIAN_POINT ( 'NONE',  ( -936.0010970477606000, -44.47907115696418900, 68.01343510453550300 ) ) ;
#879 = CARTESIAN_POINT ( 'NONE',  ( -143.0628256000690000, 281.2586905825141900, 240.0000000000000600 ) ) ;
#880 = ORIENTED_EDGE ( 'NONE', *, *, #2980, .F. ) ;
#881 = CARTESIAN_POINT ( 'NONE',  ( -98.97464479261900300, 317.0636920339640000, 239.9999999999999100 ) ) ;
#882 = CARTESIAN_POINT ( 'NONE',  ( -986.5062926045142100, -40.67839419687521700, 312.7510206763798200 ) ) ;
#883 = CARTESIAN_POINT ( 'NONE',  ( -258.7992690864762700, -80.00000000000000000, 889.6142396099120300 ) ) ;
#884 = FACE_OUTER_BOUND ( 'NONE', #954, .T. ) ;
#885 = ORIENTED_EDGE ( 'NONE', *, *, #6281, .F. ) ;
#886 = FILL_AREA_STYLE_COLOUR ( '', #6183 ) ;
#887 = CARTESIAN_POINT ( 'NONE',  ( -984.7083298120170400, 53.35580670079875200, -85.22959943904443500 ) ) ;
#888 = CARTESIAN_POINT ( 'NONE',  ( -957.5667416718363300, 39.00328281234496300, 94.51051213128208400 ) ) ;
#889 = CARTESIAN_POINT ( 'NONE',  ( -14.62674840205273200, 296.8509855691290200, -240.0000000000000000 ) ) ;
#890 = CARTESIAN_POINT ( 'NONE',  ( -1092.477581501739000, -3.935552336621702500, 9.261540796220748100 ) ) ;
#891 = CARTESIAN_POINT ( 'NONE',  ( -150.3646369895316200, 322.9661016106502400, 239.9999999999999700 ) ) ;
#892 = EDGE_CURVE ( 'NONE', #5942, #2128, #2742, .T. ) ;
#893 = CARTESIAN_POINT ( 'NONE',  ( -284.4311110471990700, 275.0000000000000000, 653.0428869722832100 ) ) ;
#894 = CARTESIAN_POINT ( 'NONE',  ( -183.5067641405236100, 335.4006132632528600, 114.0213887592976800 ) ) ;
#895 = CARTESIAN_POINT ( 'NONE',  ( -855.0379465244561700, 73.34051792129967900, -114.9129884563450600 ) ) ;
#896 = CARTESIAN_POINT ( 'NONE',  ( -982.2282641612766800, 22.70718134907221100, 86.07764387390493300 ) ) ;
#897 = CARTESIAN_POINT ( 'NONE',  ( -770.0781411151467600, 22.51943767543320600, 54.73844108899106000 ) ) ;
#898 = CARTESIAN_POINT ( 'NONE',  ( -193.7992690864780600, 275.0000000000000000, -563.0083379936580700 ) ) ;
#899 = CARTESIAN_POINT ( 'NONE',  ( -228.9181472312307900, 274.9999999999999400, -619.0186639373133600 ) ) ;
#900 = CARTESIAN_POINT ( 'NONE',  ( -935.1313730170886600, 6.355458674935659000, 50.94641474122986600 ) ) ;
#901 = CARTESIAN_POINT ( 'NONE',  ( -1015.922080522582000, 0.3669157679154029800, -16.25683681005505600 ) ) ;
#902 = CARTESIAN_POINT ( 'NONE',  ( -668.2451320953587100, -77.12315687686988500, -699.7687675255693900 ) ) ;
#903 = B_SPLINE_CURVE_WITH_KNOTS ( 'NONE', 3,
 ( #2666, #4104, #7143, #7772 ),
 .UNSPECIFIED., .F., .F.,
 ( 4, 4 ),
 ( 0.0000000000000000000, 0.005111057832877631000 ),
 .UNSPECIFIED. ) ;
#904 = ORIENTED_EDGE ( 'NONE', *, *, #2585, .F. ) ;
#905 = B_SPLINE_SURFACE_WITH_KNOTS ( 'NONE', 3, 1, ( 
 ( #41, #1384 ),
 ( #5701, #2629 ),
 ( #775, #5115 ),
 ( #749, #4523 ),
 ( #6357, #5143 ),
 ( #6283, #2049 ),
 ( #1406, #4437 ),
 ( #5046, #7556 ),
 ( #2584, #5069 ),
 ( #1361, #2027 ),
 ( #5655, #1464 ),
 ( #6331, #3301 ),
 ( #6385, #4458 ),
 ( #2606, #3872 ),
 ( #6916, #6940 ),
 ( #1437, #3921 ),
 ( #206, #2658 ),
 ( #179, #1978 ),
 ( #2685, #6891 ),
 ( #6963, #7534 ),
 ( #5755, #3203 ),
 ( #6996, #2077 ),
 ( #4480, #798 ),
 ( #7514, #155 ),
 ( #5724, #3249 ),
 ( #7614, #132 ),
 ( #3892, #5680 ) ),
 .UNSPECIFIED., .F., .F., .F.,
 ( 4, 1, 1, 1, 1, 1, 1, 1, 1, 1, 1, 1, 1, 1, 1, 1, 1, 1, 1, 1, 1, 1, 1, 1, 4 ),
 ( 2, 2 ),
 ( 0.0000000000000000000, 0.01292907874938087300, 0.02752589258828641600, 0.04378560219195126700, 0.06170514643698654700, 0.08128315840373656600, 0.1025197722974301500, 0.1254165394917019500, 0.1984574002929515600, 0.2505674014124019700, 0.3410618186455607300, 0.4243816756162525100, 0.5003813394378314700, 0.6224886512815681600, 0.7494420354530564300, 0.7696561034499079800, 0.7909182157225780300, 0.8132387722133026500, 0.8366274102032365000, 0.8610929258321899900, 0.8866438987034155300, 0.9132903285677477200, 0.9410466495967361200, 0.9699365422532869600, 1.000000000000000000 ),
 ( 0.0000000000000000000, 1.000000000000000000 ),
 .UNSPECIFIED. ) ;
#906 = CARTESIAN_POINT ( 'NONE',  ( -513.2675037780667300, 54.87322084212027600, 373.8383188011163200 ) ) ;
#907 = CARTESIAN_POINT ( 'NONE',  ( -993.4323855457304300, 50.28470110483058900, -81.02694016190254400 ) ) ;
#908 = VERTEX_POINT ( 'NONE', #1119 ) ;
#909 = CARTESIAN_POINT ( 'NONE',  ( -934.8438756385440900, -44.47907115696418900, 68.67666249178779500 ) ) ;
#910 = AXIS2_PLACEMENT_3D ( 'NONE', #707, #6849, #1314 ) ;
#911 = CARTESIAN_POINT ( 'NONE',  ( -127.1199838254683500, 283.2296999750810200, 239.9999999999999100 ) ) ;
#912 = EDGE_CURVE ( 'NONE', #3137, #7950, #7467, .T. ) ;
#913 = CARTESIAN_POINT ( 'NONE',  ( -89.85376094551317300, 315.8265307028060000, 239.9999999999999400 ) ) ;
#914 = VECTOR ( 'NONE', #5826, 1000.000000000000000 ) ;
#915 = CARTESIAN_POINT ( 'NONE',  ( -308.7992690864780300, 274.9999999999999400, -649.9999996933069000 ) ) ;
#916 = CARTESIAN_POINT ( 'NONE',  ( -769.6961746380799200, 23.42730997547047500, 64.71272302272220100 ) ) ;
#917 = PLANE ( 'NONE',  #2073 ) ;
#918 = CARTESIAN_POINT ( 'NONE',  ( -372.1066412079341600, 104.4739540227479900, 593.0110748179392900 ) ) ;
#919 = ORIENTED_EDGE ( 'NONE', *, *, #5029, .T. ) ;
#920 = CARTESIAN_POINT ( 'NONE',  ( -911.1482789880691400, 23.89126980957379900, -106.6353059780189600 ) ) ;
#921 = CARTESIAN_POINT ( 'NONE',  ( -1013.437113598098400, 0.5065724979567314300, -27.08724535500663700 ) ) ;
#922 = CARTESIAN_POINT ( 'NONE',  ( -1028.845550214259900, 37.09442877233950500, 6.416256067329080700 ) ) ;
#923 = CARTESIAN_POINT ( 'NONE',  ( -155.8766339891179500, 322.4782254545917200, 239.9999999999998900 ) ) ;
#924 = CARTESIAN_POINT ( 'NONE',  ( -196.5699805863100700, 275.0000000000001100, 578.6493542469938800 ) ) ;
#925 = DIRECTION ( 'NONE',  ( 0.0000000000000000000, 1.734723475976808100E-016, -1.000000000000000000 ) ) ;
#926 = CARTESIAN_POINT ( 'NONE',  ( -979.7195593237235000, -49.80385858583706200, -312.7510206763798200 ) ) ;
#927 = CARTESIAN_POINT ( 'NONE',  ( -418.8108414987675000, 78.87170263032058400, -650.0000000000000000 ) ) ;
#928 = CARTESIAN_POINT ( 'NONE',  ( -207.0045730947088000, 274.9999999999999400, -583.4146117263247800 ) ) ;
#929 = CARTESIAN_POINT ( 'NONE',  ( -340.8523833102315200, -11.41656452429826500, -825.1293558894213900 ) ) ;
#930 = EDGE_CURVE ( 'NONE', #1903, #7380, #4177, .T. ) ;
#931 = CARTESIAN_POINT ( 'NONE',  ( -937.7447747082045500, 6.099523243873217200, 53.00737150436270200 ) ) ;
#932 = CARTESIAN_POINT ( 'NONE',  ( -1041.920100296533700, -1.094189566478613700, -44.82190044998881700 ) ) ;
#933 = CARTESIAN_POINT ( 'NONE',  ( -258.7992690864763300, -72.83303678598755900, -714.0967585024199000 ) ) ;
#934 = ORIENTED_EDGE ( 'NONE', *, *, #99, .F. ) ;
#935 = ORIENTED_EDGE ( 'NONE', *, *, #5864, .F. ) ;
#936 = CARTESIAN_POINT ( 'NONE',  ( -730.0372041755409800, 35.01469549546469300, 114.1227909939490400 ) ) ;
#937 = CARTESIAN_POINT ( 'NONE',  ( -978.2096096027619300, 55.64353348873464700, -63.86921591008000100 ) ) ;
#938 = CARTESIAN_POINT ( 'NONE',  ( -932.9731677081913400, -44.47907115696418900, 50.07646085316138600 ) ) ;
#939 = CARTESIAN_POINT ( 'NONE',  ( -142.6745914397788500, 281.2933689336048200, 240.0000000000000000 ) ) ;
#940 = VERTEX_POINT ( 'NONE', #1070 ) ;
#941 = B_SPLINE_CURVE_WITH_KNOTS ( 'NONE', 3,
 ( #3031, #6775, #2443, #7333 ),
 .UNSPECIFIED., .F., .F.,
 ( 4, 4 ),
 ( 0.0000000000000000000, 0.0002546338832169736600 ),
 .UNSPECIFIED. ) ;
#942 = CARTESIAN_POINT ( 'NONE',  ( -101.5361575129460300, 317.4082924808008700, 240.0000000000000000 ) ) ;
#943 = CARTESIAN_POINT ( 'NONE',  ( -977.8172088364417500, -37.53297281724876900, -0.0000000000000000000 ) ) ;
#944 = CARTESIAN_POINT ( 'NONE',  ( -765.2972773993071800, -49.25060836388760100, 60.70220283570781600 ) ) ;
#945 = AXIS2_PLACEMENT_3D ( 'NONE', #7309, #7959, #6779 ) ;
#946 = CARTESIAN_POINT ( 'NONE',  ( -668.2451320953587100, -70.00000000000000000, -899.6142396099120300 ) ) ;
#947 = CARTESIAN_POINT ( 'NONE',  ( -915.8435091414822900, 53.17888132052552700, -105.6873987006312300 ) ) ;
#948 = CARTESIAN_POINT ( 'NONE',  ( -931.0042028874405600, -44.47907115696418900, 69.72312358444455100 ) ) ;
#949 = CARTESIAN_POINT ( 'NONE',  ( -729.9629539702366400, 34.41057478844405900, -113.5725832652901500 ) ) ;
#950 = CARTESIAN_POINT ( 'NONE',  ( -1017.022520451041000, 0.3050703403158152600, 1.714539480327813600 ) ) ;
#951 = VECTOR ( 'NONE', #5669, 1000.000000000000000 ) ;
#952 = CARTESIAN_POINT ( 'NONE',  ( -1016.963006342031200, 0.3084150712954197800, -4.276171841484506700 ) ) ;
#953 = CARTESIAN_POINT ( 'NONE',  ( -149.8045018759658800, 322.9841113240252100, 239.9999999999998900 ) ) ;
#954 = EDGE_LOOP ( 'NONE', ( #4418, #7938, #3036, #2695 ) ) ;
#955 = FACE_OUTER_BOUND ( 'NONE', #6893, .T. ) ;
#956 = AXIS2_PLACEMENT_3D ( 'NONE', #7620, #1417, #4510 ) ;
#957 = CARTESIAN_POINT ( 'NONE',  ( -278.4174206226683700, 275.0000000000001100, 650.6703023467340500 ) ) ;
#958 = VERTEX_POINT ( 'NONE', #6621 ) ;
#959 = CARTESIAN_POINT ( 'NONE',  ( -1030.829062675249400, 33.43449700086372900, 24.81972721780600800 ) ) ;
#960 = CARTESIAN_POINT ( 'NONE',  ( -497.7996294928674400, 48.47557972013054000, 576.2282484482782400 ) ) ;
#961 = CARTESIAN_POINT ( 'NONE',  ( -733.9389794829934300, 26.05957004490587500, -120.2209858787194000 ) ) ;
#962 = CARTESIAN_POINT ( 'NONE',  ( -635.3156354085015200, 14.58184309946601000, -451.2219962217839100 ) ) ;
#963 = CARTESIAN_POINT ( 'NONE',  ( -14.85178436351319700, 301.5880360081631000, 144.1905590493686300 ) ) ;
#964 = CIRCLE ( 'NONE', #6614, 70.00000000000238700 ) ;
#965 = CARTESIAN_POINT ( 'NONE',  ( -938.5763600896219700, 6.018084495370970000, 65.40540887546096400 ) ) ;
#966 = CARTESIAN_POINT ( 'NONE',  ( -1029.832351556894800, 36.04054049824950600, -13.65616413825281600 ) ) ;
#967 = CARTESIAN_POINT ( 'NONE',  ( -258.7992690864762700, -65.48362113474428300, -883.7772111744702700 ) ) ;
#968 = ORIENTED_EDGE ( 'NONE', *, *, #2545, .F. ) ;
#969 = B_SPLINE_CURVE_WITH_KNOTS ( 'NONE', 3,
 ( #4110, #4732, #2230, #4166 ),
 .UNSPECIFIED., .F., .F.,
 ( 4, 4 ),
 ( 0.0000000000000000000, 0.005111057832877631000 ),
 .UNSPECIFIED. ) ;
#970 = EDGE_CURVE ( 'NONE', #3844, #1686, #969, .T. ) ;
#971 = B_SPLINE_SURFACE_WITH_KNOTS ( 'NONE', 3, 3, ( 
 ( #7562, #7537, #3896, #135, #7587, #1980, #4438 ),
 ( #2082, #801, #3874, #3305, #1364, #7617, #6390 ),
 ( #2691, #2608, #3205, #1411, #4505, #7516, #753 ),
 ( #183, #209, #4483, #853, #5048, #5657, #5075 ) ),
 .UNSPECIFIED., .F., .F., .F.,
 ( 4, 4 ),
 ( 4, 1, 1, 1, 4 ),
 ( 0.0000000000000000000, 1.000000000000000000 ),
 ( 0.0000000000000000000, 0.2982968211775609600, 0.6153669425867313000, 0.7410739866888770300, 1.000000000000000000 ),
 .UNSPECIFIED. ) ;
#972 = CARTESIAN_POINT ( 'NONE',  ( -730.9957691960579500, 43.43743691633540700, 118.9950614267884000 ) ) ;
#973 = CARTESIAN_POINT ( 'NONE',  ( -1005.449994279857800, 46.05417501001603900, -72.93797870095347900 ) ) ;
#974 = CARTESIAN_POINT ( 'NONE',  ( -801.6322291414301200, 400.0000000000000000, 441.3891037066838400 ) ) ;
#975 = CARTESIAN_POINT ( 'NONE',  ( -140.6183793216512800, 281.5091096255189900, 240.0000000000000000 ) ) ;
#976 = CARTESIAN_POINT ( 'NONE',  ( -113.5743971360233500, 319.0045234589901500, 239.9999999999999700 ) ) ;
#977 = CARTESIAN_POINT ( 'NONE',  ( -184.6267484020549400, 283.4185262867598600, -239.9999999999998900 ) ) ;
#978 = DIRECTION ( 'NONE',  ( 0.0000000000000000000, 0.0000000000000000000, 1.000000000000000000 ) ) ;
#979 = CARTESIAN_POINT ( 'NONE',  ( 2.038546750207003200E-013, 274.9999999999999400, 659.9999996933066800 ) ) ;
#980 = DIRECTION ( 'NONE',  ( 1.000000000000000000, 0.0000000000000000000, 0.0000000000000000000 ) ) ;
#981 = CARTESIAN_POINT ( 'NONE',  ( -728.9550057227987700, 27.40974172260040100, -101.8082072237962400 ) ) ;
#982 = CARTESIAN_POINT ( 'NONE',  ( -431.9446731789749400, -19.61562830402165100, -829.6142396099123700 ) ) ;
#983 = CARTESIAN_POINT ( 'NONE',  ( -1029.126498737529300, -0.3751809786563749000, 52.81150998653608800 ) ) ;
#984 = CARTESIAN_POINT ( 'NONE',  ( -140.5050046382193900, 322.4779509828824800, 239.9999999999999400 ) ) ;
#985 = VECTOR ( 'NONE', #733, 1000.000000000000000 ) ;
#986 = ORIENTED_EDGE ( 'NONE', *, *, #6036, .F. ) ;
#987 = CARTESIAN_POINT ( 'NONE',  ( -1009.934110109096900, 23.85787678726068600, 71.11996021954635700 ) ) ;
#988 = CARTESIAN_POINT ( 'NONE',  ( -484.8036694763670800, 50.37456319404054700, -103.4138523930980300 ) ) ;
#989 = CARTESIAN_POINT ( 'NONE',  ( -509.8733849301402200, 50.25067432418193600, -576.1991528003036400 ) ) ;
#990 = CARTESIAN_POINT ( 'NONE',  ( -534.0300862400527000, -11.13421401238134900, 0.0000000000000000000 ) ) ;
#991 = CARTESIAN_POINT ( 'NONE',  ( -323.5633355693356100, -12.90973897515687700, -831.0930975628181200 ) ) ;
#992 = ORIENTED_EDGE ( 'NONE', *, *, #4341, .T. ) ;
#993 = CYLINDRICAL_SURFACE ( 'NONE', #2028, 92.50000000000069600 ) ;
#994 = CARTESIAN_POINT ( 'NONE',  ( -662.6581336619510700, -74.70097843600254400, 699.9999996933067900 ) ) ;
#995 = ORIENTED_EDGE ( 'NONE', *, *, #5463, .F. ) ;
#996 = CARTESIAN_POINT ( 'NONE',  ( -258.7992690864762700, -35.17801972195646000, -859.0578803535368000 ) ) ;
#997 = CARTESIAN_POINT ( 'NONE',  ( -729.9630625047289000, 34.41145251588084600, 113.5734066347483700 ) ) ;
#998 = CARTESIAN_POINT ( 'NONE',  ( -994.8106324898968800, 49.79952058417094200, -55.60910644273719300 ) ) ;
#999 = CARTESIAN_POINT ( 'NONE',  ( -184.6267484020535800, 288.5675407176283900, 137.9225819429061100 ) ) ;
#1000 = VECTOR ( 'NONE', #4297, 1000.000000000000100 ) ;
#1001 = ADVANCED_FACE ( 'NONE', ( #2693 ), #7607, .F. ) ;
#1002 = CARTESIAN_POINT ( 'NONE',  ( -136.9509418987229000, 281.9612081668706200, 239.9999999999999400 ) ) ;
#1003 = CARTESIAN_POINT ( 'NONE',  ( -125.6975936219752400, 320.5860796788497300, 239.9999999999999400 ) ) ;
#1004 = CARTESIAN_POINT ( 'NONE',  ( -721.5093510031267700, -27.39914864066250600, -0.0000000000000000000 ) ) ;
#1005 = CARTESIAN_POINT ( 'NONE',  ( -765.1992559046037700, -49.25060836388760100, 59.73750214031375800 ) ) ;
#1006 = CARTESIAN_POINT ( 'NONE',  ( -930.0954376987299400, -44.47907115522036000, -49.73625532188117400 ) ) ;
#1007 = CARTESIAN_POINT ( 'NONE',  ( -739.4335370044979100, 139.6992244574324200, -95.30066013804140800 ) ) ;
#1008 = CARTESIAN_POINT ( 'NONE',  ( -929.9999970323415300, -44.10239079642276700, 49.73844108900586700 ) ) ;
#1009 = CARTESIAN_POINT ( 'NONE',  ( -1021.980486083716300, 40.23499097073159400, -16.19151997828025100 ) ) ;
#1010 = CARTESIAN_POINT ( 'NONE',  ( -1013.352949776732900, 0.5113025585317339000, 27.10813686415307800 ) ) ;
#1011 = CARTESIAN_POINT ( 'NONE',  ( -304.5882299888440300, -32.39963863526018200, 863.3947287097721500 ) ) ;
#1012 = EDGE_CURVE ( 'NONE', #2716, #4269, #5987, .T. ) ;
#1013 = CARTESIAN_POINT ( 'NONE',  ( -342.6364562004772000, 111.5216994009667400, 649.9999996933069000 ) ) ;
#1014 = CARTESIAN_POINT ( 'NONE',  ( -969.8308515967182800, 2.957272304234565200, -68.79590352574899700 ) ) ;
#1015 = CARTESIAN_POINT ( 'NONE',  ( -145.5227232030761700, 322.9245957599913500, 139.8348610880501000 ) ) ;
#1016 = CARTESIAN_POINT ( 'NONE',  ( -167.1829898283860100, 284.1682094615958900, 139.1128522005398100 ) ) ;
#1017 = CARTESIAN_POINT ( 'NONE',  ( -978.2096096027627300, 55.64353348873437700, 63.86921591008125200 ) ) ;
#1018 = EDGE_LOOP ( 'NONE', ( #6111, #7122, #7488, #7302 ) ) ;
#1019 = EDGE_LOOP ( 'NONE', ( #6038, #4236, #1479, #4592 ) ) ;
#1020 = CARTESIAN_POINT ( 'NONE',  ( -935.1371004647523900, 6.354897775020540400, -50.96835106097336900 ) ) ;
#1021 = B_SPLINE_CURVE_WITH_KNOTS ( 'NONE', 2,
 ( #6340, #6368, #2037 ),
 .UNSPECIFIED., .F., .F.,
 ( 3, 3 ),
 ( 0.0000000000000000000, 1.000000000000000000 ),
 .UNSPECIFIED. ) ;
#1022 = CARTESIAN_POINT ( 'NONE',  ( -665.8174236466724100, -79.01715463563556300, 699.9999996933071300 ) ) ;
#1023 = ORIENTED_EDGE ( 'NONE', *, *, #6668, .T. ) ;
#1024 = CARTESIAN_POINT ( 'NONE',  ( -876.8339315525036000, -49.73875740921825200, 68.07618960553509200 ) ) ;
#1025 = CARTESIAN_POINT ( 'NONE',  ( -711.8568504542180300, -28.00425256398114000, 269.8670942215699100 ) ) ;
#1026 = CARTESIAN_POINT ( 'NONE',  ( -157.1660011963854800, 279.3592731268847700, 239.9999999999999700 ) ) ;
#1027 = DIRECTION ( 'NONE',  ( 0.0000000000000000000, -6.419779286907802200E-016, -1.000000000000000000 ) ) ;
#1028 = CARTESIAN_POINT ( 'NONE',  ( -93.75174729089823700, 287.6389130592169700, 239.9999999999998900 ) ) ;
#1029 = EDGE_CURVE ( 'NONE', #60, #7193, #6095, .T. ) ;
#1030 = CARTESIAN_POINT ( 'NONE',  ( -138.0600598736830900, 322.1806288213746800, 239.9999999999999400 ) ) ;
#1031 = CARTESIAN_POINT ( 'NONE',  ( -303.2451320953590500, -44.87035782338929800, 874.6142396099120300 ) ) ;
#1032 = CARTESIAN_POINT ( 'NONE',  ( -768.2139288377270500, 23.42730997547047500, 64.31988779411995000 ) ) ;
#1033 = CARTESIAN_POINT ( 'NONE',  ( -711.8568504542175800, -28.00425256398110500, 269.8670942215699100 ) ) ;
#1034 = CARTESIAN_POINT ( 'NONE',  ( -728.7058691697151300, 26.57110846830472200, -95.70788288921454500 ) ) ;
#1035 = CARTESIAN_POINT ( 'NONE',  ( -1037.371161510782900, 34.81705338825039300, -8.032680029176111300 ) ) ;
#1036 =( BOUNDED_CURVE ( )  B_SPLINE_CURVE ( 3, ( #6240, #6336, #3821, #1365 ),
 .UNSPECIFIED., .F., .F. ) 
 B_SPLINE_CURVE_WITH_KNOTS ( ( 4, 4 ),
 ( 4.733923052218423200, 4.778455634936656300 ),
 .UNSPECIFIED. ) 
 CURVE ( )  GEOMETRIC_REPRESENTATION_ITEM ( )  RATIONAL_B_SPLINE_CURVE ( ( 1.000000000000000000, 0.9998347442508539500, 0.9998347442508539500, 1.000000000000000000 ) ) 
 REPRESENTATION_ITEM ( '' )  );
#1037 = EDGE_LOOP ( 'NONE', ( #1462, #3891, #7761, #4291 ) ) ;
#1038 = CARTESIAN_POINT ( 'NONE',  ( -1014.767389736663900, 0.4318101283921321200, 22.14983458024154200 ) ) ;
#1039 = ADVANCED_FACE ( 'NONE', ( #884 ), #7807, .F. ) ;
#1040 = CARTESIAN_POINT ( 'NONE',  ( -171.0356444195808800, 318.2778012394134600, 240.0000000000000000 ) ) ;
#1041 = EDGE_CURVE ( 'NONE', #641, #363, #333, .T. ) ;
#1042 = CARTESIAN_POINT ( 'NONE',  ( 9.142340517286161400, 121.4409679848001500, -119.8452759080645400 ) ) ;
#1043 = CARTESIAN_POINT ( 'NONE',  ( -172.4348963427394200, 286.3660573280079100, 138.9377886500613500 ) ) ;
#1044 = CARTESIAN_POINT ( 'NONE',  ( -301.5973310915022700, 20.00000000000001100, -659.9999996933067900 ) ) ;
#1045 = EDGE_CURVE ( 'NONE', #1995, #5388, #7824, .T. ) ;
#1046 = CARTESIAN_POINT ( 'NONE',  ( -308.7992690864780300, 274.9999999999999400, 659.9999996933067900 ) ) ;
#1047 = ORIENTED_EDGE ( 'NONE', *, *, #5111, .T. ) ;
#1048 = CARTESIAN_POINT ( 'NONE',  ( -258.7992690864762700, -21.70599569915775400, -836.3286459057008000 ) ) ;
#1049 = B_SPLINE_CURVE_WITH_KNOTS ( 'NONE', 3,
 ( #509, #4797, #6009, #5417, #1742, #6037, #2965, #7263, #536, #1155, #2374, #6757, #2599, #6908, #3214, #192, #3241, #3881, #834, #4492, #123, #7526 ),
 .UNSPECIFIED., .F., .F.,
 ( 4, 2, 2, 2, 2, 2, 2, 2, 2, 2, 4 ),
 ( 0.0000000000000000000, 0.006290441328975120500, 0.01258088265795024100, 0.01572610332243779000, 0.01887132398692533500, 0.02044393431916896300, 0.02201654465141258600, 0.02358915498365621000, 0.02437546014977802100, 0.02476861273283899000, 0.02516176531589996200 ),
 .UNSPECIFIED. ) ;
#1050 = ORIENTED_EDGE ( 'NONE', *, *, #3591, .T. ) ;
#1051 = VECTOR ( 'NONE', #5402, 1000.000000000000000 ) ;
#1052 = PLANE ( 'NONE',  #7855 ) ;
#1053 = CARTESIAN_POINT ( 'NONE',  ( -418.8108414987675000, 78.87170263032058400, 650.0000000000000000 ) ) ;
#1054 = DIRECTION ( 'NONE',  ( -1.000000000000000000, 3.469446951953614200E-017, 0.0000000000000000000 ) ) ;
#1055 = CARTESIAN_POINT ( 'NONE',  ( -668.2451321845401300, 70.06135079475394900, 650.0000000000000000 ) ) ;
#1056 = CARTESIAN_POINT ( 'NONE',  ( -101.2678165310501000, 286.6282313648351300, 239.9999999999999400 ) ) ;
#1057 = VECTOR ( 'NONE', #855, 1000.000000000000000 ) ;
#1058 = CARTESIAN_POINT ( 'NONE',  ( -138.3007765902513000, 322.2111277463126300, 239.9999999999999700 ) ) ;
#1059 = ORIENTED_EDGE ( 'NONE', *, *, #2585, .T. ) ;
#1060 = LINE ( 'NONE', #4049, #1327 ) ;
#1061 = CARTESIAN_POINT ( 'NONE',  ( -731.8165205886458600, 51.43860034523280700, -120.2917345085309900 ) ) ;
#1062 = CARTESIAN_POINT ( 'NONE',  ( -1025.528095748797800, 24.49074053889320300, -49.74942052518628800 ) ) ;
#1063 = AXIS2_PLACEMENT_3D ( 'NONE', #5353, #3741, #2464 ) ;
#1064 = CARTESIAN_POINT ( 'NONE',  ( -934.8554625178761600, -44.47907115522036000, -50.80667994524125000 ) ) ;
#1065 = PLANE ( 'NONE',  #2454 ) ;
#1066 = CARTESIAN_POINT ( 'NONE',  ( -728.8035333622992800, 26.76522544349518300, -98.58130391365175200 ) ) ;
#1067 = ORIENTED_EDGE ( 'NONE', *, *, #2404, .T. ) ;
#1068 = CARTESIAN_POINT ( 'NONE',  ( -1016.193618240457500, 42.27212630768828900, -31.43305827269145800 ) ) ;
#1069 = CARTESIAN_POINT ( 'NONE',  ( -258.7992690864762700, -80.00000000000004300, -899.6142396099120300 ) ) ;
#1070 = CARTESIAN_POINT ( 'NONE',  ( -1004.167345983600700, 1.027539364971652700, -44.51969783023678700 ) ) ;
#1071 = ORIENTED_EDGE ( 'NONE', *, *, #7706, .F. ) ;
#1072 = CARTESIAN_POINT ( 'NONE',  ( -180.6081540519825200, 311.7775116955626200, 239.9999999999999400 ) ) ;
#1073 = CARTESIAN_POINT ( 'NONE',  ( -338.4141849388613000, -70.34444446674382300, -699.9999996933065600 ) ) ;
#1074 = CARTESIAN_POINT ( 'NONE',  ( -179.5242156581896600, 291.0987813759614400, 138.7014780062130200 ) ) ;
#1075 = CARTESIAN_POINT ( 'NONE',  ( -939.9624860819401400, -42.61462154207261900, 57.07532614755932300 ) ) ;
#1076 = B_SPLINE_CURVE_WITH_KNOTS ( 'NONE', 3,
 ( #5450, #6523, #4031, #5249, #2960, #2911, #561, #1710, #5415, #7289, #6577, #2884, #4253, #3614, #1739, #1128, #2294, #7179, #4740, #7210, #3532, #7261, #7916, #4847 ),
 .UNSPECIFIED., .F., .F.,
 ( 4, 2, 2, 2, 2, 2, 2, 2, 2, 2, 2, 4 ),
 ( 0.0000000000000000000, 0.0003952008881892014000, 0.0007904017763784027900, 0.001580803552756971300, 0.002371205329135539500, 0.003161607105514108200, 0.004742410658271501400, 0.006323214211028894600, 0.009484821316543681100, 0.01264642842205846600, 0.01896964263308772300, 0.02529285684411698400 ),
 .UNSPECIFIED. ) ;
#1077 = CARTESIAN_POINT ( 'NONE',  ( -298.2451320953587700, 30.00000000000000000, -874.6142396099120300 ) ) ;
#1078 = CARTESIAN_POINT ( 'NONE',  ( -668.2451320953586000, -37.62779015560848700, -806.6418815726117400 ) ) ;
#1079 = EDGE_CURVE ( 'NONE', #6951, #6397, #7230, .T. ) ;
#1080 = FACE_OUTER_BOUND ( 'NONE', #6214, .T. ) ;
#1081 = B_SPLINE_SURFACE_WITH_KNOTS ( 'NONE', 3, 3, ( 
 ( #1693, #3482, #4094, #1025, #2969, #6043, #7217 ),
 ( #2274, #7162, #1083, #4175, #7795, #404, #3541 ),
 ( #5929, #431, #4773, #4687, #5985, #3511, #1637 ),
 ( #7242, #4202, #6608, #1718, #4155, #4717, #1053 ) ),
 .UNSPECIFIED., .F., .F., .F.,
 ( 4, 4 ),
 ( 4, 1, 1, 1, 4 ),
 ( 0.0000000000000000000, 1.000000000000000000 ),
 ( 0.0000000000000000000, 0.1490010684283051300, 0.3542303876842902700, 0.5841602856976757500, 1.000000000000000000 ),
 .UNSPECIFIED. ) ;
#1082 = CARTESIAN_POINT ( 'NONE',  ( -5.573319583618285800E-011, 143.7633205608470600, -144.6856185281509700 ) ) ;
#1083 = CARTESIAN_POINT ( 'NONE',  ( -738.2234280339897600, -34.33103857364492500, 123.2486460347947900 ) ) ;
#1084 = DIRECTION ( 'NONE',  ( -0.03331483023263737100, 0.0000000000000000000, 0.9994449069791544500 ) ) ;
#1085 = ADVANCED_FACE ( 'NONE', ( #6188 ), #6876, .T. ) ;
#1086 = CARTESIAN_POINT ( 'NONE',  ( -598.2451320953588300, -39.98988086786972900, 828.9119444655974600 ) ) ;
#1087 = CARTESIAN_POINT ( 'NONE',  ( -42.44926926150518700, 295.2154356479820800, 239.9999999999999400 ) ) ;
#1088 = CARTESIAN_POINT ( 'NONE',  ( -14.62674840205313500, 296.8509855691290200, -239.9999999999998900 ) ) ;
#1089 = DIRECTION ( 'NONE',  ( -1.000000000000000000, 0.0000000000000000000, -2.775557561562858200E-015 ) ) ;
#1090 = LINE ( 'NONE', #4851, #7223 ) ;
#1091 = CARTESIAN_POINT ( 'NONE',  ( -932.9729684322287500, -44.47907115522036000, -50.07677714280460200 ) ) ;
#1092 = CARTESIAN_POINT ( 'NONE',  ( -144.6562651326862000, 322.8664308143299900, 139.8637430237297100 ) ) ;
#1093 = CARTESIAN_POINT ( 'NONE',  ( -572.4683602646663300, -36.26839062856878800, -829.6142396099123700 ) ) ;
#1094 = ORIENTED_EDGE ( 'NONE', *, *, #1595, .F. ) ;
#1095 = CARTESIAN_POINT ( 'NONE',  ( -1026.556031232342500, 25.44283256888607900, 47.61381911580868800 ) ) ;
#1096 = DIRECTION ( 'NONE',  ( -0.5223487729064098000, -0.02935633502662118200, 0.8522264752030254100 ) ) ;
#1097 = ORIENTED_EDGE ( 'NONE', *, *, #4702, .T. ) ;
#1098 = ORIENTED_EDGE ( 'NONE', *, *, #3905, .F. ) ;
#1099 = CARTESIAN_POINT ( 'NONE',  ( -181.4335131267551200, 310.8291949647145300, 240.0000000000000000 ) ) ;
#1100 = CARTESIAN_POINT ( 'NONE',  ( -337.8090684202434800, 125.8181341851555300, -594.9165003535907800 ) ) ;
#1101 = CARTESIAN_POINT ( 'NONE',  ( -177.3135895454047700, 289.2806780544030400, 138.7751655433058300 ) ) ;
#1102 = CARTESIAN_POINT ( 'NONE',  ( -938.3654608894962600, -42.90391090344827800, 65.68323966637220200 ) ) ;
#1103 = CARTESIAN_POINT ( 'NONE',  ( -258.7992690864762700, -70.00000000000000000, 704.9999996933069000 ) ) ;
#1104 = CARTESIAN_POINT ( 'NONE',  ( -663.6034912595670200, -73.37036865123519600, 699.9999996933070200 ) ) ;
#1105 = DIRECTION ( 'NONE',  ( -0.0000000000000000000, -1.000000000000000000, -0.0000000000000000000 ) ) ;
#1106 = CARTESIAN_POINT ( 'NONE',  ( -5.573319583618284500E-011, 120.8497525157403800, -126.0734856922883700 ) ) ;
#1107 = CARTESIAN_POINT ( 'NONE',  ( -668.2451320953587100, -80.00000000000000000, 689.9999996933069000 ) ) ;
#1108 = CARTESIAN_POINT ( 'NONE',  ( -258.7992690864763300, -14.71168813308550200, 844.1897976599354900 ) ) ;
#1109 = CARTESIAN_POINT ( 'NONE',  ( -876.8369412057331800, -49.71575963049110700, -51.40059847485408500 ) ) ;
#1110 = CARTESIAN_POINT ( 'NONE',  ( -43.07309411347333800, 295.1112950175830200, 239.9999999999999100 ) ) ;
#1111 = ORIENTED_EDGE ( 'NONE', *, *, #7647, .T. ) ;
#1112 = ORIENTED_EDGE ( 'NONE', *, *, #5042, .T. ) ;
#1113 = CARTESIAN_POINT ( 'NONE',  ( -188.2044368611287600, 333.7469043209015400, 113.6749634761538600 ) ) ;
#1114 = CARTESIAN_POINT ( 'NONE',  ( -928.8385137797843100, 8.838720218791548800, -93.29077910728970800 ) ) ;
#1115 = DIRECTION ( 'NONE',  ( 0.7892556140292589200, 0.0000000000000000000, 0.6140647976584372400 ) ) ;
#1116 = ORIENTED_EDGE ( 'NONE', *, *, #800, .F. ) ;
#1117 = CARTESIAN_POINT ( 'NONE',  ( -1020.110940617832200, 40.89312197281354600, 22.44981282289272800 ) ) ;
#1118 = PLANE ( 'NONE',  #5674 ) ;
#1119 = CARTESIAN_POINT ( 'NONE',  ( -348.2451320953587700, -11.58393183929655400, -824.6142396099118100 ) ) ;
#1120 = B_SPLINE_SURFACE_WITH_KNOTS ( 'NONE', 3, 3, ( 
 ( #1923, #7454, #5604, #6229, #716, #3194, #4429 ),
 ( #2525, #3810, #5012, #1898, #75, #5035, #1279 ),
 ( #4966, #7503, #1351, #692, #6300, #3784, #3174 ),
 ( #6860, #125, #1998, #667, #5649, #1972, #4991 ) ),
 .UNSPECIFIED., .F., .F., .F.,
 ( 4, 4 ),
 ( 4, 1, 1, 1, 4 ),
 ( 0.0000000000000000000, 1.000000000000000000 ),
 ( 0.0000000000000000000, 0.2982968211775609600, 0.6153669425867313000, 0.7410739866888770300, 1.000000000000000000 ),
 .UNSPECIFIED. ) ;
#1121 = ADVANCED_FACE ( 'NONE', ( #5407, #4529 ), #734, .F. ) ;
#1122 = CARTESIAN_POINT ( 'NONE',  ( -5.573319583618286500E-011, 120.1545479494688800, 122.8638967704985000 ) ) ;
#1123 = ORIENTED_EDGE ( 'NONE', *, *, #7357, .F. ) ;
#1124 = CARTESIAN_POINT ( 'NONE',  ( -158.9670915876083100, 321.9706903168459500, 239.9999999999999400 ) ) ;
#1125 = CARTESIAN_POINT ( 'NONE',  ( -173.6291769025735900, 317.0057666026143600, 239.9999999999999400 ) ) ;
#1126 = DIRECTION ( 'NONE',  ( -0.0000000000000000000, -1.000000000000000000, -0.0000000000000000000 ) ) ;
#1127 = CARTESIAN_POINT ( 'NONE',  ( -183.8273139237522900, 297.3046243358048700, 138.5580413973609700 ) ) ;
#1128 = CARTESIAN_POINT ( 'NONE',  ( -964.5785699794488400, 3.471638298695537200, -73.68915285820530400 ) ) ;
#1129 = EDGE_CURVE ( 'NONE', #6562, #4220, #5838, .T. ) ;
#1130 = CARTESIAN_POINT ( 'NONE',  ( -843.5366857629792300, -51.17451922384034900, -67.03514222653198800 ) ) ;
#1131 = CARTESIAN_POINT ( 'NONE',  ( -729.3453448115193400, 26.50846961818195900, 120.3447435035078900 ) ) ;
#1132 = CARTESIAN_POINT ( 'NONE',  ( -917.9887516878785600, 58.85795368084241400, 104.3869624415229100 ) ) ;
#1133 = CARTESIAN_POINT ( 'NONE',  ( -536.3057127037916400, 410.8086603323639000, 650.0000000000000000 ) ) ;
#1134 = PLANE ( 'NONE',  #176 ) ;
#1135 = CARTESIAN_POINT ( 'NONE',  ( -258.7992690864762700, -80.00000000000002800, -899.6142396099120300 ) ) ;
#1136 = ORIENTED_EDGE ( 'NONE', *, *, #5870, .F. ) ;
#1137 = CARTESIAN_POINT ( 'NONE',  ( -912.8172059080797000, 24.28912626595114700, 106.2991371976811100 ) ) ;
#1138 = ORIENTED_EDGE ( 'NONE', *, *, #3562, .F. ) ;
#1139 = CARTESIAN_POINT ( 'NONE',  ( -184.2664800676079400, 298.8397230649670200, 240.0000000000000300 ) ) ;
#1140 = CARTESIAN_POINT ( 'NONE',  ( -1037.687897314080400, 21.01968157068466100, 21.73805297754254100 ) ) ;
#1141 = CARTESIAN_POINT ( 'NONE',  ( -886.8576701218563600, 27.32191576915200000, 110.9494025142879700 ) ) ;
#1142 = CARTESIAN_POINT ( 'NONE',  ( -688.6248947819867700, 15.14529607312527800, 479.9148654927763000 ) ) ;
#1143 = ORIENTED_EDGE ( 'NONE', *, *, #1893, .T. ) ;
#1144 = VECTOR ( 'NONE', #426, 1000.000000000000000 ) ;
#1145 = CARTESIAN_POINT ( 'NONE',  ( -577.5411314739866400, -30.81563055818982700, -824.6142396099121500 ) ) ;
#1146 = CARTESIAN_POINT ( 'NONE',  ( -337.4422328526679800, -13.64749124674480500, 830.9221348707368400 ) ) ;
#1147 = CARTESIAN_POINT ( 'NONE',  ( -179.5736621307780800, 312.8368202621289200, 239.9999999999999400 ) ) ;
#1148 = LINE ( 'NONE', #3417, #5849 ) ;
#1149 = CARTESIAN_POINT ( 'NONE',  ( -532.1764711619968000, 0.3009072780147646900, -69.90283081991590600 ) ) ;
#1150 = CARTESIAN_POINT ( 'NONE',  ( -765.3900726117242400, -48.40835081150562800, -61.01129827765275600 ) ) ;
#1151 = CARTESIAN_POINT ( 'NONE',  ( -258.7992690864762700, -80.00000000000001400, -699.9999996933069000 ) ) ;
#1152 = VERTEX_POINT ( 'NONE', #2662 ) ;
#1153 = DIRECTION ( 'NONE',  ( 0.0000000000000000000, 0.0000000000000000000, -1.000000000000000000 ) ) ;
#1154 = CARTESIAN_POINT ( 'NONE',  ( -135.8262505225143600, 352.1854547018975300, 115.4209030207743500 ) ) ;
#1155 = CARTESIAN_POINT ( 'NONE',  ( -965.9053698564273400, 3.341702246537050100, 72.81889182849516800 ) ) ;
#1156 = DIRECTION ( 'NONE',  ( -0.9947574284195235300, -0.09741849946394735800, -0.03110135955821425100 ) ) ;
#1157 = ORIENTED_EDGE ( 'NONE', *, *, #4741, .T. ) ;
#1158 = DIRECTION ( 'NONE',  ( 1.000000000000000000, 0.0000000000000000000, -0.0000000000000000000 ) ) ;
#1159 = CARTESIAN_POINT ( 'NONE',  ( -937.0752082723214500, 45.96534525729701700, -100.4989881212968900 ) ) ;
#1160 = FILL_AREA_STYLE ('',( #7849 ) ) ;
#1161 = ADVANCED_FACE ( 'NONE', ( #2905 ), #971, .T. ) ;
#1162 = CARTESIAN_POINT ( 'NONE',  ( -855.3638864233430500, 39.31032085646040700, -114.8816014359629500 ) ) ;
#1163 = ORIENTED_EDGE ( 'NONE', *, *, #1363, .T. ) ;
#1164 = CARTESIAN_POINT ( 'NONE',  ( -732.0292283200511700, 51.41795547781588000, -120.2871615022315300 ) ) ;
#1165 = EDGE_CURVE ( 'NONE', #4249, #538, #7424, .T. ) ;
#1166 = ORIENTED_EDGE ( 'NONE', *, *, #6912, .F. ) ;
#1167 = CARTESIAN_POINT ( 'NONE',  ( -181.2119747468158300, 292.9105873639264800, 239.9999999999999400 ) ) ;
#1168 = CARTESIAN_POINT ( 'NONE',  ( -51.94826630523006400, 310.3352009499396300, 142.9540096513115900 ) ) ;
#1169 = CARTESIAN_POINT ( 'NONE',  ( -1035.456036746052400, 35.49122954712746000, 19.93266355462789700 ) ) ;
#1170 = CARTESIAN_POINT ( 'NONE',  ( -258.7992690864762700, -55.45793525489217000, -889.2517750182036000 ) ) ;
#1171 = CARTESIAN_POINT ( 'NONE',  ( -884.7415063156291800, -53.51484258437727000, 62.35018648539097800 ) ) ;
#1172 = B_SPLINE_CURVE_WITH_KNOTS ( 'NONE', 3,
 ( #3000, #5065, #7017, #1403, #3327, #5112, #3866, #3947, #4476, #5695, #3246, #6913, #3975, #3269, #6326, #7581, #2001, #6959, #282, #770, #2626, #3219, #6935, #1487, #7530, #5673, #5719, #2044, #872, #3915, #222, #4519, #1458, #5750, #2072, #2099, #6378, #2681, #5164, #6988, #3295, #2829, #4679, #4062, #1020, #6552, #6524, #2772, #6439, #3388, #4600, #2802, #1516, #2214, #5924, #7668 ),
 .UNSPECIFIED., .F., .F.,
 ( 4, 2, 2, 2, 2, 2, 2, 2, 2, 2, 2, 2, 2, 2, 2, 2, 2, 2, 2, 2, 2, 2, 2, 2, 2, 2, 2, 4 ),
 ( 0.0000000000000000000, 0.0004993496425630402700, 0.0009986992851260805400, 0.001997398570251831900, 0.002996097855377582600, 0.003994797140503333400, 0.005992195710754528700, 0.007989594281005723100, 0.009986992851256919200, 0.01098569213638242300, 0.01198439142150792600, 0.01298309070663343200, 0.01398178999175893500, 0.01597918856200992300, 0.01697788784713542100, 0.01797658713226091300, 0.01997398570251183700, 0.02097268498763729700, 0.02197138427276275700, 0.02297008355788821700, 0.02396878284301367400, 0.02596618141326483300, 0.02696488069839055000, 0.02796357998351627100, 0.02996097855376801700, 0.03095967783889388600, 0.03145902748145682600, 0.03195837712401975600 ),
 .UNSPECIFIED. ) ;
#1173 = CYLINDRICAL_SURFACE ( 'NONE', #2530, 25.00000000000002800 ) ;
#1174 = AXIS2_PLACEMENT_3D ( 'NONE', #362, #4651, #4564 ) ;
#1175 = CARTESIAN_POINT ( 'NONE',  ( -814.4266634068872000, 87.24684633499565200, -117.6012469882298500 ) ) ;
#1176 = CARTESIAN_POINT ( 'NONE',  ( -720.5218967646291000, -42.84455594880284200, 62.35012099105503600 ) ) ;
#1177 = CARTESIAN_POINT ( 'NONE',  ( -452.3121918719482400, 65.16824894476499700, -373.9673483437173300 ) ) ;
#1178 = CARTESIAN_POINT ( 'NONE',  ( -765.2637996017078900, -48.39639168392665200, -60.37567659094303700 ) ) ;
#1179 = CARTESIAN_POINT ( 'NONE',  ( -938.7372758657093100, -42.79993836355713200, 54.33335089696846200 ) ) ;
#1180 = CIRCLE ( 'NONE', #7067, 369.9999999999997700 ) ;
#1181 = DIRECTION ( 'NONE',  ( 0.0000000000000000000, 0.0000000000000000000, -1.000000000000000000 ) ) ;
#1182 = CARTESIAN_POINT ( 'NONE',  ( -731.6650749216356600, 51.45330151009205400, 120.2949804879640700 ) ) ;
#1183 = ORIENTED_EDGE ( 'NONE', *, *, #7751, .T. ) ;
#1184 = EDGE_CURVE ( 'NONE', #3117, #2592, #5778, .T. ) ;
#1185 = DIRECTION ( 'NONE',  ( 1.000000000000000000, -3.469446951953614200E-017, -0.0000000000000000000 ) ) ;
#1186 = CARTESIAN_POINT ( 'NONE',  ( -668.2451320953586000, -64.04258652743045800, 828.9903223330475200 ) ) ;
#1187 = FACE_OUTER_BOUND ( 'NONE', #6203, .T. ) ;
#1188 = CARTESIAN_POINT ( 'NONE',  ( -184.4333417270691500, 304.6847187215520900, 138.5378404705836900 ) ) ;
#1189 = DIRECTION ( 'NONE',  ( 1.000000000000000000, 0.0000000000000000000, 0.0000000000000000000 ) ) ;
#1190 = VERTEX_POINT ( 'NONE', #2587 ) ;
#1191 = CARTESIAN_POINT ( 'NONE',  ( -237.9721780719918600, 82.06018643305120000, 136.7532125957961600 ) ) ;
#1192 = CARTESIAN_POINT ( 'NONE',  ( -306.4073418530784400, -20.10703890691845400, 847.2223839526082000 ) ) ;
#1193 = CARTESIAN_POINT ( 'NONE',  ( -184.3653661889754600, 299.3241604478898200, 240.0000000000000300 ) ) ;
#1194 = DIRECTION ( 'NONE',  ( -0.0000000000000000000, -1.000000000000000000, -0.0000000000000000000 ) ) ;
#1195 = EDGE_CURVE ( 'NONE', #272, #1883, #5223, .T. ) ;
#1196 = EDGE_CURVE ( 'NONE', #4699, #165, #516, .T. ) ;
#1197 = CARTESIAN_POINT ( 'NONE',  ( -931.1131461823919200, -44.47907115522036000, -69.71471627135912300 ) ) ;
#1198 = DIRECTION ( 'NONE',  ( 1.000000000000000000, 0.0000000000000000000, 3.088707198718619700E-016 ) ) ;
#1199 = CARTESIAN_POINT ( 'NONE',  ( -898.4612927688346000, -77.57635044464564100, 312.7515720249604100 ) ) ;
#1200 = CARTESIAN_POINT ( 'NONE',  ( -396.7006316504052300, 94.88199682567851300, -509.9181256018205800 ) ) ;
#1201 = CARTESIAN_POINT ( 'NONE',  ( -173.5007455445487500, 19.99999999999999300, -562.9256033403211200 ) ) ;
#1202 = DIRECTION ( 'NONE',  ( -0.0000000000000000000, -1.000000000000000000, -0.0000000000000000000 ) ) ;
#1203 = PLANE ( 'NONE',  #1450 ) ;
#1204 = CARTESIAN_POINT ( 'NONE',  ( -454.6241072762800900, 61.52337124693671200, -573.8061250271849800 ) ) ;
#1205 = CARTESIAN_POINT ( 'NONE',  ( -348.2451320953587700, 30.00000000000000000, -824.6142396099118100 ) ) ;
#1206 = VERTEX_POINT ( 'NONE', #3035 ) ;
#1207 = ORIENTED_EDGE ( 'NONE', *, *, #6816, .F. ) ;
#1208 = DIRECTION ( 'NONE',  ( -7.484888275586479400E-016, 0.0000000000000000000, -1.000000000000000000 ) ) ;
#1209 = DIRECTION ( 'NONE',  ( 0.0000000000000000000, 0.0000000000000000000, 1.000000000000000000 ) ) ;
#1210 = CARTESIAN_POINT ( 'NONE',  ( -668.2451320953587100, -33.41415992668316900, 816.1488444811716400 ) ) ;
#1211 = CARTESIAN_POINT ( 'NONE',  ( -2.007659678219818200E-013, 274.9999999999999400, -649.9999996933070200 ) ) ;
#1212 = CARTESIAN_POINT ( 'NONE',  ( -258.7992690864763300, -26.80271886040287700, -864.0285248243515100 ) ) ;
#1213 = ORIENTED_EDGE ( 'NONE', *, *, #5534, .F. ) ;
#1214 = CARTESIAN_POINT ( 'NONE',  ( -174.0990271970806300, 338.7123932947607200, 114.5752099063322500 ) ) ;
#1215 = CARTESIAN_POINT ( 'NONE',  ( -327.6361621935145100, -12.28454177931840400, 829.0499419745719900 ) ) ;
#1216 = CARTESIAN_POINT ( 'NONE',  ( -172.7130653170726200, 286.5112433933272200, 240.0000000000000000 ) ) ;
#1217 = CARTESIAN_POINT ( 'NONE',  ( -668.2451321845401300, 70.06135079475394900, 650.0000000000000000 ) ) ;
#1218 =( BOUNDED_SURFACE ( )  B_SPLINE_SURFACE ( 3, 2, ( 
 ( #6659, #7265, #3595 ),
 ( #4229, #2994, #7402 ),
 ( #7298, #4941, #3043 ),
 ( #3619, #6097, #4885 ) ),
 .UNSPECIFIED., .F., .F., .F. ) 
 B_SPLINE_SURFACE_WITH_KNOTS ( ( 4, 4 ),
 ( 3, 3 ),
 ( 1.241315980897903300, 1.350018454269990200 ),
 ( 0.0000000000000000000, 1.000000000000000000 ),
 .UNSPECIFIED. ) 
 GEOMETRIC_REPRESENTATION_ITEM ( )  RATIONAL_B_SPLINE_SURFACE ( (
 ( 1.000000000000000000, 0.7006585670461690200, 1.000000000000000000),
 ( 1.000000000000000000, 0.7013449952094303900, 1.000000000000000000),
 ( 1.000000000000000000, 0.7020431806302217500, 1.000000000000000000),
 ( 1.000000000000000000, 0.7027489190953186700, 1.000000000000000000) ) ) 
 REPRESENTATION_ITEM ( '' )  SURFACE ( )  );
#1219 = CARTESIAN_POINT ( 'NONE',  ( -1015.326489202913400, 21.24923267610892500, -63.66016581215597400 ) ) ;
#1220 = DIRECTION ( 'NONE',  ( -0.0000000000000000000, -1.000000000000000000, 0.0000000000000000000 ) ) ;
#1221 = CARTESIAN_POINT ( 'NONE',  ( -524.0839179233563500, 24.10135128894039600, 479.8898481359895500 ) ) ;
#1222 = ORIENTED_EDGE ( 'NONE', *, *, #562, .F. ) ;
#1223 = CARTESIAN_POINT ( 'NONE',  ( -931.3374411466434100, -43.90956271168045800, -49.78104261172764200 ) ) ;
#1224 = CARTESIAN_POINT ( 'NONE',  ( -766.7582225269675300, -48.52821046603805400, -56.13749726281857700 ) ) ;
#1225 = CARTESIAN_POINT ( 'NONE',  ( -184.6267484020528700, 296.8509855691290200, -138.5313935814173500 ) ) ;
#1226 = EDGE_CURVE ( 'NONE', #6682, #1287, #5684, .T. ) ;
#1227 = CARTESIAN_POINT ( 'NONE',  ( -979.7195593237235000, -49.80385858583698400, -312.7510206763798200 ) ) ;
#1228 = CARTESIAN_POINT ( 'NONE',  ( -463.5222005909175200, -80.00000000000001400, 705.8086172388635800 ) ) ;
#1229 = DIRECTION ( 'NONE',  ( -0.0000000000000000000, -1.000000000000000000, 0.0000000000000000000 ) ) ;
#1230 = CARTESIAN_POINT ( 'NONE',  ( -668.2451320953587100, -21.82662591340007600, 714.4433082452371800 ) ) ;
#1231 = ADVANCED_FACE ( 'NONE', ( #4082 ), #6144, .T. ) ;
#1232 = CARTESIAN_POINT ( 'NONE',  ( -363.3325037834424100, 141.9740899135819900, -509.3156103644660700 ) ) ;
#1233 = CARTESIAN_POINT ( 'NONE',  ( -598.2451320953588300, 30.00000000000000000, 824.6142396099121500 ) ) ;
#1234 = ORIENTED_EDGE ( 'NONE', *, *, #2932, .F. ) ;
#1235 = ORIENTED_EDGE ( 'NONE', *, *, #4373, .F. ) ;
#1236 = VECTOR ( 'NONE', #3549, 1000.000000000000000 ) ;
#1237 = CARTESIAN_POINT ( 'NONE',  ( -861.7347391325686200, 96.59425868281807900, -91.56730516856505600 ) ) ;
#1238 = CARTESIAN_POINT ( 'NONE',  ( -918.0313104987047800, 13.86640236423898300, -100.8913492329716200 ) ) ;
#1239 = EDGE_LOOP ( 'NONE', ( #7532, #118, #442, #5618 ) ) ;
#1240 = CARTESIAN_POINT ( 'NONE',  ( -177.0883751456041200, 289.1367999335227000, 239.9999999999999400 ) ) ;
#1241 = CARTESIAN_POINT ( 'NONE',  ( -279.8499551205621300, 274.9999999999999400, 640.5121365058383800 ) ) ;
#1242 = CIRCLE ( 'NONE', #2534, 24.99999999999998600 ) ;
#1243 = ORIENTED_EDGE ( 'NONE', *, *, #6768, .F. ) ;
#1244 = FACE_OUTER_BOUND ( 'NONE', #1313, .T. ) ;
#1245 = CARTESIAN_POINT ( 'NONE',  ( -931.5811884387760500, -44.47907115522036000, -69.66522907176320700 ) ) ;
#1246 = CARTESIAN_POINT ( 'NONE',  ( -546.4056136859659300, -26.89191050651666300, -824.6142396099122600 ) ) ;
#1247 = ORIENTED_EDGE ( 'NONE', *, *, #1859, .F. ) ;
#1248 = CARTESIAN_POINT ( 'NONE',  ( -966.0375125829705200, -38.04515784016426500, -20.83333333333332900 ) ) ;
#1249 = CARTESIAN_POINT ( 'NONE',  ( -463.5222005909175200, -70.00000000000000000, -697.4999996933069000 ) ) ;
#1250 = CARTESIAN_POINT ( 'NONE',  ( -939.7610566767657500, -42.67102479848920600, -63.04595048596310400 ) ) ;
#1251 = CARTESIAN_POINT ( 'NONE',  ( -766.8658810447312800, -48.54277251741574900, -63.45089436171033300 ) ) ;
#1252 = CARTESIAN_POINT ( 'NONE',  ( -169.0626498094555900, 279.7371687536130500, -139.0501968678373100 ) ) ;
#1253 = CARTESIAN_POINT ( 'NONE',  ( -970.5218452665625400, -46.52138065281847900, 62.35021923255894900 ) ) ;
#1254 = CARTESIAN_POINT ( 'NONE',  ( -572.4683602646663300, -36.26839062856878800, 829.6142396099123700 ) ) ;
#1255 = ADVANCED_FACE ( 'NONE', ( #7330 ), #3721, .F. ) ;
#1256 = CARTESIAN_POINT ( 'NONE',  ( -172.5354093633571600, 339.2628294251252900, 114.6258755897547400 ) ) ;
#1257 = CARTESIAN_POINT ( 'NONE',  ( -668.2451320953586000, -11.21714419092346800, 731.2815732272342800 ) ) ;
#1258 = CARTESIAN_POINT ( 'NONE',  ( -476.1218229458132200, 22.48589293588767300, 0.0000000000000000000 ) ) ;
#1259 = CARTESIAN_POINT ( 'NONE',  ( -668.2451320953587100, -10.19822965356063100, -733.6804578094298700 ) ) ;
#1260 = CARTESIAN_POINT ( 'NONE',  ( -859.1916814820807500, 84.79361931122137700, -111.3289848183649000 ) ) ;
#1261 = CARTESIAN_POINT ( 'NONE',  ( -413.0707898217584700, 61.93453721306585200, -650.0000000000000000 ) ) ;
#1262 = VECTOR ( 'NONE', #1796, 1000.000000000000000 ) ;
#1263 = CARTESIAN_POINT ( 'NONE',  ( -154.9154124524792200, 281.3935497481667800, 239.9999999999999400 ) ) ;
#1264 = CARTESIAN_POINT ( 'NONE',  ( -308.7992690864780300, 20.00000000000000400, 649.9999996933067900 ) ) ;
#1265 = B_SPLINE_CURVE_WITH_KNOTS ( 'NONE', 3,
 ( #3910, #4539, #3242, #5692, #1374, #2066, #4513, #5132, #5667, #1994, #6299, #7527, #5746, #3882, #167, #4471, #789, #193, #5107, #1970, #1426, #6373, #6981, #2040, #3289, #7601, #1349, #246, #5032, #5645, #7097, #7697 ),
 .UNSPECIFIED., .F., .F.,
 ( 4, 2, 2, 2, 2, 2, 2, 2, 2, 2, 2, 2, 2, 2, 2, 4 ),
 ( 5.721958498152796800E-017, 0.004637126336834739900, 0.006955689505252042600, 0.009274252673669344500, 0.01391137901050403500, 0.01622994217892135100, 0.01738922376313004400, 0.01854850534733873700, 0.02318563168417345600, 0.02434491326838213500, 0.02550419485259081800, 0.02782275802100819500, 0.03245988435784291600, 0.03477844752626028200, 0.03593772911046894100, 0.03709701069467760000 ),
 .UNSPECIFIED. ) ;
#1266 = FACE_OUTER_BOUND ( 'NONE', #4672, .T. ) ;
#1267 = CARTESIAN_POINT ( 'NONE',  ( -935.7745354541992800, -44.47907115522036000, -68.19774244339259900 ) ) ;
#1268 = CARTESIAN_POINT ( 'NONE',  ( -668.2451320953584900, -22.92426017569082600, 789.3638585184511400 ) ) ;
#1269 = CARTESIAN_POINT ( 'NONE',  ( -801.4150016023039600, -73.21928833898205400, 20.83333333333332900 ) ) ;
#1270 = CARTESIAN_POINT ( 'NONE',  ( -937.7339453365490300, -42.95343469536383200, -53.02057910938210500 ) ) ;
#1271 = CARTESIAN_POINT ( 'NONE',  ( -860.2549962005692800, 88.48472478379500200, 108.4305173114422700 ) ) ;
#1272 = SURFACE_STYLE_USAGE ( .BOTH. , #6150 ) ;
#1273 = DIRECTION ( 'NONE',  ( 0.0000000000000000000, 0.0000000000000000000, 1.000000000000000000 ) ) ;
#1274 = FACE_OUTER_BOUND ( 'NONE', #7442, .T. ) ;
#1275 = ORIENTED_EDGE ( 'NONE', *, *, #1196, .T. ) ;
#1276 = ORIENTED_EDGE ( 'NONE', *, *, #5534, .T. ) ;
#1277 = CARTESIAN_POINT ( 'NONE',  ( -146.1794074589254000, 322.9686786833372000, 139.8129716128551100 ) ) ;
#1278 = DIRECTION ( 'NONE',  ( 0.0000000000000000000, -6.419779286907802200E-016, 1.000000000000000000 ) ) ;
#1279 = CARTESIAN_POINT ( 'NONE',  ( -313.7879653329613900, 124.6398863986655800, 650.0000000000000000 ) ) ;
#1280 = CARTESIAN_POINT ( 'NONE',  ( -258.7992690864763900, -7.740621087728905000, 777.1326190558880900 ) ) ;
#1281 = CARTESIAN_POINT ( 'NONE',  ( -171.5719434461461500, 312.8959593496818500, -138.9665537466143500 ) ) ;
#1282 = CARTESIAN_POINT ( 'NONE',  ( -668.2451320953590500, -21.82662591340005100, -805.1709310579821000 ) ) ;
#1283 = CARTESIAN_POINT ( 'NONE',  ( -301.5713464453215800, -25.99449622151487600, 856.4396136868589300 ) ) ;
#1284 = CARTESIAN_POINT ( 'NONE',  ( -150.6629063559546200, 281.0456494295764900, 239.9999999999999100 ) ) ;
#1285 = ADVANCED_FACE ( 'NONE', ( #2126 ), #3479, .F. ) ;
#1286 = EDGE_CURVE ( 'NONE', #1341, #5022, #285, .T. ) ;
#1287 = VERTEX_POINT ( 'NONE', #1864 ) ;
#1288 = VERTEX_POINT ( 'NONE', #2423 ) ;
#1289 = CARTESIAN_POINT ( 'NONE',  ( -524.0839179233561300, 24.10135128894058500, 479.8898481359895500 ) ) ;
#1290 = CARTESIAN_POINT ( 'NONE',  ( -940.3841309089868900, 7.164169077462492700, -59.73484047611274400 ) ) ;
#1291 = CARTESIAN_POINT ( 'NONE',  ( -668.2451320953586000, -20.75709420659104900, 785.1518361750623900 ) ) ;
#1292 = ORIENTED_EDGE ( 'NONE', *, *, #7935, .T. ) ;
#1293 = CARTESIAN_POINT ( 'NONE',  ( -738.1195258406041800, 134.7862868232181500, 110.4771068390198100 ) ) ;
#1294 = CARTESIAN_POINT ( 'NONE',  ( -664.5805094455234900, -72.52958087506526400, -699.9999996933070200 ) ) ;
#1295 = CARTESIAN_POINT ( 'NONE',  ( -932.3104210175794200, -43.83910731915755600, -69.54667224768952800 ) ) ;
#1296 = CARTESIAN_POINT ( 'NONE',  ( 7.836868409118748200E-014, 400.0000000000000000, 239.9999999999999100 ) ) ;
#1297 = CARTESIAN_POINT ( 'NONE',  ( -366.0172453933366800, 121.2709318782747800, 509.5164487769175700 ) ) ;
#1298 = CARTESIAN_POINT ( 'NONE',  ( -996.4641940669394000, 27.31809308081838900, 78.99400159398901200 ) ) ;
#1299 = EDGE_LOOP ( 'NONE', ( #4853, #2715, #3317, #4136 ) ) ;
#1300 = CARTESIAN_POINT ( 'NONE',  ( -174.0970485258398800, 316.7639977431623500, 138.8823835772364500 ) ) ;
#1301 = CARTESIAN_POINT ( 'NONE',  ( -668.2451320953587100, -80.00000000000000000, -689.9999996933069000 ) ) ;
#1302 = CARTESIAN_POINT ( 'NONE',  ( -1025.528095748797800, 24.49074053889315600, 49.74942052518749600 ) ) ;
#1303 = CARTESIAN_POINT ( 'NONE',  ( -668.2451320953584900, -5.974759577372907400, 749.0305417995938300 ) ) ;
#1304 = CARTESIAN_POINT ( 'NONE',  ( -161.7212291768948700, 316.2399435560448600, -139.2949108889226900 ) ) ;
#1305 = EDGE_CURVE ( 'NONE', #4661, #7352, #4604, .T. ) ;
#1306 = CARTESIAN_POINT ( 'NONE',  ( -668.2451320953584900, -5.192880041697213400, -762.5148773510815100 ) ) ;
#1307 = DIRECTION ( 'NONE',  ( -0.9427946626885519400, -0.3318894391366362700, -0.03142648875628401700 ) ) ;
#1308 = CARTESIAN_POINT ( 'NONE',  ( -861.6342496577466400, 96.68124017130179500, 89.96129063427326900 ) ) ;
#1309 = CARTESIAN_POINT ( 'NONE',  ( -207.0045730947086900, 274.9999999999999400, 583.4146114196310000 ) ) ;
#1310 = VERTEX_POINT ( 'NONE', #1984 ) ;
#1311 = B_SPLINE_CURVE_WITH_KNOTS ( 'NONE', 3,
 ( #582, #7334, #6114, #5539 ),
 .UNSPECIFIED., .F., .F.,
 ( 4, 4 ),
 ( 0.0000000000000000000, 2.894110820989923200E-005 ),
 .UNSPECIFIED. ) ;
#1312 = CARTESIAN_POINT ( 'NONE',  ( -720.5218967646291000, -42.84455594880270700, 62.35012099105503600 ) ) ;
#1313 = EDGE_LOOP ( 'NONE', ( #7173, #6712, #3504, #2564 ) ) ;
#1314 = DIRECTION ( 'NONE',  ( 0.0000000000000000000, 0.0000000000000000000, 1.000000000000000000 ) ) ;
#1315 = CARTESIAN_POINT ( 'NONE',  ( -668.2451320953584900, -18.12814719733356800, 778.4969678155117700 ) ) ;
#1316 = DIRECTION ( 'NONE',  ( 0.0000000000000000000, 0.0000000000000000000, -1.000000000000000000 ) ) ;
#1317 = CARTESIAN_POINT ( 'NONE',  ( -662.4931670935798100, -75.69151424315954600, -699.9999996933069000 ) ) ;
#1318 = CARTESIAN_POINT ( 'NONE',  ( -936.7745852258011600, -43.15946042625218100, -67.40542783184179100 ) ) ;
#1319 = CARTESIAN_POINT ( 'NONE',  ( -861.8216006455528500, 96.28567541412432700, 93.96256307821506900 ) ) ;
#1320 = CARTESIAN_POINT ( 'NONE',  ( -34.49192743859914900, 291.4451626615436900, -143.5358876135325700 ) ) ;
#1321 = EDGE_CURVE ( 'NONE', #5274, #4387, #2807, .T. ) ;
#1322 = ORIENTED_EDGE ( 'NONE', *, *, #4626, .F. ) ;
#1323 = LINE ( 'NONE', #5980, #3142 ) ;
#1324 = CARTESIAN_POINT ( 'NONE',  ( -738.6974510554974800, 139.9583467906809300, 95.31631867009471600 ) ) ;
#1325 = FACE_OUTER_BOUND ( 'NONE', #629, .T. ) ;
#1326 = ORIENTED_EDGE ( 'NONE', *, *, #1226, .T. ) ;
#1327 = VECTOR ( 'NONE', #7906, 1000.000000000000100 ) ;
#1328 = CARTESIAN_POINT ( 'NONE',  ( -729.7186922751344600, -45.97881655748227600, -312.7526747221214100 ) ) ;
#1329 = CARTESIAN_POINT ( 'NONE',  ( -494.3743399005617800, -21.54172920880788700, 824.6142396099121500 ) ) ;
#1330 = CARTESIAN_POINT ( 'NONE',  ( -668.2451320953587100, -5.974759577372900300, 770.5836975036252200 ) ) ;
#1331 = CARTESIAN_POINT ( 'NONE',  ( -178.8048544031019000, 308.3910462304207300, -138.7254567147158200 ) ) ;
#1332 = CARTESIAN_POINT ( 'NONE',  ( -668.2451320953584900, -13.48054183337263900, -726.6681865167217900 ) ) ;
#1333 = ORIENTED_EDGE ( 'NONE', *, *, #5292, .T. ) ;
#1334 = DIRECTION ( 'NONE',  ( 0.0000000000000000000, 0.0000000000000000000, -1.000000000000000000 ) ) ;
#1335 = EDGE_CURVE ( 'NONE', #1190, #5502, #5513, .T. ) ;
#1336 = LINE ( 'NONE', #7652, #3831 ) ;
#1337 = ORIENTED_EDGE ( 'NONE', *, *, #623, .T. ) ;
#1338 = CARTESIAN_POINT ( 'NONE',  ( -1004.167345983600700, 1.027539364971651300, 44.51969783023805900 ) ) ;
#1339 = ORIENTED_EDGE ( 'NONE', *, *, #7536, .T. ) ;
#1340 = DIRECTION ( 'NONE',  ( -0.0000000000000000000, -1.000000000000000000, -0.0000000000000000000 ) ) ;
#1341 = VERTEX_POINT ( 'NONE', #6877 ) ;
#1342 = CARTESIAN_POINT ( 'NONE',  ( -258.7992690864763300, -40.11362150476416100, 736.5164233602203000 ) ) ;
#1343 = CARTESIAN_POINT ( 'NONE',  ( -258.7992690864780900, 20.00000000000000400, 651.3187184546429800 ) ) ;
#1344 = DIRECTION ( 'NONE',  ( 0.0000000000000000000, 0.0000000000000000000, -1.000000000000000000 ) ) ;
#1345 = CARTESIAN_POINT ( 'NONE',  ( -256.0910190459715600, 20.00000000000000400, -650.5321990715734700 ) ) ;
#1346 = CARTESIAN_POINT ( 'NONE',  ( -14.64406543844063800, 296.7320001502884000, -144.1974830135377800 ) ) ;
#1347 = AXIS2_PLACEMENT_3D ( 'NONE', #7888, #3062, #7360 ) ;
#1348 = CARTESIAN_POINT ( 'NONE',  ( -1028.489763414086400, 37.38376853534553800, -2.019329192619598000 ) ) ;
#1349 = CARTESIAN_POINT ( 'NONE',  ( -919.5031764296227300, 76.11555795107437900, -84.27382608369850900 ) ) ;
#1350 = CARTESIAN_POINT ( 'NONE',  ( -1009.934110109096900, 21.48676239059104600, 71.11996021954634300 ) ) ;
#1351 = CARTESIAN_POINT ( 'NONE',  ( -488.6698759689920200, 3.216029123472907300, 210.1442394422553000 ) ) ;
#1352 = CARTESIAN_POINT ( 'NONE',  ( -308.7992690864780300, -80.00000000000000000, -649.9999996933069000 ) ) ;
#1353 = VECTOR ( 'NONE', #2242, 1000.000000000000000 ) ;
#1354 = CARTESIAN_POINT ( 'NONE',  ( -182.5467137553868000, 304.0995422885790200, -138.6007280696395900 ) ) ;
#1355 = CARTESIAN_POINT ( 'NONE',  ( -668.2451320953587100, -8.422134144268586200, -780.9866977964337600 ) ) ;
#1356 = AXIS2_PLACEMENT_3D ( 'NONE', #1211, #618, #4286 ) ;
#1357 = CARTESIAN_POINT ( 'NONE',  ( -390.9140106874749000, 82.58970804622003900, 650.0000000000000000 ) ) ;
#1358 = VERTEX_POINT ( 'NONE', #4982 ) ;
#1359 = CARTESIAN_POINT ( 'NONE',  ( -348.2451320953587700, -13.69752918442446800, -829.6142396099120300 ) ) ;
#1360 = VERTEX_POINT ( 'NONE', #1961 ) ;
#1361 = CARTESIAN_POINT ( 'NONE',  ( -767.3158090565556200, -49.25061185733253700, -63.83756961126599100 ) ) ;
#1362 =( BOUNDED_SURFACE ( )  B_SPLINE_SURFACE ( 3, 2, ( 
 ( #3042, #5547, #689 ),
 ( #3779, #3118, #7423 ),
 ( #1870, #5574, #1844 ),
 ( #6806, #49, #1324 ) ),
 .UNSPECIFIED., .F., .F., .F. ) 
 B_SPLINE_SURFACE_WITH_KNOTS ( ( 4, 4 ),
 ( 3, 3 ),
 ( 1.504461693176428300, 1.549660829059326300 ),
 ( 0.0000000000000000000, 1.000000000000000000 ),
 .UNSPECIFIED. ) 
 GEOMETRIC_REPRESENTATION_ITEM ( )  RATIONAL_B_SPLINE_SURFACE ( (
 ( 1.000000000000000000, 0.7148463099497074400, 1.000000000000000000),
 ( 1.000000000000000000, 0.7131005369420081500, 1.000000000000000000),
 ( 1.000000000000000000, 0.7113457427226092000, 1.000000000000000000),
 ( 1.000000000000000000, 0.7095835371813853400, 1.000000000000000000) ) ) 
 REPRESENTATION_ITEM ( '' )  SURFACE ( )  );
#1363 = EDGE_CURVE ( 'NONE', #4883, #4131, #4970, .T. ) ;
#1364 = CARTESIAN_POINT ( 'NONE',  ( -401.1905413302769700, 86.53296445258416700, -509.9370181447180200 ) ) ;
#1365 = CARTESIAN_POINT ( 'NONE',  ( -855.3638864233428200, 39.44847174006471800, -114.8816014359633800 ) ) ;
#1366 = CARTESIAN_POINT ( 'NONE',  ( -668.2451320953587100, -15.88759852906581700, 769.2149005188659900 ) ) ;
#1367 = CARTESIAN_POINT ( 'NONE',  ( -191.2992690864780100, 275.0000000000000000, 566.7258043509617700 ) ) ;
#1368 = CARTESIAN_POINT ( 'NONE',  ( -728.8146454189958400, 26.56045258089886800, -95.29810048309241200 ) ) ;
#1369 = CARTESIAN_POINT ( 'NONE',  ( -977.9970575583958000, 32.06201920788370800, 87.52448106196229100 ) ) ;
#1370 = CARTESIAN_POINT ( 'NONE',  ( -943.8196562350169600, 67.74973517524844600, 98.63595560873659500 ) ) ;
#1371 = CARTESIAN_POINT ( 'NONE',  ( -397.0523550645547700, 97.52121751762267400, 374.0963778863184100 ) ) ;
#1372 = CARTESIAN_POINT ( 'NONE',  ( -765.3916071443219400, 22.97839891973366700, -58.46144263109938800 ) ) ;
#1373 = CARTESIAN_POINT ( 'NONE',  ( -1028.621096614630900, 27.70685165554548500, -42.12062989957156800 ) ) ;
#1374 = CARTESIAN_POINT ( 'NONE',  ( -917.9887516878786800, 58.85795368084308200, -104.3869624415216300 ) ) ;
#1375 = ORIENTED_EDGE ( 'NONE', *, *, #5994, .F. ) ;
#1376 = DIRECTION ( 'NONE',  ( 0.0000000000000000000, 0.0000000000000000000, 1.000000000000000000 ) ) ;
#1377 = CARTESIAN_POINT ( 'NONE',  ( -668.2451320953587100, -80.00000000000001400, 899.6142396099120300 ) ) ;
#1378 = DIRECTION ( 'NONE',  ( -0.0000000000000000000, -1.000000000000000000, -0.0000000000000000000 ) ) ;
#1379 = CARTESIAN_POINT ( 'NONE',  ( -23.35758690175210400, 300.0327381020625800, -143.9070322980940900 ) ) ;
#1380 = CARTESIAN_POINT ( 'NONE',  ( -258.7992690864762700, -52.18108053550224000, -714.0588036273130700 ) ) ;
#1381 = CARTESIAN_POINT ( 'NONE',  ( -375.4209598999159400, 92.92953237961241100, 569.1364520728456000 ) ) ;
#1382 = VERTEX_POINT ( 'NONE', #5788 ) ;
#1383 = FACE_OUTER_BOUND ( 'NONE', #5908, .T. ) ;
#1384 = CARTESIAN_POINT ( 'NONE',  ( -770.0781440828610600, 23.42789570974004900, -64.73844108900411200 ) ) ;
#1385 = ORIENTED_EDGE ( 'NONE', *, *, #7174, .T. ) ;
#1386 = ADVANCED_FACE ( 'NONE', ( #796 ), #3643, .T. ) ;
#1387 = CARTESIAN_POINT ( 'NONE',  ( -16.63518182673410800, 303.3258790918834500, 239.9999999999999100 ) ) ;
#1388 = CARTESIAN_POINT ( 'NONE',  ( -979.7195593237235000, -49.80385858583698400, 312.7510206763798200 ) ) ;
#1389 = CARTESIAN_POINT ( 'NONE',  ( -258.7992690864762700, -43.55484618398372700, 868.1696361896409800 ) ) ;
#1390 = DIRECTION ( 'NONE',  ( 0.0000000000000000000, 0.0000000000000000000, -1.000000000000000000 ) ) ;
#1391 = CARTESIAN_POINT ( 'NONE',  ( -192.7992690864783200, 275.0000000000000000, -564.4953246592565400 ) ) ;
#1392 = DIRECTION ( 'NONE',  ( 0.0000000000000000000, -1.734723475976808100E-016, -1.000000000000000000 ) ) ;
#1393 = CARTESIAN_POINT ( 'NONE',  ( -765.4833108208487100, -48.41706356614867000, 61.32052622385492700 ) ) ;
#1394 = CARTESIAN_POINT ( 'NONE',  ( -513.2675037780667300, 54.87322084212034000, 373.8383188011163200 ) ) ;
#1395 = DIRECTION ( 'NONE',  ( -0.0000000000000000000, -1.000000000000000000, -0.0000000000000000000 ) ) ;
#1396 = CARTESIAN_POINT ( 'NONE',  ( -1025.528095748797800, 24.49074053889320300, -49.74942052518628800 ) ) ;
#1397 = ORIENTED_EDGE ( 'NONE', *, *, #1491, .T. ) ;
#1398 = CARTESIAN_POINT ( 'NONE',  ( -983.8586140089354300, 2.168903087330670100, 63.99946731421080400 ) ) ;
#1399 = CARTESIAN_POINT ( 'NONE',  ( -995.1635593470150500, 22.13739259372691800, 81.65449278019961800 ) ) ;
#1400 = DIRECTION ( 'NONE',  ( 0.3235513698792102400, 0.0000000000000000000, 0.9462106060752472100 ) ) ;
#1401 = CARTESIAN_POINT ( 'NONE',  ( -303.5496290718682500, -38.35452282815200000, -869.2598063678922200 ) ) ;
#1402 = EDGE_CURVE ( 'NONE', #363, #7291, #5113, .T. ) ;
#1403 = CARTESIAN_POINT ( 'NONE',  ( -930.6694947847304300, 6.792418952656680300, -69.73865235853956800 ) ) ;
#1404 = CARTESIAN_POINT ( 'NONE',  ( -595.7506258156511200, -23.31838057145974100, -0.0000000000000000000 ) ) ;
#1405 = ORIENTED_EDGE ( 'NONE', *, *, #3591, .F. ) ;
#1406 = CARTESIAN_POINT ( 'NONE',  ( -768.8424994385436500, -49.25061185733253700, -64.54452117786583200 ) ) ;
#1407 = CARTESIAN_POINT ( 'NONE',  ( -148.0353020443914100, 281.0019720854227800, 240.0000000000000600 ) ) ;
#1408 = ORIENTED_EDGE ( 'NONE', *, *, #3222, .F. ) ;
#1409 = VERTEX_POINT ( 'NONE', #5761 ) ;
#1410 = VECTOR ( 'NONE', #790, 1000.000000000000000 ) ;
#1411 = CARTESIAN_POINT ( 'NONE',  ( -531.8258541121442700, 51.56268442353459800, -373.8311718869599600 ) ) ;
#1412 = ORIENTED_EDGE ( 'NONE', *, *, #3224, .F. ) ;
#1413 = DIRECTION ( 'NONE',  ( -0.03125000000000007600, 0.0000000000000000000, -0.9995115994824672600 ) ) ;
#1414 = CARTESIAN_POINT ( 'NONE',  ( -527.5130262030228300, -0.1796302367026787700, -269.5430657194446000 ) ) ;
#1415 = CARTESIAN_POINT ( 'NONE',  ( -193.2992690864780300, 275.0000000000000000, 563.7518310197640400 ) ) ;
#1416 = CARTESIAN_POINT ( 'NONE',  ( -258.7992690864762700, -70.00000000000000000, 689.9999996933069000 ) ) ;
#1417 = DIRECTION ( 'NONE',  ( -3.088707198718619700E-016, 0.0000000000000000000, -1.000000000000000000 ) ) ;
#1418 = CARTESIAN_POINT ( 'NONE',  ( -110.4287047268478800, 280.2241392128531700, -137.9225819429058800 ) ) ;
#1419 = EDGE_CURVE ( 'NONE', #7048, #5509, #3635, .T. ) ;
#1420 = VECTOR ( 'NONE', #5178, 1000.000000000000000 ) ;
#1421 = ORIENTED_EDGE ( 'NONE', *, *, #6381, .F. ) ;
#1422 = AXIS2_PLACEMENT_3D ( 'NONE', #1868, #4911, #6176 ) ;
#1423 = DIRECTION ( 'NONE',  ( -0.0000000000000000000, -1.000000000000000000, -0.0000000000000000000 ) ) ;
#1424 = ORIENTED_EDGE ( 'NONE', *, *, #2558, .F. ) ;
#1425 = DIRECTION ( 'NONE',  ( -1.000000000000000000, 0.0000000000000000000, -3.088707198718619700E-016 ) ) ;
#1426 = CARTESIAN_POINT ( 'NONE',  ( -920.2903824219745300, 73.01051709191146700, -92.56665915914901200 ) ) ;
#1427 = CARTESIAN_POINT ( 'NONE',  ( -1021.074700142277500, 20.99602887136788700, -56.80099378340558800 ) ) ;
#1428 = CARTESIAN_POINT ( 'NONE',  ( -177.9305537266333800, 314.2504778801463200, 138.7546000706301200 ) ) ;
#1429 = CARTESIAN_POINT ( 'NONE',  ( -252.4078393196713300, 274.9999999999998900, -625.8268986780087700 ) ) ;
#1430 = CARTESIAN_POINT ( 'NONE',  ( -190.7992690864780100, 275.0000000000000000, -567.4692979904546100 ) ) ;
#1431 = ADVANCED_FACE ( 'NONE', ( #2233 ), #917, .T. ) ;
#1432 = CARTESIAN_POINT ( 'NONE',  ( -668.2451320953583700, -64.04258652743047300, -690.6239169701715400 ) ) ;
#1433 = ORIENTED_EDGE ( 'NONE', *, *, #5072, .T. ) ;
#1434 = CARTESIAN_POINT ( 'NONE',  ( -258.7992690864762700, -80.00000000000001400, -711.6172347844200200 ) ) ;
#1435 = EDGE_CURVE ( 'NONE', #5575, #1965, #7021, .T. ) ;
#1436 = EDGE_CURVE ( 'NONE', #7958, #1966, #3484, .T. ) ;
#1437 = CARTESIAN_POINT ( 'NONE',  ( -766.2515476233455700, -49.25061185733253700, -56.62862714041666800 ) ) ;
#1438 = CARTESIAN_POINT ( 'NONE',  ( -769.0642468253605600, 32.25061285086996300, -479.9273741711696200 ) ) ;
#1439 = CARTESIAN_POINT ( 'NONE',  ( -148.1699033567629400, 281.0009394150529300, 240.0000000000000300 ) ) ;
#1440 = CARTESIAN_POINT ( 'NONE',  ( -22.29831651478054900, 304.9324060176871300, 239.9999999999998600 ) ) ;
#1441 = LINE ( 'NONE', #1783, #24 ) ;
#1442 = CARTESIAN_POINT ( 'NONE',  ( -668.2451320953587100, -71.66666666666665700, -689.9999996933069000 ) ) ;
#1443 = CARTESIAN_POINT ( 'NONE',  ( -668.2451320953583700, -41.07953499698818700, 809.2126921329348800 ) ) ;
#1444 = CARTESIAN_POINT ( 'NONE',  ( -293.4230525888122000, 20.00000000000000400, -659.4010620227450100 ) ) ;
#1445 = CARTESIAN_POINT ( 'NONE',  ( -984.7083298120195400, 53.35580670079777800, 85.22959943904440600 ) ) ;
#1446 = CARTESIAN_POINT ( 'NONE',  ( -14.62674840205187500, 292.5975930273639300, -137.9225819429059600 ) ) ;
#1447 = CARTESIAN_POINT ( 'NONE',  ( -1015.487234781570700, 0.3913543766001582600, 18.75987080215115600 ) ) ;
#1448 = CARTESIAN_POINT ( 'NONE',  ( -1016.699487575703400, 0.3232249944566794600, -9.421892503462457200 ) ) ;
#1449 = EDGE_LOOP ( 'NONE', ( #4468, #4195, #5478, #520, #437, #1785 ) ) ;
#1450 = AXIS2_PLACEMENT_3D ( 'NONE', #589, #1869, #6092 ) ;
#1451 = CARTESIAN_POINT ( 'NONE',  ( -765.7259812764267500, 22.94565302080535600, -57.56036539834506300 ) ) ;
#1452 = DIRECTION ( 'NONE',  ( 0.3320534516538564100, -0.9432605712340359500, 0.0000000000000000000 ) ) ;
#1453 = CARTESIAN_POINT ( 'NONE',  ( -970.4037882827223000, 2.925072896146029500, 68.60026894045701300 ) ) ;
#1454 = DIRECTION ( 'NONE',  ( -0.0000000000000000000, -1.000000000000000000, -0.0000000000000000000 ) ) ;
#1455 = CARTESIAN_POINT ( 'NONE',  ( -721.2497326902915800, -38.01434301723119100, -123.2482987937306400 ) ) ;
#1456 = CARTESIAN_POINT ( 'NONE',  ( -1005.401007753971000, 0.9582067846747347500, 42.93407611499532800 ) ) ;
#1457 = CARTESIAN_POINT ( 'NONE',  ( -339.8942627280998200, -13.54131707056213700, -830.3641144670600600 ) ) ;
#1458 = CARTESIAN_POINT ( 'NONE',  ( -939.7882595297468200, 5.899400862974584200, -56.45731412968644500 ) ) ;
#1459 = AXIS2_PLACEMENT_3D ( 'NONE', #2318, #4788, #7780 ) ;
#1460 = VECTOR ( 'NONE', #7229, 1000.000000000000000 ) ;
#1461 = CARTESIAN_POINT ( 'NONE',  ( -1069.475993796173700, -2.642848400390766200, -26.12856400220120200 ) ) ;
#1462 = ORIENTED_EDGE ( 'NONE', *, *, #3144, .T. ) ;
#1463 = CARTESIAN_POINT ( 'NONE',  ( -258.7992690864763300, -45.31545423770067800, -731.4296378530649500 ) ) ;
#1464 = CARTESIAN_POINT ( 'NONE',  ( -766.4813514325362600, 23.42789570974004900, -63.10971365174059100 ) ) ;
#1465 = CARTESIAN_POINT ( 'NONE',  ( -893.9786244174313200, -57.24620595903248700, -312.7515720249604100 ) ) ;
#1466 = CARTESIAN_POINT ( 'NONE',  ( -113.7044687931865400, 284.9783812857129400, 239.9999999999998900 ) ) ;
#1467 = EDGE_CURVE ( 'NONE', #5845, #6032, #310, .T. ) ;
#1468 = CARTESIAN_POINT ( 'NONE',  ( -28.84337657108666500, 306.3668805040822500, 239.9999999999999400 ) ) ;
#1469 = ADVANCED_FACE ( 'NONE', ( #2996 ), #2095, .T. ) ;
#1470 = CARTESIAN_POINT ( 'NONE',  ( -780.6842910643205200, 33.82853211690750300, 479.9273741711696200 ) ) ;
#1471 = CARTESIAN_POINT ( 'NONE',  ( -668.2451320953588300, -46.40839134470841300, 812.4924467478261900 ) ) ;
#1472 = CARTESIAN_POINT ( 'NONE',  ( -367.9313192756203000, 108.1367673492333400, 593.0918799415275100 ) ) ;
#1473 = CARTESIAN_POINT ( 'NONE',  ( -463.5222005909175200, -80.00000000000001400, 854.6142396099121500 ) ) ;
#1474 = CARTESIAN_POINT ( 'NONE',  ( -469.0710157804053900, 28.03962429833554300, 71.65342119842550500 ) ) ;
#1475 = CARTESIAN_POINT ( 'NONE',  ( -965.5218452665626500, -37.86112661497390500, -62.35021923255894900 ) ) ;
#1476 = CARTESIAN_POINT ( 'NONE',  ( -1094.977999482085100, -4.076077425886025700, 6.595789167692458900 ) ) ;
#1477 = CARTESIAN_POINT ( 'NONE',  ( -147.9308454090988800, 322.9970192977867800, 240.0000000000000300 ) ) ;
#1478 = VERTEX_POINT ( 'NONE', #5734 ) ;
#1479 = ORIENTED_EDGE ( 'NONE', *, *, #930, .F. ) ;
#1480 = VERTEX_POINT ( 'NONE', #2696 ) ;
#1481 = DIRECTION ( 'NONE',  ( 0.0000000000000000000, 0.0000000000000000000, 1.000000000000000000 ) ) ;
#1482 = DIRECTION ( 'NONE',  ( -0.0000000000000000000, -0.0000000000000000000, 1.000000000000000000 ) ) ;
#1483 = CARTESIAN_POINT ( 'NONE',  ( -766.4227271106299200, 22.87741936731695000, 56.48333299641491600 ) ) ;
#1484 = CARTESIAN_POINT ( 'NONE',  ( -173.5007455445487500, 19.99999999999999300, -562.9256033403211200 ) ) ;
#1485 = CARTESIAN_POINT ( 'NONE',  ( -309.2866252396609100, -23.61632146033762700, -852.0465905393523400 ) ) ;
#1486 = ORIENTED_EDGE ( 'NONE', *, *, #6403, .F. ) ;
#1487 = CARTESIAN_POINT ( 'NONE',  ( -939.9641676599566200, 5.882173843000658500, -62.39522903251435800 ) ) ;
#1488 = CARTESIAN_POINT ( 'NONE',  ( -1016.277832669959300, 0.3469222697652311600, -13.70771927895371800 ) ) ;
#1489 = CARTESIAN_POINT ( 'NONE',  ( -668.2451320953586000, -19.79265199084486300, -736.6444580838646100 ) ) ;
#1490 = ORIENTED_EDGE ( 'NONE', *, *, #5111, .F. ) ;
#1491 = EDGE_CURVE ( 'NONE', #2128, #565, #903, .T. ) ;
#1492 = DIRECTION ( 'NONE',  ( 0.0000000000000000000, 1.000000000000000000, 0.0000000000000000000 ) ) ;
#1493 = CARTESIAN_POINT ( 'NONE',  ( -940.3849347119414700, -44.47907115696418900, 59.73525065411046600 ) ) ;
#1494 = CARTESIAN_POINT ( 'NONE',  ( -138.0675042549842700, 281.8184277924197000, 240.0000000000000300 ) ) ;
#1495 = CARTESIAN_POINT ( 'NONE',  ( -111.4090991506956700, 318.7195413923113300, 239.9999999999999100 ) ) ;
#1496 = CARTESIAN_POINT ( 'NONE',  ( -668.2451320953587100, -73.33333333333330000, -689.9999996933069000 ) ) ;
#1497 = CARTESIAN_POINT ( 'NONE',  ( -345.2162486971475300, 117.3747192612501500, 650.0000000000000000 ) ) ;
#1498 = CARTESIAN_POINT ( 'NONE',  ( -731.6650749195971500, 51.45330151029120500, -120.2949804880066000 ) ) ;
#1499 = VERTEX_POINT ( 'NONE', #3404 ) ;
#1500 = CARTESIAN_POINT ( 'NONE',  ( -513.2675037780667300, 54.87322084212027600, 373.8383188011163200 ) ) ;
#1501 = CARTESIAN_POINT ( 'NONE',  ( -507.6681307504380200, 755.5131867469334600, -650.0000000000000000 ) ) ;
#1502 = CARTESIAN_POINT ( 'NONE',  ( -913.6667815685493700, 24.54540811308835700, -106.1257611868305900 ) ) ;
#1503 = CARTESIAN_POINT ( 'NONE',  ( -1017.007907741087400, 0.3058915839585551500, -2.134982145065362300 ) ) ;
#1504 = CARTESIAN_POINT ( 'NONE',  ( -150.5231941607364100, 322.9600546384194200, 240.0000000000000000 ) ) ;
#1505 = VERTEX_POINT ( 'NONE', #439 ) ;
#1506 = CARTESIAN_POINT ( 'NONE',  ( -302.6862187385969500, 275.0000000000000000, 658.7082219357995400 ) ) ;
#1507 = MANIFOLD_SOLID_BREP ( 'Boss-Extrude20', #2163 ) ;
#1508 = ORIENTED_EDGE ( 'NONE', *, *, #2968, .T. ) ;
#1509 = CARTESIAN_POINT ( 'NONE',  ( -361.6988694103687900, 88.83743286960660200, 650.0000000000000000 ) ) ;
#1510 = LINE ( 'NONE', #6692, #2751 ) ;
#1511 = CARTESIAN_POINT ( 'NONE',  ( -970.4037882827204800, 2.925072896146061000, 68.60026894045719800 ) ) ;
#1512 = CARTESIAN_POINT ( 'NONE',  ( -970.4037882827206000, 2.925072896146106300, -68.60026894045648800 ) ) ;
#1513 = CARTESIAN_POINT ( 'NONE',  ( -721.1684343117491400, -36.89914864066234700, 0.0000000000000000000 ) ) ;
#1514 = CARTESIAN_POINT ( 'NONE',  ( -311.2907485263310700, -21.66170446232245100, -848.9250681425311300 ) ) ;
#1515 = ADVANCED_FACE ( 'NONE', ( #5207 ), #1531, .F. ) ;
#1516 = CARTESIAN_POINT ( 'NONE',  ( -930.6710770104139100, 6.792264002266271900, -49.73883316457103400 ) ) ;
#1517 = AXIS2_PLACEMENT_3D ( 'NONE', #3017, #5477, #7316 ) ;
#1518 = CARTESIAN_POINT ( 'NONE',  ( -1016.467930798179900, 0.3362386334106748900, -11.99751396567898500 ) ) ;
#1519 = CARTESIAN_POINT ( 'NONE',  ( -1007.589910239763600, 0.8351890653911342400, -39.56955737032578200 ) ) ;
#1520 = B_SPLINE_CURVE_WITH_KNOTS ( 'NONE', 3,
 ( #1645, #2140, #5937, #1033, #6453, #2253, #4047 ),
 .UNSPECIFIED., .F., .F.,
 ( 4, 1, 1, 1, 4 ),
 ( 0.0000000000000000000, 0.1490010684283051300, 0.3542303876842902700, 0.5841602856976757500, 1.000000000000000000 ),
 .UNSPECIFIED. ) ;
#1521 = LINE ( 'NONE', #7650, #1057 ) ;
#1522 = EDGE_CURVE ( 'NONE', #4661, #6442, #1520, .T. ) ;
#1523 = EDGE_LOOP ( 'NONE', ( #6225, #6842, #6061, #7776 ) ) ;
#1524 = LINE ( 'NONE', #3073, #6239 ) ;
#1525 = CARTESIAN_POINT ( 'NONE',  ( -985.1434271397142800, 53.20264057271791100, -61.17308984930191700 ) ) ;
#1526 = CARTESIAN_POINT ( 'NONE',  ( -937.3200811255742300, 7.164169369840226200, 66.97472584842472500 ) ) ;
#1527 = ORIENTED_EDGE ( 'NONE', *, *, #4771, .T. ) ;
#1528 = CARTESIAN_POINT ( 'NONE',  ( -113.6492302732339400, 284.9856409245147100, 239.9999999999999400 ) ) ;
#1529 = CARTESIAN_POINT ( 'NONE',  ( -126.6605787304530800, 320.7108228234977800, 239.9999999999998000 ) ) ;
#1530 = CARTESIAN_POINT ( 'NONE',  ( -348.2451320953590000, 30.00000000000000000, 874.6142396099116900 ) ) ;
#1531 = PLANE ( 'NONE',  #3693 ) ;
#1532 = VERTEX_POINT ( 'NONE', #7059 ) ;
#1533 = DIRECTION ( 'NONE',  ( 0.0000000000000000000, 0.0000000000000000000, 1.000000000000000000 ) ) ;
#1534 = VERTEX_POINT ( 'NONE', #7085 ) ;
#1535 = CARTESIAN_POINT ( 'NONE',  ( -1016.994263890985800, 0.3066583770581271500, -3.420607116903925600 ) ) ;
#1536 = CARTESIAN_POINT ( 'NONE',  ( -1029.618435462858800, 36.31573053770597400, 12.13100930875270000 ) ) ;
#1537 = CARTESIAN_POINT ( 'NONE',  ( -156.6129906567784900, 322.3740178702282200, 239.9999999999999700 ) ) ;
#1538 = ORIENTED_EDGE ( 'NONE', *, *, #5561, .T. ) ;
#1539 = CARTESIAN_POINT ( 'NONE',  ( -1627.599260275900900, -114.9999999999999700, -1100.000000000000000 ) ) ;
#1540 = CARTESIAN_POINT ( 'NONE',  ( -994.6031951089478300, 1.565050759435576000, 54.74811187497344600 ) ) ;
#1541 = CARTESIAN_POINT ( 'NONE',  ( -418.4486822469645500, 71.87170263032058400, -650.0000000000000000 ) ) ;
#1542 = CARTESIAN_POINT ( 'NONE',  ( -597.1016027295113400, -29.19774388879194400, -36.89934711224464100 ) ) ;
#1543 = VECTOR ( 'NONE', #1569, 1000.000000000000000 ) ;
#1544 = CARTESIAN_POINT ( 'NONE',  ( -343.6037085638388400, -11.43418832955068100, -824.8215815119684700 ) ) ;
#1545 = CARTESIAN_POINT ( 'NONE',  ( -939.9644854286978000, 5.882142723299510900, 57.08266622546285200 ) ) ;
#1546 = CARTESIAN_POINT ( 'NONE',  ( -1071.265204638374800, -2.743403193754914600, -24.91626759824603700 ) ) ;
#1547 = CARTESIAN_POINT ( 'NONE',  ( -258.7992690864762200, -33.60388763643686600, -744.1861339842932900 ) ) ;
#1548 = LINE ( 'NONE', #6271, #985 ) ;
#1549 = CARTESIAN_POINT ( 'NONE',  ( -730.1905033152803500, 36.28975564181909900, 115.1593899106916900 ) ) ;
#1550 = CARTESIAN_POINT ( 'NONE',  ( -1000.683529437913800, 47.73210065560851900, -51.05256886180770700 ) ) ;
#1551 = CARTESIAN_POINT ( 'NONE',  ( -935.9950187258698400, -44.47907115696418900, 51.45886072827526900 ) ) ;
#1552 = CARTESIAN_POINT ( 'NONE',  ( -126.7741595980107000, 283.2744703922889500, 239.9999999999999400 ) ) ;
#1553 = VERTEX_POINT ( 'NONE', #6509 ) ;
#1554 = B_SPLINE_CURVE_WITH_KNOTS ( 'NONE', 3,
 ( #5295, #977, #2223, #2895, #2251, #1088 ),
 .UNSPECIFIED., .F., .F.,
 ( 4, 1, 1, 4 ),
 ( 0.0000000000000000000, 0.2221646249031024600, 0.3221646249031021600, 1.000000000000000000 ),
 .UNSPECIFIED. ) ;
#1555 = CARTESIAN_POINT ( 'NONE',  ( -113.3193969407323200, 318.9710010495179500, 239.9999999999999100 ) ) ;
#1556 = CARTESIAN_POINT ( 'NONE',  ( -1007.589910239763600, 0.8351890653911404600, 39.56955737032698300 ) ) ;
#1557 = CARTESIAN_POINT ( 'NONE',  ( -767.3778496075324300, -49.25060836388760100, 55.62471913385940100 ) ) ;
#1558 = FACE_OUTER_BOUND ( 'NONE', #6364, .T. ) ;
#1559 = EDGE_LOOP ( 'NONE', ( #7513, #6950, #4074, #3556 ) ) ;
#1560 = CARTESIAN_POINT ( 'NONE',  ( -598.2451320953588300, -36.40320157694913700, -826.5104020864942000 ) ) ;
#1561 = CARTESIAN_POINT ( 'NONE',  ( -978.2096096027601100, 55.64353348873528700, -63.86921591008110300 ) ) ;
#1562 = CARTESIAN_POINT ( 'NONE',  ( -931.0042028874405600, 7.164169369840226200, 69.72312358444455100 ) ) ;
#1563 = CARTESIAN_POINT ( 'NONE',  ( -728.7584339923088200, 26.64755037701986500, -97.35479187488546400 ) ) ;
#1564 = CARTESIAN_POINT ( 'NONE',  ( -1009.315001393105800, 0.7382378395517401600, 36.56371715840501200 ) ) ;
#1565 = CARTESIAN_POINT ( 'NONE',  ( -1091.001454038734200, -3.852593029381601300, -10.59774453076712500 ) ) ;
#1566 = CARTESIAN_POINT ( 'NONE',  ( -156.0560749796776500, 322.4531814161987300, 239.9999999999999100 ) ) ;
#1567 = EDGE_CURVE ( 'NONE', #4482, #5860, #4927, .T. ) ;
#1568 = CARTESIAN_POINT ( 'NONE',  ( -249.6470710175863400, 275.0000000000000600, 635.2734254236741000 ) ) ;
#1569 = DIRECTION ( 'NONE',  ( -0.0000000000000000000, 1.000000000000000000, -0.0000000000000000000 ) ) ;
#1570 = CARTESIAN_POINT ( 'NONE',  ( -430.7025088389766000, 75.61589682705786700, -650.0000000000000000 ) ) ;
#1571 = CARTESIAN_POINT ( 'NONE',  ( -15.44478176185831100, 301.1912452073426600, 144.1707924694238200 ) ) ;
#1572 = CARTESIAN_POINT ( 'NONE',  ( -307.8319829390404200, -18.94088944654510000, -845.1246622969082400 ) ) ;
#1573 = CARTESIAN_POINT ( 'NONE',  ( -937.7427340304840300, 6.099723091349390300, 66.44659359822927100 ) ) ;
#1574 = CARTESIAN_POINT ( 'NONE',  ( -665.3837575592587000, -71.95282609279118400, 699.9999996933070200 ) ) ;
#1575 = CARTESIAN_POINT ( 'NONE',  ( -668.2451320953588300, -74.05919575381639700, -819.8836419576802000 ) ) ;
#1576 = B_SPLINE_CURVE_WITH_KNOTS ( 'NONE', 3,
 ( #44, #3720, #3166, #4419, #652, #2565, #7466, #3799, #728, #4955, #7492, #4930, #6800, #3750, #1293, #2516, #3773, #709, #5003, #3878, #5052, #757, #4485, #3207, #4461, #3853, #2635, #6946, #159, #4507 ),
 .UNSPECIFIED., .F., .F.,
 ( 4, 2, 2, 2, 2, 2, 2, 2, 2, 2, 2, 2, 2, 2, 4 ),
 ( 0.0000000000000000000, 0.004847449131475722000, 0.007271173697213583400, 0.009694898262951444000, 0.01454234739442718200, 0.01696607196016501600, 0.01938979652590285000, 0.02423724565737852400, 0.02666097022311638200, 0.02908469478885423700, 0.03150841935459209500, 0.03393214392032995600, 0.03635586848606780400, 0.03756773076893674100, 0.03877959305180566500 ),
 .UNSPECIFIED. ) ;
#1577 = ORIENTED_EDGE ( 'NONE', *, *, #6270, .F. ) ;
#1578 = CARTESIAN_POINT ( 'NONE',  ( -731.8151122644769700, 51.43873704579421300, 120.2917647316909300 ) ) ;
#1579 = CARTESIAN_POINT ( 'NONE',  ( -991.6856281358877800, 50.89960736170317500, -57.64427143349097800 ) ) ;
#1580 = VERTEX_POINT ( 'NONE', #946 ) ;
#1581 = CARTESIAN_POINT ( 'NONE',  ( -140.0939376676122100, 281.5695136865412600, 239.9999999999999700 ) ) ;
#1582 = EDGE_CURVE ( 'NONE', #5860, #3970, #205, .T. ) ;
#1583 = CARTESIAN_POINT ( 'NONE',  ( -112.4981006089315100, 318.8629628205965200, 239.9999999999999100 ) ) ;
#1584 = ORIENTED_EDGE ( 'NONE', *, *, #2152, .F. ) ;
#1585 = CARTESIAN_POINT ( 'NONE',  ( -184.6267484020528700, 296.8509855691290200, -138.5313935814173500 ) ) ;
#1586 = CARTESIAN_POINT ( 'NONE',  ( -768.1903016504994600, 23.42730997547047500, 55.16954929566293900 ) ) ;
#1587 = CARTESIAN_POINT ( 'NONE',  ( -930.0954376987299400, 7.164169077462492700, -49.73625532188117400 ) ) ;
#1588 = CARTESIAN_POINT ( 'NONE',  ( -966.0375125829705200, -38.04515784016426500, 20.83333333333332900 ) ) ;
#1589 = EDGE_LOOP ( 'NONE', ( #6202, #2917, #7907, #412 ) ) ;
#1590 = CARTESIAN_POINT ( 'NONE',  ( -439.1556025612816300, 231.5219260081761700, 650.0000000000000000 ) ) ;
#1591 = CARTESIAN_POINT ( 'NONE',  ( -1035.213616962963400, 21.69446416872094800, -30.15032139511320300 ) ) ;
#1592 = CARTESIAN_POINT ( 'NONE',  ( -141.0338880067463400, 322.5382365917519100, 240.0000000000000300 ) ) ;
#1593 = CARTESIAN_POINT ( 'NONE',  ( -413.4222416891278700, 71.91118529648198900, 453.0067876111058400 ) ) ;
#1594 = CARTESIAN_POINT ( 'NONE',  ( -375.4209598999160600, 92.92953237961236800, 569.1364520728456000 ) ) ;
#1595 = EDGE_CURVE ( 'NONE', #7344, #163, #3398, .T. ) ;
#1596 = CARTESIAN_POINT ( 'NONE',  ( -348.2451320953587700, 30.00000000000000000, -829.6142396099121500 ) ) ;
#1597 = CARTESIAN_POINT ( 'NONE',  ( -616.9319087001720200, 22.69240075583863700, -451.2367140275673600 ) ) ;
#1598 = CARTESIAN_POINT ( 'NONE',  ( -660.2597997243057100, -38.85965434988927600, -36.90725014597639800 ) ) ;
#1599 = CARTESIAN_POINT ( 'NONE',  ( -312.1736055795598800, -16.28671286432799500, -839.8198841001192200 ) ) ;
#1600 = EDGE_CURVE ( 'NONE', #5656, #360, #5505, .T. ) ;
#1601 = CARTESIAN_POINT ( 'NONE',  ( -937.5122131429843600, 6.122298443202726800, 66.69388707235032100 ) ) ;
#1602 = CARTESIAN_POINT ( 'NONE',  ( -667.6270164313527900, -79.78180541443758500, 699.9999996933070200 ) ) ;
#1603 = DIRECTION ( 'NONE',  ( -0.0000000000000000000, -1.000000000000000000, -0.0000000000000000000 ) ) ;
#1604 = ORIENTED_EDGE ( 'NONE', *, *, #2118, .T. ) ;
#1605 = CARTESIAN_POINT ( 'NONE',  ( -729.4539269177805600, 30.52604088678468100, 108.8807043726811200 ) ) ;
#1606 = CARTESIAN_POINT ( 'NONE',  ( -1010.770888261455400, 44.18107518335121100, -40.13221785015784300 ) ) ;
#1607 = CARTESIAN_POINT ( 'NONE',  ( -731.8328558798079900, 116.1642536705869700, -120.2911899988255700 ) ) ;
#1608 = CARTESIAN_POINT ( 'NONE',  ( -21.08586916811985300, 299.3540128661514900, 239.9999999999998900 ) ) ;
#1609 = ORIENTED_EDGE ( 'NONE', *, *, #1305, .T. ) ;
#1610 = CARTESIAN_POINT ( 'NONE',  ( -132.4208685121526200, 321.4550998572816500, 240.0000000000000000 ) ) ;
#1611 = CARTESIAN_POINT ( 'NONE',  ( -351.1348627407838900, 167.0231835658232700, -650.0000000000000000 ) ) ;
#1612 = CARTESIAN_POINT ( 'NONE',  ( -769.3164490974737600, 23.42730997547047500, 64.65611228018609300 ) ) ;
#1613 = AXIS2_PLACEMENT_3D ( 'NONE', #7443, #2541, #4980 ) ;
#1614 = CARTESIAN_POINT ( 'NONE',  ( -930.2861991878324900, -44.47907115522036000, -49.73188639642518200 ) ) ;
#1615 = CARTESIAN_POINT ( 'NONE',  ( -734.6921064682887800, 124.4159463903627500, -118.6275776337975000 ) ) ;
#1616 = DIRECTION ( 'NONE',  ( 1.000000000000000000, 0.0000000000000000000, 0.0000000000000000000 ) ) ;
#1617 = CARTESIAN_POINT ( 'NONE',  ( -1038.623791459363200, 20.76436957200666500, -17.44327277259031900 ) ) ;
#1618 = VERTEX_POINT ( 'NONE', #7685 ) ;
#1619 = LINE ( 'NONE', #7720, #166 ) ;
#1620 = CARTESIAN_POINT ( 'NONE',  ( -1050.258341263132900, -1.562804040277964800, 39.21754181166038900 ) ) ;
#1621 = CARTESIAN_POINT ( 'NONE',  ( -325.8505142077189600, -15.10064113507216600, 835.5476844173526800 ) ) ;
#1622 = VERTEX_POINT ( 'NONE', #2170 ) ;
#1623 = FACE_OUTER_BOUND ( 'NONE', #1731, .T. ) ;
#1624 = CARTESIAN_POINT ( 'NONE',  ( -770.0781411151467600, 22.51943767543320600, 54.73844108899106000 ) ) ;
#1625 = CIRCLE ( 'NONE', #3793, 612.0000000000000000 ) ;
#1626 = CARTESIAN_POINT ( 'NONE',  ( -182.3047893437291700, 309.6131233029223000, 138.6087922166950600 ) ) ;
#1627 = CARTESIAN_POINT ( 'NONE',  ( -174.1189674324188300, 287.2485783283042300, 138.8816529470720400 ) ) ;
#1628 = CARTESIAN_POINT ( 'NONE',  ( -294.2244260978631600, 19.99999999999999600, -659.4730955496893300 ) ) ;
#1629 = CIRCLE ( 'NONE', #2337, 148.3286034136782000 ) ;
#1630 = CARTESIAN_POINT ( 'NONE',  ( -939.9848902015007800, 5.880144444833193900, 62.38269753182579800 ) ) ;
#1631 = B_SPLINE_CURVE_WITH_KNOTS ( 'NONE', 3,
 ( #267, #3343, #5153, #5818, #2143, #3904, #920, #324, #2061, #1502, #7595, #4617, #7005, #3932, #6949, #5124, #2113, #2729, #3313, #6424, #3375, #7621 ),
 .UNSPECIFIED., .F., .F.,
 ( 4, 2, 2, 2, 2, 2, 2, 2, 2, 2, 4 ),
 ( 1.163170574736153400E-016, 0.003536058896568520700, 0.007072117793136925200, 0.008840147241421127500, 0.01060817668970533100, 0.01149219141384758700, 0.01237620613798984400, 0.01281821350006097500, 0.01326022086213210700, 0.01370222822420324100, 0.01414423558627437300 ),
 .UNSPECIFIED. ) ;
#1632 = CARTESIAN_POINT ( 'NONE',  ( -929.9999970323415300, -44.10239079642276700, 49.73844108900586700 ) ) ;
#1633 = PLANE ( 'NONE',  #1517 ) ;
#1634 = ORIENTED_EDGE ( 'NONE', *, *, #2030, .T. ) ;
#1635 = EDGE_CURVE ( 'NONE', #1190, #1532, #6845, .T. ) ;
#1636 = CARTESIAN_POINT ( 'NONE',  ( -729.2469134514119600, 29.10992096106289000, 106.3868287553680300 ) ) ;
#1637 = CARTESIAN_POINT ( 'NONE',  ( -430.7025088389766000, 75.61589682705786700, 650.0000000000000000 ) ) ;
#1638 = ADVANCED_FACE ( 'NONE', ( #605 ), #6303, .F. ) ;
#1639 = DIRECTION ( 'NONE',  ( -0.0000000000000000000, -1.000000000000000000, -0.0000000000000000000 ) ) ;
#1640 = CARTESIAN_POINT ( 'NONE',  ( -22.84669997237481500, 298.9390584427532600, 239.9999999999999400 ) ) ;
#1641 = CARTESIAN_POINT ( 'NONE',  ( -137.7756304488644900, 322.1444002706273300, 239.9999999999999400 ) ) ;
#1642 = FACE_OUTER_BOUND ( 'NONE', #6588, .T. ) ;
#1643 = PLANE ( 'NONE',  #700 ) ;
#1644 = CARTESIAN_POINT ( 'NONE',  ( -767.3778496075324300, 23.42730997547047500, 55.62471913385940100 ) ) ;
#1645 = CARTESIAN_POINT ( 'NONE',  ( -721.1684343117491400, -36.89914864066234700, 0.0000000000000000000 ) ) ;
#1646 = CARTESIAN_POINT ( 'NONE',  ( -739.4266027890856800, 139.3637366548300100, -99.36212689905791300 ) ) ;
#1647 = DIRECTION ( 'NONE',  ( -0.0000000000000000000, -1.000000000000000000, -0.0000000000000000000 ) ) ;
#1648 = CARTESIAN_POINT ( 'NONE',  ( -1026.864989869321600, 38.51551239753651900, -42.41966465859783900 ) ) ;
#1649 = CARTESIAN_POINT ( 'NONE',  ( -1007.589910239763600, 0.8351890653911300300, 39.56955737032695500 ) ) ;
#1650 = DIRECTION ( 'NONE',  ( -0.9427946626885517200, -0.3318894391366361600, 0.03142648875628503000 ) ) ;
#1651 = LINE ( 'NONE', #2413, #6258 ) ;
#1652 = ORIENTED_EDGE ( 'NONE', *, *, #5823, .F. ) ;
#1653 = CARTESIAN_POINT ( 'NONE',  ( -5.573319583618284500E-011, 121.3538495337078600, 127.6985787093304300 ) ) ;
#1654 = CARTESIAN_POINT ( 'NONE',  ( -171.0076012817532700, 318.2903304920805600, 239.9999999999999400 ) ) ;
#1655 = CARTESIAN_POINT ( 'NONE',  ( -168.3437408600777300, 319.3871741432939800, 139.0741604994833800 ) ) ;
#1656 = CARTESIAN_POINT ( 'NONE',  ( -178.8048544031008200, 290.4599393387090300, 138.7254567147159600 ) ) ;
#1657 = CARTESIAN_POINT ( 'NONE',  ( -939.2389473896261100, -42.72338812227279400, 55.20835895578251500 ) ) ;
#1658 = CARTESIAN_POINT ( 'NONE',  ( -1008.712152117855200, 20.80367857178739000, 39.56955737032698300 ) ) ;
#1659 = VERTEX_POINT ( 'NONE', #7415 ) ;
#1660 = LINE ( 'NONE', #4416, #4447 ) ;
#1661 = CARTESIAN_POINT ( 'NONE',  ( -258.7992690864762200, -25.15808300241540300, -843.7240898088491600 ) ) ;
#1662 = B_SPLINE_CURVE_WITH_KNOTS ( 'NONE', 3,
 ( #1396, #3701, #3908, #1373, #5691, #5666, #217, #6152, #2452, #6274, #2017, #5714, #6317, #2620, #3068, #766, #4426, #5643, #6931, #3830, #1992, #735, #1348, #6882, #1969, #7500, #4449, #6298, #5215, #2120, #7600, #5769, #2150, #6979, #3940, #2674, #959, #6461, #6404, #4056, #5188, #5244, #7725, #7696, #245, #5159, #6372, #4563 ),
 .UNSPECIFIED., .F., .F.,
 ( 4, 2, 2, 2, 2, 2, 2, 2, 2, 2, 2, 2, 2, 2, 2, 2, 2, 2, 2, 2, 2, 2, 2, 4 ),
 ( 1.551583845779545700E-017, 0.006617936109172120600, 0.01323587221834422600, 0.01654484027293027700, 0.01985380832751633100, 0.02647174443668843400, 0.03308968054586054100, 0.03970761665503264700, 0.04301658470961870100, 0.04632555276420476100, 0.04963452081879081400, 0.05128900484608384800, 0.05294348887337688200, 0.05625245692796294900, 0.05956142498254900200, 0.06617936109172112300, 0.07279729720089324300, 0.07610626525547931100, 0.07941523331006537800, 0.08603316941923748500, 0.09265110552840960500, 0.09596007358299560300, 0.09926904163758158700, 0.1058869777467537900 ),
 .UNSPECIFIED. ) ;
#1663 = CARTESIAN_POINT ( 'NONE',  ( -5.573319583618285800E-011, 121.6275477109418000, -128.4466496349271300 ) ) ;
#1664 = DIRECTION ( 'NONE',  ( -0.0000000000000000000, -1.000000000000000000, -0.0000000000000000000 ) ) ;
#1665 = FACE_OUTER_BOUND ( 'NONE', #5204, .T. ) ;
#1666 = CARTESIAN_POINT ( 'NONE',  ( -69.51277192546929500, 291.0391055999701300, 239.9999999999999400 ) ) ;
#1667 = EDGE_LOOP ( 'NONE', ( #6777, #1213, #635, #626 ) ) ;
#1668 = CARTESIAN_POINT ( 'NONE',  ( -137.3420664630166600, 322.0888930020300300, 239.9999999999999700 ) ) ;
#1669 = CARTESIAN_POINT ( 'NONE',  ( -731.9583257421351200, 51.42483648877129100, -120.2886885594849800 ) ) ;
#1670 = CARTESIAN_POINT ( 'NONE',  ( -14.62674840205215400, 301.1043781108963900, -239.9999999999998900 ) ) ;
#1671 = CARTESIAN_POINT ( 'NONE',  ( -936.0115517724706300, -44.47907115522036000, -51.47160824854562100 ) ) ;
#1672 = CARTESIAN_POINT ( 'NONE',  ( -739.4566684527191000, 139.6381593679816100, -96.93121068890938800 ) ) ;
#1673 = CARTESIAN_POINT ( 'NONE',  ( -658.0707898217590400, 71.86193051735823200, 649.9999996933067900 ) ) ;
#1674 = CARTESIAN_POINT ( 'NONE',  ( -418.4486822469645500, 71.87170263032058400, 649.9999996933069000 ) ) ;
#1675 = CARTESIAN_POINT ( 'NONE',  ( -1037.646325068038800, 34.72018831021925700, -4.014916160718863500 ) ) ;
#1676 = CARTESIAN_POINT ( 'NONE',  ( -1030.391570052638800, 35.11281507583967000, 18.16011188208266000 ) ) ;
#1677 = CARTESIAN_POINT ( 'NONE',  ( -313.1243745448825800, -20.23629672650934800, 846.4693013613793900 ) ) ;
#1678 = AXIS2_PLACEMENT_3D ( 'NONE', #5394, #4880, #564 ) ;
#1679 = ADVANCED_FACE ( 'NONE', ( #121 ), #7956, .T. ) ;
#1680 = CARTESIAN_POINT ( 'NONE',  ( -5.573319583618287100E-011, 139.6968458551434700, 144.0493452577863100 ) ) ;
#1681 = CARTESIAN_POINT ( 'NONE',  ( -180.6446893338817000, 311.7375657185760400, 239.9999999999999700 ) ) ;
#1682 = CARTESIAN_POINT ( 'NONE',  ( -180.9906337076541500, 311.3549651580600500, 138.6525974045642600 ) ) ;
#1683 = CARTESIAN_POINT ( 'NONE',  ( -182.2875675152586200, 294.3480503545145000, 138.6093662776440600 ) ) ;
#1684 = CARTESIAN_POINT ( 'NONE',  ( -935.1211895135867300, -43.35018747279427500, 50.94091099482618300 ) ) ;
#1685 = ORIENTED_EDGE ( 'NONE', *, *, #3083, .F. ) ;
#1686 = VERTEX_POINT ( 'NONE', #4390 ) ;
#1687 = B_SPLINE_CURVE_WITH_KNOTS ( 'NONE', 3,
 ( #2305, #4718, #3571, #5989, #1086, #6610 ),
 .UNSPECIFIED., .F., .F.,
 ( 4, 2, 4 ),
 ( 0.0000000000000000000, 0.004607710878968419900, 0.008819285358822403700 ),
 .UNSPECIFIED. ) ;
#1688 = CARTESIAN_POINT ( 'NONE',  ( -729.0542768836838800, 26.53698324128359700, 95.29295773869355900 ) ) ;
#1689 = CARTESIAN_POINT ( 'NONE',  ( -668.2451320953587100, -35.94017779089318800, -805.2402848244497600 ) ) ;
#1690 = EDGE_LOOP ( 'NONE', ( #2024, #1157, #6923, #3272, #2375, #436 ) ) ;
#1691 = VECTOR ( 'NONE', #1423, 1000.000000000000000 ) ;
#1692 = CARTESIAN_POINT ( 'NONE',  ( -5.573319583618287100E-011, 138.8521786950651300, -143.8406521959325300 ) ) ;
#1693 = CARTESIAN_POINT ( 'NONE',  ( -721.1684343117491400, -36.89914864066234700, -0.0000000000000000000 ) ) ;
#1694 = CARTESIAN_POINT ( 'NONE',  ( -711.8839373918331100, -18.56752510712951200, 269.8630729374096400 ) ) ;
#1695 = CARTESIAN_POINT ( 'NONE',  ( -14.62674840205215400, 301.1043781108963900, -239.9999999999998900 ) ) ;
#1696 = VERTEX_POINT ( 'NONE', #6730 ) ;
#1697 = CARTESIAN_POINT ( 'NONE',  ( -1026.365796302854100, -0.2200277366291053200, -54.40938112775280900 ) ) ;
#1698 = CARTESIAN_POINT ( 'NONE',  ( -940.3997929221887900, 6.041006548282504200, -85.87884104881492000 ) ) ;
#1699 = CARTESIAN_POINT ( 'NONE',  ( -933.9434271286185100, -44.47907115522036000, -50.39632342440564400 ) ) ;
#1700 = CARTESIAN_POINT ( 'NONE',  ( -739.4465614466836300, 139.4831827924559500, -98.55513196169515300 ) ) ;
#1701 = CARTESIAN_POINT ( 'NONE',  ( -117.3470060928979600, 319.5018434192863300, 140.7740516583893400 ) ) ;
#1702 = CARTESIAN_POINT ( 'NONE',  ( -463.2894247885670300, -22.41682687341710400, -829.6142396099121500 ) ) ;
#1703 = CARTESIAN_POINT ( 'NONE',  ( -1066.035587268765100, -2.449495353741014900, 28.46208636747195100 ) ) ;
#1704 = ORIENTED_EDGE ( 'NONE', *, *, #4901, .T. ) ;
#1705 = CARTESIAN_POINT ( 'NONE',  ( -5.573319583618285800E-011, 134.2133225618005400, 142.1608026483228000 ) ) ;
#1706 = CARTESIAN_POINT ( 'NONE',  ( -170.6568579369241500, 318.4453955317842400, 239.9999999999999400 ) ) ;
#1707 = EDGE_CURVE ( 'NONE', #5128, #3453, #941, .T. ) ;
#1708 = CARTESIAN_POINT ( 'NONE',  ( -476.1218229458132200, 22.48589293588768000, 0.0000000000000000000 ) ) ;
#1709 = CARTESIAN_POINT ( 'NONE',  ( -183.2427149427069300, 296.0063388552101200, 138.5775280300624100 ) ) ;
#1710 = CARTESIAN_POINT ( 'NONE',  ( -968.9503913222583800, 3.043497464585239500, -70.38220901999631000 ) ) ;
#1711 = DIRECTION ( 'NONE',  ( 0.0000000000000000000, 0.0000000000000000000, 1.000000000000000000 ) ) ;
#1712 = CARTESIAN_POINT ( 'NONE',  ( -497.9837345322558800, 56.56828094207275400, -576.1409615043546600 ) ) ;
#1713 = ORIENTED_EDGE ( 'NONE', *, *, #1165, .T. ) ;
#1714 = CARTESIAN_POINT ( 'NONE',  ( -920.3039245909897100, 72.19268143819161300, 93.89606444129735500 ) ) ;
#1715 = EDGE_LOOP ( 'NONE', ( #6980, #3129, #3717, #6890 ) ) ;
#1716 = CYLINDRICAL_SURFACE ( 'NONE', #7297, 49.99999999999993600 ) ;
#1717 = CARTESIAN_POINT ( 'NONE',  ( -5.573319583618286500E-011, 126.3466639456766500, -136.1746032277062900 ) ) ;
#1718 = CARTESIAN_POINT ( 'NONE',  ( -711.8839373918331100, -18.56752510712951200, 269.8630729374096400 ) ) ;
#1719 = CARTESIAN_POINT ( 'NONE',  ( -258.7992690864762700, -44.71236255487527700, 881.8664742374645600 ) ) ;
#1720 = ADVANCED_FACE ( 'NONE', ( #4725 ), #6162, .T. ) ;
#1721 = CARTESIAN_POINT ( 'NONE',  ( -770.0781440828610600, -48.81333152918462300, -54.73844108900409100 ) ) ;
#1722 = CARTESIAN_POINT ( 'NONE',  ( -16.73615663488694200, 300.6365037570094500, 239.9999999999999400 ) ) ;
#1723 = FACE_OUTER_BOUND ( 'NONE', #671, .T. ) ;
#1724 = ORIENTED_EDGE ( 'NONE', *, *, #2821, .T. ) ;
#1725 = VECTOR ( 'NONE', #1229, 1000.000000000000000 ) ;
#1726 = CARTESIAN_POINT ( 'NONE',  ( -668.2451321846940600, 73.24353376288716800, -650.0000000000000000 ) ) ;
#1727 = CARTESIAN_POINT ( 'NONE',  ( 372.4007397240991400, -215.0000000000000600, -1100.000000000000000 ) ) ;
#1728 = EDGE_CURVE ( 'NONE', #4249, #4572, #3477, .T. ) ;
#1729 = CARTESIAN_POINT ( 'NONE',  ( -183.7185104476753600, 297.1073924630163700, 239.9999999999998900 ) ) ;
#1730 = CARTESIAN_POINT ( 'NONE',  ( -41.08509331251928400, 308.5611564027127500, 143.3161154177351800 ) ) ;
#1731 = EDGE_LOOP ( 'NONE', ( #6528, #5723, #7184, #5741 ) ) ;
#1732 = CARTESIAN_POINT ( 'NONE',  ( -876.6827469256780900, 30.41360020472272300, 112.4121479673280400 ) ) ;
#1733 = CARTESIAN_POINT ( 'NONE',  ( -307.3198305091614800, -26.26327287633317900, 855.8515029987758000 ) ) ;
#1734 = CARTESIAN_POINT ( 'NONE',  ( -919.6985022082793600, 76.24103937728185100, -81.06458894969902900 ) ) ;
#1735 = ORIENTED_EDGE ( 'NONE', *, *, #3487, .F. ) ;
#1736 = CARTESIAN_POINT ( 'NONE',  ( -864.1920766689017900, 95.78081529010870600, -114.2952259661382500 ) ) ;
#1737 = CARTESIAN_POINT ( 'NONE',  ( -164.9167943591409900, 320.5264859082512900, 239.9999999999998900 ) ) ;
#1738 = CARTESIAN_POINT ( 'NONE',  ( -767.6418924300758100, -48.61147614149101800, -64.02579573610897500 ) ) ;
#1739 = CARTESIAN_POINT ( 'NONE',  ( -965.8891114852145800, 3.343294459957147700, -72.82983621696747900 ) ) ;
#1740 = PLANE ( 'NONE',  #6475 ) ;
#1741 = EDGE_LOOP ( 'NONE', ( #7535, #2412, #373, #3163, #5170, #6307 ) ) ;
#1742 = CARTESIAN_POINT ( 'NONE',  ( -958.2196747767413900, 4.094377080229970800, 77.26156259636846400 ) ) ;
#1743 = CARTESIAN_POINT ( 'NONE',  ( -530.2061565769819300, -7.705684670995872800, 0.0000000000000000000 ) ) ;
#1744 = AXIS2_PLACEMENT_3D ( 'NONE', #1530, #3368, #319 ) ;
#1745 = EDGE_CURVE ( 'NONE', #7571, #5231, #4522, .T. ) ;
#1746 = VECTOR ( 'NONE', #392, 1000.000000000000000 ) ;
#1747 = CARTESIAN_POINT ( 'NONE',  ( -5.573319583618285200E-011, 119.9869196084536600, -121.2111350633758100 ) ) ;
#1748 = CARTESIAN_POINT ( 'NONE',  ( -903.1420864286192200, 22.63471032366720700, 108.1743023418761000 ) ) ;
#1749 = SURFACE_STYLE_USAGE ( .BOTH. , #6017 ) ;
#1750 = CARTESIAN_POINT ( 'NONE',  ( -308.7992690864780300, 274.9999999999999400, 649.9999996933069000 ) ) ;
#1751 = CARTESIAN_POINT ( 'NONE',  ( -856.7146155524850400, 37.85182424765009300, -114.7495226953717700 ) ) ;
#1752 = CARTESIAN_POINT ( 'NONE',  ( -915.6298795441993000, 25.43167670781177500, 105.7203344988070800 ) ) ;
#1753 = LINE ( 'NONE', #5872, #5874 ) ;
#1754 = CARTESIAN_POINT ( 'NONE',  ( -178.9990172815606700, 290.6521700425211100, 239.9999999999999700 ) ) ;
#1755 = DIRECTION ( 'NONE',  ( -1.000000000000000000, 0.0000000000000000000, 0.0000000000000000000 ) ) ;
#1756 = CARTESIAN_POINT ( 'NONE',  ( -1030.024134182002200, 23.10906259357039300, 42.24600841078108000 ) ) ;
#1757 = ORIENTED_EDGE ( 'NONE', *, *, #2263, .F. ) ;
#1758 = CARTESIAN_POINT ( 'NONE',  ( -190.7992690864780300, 275.0000000000000000, 567.4692976837611700 ) ) ;
#1759 = CARTESIAN_POINT ( 'NONE',  ( -731.8151122644769700, 51.43873704579421300, 120.2917647316909300 ) ) ;
#1760 = EDGE_CURVE ( 'NONE', #3469, #2047, #3182, .T. ) ;
#1761 = EDGE_CURVE ( 'NONE', #379, #6296, #6929, .T. ) ;
#1762 = CIRCLE ( 'NONE', #3296, 38.00000000000003600 ) ;
#1763 = ADVANCED_FACE ( 'NONE', ( #786 ), #5024, .F. ) ;
#1764 = ORIENTED_EDGE ( 'NONE', *, *, #3980, .T. ) ;
#1765 = CARTESIAN_POINT ( 'NONE',  ( -587.9023616705304700, -32.27162947608811500, -824.6142396099122600 ) ) ;
#1766 = CARTESIAN_POINT ( 'NONE',  ( -800.9008742536769900, -73.04092033456127800, 62.35015373822300700 ) ) ;
#1767 = CARTESIAN_POINT ( 'NONE',  ( -487.8934483690582100, 14.25901609283089800, -71.06989107225562900 ) ) ;
#1768 = CARTESIAN_POINT ( 'NONE',  ( -769.4394224004770400, -48.76617710267609600, -64.67901226151425900 ) ) ;
#1769 = CARTESIAN_POINT ( 'NONE',  ( -938.1652815967243000, -42.88743503609292400, 53.50403666305379600 ) ) ;
#1770 = CARTESIAN_POINT ( 'NONE',  ( -823.4772595859218400, -51.29052545404716300, -66.40797885158203000 ) ) ;
#1771 = PLANE ( 'NONE',  #4489 ) ;
#1772 = CARTESIAN_POINT ( 'NONE',  ( -919.6682262976255500, 66.18766492410267700, 100.4149044162483300 ) ) ;
#1773 =( BOUNDED_CURVE ( )  B_SPLINE_CURVE ( 3, ( #4906, #3610, #3694, #607 ),
 .UNSPECIFIED., .F., .F. ) 
 B_SPLINE_CURVE_WITH_KNOTS ( ( 4, 4 ),
 ( 4.808757292295267000, 4.918811884491094400 ),
 .UNSPECIFIED. ) 
 CURVE ( )  GEOMETRIC_REPRESENTATION_ITEM ( )  RATIONAL_B_SPLINE_CURVE ( ( 1.000000000000000000, 0.9989909202246810600, 0.9989909202246810600, 1.000000000000000000 ) ) 
 REPRESENTATION_ITEM ( '' )  );
#1774 = CARTESIAN_POINT ( 'NONE',  ( -918.9483379989669600, 76.50511764219166400, 81.22163257603277500 ) ) ;
#1775 =( LENGTH_UNIT ( ) NAMED_UNIT ( * ) SI_UNIT ( .MILLI., .METRE. ) );
#1776 = CARTESIAN_POINT ( 'NONE',  ( -14.62674840205280100, 296.9119654004961100, -144.1980602480840000 ) ) ;
#1777 = CARTESIAN_POINT ( 'NONE',  ( -855.3638864233428200, 39.44847174006471800, -114.8816014359633800 ) ) ;
#1778 = ORIENTED_EDGE ( 'NONE', *, *, #2557, .T. ) ;
#1779 = CARTESIAN_POINT ( 'NONE',  ( -453.4158454910860300, 42.20061651864961800, -209.4169311968550700 ) ) ;
#1780 = CARTESIAN_POINT ( 'NONE',  ( -168.2262617504665600, 284.5769241928422300, 239.9999999999999100 ) ) ;
#1781 = ORIENTED_EDGE ( 'NONE', *, *, #4071, .T. ) ;
#1782 = CARTESIAN_POINT ( 'NONE',  ( -916.2477624510814800, 14.89347150210620900, 102.0206597847057400 ) ) ;
#1783 = CARTESIAN_POINT ( 'NONE',  ( -668.2451320953587100, 274.9999999999999400, 659.9999996933069000 ) ) ;
#1784 = B_SPLINE_CURVE_WITH_KNOTS ( 'NONE', 3,
 ( #1962, #3259, #5735, #6853, #214, #7567 ),
 .UNSPECIFIED., .F., .F.,
 ( 4, 1, 1, 4 ),
 ( 0.0000000000000000000, 0.08409707550759747100, 0.1681940720496415700, 1.000000000000000000 ),
 .UNSPECIFIED. ) ;
#1785 = ORIENTED_EDGE ( 'NONE', *, *, #4479, .T. ) ;
#1786 = LINE ( 'NONE', #3030, #7936 ) ;
#1787 = CARTESIAN_POINT ( 'NONE',  ( -668.2451320953587100, -53.61345991623466000, 703.6814995262262800 ) ) ;
#1788 = VERTEX_POINT ( 'NONE', #1936 ) ;
#1789 = CARTESIAN_POINT ( 'NONE',  ( -516.1611622597005200, 10.16888668989803100, -210.4185866888561500 ) ) ;
#1790 = CARTESIAN_POINT ( 'NONE',  ( -183.5502250370033700, 307.3041133690410300, 239.9999999999999700 ) ) ;
#1791 = CARTESIAN_POINT ( 'NONE',  ( 372.4007397240991400, -115.0000000000000400, 1100.000000000000000 ) ) ;
#1792 = CARTESIAN_POINT ( 'NONE',  ( -766.2228024940204700, -48.48489451283078500, -62.74106886667761500 ) ) ;
#1793 = CARTESIAN_POINT ( 'NONE',  ( -184.1128010863145100, 293.1021057217007000, -138.5485251586086700 ) ) ;
#1794 = EDGE_CURVE ( 'NONE', #1903, #3137, #5311, .T. ) ;
#1795 = CARTESIAN_POINT ( 'NONE',  ( -5.573319583618285800E-011, 119.9869196084536500, -119.5411502224856400 ) ) ;
#1796 = DIRECTION ( 'NONE',  ( -0.0000000000000000000, -1.000000000000000000, -0.0000000000000000000 ) ) ;
#1797 = DIRECTION ( 'NONE',  ( 0.9856986160714360500, 3.340934045778599100E-017, -0.1685177684247443900 ) ) ;
#1798 = AXIS2_PLACEMENT_3D ( 'NONE', #5709, #186, #1392 ) ;
#1799 = CARTESIAN_POINT ( 'NONE',  ( -14.62674840205196200, 306.2533925417656600, 137.9225819429060500 ) ) ;
#1800 = CARTESIAN_POINT ( 'NONE',  ( -258.7992690864762700, -35.47344576253298200, 873.7630992235526700 ) ) ;
#1801 = ADVANCED_FACE ( 'NONE', ( #2897 ), #2418, .T. ) ;
#1802 = CARTESIAN_POINT ( 'NONE',  ( -193.7992690864780600, 275.0000000000000000, -563.0083379936580700 ) ) ;
#1803 = CARTESIAN_POINT ( 'NONE',  ( -1004.167345983600700, 1.027539364971651300, 44.51969783023805900 ) ) ;
#1804 = EDGE_LOOP ( 'NONE', ( #2442, #2728, #5952, #7472 ) ) ;
#1805 = CARTESIAN_POINT ( 'NONE',  ( 4.373401631698431700, 146.1291709910508400, 144.8313985825423300 ) ) ;
#1806 = CARTESIAN_POINT ( 'NONE',  ( -307.8319829390404200, -18.94088944654510000, 845.1246622969082400 ) ) ;
#1807 = CARTESIAN_POINT ( 'NONE',  ( -173.8772880602521700, 287.1290433353714800, 239.9999999999999400 ) ) ;
#1808 = CARTESIAN_POINT ( 'NONE',  ( -861.5219607827600600, 35.55667544100819600, 114.2532230420766400 ) ) ;
#1809 = ORIENTED_EDGE ( 'NONE', *, *, #6381, .T. ) ;
#1810 =( BOUNDED_CURVE ( )  B_SPLINE_CURVE ( 3, ( #7300, #3621, #4803, #5420 ),
 .UNSPECIFIED., .F., .F. ) 
 B_SPLINE_CURVE_WITH_KNOTS ( ( 4, 4 ),
 ( 4.952006242365421000, 5.041869326281681800 ),
 .UNSPECIFIED. ) 
 CURVE ( )  GEOMETRIC_REPRESENTATION_ITEM ( )  RATIONAL_B_SPLINE_CURVE ( ( 1.000000000000000000, 0.9993271653861621800, 0.9993271653861621800, 1.000000000000000000 ) ) 
 REPRESENTATION_ITEM ( '' )  );
#1811 = CARTESIAN_POINT ( 'NONE',  ( -1002.015125049206900, 1.148495557612440300, -47.28594084122796200 ) ) ;
#1812 = CARTESIAN_POINT ( 'NONE',  ( -258.7992690864763300, -76.46171649414299100, 712.7271100707131400 ) ) ;
#1813 = CARTESIAN_POINT ( 'NONE',  ( -396.7006316504052300, 94.88199682567854200, -509.9181256018205800 ) ) ;
#1814 = ORIENTED_EDGE ( 'NONE', *, *, #2999, .F. ) ;
#1815 = CARTESIAN_POINT ( 'NONE',  ( -971.0375125829706300, -46.70541187800889600, 20.83333333333332900 ) ) ;
#1816 = CARTESIAN_POINT ( 'NONE',  ( -463.2905875911834500, 16.42390844174383300, -209.7508163608554200 ) ) ;
#1817 = CARTESIAN_POINT ( 'NONE',  ( -765.3914052748702900, -48.40671559351069000, -58.46222424773767300 ) ) ;
#1818 = CARTESIAN_POINT ( 'NONE',  ( -152.6280547399480800, 275.9858796927489900, -139.5980167034876200 ) ) ;
#1819 = ORIENTED_EDGE ( 'NONE', *, *, #5672, .F. ) ;
#1820 = VECTOR ( 'NONE', #5771, 1000.000000000000000 ) ;
#1821 = CARTESIAN_POINT ( 'NONE',  ( -525.8142409744307300, -29.33830627411120100, 829.6142396099121500 ) ) ;
#1822 = CARTESIAN_POINT ( 'NONE',  ( -711.8839373918325500, -18.56752510712973600, -269.8630729374096400 ) ) ;
#1823 = CARTESIAN_POINT ( 'NONE',  ( -916.2188226148689400, 53.05136739624617800, 105.5957882377810400 ) ) ;
#1824 = LINE ( 'NONE', #235, #6536 ) ;
#1825 = LINE ( 'NONE', #298, #3547 ) ;
#1826 = CARTESIAN_POINT ( 'NONE',  ( 372.4007397240991400, -115.0000000000000400, -1100.000000000000000 ) ) ;
#1827 = CARTESIAN_POINT ( 'NONE',  ( -1012.809502501466100, 43.46342736086183600, -37.02459158161067900 ) ) ;
#1828 = CARTESIAN_POINT ( 'NONE',  ( -258.7992690864763300, -15.75601592673044100, 846.3552684926700100 ) ) ;
#1829 = CARTESIAN_POINT ( 'NONE',  ( -453.4158454910860300, 42.20061651864961800, -209.4169311968550700 ) ) ;
#1830 = CARTESIAN_POINT ( 'NONE',  ( -874.6490849887925400, 31.05004079847465800, -112.6839159416800700 ) ) ;
#1831 = ORIENTED_EDGE ( 'NONE', *, *, #5341, .T. ) ;
#1832 = CARTESIAN_POINT ( 'NONE',  ( 8.325832407973168300, 121.3107911733933300, 144.9631462750848200 ) ) ;
#1833 = CARTESIAN_POINT ( 'NONE',  ( -728.6948296965529200, 26.57218991195626500, -95.30066013804095300 ) ) ;
#1834 = EDGE_CURVE ( 'NONE', #4077, #3970, #7716, .T. ) ;
#1835 = CARTESIAN_POINT ( 'NONE',  ( -182.4525928663826400, 294.6154061889054100, 239.9999999999999700 ) ) ;
#1836 = CIRCLE ( 'NONE', #223, 112.5000000000000400 ) ;
#1837 = CARTESIAN_POINT ( 'NONE',  ( -1014.776880411038400, 0.4312767465720163100, -64.24384312892424000 ) ) ;
#1838 = CARTESIAN_POINT ( 'NONE',  ( -948.7841062061123700, 5.018420375086568800, -81.73844108900408400 ) ) ;
#1839 = CARTESIAN_POINT ( 'NONE',  ( -348.2451320953587700, -13.69752918442446800, 829.6142396099120300 ) ) ;
#1840 = CARTESIAN_POINT ( 'NONE',  ( -183.7446665813317000, 306.8427941990329400, 239.9999999999999400 ) ) ;
#1841 = CARTESIAN_POINT ( 'NONE',  ( -930.3347340925689700, -44.12525089787533300, -69.74307254680483900 ) ) ;
#1842 = CARTESIAN_POINT ( 'NONE',  ( -767.6435069227773100, -48.60586013564127900, -55.45043818544106500 ) ) ;
#1843 = FACE_OUTER_BOUND ( 'NONE', #7425, .T. ) ;
#1844 = CARTESIAN_POINT ( 'NONE',  ( -780.0819614270687900, 125.3898702392789800, 94.44150617806715800 ) ) ;
#1845 = EDGE_LOOP ( 'NONE', ( #5423, #7626, #5208, #2280, #6688, #3551 ) ) ;
#1846 = EDGE_CURVE ( 'NONE', #676, #2092, #1036, .T. ) ;
#1847 = CARTESIAN_POINT ( 'NONE',  ( 372.4007397240991400, -215.0000000000000600, -1100.000000000000000 ) ) ;
#1848 = ORIENTED_EDGE ( 'NONE', *, *, #512, .F. ) ;
#1849 = CARTESIAN_POINT ( 'NONE',  ( -918.9483379989701500, 76.50511764219056900, -81.22163257603104100 ) ) ;
#1850 = CARTESIAN_POINT ( 'NONE',  ( -668.2451320953586000, -23.39726399455630100, 712.6624846398197000 ) ) ;
#1851 = VECTOR ( 'NONE', #726, 1000.000000000000100 ) ;
#1852 = CARTESIAN_POINT ( 'NONE',  ( -362.5943677262777100, 119.5843527012690400, -509.5258950483661200 ) ) ;
#1853 = CARTESIAN_POINT ( 'NONE',  ( -861.3710645701187300, 92.93235035606673500, -102.9125482522740400 ) ) ;
#1854 = CARTESIAN_POINT ( 'NONE',  ( -905.1221017451927100, 21.51799301364455600, -107.5006255679073300 ) ) ;
#1855 = CARTESIAN_POINT ( 'NONE',  ( -152.8018814907707400, 281.1782346056284600, 239.9999999999999100 ) ) ;
#1856 = VECTOR ( 'NONE', #5708, 1000.000000000000000 ) ;
#1857 = CARTESIAN_POINT ( 'NONE',  ( -263.1147422453014400, 274.9999999999999400, 632.2915895939886500 ) ) ;
#1858 = ADVANCED_FACE ( 'NONE', ( #1266 ), #6262, .F. ) ;
#1859 = EDGE_CURVE ( 'NONE', #2775, #4313, #1762, .T. ) ;
#1860 = EDGE_CURVE ( 'NONE', #7324, #1358, #1660, .T. ) ;
#1861 = CARTESIAN_POINT ( 'NONE',  ( -931.5811884387760500, 7.164169077462492700, -69.66522907176320700 ) ) ;
#1862 = CARTESIAN_POINT ( 'NONE',  ( -598.2451320953588300, -33.88587052848078000, -824.6142396099121500 ) ) ;
#1863 =( BOUNDED_CURVE ( )  B_SPLINE_CURVE ( 3, ( #5548, #7475, #6154, #4940 ),
 .UNSPECIFIED., .F., .F. ) 
 B_SPLINE_CURVE_WITH_KNOTS ( ( 4, 4 ),
 ( 1.241315980897905300, 1.331179064814165900 ),
 .UNSPECIFIED. ) 
 CURVE ( )  GEOMETRIC_REPRESENTATION_ITEM ( )  RATIONAL_B_SPLINE_CURVE ( ( 1.000000000000000000, 0.9993271653861621800, 0.9993271653861621800, 1.000000000000000000 ) ) 
 REPRESENTATION_ITEM ( '' )  );
#1864 = CARTESIAN_POINT ( 'NONE',  ( -303.2451320953590500, 30.00000000000000000, 874.6142396099120300 ) ) ;
#1865 = CARTESIAN_POINT ( 'NONE',  ( -931.3300476938574100, -43.98221331167094000, -69.69610150787799800 ) ) ;
#1866 = CARTESIAN_POINT ( 'NONE',  ( -861.6006096364384300, 94.07492934256444500, 100.7943961603502300 ) ) ;
#1867 = CARTESIAN_POINT ( 'NONE',  ( -158.1885712959345700, 276.7085917886793700, -139.4126661516213200 ) ) ;
#1868 = CARTESIAN_POINT ( 'NONE',  ( 0.0000000000000000000, 0.0000000000000000000, 0.0000000000000000000 ) ) ;
#1869 = DIRECTION ( 'NONE',  ( -3.469446951953614200E-017, -1.000000000000000000, 0.0000000000000000000 ) ) ;
#1870 = CARTESIAN_POINT ( 'NONE',  ( -772.6855486303040800, 101.8083559545274400, 119.4279622271004400 ) ) ;
#1871 = ORIENTED_EDGE ( 'NONE', *, *, #5672, .T. ) ;
#1872 = ORIENTED_EDGE ( 'NONE', *, *, #4084, .F. ) ;
#1873 = CARTESIAN_POINT ( 'NONE',  ( -110.4287047268466000, 318.6268463562761300, 137.9225819429060500 ) ) ;
#1874 = DIRECTION ( 'NONE',  ( -0.0000000000000000000, 1.000000000000000000, -0.0000000000000000000 ) ) ;
#1875 = CARTESIAN_POINT ( 'NONE',  ( -668.2451320953588300, -17.39823573710972200, 799.3800500434892900 ) ) ;
#1876 = CARTESIAN_POINT ( 'NONE',  ( -328.4293899634121800, 113.8973949287239700, -650.0000000000000000 ) ) ;
#1877 = CARTESIAN_POINT ( 'NONE',  ( -258.7992690864763300, -9.044240251481026500, -772.1387226760612100 ) ) ;
#1878 = VERTEX_POINT ( 'NONE', #2664 ) ;
#1879 = CARTESIAN_POINT ( 'NONE',  ( -860.8395096330859800, 90.66934099811190600, -106.1653280343624700 ) ) ;
#1880 = CARTESIAN_POINT ( 'NONE',  ( -298.3986718076628200, -38.10876588735216300, 869.9188870427758500 ) ) ;
#1881 = ORIENTED_EDGE ( 'NONE', *, *, #2827, .F. ) ;
#1882 = CARTESIAN_POINT ( 'NONE',  ( -162.5756544436838700, 282.8283746857038600, 239.9999999999999400 ) ) ;
#1883 = VERTEX_POINT ( 'NONE', #5233 ) ;
#1884 = B_SPLINE_CURVE_WITH_KNOTS ( 'NONE', 2,
 ( #4555, #264, #1497 ),
 .UNSPECIFIED., .F., .F.,
 ( 3, 3 ),
 ( 0.0000000000000000000, 1.000000000000000000 ),
 .UNSPECIFIED. ) ;
#1885 = CARTESIAN_POINT ( 'NONE',  ( -801.8725419067953900, -55.20046801887628600, 62.35015373822300700 ) ) ;
#1886 = CARTESIAN_POINT ( 'NONE',  ( -939.5938345870454200, -44.47907115522036000, -63.64887813516351400 ) ) ;
#1887 = CARTESIAN_POINT ( 'NONE',  ( -668.2451320953587100, -24.12689597281492500, 791.3937477786637400 ) ) ;
#1888 = CARTESIAN_POINT ( 'NONE',  ( -974.7195593237231600, -41.14360454799239600, -312.7510206763798200 ) ) ;
#1889 = CARTESIAN_POINT ( 'NONE',  ( -668.2451320953587100, -70.38541811388005000, -699.9999996933069000 ) ) ;
#1890 = ORIENTED_EDGE ( 'NONE', *, *, #3955, .F. ) ;
#1891 = DIRECTION ( 'NONE',  ( 1.000000000000000000, -0.0000000000000000000, -0.0000000000000000000 ) ) ;
#1892 = CARTESIAN_POINT ( 'NONE',  ( -184.2359017023299500, 293.5607016742951600, -138.5444218047416000 ) ) ;
#1893 = EDGE_CURVE ( 'NONE', #4269, #4363, #592, .T. ) ;
#1894 = CARTESIAN_POINT ( 'NONE',  ( -971.0375125829706300, -46.70541187800889600, 20.83333333333332900 ) ) ;
#1895 = PRESENTATION_LAYER_ASSIGNMENT (  '', '', ( #236 ) ) ;
#1896 = ADVANCED_FACE ( 'NONE', ( #7598 ), #993, .T. ) ;
#1897 = CARTESIAN_POINT ( 'NONE',  ( -144.6562651326862000, 322.8664308143299900, 139.8637430237297400 ) ) ;
#1898 = CARTESIAN_POINT ( 'NONE',  ( -389.0893363650948200, 87.82722587951471400, 374.0892309721621700 ) ) ;
#1899 = CARTESIAN_POINT ( 'NONE',  ( -668.2451320953583700, -5.192880041697211600, 757.0993619521377700 ) ) ;
#1900 = CARTESIAN_POINT ( 'NONE',  ( -17.86936407559922200, 298.6017017266635800, -144.0899730589659100 ) ) ;
#1901 = CARTESIAN_POINT ( 'NONE',  ( -258.7992690864762700, -7.527022125213004100, -823.1633366934611300 ) ) ;
#1902 = EDGE_LOOP ( 'NONE', ( #7655, #5379, #6131, #2616 ) ) ;
#1903 = VERTEX_POINT ( 'NONE', #3278 ) ;
#1904 = FACE_OUTER_BOUND ( 'NONE', #5146, .T. ) ;
#1905 = CARTESIAN_POINT ( 'NONE',  ( -346.3810744218190500, -11.50151461773032400, 824.6403632195471100 ) ) ;
#1906 = CARTESIAN_POINT ( 'NONE',  ( -148.3582214366009300, 280.9999862769053000, 239.9999999999999400 ) ) ;
#1907 =( BOUNDED_SURFACE ( )  B_SPLINE_SURFACE ( 3, 2, ( 
 ( #2882, #961, #7784 ),
 ( #394, #4058, #988 ),
 ( #365, #2237, #2822 ),
 ( #6575, #4114, #1042 ) ),
 .UNSPECIFIED., .F., .F., .F. ) 
 B_SPLINE_SURFACE_WITH_KNOTS ( ( 4, 4 ),
 ( 3, 3 ),
 ( 1.668085743631926700, 1.728896870429625300 ),
 ( 0.0000000000000000000, 1.000000000000000000 ),
 .UNSPECIFIED. ) 
 GEOMETRIC_REPRESENTATION_ITEM ( )  RATIONAL_B_SPLINE_SURFACE ( (
 ( 1.000000000000000000, 0.7059617306419780900, 1.000000000000000000),
 ( 1.000000000000000000, 0.7057237181777710200, 1.000000000000000000),
 ( 1.000000000000000000, 0.7054862917972504200, 1.000000000000000000),
 ( 1.000000000000000000, 0.7052498927114204700, 1.000000000000000000) ) ) 
 REPRESENTATION_ITEM ( '' )  SURFACE ( )  );
#1908 = CARTESIAN_POINT ( 'NONE',  ( -193.5202520707959500, 20.00000000000000400, 595.3310038318181800 ) ) ;
#1909 = FACE_OUTER_BOUND ( 'NONE', #3722, .T. ) ;
#1910 = ORIENTED_EDGE ( 'NONE', *, *, #5446, .T. ) ;
#1911 = CIRCLE ( 'NONE', #7431, 369.9999999999997700 ) ;
#1912 = EDGE_CURVE ( 'NONE', #3869, #6238, #3370, .T. ) ;
#1913 = CARTESIAN_POINT ( 'NONE',  ( -930.0000000000558200, -44.47907115522036000, -69.73844108900408400 ) ) ;
#1914 = CARTESIAN_POINT ( 'NONE',  ( -668.2451320953586000, -41.07953499698818000, 710.4015471702837200 ) ) ;
#1915 = ORIENTED_EDGE ( 'NONE', *, *, #892, .T. ) ;
#1916 = CARTESIAN_POINT ( 'NONE',  ( -667.0731623750289100, -70.96950423968789300, -699.9999996933070200 ) ) ;
#1917 = CARTESIAN_POINT ( 'NONE',  ( -939.9609614397062400, -42.63627608892235100, -62.40691903805093700 ) ) ;
#1918 = CARTESIAN_POINT ( 'NONE',  ( -977.9970575583958000, 32.06201920788353700, -87.52448106196112600 ) ) ;
#1919 = CARTESIAN_POINT ( 'NONE',  ( -396.7006316504052300, 94.88199682567851300, 509.9181256018205800 ) ) ;
#1920 = ORIENTED_EDGE ( 'NONE', *, *, #5305, .T. ) ;
#1921 = CARTESIAN_POINT ( 'NONE',  ( -731.8151122644769700, 51.43873704579421300, 120.2917647316909300 ) ) ;
#1922 = CARTESIAN_POINT ( 'NONE',  ( -977.9970575583958000, 22.89356240254242200, 87.52448106196230500 ) ) ;
#1923 = CARTESIAN_POINT ( 'NONE',  ( -476.1218229458132200, 22.48589293588767300, 0.0000000000000000000 ) ) ;
#1924 = CARTESIAN_POINT ( 'NONE',  ( -258.7992690864763900, -10.19871404834116300, 832.8233594305072500 ) ) ;
#1925 = CARTESIAN_POINT ( 'NONE',  ( -16.08211210456043000, 297.9709791099599600, -144.1495481246670900 ) ) ;
#1926 = VERTEX_POINT ( 'NONE', #1556 ) ;
#1927 = CARTESIAN_POINT ( 'NONE',  ( -668.2451320953586000, -11.21714419092346800, -731.2815732272342800 ) ) ;
#1928 = AXIS2_PLACEMENT_3D ( 'NONE', #4831, #4123, #430 ) ;
#1929 = CARTESIAN_POINT ( 'NONE',  ( -348.2451320953587700, -11.58393183929655400, 824.6142396099118100 ) ) ;
#1930 = VECTOR ( 'NONE', #7548, 1000.000000000000000 ) ;
#1931 = CARTESIAN_POINT ( 'NONE',  ( -257.1072835119385900, 20.00000000000000400, 640.9169077990081900 ) ) ;
#1932 = ADVANCED_FACE ( 'NONE', ( #1187 ), #6129, .T. ) ;
#1933 = B_SPLINE_CURVE_WITH_KNOTS ( 'NONE', 3,
 ( #3052, #5485, #1880, #2461, #5533, #4863, #7353, #3714, #6104, #1283, #3683, #3625, #6767, #7327, #1192, #1806, #598, #3079, #7407, #7379, #4336, #6186, #13, #1215, #5511, #6723, #4309, #2438, #643, #59, #3738, #4971, #5582, #1905, #6209, #2509 ),
 .UNSPECIFIED., .F., .F.,
 ( 4, 2, 2, 2, 2, 2, 2, 2, 2, 2, 2, 2, 2, 2, 2, 2, 2, 4 ),
 ( 6.938893903907228400E-018, 0.01100367968992597100, 0.01650551953488894500, 0.01925643945737043300, 0.02200735937985191800, 0.03301103906977777300, 0.03576195899225918100, 0.03851287891474058900, 0.04401471875970348900, 0.05501839844962914900, 0.06052023829459204200, 0.06602207813955493500, 0.06877299806203632200, 0.07152391798451768200, 0.07702575782948026300, 0.08252759767444287100, 0.08527851759692409200, 0.08802943751940528500 ),
 .UNSPECIFIED. ) ;
#1934 = EDGE_CURVE ( 'NONE', #53, #6682, #32, .T. ) ;
#1935 = VECTOR ( 'NONE', #4894, 1000.000000000000000 ) ;
#1936 = CARTESIAN_POINT ( 'NONE',  ( -668.2451320953588300, -70.38541811419867100, 699.9999996907671400 ) ) ;
#1937 = CARTESIAN_POINT ( 'NONE',  ( -258.7992690864762200, -14.77458370953299600, 806.3236558069253300 ) ) ;
#1938 = CARTESIAN_POINT ( 'NONE',  ( -664.4041293278691000, -78.21840604182612800, -699.9999996933067900 ) ) ;
#1939 = EDGE_LOOP ( 'NONE', ( #810, #1136 ) ) ;
#1940 = CARTESIAN_POINT ( 'NONE',  ( -363.3325037834424100, 141.9740899135819600, -509.3156103644660700 ) ) ;
#1941 = CARTESIAN_POINT ( 'NONE',  ( -18.76567194960053800, 294.8304934588436500, -144.0600961298324600 ) ) ;
#1942 = DIRECTION ( 'NONE',  ( 0.0000000000000000000, -1.000000000000000000, 0.0000000000000000000 ) ) ;
#1943 = LINE ( 'NONE', #7590, #5678 ) ;
#1944 = ORIENTED_EDGE ( 'NONE', *, *, #7356, .T. ) ;
#1945 = CARTESIAN_POINT ( 'NONE',  ( -177.2400750835616600, 337.6066587561576300, 114.4323378247680000 ) ) ;
#1946 = CARTESIAN_POINT ( 'NONE',  ( -5.573319583618285800E-011, 389.1781736765509500, -144.6856185281506300 ) ) ;
#1947 = CARTESIAN_POINT ( 'NONE',  ( -598.2451320953588300, -33.88587052848078000, 824.6142396099121500 ) ) ;
#1948 = CARTESIAN_POINT ( 'NONE',  ( -258.7992690864763300, -9.044240251481026500, 772.1387226760612100 ) ) ;
#1949 = CARTESIAN_POINT ( 'NONE',  ( -27.05541572611709700, 300.8349434802854000, -143.7837713372819100 ) ) ;
#1950 = CARTESIAN_POINT ( 'NONE',  ( -668.2451320953587100, -7.665048922251383300, -741.1756833647315300 ) ) ;
#1951 = DIRECTION ( 'NONE',  ( 0.0000000000000000000, 0.0000000000000000000, -1.000000000000000000 ) ) ;
#1952 = CARTESIAN_POINT ( 'NONE',  ( -598.2451320953588300, 30.00000000000000000, 824.6142396099121500 ) ) ;
#1953 = CARTESIAN_POINT ( 'NONE',  ( -228.8339100974141900, 20.00000000000000700, 626.8514846934634800 ) ) ;
#1954 = B_SPLINE_CURVE_WITH_KNOTS ( 'NONE', 2,
 ( #1673, #2900, #1217 ),
 .UNSPECIFIED., .F., .F.,
 ( 3, 3 ),
 ( 0.0000000000000000000, 0.5837236734244901600 ),
 .UNSPECIFIED. ) ;
#1955 = ORIENTED_EDGE ( 'NONE', *, *, #3562, .T. ) ;
#1956 = CARTESIAN_POINT ( 'NONE',  ( -802.3608228219858300, -55.78052167908376200, 20.83333333333332900 ) ) ;
#1957 = CARTESIAN_POINT ( 'NONE',  ( -179.5609160481423300, 147.5000000000000300, -563.3803746471044200 ) ) ;
#1958 = CARTESIAN_POINT ( 'NONE',  ( -668.2451320953587100, -20.75709420659103800, 734.4624031281563200 ) ) ;
#1959 = ORIENTED_EDGE ( 'NONE', *, *, #7102, .T. ) ;
#1960 = CARTESIAN_POINT ( 'NONE',  ( -970.2128377145036200, 2.935804440173523900, 68.66556340823159100 ) ) ;
#1961 = CARTESIAN_POINT ( 'NONE',  ( -168.3225630098066600, 20.00000000000000400, -549.2914513037540000 ) ) ;
#1962 = CARTESIAN_POINT ( 'NONE',  ( -971.0375125829706300, -46.70541187800891700, 0.0000000000000000000 ) ) ;
#1963 = CARTESIAN_POINT ( 'NONE',  ( -769.7564574725695400, -48.79285400844172900, 64.72035505245219200 ) ) ;
#1964 = CARTESIAN_POINT ( 'NONE',  ( -14.84693314390398600, 296.4436158423901600, -144.1907207566890700 ) ) ;
#1965 = VERTEX_POINT ( 'NONE', #2753 ) ;
#1966 = VERTEX_POINT ( 'NONE', #7057 ) ;
#1967 = DIRECTION ( 'NONE',  ( 0.0000000000000000000, 0.0000000000000000000, 1.000000000000000000 ) ) ;
#1968 = ORIENTED_EDGE ( 'NONE', *, *, #3197, .F. ) ;
#1969 = CARTESIAN_POINT ( 'NONE',  ( -1028.447899905651200, 37.41579865327966600, -0.3611210285444008100 ) ) ;
#1970 = CARTESIAN_POINT ( 'NONE',  ( -920.2973225776123600, 72.81222478497731700, -92.90511568884602400 ) ) ;
#1971 = CARTESIAN_POINT ( 'NONE',  ( -494.0233976797541700, 33.33915645715868000, -650.0000000000000000 ) ) ;
#1972 = CARTESIAN_POINT ( 'NONE',  ( -366.7937014670116600, 102.8553146867645600, 592.9706722561451200 ) ) ;
#1973 = CARTESIAN_POINT ( 'NONE',  ( -183.2427149427074900, 302.8446467139191900, -138.5775280300622400 ) ) ;
#1974 = EDGE_CURVE ( 'NONE', #3201, #3909, #1943, .T. ) ;
#1975 = CARTESIAN_POINT ( 'NONE',  ( -258.7992690864763300, -5.173817837188766000, -795.0862408263325300 ) ) ;
#1976 = CARTESIAN_POINT ( 'NONE',  ( -533.3592136239985800, -3.954536307887407200, 123.3249956252032900 ) ) ;
#1977 = CARTESIAN_POINT ( 'NONE',  ( -720.5218967646291000, -42.84455594880284200, -62.35012099105503600 ) ) ;
#1978 = CARTESIAN_POINT ( 'NONE',  ( -767.1215560583604000, 23.42789570974004900, -55.81900546832393000 ) ) ;
#1979 = ORIENTED_EDGE ( 'NONE', *, *, #4209, .F. ) ;
#1980 = CARTESIAN_POINT ( 'NONE',  ( -366.7937014670116600, 102.8553146867645300, -592.9706722561451200 ) ) ;
#1981 = ORIENTED_EDGE ( 'NONE', *, *, #329, .T. ) ;
#1982 = CARTESIAN_POINT ( 'NONE',  ( -668.2451320953586000, -26.73550486849133600, 724.3482336470643800 ) ) ;
#1983 = CARTESIAN_POINT ( 'NONE',  ( -168.3225630098066900, 20.00000000000000400, 555.9581179704210900 ) ) ;
#1984 = CARTESIAN_POINT ( 'NONE',  ( -308.7992690864780300, 274.9999999999999400, -659.9999996933067900 ) ) ;
#1985 = CARTESIAN_POINT ( 'NONE',  ( -418.4486822469645500, 71.87170263032061300, -650.0000000000000000 ) ) ;
#1986 = CARTESIAN_POINT ( 'NONE',  ( -767.2513206234884800, 22.79627361823064600, -55.72139750540807100 ) ) ;
#1987 = CARTESIAN_POINT ( 'NONE',  ( -767.9226283392073400, -48.63011599395400000, 55.29426470885231000 ) ) ;
#1988 = CARTESIAN_POINT ( 'NONE',  ( -128.1673155936132700, 277.9449854739640400, -140.4133746750320300 ) ) ;
#1989 = EDGE_CURVE ( 'NONE', #1878, #5277, #4640, .T. ) ;
#1990 = VERTEX_POINT ( 'NONE', #4614 ) ;
#1991 = CARTESIAN_POINT ( 'NONE',  ( -731.8216314142608800, 116.1323393407421300, 120.2915641476779300 ) ) ;
#1992 = CARTESIAN_POINT ( 'NONE',  ( -1028.621193278236000, 37.28091074410640700, -4.215892156103568500 ) ) ;
#1993 = PRESENTATION_STYLE_ASSIGNMENT (( #1749 ) ) ;
#1994 = CARTESIAN_POINT ( 'NONE',  ( -919.6682262976286200, 66.18766492410314600, -100.4149044162456800 ) ) ;
#1995 = VERTEX_POINT ( 'NONE', #7828 ) ;
#1996 = LINE ( 'NONE', #2986, #2192 ) ;
#1997 = CARTESIAN_POINT ( 'NONE',  ( -5.573319583618285800E-011, 400.0000000000000000, -134.4721470217467600 ) ) ;
#1998 = CARTESIAN_POINT ( 'NONE',  ( -515.1253989649039800, 7.202741035155889400, 210.5078935649555100 ) ) ;
#1999 = CARTESIAN_POINT ( 'NONE',  ( -1023.539208224499200, -0.06117167931687199400, 55.94517623198085900 ) ) ;
#2000 = CARTESIAN_POINT ( 'NONE',  ( -244.2279730741105900, 274.9999999999999400, -631.5119212467761800 ) ) ;
#2001 = CARTESIAN_POINT ( 'NONE',  ( -938.1738825775873900, 6.057499888682240700, -65.96166516115785300 ) ) ;
#2002 = CARTESIAN_POINT ( 'NONE',  ( -649.9113391822240800, -19.22954615721651800, 269.7564038647546500 ) ) ;
#2003 = ORIENTED_EDGE ( 'NONE', *, *, #5899, .T. ) ;
#2004 = FACE_OUTER_BOUND ( 'NONE', #7839, .T. ) ;
#2005 = EDGE_CURVE ( 'NONE', #5753, #4661, #2166, .T. ) ;
#2006 = EDGE_CURVE ( 'NONE', #2596, #1788, #3584, .T. ) ;
#2007 = FACE_OUTER_BOUND ( 'NONE', #5043, .T. ) ;
#2008 = CARTESIAN_POINT ( 'NONE',  ( -851.1702106337737600, 303.3400564877736100, 0.0000000000000000000 ) ) ;
#2009 = EDGE_LOOP ( 'NONE', ( #3180, #7788, #4140 ) ) ;
#2010 = CARTESIAN_POINT ( 'NONE',  ( -940.1826256141716800, -44.47907115522036000, -57.73122555070944600 ) ) ;
#2011 = CARTESIAN_POINT ( 'NONE',  ( -258.7992690864762200, -30.59030222987506400, 852.8395285037438500 ) ) ;
#2012 = CARTESIAN_POINT ( 'NONE',  ( -190.7992690864780300, 275.0000000000000000, 567.4692976837611700 ) ) ;
#2013 = CARTESIAN_POINT ( 'NONE',  ( -530.2061565769819300, -7.705684670995872000, -0.0000000000000000000 ) ) ;
#2014 = CARTESIAN_POINT ( 'NONE',  ( -767.1176222827147100, -48.55988722805857100, 55.81393892647133700 ) ) ;
#2015 = CARTESIAN_POINT ( 'NONE',  ( -139.4319057943512000, 276.4947154104953000, -140.0378883350074900 ) ) ;
#2016 = CARTESIAN_POINT ( 'NONE',  ( -768.5094322262085600, 22.67306434027638300, -64.44216129968806700 ) ) ;
#2017 = CARTESIAN_POINT ( 'NONE',  ( -1030.850396716755800, 32.62154415853999700, -27.70659055711325200 ) ) ;
#2018 = CARTESIAN_POINT ( 'NONE',  ( -928.3743774157546800, 25.60459821332584000, 102.9988923279262800 ) ) ;
#2019 = CARTESIAN_POINT ( 'NONE',  ( -582.4122084373265100, 33.78716018846089500, -650.0000000000000000 ) ) ;
#2020 = CARTESIAN_POINT ( 'NONE',  ( -768.8188215132986400, 22.64276525505481200, 54.93152518645363400 ) ) ;
#2021 = CARTESIAN_POINT ( 'NONE',  ( -279.8499551205620700, 274.9999999999999400, -640.5121368125315900 ) ) ;
#2022 = CARTESIAN_POINT ( 'NONE',  ( -312.6438009705123600, -20.58101792865859300, -847.0800520300321100 ) ) ;
#2023 = CARTESIAN_POINT ( 'NONE',  ( -721.1638438405128700, -28.50215867585638200, 123.2493405169230300 ) ) ;
#2024 = ORIENTED_EDGE ( 'NONE', *, *, #7524, .T. ) ;
#2025 = VERTEX_POINT ( 'NONE', #7142 ) ;
#2026 = FACE_OUTER_BOUND ( 'NONE', #1019, .T. ) ;
#2027 = CARTESIAN_POINT ( 'NONE',  ( -767.3158090565556200, 23.42789570974004900, -63.83756961126599100 ) ) ;
#2028 = AXIS2_PLACEMENT_3D ( 'NONE', #2055, #6393, #5814 ) ;
#2029 = CARTESIAN_POINT ( 'NONE',  ( -143.7897080865975000, 281.1967831544586100, 239.9999999999998900 ) ) ;
#2030 = EDGE_CURVE ( 'NONE', #781, #2025, #1554, .T. ) ;
#2031 = CARTESIAN_POINT ( 'NONE',  ( -672.3322355637784500, 400.0000000000000000, -2651.495409082707300 ) ) ;
#2032 = CARTESIAN_POINT ( 'NONE',  ( -768.1903016504994600, -49.25060836388760100, 55.16954929566293900 ) ) ;
#2033 = LINE ( 'NONE', #1228, #414 ) ;
#2034 = CARTESIAN_POINT ( 'NONE',  ( -193.7992690864780600, 275.0000000000000000, 563.0083376869645200 ) ) ;
#2035 = CARTESIAN_POINT ( 'NONE',  ( -732.0292279767047600, 51.41795551113903400, -120.2871615096263400 ) ) ;
#2036 = CARTESIAN_POINT ( 'NONE',  ( -855.4052764537917700, 73.21699231938713100, -114.8776019093374900 ) ) ;
#2037 = CARTESIAN_POINT ( 'NONE',  ( -971.0375125829706300, -46.70541187800891700, 0.0000000000000000000 ) ) ;
#2038 = CARTESIAN_POINT ( 'NONE',  ( -782.3509577309871500, 30.94178077095935500, -479.9273741711696200 ) ) ;
#2039 = CARTESIAN_POINT ( 'NONE',  ( -242.9611338163973400, 106.7869733464180500, -136.5869140676059600 ) ) ;
#2040 = CARTESIAN_POINT ( 'NONE',  ( -920.0787926480002200, 74.87905651297954500, -88.73249411970213900 ) ) ;
#2041 = CARTESIAN_POINT ( 'NONE',  ( -978.2096096027619300, 55.64353348873468300, -63.86921591007998000 ) ) ;
#2042 = CARTESIAN_POINT ( 'NONE',  ( -971.5260301608118400, 22.89356240254238600, -68.60026894045670100 ) ) ;
#2043 = CARTESIAN_POINT ( 'NONE',  ( -598.2451320953588300, -33.88587052848078000, 824.6142396099121500 ) ) ;
#2044 = CARTESIAN_POINT ( 'NONE',  ( -940.3178633056692200, 5.847535751253055900, -59.41451489879682400 ) ) ;
#2045 = CARTESIAN_POINT ( 'NONE',  ( -5.573319583618285800E-011, 119.9869196084536500, -119.5411502224856400 ) ) ;
#2046 = CARTESIAN_POINT ( 'NONE',  ( -668.2451320953587100, -74.05919575381641100, -699.7305973455388500 ) ) ;
#2047 = VERTEX_POINT ( 'NONE', #915 ) ;
#2048 = ORIENTED_EDGE ( 'NONE', *, *, #496, .T. ) ;
#2049 = CARTESIAN_POINT ( 'NONE',  ( -769.1331191352833200, 23.42789570974004900, -64.61942433100706800 ) ) ;
#2050 = ORIENTED_EDGE ( 'NONE', *, *, #1435, .F. ) ;
#2051 = CARTESIAN_POINT ( 'NONE',  ( -930.2851161855123800, -44.47907115696418900, 49.73187366759710700 ) ) ;
#2052 = CARTESIAN_POINT ( 'NONE',  ( -153.6694438109603900, 281.2592151516587900, 239.9999999999999700 ) ) ;
#2053 = CARTESIAN_POINT ( 'NONE',  ( -24.63329921121071200, 305.4840423444911700, 239.9999999999999700 ) ) ;
#2054 = FACE_OUTER_BOUND ( 'NONE', #3020, .T. ) ;
#2055 = CARTESIAN_POINT ( 'NONE',  ( -948.0685558445707100, 400.0000000000000000, 5.863365348801608000E-013 ) ) ;
#2056 = CARTESIAN_POINT ( 'NONE',  ( -536.4089367922349500, -10.00669366827933300, -36.89144407851287600 ) ) ;
#2057 = CARTESIAN_POINT ( 'NONE',  ( -191.2992690864782000, 275.0000000000000000, -566.7258046576549800 ) ) ;
#2058 = CARTESIAN_POINT ( 'NONE',  ( -733.6829613508962200, 121.4735770468929300, -119.6004556858396300 ) ) ;
#2059 = EDGE_LOOP ( 'NONE', ( #3061, #7463, #7389, #2191 ) ) ;
#2060 = CARTESIAN_POINT ( 'NONE',  ( -765.7241265371365000, -48.43933833784726100, 61.91420445858693700 ) ) ;
#2061 = CARTESIAN_POINT ( 'NONE',  ( -912.8363143123485800, 24.29426468371452300, -106.2952571495083200 ) ) ;
#2062 = CARTESIAN_POINT ( 'NONE',  ( -769.0642468253602100, 32.25061285086973600, -479.9273741711696200 ) ) ;
#2063 = CARTESIAN_POINT ( 'NONE',  ( -1028.655409673388700, 37.25389831132997600, -4.560883896929063000 ) ) ;
#2064 = CARTESIAN_POINT ( 'NONE',  ( -769.7566672274886100, 22.55092022872490500, -64.72037505542860500 ) ) ;
#2065 = VERTEX_POINT ( 'NONE', #7195 ) ;
#2066 = CARTESIAN_POINT ( 'NONE',  ( -918.3648032255035800, 60.26968522877226100, -103.8537870494429600 ) ) ;
#2067 = CARTESIAN_POINT ( 'NONE',  ( -1014.776880411335700, 0.4312767463882795100, 64.24384312896327700 ) ) ;
#2068 = CARTESIAN_POINT ( 'NONE',  ( -766.4225909152171400, 22.87743270519446200, 62.99348629747629500 ) ) ;
#2069 = CARTESIAN_POINT ( 'NONE',  ( -14.62674840205269100, 302.0000000000000600, 144.1980602480840900 ) ) ;
#2070 = CARTESIAN_POINT ( 'NONE',  ( -304.0551786069011100, -34.67994443593983100, -865.8006254731093300 ) ) ;
#2071 = ADVANCED_FACE ( 'NONE', ( #2026 ), #4042, .T. ) ;
#2072 = CARTESIAN_POINT ( 'NONE',  ( -939.2479697953400500, 5.952312471069132200, -55.22610589062514900 ) ) ;
#2073 = AXIS2_PLACEMENT_3D ( 'NONE', #265, #4486, #3929 ) ;
#2074 = CARTESIAN_POINT ( 'NONE',  ( -1027.487820284098500, 26.36794464256711400, -45.46422985452754500 ) ) ;
#2075 = CARTESIAN_POINT ( 'NONE',  ( -1016.591179363420100, 0.3293119852391553400, -10.71019283429815700 ) ) ;
#2076 = ORIENTED_EDGE ( 'NONE', *, *, #6583, .T. ) ;
#2077 = CARTESIAN_POINT ( 'NONE',  ( -768.3897797076027700, 23.42789570974004900, -55.08625445260995700 ) ) ;
#2078 = CARTESIAN_POINT ( 'NONE',  ( -934.8438756385440900, 7.164169369840226200, 68.67666249178779500 ) ) ;
#2079 = CARTESIAN_POINT ( 'NONE',  ( -135.0883436324473300, 282.2010314934698800, 240.0000000000000300 ) ) ;
#2080 = ORIENTED_EDGE ( 'NONE', *, *, #1012, .F. ) ;
#2081 = FACE_OUTER_BOUND ( 'NONE', #7271, .T. ) ;
#2082 = CARTESIAN_POINT ( 'NONE',  ( -541.8885715921194300, -5.816779783864600300, 0.0000000000000000000 ) ) ;
#2083 = CARTESIAN_POINT ( 'NONE',  ( -769.0642468253602100, 32.25061285086973600, 479.9273741711696200 ) ) ;
#2084 = CARTESIAN_POINT ( 'NONE',  ( -258.7992690864762700, -72.83303678598753100, 887.1347158919124900 ) ) ;
#2085 = CARTESIAN_POINT ( 'NONE',  ( -729.0542768836836600, 26.53698324128182800, 95.29295773136847500 ) ) ;
#2086 = CARTESIAN_POINT ( 'NONE',  ( -1007.589910239763600, 0.8351890653911404600, 39.56955737032698300 ) ) ;
#2087 = LINE ( 'NONE', #2864, #6808 ) ;
#2088 = CARTESIAN_POINT ( 'NONE',  ( -1016.860575525654800, 0.3141717486699505100, 6.843207974361682500 ) ) ;
#2089 = CARTESIAN_POINT ( 'NONE',  ( -139.2920215706240600, 322.3341483901069800, 240.0000000000000300 ) ) ;
#2090 = ORIENTED_EDGE ( 'NONE', *, *, #3054, .T. ) ;
#2091 = FACE_OUTER_BOUND ( 'NONE', #3657, .T. ) ;
#2092 = VERTEX_POINT ( 'NONE', #5321 ) ;
#2093 = VERTEX_POINT ( 'NONE', #1585 ) ;
#2094 = CARTESIAN_POINT ( 'NONE',  ( -349.7877028800747900, -70.32921721686038600, 699.9999996933069000 ) ) ;
#2095 =( BOUNDED_SURFACE ( )  B_SPLINE_SURFACE ( 3, 2, ( 
 ( #2035, #3960, #237 ),
 ( #6338, #4556, #2636 ),
 ( #6947, #6365, #3900 ),
 ( #1498, #213, #4508 ) ),
 .UNSPECIFIED., .F., .F., .F. ) 
 B_SPLINE_SURFACE_WITH_KNOTS ( ( 4, 4 ),
 ( 3, 3 ),
 ( -3.352464972294910700E-010, 0.0003555670688977704600 ),
 ( 0.0000000000000000000, 1.000000000000000000 ),
 .UNSPECIFIED. ) 
 GEOMETRIC_REPRESENTATION_ITEM ( )  RATIONAL_B_SPLINE_SURFACE ( (
 ( 1.000000000000000000, 0.7063643996572448500, 1.000000000000000000),
 ( 1.000000000000000000, 0.7063658353444475200, 1.000000000000000000),
 ( 1.000000000000000000, 0.7063672714796429600, 1.000000000000000000),
 ( 1.000000000000000000, 0.7063687080364216000, 1.000000000000000000) ) ) 
 REPRESENTATION_ITEM ( '' )  SURFACE ( )  );
#2096 = CARTESIAN_POINT ( 'NONE',  ( -981.2416451013323200, 2.315978413157138100, 86.47034063726910300 ) ) ;
#2097 = CARTESIAN_POINT ( 'NONE',  ( -478.6549489604646500, 42.20597046175941400, -452.4094041803679100 ) ) ;
#2098 = CARTESIAN_POINT ( 'NONE',  ( -180.3790615486549000, 20.00000000000000000, -586.2771510925289200 ) ) ;
#2099 = CARTESIAN_POINT ( 'NONE',  ( -938.9257500028209100, 5.983868072251899800, -54.63878035107162400 ) ) ;
#2100 = CARTESIAN_POINT ( 'NONE',  ( -1030.855719602608100, 32.60991564308454100, -27.74887291528091600 ) ) ;
#2101 = CARTESIAN_POINT ( 'NONE',  ( -258.7992690864762200, -14.64251213141683800, -797.7616782519617100 ) ) ;
#2102 = ORIENTED_EDGE ( 'NONE', *, *, #369, .T. ) ;
#2103 = EDGE_CURVE ( 'NONE', #2047, #2175, #508, .T. ) ;
#2104 = CARTESIAN_POINT ( 'NONE',  ( -1021.074700142277500, 20.99602887136788700, -56.80099378340558800 ) ) ;
#2105 = CARTESIAN_POINT ( 'NONE',  ( -936.0010970477606000, 7.164169369840226200, 68.01343510453550300 ) ) ;
#2106 = CARTESIAN_POINT ( 'NONE',  ( -130.0247359942026200, 282.8540745592241600, 239.9999999999999400 ) ) ;
#2107 = CARTESIAN_POINT ( 'NONE',  ( -113.5547690264869900, 319.0019434918079900, 240.0000000000000000 ) ) ;
#2108 = LINE ( 'NONE', #7675, #7408 ) ;
#2109 = ADVANCED_FACE ( 'NONE', ( #3770 ), #1643, .T. ) ;
#2110 = CARTESIAN_POINT ( 'NONE',  ( -258.7992690864762700, -70.00000000000000000, -694.9999996933069000 ) ) ;
#2111 = CARTESIAN_POINT ( 'NONE',  ( -258.7992690864762700, -65.48362113474428300, 883.7772111744702700 ) ) ;
#2112 = CARTESIAN_POINT ( 'NONE',  ( -957.5667416723279100, 39.00328281401115000, -94.51051213111297500 ) ) ;
#2113 = CARTESIAN_POINT ( 'NONE',  ( -915.6390288933268900, 25.43847784093833700, -105.7184276800855000 ) ) ;
#2114 = DIRECTION ( 'NONE',  ( 0.0000000000000000000, 1.000000000000000000, 0.0000000000000000000 ) ) ;
#2115 = CARTESIAN_POINT ( 'NONE',  ( -1085.995178059513800, -3.571237118327399000, -14.61446840394332400 ) ) ;
#2116 = CARTESIAN_POINT ( 'NONE',  ( -145.4493432593301100, 322.9147756084370800, 239.9999999999999700 ) ) ;
#2117 = CIRCLE ( 'NONE', #5777, 148.3286034136781400 ) ;
#2118 = EDGE_CURVE ( 'NONE', #6020, #2175, #694, .T. ) ;
#2119 = CARTESIAN_POINT ( 'NONE',  ( -260.8454476159191700, 275.0000000000001100, 642.1225898349781600 ) ) ;
#2120 = CARTESIAN_POINT ( 'NONE',  ( -1029.142567145361900, 36.83212977891389500, 8.893730681850858100 ) ) ;
#2121 = ORIENTED_EDGE ( 'NONE', *, *, #7211, .F. ) ;
#2122 = DIRECTION ( 'NONE',  ( 1.000000000000000000, 0.0000000000000000000, -3.088707198718619700E-016 ) ) ;
#2123 = CARTESIAN_POINT ( 'NONE',  ( -986.1906288233158200, 2.037842363674558000, 61.06077157647495600 ) ) ;
#2124 = CARTESIAN_POINT ( 'NONE',  ( -536.4089367922349500, -10.00669366827933300, -36.89144407851287600 ) ) ;
#2125 = CARTESIAN_POINT ( 'NONE',  ( -299.8451724167325100, -30.54447060016013900, -862.0460733012198500 ) ) ;
#2126 = FACE_OUTER_BOUND ( 'NONE', #1902, .T. ) ;
#2127 = CARTESIAN_POINT ( 'NONE',  ( -1029.763312475015300, 36.13160363279686000, -13.15913532799072500 ) ) ;
#2128 = VERTEX_POINT ( 'NONE', #1031 ) ;
#2129 = CARTESIAN_POINT ( 'NONE',  ( -258.7992690864763300, -43.55484618398323700, -733.0618382046919800 ) ) ;
#2130 = CARTESIAN_POINT ( 'NONE',  ( -728.8036256399489000, 26.76552443163117100, 98.58360506039349500 ) ) ;
#2131 = CARTESIAN_POINT ( 'NONE',  ( -344.9798420320378200, 113.8747192612501400, -650.0000000000000000 ) ) ;
#2132 = CARTESIAN_POINT ( 'NONE',  ( -933.9294558982217000, 7.164169369840226200, 69.08462895828178300 ) ) ;
#2133 = AXIS2_PLACEMENT_3D ( 'NONE', #2031, #3851, #6896 ) ;
#2134 = CARTESIAN_POINT ( 'NONE',  ( -138.1688793635588600, 281.8055967107552500, 240.0000000000000000 ) ) ;
#2135 = EDGE_CURVE ( 'NONE', #5730, #676, #7160, .T. ) ;
#2136 = CARTESIAN_POINT ( 'NONE',  ( -105.0205380212446800, 317.8741218692450200, 239.9999999999999100 ) ) ;
#2137 = CARTESIAN_POINT ( 'NONE',  ( -965.5218452665626500, -37.86112661497390500, 62.35021923255894900 ) ) ;
#2138 = CARTESIAN_POINT ( 'NONE',  ( -765.2977992004166500, 23.42730997547047500, 58.77309521595193300 ) ) ;
#2139 = UNCERTAINTY_MEASURE_WITH_UNIT (LENGTH_MEASURE( 1.000000000000000100E-005 ), #660, 'distance_accuracy_value', 'NONE');
#2140 = CARTESIAN_POINT ( 'NONE',  ( -723.6193010487614900, -38.68068962038899600, 36.91515317970815600 ) ) ;
#2141 = CARTESIAN_POINT ( 'NONE',  ( -943.8196562352206900, 67.74973517614549200, -98.63595560806311400 ) ) ;
#2142 = CARTESIAN_POINT ( 'NONE',  ( -930.0000000000558200, -44.47907115696418900, 69.73844108901323600 ) ) ;
#2143 = CARTESIAN_POINT ( 'NONE',  ( -908.8766831937715600, 23.44824487901801300, -107.0852874659883400 ) ) ;
#2144 = CARTESIAN_POINT ( 'NONE',  ( -1008.493635715669500, 0.7843991158040616300, -38.09510425235065200 ) ) ;
#2145 = CARTESIAN_POINT ( 'NONE',  ( -1094.984363313623400, -4.076435077272655000, -6.588665786955447200 ) ) ;
#2146 = CARTESIAN_POINT ( 'NONE',  ( -152.8588503144335700, 322.8152622276568300, 240.0000000000000300 ) ) ;
#2147 = ORIENTED_EDGE ( 'NONE', *, *, #4825, .T. ) ;
#2148 = VERTEX_POINT ( 'NONE', #494 ) ;
#2149 = CARTESIAN_POINT ( 'NONE',  ( -296.5656373811006600, 275.0000000000000600, 657.0617976463801100 ) ) ;
#2150 = CARTESIAN_POINT ( 'NONE',  ( -1030.328535329457700, 35.29550020597569200, 17.40300403849799700 ) ) ;
#2151 = CARTESIAN_POINT ( 'NONE',  ( -721.2497326902922600, -38.01434301723115500, 123.2482987937306100 ) ) ;
#2152 = EDGE_CURVE ( 'NONE', #1878, #3025, #5670, .T. ) ;
#2153 = CARTESIAN_POINT ( 'NONE',  ( -1004.167345983601000, 1.027539364971578300, 44.51969783023775300 ) ) ;
#2154 = CARTESIAN_POINT ( 'NONE',  ( -189.4021635995964900, 333.3252718369824400, 137.5965442856066800 ) ) ;
#2155 = CARTESIAN_POINT ( 'NONE',  ( -594.6987467823856800, -29.35557712495107200, 0.0000000000000000000 ) ) ;
#2156 = CARTESIAN_POINT ( 'NONE',  ( -346.3810744218190500, -11.50151461773032400, -824.6403632195471100 ) ) ;
#2157 = ORIENTED_EDGE ( 'NONE', *, *, #6832, .F. ) ;
#2158 = EDGE_CURVE ( 'NONE', #5231, #3675, #5588, .T. ) ;
#2159 = VECTOR ( 'NONE', #5267, 1000.000000000000000 ) ;
#2160 = CARTESIAN_POINT ( 'NONE',  ( -936.2472487161973000, 6.246178831337871900, 51.67813514214771000 ) ) ;
#2161 = CARTESIAN_POINT ( 'NONE',  ( -1030.586060720928800, 31.25276721074571300, -32.13955228785963700 ) ) ;
#2162 = CARTESIAN_POINT ( 'NONE',  ( -668.2451320953586000, -26.73550486849133600, -724.3482336470643800 ) ) ;
#2163 = CLOSED_SHELL ( 'NONE', ( #7306, #4734, #86, #2836, #6807, #433 ) ) ;
#2164 = CARTESIAN_POINT ( 'NONE',  ( -930.8549077680145300, -44.47907115696418900, 49.74698897011925400 ) ) ;
#2165 = CARTESIAN_POINT ( 'NONE',  ( -138.0798126977503800, 281.8168685618138600, 239.9999999999998900 ) ) ;
#2166 = B_SPLINE_CURVE_WITH_KNOTS ( 'NONE', 2,
 ( #1004, #5879, #4073 ),
 .UNSPECIFIED., .F., .F.,
 ( 3, 3 ),
 ( 0.0000000000000000000, 1.000000000000000000 ),
 .UNSPECIFIED. ) ;
#2167 = CARTESIAN_POINT ( 'NONE',  ( -40.37218765878517200, 308.4344121248697100, 239.9999999999999100 ) ) ;
#2168 = CARTESIAN_POINT ( 'NONE',  ( -1021.074700142277500, 20.99602887136788700, -56.80099378340558800 ) ) ;
#2169 = AXIS2_PLACEMENT_3D ( 'NONE', #20, #3695, #4318 ) ;
#2170 = CARTESIAN_POINT ( 'NONE',  ( -770.0781440828610600, 22.51943738479926800, 64.73844108900583200 ) ) ;
#2171 = CARTESIAN_POINT ( 'NONE',  ( -977.9970575583938600, 32.06201920788439000, -87.52448106196230500 ) ) ;
#2172 = DIRECTION ( 'NONE',  ( -1.000000000000000000, 0.0000000000000000000, 0.0000000000000000000 ) ) ;
#2173 = CARTESIAN_POINT ( 'NONE',  ( -729.3621544948700800, 29.88453673232986000, -107.8242222202758700 ) ) ;
#2174 = CARTESIAN_POINT ( 'NONE',  ( -1010.852932725354000, 0.6518051153276436200, -33.49576159998505900 ) ) ;
#2175 = VERTEX_POINT ( 'NONE', #5399 ) ;
#2176 = CARTESIAN_POINT ( 'NONE',  ( -1016.759921226766700, 0.3198285846257230600, -8.563544494976548900 ) ) ;
#2177 = CARTESIAN_POINT ( 'NONE',  ( -138.9969933611534400, 322.2979681307343200, 239.9999999999999700 ) ) ;
#2178 = AXIS2_PLACEMENT_3D ( 'NONE', #974, #3653, #4857 ) ;
#2179 = ORIENTED_EDGE ( 'NONE', *, *, #2999, .T. ) ;
#2180 = CARTESIAN_POINT ( 'NONE',  ( -193.5202520707961200, 20.00000000000000400, 605.3310038318184100 ) ) ;
#2181 = DIRECTION ( 'NONE',  ( -0.3320534516538311000, 0.9432605712340449400, 0.0000000000000000000 ) ) ;
#2182 = ORIENTED_EDGE ( 'NONE', *, *, #1012, .T. ) ;
#2183 = CARTESIAN_POINT ( 'NONE',  ( -711.8839373918331100, -18.56752510712951200, -269.8630729374096400 ) ) ;
#2184 = CARTESIAN_POINT ( 'NONE',  ( -17.86936407559927900, 300.2492838424662400, 144.0899730589659100 ) ) ;
#2185 = CARTESIAN_POINT ( 'NONE',  ( -298.2451320953590500, -40.87395403003278500, -872.3428678906918800 ) ) ;
#2186 = CARTESIAN_POINT ( 'NONE',  ( -932.6621297452437600, 6.597276396002364200, 69.48567026932069300 ) ) ;
#2187 = CARTESIAN_POINT ( 'NONE',  ( -418.4486822469645500, 71.87170263032058400, 649.9999996933069000 ) ) ;
#2188 = B_SPLINE_CURVE_WITH_KNOTS ( 'NONE', 3,
 ( #6677, #2984, #1789, #4296, #1813, #2341, #2397 ),
 .UNSPECIFIED., .F., .F.,
 ( 4, 1, 1, 1, 4 ),
 ( 0.0000000000000000000, 0.2982968211775609600, 0.6153669425867313000, 0.7410739866888770300, 1.000000000000000000 ),
 .UNSPECIFIED. ) ;
#2189 = FACE_OUTER_BOUND ( 'NONE', #6859, .T. ) ;
#2190 = EDGE_CURVE ( 'NONE', #6634, #1878, #6555, .T. ) ;
#2191 = ORIENTED_EDGE ( 'NONE', *, *, #2231, .T. ) ;
#2192 = VECTOR ( 'NONE', #5413, 1000.000000000000000 ) ;
#2193 = CARTESIAN_POINT ( 'NONE',  ( -728.9138485920900600, 27.21205358657578800, 101.0121961458256400 ) ) ;
#2194 = CARTESIAN_POINT ( 'NONE',  ( -1012.659210049927100, 43.51633440352672000, -66.58506499032282000 ) ) ;
#2195 = ORIENTED_EDGE ( 'NONE', *, *, #1582, .T. ) ;
#2196 = AXIS2_PLACEMENT_3D ( 'NONE', #5151, #6366, #1533 ) ;
#2197 = CARTESIAN_POINT ( 'NONE',  ( -133.3179029597268100, 282.4292268250279700, 239.9999999999999100 ) ) ;
#2198 = ORIENTED_EDGE ( 'NONE', *, *, #2267, .T. ) ;
#2199 = CARTESIAN_POINT ( 'NONE',  ( -126.6882136914332100, 320.7144011943385100, 239.9999999999999400 ) ) ;
#2200 = CIRCLE ( 'NONE', #4537, 44.99999999999992900 ) ;
#2201 = CARTESIAN_POINT ( 'NONE',  ( -765.5763752531697700, 23.42730997547047500, 61.63020452759305100 ) ) ;
#2202 = CARTESIAN_POINT ( 'NONE',  ( -930.5722778169612200, -44.47907115522036000, -49.73579614213221600 ) ) ;
#2203 = CARTESIAN_POINT ( 'NONE',  ( -903.5157269860262700, -47.89641535259677600, 50.56647894206921000 ) ) ;
#2204 = ORIENTED_EDGE ( 'NONE', *, *, #2513, .F. ) ;
#2205 = CARTESIAN_POINT ( 'NONE',  ( -546.5832533981129000, -32.17256886261968400, -829.6142396099120300 ) ) ;
#2206 = CARTESIAN_POINT ( 'NONE',  ( -1069.556466115092000, -2.647370996161339200, 26.07400306707039000 ) ) ;
#2207 = CARTESIAN_POINT ( 'NONE',  ( -151.6709158667303800, 322.9053225398940900, 240.0000000000000000 ) ) ;
#2208 = CARTESIAN_POINT ( 'NONE',  ( -527.5130262030228300, -0.1796302367026787700, 269.5430657194446000 ) ) ;
#2209 = CARTESIAN_POINT ( 'NONE',  ( -649.2818860900317800, -28.50211036837637500, 269.7590847208614400 ) ) ;
#2210 = CARTESIAN_POINT ( 'NONE',  ( -151.5713803022966000, 322.9368901395900500, 139.6332391847427600 ) ) ;
#2211 = CARTESIAN_POINT ( 'NONE',  ( -181.5052786649645500, 310.7494722009735700, 138.6354425726200100 ) ) ;
#2212 = CARTESIAN_POINT ( 'NONE',  ( -118.6694585468867700, 284.3243733965147700, 140.7299699099232600 ) ) ;
#2213 = CARTESIAN_POINT ( 'NONE',  ( -257.1072835119386500, 19.99999999999999600, -650.9169077990079600 ) ) ;
#2214 = CARTESIAN_POINT ( 'NONE',  ( -930.3358089173848400, 6.825097448499386500, -49.73203607951612100 ) ) ;
#2215 = CARTESIAN_POINT ( 'NONE',  ( -662.5801574158841700, -76.16268521351388200, 699.9999996933071300 ) ) ;
#2216 = DIRECTION ( 'NONE',  ( 0.0000000000000000000, 0.0000000000000000000, -1.000000000000000000 ) ) ;
#2217 = CYLINDRICAL_SURFACE ( 'NONE', #37, 25.00000000000002800 ) ;
#2218 = CARTESIAN_POINT ( 'NONE',  ( -516.1611622597005200, 10.16888668989803100, 210.4185866888561500 ) ) ;
#2219 = CARTESIAN_POINT ( 'NONE',  ( -731.8165205886452900, 51.46764385215429600, 120.2917345085317900 ) ) ;
#2220 = CARTESIAN_POINT ( 'NONE',  ( -42.30161604807683100, 295.2401520031291400, 239.9999999999999700 ) ) ;
#2221 = ORIENTED_EDGE ( 'NONE', *, *, #6844, .T. ) ;
#2222 = CARTESIAN_POINT ( 'NONE',  ( -42.22791141289170000, 308.7475009032749000, 239.9999999999999400 ) ) ;
#2223 = CARTESIAN_POINT ( 'NONE',  ( -157.1660011963871900, 274.2102586960153900, -239.9999999999998900 ) ) ;
#2224 = ORIENTED_EDGE ( 'NONE', *, *, #7102, .F. ) ;
#2225 = CARTESIAN_POINT ( 'NONE',  ( -770.0781440828611700, 23.42730997547047500, 64.73844108900584600 ) ) ;
#2226 = ORIENTED_EDGE ( 'NONE', *, *, #658, .F. ) ;
#2227 = CARTESIAN_POINT ( 'NONE',  ( -738.8592291544625800, 137.2125294023039700, -106.2991128776066600 ) ) ;
#2228 = CARTESIAN_POINT ( 'NONE',  ( -1036.276792708412600, 35.20230105949973900, -15.98880057305168400 ) ) ;
#2229 = CARTESIAN_POINT ( 'NONE',  ( -1076.863720793818200, -3.058043381340593400, 21.10248707149592200 ) ) ;
#2230 = CARTESIAN_POINT ( 'NONE',  ( -299.9129563986577400, -44.15844526595684300, -874.6142396099118100 ) ) ;
#2231 = EDGE_CURVE ( 'NONE', #2175, #1288, #2888, .T. ) ;
#2232 = AXIS2_PLACEMENT_3D ( 'NONE', #5106, #7546, #1425 ) ;
#2233 = FACE_OUTER_BOUND ( 'NONE', #1845, .T. ) ;
#2234 = ADVANCED_FACE ( 'NONE', ( #2588 ), #2581, .T. ) ;
#2235 = CARTESIAN_POINT ( 'NONE',  ( -896.2328090447991800, 59.48752152110779400, -109.7963367075867000 ) ) ;
#2236 = CARTESIAN_POINT ( 'NONE',  ( -161.6857003420108800, 321.3899929946529700, 239.9999999999999100 ) ) ;
#2237 = CARTESIAN_POINT ( 'NONE',  ( -237.9721781102528000, 82.06018701736681500, -136.7532125892288700 ) ) ;
#2238 = CARTESIAN_POINT ( 'NONE',  ( -168.3225630098066600, -80.00000000000000000, 549.2914513037540000 ) ) ;
#2239 = CARTESIAN_POINT ( 'NONE',  ( -299.6731291295705500, -31.14030388146807500, -862.7297660998277700 ) ) ;
#2240 = CARTESIAN_POINT ( 'NONE',  ( -930.3355767784648800, 6.825120182308250300, 49.73200368825695300 ) ) ;
#2241 = B_SPLINE_CURVE_WITH_KNOTS ( 'NONE', 3,
 ( #5790, #4584, #241, #6399 ),
 .UNSPECIFIED., .F., .F.,
 ( 4, 4 ),
 ( 0.0000000000000000000, 2.894110820860560900E-005 ),
 .UNSPECIFIED. ) ;
#2242 = DIRECTION ( 'NONE',  ( -0.0000000000000000000, -1.000000000000000000, -0.0000000000000000000 ) ) ;
#2243 = CARTESIAN_POINT ( 'NONE',  ( -668.2451320953586000, -77.12315687686989900, -819.8454717776496600 ) ) ;
#2244 = CARTESIAN_POINT ( 'NONE',  ( -728.7585181920779900, 26.64774109412768500, 97.35718551427029900 ) ) ;
#2245 = CARTESIAN_POINT ( 'NONE',  ( -814.2958550370425400, 43.43407596015425300, 117.5987833506515200 ) ) ;
#2246 = CARTESIAN_POINT ( 'NONE',  ( -99.52395713754170000, 286.8624078363728200, 239.9999999999999100 ) ) ;
#2247 = EDGE_CURVE ( 'NONE', #450, #4981, #6459, .T. ) ;
#2248 = CARTESIAN_POINT ( 'NONE',  ( -138.0529674603857600, 322.1797296533123400, 240.0000000000000000 ) ) ;
#2249 = ORIENTED_EDGE ( 'NONE', *, *, #2346, .F. ) ;
#2250 = ORIENTED_EDGE ( 'NONE', *, *, #1286, .F. ) ;
#2251 = CARTESIAN_POINT ( 'NONE',  ( -14.62674840205194100, 292.5975930273639300, -240.0000000000000000 ) ) ;
#2252 = CARTESIAN_POINT ( 'NONE',  ( -766.0224249922175700, 23.42730997547047500, 62.48885855261642800 ) ) ;
#2253 = CARTESIAN_POINT ( 'NONE',  ( -497.7996294928674400, 48.47557972013054000, 576.2282484482782400 ) ) ;
#2254 = DIRECTION ( 'NONE',  ( -0.5580474145702807300, -0.0000000000000000000, -0.8298090642379277700 ) ) ;
#2255 = ORIENTED_EDGE ( 'NONE', *, *, #2005, .F. ) ;
#2256 = CARTESIAN_POINT ( 'NONE',  ( -971.5260301608121800, 22.89356240254236500, 68.60026894045742600 ) ) ;
#2257 = CARTESIAN_POINT ( 'NONE',  ( -1023.869892135917900, 39.56986850050211800, -3.265785876998510900 ) ) ;
#2258 = CARTESIAN_POINT ( 'NONE',  ( -1016.174517870943000, 0.3527286275293268800, 14.51412582229687600 ) ) ;
#2259 = DIRECTION ( 'NONE',  ( 0.8525939347305838700, 0.0000000000000000000, 0.5225739971148784000 ) ) ;
#2260 = CARTESIAN_POINT ( 'NONE',  ( -5.623526610933341000E-011, 143.7629520247317600, 144.6856185281509100 ) ) ;
#2261 = ORIENTED_EDGE ( 'NONE', *, *, #5847, .T. ) ;
#2262 = CARTESIAN_POINT ( 'NONE',  ( -173.7924920757534400, 316.9172837056544300, 240.0000000000000000 ) ) ;
#2263 = EDGE_CURVE ( 'NONE', #339, #7610, #7793, .T. ) ;
#2264 = CARTESIAN_POINT ( 'NONE',  ( -148.1258741792753700, 323.0056917046264900, 139.7480893888435100 ) ) ;
#2265 = CARTESIAN_POINT ( 'NONE',  ( -156.1363130525731400, 281.5278219078794600, 139.4810747597334700 ) ) ;
#2266 = CARTESIAN_POINT ( 'NONE',  ( -940.3180609530219300, -42.57051183296359700, 60.40000610681431700 ) ) ;
#2267 = EDGE_CURVE ( 'NONE', #5368, #4363, #5367, .T. ) ;
#2268 = CARTESIAN_POINT ( 'NONE',  ( -244.6571334627453800, -70.00000000000000000, 699.9999996933069000 ) ) ;
#2269 = CARTESIAN_POINT ( 'NONE',  ( -728.8132060259853200, 26.56059356480111300, 95.29813132661833200 ) ) ;
#2270 = CARTESIAN_POINT ( 'NONE',  ( -258.7992690864762700, -18.87117108755898100, -828.5205404564618400 ) ) ;
#2271 = B_SPLINE_CURVE_WITH_KNOTS ( 'NONE', 2,
 ( #3319, #6489, #7096 ),
 .UNSPECIFIED., .F., .F.,
 ( 3, 3 ),
 ( 0.0000000000000000000, 1.000000000000000000 ),
 .UNSPECIFIED. ) ;
#2272 = ORIENTED_EDGE ( 'NONE', *, *, #614, .F. ) ;
#2273 = CARTESIAN_POINT ( 'NONE',  ( -770.0781440828610600, -48.81971161484003100, 64.73844108900584600 ) ) ;
#2274 = CARTESIAN_POINT ( 'NONE',  ( -738.2193787120285200, -32.61617628806786900, -0.0000000000000000000 ) ) ;
#2275 = CARTESIAN_POINT ( 'NONE',  ( -14.62674840205269800, 302.0000000000000600, 239.9999999999999700 ) ) ;
#2276 = ADVANCED_FACE ( 'NONE', ( #3671 ), #6021, .F. ) ;
#2277 = CARTESIAN_POINT ( 'NONE',  ( -413.0707898217584700, 61.93453721306596500, -650.0000000000000000 ) ) ;
#2278 = CARTESIAN_POINT ( 'NONE',  ( -15.30291464681121000, 301.1726474192224100, 239.9999999999999100 ) ) ;
#2279 = CARTESIAN_POINT ( 'NONE',  ( -934.4750867488630800, 7.193298361187080700, -89.43983678682893400 ) ) ;
#2280 = ORIENTED_EDGE ( 'NONE', *, *, #6927, .T. ) ;
#2281 = CARTESIAN_POINT ( 'NONE',  ( -932.2270064459667100, 7.164169077462492700, -49.91128688935265200 ) ) ;
#2282 = CARTESIAN_POINT ( 'NONE',  ( -739.1952091488935800, 138.3992726095356400, -103.3118623065659400 ) ) ;
#2283 = CARTESIAN_POINT ( 'NONE',  ( -876.9208409573608400, -50.18154784015116800, 51.39797523368417100 ) ) ;
#2284 = CARTESIAN_POINT ( 'NONE',  ( -1038.623791459362800, 20.76436957200486700, 17.44327277259140600 ) ) ;
#2285 = ORIENTED_EDGE ( 'NONE', *, *, #3366, .F. ) ;
#2286 = CARTESIAN_POINT ( 'NONE',  ( -1030.854927684089300, 32.59791517991081400, 27.78975480105242800 ) ) ;
#2287 = CARTESIAN_POINT ( 'NONE',  ( -303.5496290718682500, -38.35452282815200000, 869.2598063678922200 ) ) ;
#2288 = LINE ( 'NONE', #3383, #837 ) ;
#2289 = AXIS2_PLACEMENT_3D ( 'NONE', #4843, #1220, #2444 ) ;
#2290 = CARTESIAN_POINT ( 'NONE',  ( -244.6571334627453800, -70.00000000000000000, 699.9999996933069000 ) ) ;
#2291 = CARTESIAN_POINT ( 'NONE',  ( -161.8737771863409600, 321.3448151126177100, 239.9999999999999400 ) ) ;
#2292 = CARTESIAN_POINT ( 'NONE',  ( -163.3970663943142400, 320.9840686258778500, 139.2390496483422200 ) ) ;
#2293 = CARTESIAN_POINT ( 'NONE',  ( -184.5035469304771700, 300.0884853144738100, 138.5355002971367600 ) ) ;
#2294 = CARTESIAN_POINT ( 'NONE',  ( -963.6870494538029600, 3.558946610620118600, -74.23055151717952100 ) ) ;
#2295 = ORIENTED_EDGE ( 'NONE', *, *, #6515, .T. ) ;
#2296 = FACE_OUTER_BOUND ( 'NONE', #2059, .T. ) ;
#2297 = CARTESIAN_POINT ( 'NONE',  ( -308.7992690864780300, -70.00000000000000000, -659.9999996933069000 ) ) ;
#2298 = B_SPLINE_CURVE_WITH_KNOTS ( 'NONE', 3,
 ( #3590, #7838, #481, #7236, #4194, #7891, #533, #2371, #5392, #2934, #4824, #2345, #1684, #5442, #4767, #3501, #1769, #1179, #3560, #1657, #7813, #5951, #6034, #1075, #4145, #6603, #6654, #2266, #7863, #6005, #5363, #2987, #5978, #6681, #4170, #1102, #4793, #610, #588, #23, #4910, #4278, #3039, #4985, #3670, #4347, #7394, #6736, #4300, #3066, #4321, #6781 ),
 .UNSPECIFIED., .F., .F.,
 ( 4, 2, 2, 2, 2, 2, 2, 2, 2, 2, 2, 2, 2, 2, 2, 2, 2, 2, 2, 2, 2, 2, 2, 2, 2, 4 ),
 ( 1.127436811220733500E-016, 0.0005011265150205489500, 0.001002253030040985100, 0.002004506060081525300, 0.003006759090122065100, 0.004009012120162604900, 0.006013518180243985400, 0.008018024240325365800, 0.01002253030040674800, 0.01102478333044735300, 0.01202703636048795700, 0.01302928939052856200, 0.01403154242056916900, 0.01603604848065031200, 0.01804055454073145600, 0.02004506060081260100, 0.02104731363085315200, 0.02204956666089370400, 0.02305181969093425500, 0.02405407272097480700, 0.02605857878105615300, 0.02806308484113749800, 0.03006759090121884800, 0.03106984393125936100, 0.03157097044627945500, 0.03207209696129954800 ),
 .UNSPECIFIED. ) ;
#2299 = CARTESIAN_POINT ( 'NONE',  ( -729.5885947223564500, 26.48465647974862900, 120.3397264064608500 ) ) ;
#2300 = CARTESIAN_POINT ( 'NONE',  ( -919.0245621517921100, 76.47828466112915200, 81.59951836259084200 ) ) ;
#2301 = ORIENTED_EDGE ( 'NONE', *, *, #1419, .F. ) ;
#2302 = EDGE_CURVE ( 'NONE', #7380, #940, #5983, .T. ) ;
#2303 = CARTESIAN_POINT ( 'NONE',  ( -5.573406319792084700E-011, 145.4327230323256400, -144.6856185281506600 ) ) ;
#2304 = CARTESIAN_POINT ( 'NONE',  ( -916.1761530242706600, 52.87348742163909100, -105.6062142766431000 ) ) ;
#2305 = CARTESIAN_POINT ( 'NONE',  ( -598.2451320953588300, -33.88587052848078000, 824.6142396099121500 ) ) ;
#2306 =( GEOMETRIC_REPRESENTATION_CONTEXT ( 3 ) GLOBAL_UNCERTAINTY_ASSIGNED_CONTEXT ( ( #2139 ) ) GLOBAL_UNIT_ASSIGNED_CONTEXT ( ( #660, #4348, #6782 ) ) REPRESENTATION_CONTEXT ( 'NONE', 'WORKASPACE' ) );
#2307 = CARTESIAN_POINT ( 'NONE',  ( -16.81885035967480500, 300.6062346136862400, 239.9999999999999400 ) ) ;
#2308 = ORIENTED_EDGE ( 'NONE', *, *, #3116, .F. ) ;
#2309 = CARTESIAN_POINT ( 'NONE',  ( -668.2451321844303000, 67.79201087104915800, -650.0000000000000000 ) ) ;
#2310 = CARTESIAN_POINT ( 'NONE',  ( -157.1660011963852200, 319.4917124422457300, -239.9999999999997700 ) ) ;
#2311 = CARTESIAN_POINT ( 'NONE',  ( -933.9434271286185100, 7.164169077462492700, -50.39632342440564400 ) ) ;
#2312 = CARTESIAN_POINT ( 'NONE',  ( -735.8673913337888700, 127.8887512847990400, -116.9030234751927800 ) ) ;
#2313 = CARTESIAN_POINT ( 'NONE',  ( -351.1348627407838900, 167.0231835658232700, 650.0000000000000000 ) ) ;
#2314 = CARTESIAN_POINT ( 'NONE',  ( -1025.536692396613700, 24.33143166105051200, -49.79184934594356800 ) ) ;
#2315 = CARTESIAN_POINT ( 'NONE',  ( -1047.420130028388000, -1.403294754132998500, 41.14998190842976600 ) ) ;
#2316 = VECTOR ( 'NONE', #7305, 1000.000000000000000 ) ;
#2317 = ADVANCED_FACE ( 'NONE', ( #5981 ), #6112, .T. ) ;
#2318 = CARTESIAN_POINT ( 'NONE',  ( -731.4909177900718800, 51.41795551113726500, 95.29295773869347400 ) ) ;
#2319 = CARTESIAN_POINT ( 'NONE',  ( -182.2103963851593800, 309.7549250090536400, 240.0000000000000300 ) ) ;
#2320 = CARTESIAN_POINT ( 'NONE',  ( -876.6408731495237100, 12.08354530912902500, 89.13503094757886900 ) ) ;
#2321 = CARTESIAN_POINT ( 'NONE',  ( -111.1702897969560800, 285.3059213095673400, 140.9799422015873600 ) ) ;
#2322 = DIRECTION ( 'NONE',  ( 0.0000000000000000000, 0.0000000000000000000, -1.000000000000000000 ) ) ;
#2323 = CARTESIAN_POINT ( 'NONE',  ( -668.2451320953587100, -75.19288004169955300, -759.8071196516094700 ) ) ;
#2324 = CIRCLE ( 'NONE', #3363, 93.27419894656252100 ) ;
#2325 = CARTESIAN_POINT ( 'NONE',  ( -728.6926730425634600, 26.57240118126445000, 95.30070621036779200 ) ) ;
#2326 = CARTESIAN_POINT ( 'NONE',  ( -920.2903824219700900, 73.01051709191124000, 92.56665915915354500 ) ) ;
#2327 = ORIENTED_EDGE ( 'NONE', *, *, #2528, .T. ) ;
#2328 = CARTESIAN_POINT ( 'NONE',  ( -5.573319583618286500E-011, 142.1126253170442300, -144.5240137853010100 ) ) ;
#2329 = CARTESIAN_POINT ( 'NONE',  ( -258.7992690864762700, -70.00000000000000000, 689.9999996933069000 ) ) ;
#2330 = CARTESIAN_POINT ( 'NONE',  ( -258.7992690864763300, -19.07355083993054400, 852.6690558460094300 ) ) ;
#2331 = LINE ( 'NONE', #5660, #5599 ) ;
#2332 = CARTESIAN_POINT ( 'NONE',  ( -110.4287047268469500, 313.4778319254067500, -239.9999999999998000 ) ) ;
#2333 = CARTESIAN_POINT ( 'NONE',  ( -49.18140272146264600, 294.1135329940221900, 239.9999999999999400 ) ) ;
#2334 = ORIENTED_EDGE ( 'NONE', *, *, #5044, .F. ) ;
#2335 = EDGE_LOOP ( 'NONE', ( #2776, #1979, #698, #2745, #724, #6143 ) ) ;
#2336 = CARTESIAN_POINT ( 'NONE',  ( -157.1660011963851700, 319.4917124422457300, -137.9225819429058500 ) ) ;
#2337 = AXIS2_PLACEMENT_3D ( 'NONE', #6787, #4855, #1208 ) ;
#2338 = CARTESIAN_POINT ( 'NONE',  ( -180.9517567428960400, 292.6068284092539800, 239.9999999999998900 ) ) ;
#2339 = CARTESIAN_POINT ( 'NONE',  ( -921.5900209938259900, 11.96493952732773100, 98.49608279955539600 ) ) ;
#2340 = CARTESIAN_POINT ( 'NONE',  ( -903.1420864286192200, 22.63471032366720700, 108.1743023418761000 ) ) ;
#2341 = CARTESIAN_POINT ( 'NONE',  ( -367.9313192756203000, 108.1367673492333400, -593.0918799415275100 ) ) ;
#2342 = CARTESIAN_POINT ( 'NONE',  ( -164.7297254362942200, 320.5821515249910500, 240.0000000000000000 ) ) ;
#2343 = CARTESIAN_POINT ( 'NONE',  ( -516.1611622597002900, 10.16888668989800400, -210.4185866888561500 ) ) ;
#2344 = CARTESIAN_POINT ( 'NONE',  ( -766.4222736989182700, -48.49851136813748600, -56.48369132554596900 ) ) ;
#2345 = CARTESIAN_POINT ( 'NONE',  ( -934.5304161944366100, -43.43888046756739400, 50.64175051097254300 ) ) ;
#2346 = EDGE_CURVE ( 'NONE', #6442, #6495, #4092, .T. ) ;
#2347 = ORIENTED_EDGE ( 'NONE', *, *, #7481, .T. ) ;
#2348 = DIRECTION ( 'NONE',  ( -0.0000000000000000000, -1.000000000000000000, 0.0000000000000000000 ) ) ;
#2349 = CARTESIAN_POINT ( 'NONE',  ( -855.3638864233430500, 400.0000000000000000, 114.8816014359641600 ) ) ;
#2350 = CARTESIAN_POINT ( 'NONE',  ( -916.7134592188842800, 54.53435019948062000, 105.4749109226810600 ) ) ;
#2351 = EDGE_LOOP ( 'NONE', ( #3868, #5744, #5780, #6867, #4682, #5310, #357, #1735, #3157 ) ) ;
#2352 = ORIENTED_EDGE ( 'NONE', *, *, #5728, .F. ) ;
#2353 = PLANE ( 'NONE',  #6207 ) ;
#2354 = CARTESIAN_POINT ( 'NONE',  ( -668.2451320953587100, -80.00000000000001400, 899.6142396099120300 ) ) ;
#2355 = ADVANCED_FACE ( 'NONE', ( #4065 ), #876, .T. ) ;
#2356 = CARTESIAN_POINT ( 'NONE',  ( -531.9501749664385700, -5.650588350028082000, -69.73714230385326100 ) ) ;
#2357 = CARTESIAN_POINT ( 'NONE',  ( -876.6818694002371300, 30.41387185905727400, -112.4122685841372800 ) ) ;
#2358 = ORIENTED_EDGE ( 'NONE', *, *, #5976, .T. ) ;
#2359 = CARTESIAN_POINT ( 'NONE',  ( -857.1856712145872700, 78.45652726457913700, -114.0905180219913700 ) ) ;
#2360 = PLANE ( 'NONE',  #6674 ) ;
#2361 = CARTESIAN_POINT ( 'NONE',  ( -179.3092365800490900, 290.9273778152320900, 240.0000000000000000 ) ) ;
#2362 = CARTESIAN_POINT ( 'NONE',  ( -28.90131413134617200, 306.3495533226122200, 143.7222413904409300 ) ) ;
#2363 = CARTESIAN_POINT ( 'NONE',  ( -1035.213616962849100, 21.69446416873040600, 30.15032139521711900 ) ) ;
#2364 = CARTESIAN_POINT ( 'NONE',  ( -855.0379465244517400, 73.34051792130112800, 114.9129884563465400 ) ) ;
#2365 = CARTESIAN_POINT ( 'NONE',  ( -556.7928198234559400, -28.12523666312154100, -824.6142396099121500 ) ) ;
#2366 = DIRECTION ( 'NONE',  ( 1.000000000000000000, 0.0000000000000000000, 0.0000000000000000000 ) ) ;
#2367 = CARTESIAN_POINT ( 'NONE',  ( -889.8048394498115400, -74.52220209115317600, -0.0000000000000000000 ) ) ;
#2368 = ORIENTED_EDGE ( 'NONE', *, *, #7290, .T. ) ;
#2369 = DIRECTION ( 'NONE',  ( 0.0000000000000000000, 0.0000000000000000000, -1.000000000000000000 ) ) ;
#2370 = CARTESIAN_POINT ( 'NONE',  ( -770.0781440828610600, -48.81971161484001700, -64.73844108900411200 ) ) ;
#2371 = CARTESIAN_POINT ( 'NONE',  ( -932.3105498563284100, -43.76756763815709700, 49.93011215991666100 ) ) ;
#2372 = CARTESIAN_POINT ( 'NONE',  ( -930.0000000000557100, 6.857983858691640400, 69.73844108900584600 ) ) ;
#2373 = CARTESIAN_POINT ( 'NONE',  ( -331.8196237465880400, -14.11442655388172800, 832.6853719938512800 ) ) ;
#2374 = CARTESIAN_POINT ( 'NONE',  ( -966.3370979652122500, 3.299422286284750000, 72.52451162079840700 ) ) ;
#2375 = ORIENTED_EDGE ( 'NONE', *, *, #1707, .T. ) ;
#2376 = CARTESIAN_POINT ( 'NONE',  ( -919.3216284226454000, 64.33216172391371400, 101.7668600372665100 ) ) ;
#2377 = ORIENTED_EDGE ( 'NONE', *, *, #6137, .T. ) ;
#2378 = VECTOR ( 'NONE', #1189, 1000.000000000000000 ) ;
#2379 = DIRECTION ( 'NONE',  ( 0.0000000000000000000, 0.0000000000000000000, 1.000000000000000000 ) ) ;
#2380 = CARTESIAN_POINT ( 'NONE',  ( -957.6817991869520500, 38.96419166205900100, -94.47116886415673800 ) ) ;
#2381 = CARTESIAN_POINT ( 'NONE',  ( -14.69771262424084300, 297.0782910168939000, -144.1956947740112000 ) ) ;
#2382 = CARTESIAN_POINT ( 'NONE',  ( -463.5222005909175200, -70.00000000000000000, 697.4999996933069000 ) ) ;
#2383 = SHAPE_DEFINITION_REPRESENTATION ( #3766, #6915 ) ;
#2384 = CIRCLE ( 'NONE', #5486, 154.0000000000000300 ) ;
#2385 = ORIENTED_EDGE ( 'NONE', *, *, #7667, .F. ) ;
#2386 = CIRCLE ( 'NONE', #3119, 170.0000000000001400 ) ;
#2387 = CARTESIAN_POINT ( 'NONE',  ( -110.4287047268469500, 313.4778319254067500, -239.9999999999998000 ) ) ;
#2388 = EDGE_CURVE ( 'NONE', #3057, #908, #5496, .T. ) ;
#2389 = CARTESIAN_POINT ( 'NONE',  ( -182.3606953347470200, 294.4721892885422100, 239.9999999999999700 ) ) ;
#2390 = ORIENTED_EDGE ( 'NONE', *, *, #7413, .T. ) ;
#2391 = CARTESIAN_POINT ( 'NONE',  ( -1033.674350646560200, 22.11417396232764400, 34.26915121570569800 ) ) ;
#2392 = CARTESIAN_POINT ( 'NONE',  ( -862.5200700715798800, 35.17257364488724400, 114.1447627148358800 ) ) ;
#2393 = B_SPLINE_CURVE_WITH_KNOTS ( 'NONE', 3,
 ( #2834, #4663, #2218, #906, #344, #3981, #4606 ),
 .UNSPECIFIED., .F., .F.,
 ( 4, 1, 1, 1, 4 ),
 ( 0.0000000000000000000, 0.2982968211775609600, 0.6153669425867313000, 0.7410739866888770300, 1.000000000000000000 ),
 .UNSPECIFIED. ) ;
#2394 = ADVANCED_FACE ( 'NONE', ( #6839 ), #1633, .T. ) ;
#2395 = CARTESIAN_POINT ( 'NONE',  ( -258.7992690864762700, -50.67788054295346000, 726.8185657517008200 ) ) ;
#2396 = VERTEX_POINT ( 'NONE', #6527 ) ;
#2397 = CARTESIAN_POINT ( 'NONE',  ( -345.2162486971475300, 117.3747192612501500, -650.0000000000000000 ) ) ;
#2398 = CARTESIAN_POINT ( 'NONE',  ( -663.0707898217588100, 63.20167647951369400, 650.0000000000000000 ) ) ;
#2399 = CARTESIAN_POINT ( 'NONE',  ( -765.7254551088470900, -48.43646642707010100, -57.56148005813606300 ) ) ;
#2400 = CARTESIAN_POINT ( 'NONE',  ( -178.8502841063809100, 285.3500615732187400, -138.7239423912731400 ) ) ;
#2401 = APPLICATION_CONTEXT ( 'automotive_design' ) ;
#2402 = CARTESIAN_POINT ( 'NONE',  ( -971.0375125829706300, -46.70541187800886000, 0.0000000000000000000 ) ) ;
#2403 = CARTESIAN_POINT ( 'NONE',  ( -920.2973225776128200, 72.81222478497559800, 92.90511568884946300 ) ) ;
#2404 = EDGE_CURVE ( 'NONE', #5157, #3201, #1753, .T. ) ;
#2405 = FACE_OUTER_BOUND ( 'NONE', #6640, .T. ) ;
#2406 = CARTESIAN_POINT ( 'NONE',  ( -258.7992690864763300, -26.80271886040287700, 864.0285248243515100 ) ) ;
#2407 = CARTESIAN_POINT ( 'NONE',  ( -258.7992690864762200, -38.51535282217552200, -876.6415447500706900 ) ) ;
#2408 = CARTESIAN_POINT ( 'NONE',  ( -172.5302966443478900, 339.2646292416830500, 114.6260239006379900 ) ) ;
#2409 = CARTESIAN_POINT ( 'NONE',  ( -907.0460943670178700, 20.38490741173120600, -106.7420409600020000 ) ) ;
#2410 = FACE_OUTER_BOUND ( 'NONE', #1804, .T. ) ;
#2411 = CARTESIAN_POINT ( 'NONE',  ( -181.7084425294492000, 293.5248389824574200, 239.9999999999999700 ) ) ;
#2412 = ORIENTED_EDGE ( 'NONE', *, *, #970, .T. ) ;
#2413 = CARTESIAN_POINT ( 'NONE',  ( -181.0609160481423600, 147.5000000000000300, -556.1498946487059800 ) ) ;
#2414 = CARTESIAN_POINT ( 'NONE',  ( -731.8165205886452900, 116.0656355729309300, 120.2917345085317900 ) ) ;
#2415 = EDGE_CURVE ( 'NONE', #3476, #3781, #4681, .T. ) ;
#2416 = EDGE_CURVE ( 'NONE', #5084, #4482, #7903, .T. ) ;
#2417 = VERTEX_POINT ( 'NONE', #3594 ) ;
#2418 = CYLINDRICAL_SURFACE ( 'NONE', #2133, 2772.425355089401800 ) ;
#2419 = EDGE_LOOP ( 'NONE', ( #1222, #4836, #3818, #2805, #2221, #7061 ) ) ;
#2420 = CARTESIAN_POINT ( 'NONE',  ( -935.7745354541992800, 7.164169077462492700, -68.19774244339259900 ) ) ;
#2421 = CARTESIAN_POINT ( 'NONE',  ( -525.6114045801858800, -24.59496195835608700, -824.6142396099123700 ) ) ;
#2422 = CARTESIAN_POINT ( 'NONE',  ( -856.1052109713358500, 72.70716347706545000, -114.8324534550013400 ) ) ;
#2423 = CARTESIAN_POINT ( 'NONE',  ( -476.1218229458132200, 22.48589293588766600, 0.0000000000000000000 ) ) ;
#2424 = CARTESIAN_POINT ( 'NONE',  ( -933.2933356284766000, -43.62298600929483400, -50.16466723170431400 ) ) ;
#2425 = CARTESIAN_POINT ( 'NONE',  ( -765.2723080071032200, -48.39628433378288700, -59.09731048008731600 ) ) ;
#2426 = CARTESIAN_POINT ( 'NONE',  ( -150.7580045677902100, 275.8662363198159800, -139.6603517092262100 ) ) ;
#2427 = EDGE_CURVE ( 'NONE', #2490, #7051, #1090, .T. ) ;
#2428 = CARTESIAN_POINT ( 'NONE',  ( -364.5664995695701100, 93.88282382976761700, -650.0000000000000000 ) ) ;
#2429 = CARTESIAN_POINT ( 'NONE',  ( -1008.794651406416500, 24.15058637476397900, 69.96092769962649500 ) ) ;
#2430 = FACE_OUTER_BOUND ( 'NONE', #2441, .T. ) ;
#2431 = CARTESIAN_POINT ( 'NONE',  ( -258.7992690864780900, -70.00000000000000000, 651.3187184546429800 ) ) ;
#2432 = DIRECTION ( 'NONE',  ( 1.000000000000000000, 0.0000000000000000000, -0.0000000000000000000 ) ) ;
#2433 = CARTESIAN_POINT ( 'NONE',  ( -668.2451320953588300, -7.665048922251375400, 778.4385559384875300 ) ) ;
#2434 = CARTESIAN_POINT ( 'NONE',  ( -328.9042016454120000, 142.3159073641449800, -595.8288105596224100 ) ) ;
#2435 = EDGE_CURVE ( 'NONE', #7352, #5501, #4745, .T. ) ;
#2436 = CARTESIAN_POINT ( 'NONE',  ( -860.0524336286268900, 36.16760311012000500, -114.4089845489030800 ) ) ;
#2437 = CARTESIAN_POINT ( 'NONE',  ( -733.1112887348751900, 26.14035062502194500, 95.15374386093374400 ) ) ;
#2438 = CARTESIAN_POINT ( 'NONE',  ( -333.6794560061977100, -11.68144680918966000, 826.7469638656815500 ) ) ;
#2439 = CARTESIAN_POINT ( 'NONE',  ( -171.1860726752404400, 285.7898263294464400, 240.0000000000000000 ) ) ;
#2440 = CARTESIAN_POINT ( 'NONE',  ( -860.0401653883415100, 36.17283894786665900, 114.4102738448823100 ) ) ;
#2441 = EDGE_LOOP ( 'NONE', ( #765, #5140, #5698, #4924 ) ) ;
#2442 = ORIENTED_EDGE ( 'NONE', *, *, #2827, .T. ) ;
#2443 = CARTESIAN_POINT ( 'NONE',  ( -855.3768765485673400, 73.13568227813171100, 114.8803472640970100 ) ) ;
#2444 = DIRECTION ( 'NONE',  ( 0.0000000000000000000, 0.0000000000000000000, 1.000000000000000000 ) ) ;
#2445 = ORIENTED_EDGE ( 'NONE', *, *, #2654, .T. ) ;
#2446 = DIRECTION ( 'NONE',  ( 0.0000000000000000000, 1.000000000000000000, 0.0000000000000000000 ) ) ;
#2447 = CARTESIAN_POINT ( 'NONE',  ( -930.6681459972516000, -44.07755817682297600, -69.73868829033644100 ) ) ;
#2448 = CARTESIAN_POINT ( 'NONE',  ( -668.2451320953587100, -70.00000000000000000, 899.6142396099120300 ) ) ;
#2449 = CARTESIAN_POINT ( 'NONE',  ( -183.0589965845883300, 290.4453153110001700, -138.5836519753328800 ) ) ;
#2450 = EDGE_CURVE ( 'NONE', #1409, #3633, #5315, .T. ) ;
#2451 = CARTESIAN_POINT ( 'NONE',  ( -484.1607765168670900, -24.50799641006221900, 829.6142396099119200 ) ) ;
#2452 = CARTESIAN_POINT ( 'NONE',  ( -1030.471267348509900, 30.98963911588032300, -32.91195045358919200 ) ) ;
#2453 = CARTESIAN_POINT ( 'NONE',  ( -1019.471936480288300, 21.40775444708674900, 59.02327778570984400 ) ) ;
#2454 = AXIS2_PLACEMENT_3D ( 'NONE', #7745, #4133, #4782 ) ;
#2455 = CARTESIAN_POINT ( 'NONE',  ( -173.0670256818700400, 339.0756859794103700, 135.1315742728410200 ) ) ;
#2456 = CARTESIAN_POINT ( 'NONE',  ( -244.6571334627453800, -70.00000000000000000, 699.9999996933069000 ) ) ;
#2457 = CARTESIAN_POINT ( 'NONE',  ( -258.7992690864763300, -22.92118753055381200, 742.6361122812792200 ) ) ;
#2458 = CARTESIAN_POINT ( 'NONE',  ( -858.5902997725838800, 36.82466308761275500, -114.5607186135614800 ) ) ;
#2459 = EDGE_LOOP ( 'NONE', ( #1959, #4939, #6226, #825 ) ) ;
#2460 = CARTESIAN_POINT ( 'NONE',  ( -860.2549962005715500, 88.48472478379025600, -108.4305173114446600 ) ) ;
#2461 = CARTESIAN_POINT ( 'NONE',  ( -298.9630571248687300, -34.21512753775022000, 866.0728069819144800 ) ) ;
#2462 = CARTESIAN_POINT ( 'NONE',  ( -147.5772821508928400, 281.0063787540704500, 240.0000000000000300 ) ) ;
#2463 = CARTESIAN_POINT ( 'NONE',  ( -185.8558593327761600, 334.5736676761703200, 113.8447570626926800 ) ) ;
#2464 = DIRECTION ( 'NONE',  ( 3.389407260298388800E-017, 1.000000000000000000, 0.0000000000000000000 ) ) ;
#2465 = VERTEX_POINT ( 'NONE', #537 ) ;
#2466 = CARTESIAN_POINT ( 'NONE',  ( -998.1388885927550500, 22.00633187007248300, -77.90512235633939000 ) ) ;
#2467 = CARTESIAN_POINT ( 'NONE',  ( -342.6364562004772000, 111.5216994009667200, -650.0000000000000000 ) ) ;
#2468 = CARTESIAN_POINT ( 'NONE',  ( -135.8262505225143600, 352.1854547018975300, 115.4209030207743500 ) ) ;
#2469 = ORIENTED_EDGE ( 'NONE', *, *, #6281, .T. ) ;
#2470 = CARTESIAN_POINT ( 'NONE',  ( -184.6267484020527300, 302.0000000000000600, 239.9999999999999100 ) ) ;
#2471 = CARTESIAN_POINT ( 'NONE',  ( -938.1650213226174600, -42.88749512045819000, -53.53073804037050800 ) ) ;
#2472 = CARTESIAN_POINT ( 'NONE',  ( -767.6427836568856300, -48.61155446940478700, 64.02651287558529700 ) ) ;
#2473 = CARTESIAN_POINT ( 'NONE',  ( -146.9854125213493900, 275.8644829610982500, -139.7861047774408700 ) ) ;
#2474 = ORIENTED_EDGE ( 'NONE', *, *, #600, .T. ) ;
#2475 = CARTESIAN_POINT ( 'NONE',  ( -308.7992690864779800, 275.0000000000000000, 659.9999996933067900 ) ) ;
#2476 = CARTESIAN_POINT ( 'NONE',  ( 4.747416705071056100, 375.1674090797846500, 119.8299807186488000 ) ) ;
#2477 = FACE_OUTER_BOUND ( 'NONE', #7560, .T. ) ;
#2478 = CARTESIAN_POINT ( 'NONE',  ( -176.4606541778325400, 315.3164825784805900, 138.8035967221931100 ) ) ;
#2479 = ORIENTED_EDGE ( 'NONE', *, *, #6737, .T. ) ;
#2480 = FACE_BOUND ( 'NONE', #5455, .T. ) ;
#2481 = CARTESIAN_POINT ( 'NONE',  ( -157.1660011963840300, 324.6407268731143200, 137.9225819429060500 ) ) ;
#2482 = CARTESIAN_POINT ( 'NONE',  ( -258.7992690864762700, -70.00000000000000000, -689.9999996933069000 ) ) ;
#2483 = CARTESIAN_POINT ( 'NONE',  ( -258.7992690864762700, -6.132400544000401700, 815.6652136617636900 ) ) ;
#2484 = CARTESIAN_POINT ( 'NONE',  ( -129.9201570822422100, 315.9834700994272200, -140.3549466254110900 ) ) ;
#2485 = CARTESIAN_POINT ( 'NONE',  ( -258.7992690864763900, -10.19871404834116300, -832.8233594305072500 ) ) ;
#2486 = VERTEX_POINT ( 'NONE', #7264 ) ;
#2487 = CARTESIAN_POINT ( 'NONE',  ( -1012.809502501466100, 43.46342736086184300, 37.02459158161185800 ) ) ;
#2488 = CARTESIAN_POINT ( 'NONE',  ( -148.0891488092130400, 281.0015341802812300, 240.0000000000000300 ) ) ;
#2489 = CARTESIAN_POINT ( 'NONE',  ( -855.4052764537871100, 73.21699231938879400, 114.8776019093388500 ) ) ;
#2490 = VERTEX_POINT ( 'NONE', #3618 ) ;
#2491 = ADVANCED_FACE ( 'NONE', ( #3967 ), #181, .T. ) ;
#2492 = B_SPLINE_CURVE_WITH_KNOTS ( 'NONE', 3,
 ( #405, #4125, #2304, #7764 ),
 .UNSPECIFIED., .F., .F.,
 ( 4, 4 ),
 ( 4.163336342344337000E-017, 0.0002739323915654737400 ),
 .UNSPECIFIED. ) ;
#2493 = CARTESIAN_POINT ( 'NONE',  ( -802.3608228219858300, -55.78052167908376200, -0.0000000000000000000 ) ) ;
#2494 = CARTESIAN_POINT ( 'NONE',  ( -937.3585397690145600, 7.164169077462492700, -66.93370321885431900 ) ) ;
#2495 = CARTESIAN_POINT ( 'NONE',  ( -668.2451320953587100, -26.73550486849134300, 795.2660056561549000 ) ) ;
#2496 = CARTESIAN_POINT ( 'NONE',  ( -769.0642468253602100, 32.25061285086973600, -479.9273741711696200 ) ) ;
#2497 = CARTESIAN_POINT ( 'NONE',  ( -711.8568504542175800, -28.00425256398110500, -269.8670942215699100 ) ) ;
#2498 = CARTESIAN_POINT ( 'NONE',  ( -308.7992690864780300, 140.4205989181334900, -650.0000000000000000 ) ) ;
#2499 = CARTESIAN_POINT ( 'NONE',  ( -861.8390839906575100, 95.78556868610391500, 96.33447868711157000 ) ) ;
#2500 = CARTESIAN_POINT ( 'NONE',  ( -181.7637522984171600, 288.4551428890910600, -138.6268267848719200 ) ) ;
#2501 = VECTOR ( 'NONE', #4913, 1000.000000000000000 ) ;
#2502 = CARTESIAN_POINT ( 'NONE',  ( -308.7992690864780300, -80.00000000000000000, -501.6713962796285400 ) ) ;
#2503 = CARTESIAN_POINT ( 'NONE',  ( -152.7171670022829100, 322.8529575315885200, 139.5950462947508300 ) ) ;
#2504 = CARTESIAN_POINT ( 'NONE',  ( -258.7992690864763300, -27.21805810361029600, 736.7923413143383900 ) ) ;
#2505 = VECTOR ( 'NONE', #3451, 1000.000000000000000 ) ;
#2506 = CARTESIAN_POINT ( 'NONE',  ( -73.70410841174263800, 308.4268584105810200, -142.2288149144277200 ) ) ;
#2507 = CARTESIAN_POINT ( 'NONE',  ( -668.2451320953584900, -5.974759577372907400, -749.0305417995938300 ) ) ;
#2508 = ORIENTED_EDGE ( 'NONE', *, *, #892, .F. ) ;
#2509 = CARTESIAN_POINT ( 'NONE',  ( -348.2451320953587700, -11.58393183929655400, 824.6142396099118100 ) ) ;
#2510 = CARTESIAN_POINT ( 'NONE',  ( -145.8676599028875700, 281.0636723490665100, 239.9999999999999700 ) ) ;
#2511 = ORIENTED_EDGE ( 'NONE', *, *, #5870, .T. ) ;
#2512 = CARTESIAN_POINT ( 'NONE',  ( -302.9569381587112400, 275.0000000000000600, 648.5980920192125700 ) ) ;
#2513 = EDGE_CURVE ( 'NONE', #2592, #6792, #2117, .T. ) ;
#2514 = CARTESIAN_POINT ( 'NONE',  ( -861.6342496577638000, 96.68124017129572700, -89.96129063427129300 ) ) ;
#2515 = CARTESIAN_POINT ( 'NONE',  ( -668.2451320953586000, -32.68409736124925800, 802.2093663684906900 ) ) ;
#2516 = CARTESIAN_POINT ( 'NONE',  ( -738.5187333241516400, 136.0786923256630700, 108.4409687158924500 ) ) ;
#2517 = CARTESIAN_POINT ( 'NONE',  ( -662.9695032946231100, -74.14869789239114100, -699.9999996933067900 ) ) ;
#2518 = CARTESIAN_POINT ( 'NONE',  ( -938.1633962595910800, -42.93703643166107800, -65.97487429226177400 ) ) ;
#2519 = CARTESIAN_POINT ( 'NONE',  ( -859.7458978054858100, 86.68399248693653200, 109.9629069262839200 ) ) ;
#2520 = CARTESIAN_POINT ( 'NONE',  ( -40.08396188827545400, 290.4532767321820200, -143.3494864652100200 ) ) ;
#2521 = CARTESIAN_POINT ( 'NONE',  ( -1003.431349255079000, 46.76479312401213700, 48.53125273630164600 ) ) ;
#2522 = ADVANCED_FACE ( 'NONE', ( #4265 ), #1362, .T. ) ;
#2523 = CARTESIAN_POINT ( 'NONE',  ( -173.2789348817273400, 317.2041550873543700, 138.9096540321482100 ) ) ;
#2524 = ORIENTED_EDGE ( 'NONE', *, *, #3816, .F. ) ;
#2525 = CARTESIAN_POINT ( 'NONE',  ( -488.4730880593238000, 4.561059485897862600, 0.0000000000000000000 ) ) ;
#2526 = CARTESIAN_POINT ( 'NONE',  ( -668.2451320953587100, -10.19822965356061900, 785.9337814937891800 ) ) ;
#2527 = CARTESIAN_POINT ( 'NONE',  ( -18.77492402944717000, 298.8741379747917800, -144.0597877271709100 ) ) ;
#2528 = EDGE_CURVE ( 'NONE', #5388, #6032, #3864, .T. ) ;
#2529 = CARTESIAN_POINT ( 'NONE',  ( -258.7992690864762200, -6.537420021803906200, -818.1862589886712800 ) ) ;
#2530 = AXIS2_PLACEMENT_3D ( 'NONE', #7631, #4650, #1452 ) ;
#2531 = VERTEX_POINT ( 'NONE', #3069 ) ;
#2532 = CARTESIAN_POINT ( 'NONE',  ( -258.7992690864762700, -107.9167110779793600, 800.6157371971660300 ) ) ;
#2533 = LINE ( 'NONE', #1539, #914 ) ;
#2534 = AXIS2_PLACEMENT_3D ( 'NONE', #7123, #5189, #2181 ) ;
#2535 = CARTESIAN_POINT ( 'NONE',  ( -232.4039214512362200, 274.9999999999999400, 610.6949500059804400 ) ) ;
#2536 = ORIENTED_EDGE ( 'NONE', *, *, #7767, .F. ) ;
#2537 = B_SPLINE_CURVE_WITH_KNOTS ( 'NONE', 3,
 ( #1261, #3101, #3659, #1977, #4385, #5041 ),
 .UNSPECIFIED., .F., .F.,
 ( 4, 1, 1, 4 ),
 ( 0.0000000000000000000, 0.8318059279503584600, 0.9159029244924025100, 1.000000000000000000 ),
 .UNSPECIFIED. ) ;
#2538 = CARTESIAN_POINT ( 'NONE',  ( -731.8155817058664100, 51.43869147891317800, 120.2917546574238100 ) ) ;
#2539 = CARTESIAN_POINT ( 'NONE',  ( -970.4037882827204800, 2.925072896146061000, -68.60026894045606100 ) ) ;
#2540 = CARTESIAN_POINT ( 'NONE',  ( -668.2451320953587100, -16.30785887005471200, 748.0490170601966600 ) ) ;
#2541 = DIRECTION ( 'NONE',  ( 0.03331483023263846100, -0.0000000000000000000, 0.9994449069791543300 ) ) ;
#2542 = CARTESIAN_POINT ( 'NONE',  ( -668.2451320953587100, -80.00000000000000000, -699.9999996933069000 ) ) ;
#2543 = CARTESIAN_POINT ( 'NONE',  ( -769.9168439514658100, -48.80627692409212400, 64.73158319074023800 ) ) ;
#2544 = CARTESIAN_POINT ( 'NONE',  ( -516.1611622597002900, 10.16888668989800400, 210.4185866888561500 ) ) ;
#2545 = EDGE_CURVE ( 'NONE', #1696, #4482, #2324, .T. ) ;
#2546 = DIRECTION ( 'NONE',  ( 0.09746564986556016700, -0.9952388894613614100, 0.0000000000000000000 ) ) ;
#2547 = ORIENTED_EDGE ( 'NONE', *, *, #1363, .F. ) ;
#2548 = CARTESIAN_POINT ( 'NONE',  ( -163.1156327466065600, 342.5788477500598800, 114.7553023385458600 ) ) ;
#2549 = CARTESIAN_POINT ( 'NONE',  ( -769.9169775291858300, 22.53522073395985000, 64.73158886998182000 ) ) ;
#2550 = CARTESIAN_POINT ( 'NONE',  ( -215.9181161961220100, 20.00000000000000700, -617.5920786935262200 ) ) ;
#2551 = CARTESIAN_POINT ( 'NONE',  ( -34.48340785903697300, 302.2552558492658400, -143.5361715995178700 ) ) ;
#2552 = CARTESIAN_POINT ( 'NONE',  ( -668.2451320953588300, -18.82707248544079800, -718.2291422653786400 ) ) ;
#2553 = ORIENTED_EDGE ( 'NONE', *, *, #1760, .F. ) ;
#2554 = DIRECTION ( 'NONE',  ( -1.000000000000000000, -0.0000000000000000000, 0.0000000000000000000 ) ) ;
#2555 = EDGE_LOOP ( 'NONE', ( #1881, #4019, #904, #6470 ) ) ;
#2556 = VECTOR ( 'NONE', #7900, 1000.000000000000100 ) ;
#2557 = EDGE_CURVE ( 'NONE', #5274, #4387, #6261, .T. ) ;
#2558 = EDGE_CURVE ( 'NONE', #4572, #2396, #1548, .T. ) ;
#2559 = CARTESIAN_POINT ( 'NONE',  ( -916.2188226148689400, 53.05136739624617800, 105.5957882377810400 ) ) ;
#2560 = FACE_OUTER_BOUND ( 'NONE', #4683, .T. ) ;
#2561 = ORIENTED_EDGE ( 'NONE', *, *, #6252, .F. ) ;
#2562 = SURFACE_STYLE_FILL_AREA ( #5573 ) ;
#2563 = CARTESIAN_POINT ( 'NONE',  ( -668.2451320953586000, -19.79265199084486300, 736.6444580838646100 ) ) ;
#2564 = ORIENTED_EDGE ( 'NONE', *, *, #3816, .T. ) ;
#2565 = CARTESIAN_POINT ( 'NONE',  ( -734.4425480103329800, 123.6849575818748400, 118.9112226189439400 ) ) ;
#2566 = CARTESIAN_POINT ( 'NONE',  ( -958.7206509622672000, 62.50417855656493800, -70.53335518855084300 ) ) ;
#2567 = CARTESIAN_POINT ( 'NONE',  ( -1007.589910239763600, 0.8351890653911342400, -39.56955737032578200 ) ) ;
#2568 = CARTESIAN_POINT ( 'NONE',  ( -856.4496461967273700, 76.24316764291930300, 114.6204875268058300 ) ) ;
#2569 = CARTESIAN_POINT ( 'NONE',  ( -51.29488841521165200, 288.6266410135687000, -142.9757889143121800 ) ) ;
#2570 = LINE ( 'NONE', #7219, #571 ) ;
#2571 = CARTESIAN_POINT ( 'NONE',  ( -721.5093510031267700, -27.39914864066261700, -0.0000000000000000000 ) ) ;
#2572 = EDGE_CURVE ( 'NONE', #676, #1341, #402, .T. ) ;
#2573 = ORIENTED_EDGE ( 'NONE', *, *, #4209, .T. ) ;
#2574 = DIRECTION ( 'NONE',  ( 0.9995977273866849500, -3.388043794582199500E-017, 0.02836165374893921000 ) ) ;
#2575 = DIRECTION ( 'NONE',  ( 1.000000000000000000, -3.469446951953614200E-017, 0.0000000000000000000 ) ) ;
#2576 = CARTESIAN_POINT ( 'NONE',  ( -587.9023616705304700, -32.27162947608811500, 824.6142396099122600 ) ) ;
#2577 = CARTESIAN_POINT ( 'NONE',  ( -308.7992690864780300, 275.0000000000000000, -650.0000000000000000 ) ) ;
#2578 = CARTESIAN_POINT ( 'NONE',  ( -158.0005438566580300, 317.0272250030445800, -139.4189337329305800 ) ) ;
#2579 = CARTESIAN_POINT ( 'NONE',  ( -668.2451320953588300, -18.82707248544078000, -801.3850970378408600 ) ) ;
#2580 = AXIS2_PLACEMENT_3D ( 'NONE', #453, #6065, #2322 ) ;
#2581 =( BOUNDED_SURFACE ( )  B_SPLINE_SURFACE ( 3, 2, ( 
 ( #2437, #7928, #6745 ),
 ( #7247, #6078, #4862 ),
 ( #4779, #1191, #3574 ),
 ( #3026, #1832, #1805 ) ),
 .UNSPECIFIED., .F., .F., .F. ) 
 B_SPLINE_SURFACE_WITH_KNOTS ( ( 4, 4 ),
 ( 3, 3 ),
 ( 4.809678397221721200, 4.870489524019419000 ),
 ( 0.0000000000000000000, 1.000000000000000000 ),
 .UNSPECIFIED. ) 
 GEOMETRIC_REPRESENTATION_ITEM ( )  RATIONAL_B_SPLINE_SURFACE ( (
 ( 1.000000000000000000, 0.7059617306419783100, 1.000000000000000000),
 ( 1.000000000000000000, 0.7057237181777712400, 1.000000000000000000),
 ( 1.000000000000000000, 0.7054862917972498600, 1.000000000000000000),
 ( 1.000000000000000000, 0.7052498927114205800, 1.000000000000000000) ) ) 
 REPRESENTATION_ITEM ( '' )  SURFACE ( )  );
#2582 = CARTESIAN_POINT ( 'NONE',  ( -14.62674840205289900, 296.8509855691290200, 124.8134416622476700 ) ) ;
#2583 = FACE_OUTER_BOUND ( 'NONE', #6500, .T. ) ;
#2584 = CARTESIAN_POINT ( 'NONE',  ( -767.9768119110273100, -49.25061185733253700, -64.22119555543962100 ) ) ;
#2585 = EDGE_CURVE ( 'NONE', #5501, #6928, #5401, .T. ) ;
#2586 = ADVANCED_FACE ( 'NONE', ( #2410 ), #3371, .F. ) ;
#2587 = CARTESIAN_POINT ( 'NONE',  ( -668.2451320953587100, 274.9999999999999400, 659.9999996933069000 ) ) ;
#2588 = FACE_OUTER_BOUND ( 'NONE', #653, .T. ) ;
#2589 = CARTESIAN_POINT ( 'NONE',  ( -258.7992690864763300, -18.87117108755875700, 772.7109339378708900 ) ) ;
#2590 = DIRECTION ( 'NONE',  ( -0.0000000000000000000, -1.000000000000000000, -0.0000000000000000000 ) ) ;
#2591 = CARTESIAN_POINT ( 'NONE',  ( -663.8279370231085700, -73.15598744299200000, -699.9999996933071300 ) ) ;
#2592 = VERTEX_POINT ( 'NONE', #120 ) ;
#2593 = CARTESIAN_POINT ( 'NONE',  ( -957.6817991869512500, 38.96419166205920000, 94.47116886415820100 ) ) ;
#2594 = CARTESIAN_POINT ( 'NONE',  ( -769.2831414461533100, -48.74657416520325600, 54.82518889372108400 ) ) ;
#2595 = CARTESIAN_POINT ( 'NONE',  ( -133.7993754793504600, 277.2180419284787300, -140.2256393455074900 ) ) ;
#2596 = VERTEX_POINT ( 'NONE', #5067 ) ;
#2597 = ORIENTED_EDGE ( 'NONE', *, *, #4122, .F. ) ;
#2598 = CARTESIAN_POINT ( 'NONE',  ( -308.7992690864780300, 20.00000000000000400, -501.6713962796285400 ) ) ;
#2599 = CARTESIAN_POINT ( 'NONE',  ( -967.6010026090789300, 3.175645684720102200, 71.59536485726658800 ) ) ;
#2600 = CARTESIAN_POINT ( 'NONE',  ( -903.0246570427779000, 26.98952944912001300, 108.6882906446278400 ) ) ;
#2601 = CARTESIAN_POINT ( 'NONE',  ( -970.4037882827204800, 2.925072896146058400, 68.60026894045719800 ) ) ;
#2602 = CARTESIAN_POINT ( 'NONE',  ( -1020.631920869481100, 0.1022197289525001600, 57.37009663405524400 ) ) ;
#2603 = CARTESIAN_POINT ( 'NONE',  ( -303.2451320953590500, -44.87035782338929800, -874.6142396099120300 ) ) ;
#2604 = CARTESIAN_POINT ( 'NONE',  ( -668.2451320953587100, -47.48381207070705300, -695.4214826468224800 ) ) ;
#2605 = VECTOR ( 'NONE', #6334, 1000.000000000000100 ) ;
#2606 = CARTESIAN_POINT ( 'NONE',  ( -765.1542559618690100, -49.25061185733253700, -59.50158609400679700 ) ) ;
#2607 = B_SPLINE_CURVE_WITH_KNOTS ( 'NONE', 3,
 ( #2086, #7622, #2701, #1564, #5184, #5125, #242, #4051, #5791, #7063, #1447, #4534, #5738, #3314, #860, #4618, #7690, #325, #950, #5154, #1535, #7007, #3376, #5857, #7089, #7035, #6456, #5765, #921, #3282, #2174, #3964, #2144, #268 ),
 .UNSPECIFIED., .F., .F.,
 ( 4, 2, 2, 2, 2, 2, 2, 2, 2, 2, 2, 2, 2, 2, 2, 2, 4 ),
 ( 0.0000000000000000000, 0.002603871004823463900, 0.005207742009646927800, 0.01041548401929385600, 0.02083096803858771800, 0.02343483904341121800, 0.02603871004823472100, 0.03124645205788173200, 0.03645419406752874200, 0.04166193607717575500, 0.04686967808682276200, 0.05207742009646977600, 0.05728516210611679000, 0.06249290411576381700, 0.07290838813505772000, 0.07811613014470453200, 0.08332387215435135800 ),
 .UNSPECIFIED. ) ;
#2608 = CARTESIAN_POINT ( 'NONE',  ( -543.7848070721095200, -2.460686034315916700, -69.84760131456170000 ) ) ;
#2609 = CARTESIAN_POINT ( 'NONE',  ( -769.6962191069245600, -49.25060836388760100, 54.75875204565061700 ) ) ;
#2610 = CARTESIAN_POINT ( 'NONE',  ( -168.3225630098066900, 20.00000000000000400, 557.6247846370876000 ) ) ;
#2611 = CARTESIAN_POINT ( 'NONE',  ( -190.7992690864780100, 275.0000000000000000, -567.4692979904547200 ) ) ;
#2612 = CARTESIAN_POINT ( 'NONE',  ( -531.9501749664385700, -5.650588350028089100, 69.73714230385326100 ) ) ;
#2613 = CARTESIAN_POINT ( 'NONE',  ( -918.2231727208904900, 76.76039560137721200, 81.39884599997316200 ) ) ;
#2614 = CARTESIAN_POINT ( 'NONE',  ( -14.62674840205265900, 296.7907676215860400, -144.1980602480840600 ) ) ;
#2615 = VERTEX_POINT ( 'NONE', #5091 ) ;
#2616 = ORIENTED_EDGE ( 'NONE', *, *, #7962, .F. ) ;
#2617 =( BOUNDED_SURFACE ( )  B_SPLINE_SURFACE ( 3, 2, ( 
 ( #895, #505, #4736 ),
 ( #6649, #7810, #449 ),
 ( #2235, #6029, #3527 ),
 ( #4141, #5409, #1734 ) ),
 .UNSPECIFIED., .F., .F., .F. ) 
 B_SPLINE_SURFACE_WITH_KNOTS ( ( 4, 4 ),
 ( 3, 3 ),
 ( 4.808096964742087000, 4.919472212044270000 ),
 ( 0.0000000000000000000, 1.000000000000000000 ),
 .UNSPECIFIED. ) 
 GEOMETRIC_REPRESENTATION_ITEM ( )  RATIONAL_B_SPLINE_SURFACE ( (
 ( 1.000000000000000000, 0.7182380075418430800, 1.000000000000000000),
 ( 1.000000000000000000, 0.7225092902759918700, 1.000000000000000000),
 ( 1.000000000000000000, 0.7267194494450940300, 1.000000000000000000),
 ( 1.000000000000000000, 0.7308461844816095400, 1.000000000000000000) ) ) 
 REPRESENTATION_ITEM ( '' )  SURFACE ( )  );
#2618 = ORIENTED_EDGE ( 'NONE', *, *, #4244, .F. ) ;
#2619 = CARTESIAN_POINT ( 'NONE',  ( -770.0781440828610600, 22.51943738479927100, -64.73844108900408400 ) ) ;
#2620 = CARTESIAN_POINT ( 'NONE',  ( -1030.301126051501800, 35.34783972485952600, -17.16482566857392200 ) ) ;
#2621 = CARTESIAN_POINT ( 'NONE',  ( -901.9429414157092400, 6.772616263869140100, 108.9310669347503600 ) ) ;
#2622 = CARTESIAN_POINT ( 'NONE',  ( -971.0375125829706300, -46.70541187800889600, -20.83333333333332900 ) ) ;
#2623 = CARTESIAN_POINT ( 'NONE',  ( -765.2319964260227600, 22.99402990295712700, 60.05816583415932500 ) ) ;
#2624 = CARTESIAN_POINT ( 'NONE',  ( -303.2793393788768400, -42.19472764171727900, -872.5502858440945600 ) ) ;
#2625 = EDGE_CURVE ( 'NONE', #7711, #284, #115, .T. ) ;
#2626 = CARTESIAN_POINT ( 'NONE',  ( -939.3898600259109300, 5.938416889135345000, -63.95860348054563400 ) ) ;
#2627 = AXIS2_PLACEMENT_3D ( 'NONE', #2008, #6306, #849 ) ;
#2628 = CARTESIAN_POINT ( 'NONE',  ( -258.7992690864762200, -25.15808300241506900, -757.5073845854833500 ) ) ;
#2629 = CARTESIAN_POINT ( 'NONE',  ( -770.0121902275802800, 23.42789570974004900, -64.73559679110665900 ) ) ;
#2630 = CARTESIAN_POINT ( 'NONE',  ( -143.1443012970887900, 281.2514600946267400, 240.0000000000000000 ) ) ;
#2631 = VERTEX_POINT ( 'NONE', #5696 ) ;
#2632 = CARTESIAN_POINT ( 'NONE',  ( -940.3841309089868900, -44.47907115522036000, -59.73484047611274400 ) ) ;
#2633 = CARTESIAN_POINT ( 'NONE',  ( -463.5222005909175200, -60.51583775159474500, -857.9639643686445000 ) ) ;
#2634 = CARTESIAN_POINT ( 'NONE',  ( -258.7992690864762200, -33.60388763643727800, 857.0453404100392200 ) ) ;
#2635 = CARTESIAN_POINT ( 'NONE',  ( -739.4566684526904500, 139.6381593679879800, 96.93121068896236600 ) ) ;
#2636 = CARTESIAN_POINT ( 'NONE',  ( -728.9337412876578800, 26.54878752130800400, -95.29554848906605000 ) ) ;
#2637 = CARTESIAN_POINT ( 'NONE',  ( -228.6243624281175400, 20.00000000000000400, -636.7012587792695500 ) ) ;
#2638 = CARTESIAN_POINT ( 'NONE',  ( -766.2234195609777300, -48.48495110301914200, 62.74234688334766500 ) ) ;
#2639 = EDGE_CURVE ( 'NONE', #1480, #2025, #3176, .T. ) ;
#2640 = ORIENTED_EDGE ( 'NONE', *, *, #7842, .T. ) ;
#2641 = DIRECTION ( 'NONE',  ( -0.9427946626885517200, -0.3318894391366361600, -0.03142648875628401000 ) ) ;
#2642 = CARTESIAN_POINT ( 'NONE',  ( -598.2451320953588300, 30.00000000000000000, 829.6142396099121500 ) ) ;
#2643 = ORIENTED_EDGE ( 'NONE', *, *, #3082, .F. ) ;
#2644 = CARTESIAN_POINT ( 'NONE',  ( -952.3915814403646900, 3.937370436140809700, 96.23875389163082200 ) ) ;
#2645 = LINE ( 'NONE', #7116, #1051 ) ;
#2646 = CARTESIAN_POINT ( 'NONE',  ( -993.4463189661401000, 1.630067938277777600, 80.73639523506103900 ) ) ;
#2647 = CARTESIAN_POINT ( 'NONE',  ( -769.7567130265895200, 22.55091574353121300, 54.75612287880492300 ) ) ;
#2648 = DIRECTION ( 'NONE',  ( -0.9448755606252611200, -0.05310261065960561500, 0.3230948586316922400 ) ) ;
#2649 = CARTESIAN_POINT ( 'NONE',  ( -198.6359048933356100, 19.99999999999999600, -611.3094353378248800 ) ) ;
#2650 = CARTESIAN_POINT ( 'NONE',  ( -258.7992690864763300, -31.77050697638992500, -731.3018806866477900 ) ) ;
#2651 = CARTESIAN_POINT ( 'NONE',  ( -1029.706934834912100, 29.34182131440267900, -37.71666584571069300 ) ) ;
#2652 = CARTESIAN_POINT ( 'NONE',  ( -668.2451320953584900, -57.21638610094622400, -702.4500430290158900 ) ) ;
#2653 = FACE_OUTER_BOUND ( 'NONE', #2930, .T. ) ;
#2654 = EDGE_CURVE ( 'NONE', #5277, #1382, #1180, .T. ) ;
#2655 = EDGE_CURVE ( 'NONE', #6962, #6727, #7022, .T. ) ;
#2656 = EDGE_LOOP ( 'NONE', ( #6007, #2050, #6593, #6233 ) ) ;
#2657 = VECTOR ( 'NONE', #3464, 1000.000000000000000 ) ;
#2658 = CARTESIAN_POINT ( 'NONE',  ( -766.8722773087066600, 23.42789570974004900, -56.03015368265838700 ) ) ;
#2659 = CARTESIAN_POINT ( 'NONE',  ( -885.2992644139411600, -54.09632305098299600, 0.0000000000000000000 ) ) ;
#2660 = ORIENTED_EDGE ( 'NONE', *, *, #6383, .T. ) ;
#2661 = CARTESIAN_POINT ( 'NONE',  ( -149.4850723778399400, 281.0064375748174300, 240.0000000000000300 ) ) ;
#2662 = CARTESIAN_POINT ( 'NONE',  ( -668.2451320953587100, -80.00000000000001400, -899.6142396099120300 ) ) ;
#2663 = ADVANCED_FACE ( 'NONE', ( #2989 ), #2217, .T. ) ;
#2664 = CARTESIAN_POINT ( 'NONE',  ( -668.2451320953587100, 70.06135079465764200, -649.9999996933067900 ) ) ;
#2665 = CARTESIAN_POINT ( 'NONE',  ( -668.2451320953587100, -35.94017779089318800, 805.2402848244497600 ) ) ;
#2666 = CARTESIAN_POINT ( 'NONE',  ( -303.2451320953590500, -44.87035782338929800, 874.6142396099120300 ) ) ;
#2667 = CARTESIAN_POINT ( 'NONE',  ( -530.2020976964985300, 0.2943142993471378200, 0.0000000000000000000 ) ) ;
#2668 = CARTESIAN_POINT ( 'NONE',  ( -765.4837298419061000, -48.41492253008956200, 58.15673838877436500 ) ) ;
#2669 = CARTESIAN_POINT ( 'NONE',  ( -14.62674840205266600, 296.8509855691290200, -137.9225819429059600 ) ) ;
#2670 = ORIENTED_EDGE ( 'NONE', *, *, #4702, .F. ) ;
#2671 = CARTESIAN_POINT ( 'NONE',  ( -966.0375125829705200, -38.04515784016426500, -20.83333333333332900 ) ) ;
#2672 = CARTESIAN_POINT ( 'NONE',  ( -1097.719992546004700, -4.230179189302386800, -0.6512759736092188500 ) ) ;
#2673 = CARTESIAN_POINT ( 'NONE',  ( -765.4841861470572400, 22.96933248074994400, -58.15491580254848000 ) ) ;
#2674 = CARTESIAN_POINT ( 'NONE',  ( -1030.798727270738500, 33.72223502344915100, 23.76349326913567900 ) ) ;
#2675 = CARTESIAN_POINT ( 'NONE',  ( -1004.167345983600700, 1.027539364971651300, 44.51969783023805900 ) ) ;
#2676 = CARTESIAN_POINT ( 'NONE',  ( -663.0707898217588100, 63.20167647951369400, -650.0000000000000000 ) ) ;
#2677 = DIRECTION ( 'NONE',  ( 1.000000000000000000, -3.389407260298388800E-017, 0.0000000000000000000 ) ) ;
#2678 = CARTESIAN_POINT ( 'NONE',  ( -18.77492402944723100, 299.9768475943378100, 144.0597877271709700 ) ) ;
#2679 = FACE_OUTER_BOUND ( 'NONE', #5437, .T. ) ;
#2680 = CARTESIAN_POINT ( 'NONE',  ( -313.1243745448825800, -20.23629672650934800, -846.4693013613793900 ) ) ;
#2681 = CARTESIAN_POINT ( 'NONE',  ( -938.3746904046397500, 6.037834393725156600, -53.80605784399198700 ) ) ;
#2682 = CARTESIAN_POINT ( 'NONE',  ( -241.9326085814534800, 81.60189885206995100, -111.4931104115488400 ) ) ;
#2683 = CARTESIAN_POINT ( 'NONE',  ( -668.2451320953587100, -15.88759852906581200, -750.3993387843530600 ) ) ;
#2684 = VECTOR ( 'NONE', #1797, 1000.000000000000100 ) ;
#2685 = CARTESIAN_POINT ( 'NONE',  ( -767.3974554370152000, -49.25061185733253700, -55.61557343847869800 ) ) ;
#2686 = CARTESIAN_POINT ( 'NONE',  ( -937.3200811255742300, -44.47907115696418900, 66.97472584842472500 ) ) ;
#2687 = AXIS2_PLACEMENT_3D ( 'NONE', #3164, #1413, #5682 ) ;
#2688 = CARTESIAN_POINT ( 'NONE',  ( -140.6028232404625600, 281.5108796864503800, 240.0000000000000300 ) ) ;
#2689 = ORIENTED_EDGE ( 'NONE', *, *, #5979, .F. ) ;
#2690 = EDGE_CURVE ( 'NONE', #538, #7958, #7707, .T. ) ;
#2691 = CARTESIAN_POINT ( 'NONE',  ( -541.8872186319583800, -3.150113460416930100, 0.0000000000000000000 ) ) ;
#2692 = CARTESIAN_POINT ( 'NONE',  ( -668.2451320953587100, -80.00000000000001400, -899.6142396099120300 ) ) ;
#2693 = FACE_OUTER_BOUND ( 'NONE', #3154, .T. ) ;
#2694 = MECHANICAL_DESIGN_GEOMETRIC_PRESENTATION_REPRESENTATION (  '', ( #236 ), #4375 ) ;
#2695 = ORIENTED_EDGE ( 'NONE', *, *, #3161, .T. ) ;
#2696 = CARTESIAN_POINT ( 'NONE',  ( -14.62674840205307300, 296.8509855691290200, -144.1980602480840000 ) ) ;
#2697 = CARTESIAN_POINT ( 'NONE',  ( -349.9923780584606400, 114.8995410430773500, 650.0000000000000000 ) ) ;
#2698 = CARTESIAN_POINT ( 'NONE',  ( -769.4396775375269000, -48.75980049973161800, 54.79647228289306300 ) ) ;
#2699 = CARTESIAN_POINT ( 'NONE',  ( 372.4007397240991400, -115.0000000000000400, -1100.000000000000000 ) ) ;
#2700 = ORIENTED_EDGE ( 'NONE', *, *, #6138, .T. ) ;
#2701 = CARTESIAN_POINT ( 'NONE',  ( -1008.479843722427900, 0.7851742346428289800, 38.07874714157663500 ) ) ;
#2702 = CARTESIAN_POINT ( 'NONE',  ( -1028.959050610081200, 36.99549959777644400, 7.349655257884223600 ) ) ;
#2703 = CARTESIAN_POINT ( 'NONE',  ( -145.4005399374369200, 322.9120890120078100, 240.0000000000000300 ) ) ;
#2704 = CARTESIAN_POINT ( 'NONE',  ( -184.3918324311518100, 20.00000000000000000, 592.8142552123962300 ) ) ;
#2705 = PLANE ( 'NONE',  #5825 ) ;
#2706 = CARTESIAN_POINT ( 'NONE',  ( -2.007659678219818200E-013, -80.00000000000000000, -649.9999996933070200 ) ) ;
#2707 = CARTESIAN_POINT ( 'NONE',  ( -976.9737192650881100, 2.555838574129727800, 87.87440580865578000 ) ) ;
#2708 = CARTESIAN_POINT ( 'NONE',  ( -767.1186931637163300, 22.80926207928613500, 63.66391445202589200 ) ) ;
#2709 = CARTESIAN_POINT ( 'NONE',  ( -593.7575160634745500, -25.02859990243446500, -123.2994300147123900 ) ) ;
#2710 = CARTESIAN_POINT ( 'NONE',  ( -173.5007455445488100, 19.99999999999999600, -572.9256033403211200 ) ) ;
#2711 = ADVANCED_FACE ( 'NONE', ( #599 ), #6255, .F. ) ;
#2712 = CARTESIAN_POINT ( 'NONE',  ( -668.2451320953587100, -70.00000000000004300, -689.9999996933069000 ) ) ;
#2713 = CARTESIAN_POINT ( 'NONE',  ( -1079.527261641290100, -3.207736080047484800, -19.25557350944201200 ) ) ;
#2714 = CARTESIAN_POINT ( 'NONE',  ( -258.7992690864762200, -54.35981211829981400, -724.1244608750960200 ) ) ;
#2715 = ORIENTED_EDGE ( 'NONE', *, *, #7783, .T. ) ;
#2716 = VERTEX_POINT ( 'NONE', #5018 ) ;
#2717 = CARTESIAN_POINT ( 'NONE',  ( -1024.906767650067400, 39.20486003513814700, -51.86631232989277200 ) ) ;
#2718 = ORIENTED_EDGE ( 'NONE', *, *, #6604, .T. ) ;
#2719 = CARTESIAN_POINT ( 'NONE',  ( -929.9999970323415300, 7.164169369840226200, 49.73844108900585300 ) ) ;
#2720 = CARTESIAN_POINT ( 'NONE',  ( -128.3348023251957700, 283.0725189227221700, 240.0000000000000600 ) ) ;
#2721 = CARTESIAN_POINT ( 'NONE',  ( -126.2101647875883400, 320.6524889656835200, 239.9999999999999400 ) ) ;
#2722 = FACE_OUTER_BOUND ( 'NONE', #4181, .T. ) ;
#2723 = CARTESIAN_POINT ( 'NONE',  ( -668.2451320953587100, -78.33333333333331400, -689.9999996933069000 ) ) ;
#2724 = CARTESIAN_POINT ( 'NONE',  ( -395.2812234227943700, -70.00000000000000000, -699.9999996933065600 ) ) ;
#2725 = UNCERTAINTY_MEASURE_WITH_UNIT (LENGTH_MEASURE( 1.000000000000000100E-005 ), #5495, 'distance_accuracy_value', 'NONE');
#2726 = CARTESIAN_POINT ( 'NONE',  ( -1021.074700142277500, 20.99602887136788700, -56.80099378340558800 ) ) ;
#2727 = CARTESIAN_POINT ( 'NONE',  ( -396.7006316504052300, 94.88199682567854200, 509.9181256018205800 ) ) ;
#2728 = ORIENTED_EDGE ( 'NONE', *, *, #5141, .T. ) ;
#2729 = CARTESIAN_POINT ( 'NONE',  ( -915.8613613362432500, 25.62572284350428800, -105.6720506881550700 ) ) ;
#2730 = CARTESIAN_POINT ( 'NONE',  ( -1004.508166210119600, 19.88191308001097500, 37.02459158161185800 ) ) ;
#2731 = CARTESIAN_POINT ( 'NONE',  ( -1017.013426819989500, 0.3055814081953639500, -1.706896768676649200 ) ) ;
#2732 = CARTESIAN_POINT ( 'NONE',  ( -142.3769625450480000, 322.6776494057855900, 240.0000000000000000 ) ) ;
#2733 = CARTESIAN_POINT ( 'NONE',  ( -233.8633937309149100, 275.0000000000000000, 623.3844482620955900 ) ) ;
#2734 = CARTESIAN_POINT ( 'NONE',  ( -1021.074700142277700, 20.99602887136783000, 56.80099378340646900 ) ) ;
#2735 = CARTESIAN_POINT ( 'NONE',  ( -657.8329383822367600, -38.04780047810552200, -0.0000000000000000000 ) ) ;
#2736 = CARTESIAN_POINT ( 'NONE',  ( -281.5459626641430200, -70.18518275253379100, -699.9999996933069000 ) ) ;
#2737 = CARTESIAN_POINT ( 'NONE',  ( 8.201396477396263800, 376.6764974038424600, -144.9589984107323600 ) ) ;
#2738 = CARTESIAN_POINT ( 'NONE',  ( -497.7996294928674400, 48.47557972013054000, -576.2282484482782400 ) ) ;
#2739 = CARTESIAN_POINT ( 'NONE',  ( -308.7992690864779800, 275.0000000000000000, -659.9999996933069000 ) ) ;
#2740 = CARTESIAN_POINT ( 'NONE',  ( -931.6619566606490300, 6.695225261043985300, 49.82001358179697100 ) ) ;
#2741 = CARTESIAN_POINT ( 'NONE',  ( -668.2451320953587100, -80.00000000000000000, -699.9999996933069000 ) ) ;
#2742 = B_SPLINE_CURVE_WITH_KNOTS ( 'NONE', 3,
 ( #1839, #4873, #5411, #2955, #4218, #1146, #5438, #6312, #5444, #2373, #4138, #3583, #1621, #7884, #6647, #3524, #2951, #2878, #3466, #1677, #4760, #472, #2849, #6027, #447, #7254, #1733, #390, #4674, #1011, #5328, #2287, #3554, #2904, #6597, #5300 ),
 .UNSPECIFIED., .F., .F.,
 ( 4, 2, 2, 2, 2, 2, 2, 2, 2, 2, 2, 2, 2, 2, 2, 2, 2, 4 ),
 ( 5.551115123125782700E-017, 0.005019068687238715400, 0.01003813737447737500, 0.01254767171809662400, 0.01505720606171587400, 0.02007627474895426100, 0.02509534343619265400, 0.02760487777981169400, 0.03011441212343073500, 0.04015254949790728100, 0.04266208384152629700, 0.04517161818514530600, 0.05019068687238331700, 0.05520975555962134200, 0.06022882424685935300, 0.07026696162133563800, 0.07528603030857386500, 0.08030509899581210500 ),
 .UNSPECIFIED. ) ;
#2743 = EDGE_LOOP ( 'NONE', ( #5770, #2147, #2385, #6619, #2750 ) ) ;
#2744 = EDGE_CURVE ( 'NONE', #1152, #5084, #3576, .T. ) ;
#2745 = ORIENTED_EDGE ( 'NONE', *, *, #600, .F. ) ;
#2746 = CARTESIAN_POINT ( 'NONE',  ( -730.6648867060363300, 40.39961219136357300, 117.7797356073402600 ) ) ;
#2747 = CARTESIAN_POINT ( 'NONE',  ( -739.4335370044988200, 139.6992244574321400, 95.30066013804217600 ) ) ;
#2748 = CARTESIAN_POINT ( 'NONE',  ( -937.3144158156588900, -44.47907115696418900, 52.49660499083597600 ) ) ;
#2749 = CARTESIAN_POINT ( 'NONE',  ( -140.7838502806023400, 281.4903817201338300, 240.0000000000000600 ) ) ;
#2750 = ORIENTED_EDGE ( 'NONE', *, *, #2572, .T. ) ;
#2751 = VECTOR ( 'NONE', #619, 1000.000000000000000 ) ;
#2752 = CARTESIAN_POINT ( 'NONE',  ( -99.26773476026637900, 317.1031302417982300, 239.9999999999999700 ) ) ;
#2753 = CARTESIAN_POINT ( 'NONE',  ( -729.0542768836836600, 26.53698324128182800, 95.29295773136847500 ) ) ;
#2754 = CARTESIAN_POINT ( 'NONE',  ( -768.6627514240499300, -49.25060836388760100, 64.49320997024270200 ) ) ;
#2755 = CARTESIAN_POINT ( 'NONE',  ( -598.2451320953588300, -41.15084088219456500, -829.6142396099120300 ) ) ;
#2756 = CARTESIAN_POINT ( 'NONE',  ( -532.1764711619969100, 0.3009072780147670800, 69.90283081991590600 ) ) ;
#2757 = DIRECTION ( 'NONE',  ( 0.0000000000000000000, 1.000000000000000000, -0.0000000000000000000 ) ) ;
#2758 = DIRECTION ( 'NONE',  ( 0.0000000000000000000, 0.0000000000000000000, 1.000000000000000000 ) ) ;
#2759 = FACE_OUTER_BOUND ( 'NONE', #5183, .T. ) ;
#2760 = CARTESIAN_POINT ( 'NONE',  ( -1016.860380532653900, 0.3141827074012665800, -6.847748022122463100 ) ) ;
#2761 = CARTESIAN_POINT ( 'NONE',  ( -153.1429351109055700, 322.7903606903663000, 239.9999999999999700 ) ) ;
#2762 = ORIENTED_EDGE ( 'NONE', *, *, #3887, .F. ) ;
#2763 = LINE ( 'NONE', #3243, #5074 ) ;
#2764 = CARTESIAN_POINT ( 'NONE',  ( -279.3714093152535700, 20.00000000000000000, 657.2453274092969200 ) ) ;
#2765 = ORIENTED_EDGE ( 'NONE', *, *, #5341, .F. ) ;
#2766 = CARTESIAN_POINT ( 'NONE',  ( -668.2451320953587100, -75.19288004169955300, 759.8071196516094700 ) ) ;
#2767 = CARTESIAN_POINT ( 'NONE',  ( -598.2451320953588300, 30.00000000000000000, -824.6142396099121500 ) ) ;
#2768 = CARTESIAN_POINT ( 'NONE',  ( -349.7879833143871900, -70.32921634885464400, -699.9999996933069000 ) ) ;
#2769 = CARTESIAN_POINT ( 'NONE',  ( -179.9064680808784300, 312.5282386848381300, 138.6887362587849300 ) ) ;
#2770 = CARTESIAN_POINT ( 'NONE',  ( -16.08211210456042300, 300.8800064591694600, 144.1495481246670600 ) ) ;
#2771 = CARTESIAN_POINT ( 'NONE',  ( -348.2451320953587700, -11.58393183929655400, -824.6142396099118100 ) ) ;
#2772 = CARTESIAN_POINT ( 'NONE',  ( -933.3004954243094700, 6.534760022877452300, -50.16678825163163000 ) ) ;
#2773 = CARTESIAN_POINT ( 'NONE',  ( -1011.532361639128800, 0.6136207759473436600, -31.90874935249161800 ) ) ;
#2774 = CARTESIAN_POINT ( 'NONE',  ( -668.2451320953587100, -15.88759852906581700, -769.2149005188659900 ) ) ;
#2775 = VERTEX_POINT ( 'NONE', #6498 ) ;
#2776 = ORIENTED_EDGE ( 'NONE', *, *, #4741, .F. ) ;
#2777 = CARTESIAN_POINT ( 'NONE',  ( -729.0433365355230500, 27.87242570341168200, 103.3790879573674600 ) ) ;
#2778 = CARTESIAN_POINT ( 'NONE',  ( -981.7263400007245800, 54.40554845809584400, -62.66668982284687000 ) ) ;
#2779 = PLANE ( 'NONE',  #547 ) ;
#2780 = CARTESIAN_POINT ( 'NONE',  ( -138.0743293218475300, 281.8175631553101000, 240.0000000000000300 ) ) ;
#2781 = CARTESIAN_POINT ( 'NONE',  ( -98.67320918077966500, 317.0231112481405900, 239.9999999999999400 ) ) ;
#2782 = FACE_OUTER_BOUND ( 'NONE', #6564, .T. ) ;
#2783 = CARTESIAN_POINT ( 'NONE',  ( -820.9436691098554800, 111.0054344955169200, -92.64782683238642800 ) ) ;
#2784 = DIRECTION ( 'NONE',  ( 0.0000000000000000000, 0.0000000000000000000, -1.000000000000000000 ) ) ;
#2785 = DIRECTION ( 'NONE',  ( -0.0000000000000000000, -1.000000000000000000, -0.0000000000000000000 ) ) ;
#2786 = CARTESIAN_POINT ( 'NONE',  ( -938.4690311064656500, 69.63330117631264200, -76.46280272388628400 ) ) ;
#2787 = CARTESIAN_POINT ( 'NONE',  ( -932.1670388372293700, -44.47907115696418900, 69.57899333892682100 ) ) ;
#2788 = DIRECTION ( 'NONE',  ( -0.9448755606252674500, -0.05310261065962539100, -0.3230948586316700900 ) ) ;
#2789 = CARTESIAN_POINT ( 'NONE',  ( -769.9175001465672500, 22.53516955303911800, -54.74786229370541700 ) ) ;
#2790 = CARTESIAN_POINT ( 'NONE',  ( -1097.631417514400300, -4.225201215890495000, -1.308854645832922200 ) ) ;
#2791 = CARTESIAN_POINT ( 'NONE',  ( -152.4619313188064800, 322.8478996550479100, 239.9999999999999100 ) ) ;
#2792 = VECTOR ( 'NONE', #5312, 1000.000000000000000 ) ;
#2793 = EDGE_CURVE ( 'NONE', #5001, #1686, #5301, .T. ) ;
#2794 = CARTESIAN_POINT ( 'NONE',  ( -215.2195938616733900, 275.0000000000001100, 604.9006067015620800 ) ) ;
#2795 = CARTESIAN_POINT ( 'NONE',  ( -348.2451320953590000, 30.00000000000000000, -874.6142396099116900 ) ) ;
#2796 = ORIENTED_EDGE ( 'NONE', *, *, #4631, .T. ) ;
#2797 = CARTESIAN_POINT ( 'NONE',  ( -594.6987467823856800, -29.35557712495107200, -0.0000000000000000000 ) ) ;
#2798 = DIRECTION ( 'NONE',  ( -0.0000000000000000000, -0.0000000000000000000, 1.000000000000000000 ) ) ;
#2799 = CARTESIAN_POINT ( 'NONE',  ( -740.6734511966680000, -31.23106814407374500, -36.91485756804480900 ) ) ;
#2800 = CARTESIAN_POINT ( 'NONE',  ( -617.2240088808479200, 12.83734477182185800, -451.2146373188919600 ) ) ;
#2801 = CARTESIAN_POINT ( 'NONE',  ( -299.2070844601163900, -32.95968895612032400, -864.7557095467866500 ) ) ;
#2802 = CARTESIAN_POINT ( 'NONE',  ( -930.8385474704332400, 6.775863299488311700, -49.74622502686759900 ) ) ;
#2803 = AXIS2_PLACEMENT_3D ( 'NONE', #3216, #7603, #3943 ) ;
#2804 = CARTESIAN_POINT ( 'NONE',  ( -667.0160444209440100, -79.54604196271958500, 699.9999996933073600 ) ) ;
#2805 = ORIENTED_EDGE ( 'NONE', *, *, #6700, .F. ) ;
#2806 = CARTESIAN_POINT ( 'NONE',  ( -418.8108414987674500, 78.87170263032058400, 650.0000000000000000 ) ) ;
#2807 = B_SPLINE_CURVE_WITH_KNOTS ( 'NONE', 3,
 ( #1889, #4420, #1916, #780, #5026, #1294, #710, #2591, #5078, #7418, #6195, #2517, #3800, #6802, #5004, #7444, #95, #6900, #1317, #6852, #5614, #5661, #4369, #3751, #5635, #140, #70, #3167, #1938, #3208, #6243, #683, #5592, #2542 ),
 .UNSPECIFIED., .F., .F.,
 ( 4, 2, 2, 2, 2, 2, 2, 2, 2, 2, 2, 2, 2, 2, 2, 2, 4 ),
 ( 0.0000000000000000000, 0.001962948946710671200, 0.003925897893421342400, 0.004907372366776814800, 0.005888846840132286300, 0.006379584076810037300, 0.006870321313487789100, 0.007361058550165540000, 0.007851795786843291900, 0.008342533023521043700, 0.008833270260198793800, 0.009324007496876545600, 0.009814744733554299100, 0.01079621920690980100, 0.01177769368026530500, 0.01374064262697657200, 0.01570359157368784000 ),
 .UNSPECIFIED. ) ;
#2808 = CARTESIAN_POINT ( 'NONE',  ( -916.7563044718366400, -46.05348822740580800, 69.32437337286214100 ) ) ;
#2809 = CARTESIAN_POINT ( 'NONE',  ( -721.1638438405121900, -28.50215867585657400, 123.2493405169230300 ) ) ;
#2810 = CYLINDRICAL_SURFACE ( 'NONE', #4397, 148.3286034136782000 ) ;
#2811 = CARTESIAN_POINT ( 'NONE',  ( -126.7390867944492800, 283.2790115795804100, 239.9999999999999400 ) ) ;
#2812 = EDGE_CURVE ( 'NONE', #5877, #1622, #7414, .T. ) ;
#2813 = CARTESIAN_POINT ( 'NONE',  ( -126.7180646529286700, 320.7182664376017600, 240.0000000000000600 ) ) ;
#2814 = CARTESIAN_POINT ( 'NONE',  ( -768.6627514240499300, 23.42730997547047500, 64.49320997024270200 ) ) ;
#2815 = CARTESIAN_POINT ( 'NONE',  ( -930.0000000000558200, 7.164169077462492700, -49.73844108900407000 ) ) ;
#2816 = CARTESIAN_POINT ( 'NONE',  ( -739.4433708279610800, 139.6957626833236900, -95.70448686867337100 ) ) ;
#2817 = CARTESIAN_POINT ( 'NONE',  ( -728.7180913108613800, 26.58008128166897100, -96.12232767479511600 ) ) ;
#2818 = CARTESIAN_POINT ( 'NONE',  ( -1010.856391224734600, 0.6516107454510954300, 33.48805867875243800 ) ) ;
#2819 = CARTESIAN_POINT ( 'NONE',  ( -147.8041691874471400, 322.9955543394674500, 239.9999999999999700 ) ) ;
#2820 = CARTESIAN_POINT ( 'NONE',  ( -534.0300862400527000, -11.13421401238157100, 0.0000000000000000000 ) ) ;
#2821 = EDGE_CURVE ( 'NONE', #1532, #544, #6080, .T. ) ;
#2822 = CARTESIAN_POINT ( 'NONE',  ( -237.2334984883048000, 82.16098930012350400, -111.6494292484865400 ) ) ;
#2823 = CARTESIAN_POINT ( 'NONE',  ( -188.2058441834561200, 333.7464089050529300, 113.6900703670533500 ) ) ;
#2824 = CARTESIAN_POINT ( 'NONE',  ( -184.6267484020528400, 301.5190684592279800, 138.5313935814176300 ) ) ;
#2825 = CARTESIAN_POINT ( 'NONE',  ( -318.9906037083785000, -13.93374543036734500, -834.0252875587360700 ) ) ;
#2826 = ORIENTED_EDGE ( 'NONE', *, *, #7524, .F. ) ;
#2827 = EDGE_CURVE ( 'NONE', #4159, #5753, #6918, .T. ) ;
#2828 = LINE ( 'NONE', #4912, #4200 ) ;
#2829 = CARTESIAN_POINT ( 'NONE',  ( -936.7889275742362500, 6.193131183706454700, -52.08305628874515500 ) ) ;
#2830 = CARTESIAN_POINT ( 'NONE',  ( -662.9701965429957200, -74.12592071638876200, 699.9999996933071300 ) ) ;
#2831 = CARTESIAN_POINT ( 'NONE',  ( -668.2451320953586000, -64.21129738992328800, -818.9035951434206000 ) ) ;
#2832 = EDGE_LOOP ( 'NONE', ( #3332, #846, #1486, #3749, #470 ) ) ;
#2833 = EDGE_CURVE ( 'NONE', #6397, #3936, #5768, .T. ) ;
#2834 = CARTESIAN_POINT ( 'NONE',  ( -530.2020976964985300, 0.2943142993471342700, 0.0000000000000000000 ) ) ;
#2835 = CARTESIAN_POINT ( 'NONE',  ( -1003.431349255044200, 46.76479312402436500, -48.53125273628953800 ) ) ;
#2836 = ADVANCED_FACE ( 'NONE', ( #7505 ), #7732, .F. ) ;
#2837 = DIRECTION ( 'NONE',  ( -0.3320534516538566300, 0.9432605712340359500, 0.0000000000000000000 ) ) ;
#2838 =( BOUNDED_CURVE ( )  B_SPLINE_CURVE ( 3, ( #3168, #3901, #2593, #3855 ),
 .UNSPECIFIED., .F., .F. ) 
 B_SPLINE_CURVE_WITH_KNOTS ( ( 4, 4 ),
 ( 4.952067503641913500, 5.041869326281680900 ),
 .UNSPECIFIED. ) 
 CURVE ( )  GEOMETRIC_REPRESENTATION_ITEM ( )  RATIONAL_B_SPLINE_CURVE ( ( 1.000000000000000000, 0.9993280822862465900, 0.9993280822862465900, 1.000000000000000000 ) ) 
 REPRESENTATION_ITEM ( '' )  );
#2839 = CARTESIAN_POINT ( 'NONE',  ( -77.44830602701360100, 289.9004609497400800, 239.9999999999998900 ) ) ;
#2840 = CARTESIAN_POINT ( 'NONE',  ( -99.20103709440977000, 317.0941570388971500, 239.9999999999999400 ) ) ;
#2841 = DIRECTION ( 'NONE',  ( 0.0000000000000000000, 0.0000000000000000000, -1.000000000000000000 ) ) ;
#2842 = AXIS2_PLACEMENT_3D ( 'NONE', #502, #4786, #5385 ) ;
#2843 =( NAMED_UNIT ( * ) PLANE_ANGLE_UNIT ( ) SI_UNIT ( $, .RADIAN. ) );
#2844 = CARTESIAN_POINT ( 'NONE',  ( -739.4566298973126100, 139.6064194684824100, -97.33801995734560800 ) ) ;
#2845 = CARTESIAN_POINT ( 'NONE',  ( -668.2451320953587100, -70.00000000000000000, -659.9999996933069000 ) ) ;
#2846 = CARTESIAN_POINT ( 'NONE',  ( -1020.110940618159900, 40.89312197269811100, -22.44981282289122900 ) ) ;
#2847 = ORIENTED_EDGE ( 'NONE', *, *, #5943, .F. ) ;
#2848 = CARTESIAN_POINT ( 'NONE',  ( -1035.422124068393300, -0.7289991476683015400, 49.01294677009929000 ) ) ;
#2849 = CARTESIAN_POINT ( 'NONE',  ( -311.2907485263310700, -21.66170446232245100, 848.9250681425311300 ) ) ;
#2850 = CARTESIAN_POINT ( 'NONE',  ( -533.3592136239985800, -3.954536307887489800, 123.3249956252032900 ) ) ;
#2851 = CARTESIAN_POINT ( 'NONE',  ( -5.573319583618285200E-011, 123.4320408037182900, 132.1843176483160100 ) ) ;
#2852 = CARTESIAN_POINT ( 'NONE',  ( -178.6356460347140900, 313.6595651529228800, 240.0000000000000000 ) ) ;
#2853 = CARTESIAN_POINT ( 'NONE',  ( -14.62674840205269100, 302.0000000000000600, -128.7958889368372300 ) ) ;
#2854 = CARTESIAN_POINT ( 'NONE',  ( -305.0950538702169900, -21.34522867212646000, -849.3406650062075900 ) ) ;
#2855 = CARTESIAN_POINT ( 'NONE',  ( -939.7884800296479900, 5.899379268997130900, 63.01926314308810400 ) ) ;
#2856 = B_SPLINE_CURVE_WITH_KNOTS ( 'NONE', 3,
 ( #2901, #5297, #7774, #3493, #7805, #4163, #7145, #3435, #467, #4107, #6482, #4729, #2875, #6510, #949, #5914, #4698, #7199, #5855, #2173, #3520, #5239, #4670, #7747, #7088, #981, #5939, #4134, #417, #1066, #1563, #3408, #2817, #1034, #5885 ),
 .UNSPECIFIED., .F., .F.,
 ( 4, 2, 2, 2, 2, 2, 2, 2, 2, 2, 2, 1, 2, 2, 2, 2, 2, 4 ),
 ( 0.0000000000000000000, 0.004888402940500635700, 0.007332604410750980500, 0.009776805881001325200, 0.01466520882150200300, 0.01588730955662716300, 0.01710941029175232200, 0.01955361176200259800, 0.02444201470250315100, 0.02566411543762829200, 0.02688621617275343400, 0.02933041764300371400, 0.03177461911325399300, 0.03299671984837915900, 0.03421882058350432500, 0.03666302205375468500, 0.03788512278887987100, 0.03910722352400505100 ),
 .UNSPECIFIED. ) ;
#2857 = CARTESIAN_POINT ( 'NONE',  ( -728.9337406396426800, 26.54878758476935700, 95.29554850291650300 ) ) ;
#2858 = ORIENTED_EDGE ( 'NONE', *, *, #1467, .T. ) ;
#2859 = CARTESIAN_POINT ( 'NONE',  ( -258.7992690864762700, -38.43300487926271800, -862.8926662302110300 ) ) ;
#2860 = ORIENTED_EDGE ( 'NONE', *, *, #6912, .T. ) ;
#2861 = EDGE_CURVE ( 'NONE', #2596, #1788, #429, .T. ) ;
#2862 = CIRCLE ( 'NONE', #3703, 180.0000000000000600 ) ;
#2863 = CARTESIAN_POINT ( 'NONE',  ( -731.6540646862966900, 49.79378289806090400, 120.2952208315408700 ) ) ;
#2864 = CARTESIAN_POINT ( 'NONE',  ( -168.3225630098066900, 20.00000000000000400, -559.2914513037541200 ) ) ;
#2865 = DIRECTION ( 'NONE',  ( -0.0000000000000000000, -1.000000000000000000, -0.0000000000000000000 ) ) ;
#2866 = AXIS2_PLACEMENT_3D ( 'NONE', #3122, #4401, #5034 ) ;
#2867 = CARTESIAN_POINT ( 'NONE',  ( -17.91287595219661800, 300.2337817179677600, 239.9999999999999100 ) ) ;
#2868 = FACE_BOUND ( 'NONE', #1299, .T. ) ;
#2869 = CARTESIAN_POINT ( 'NONE',  ( -134.2083181259943400, 321.6856069031836700, 240.0000000000000600 ) ) ;
#2870 = ORIENTED_EDGE ( 'NONE', *, *, #3905, .T. ) ;
#2871 = LINE ( 'NONE', #2699, #3937 ) ;
#2872 = CARTESIAN_POINT ( 'NONE',  ( -1004.167345983600700, 1.027539364971647600, -44.51969783023680100 ) ) ;
#2873 = CARTESIAN_POINT ( 'NONE',  ( -769.0340485504651700, -49.25060836388760100, 64.59706411977467200 ) ) ;
#2874 = CARTESIAN_POINT ( 'NONE',  ( -258.7992690864762700, -107.9167110779793600, -800.6157371971660300 ) ) ;
#2875 = CARTESIAN_POINT ( 'NONE',  ( -730.1516905170698200, 35.96467276996182200, -114.9050220410060200 ) ) ;
#2876 = ORIENTED_EDGE ( 'NONE', *, *, #7255, .F. ) ;
#2877 = CARTESIAN_POINT ( 'NONE',  ( -1037.646325068038800, 34.72018831021925700, 4.014916160719741000 ) ) ;
#2878 = CARTESIAN_POINT ( 'NONE',  ( -317.8691207057540900, -17.51261354791880000, 841.2550224900419400 ) ) ;
#2879 = ADVANCED_FACE ( 'NONE', ( #4167 ), #6289, .T. ) ;
#2880 = CARTESIAN_POINT ( 'NONE',  ( -970.0218588071625200, 2.946537576877777700, -68.73077494076127900 ) ) ;
#2881 = CARTESIAN_POINT ( 'NONE',  ( -180.1430999438819900, 312.2703999967179700, 239.9999999999999700 ) ) ;
#2882 = CARTESIAN_POINT ( 'NONE',  ( -736.3725597822340200, 51.02212853625864900, -120.1398665354113900 ) ) ;
#2883 = CARTESIAN_POINT ( 'NONE',  ( -23.35758690175216800, 298.8182474670671200, 143.9070322980941200 ) ) ;
#2884 = CARTESIAN_POINT ( 'NONE',  ( -967.5895235219760500, 3.176769853697153600, -71.60437162522123300 ) ) ;
#2885 = CARTESIAN_POINT ( 'NONE',  ( -348.2451320953590000, 30.00000000000000000, -874.6142396099116900 ) ) ;
#2886 = CARTESIAN_POINT ( 'NONE',  ( -662.9468277425069100, -76.89060213352381400, 699.9999996933065600 ) ) ;
#2887 = CARTESIAN_POINT ( 'NONE',  ( -258.7992690864762200, -14.77458370953299600, -806.3236558069253300 ) ) ;
#2888 = B_SPLINE_CURVE_WITH_KNOTS ( 'NONE', 3,
 ( #6132, #6051, #7326, #3624, #1779, #2973, #4263 ),
 .UNSPECIFIED., .F., .F.,
 ( 4, 1, 1, 1, 4 ),
 ( 0.0000000000000000000, 0.2589260133111229700, 0.3846330574132687000, 0.7017031788224390400, 1.000000000000000000 ),
 .UNSPECIFIED. ) ;
#2889 = VECTOR ( 'NONE', #6165, 1000.000000000000000 ) ;
#2890 = CARTESIAN_POINT ( 'NONE',  ( -5.573319583618286500E-011, 123.3824078117248900, -132.1800321732560200 ) ) ;
#2891 = CARTESIAN_POINT ( 'NONE',  ( -668.2451320953587100, -70.00000000000000000, 689.9999996933069000 ) ) ;
#2892 = CARTESIAN_POINT ( 'NONE',  ( -1005.289587861692300, 20.99602887136790500, 44.51969783023806600 ) ) ;
#2893 = CARTESIAN_POINT ( 'NONE',  ( -721.0375125829708600, -43.02027741034830700, -20.83333333333332900 ) ) ;
#2894 = CARTESIAN_POINT ( 'NONE',  ( -99.40020525583908300, 286.8790506983559100, 240.0000000000000000 ) ) ;
#2895 = CARTESIAN_POINT ( 'NONE',  ( -110.4287047268479400, 280.2241392128531700, -239.9999999999999100 ) ) ;
#2896 = CARTESIAN_POINT ( 'NONE',  ( -920.7049911597599700, 12.43792321808117400, -99.09167620001092300 ) ) ;
#2897 = FACE_OUTER_BOUND ( 'NONE', #4861, .T. ) ;
#2898 = CARTESIAN_POINT ( 'NONE',  ( -931.7090280948216300, -44.47907115522036000, -49.83070471747460300 ) ) ;
#2899 = CARTESIAN_POINT ( 'NONE',  ( -184.4288548936907800, 299.6606238803981900, 239.9999999999999100 ) ) ;
#2900 = CARTESIAN_POINT ( 'NONE',  ( -668.2451321845401300, 73.24353376286626400, 650.0000000000000000 ) ) ;
#2901 = CARTESIAN_POINT ( 'NONE',  ( -731.8151122645202800, 51.43873704579164800, -120.2917647316887700 ) ) ;
#2902 = CARTESIAN_POINT ( 'NONE',  ( -1039.873262562527100, 20.42349266150942100, 8.766409823940664500 ) ) ;
#2903 = CARTESIAN_POINT ( 'NONE',  ( -1030.318570416220400, 30.50481319851693100, 34.40726703520426400 ) ) ;
#2904 = CARTESIAN_POINT ( 'NONE',  ( -303.2793393788768400, -42.19472764171727900, 872.5502858440945600 ) ) ;
#2905 = FACE_OUTER_BOUND ( 'NONE', #4693, .T. ) ;
#2906 = ORIENTED_EDGE ( 'NONE', *, *, #3664, .T. ) ;
#2907 = CARTESIAN_POINT ( 'NONE',  ( -970.2128377145037300, 2.935804440173480400, -68.66556340823054000 ) ) ;
#2908 = CARTESIAN_POINT ( 'NONE',  ( -170.2438558832221800, 318.6239965566506400, 239.9999999999999100 ) ) ;
#2909 = CARTESIAN_POINT ( 'NONE',  ( -330.2208444011911900, 119.1623276334164000, -650.0000000000000000 ) ) ;
#2910 = CARTESIAN_POINT ( 'NONE',  ( -769.9173694681089700, -48.79992306192293900, -54.74786995753967700 ) ) ;
#2911 = CARTESIAN_POINT ( 'NONE',  ( -969.4594541508287200, 2.993643967164260300, -69.77352545500352200 ) ) ;
#2912 = CARTESIAN_POINT ( 'NONE',  ( -662.5370271073119300, -76.00085123935139100, 699.9999996933070200 ) ) ;
#2913 = CARTESIAN_POINT ( 'NONE',  ( -1025.411725604767300, 19.88191308001094600, 50.73740327850475800 ) ) ;
#2914 = CARTESIAN_POINT ( 'NONE',  ( -258.7992690864762700, -21.53079183289395700, 856.6347904228780400 ) ) ;
#2915 = ADVANCED_FACE ( 'NONE', ( #2782 ), #4850, .T. ) ;
#2916 = CARTESIAN_POINT ( 'NONE',  ( -99.31187754955715300, 286.8909315545458900, 239.9999999999999400 ) ) ;
#2917 = ORIENTED_EDGE ( 'NONE', *, *, #2231, .F. ) ;
#2918 = VERTEX_POINT ( 'NONE', #1632 ) ;
#2919 = CARTESIAN_POINT ( 'NONE',  ( -1029.126498737529100, -0.3751809786563661300, -52.81150998653503600 ) ) ;
#2920 = CARTESIAN_POINT ( 'NONE',  ( -916.1761530242785100, 26.11962362688412400, 105.6062142766421300 ) ) ;
#2921 = CARTESIAN_POINT ( 'NONE',  ( -931.1425848451413000, -44.47907115522036000, -49.76708235054682200 ) ) ;
#2922 = CARTESIAN_POINT ( 'NONE',  ( -739.3133064882089200, 138.8554250124468900, -101.7601193482076100 ) ) ;
#2923 = ORIENTED_EDGE ( 'NONE', *, *, #623, .F. ) ;
#2924 = CARTESIAN_POINT ( 'NONE',  ( -35.66255148858741800, 307.6198040409879000, 143.4968668118662300 ) ) ;
#2925 = CARTESIAN_POINT ( 'NONE',  ( -1031.933833216198100, 36.73114126937346000, -31.46605895846098000 ) ) ;
#2926 = CARTESIAN_POINT ( 'NONE',  ( -1029.498691847855800, 28.94701020058412800, 38.83946067252591700 ) ) ;
#2927 = CARTESIAN_POINT ( 'NONE',  ( -731.8165205886452900, 400.0000000000000000, 120.2917345085317900 ) ) ;
#2928 = ORIENTED_EDGE ( 'NONE', *, *, #1491, .F. ) ;
#2929 = CARTESIAN_POINT ( 'NONE',  ( 372.4007397240991400, -215.0000000000000600, 1100.000000000000000 ) ) ;
#2930 = EDGE_LOOP ( 'NONE', ( #3706, #2204, #4763, #1831, #4106, #6356 ) ) ;
#2931 = CARTESIAN_POINT ( 'NONE',  ( -162.0596766507878800, 321.2997500537685500, 239.9999999999999100 ) ) ;
#2932 = EDGE_CURVE ( 'NONE', #3675, #4329, #3467, .T. ) ;
#2933 = CARTESIAN_POINT ( 'NONE',  ( -28.90978129462048700, 297.6461860236193500, 143.7219591516651200 ) ) ;
#2934 = CARTESIAN_POINT ( 'NONE',  ( -933.2774660925542800, -43.62514663807957800, 50.17712123572111700 ) ) ;
#2935 = CARTESIAN_POINT ( 'NONE',  ( -916.1761530242782800, 52.78097960269511900, -105.6062142766411800 ) ) ;
#2936 = CARTESIAN_POINT ( 'NONE',  ( -390.9140106874749000, 82.58970804622003900, -650.0000000000000000 ) ) ;
#2937 = CARTESIAN_POINT ( 'NONE',  ( -919.7712695178796600, 66.78954318568889900, 99.93497814761364900 ) ) ;
#2938 = DIRECTION ( 'NONE',  ( -1.000000000000000000, 0.0000000000000000000, 0.0000000000000000000 ) ) ;
#2939 = CARTESIAN_POINT ( 'NONE',  ( -668.2451320953588300, -28.30951132759582800, 811.8351177951321900 ) ) ;
#2940 = CARTESIAN_POINT ( 'NONE',  ( -720.5218967646291000, -42.84455594880270700, -62.35012099105503600 ) ) ;
#2941 = CARTESIAN_POINT ( 'NONE',  ( -22.37331396729570400, 299.0498755932404200, 239.9999999999999400 ) ) ;
#2942 = ORIENTED_EDGE ( 'NONE', *, *, #5016, .T. ) ;
#2943 = ORIENTED_EDGE ( 'NONE', *, *, #3498, .F. ) ;
#2944 = CARTESIAN_POINT ( 'NONE',  ( -177.2354119628344900, 337.6083003018558200, 114.4371070690645700 ) ) ;
#2945 = CARTESIAN_POINT ( 'NONE',  ( -915.2578880754681400, 25.19762701274929000, 105.7977147145326900 ) ) ;
#2946 = EDGE_CURVE ( 'NONE', #5128, #4334, #4436, .T. ) ;
#2947 = VERTEX_POINT ( 'NONE', #3645 ) ;
#2948 = AXIS2_PLACEMENT_3D ( 'NONE', #5891, #5303, #5918 ) ;
#2949 = CARTESIAN_POINT ( 'NONE',  ( -182.7448190046042400, 295.0901944834248000, 240.0000000000000000 ) ) ;
#2950 = CARTESIAN_POINT ( 'NONE',  ( -874.6495932217510500, 31.04987214811984600, 112.6838542788469400 ) ) ;
#2951 = CARTESIAN_POINT ( 'NONE',  ( -321.0584483242565700, -16.40409883932099100, 838.7458281563143600 ) ) ;
#2952 = LINE ( 'NONE', #5393, #1144 ) ;
#2953 = ADVANCED_FACE ( 'NONE', ( #3957 ), #3389, .T. ) ;
#2954 = CARTESIAN_POINT ( 'NONE',  ( -5.573319583618285800E-011, 145.4327230323249600, 144.6856185281506300 ) ) ;
#2955 = CARTESIAN_POINT ( 'NONE',  ( -341.5437215861023800, -13.51309957299565800, 830.0845221829587200 ) ) ;
#2956 = CARTESIAN_POINT ( 'NONE',  ( -173.4363512790412500, 317.1090687183049700, 239.9999999999999100 ) ) ;
#2957 = LINE ( 'NONE', #7796, #6991 ) ;
#2958 = CARTESIAN_POINT ( 'NONE',  ( -352.0658689731510500, 113.6354625074090000, -594.0041901475590300 ) ) ;
#2959 = CARTESIAN_POINT ( 'NONE',  ( -215.9181161961220100, 20.00000000000000700, -617.5920786935262200 ) ) ;
#2960 = CARTESIAN_POINT ( 'NONE',  ( -969.6572150363261900, 2.974276865027229500, -69.43074128074681500 ) ) ;
#2961 = VERTEX_POINT ( 'NONE', #4197 ) ;
#2962 = VECTOR ( 'NONE', #1647, 1000.000000000000000 ) ;
#2963 = CARTESIAN_POINT ( 'NONE',  ( -971.0375125829706300, -46.70541187800891700, 0.0000000000000000000 ) ) ;
#2964 = CARTESIAN_POINT ( 'NONE',  ( -244.6571334627453800, -70.00000000000000000, -699.9999996933069000 ) ) ;
#2965 = CARTESIAN_POINT ( 'NONE',  ( -961.8946942684915500, 3.734475385446067700, 75.27232002388250000 ) ) ;
#2966 = ORIENTED_EDGE ( 'NONE', *, *, #2625, .F. ) ;
#2967 = AXIS2_PLACEMENT_3D ( 'NONE', #1611, #7167, #3489 ) ;
#2968 = EDGE_CURVE ( 'NONE', #330, #2531, #1049, .T. ) ;
#2969 = CARTESIAN_POINT ( 'NONE',  ( -617.2240088808476900, 12.83734477182192400, 451.2146373188919600 ) ) ;
#2970 = CARTESIAN_POINT ( 'NONE',  ( -393.8887080982340200, 87.29250983550717500, -509.9464644161665200 ) ) ;
#2971 = CARTESIAN_POINT ( 'NONE',  ( -886.8591146803352100, 27.32148761769655800, -110.9491800667070300 ) ) ;
#2972 = ORIENTED_EDGE ( 'NONE', *, *, #2267, .F. ) ;
#2973 = CARTESIAN_POINT ( 'NONE',  ( -469.0710157804053900, 28.03962429833553600, -71.65342119842550500 ) ) ;
#2974 = DIRECTION ( 'NONE',  ( -2.775557561562858200E-015, 0.0000000000000000000, 1.000000000000000000 ) ) ;
#2975 = ORIENTED_EDGE ( 'NONE', *, *, #7107, .F. ) ;
#2976 = CARTESIAN_POINT ( 'NONE',  ( -180.7210865815202100, 292.3467387339594600, 239.9999999999999700 ) ) ;
#2977 = CARTESIAN_POINT ( 'NONE',  ( -15.91830124969492000, 303.0397179202836400, 144.1550084864960000 ) ) ;
#2978 = CARTESIAN_POINT ( 'NONE',  ( -903.1420864286192200, 22.63471032366720700, 108.1743023418761000 ) ) ;
#2979 = CARTESIAN_POINT ( 'NONE',  ( -882.7853170959830300, 28.53487575718742500, 111.5622842421166000 ) ) ;
#2980 = EDGE_CURVE ( 'NONE', #2716, #641, #5096, .T. ) ;
#2981 = EDGE_CURVE ( 'NONE', #7866, #360, #5314, .T. ) ;
#2982 =( BOUNDED_CURVE ( )  B_SPLINE_CURVE ( 3, ( #699, #6280, #4997, #1308 ),
 .UNSPECIFIED., .F., .F. ) 
 B_SPLINE_CURVE_WITH_KNOTS ( ( 4, 4 ),
 ( 1.365148727350318400, 1.473801107828537600 ),
 .UNSPECIFIED. ) 
 CURVE ( )  GEOMETRIC_REPRESENTATION_ITEM ( )  RATIONAL_B_SPLINE_CURVE ( ( 1.000000000000000000, 0.9990164636158429500, 0.9990164636158429500, 1.000000000000000000 ) ) 
 REPRESENTATION_ITEM ( '' )  );
#2983 = CARTESIAN_POINT ( 'NONE',  ( -258.7992690864762200, -65.48362113474426800, 717.4542632198617900 ) ) ;
#2984 = CARTESIAN_POINT ( 'NONE',  ( -532.1764711619969100, 0.3009072780147670800, -69.90283081991590600 ) ) ;
#2985 = CARTESIAN_POINT ( 'NONE',  ( -184.2727288214809100, 305.1056473027252900, 240.0000000000000000 ) ) ;
#2986 = CARTESIAN_POINT ( 'NONE',  ( -463.5222005909175200, -75.00000000000001400, -899.6142396099120300 ) ) ;
#2987 = CARTESIAN_POINT ( 'NONE',  ( -939.3897206489456300, -42.73425124967870700, 63.95915777979733700 ) ) ;
#2988 = CARTESIAN_POINT ( 'NONE',  ( -193.7992690864780600, 275.0000000000000000, -563.0083379936580700 ) ) ;
#2989 = FACE_OUTER_BOUND ( 'NONE', #3502, .T. ) ;
#2990 = CARTESIAN_POINT ( 'NONE',  ( -774.0642468253602100, 23.59035881302527900, -479.9273741711696200 ) ) ;
#2991 = CARTESIAN_POINT ( 'NONE',  ( -533.3592136239985800, -3.954536307887407200, -123.3249956252032900 ) ) ;
#2992 = CARTESIAN_POINT ( 'NONE',  ( -366.7937014670116600, 102.8553146867645600, -592.9706722561451200 ) ) ;
#2993 = ORIENTED_EDGE ( 'NONE', *, *, #1226, .F. ) ;
#2994 = CARTESIAN_POINT ( 'NONE',  ( -952.3915814417569000, 3.937370439656232800, -96.23875389459409700 ) ) ;
#2995 = CARTESIAN_POINT ( 'NONE',  ( -1004.503132905697500, 46.38749604251910300, -49.68666950093215500 ) ) ;
#2996 = FACE_OUTER_BOUND ( 'NONE', #3437, .T. ) ;
#2997 = ADVANCED_FACE ( 'NONE', ( #4817, #1843 ), #4470, .T. ) ;
#2998 = CARTESIAN_POINT ( 'NONE',  ( -14.85178436351327700, 297.2629495609659800, -144.1905590493687200 ) ) ;
#2999 = EDGE_CURVE ( 'NONE', #4005, #2775, #7498, .T. ) ;
#3000 = CARTESIAN_POINT ( 'NONE',  ( -930.0000000000558200, 6.857983858691626200, -69.73844108900407000 ) ) ;
#3001 = ORIENTED_EDGE ( 'NONE', *, *, #1761, .F. ) ;
#3002 = CARTESIAN_POINT ( 'NONE',  ( -856.4496461967385100, 76.24316764291442900, -114.6204875268039000 ) ) ;
#3003 = CARTESIAN_POINT ( 'NONE',  ( -927.0117250523261400, 9.517386651484473600, -94.61123259189010100 ) ) ;
#3004 = CARTESIAN_POINT ( 'NONE',  ( -167.6786544655423100, 284.3745781176347700, 239.9999999999999100 ) ) ;
#3005 = CARTESIAN_POINT ( 'NONE',  ( -1031.933833216557300, 36.73114126924949100, 31.46605895844739100 ) ) ;
#3006 = B_SPLINE_CURVE_WITH_KNOTS ( 'NONE', 3,
 ( #340, #5805, #2240, #309, #7128, #3450, #2740, #7757, #5250, #4088, #5284, #4032, #900, #3356, #2160, #3419, #4002, #931, #7073, #5220, #4632, #3475, #7045, #397, #1545, #5834, #5309, #6468, #7702, #370, #1630, #2855, #7156, #7731, #4117, #965, #4658, #1573, #1601, #7789, #5897, #4569, #6497, #5871, #2186, #5195, #7104, #3533, #7293, #5416, #535, #2372 ),
 .UNSPECIFIED., .F., .F.,
 ( 4, 2, 2, 2, 2, 2, 2, 2, 2, 2, 2, 1, 2, 2, 2, 2, 2, 2, 1, 2, 2, 2, 2, 2, 2, 2, 4 ),
 ( 1.123693828313069100E-016, 0.0004994926537742923300, 0.0009989853075484723400, 0.001997970615096831900, 0.002996955922645191900, 0.003995941230193552000, 0.005993911845290577300, 0.006992897152839091700, 0.007991882460387605300, 0.009989853075484630600, 0.01098883838303322900, 0.01198782369058182600, 0.01298680899813042600, 0.01398579430567902300, 0.01598376492077628300, 0.01798173553587354600, 0.01997970615097080900, 0.02097869145851944200, 0.02197767676606806800, 0.02297666207361669800, 0.02397564738116532800, 0.02597361799626262200, 0.02797158861135991300, 0.02996955922645720300, 0.03096854453400584400, 0.03146803718778017100, 0.03196752984155449400 ),
 .UNSPECIFIED. ) ;
#3007 = DIRECTION ( 'NONE',  ( 0.9952388894613625200, 0.09746564986554909200, 0.0000000000000000000 ) ) ;
#3008 = CARTESIAN_POINT ( 'NONE',  ( -855.3638864233428200, 72.96577670751436500, -114.8816014359633800 ) ) ;
#3009 = CARTESIAN_POINT ( 'NONE',  ( -184.3320442975574700, 304.8373345718552500, 239.9999999999999700 ) ) ;
#3010 = DIRECTION ( 'NONE',  ( 0.0000000000000000000, 0.0000000000000000000, -1.000000000000000000 ) ) ;
#3011 = CARTESIAN_POINT ( 'NONE',  ( -258.7992690864763300, -69.85486861106281300, 896.3231585303080900 ) ) ;
#3012 = CARTESIAN_POINT ( 'NONE',  ( -174.1901682143797500, 282.0893693918649200, -138.8792795876731200 ) ) ;
#3013 = EDGE_CURVE ( 'NONE', #284, #5563, #688, .T. ) ;
#3014 = EDGE_LOOP ( 'NONE', ( #2762, #5652, #5047, #6115 ) ) ;
#3015 = CARTESIAN_POINT ( 'NONE',  ( -577.6346902756563400, -37.16518573257102500, 829.6142396099121500 ) ) ;
#3016 = CARTESIAN_POINT ( 'NONE',  ( -527.5130262030224900, -0.1796302367025645900, -269.5430657194446000 ) ) ;
#3017 = CARTESIAN_POINT ( 'NONE',  ( -3.219254795445912100, 57.28146209495351100, -239.9999999999998900 ) ) ;
#3018 = AXIS2_PLACEMENT_3D ( 'NONE', #5996, #7170, #1115 ) ;
#3019 = ORIENTED_EDGE ( 'NONE', *, *, #7328, .F. ) ;
#3020 = EDGE_LOOP ( 'NONE', ( #5927, #2966, #1819, #2993, #40, #239 ) ) ;
#3021 = CARTESIAN_POINT ( 'NONE',  ( -524.0839179233563500, 24.10135128894039600, 479.8898481359895500 ) ) ;
#3022 = CARTESIAN_POINT ( 'NONE',  ( -668.2451320953587100, -70.00000000000000000, 829.6142396099121500 ) ) ;
#3023 = CARTESIAN_POINT ( 'NONE',  ( -313.7879653329613900, 124.6398863986655800, -650.0000000000000000 ) ) ;
#3024 = CARTESIAN_POINT ( 'NONE',  ( -668.2451320953586000, -54.32520081337960200, -826.7238041477591000 ) ) ;
#3025 = VERTEX_POINT ( 'NONE', #5031 ) ;
#3026 = CARTESIAN_POINT ( 'NONE',  ( 9.142340517257457200, 121.4409679847965900, 119.8452759080635000 ) ) ;
#3027 = CARTESIAN_POINT ( 'NONE',  ( -918.9483379989701500, 76.50511764219056900, -81.22163257603104100 ) ) ;
#3028 = CARTESIAN_POINT ( 'NONE',  ( -178.7729991276309800, 290.4569722285634700, 240.0000000000000000 ) ) ;
#3029 = CARTESIAN_POINT ( 'NONE',  ( -857.3882175796899200, 37.44694178525199400, 114.6823972290510300 ) ) ;
#3030 = CARTESIAN_POINT ( 'NONE',  ( -463.5222005909175200, -70.00000000000000000, 697.4999996933069000 ) ) ;
#3031 = CARTESIAN_POINT ( 'NONE',  ( -855.3638864233430500, 72.96577670751425200, 114.8816014359641600 ) ) ;
#3032 = CARTESIAN_POINT ( 'NONE',  ( -258.7992690864763300, -45.31545423770067800, 731.4296378530649500 ) ) ;
#3033 = CARTESIAN_POINT ( 'NONE',  ( -184.6267484020529500, 296.8509855691290200, -239.9999999999997700 ) ) ;
#3034 =( BOUNDED_CURVE ( )  B_SPLINE_CURVE ( 3, ( #7871, #7763, #2995, #1827 ),
 .UNSPECIFIED., .F., .F. ) 
 B_SPLINE_CURVE_WITH_KNOTS ( ( 4, 4 ),
 ( 5.041869326281649000, 5.702601151252221900 ),
 .UNSPECIFIED. ) 
 CURVE ( )  GEOMETRIC_REPRESENTATION_ITEM ( )  RATIONAL_B_SPLINE_CURVE ( ( 1.000000000000000000, 0.9639491392049655000, 0.9639491392049655000, 1.000000000000000000 ) ) 
 REPRESENTATION_ITEM ( '' )  );
#3035 = CARTESIAN_POINT ( 'NONE',  ( -168.3225630098066900, -80.00000000000000000, 559.2914513037541200 ) ) ;
#3036 = ORIENTED_EDGE ( 'NONE', *, *, #329, .F. ) ;
#3037 = CARTESIAN_POINT ( 'NONE',  ( -935.1204373870977000, -43.41711525980814200, -68.53590701453980200 ) ) ;
#3038 = CARTESIAN_POINT ( 'NONE',  ( -767.2501029580971600, -48.57146888820512500, -55.72229565620869400 ) ) ;
#3039 = CARTESIAN_POINT ( 'NONE',  ( -934.5321036295572400, -43.50712417894578000, 68.83412282628225400 ) ) ;
#3040 = CARTESIAN_POINT ( 'NONE',  ( -728.6948296965165400, 26.57218991196057100, 95.30066013804292900 ) ) ;
#3041 = CARTESIAN_POINT ( 'NONE',  ( -342.6364562004772000, 111.5216994009667200, -650.0000000000000000 ) ) ;
#3042 = CARTESIAN_POINT ( 'NONE',  ( -856.1052109713369900, 72.70716347706508000, 114.8324534550022400 ) ) ;
#3043 = CARTESIAN_POINT ( 'NONE',  ( -922.1652657300996900, 5.636108707266415300, -83.64304241334421900 ) ) ;
#3044 = CARTESIAN_POINT ( 'NONE',  ( -729.7186922751344600, -45.97881655748227600, 312.7526747221214100 ) ) ;
#3045 = CARTESIAN_POINT ( 'NONE',  ( -258.7992690864763300, -9.788601661407975400, 769.6737394390620500 ) ) ;
#3046 = CARTESIAN_POINT ( 'NONE',  ( -484.3538894122041800, 8.948579167852365400, -71.01466156690142400 ) ) ;
#3047 = CARTESIAN_POINT ( 'NONE',  ( -868.5659662064849700, 33.02097201964895800, -113.4515795393221100 ) ) ;
#3048 = ORIENTED_EDGE ( 'NONE', *, *, #6418, .T. ) ;
#3049 = VERTEX_POINT ( 'NONE', #5522 ) ;
#3050 = ORIENTED_EDGE ( 'NONE', *, *, #2416, .T. ) ;
#3051 = CARTESIAN_POINT ( 'NONE',  ( -155.2621046880578600, 345.3435038578518300, 114.7730412152562000 ) ) ;
#3052 = CARTESIAN_POINT ( 'NONE',  ( -298.2451320953590500, -43.81068232069073100, 874.6142396099120300 ) ) ;
#3053 = ORIENTED_EDGE ( 'NONE', *, *, #3887, .T. ) ;
#3054 = EDGE_CURVE ( 'NONE', #1903, #3978, #1662, .T. ) ;
#3055 = CARTESIAN_POINT ( 'NONE',  ( -171.0948005338868500, 285.7487111518743700, 239.9999999999999700 ) ) ;
#3056 = CARTESIAN_POINT ( 'NONE',  ( -899.0723041000677500, 23.77847821937284700, 108.9260318398999500 ) ) ;
#3057 = VERTEX_POINT ( 'NONE', #146 ) ;
#3058 = LINE ( 'NONE', #5603, #5369 ) ;
#3059 = CARTESIAN_POINT ( 'NONE',  ( -1004.706739009947100, 0.9972251318645404300, -73.27699704935795900 ) ) ;
#3060 = CARTESIAN_POINT ( 'NONE',  ( -369.1462637003795600, -12.62492183184024900, -824.6142396099119200 ) ) ;
#3061 = ORIENTED_EDGE ( 'NONE', *, *, #6737, .F. ) ;
#3062 = DIRECTION ( 'NONE',  ( -0.0000000000000000000, 0.0000000000000000000, -1.000000000000000000 ) ) ;
#3063 = CARTESIAN_POINT ( 'NONE',  ( -184.3087157202215800, 304.9447578217794900, 239.9999999999999400 ) ) ;
#3064 = CARTESIAN_POINT ( 'NONE',  ( -940.3016272692001400, -42.56787079500168100, -59.08164849728965600 ) ) ;
#3065 = CARTESIAN_POINT ( 'NONE',  ( -769.7566151255741700, -48.78646078962331200, -54.75737164424904100 ) ) ;
#3066 = CARTESIAN_POINT ( 'NONE',  ( -930.3350455795198300, -44.12521366166444600, 69.74404893989138500 ) ) ;
#3067 = CARTESIAN_POINT ( 'NONE',  ( -556.9514663731996500, -33.70800652088050200, 829.6142396099124900 ) ) ;
#3068 = CARTESIAN_POINT ( 'NONE',  ( -1030.025612621816400, 35.79771259898687000, -15.03253103448610300 ) ) ;
#3069 = CARTESIAN_POINT ( 'NONE',  ( -969.8308515967182800, 2.957272304234565200, 68.79590352574993500 ) ) ;
#3070 = EDGE_CURVE ( 'NONE', #5936, #5794, #4921, .T. ) ;
#3071 = CARTESIAN_POINT ( 'NONE',  ( -179.9115004248554300, 336.6662441639962800, 135.2048369887801000 ) ) ;
#3072 = VECTOR ( 'NONE', #6322, 1000.000000000000100 ) ;
#3073 = CARTESIAN_POINT ( 'NONE',  ( -258.7992690864762700, -80.00000000000000000, 689.9999996933069000 ) ) ;
#3074 = CARTESIAN_POINT ( 'NONE',  ( -168.3225630098066900, 20.00000000000000400, 559.2914513037541200 ) ) ;
#3075 = CARTESIAN_POINT ( 'NONE',  ( -258.7992690864763300, -5.885701648508201000, 787.3320819020356100 ) ) ;
#3076 = PLANE ( 'NONE',  #1356 ) ;
#3077 = CARTESIAN_POINT ( 'NONE',  ( -857.1713823684199300, 37.57025470517032800, -114.7040930939343000 ) ) ;
#3078 = CARTESIAN_POINT ( 'NONE',  ( -861.7541354303210700, 96.55649084449974900, -91.96781315334598600 ) ) ;
#3079 = CARTESIAN_POINT ( 'NONE',  ( -312.1736055795598800, -16.28671286432799500, 839.8198841001192200 ) ) ;
#3080 = CARTESIAN_POINT ( 'NONE',  ( -154.0834720784664900, 281.3012155653834700, 240.0000000000000000 ) ) ;
#3081 = CARTESIAN_POINT ( 'NONE',  ( -780.2033681365487600, 125.3471317657689500, 94.42791072771194600 ) ) ;
#3082 = EDGE_CURVE ( 'NONE', #958, #1966, #5926, .T. ) ;
#3083 = EDGE_CURVE ( 'NONE', #1659, #1788, #4517, .T. ) ;
#3084 = ORIENTED_EDGE ( 'NONE', *, *, #912, .F. ) ;
#3085 = VECTOR ( 'NONE', #7564, 1000.000000000000000 ) ;
#3086 = CARTESIAN_POINT ( 'NONE',  ( -938.6266217216168600, -44.47907115522036000, -65.42064159118174900 ) ) ;
#3087 = DIRECTION ( 'NONE',  ( 0.0000000000000000000, 1.000000000000000000, 0.0000000000000000000 ) ) ;
#3088 = CARTESIAN_POINT ( 'NONE',  ( -182.2710937925103800, 309.6642304275007400, 239.9999999999999400 ) ) ;
#3089 = CARTESIAN_POINT ( 'NONE',  ( -940.2492496355424700, -42.58442640084999200, -61.08635903754562000 ) ) ;
#3090 = CARTESIAN_POINT ( 'NONE',  ( -766.8680877055678600, -48.54296955395824400, 63.45277438365177900 ) ) ;
#3091 = CARTESIAN_POINT ( 'NONE',  ( -769.2830348422778600, 22.59730395499478200, -64.65099524204522700 ) ) ;
#3092 = DIRECTION ( 'NONE',  ( -7.484888275586473500E-016, 0.0000000000000000000, 1.000000000000000000 ) ) ;
#3093 = ORIENTED_EDGE ( 'NONE', *, *, #4935, .F. ) ;
#3094 = ADVANCED_FACE ( 'NONE', ( #7808 ), #2705, .T. ) ;
#3095 = CARTESIAN_POINT ( 'NONE',  ( -151.0286268882113600, 322.9636666001221100, 139.6513309652312400 ) ) ;
#3096 = CARTESIAN_POINT ( 'NONE',  ( -533.7627778149709500, 62.20390297883572100, 0.0000000000000000000 ) ) ;
#3097 = CARTESIAN_POINT ( 'NONE',  ( -929.9999970323414100, 6.857984149325563500, 49.73844108900586700 ) ) ;
#3098 = CARTESIAN_POINT ( 'NONE',  ( -258.7992690864763300, -5.025720157180244600, 800.2675060382438200 ) ) ;
#3099 = CARTESIAN_POINT ( 'NONE',  ( -184.6024823531584800, 297.8104434496007100, -138.5322024497139100 ) ) ;
#3100 = CARTESIAN_POINT ( 'NONE',  ( -668.2451320953588300, -14.72492283955689800, -795.1605336578190900 ) ) ;
#3101 = CARTESIAN_POINT ( 'NONE',  ( -524.0839179233563500, 24.10135128894039600, -479.8898481359895500 ) ) ;
#3102 = CARTESIAN_POINT ( 'NONE',  ( -146.9637387707942400, 281.0193232469745800, 240.0000000000000000 ) ) ;
#3103 = CARTESIAN_POINT ( 'NONE',  ( -173.5007455445486900, 20.00000000000000400, 562.9256033403212300 ) ) ;
#3104 = B_SPLINE_CURVE_WITH_KNOTS ( 'NONE', 3,
 ( #2069, #7665, #3999, #5773, #367, #963, #5248, #5218, #1571, #2770, #5867, #4654, #2184, #2678, #249, #7209, #5414, #2883, #5950, #4677, #2933, #507, #7755, #4792, #5895, #452, #424, #4086, #4707, #3500, #7235, #2321, #2212, #3559, #7837, #7178, #6004, #3531, #7126, #6628, #4766, #7862, #5391, #2265, #3447, #6576, #7812, #4169, #6522, #1016, #4739, #5307, #1043, #1627, #4193, #480, #1101, #1656, #1074, #5362, #5922, #1683, #4144, #5977, #1709, #1127, #7152, #5332, #2293, #6602, #2824, #6549 ),
 .UNSPECIFIED., .F., .F.,
 ( 4, 2, 2, 2, 2, 2, 2, 2, 2, 2, 2, 2, 2, 2, 2, 2, 2, 2, 2, 2, 2, 2, 2, 2, 2, 2, 2, 2, 2, 2, 2, 2, 2, 2, 2, 4 ),
 ( 0.0000000000000000000, 0.0001796533707315271000, 0.0003593067414630542000, 0.0007186134829262321000, 0.001437226965852497200, 0.002874453931705029000, 0.004311680897557561300, 0.005748907863410092700, 0.008623361795115197200, 0.01149781572682030300, 0.01724672359023047800, 0.02299563145364064100, 0.03449344718046096900, 0.04599126290728129700, 0.06898689436092195200, 0.09198252581456260700, 0.1149781572682032800, 0.1207270651316134600, 0.1264759729950236700, 0.1322248808584338400, 0.1379737887218440400, 0.1437226965852542400, 0.1494716044486644500, 0.1523460583803695500, 0.1552205123120746500, 0.1609694201754848500, 0.1638438741071899200, 0.1667183280388950300, 0.1695927819706001300, 0.1724672359023052000, 0.1753416898340103000, 0.1767789167998628000, 0.1782161437657152900, 0.1810905976974203100, 0.1825278246632728900, 0.1839650516291254600 ),
 .UNSPECIFIED. ) ;
#3105 = ORIENTED_EDGE ( 'NONE', *, *, #7684, .T. ) ;
#3106 = ORIENTED_EDGE ( 'NONE', *, *, #3648, .F. ) ;
#3107 = CARTESIAN_POINT ( 'NONE',  ( -769.0642468253605600, 32.25061285086996300, 479.9273741711696200 ) ) ;
#3108 = CARTESIAN_POINT ( 'NONE',  ( -940.1845144350691000, -44.47907115522036000, -61.73670946608054100 ) ) ;
#3109 = CARTESIAN_POINT ( 'NONE',  ( -258.7992690864763300, -17.35719864142572200, 778.1043591408894100 ) ) ;
#3110 = EDGE_LOOP ( 'NONE', ( #4227, #2860, #5435 ) ) ;
#3111 = CARTESIAN_POINT ( 'NONE',  ( -965.5218452665626500, -37.86112661497390500, -62.35021923255894900 ) ) ;
#3112 = CARTESIAN_POINT ( 'NONE',  ( -729.0542768836836600, 26.53698324128182800, -95.29295773868912500 ) ) ;
#3113 = CARTESIAN_POINT ( 'NONE',  ( -938.9199129340123600, -42.77202342245151800, -54.62890004544854600 ) ) ;
#3114 = CARTESIAN_POINT ( 'NONE',  ( -258.7992690864762700, -51.03167550318948300, 886.3136891273769600 ) ) ;
#3115 = CARTESIAN_POINT ( 'NONE',  ( -855.3638864233428200, 72.96577670751436500, -114.8816014359633800 ) ) ;
#3116 = EDGE_CURVE ( 'NONE', #3633, #6020, #2271, .T. ) ;
#3117 = VERTEX_POINT ( 'NONE', #4593 ) ;
#3118 = CARTESIAN_POINT ( 'NONE',  ( -822.4673178911358500, 110.4690685623246400, 117.1897664929381500 ) ) ;
#3119 = AXIS2_PLACEMENT_3D ( 'NONE', #6228, #3861, #5011 ) ;
#3120 = ORIENTED_EDGE ( 'NONE', *, *, #2415, .T. ) ;
#3121 = CARTESIAN_POINT ( 'NONE',  ( -164.7850132777563800, 341.9911802652239900, 136.0007787692699100 ) ) ;
#3122 = CARTESIAN_POINT ( 'NONE',  ( -258.7992690864762700, -107.9167110779793600, 800.6157371971660300 ) ) ;
#3123 = CARTESIAN_POINT ( 'NONE',  ( -515.2043488930158900, -23.53179148723410900, 824.6142396099120300 ) ) ;
#3124 = CARTESIAN_POINT ( 'NONE',  ( -668.2451320953588300, -18.82707248544078000, 801.3850970378408600 ) ) ;
#3125 = CARTESIAN_POINT ( 'NONE',  ( -32.62372279653304500, 301.9152620411923100, -143.5981611016014200 ) ) ;
#3126 = CARTESIAN_POINT ( 'NONE',  ( -258.7992690864763900, -7.740621087728905000, -777.1326190558880900 ) ) ;
#3127 = DIRECTION ( 'NONE',  ( 0.0000000000000000000, 0.0000000000000000000, -1.000000000000000000 ) ) ;
#3128 = CARTESIAN_POINT ( 'NONE',  ( -156.2417980495703500, 281.5733179489418500, 239.9999999999999700 ) ) ;
#3129 = ORIENTED_EDGE ( 'NONE', *, *, #6938, .F. ) ;
#3130 = CARTESIAN_POINT ( 'NONE',  ( -209.8351274522970300, 19.99999999999999300, 612.4405450003953300 ) ) ;
#3131 = ADVANCED_FACE ( 'NONE', ( #4715 ), #1173, .T. ) ;
#3132 = DIRECTION ( 'NONE',  ( -0.0000000000000000000, -1.000000000000000000, -0.0000000000000000000 ) ) ;
#3133 = ORIENTED_EDGE ( 'NONE', *, *, #7290, .F. ) ;
#3134 = CARTESIAN_POINT ( 'NONE',  ( -930.2000504294431900, 7.164169077462492700, -69.74121535644221100 ) ) ;
#3135 = CARTESIAN_POINT ( 'NONE',  ( -668.2451320953586000, -22.92426017569081900, 730.2503807847678000 ) ) ;
#3136 = CARTESIAN_POINT ( 'NONE',  ( -829.5452149936675100, 648.5186430544015400, 0.0000000000000000000 ) ) ;
#3137 = VERTEX_POINT ( 'NONE', #277 ) ;
#3138 = CARTESIAN_POINT ( 'NONE',  ( -497.7996294928674400, 48.47557972013054000, -576.2282484482782400 ) ) ;
#3139 = CARTESIAN_POINT ( 'NONE',  ( -931.6584390925942200, -43.93451367685270300, -69.65727128011307900 ) ) ;
#3140 = CARTESIAN_POINT ( 'NONE',  ( -855.9382576578412900, 74.74293838647115300, 114.8260798189228200 ) ) ;
#3141 = CARTESIAN_POINT ( 'NONE',  ( -17.85930514137471200, 295.1034214545117600, -144.0903083567733100 ) ) ;
#3142 = VECTOR ( 'NONE', #4768, 1000.000000000000000 ) ;
#3143 = CARTESIAN_POINT ( 'NONE',  ( -1012.659210049845800, 43.51633440358219200, 66.58506499031624100 ) ) ;
#3144 = EDGE_CURVE ( 'NONE', #1206, #5460, #7896, .T. ) ;
#3145 = LINE ( 'NONE', #5930, #5560 ) ;
#3146 = CARTESIAN_POINT ( 'NONE',  ( -169.7121836908345400, 340.2566818747432600, 135.3685827647245800 ) ) ;
#3147 = ORIENTED_EDGE ( 'NONE', *, *, #1305, .F. ) ;
#3148 = DIRECTION ( 'NONE',  ( 3.389407260298388800E-017, 1.000000000000000000, 0.0000000000000000000 ) ) ;
#3149 = CARTESIAN_POINT ( 'NONE',  ( -452.6691106962087500, -18.00574879849909100, 824.6142396099115800 ) ) ;
#3150 = CARTESIAN_POINT ( 'NONE',  ( -668.2451320953587100, -10.19822965356063100, 733.6804578094298700 ) ) ;
#3151 = CARTESIAN_POINT ( 'NONE',  ( -160.7940353182829700, 316.4528543878283200, -139.3258173508763800 ) ) ;
#3152 = CARTESIAN_POINT ( 'NONE',  ( -668.2451320953590500, -14.72492283955692300, -724.4537056453998500 ) ) ;
#3153 = AXIS2_PLACEMENT_3D ( 'NONE', #5931, #2865, #7164 ) ;
#3154 = EDGE_LOOP ( 'NONE', ( #3890, #6148, #4634, #848 ) ) ;
#3155 = DIRECTION ( 'NONE',  ( -1.000000000000000000, 0.0000000000000000000, -0.0000000000000000000 ) ) ;
#3156 = DIRECTION ( 'NONE',  ( -0.9427946626885518300, -0.3318894391366362100, -0.03142648875628361500 ) ) ;
#3157 = ORIENTED_EDGE ( 'NONE', *, *, #2655, .F. ) ;
#3158 = CARTESIAN_POINT ( 'NONE',  ( -271.8920749270720900, 20.00000000000000400, 645.5436759940055300 ) ) ;
#3159 = VERTEX_POINT ( 'NONE', #2734 ) ;
#3160 = B_SPLINE_CURVE_WITH_KNOTS ( 'NONE', 3,
 ( #461, #7079, #4748, #1607 ),
 .UNSPECIFIED., .F., .F.,
 ( 4, 4 ),
 ( 0.0000000000000000000, 9.996333034412119000E-005 ),
 .UNSPECIFIED. ) ;
#3161 = EDGE_CURVE ( 'NONE', #4329, #7344, #3354, .T. ) ;
#3162 = CARTESIAN_POINT ( 'NONE',  ( -308.7992690864780300, 20.00000000000000400, -649.9999996933069000 ) ) ;
#3163 = ORIENTED_EDGE ( 'NONE', *, *, #4504, .T. ) ;
#3164 = CARTESIAN_POINT ( 'NONE',  ( -770.0781440828610600, -51.00000000000041200, -54.73844108900409100 ) ) ;
#3165 = CARTESIAN_POINT ( 'NONE',  ( -668.2451320953588300, -16.30785887005471600, 771.5652222430227300 ) ) ;
#3166 = CARTESIAN_POINT ( 'NONE',  ( -732.9069354061400600, 119.2305944951946800, 120.0956647967975400 ) ) ;
#3167 = CARTESIAN_POINT ( 'NONE',  ( -664.1338414630972700, -78.03508585516432600, -699.9999996933066800 ) ) ;
#3168 = CARTESIAN_POINT ( 'NONE',  ( -916.2188226148689400, 53.05136739624617800, 105.5957882377810400 ) ) ;
#3169 = CARTESIAN_POINT ( 'NONE',  ( -769.2827496091414300, -48.75292545302340100, 64.65092886266123200 ) ) ;
#3170 = CARTESIAN_POINT ( 'NONE',  ( -509.5312497004276200, 4.765482769164802500, 70.48636094608578200 ) ) ;
#3171 = VECTOR ( 'NONE', #3860, 1000.000000000000000 ) ;
#3172 = CARTESIAN_POINT ( 'NONE',  ( -167.8267618920320400, 340.9204017791029700, 114.7211964094208300 ) ) ;
#3173 = CARTESIAN_POINT ( 'NONE',  ( -801.4150016023039600, -73.21928833898205400, -20.83333333333332900 ) ) ;
#3174 = CARTESIAN_POINT ( 'NONE',  ( -328.4293899634121800, 113.8973949287239700, 650.0000000000000000 ) ) ;
#3175 = CARTESIAN_POINT ( 'NONE',  ( -5.573406319792084700E-011, 400.0000000000000000, -144.6856185281506600 ) ) ;
#3176 = LINE ( 'NONE', #2582, #4621 ) ;
#3177 = CARTESIAN_POINT ( 'NONE',  ( -88.68346670404344000, 310.5249207753435600, -141.7295029713510200 ) ) ;
#3178 = CARTESIAN_POINT ( 'NONE',  ( -258.7992690864763300, -22.92118753055381200, -742.6361122812792200 ) ) ;
#3179 = CARTESIAN_POINT ( 'NONE',  ( -1082.314128209932300, -3.364359763119912500, -17.29182355928554300 ) ) ;
#3180 = ORIENTED_EDGE ( 'NONE', *, *, #5224, .T. ) ;
#3181 = CARTESIAN_POINT ( 'NONE',  ( -880.9587783347557200, 36.96451753725889200, -114.0732011172917200 ) ) ;
#3182 = LINE ( 'NONE', #5611, #4076 ) ;
#3183 = VERTEX_POINT ( 'NONE', #304 ) ;
#3184 = CARTESIAN_POINT ( 'NONE',  ( -223.2698875571568600, 275.0000000000000000, 602.1509797529198500 ) ) ;
#3185 = B_SPLINE_CURVE_WITH_KNOTS ( 'NONE', 3,
 ( #2978, #6025, #4242, #550, #5457, #1782, #4784, #2339, #6697, #7252, #7304, #3630, #7931, #4268, #577, #4866, #5212, #3933 ),
 .UNSPECIFIED., .F., .F.,
 ( 4, 2, 2, 2, 2, 2, 2, 2, 4 ),
 ( 0.0000000000000000000, 0.007019102279065752400, 0.01403820455813150500, 0.02105730683719725700, 0.02807640911626301000, 0.03509551139532876600, 0.04211461367439451500, 0.04913371595346026400, 0.05615281823252601900 ),
 .UNSPECIFIED. ) ;
#3186 = CARTESIAN_POINT ( 'NONE',  ( -900.3022892663303800, 83.06903542927554400, 85.13963735380271200 ) ) ;
#3187 = CARTESIAN_POINT ( 'NONE',  ( -774.0642468253602100, 23.59035881302527900, 479.9273741711696200 ) ) ;
#3188 = CARTESIAN_POINT ( 'NONE',  ( -258.7992690864762700, -16.71658094307100100, 780.8515639854987300 ) ) ;
#3189 = CARTESIAN_POINT ( 'NONE',  ( -768.8168390441551300, -48.71332103239137000, 64.54411551598313700 ) ) ;
#3190 = CARTESIAN_POINT ( 'NONE',  ( -27.05414456146719400, 292.8672705642453000, -143.7838137094368600 ) ) ;
#3191 = CARTESIAN_POINT ( 'NONE',  ( -946.5066301728217000, 4.268108461741424400, 76.77176711742355100 ) ) ;
#3192 = ORIENTED_EDGE ( 'NONE', *, *, #6013, .T. ) ;
#3193 = CARTESIAN_POINT ( 'NONE',  ( -889.8048394498116500, -74.52220209115317600, -20.83333333333332900 ) ) ;
#3194 = CARTESIAN_POINT ( 'NONE',  ( -328.9042016454120000, 142.3159073641449800, 595.8288105596224100 ) ) ;
#3195 = CARTESIAN_POINT ( 'NONE',  ( -247.2086777021706300, 274.9999999999999400, -622.3059786892085900 ) ) ;
#3196 = CARTESIAN_POINT ( 'NONE',  ( -167.1829898283872100, 314.6827761075345500, -139.1128522005395200 ) ) ;
#3197 = EDGE_CURVE ( 'NONE', #5073, #1659, #197, .T. ) ;
#3198 = CARTESIAN_POINT ( 'NONE',  ( -668.2451320953588300, -26.63873525313345400, -810.2838219601886700 ) ) ;
#3199 = VERTEX_POINT ( 'NONE', #5827 ) ;
#3200 = CARTESIAN_POINT ( 'NONE',  ( -878.6136927637468300, 11.89034330751578500, -114.2475637360634600 ) ) ;
#3201 = VERTEX_POINT ( 'NONE', #1624 ) ;
#3202 = LINE ( 'NONE', #4491, #1691 ) ;
#3203 = CARTESIAN_POINT ( 'NONE',  ( -768.0314034738755700, 23.42789570974004900, -55.24532406218320800 ) ) ;
#3204 = ORIENTED_EDGE ( 'NONE', *, *, #202, .T. ) ;
#3205 = CARTESIAN_POINT ( 'NONE',  ( -522.8754905669212600, 8.928908580527334500, -210.4483556475559600 ) ) ;
#3206 = CARTESIAN_POINT ( 'NONE',  ( -668.2451320953587100, -32.68409736124925000, 717.4048729347281300 ) ) ;
#3207 = CARTESIAN_POINT ( 'NONE',  ( -739.4266027890709000, 139.3637366548267900, 99.36212689910671300 ) ) ;
#3208 = CARTESIAN_POINT ( 'NONE',  ( -665.2430629123032300, -78.73253936976406900, -699.9999996933070200 ) ) ;
#3209 = CARTESIAN_POINT ( 'NONE',  ( -278.2322776482543500, 20.00000000000000000, -657.0197406416181100 ) ) ;
#3210 = CARTESIAN_POINT ( 'NONE',  ( -765.2320030810926700, -48.39326521950788900, 60.05810047843071000 ) ) ;
#3211 = CARTESIAN_POINT ( 'NONE',  ( -73.76239284211298800, 285.2667621052817100, -142.2268721000820300 ) ) ;
#3212 = EDGE_CURVE ( 'NONE', #6928, #7352, #5868, .T. ) ;
#3213 = CARTESIAN_POINT ( 'NONE',  ( -765.2320768875873700, 22.99402202320207100, -59.57744851342995000 ) ) ;
#3214 = CARTESIAN_POINT ( 'NONE',  ( -968.7894978597885300, 3.059254069401236900, 70.56854375171587900 ) ) ;
#3215 = ORIENTED_EDGE ( 'NONE', *, *, #1029, .F. ) ;
#3216 = CARTESIAN_POINT ( 'NONE',  ( -770.0781440828610600, -51.00000000000041200, 64.73844108900584600 ) ) ;
#3217 = CARTESIAN_POINT ( 'NONE',  ( -308.7992690864780300, 20.00000000000000400, -649.9999996933067900 ) ) ;
#3218 = CARTESIAN_POINT ( 'NONE',  ( -207.1047745296884800, 275.0000000000000000, -594.7498855620986000 ) ) ;
#3219 = CARTESIAN_POINT ( 'NONE',  ( -939.6504964060640100, 5.912892269429250700, -63.34620524033731900 ) ) ;
#3220 = CARTESIAN_POINT ( 'NONE',  ( -479.7270048121444000, 48.60183823377768400, 452.4167630832597000 ) ) ;
#3221 = ORIENTED_EDGE ( 'NONE', *, *, #2302, .T. ) ;
#3222 = EDGE_CURVE ( 'NONE', #1478, #2531, #3767, .T. ) ;
#3223 = ORIENTED_EDGE ( 'NONE', *, *, #7107, .T. ) ;
#3224 = EDGE_CURVE ( 'NONE', #4998, #4159, #6607, .T. ) ;
#3225 = CARTESIAN_POINT ( 'NONE',  ( -178.6273940561071400, 313.6879570088228800, 138.7313720596210400 ) ) ;
#3226 = ORIENTED_EDGE ( 'NONE', *, *, #6285, .T. ) ;
#3227 = FACE_OUTER_BOUND ( 'NONE', #5429, .T. ) ;
#3228 = B_SPLINE_CURVE_WITH_KNOTS ( 'NONE', 3,
 ( #7654, #2789, #7596, #356, #3345, #4585, #5819, #5915, #6398, #1986, #5638, #6342, #3727, #7573, #6297, #5665, #1451, #2673, #1372, #7599, #833, #4350, #3213, #164, #48, #764, #3287, #5743, #3938, #216, #5057, #4469, #6906, #3859, #3262, #2016, #6978, #3091, #244, #2064, #6783, #2619 ),
 .UNSPECIFIED., .F., .F.,
 ( 4, 2, 2, 2, 2, 2, 2, 2, 2, 2, 2, 2, 2, 2, 2, 2, 2, 2, 2, 2, 4 ),
 ( 0.0000000000000000000, 0.0004793661917027108400, 0.0009587323834054216800, 0.001917464766810520000, 0.002876197150215618600, 0.003355563341918304600, 0.003834929533620989800, 0.004793661917026606000, 0.005752394300432221700, 0.006711126683837837500, 0.007190492875540667500, 0.007669859067243497500, 0.008628591450649137500, 0.009587323834054776700, 0.01054605621746041600, 0.01150478860086607200, 0.01246352098427173100, 0.01342225336767738500, 0.01438098575108304200, 0.01486035194278571500, 0.01533971813448838800 ),
 .UNSPECIFIED. ) ;
#3229 = ORIENTED_EDGE ( 'NONE', *, *, #2103, .T. ) ;
#3230 = LINE ( 'NONE', #1596, #3642 ) ;
#3231 = CARTESIAN_POINT ( 'NONE',  ( -463.5222005909175200, -60.51583775159474500, 857.9639643686445000 ) ) ;
#3232 = CARTESIAN_POINT ( 'NONE',  ( -769.6962191069245600, 23.42730997547047500, 54.75875204565061700 ) ) ;
#3233 = CARTESIAN_POINT ( 'NONE',  ( -191.7992690864780100, 275.0000000000000000, 565.9823110181623600 ) ) ;
#3234 = CARTESIAN_POINT ( 'NONE',  ( -168.3225630098066900, 20.00000000000000400, -555.9581179704205200 ) ) ;
#3235 = CARTESIAN_POINT ( 'NONE',  ( -489.2166624601146100, 3.132967538697218700, 210.0847015248558300 ) ) ;
#3236 = VECTOR ( 'NONE', #438, 1000.000000000000000 ) ;
#3237 = CIRCLE ( 'NONE', #2580, 70.00000000000238700 ) ;
#3238 = AXIS2_PLACEMENT_3D ( 'NONE', #7804, #6568, #6136 ) ;
#3239 = CARTESIAN_POINT ( 'NONE',  ( -731.8165205886452900, 116.0656355729309300, 120.2917345085317900 ) ) ;
#3240 = ORIENTED_EDGE ( 'NONE', *, *, #7673, .F. ) ;
#3241 = CARTESIAN_POINT ( 'NONE',  ( -969.4614523341578000, 2.993448281245290900, 69.77074211148513400 ) ) ;
#3242 = CARTESIAN_POINT ( 'NONE',  ( -917.1676508575110300, 55.99303254970023100, -105.2134167781798600 ) ) ;
#3243 = CARTESIAN_POINT ( 'NONE',  ( -729.0542768836836600, 26.53698324128182800, -239.9999999999998900 ) ) ;
#3244 = CARTESIAN_POINT ( 'NONE',  ( -258.7992690864762700, -41.68335742096629600, 721.7880502371356200 ) ) ;
#3245 = CARTESIAN_POINT ( 'NONE',  ( -331.8196237465880400, -14.11442655388172800, -832.6853719938512800 ) ) ;
#3246 = CARTESIAN_POINT ( 'NONE',  ( -933.6052422941688700, 6.504915578463309700, -69.19200241205965100 ) ) ;
#3247 = CARTESIAN_POINT ( 'NONE',  ( -668.2451320953587100, -18.12814719733356100, -741.1172714877069400 ) ) ;
#3248 = FACE_OUTER_BOUND ( 'NONE', #3828, .T. ) ;
#3249 = CARTESIAN_POINT ( 'NONE',  ( -769.6241278965980000, 23.42789570974004900, -54.76506754953027200 ) ) ;
#3250 = DIRECTION ( 'NONE',  ( 1.000000000000000000, 0.0000000000000000000, 3.088707198718619700E-016 ) ) ;
#3251 = CARTESIAN_POINT ( 'NONE',  ( -143.4224633047991500, 281.2273215869307700, 239.9999999999998900 ) ) ;
#3252 = EDGE_CURVE ( 'NONE', #5022, #450, #7926, .T. ) ;
#3253 = CARTESIAN_POINT ( 'NONE',  ( -16.10057951367483000, 303.1153272455321100, 239.9999999999999400 ) ) ;
#3254 = FACE_OUTER_BOUND ( 'NONE', #6382, .T. ) ;
#3255 = CARTESIAN_POINT ( 'NONE',  ( -982.2282641612464400, 22.70718134904985400, -86.07764387391417000 ) ) ;
#3256 = CARTESIAN_POINT ( 'NONE',  ( -668.2451320953589400, -53.61345991623468200, 815.9327397769930000 ) ) ;
#3257 = CARTESIAN_POINT ( 'NONE',  ( -728.6948296965165400, 26.57218991196057100, 95.30066013804292900 ) ) ;
#3258 = ORIENTED_EDGE ( 'NONE', *, *, #2655, .T. ) ;
#3259 = CARTESIAN_POINT ( 'NONE',  ( -971.0375125829706300, -46.70541187800889600, -20.83333333333332900 ) ) ;
#3260 = CARTESIAN_POINT ( 'NONE',  ( -765.3910280424295300, -48.40668206087764200, 58.46356736895159400 ) ) ;
#3261 = EDGE_LOOP ( 'NONE', ( #7555, #4317, #6798, #4830 ) ) ;
#3262 = CARTESIAN_POINT ( 'NONE',  ( -767.9215770727784000, 22.73063412092165000, -64.18255163554833600 ) ) ;
#3263 = CARTESIAN_POINT ( 'NONE',  ( -308.7992690864780300, 274.9999999999999400, 649.9999996933069000 ) ) ;
#3264 = CARTESIAN_POINT ( 'NONE',  ( -953.4141936592751600, 24.23659796952168900, 95.93045245886568800 ) ) ;
#3265 = CARTESIAN_POINT ( 'NONE',  ( -767.1187975865848300, 22.80925185295480500, 55.81301566269589600 ) ) ;
#3266 = CARTESIAN_POINT ( 'NONE',  ( -301.5973310915021600, 20.00000000000000400, -649.9999996933067900 ) ) ;
#3267 = CARTESIAN_POINT ( 'NONE',  ( -337.4422328526679800, -13.64749124674480500, -830.9221348707368400 ) ) ;
#3268 = ADVANCED_FACE ( 'NONE', ( #6556 ), #4867, .T. ) ;
#3269 = CARTESIAN_POINT ( 'NONE',  ( -936.2525967087029800, 6.245655092192891700, -67.81497975648528600 ) ) ;
#3270 = LINE ( 'NONE', #2468, #613 ) ;
#3271 = CARTESIAN_POINT ( 'NONE',  ( -1028.897866573217200, 28.10591886362328400, -41.05847291900700200 ) ) ;
#3272 = ORIENTED_EDGE ( 'NONE', *, *, #2946, .F. ) ;
#3273 = CARTESIAN_POINT ( 'NONE',  ( -668.2451320953587100, -20.75709420659103800, -734.4624031281563200 ) ) ;
#3274 = CARTESIAN_POINT ( 'NONE',  ( -884.7415063156291800, -53.51484258437727000, -62.35018648539097800 ) ) ;
#3275 = CARTESIAN_POINT ( 'NONE',  ( -165.1967190960534100, 283.5578017290268300, 239.9999999999999400 ) ) ;
#3276 = B_SPLINE_SURFACE_WITH_KNOTS ( 'NONE', 3, 1, ( 
 ( #3217, #2577 ),
 ( #3266, #7579 ),
 ( #818, #3863 ),
 ( #4474, #792 ),
 ( #6886, #2021 ),
 ( #219, #5109 ),
 ( #4516, #6323 ),
 ( #839, #1429 ),
 ( #6250, #3195 ),
 ( #2550, #7504 ),
 ( #151, #4451 ),
 ( #7729, #6985 ),
 ( #5163, #5192 ),
 ( #6493, #7699 ),
 ( #5802, #928 ),
 ( #1484, #6466 ),
 ( #7071, #3385 ),
 ( #3325, #898 ) ),
 .UNSPECIFIED., .F., .F., .F.,
 ( 4, 2, 2, 2, 2, 2, 2, 2, 4 ),
 ( 2, 2 ),
 ( 0.0000000000000000000, 0.1250000000000000000, 0.2500000000000000000, 0.3750000000000000000, 0.5000000000000000000, 0.6250000000000000000, 0.7500000000000000000, 0.8750000000000000000, 1.000000000000000000 ),
 ( 0.0000000000000000000, 1.000000000000000000 ),
 .UNSPECIFIED. ) ;
#3277 = CARTESIAN_POINT ( 'NONE',  ( -14.62674840205269800, 302.1913950899950100, 240.0000000000000000 ) ) ;
#3278 = CARTESIAN_POINT ( 'NONE',  ( -1025.528095748797800, 24.49074053889320300, -49.74942052518628800 ) ) ;
#3279 = CARTESIAN_POINT ( 'NONE',  ( -668.2451320953586000, -77.12315687686989900, 819.8454717776496600 ) ) ;
#3280 = CARTESIAN_POINT ( 'NONE',  ( -393.8887080982341300, 87.29250983550710400, 509.9464644161665200 ) ) ;
#3281 = CARTESIAN_POINT ( 'NONE',  ( -765.2320483850719500, -48.39282862383954900, 59.41923073114512700 ) ) ;
#3282 = CARTESIAN_POINT ( 'NONE',  ( -1011.549365940279900, 0.6126651233501082500, -31.91554654178824200 ) ) ;
#3283 = CARTESIAN_POINT ( 'NONE',  ( -1017.007783940206800, 0.3058985416471965400, 2.143433461030581200 ) ) ;
#3284 = ORIENTED_EDGE ( 'NONE', *, *, #3161, .F. ) ;
#3285 = ORIENTED_EDGE ( 'NONE', *, *, #6282, .F. ) ;
#3286 = ORIENTED_EDGE ( 'NONE', *, *, #3849, .F. ) ;
#3287 = CARTESIAN_POINT ( 'NONE',  ( -765.4829167630156200, 22.96945679395951200, -61.31977829154260500 ) ) ;
#3288 = DIRECTION ( 'NONE',  ( -1.000000000000000000, -0.0000000000000000000, -0.0000000000000000000 ) ) ;
#3289 = CARTESIAN_POINT ( 'NONE',  ( -919.9281327846239300, 75.38684089177860400, -87.27962050026573600 ) ) ;
#3290 = CARTESIAN_POINT ( 'NONE',  ( -1008.872162819340000, 21.53354026582927700, 69.85103928880643300 ) ) ;
#3291 = CARTESIAN_POINT ( 'NONE',  ( -766.2244885543742600, 22.89683324866591400, 56.73347681971808500 ) ) ;
#3292 = CARTESIAN_POINT ( 'NONE',  ( -413.4222416891278700, 71.91118529648198900, -453.0067876111058400 ) ) ;
#3293 = CARTESIAN_POINT ( 'NONE',  ( -323.7527999051511100, -15.61467858139041800, -836.8544153899661100 ) ) ;
#3294 = LINE ( 'NONE', #4538, #6496 ) ;
#3295 = CARTESIAN_POINT ( 'NONE',  ( -937.5132650405622600, 6.122195428859048300, -52.78409167543321000 ) ) ;
#3296 = AXIS2_PLACEMENT_3D ( 'NONE', #4506, #5148, #6420 ) ;
#3297 = B_SPLINE_SURFACE_WITH_KNOTS ( 'NONE', 3, 1, ( 
 ( #6954, #2475 ),
 ( #4591, #1506 ),
 ( #303, #2149 ),
 ( #2764, #893 ),
 ( #4023, #957 ),
 ( #7630, #6488 ),
 ( #5797, #2119 ),
 ( #3968, #1568 ),
 ( #5861, #3379 ),
 ( #6431, #2733 ),
 ( #7068, #3350 ),
 ( #7038, #7659 ),
 ( #2180, #2794 ),
 ( #2704, #331 ),
 ( #4622, #7010 ),
 ( #3318, #924 ),
 ( #275, #4562 ),
 ( #5187, #6460 ) ),
 .UNSPECIFIED., .F., .F., .F.,
 ( 4, 2, 2, 2, 2, 2, 2, 2, 4 ),
 ( 2, 2 ),
 ( 0.0000000000000000000, 0.1250000000000006700, 0.2500000000000013300, 0.3750000000000011100, 0.5000000000000008900, 0.6250000000000006700, 0.7500000000000004400, 0.8750000000000002200, 1.000000000000000000 ),
 ( 0.0000000000000000000, 1.000000000000000000 ),
 .UNSPECIFIED. ) ;
#3298 = CARTESIAN_POINT ( 'NONE',  ( -1010.836020592517800, 0.6527555880066481200, -33.48699698778289500 ) ) ;
#3299 = CARTESIAN_POINT ( 'NONE',  ( -258.7992690864762700, -35.17801972195624700, -742.1735940407954800 ) ) ;
#3300 = EDGE_LOOP ( 'NONE', ( #7461, #2618, #3538, #7034 ) ) ;
#3301 = CARTESIAN_POINT ( 'NONE',  ( -765.7934321333032100, 23.42789570974004900, -62.15786271454411600 ) ) ;
#3302 = CARTESIAN_POINT ( 'NONE',  ( -933.9236489272241200, 7.164169369840226200, 50.39001465470448700 ) ) ;
#3303 = CARTESIAN_POINT ( 'NONE',  ( -132.6808425553274700, 282.5113728862319200, 240.0000000000000600 ) ) ;
#3304 = B_SPLINE_SURFACE_WITH_KNOTS ( 'NONE', 3, 1, ( 
 ( #6761, #615 ),
 ( #1799, #4965 ),
 ( #1873, #6181 ),
 ( #2481, #6 ),
 ( #3707, #6740 ),
 ( #6714, #5503 ) ),
 .UNSPECIFIED., .F., .F., .F.,
 ( 4, 1, 1, 4 ),
 ( 2, 2 ),
 ( 0.0000000000000000000, 0.6778353750968978400, 0.7778353750968976000, 1.000000000000000000 ),
 ( 0.0000000000000000000, 1.000000000000000000 ),
 .UNSPECIFIED. ) ;
#3305 = CARTESIAN_POINT ( 'NONE',  ( -531.8924248352152500, 48.45341906454059000, -373.8240249728036700 ) ) ;
#3306 = ADVANCED_FACE ( 'NONE', ( #3254 ), #3548, .T. ) ;
#3307 = CARTESIAN_POINT ( 'NONE',  ( -258.7992690864762700, -70.00000000000000000, -704.9999996933069000 ) ) ;
#3308 = CARTESIAN_POINT ( 'NONE',  ( -668.2451320953586000, -64.21129738992328800, 818.9035951434206000 ) ) ;
#3309 =( BOUNDED_SURFACE ( )  B_SPLINE_SURFACE ( 3, 2, ( 
 ( #5747, #2707, #1511 ),
 ( #896, #2096, #6464 ),
 ( #7012, #3942, #3323 ),
 ( #6405, #2646, #816 ),
 ( #5800, #4595, #2123 ),
 ( #3911, #7633, #7663 ),
 ( #3290, #5216, #1540 ),
 ( #5830, #2067, #6434 ),
 ( #247, #4540, #5190 ),
 ( #6955, #866, #2153 ) ),
 .UNSPECIFIED., .F., .F., .F. ) 
 B_SPLINE_SURFACE_WITH_KNOTS ( ( 4, 2, 2, 2, 4 ),
 ( 3, 3 ),
 ( 5.041869326281659600, 5.186898195856503700, 5.331927065431347800, 5.476955935006191800, 5.621984804581035900 ),
 ( 0.0000000000000000000, 1.000000000000000000 ),
 .UNSPECIFIED. ) 
 GEOMETRIC_REPRESENTATION_ITEM ( )  RATIONAL_B_SPLINE_SURFACE ( (
 ( 1.000000000000000000, 0.7006585670461694700, 1.000000000000000000),
 ( 1.000000000000000000, 0.6997427311303142700, 1.000000000000000000),
 ( 1.000000000000000000, 0.6988478715163882700, 1.000000000000000000),
 ( 1.000000000000000000, 0.6971193740742521700, 1.000000000000000000),
 ( 1.000000000000000000, 0.6962857652519851600, 1.000000000000000000),
 ( 1.000000000000000000, 0.6946980584610185100, 1.000000000000000000),
 ( 1.000000000000000000, 0.6939439750795446400, 1.000000000000000000),
 ( 1.000000000000000000, 0.6925320120742510800, 1.000000000000000000),
 ( 1.000000000000000000, 0.6918741116773776700, 1.000000000000000000),
 ( 1.000000000000000000, 0.6912717319805836700, 1.000000000000000000) ) ) 
 REPRESENTATION_ITEM ( '' )  SURFACE ( )  );
#3310 = CARTESIAN_POINT ( 'NONE',  ( -977.9970575583958000, 32.06201920788353700, -87.52448106196112600 ) ) ;
#3311 = CARTESIAN_POINT ( 'NONE',  ( -541.8872186319583800, -3.150113460416930100, -0.0000000000000000000 ) ) ;
#3312 = DIRECTION ( 'NONE',  ( 0.0000000000000000000, -6.419779286907802200E-016, 1.000000000000000000 ) ) ;
#3313 = CARTESIAN_POINT ( 'NONE',  ( -915.9650794599418800, 25.73147891334221500, -105.6503777559489200 ) ) ;
#3314 = CARTESIAN_POINT ( 'NONE',  ( -1016.297700418783400, 0.3458056895779103000, 13.66169342167685300 ) ) ;
#3315 = CARTESIAN_POINT ( 'NONE',  ( -1016.760773955059900, 0.3197806607504014000, 8.550177343583840200 ) ) ;
#3316 = CARTESIAN_POINT ( 'NONE',  ( -145.1553993903171700, 322.8981372447224800, 240.0000000000000300 ) ) ;
#3317 = ORIENTED_EDGE ( 'NONE', *, *, #5728, .T. ) ;
#3318 = CARTESIAN_POINT ( 'NONE',  ( -173.5007455445488600, 20.00000000000000000, 572.9256033403211200 ) ) ;
#3319 = CARTESIAN_POINT ( 'NONE',  ( -344.9798420320378200, 113.8747192612501400, -650.0000000000000000 ) ) ;
#3320 = ORIENTED_EDGE ( 'NONE', *, *, #3252, .T. ) ;
#3321 = CARTESIAN_POINT ( 'NONE',  ( -418.4486822469645500, 71.87170263032061300, 650.0000000000000000 ) ) ;
#3322 = VECTOR ( 'NONE', #3592, 1000.000000000000000 ) ;
#3323 = CARTESIAN_POINT ( 'NONE',  ( -976.9540680270083600, 2.556942986274763000, 66.09136683665654700 ) ) ;
#3324 = CARTESIAN_POINT ( 'NONE',  ( -765.7251549869685000, 22.94573394091396100, 57.56178493190850500 ) ) ;
#3325 = CARTESIAN_POINT ( 'NONE',  ( -168.3225630098066300, 20.00000000000000400, -549.2914513037540000 ) ) ;
#3326 = CARTESIAN_POINT ( 'NONE',  ( -184.3918324311517600, 20.00000000000000000, -592.8142552123963500 ) ) ;
#3327 = CARTESIAN_POINT ( 'NONE',  ( -930.8357899445646800, 6.776133349276004300, -69.73117952919479000 ) ) ;
#3328 = CARTESIAN_POINT ( 'NONE',  ( -1034.189430162540500, -0.6597209619783704900, -49.79496904847845700 ) ) ;
#3329 = CARTESIAN_POINT ( 'NONE',  ( -258.7992690864761600, -14.64251213141683600, -803.4697961423705700 ) ) ;
#3330 = VECTOR ( 'NONE', #5449, 1000.000000000000200 ) ;
#3331 = EDGE_CURVE ( 'NONE', #3392, #3535, #5583, .T. ) ;
#3332 = ORIENTED_EDGE ( 'NONE', *, *, #6583, .F. ) ;
#3333 = VECTOR ( 'NONE', #4283, 1000.000000000000000 ) ;
#3334 = CARTESIAN_POINT ( 'NONE',  ( -1001.583692288513200, 47.41521877722369300, -75.84046615296661300 ) ) ;
#3335 = CARTESIAN_POINT ( 'NONE',  ( -938.6168143272911900, 7.164169369840226200, 65.43478420662864900 ) ) ;
#3336 = VERTEX_POINT ( 'NONE', #1758 ) ;
#3337 = CARTESIAN_POINT ( 'NONE',  ( -120.9556869216790900, 284.0293376245765600, 239.9999999999999400 ) ) ;
#3338 = CARTESIAN_POINT ( 'NONE',  ( -68.92241611418722900, 312.8751630351115400, 239.9999999999999100 ) ) ;
#3339 = CARTESIAN_POINT ( 'NONE',  ( -977.8172088364416400, -37.53297281724876900, 20.83333333333332900 ) ) ;
#3340 = CARTESIAN_POINT ( 'NONE',  ( -769.9505933584425700, -49.25060836388760100, 54.74522419366338300 ) ) ;
#3341 = CARTESIAN_POINT ( 'NONE',  ( -168.3225630098066900, 20.00000000000000400, -557.6247846370871500 ) ) ;
#3342 = CARTESIAN_POINT ( 'NONE',  ( -658.0707898217590400, 71.86193051735823200, 649.9999996933067900 ) ) ;
#3343 = CARTESIAN_POINT ( 'NONE',  ( -904.2930463377362000, 22.77516779717030500, -107.9617085358978000 ) ) ;
#3344 = ORIENTED_EDGE ( 'NONE', *, *, #5754, .T. ) ;
#3345 = CARTESIAN_POINT ( 'NONE',  ( -769.2835520050948600, 22.59725330824995000, -54.82588401285065800 ) ) ;
#3346 = CARTESIAN_POINT ( 'NONE',  ( -1097.718637244816400, -4.230103020511854200, 0.6662758696049639900 ) ) ;
#3347 = CARTESIAN_POINT ( 'NONE',  ( -140.2435841760453700, 322.4478064446507800, 240.0000000000000000 ) ) ;
#3348 = EDGE_CURVE ( 'NONE', #6210, #5656, #3537, .T. ) ;
#3349 = EDGE_LOOP ( 'NONE', ( #1955, #1333, #3546, #4557, #919 ) ) ;
#3350 = CARTESIAN_POINT ( 'NONE',  ( -228.9181471801276200, 275.0000000000001100, 619.0186637746701300 ) ) ;
#3351 = CARTESIAN_POINT ( 'NONE',  ( -338.4140752776543800, -70.34444449059779500, 699.9999996933074700 ) ) ;
#3352 = CARTESIAN_POINT ( 'NONE',  ( -509.9347532766029800, 52.94824139816269300, -576.1700571523291500 ) ) ;
#3353 = DIRECTION ( 'NONE',  ( -1.000000000000000000, -0.0000000000000000000, -0.0000000000000000000 ) ) ;
#3354 = LINE ( 'NONE', #7039, #503 ) ;
#3355 = CARTESIAN_POINT ( 'NONE',  ( -918.9483379989669600, 76.50511764219166400, 81.22163257603277500 ) ) ;
#3356 = CARTESIAN_POINT ( 'NONE',  ( -935.9733007366213500, 6.273007081460943500, 51.48382877488725700 ) ) ;
#3357 = AXIS2_PLACEMENT_3D ( 'NONE', #7957, #3692, #5490 ) ;
#3358 = CARTESIAN_POINT ( 'NONE',  ( -1031.684205363288400, -0.5189257264398833300, -51.33113109601915600 ) ) ;
#3359 = VECTOR ( 'NONE', #1105, 1000.000000000000000 ) ;
#3360 = CARTESIAN_POINT ( 'NONE',  ( -5.573319583618285800E-011, 119.9869196084536500, -119.5411502224856400 ) ) ;
#3361 = CARTESIAN_POINT ( 'NONE',  ( -1008.475061789035200, 44.98926872797071000, -43.07104054621709800 ) ) ;
#3362 = CARTESIAN_POINT ( 'NONE',  ( -940.1818394801298400, -44.47907115696418900, 57.72745560709741100 ) ) ;
#3363 = AXIS2_PLACEMENT_3D ( 'NONE', #6247, #6881, #1967 ) ;
#3364 = CARTESIAN_POINT ( 'NONE',  ( -140.6460425708215500, 281.5059669659028700, 239.9999999999999700 ) ) ;
#3365 = ORIENTED_EDGE ( 'NONE', *, *, #7066, .T. ) ;
#3366 = EDGE_CURVE ( 'NONE', #7853, #1360, #1651, .T. ) ;
#3367 = CARTESIAN_POINT ( 'NONE',  ( -99.12554293734520200, 317.0839992357703600, 239.9999999999999700 ) ) ;
#3368 = DIRECTION ( 'NONE',  ( -0.0000000000000000000, -1.000000000000000000, -0.0000000000000000000 ) ) ;
#3369 = CARTESIAN_POINT ( 'NONE',  ( -765.5778448201333500, -49.25060836388760100, 57.84489251316715300 ) ) ;
#3370 = LINE ( 'NONE', #6361, #6566 ) ;
#3371 = B_SPLINE_SURFACE_WITH_KNOTS ( 'NONE', 3, 3, ( 
 ( #2571, #3806, #2023, #81, #6327, #5626, #7484 ),
 ( #5653, #5040, #745, #2002, #4384, #6234, #1357 ),
 ( #1404, #697, #5675, #4996, #3220, #109, #3791 ),
 ( #129, #4434, #1976, #6305, #771, #1381, #6820 ) ),
 .UNSPECIFIED., .F., .F., .F.,
 ( 4, 4 ),
 ( 4, 1, 1, 1, 4 ),
 ( 0.0000000000000000000, 1.000000000000000000 ),
 ( 0.0000000000000000000, 0.1490010684283051300, 0.3542303876842902700, 0.5841602856976757500, 1.000000000000000000 ),
 .UNSPECIFIED. ) ;
#3372 = ORIENTED_EDGE ( 'NONE', *, *, #5630, .F. ) ;
#3373 = CARTESIAN_POINT ( 'NONE',  ( -731.8328558798079900, 116.1642536705869700, -120.2911899988255700 ) ) ;
#3374 = DIRECTION ( 'NONE',  ( -0.0000000000000000000, -1.000000000000000000, -0.0000000000000000000 ) ) ;
#3375 = CARTESIAN_POINT ( 'NONE',  ( -916.1761530242722500, 26.12177652996217200, -105.6062142766427600 ) ) ;
#3376 = CARTESIAN_POINT ( 'NONE',  ( -1016.771606399477400, 0.3191718704478849200, -8.564322522969108700 ) ) ;
#3377 = CARTESIAN_POINT ( 'NONE',  ( -1017.022543480789200, 0.3050690460292440600, 0.4327156072118821800 ) ) ;
#3378 = CARTESIAN_POINT ( 'NONE',  ( -142.7176381162428000, 322.7098742702255500, 240.0000000000000000 ) ) ;
#3379 = CARTESIAN_POINT ( 'NONE',  ( -244.2279730240931000, 275.0000000000001100, 631.5119211267685800 ) ) ;
#3380 = CARTESIAN_POINT ( 'NONE',  ( -478.6549489604646500, 42.20597046175941400, 452.4094041803679100 ) ) ;
#3381 = B_SPLINE_SURFACE_WITH_KNOTS ( 'NONE', 3, 3, ( 
 ( #1258, #5506, #1829, #6717, #1232, #2434, #569 ),
 ( #6742, #3046, #7350, #5529, #1852, #4261, #3023 ),
 ( #7372, #33, #4332, #639, #7322, #5551, #1876 ),
 ( #4233, #2356, #6662, #543, #2970, #4859, #7269 ) ),
 .UNSPECIFIED., .F., .F., .F.,
 ( 4, 4 ),
 ( 4, 1, 1, 1, 4 ),
 ( 0.0000000000000000000, 1.000000000000000000 ),
 ( 0.0000000000000000000, 0.2982968211775609600, 0.6153669425867313000, 0.7410739866888770300, 1.000000000000000000 ),
 .UNSPECIFIED. ) ;
#3382 = EDGE_CURVE ( 'NONE', #1190, #3117, #1441, .T. ) ;
#3383 = CARTESIAN_POINT ( 'NONE',  ( -668.2451320953587100, -70.00000000000000000, -899.6142396099120300 ) ) ;
#3384 = CARTESIAN_POINT ( 'NONE',  ( -738.2234280339897600, -34.33103857364492500, -123.2486460347947900 ) ) ;
#3385 = CARTESIAN_POINT ( 'NONE',  ( -196.7379267154623200, 275.0000000000000600, -568.2488023944376900 ) ) ;
#3386 = CARTESIAN_POINT ( 'NONE',  ( -328.4753375461515400, -12.17899273329988600, -828.6794531756125900 ) ) ;
#3387 = EDGE_CURVE ( 'NONE', #3746, #4334, #3508, .T. ) ;
#3388 = CARTESIAN_POINT ( 'NONE',  ( -931.6749982788013500, 6.693948070409750700, -49.82173528591423000 ) ) ;
#3389 = B_SPLINE_SURFACE_WITH_KNOTS ( 'NONE', 3, 3, ( 
 ( #7894, #3593, #5476, #1822, #4281, #1712, #6123 ),
 ( #6070, #590, #6093, #3617, #7919, #1204, #2936 ),
 ( #6709, #7341, #2, #7238, #5498, #3565, #2428 ),
 ( #6657, #7865, #2991, #3016, #7315, #6739, #3041 ) ),
 .UNSPECIFIED., .F., .F., .F.,
 ( 4, 4 ),
 ( 4, 1, 1, 1, 4 ),
 ( 0.0000000000000000000, 1.000000000000000000 ),
 ( 0.0000000000000000000, 0.1490010684283051300, 0.3542303876842902700, 0.5841602856976757500, 1.000000000000000000 ),
 .UNSPECIFIED. ) ;
#3390 = CARTESIAN_POINT ( 'NONE',  ( -1030.670179620741900, 34.35407089905885400, -21.33327968166264900 ) ) ;
#3391 = CARTESIAN_POINT ( 'NONE',  ( -668.2451320953584900, -18.12814719733356800, -778.4969678155117700 ) ) ;
#3392 = VERTEX_POINT ( 'NONE', #7908 ) ;
#3393 = DIRECTION ( 'NONE',  ( 0.0000000000000000000, 0.0000000000000000000, 1.000000000000000000 ) ) ;
#3394 = CARTESIAN_POINT ( 'NONE',  ( -1019.471936480315100, 21.40775444708630800, -59.02327778567954700 ) ) ;
#3395 = ORIENTED_EDGE ( 'NONE', *, *, #3212, .F. ) ;
#3396 = CARTESIAN_POINT ( 'NONE',  ( -770.0781411151467600, -48.81333128179127800, 54.73844108899105300 ) ) ;
#3397 = CARTESIAN_POINT ( 'NONE',  ( -132.6989873636203500, 282.5090329936691100, 239.9999999999999400 ) ) ;
#3398 = B_SPLINE_CURVE_WITH_KNOTS ( 'NONE', 3,
 ( #5323, #6567, #1560, #7802, #4132, #2755 ),
 .UNSPECIFIED., .F., .F.,
 ( 4, 2, 4 ),
 ( 0.0000000000000000000, 0.004607710878968419900, 0.008819285358822403700 ),
 .UNSPECIFIED. ) ;
#3399 = CARTESIAN_POINT ( 'NONE',  ( -69.35715111042979700, 312.9383097324202400, 240.0000000000000000 ) ) ;
#3400 = ORIENTED_EDGE ( 'NONE', *, *, #7343, .F. ) ;
#3401 = LINE ( 'NONE', #7525, #7448 ) ;
#3402 = CARTESIAN_POINT ( 'NONE',  ( -258.7992690864762700, -70.00000000000000000, -699.9999996933070200 ) ) ;
#3403 = CARTESIAN_POINT ( 'NONE',  ( -766.5251973323377100, -49.25060836388760100, 56.35446640037435600 ) ) ;
#3404 = CARTESIAN_POINT ( 'NONE',  ( -530.2020976964985300, 0.2943142993471342700, 0.0000000000000000000 ) ) ;
#3405 = CARTESIAN_POINT ( 'NONE',  ( -923.1077413794375800, 75.04089419066011100, -103.9163419255811200 ) ) ;
#3406 = VERTEX_POINT ( 'NONE', #4290 ) ;
#3407 = CARTESIAN_POINT ( 'NONE',  ( -932.1670388372293700, 7.164169369840226200, 69.57899333892682100 ) ) ;
#3408 = CARTESIAN_POINT ( 'NONE',  ( -728.7443497501118400, 26.61834064429257300, -96.94476716759159300 ) ) ;
#3409 = CARTESIAN_POINT ( 'NONE',  ( -966.0375125829712000, -38.04515784016415800, -0.0000000000000000000 ) ) ;
#3410 = CARTESIAN_POINT ( 'NONE',  ( -1028.456309864910100, 37.40940996254030200, -0.9038878759252979600 ) ) ;
#3411 = CARTESIAN_POINT ( 'NONE',  ( -144.8087002895958600, 322.8769881690909600, 239.9999999999999700 ) ) ;
#3412 = AXIS2_PLACEMENT_3D ( 'NONE', #6159, #4944, #7301 ) ;
#3413 = CARTESIAN_POINT ( 'NONE',  ( -668.2451320953587100, -80.00000000000000000, 819.6142396099120300 ) ) ;
#3414 = CARTESIAN_POINT ( 'NONE',  ( -721.1684343117491400, -36.89914864066234700, -0.0000000000000000000 ) ) ;
#3415 = CARTESIAN_POINT ( 'NONE',  ( -144.6562651326862000, 322.8664308143299900, 139.8637430237297100 ) ) ;
#3416 = CARTESIAN_POINT ( 'NONE',  ( -430.5817890883756100, 73.28256349372452400, -650.0000000000000000 ) ) ;
#3417 = CARTESIAN_POINT ( 'NONE',  ( -303.2451320953587700, 30.00000000000000000, -874.6142396099120300 ) ) ;
#3418 = CARTESIAN_POINT ( 'NONE',  ( -301.5713464453215800, -25.99449622151487600, -856.4396136868589300 ) ) ;
#3419 = CARTESIAN_POINT ( 'NONE',  ( -936.7754111357478500, 6.194454874405377800, 52.09426298774359100 ) ) ;
#3420 = CARTESIAN_POINT ( 'NONE',  ( -664.3958644335529000, -78.21289812232393500, 699.9999996933069000 ) ) ;
#3421 = CARTESIAN_POINT ( 'NONE',  ( -258.7992690864762700, -19.74452583533723500, -831.1667608148704900 ) ) ;
#3422 = ORIENTED_EDGE ( 'NONE', *, *, #1029, .T. ) ;
#3423 = EDGE_CURVE ( 'NONE', #2175, #1995, #7015, .T. ) ;
#3424 = CARTESIAN_POINT ( 'NONE',  ( -863.4809189418780300, -50.50122968651186300, 67.65870406129712900 ) ) ;
#3425 = CARTESIAN_POINT ( 'NONE',  ( -668.2451320953587100, -80.00000000000001400, -899.6142396099120300 ) ) ;
#3426 = CARTESIAN_POINT ( 'NONE',  ( -14.62674840205269800, 302.0000000000000600, 137.9225819429061100 ) ) ;
#3427 =( BOUNDED_SURFACE ( )  B_SPLINE_SURFACE ( 3, 2, ( 
 ( #5256, #3455, #937 ),
 ( #4067, #377, #2778 ),
 ( #315, #907, #1525 ),
 ( #6413, #3334, #1579 ),
 ( #4664, #973, #998 ),
 ( #4039, #2194, #1550 ),
 ( #4548, #6447, #2835 ),
 ( #3394, #6503, #3361 ),
 ( #5289, #2717, #1606 ),
 ( #7137, #5901, #5810 ) ),
 .UNSPECIFIED., .F., .F., .F. ) 
 B_SPLINE_SURFACE_WITH_KNOTS ( ( 4, 2, 2, 2, 4 ),
 ( 3, 3 ),
 ( 5.041869326281649000, 5.207052282524292900, 5.372235238766935900, 5.537418195009578900, 5.702601151252222800 ),
 ( 0.0000000000000000000, 1.000000000000000000 ),
 .UNSPECIFIED. ) 
 GEOMETRIC_REPRESENTATION_ITEM ( )  RATIONAL_B_SPLINE_SURFACE ( (
 ( 1.000000000000000000, 0.7441224190802596700, 1.000000000000000000),
 ( 1.000000000000000000, 0.7499348324510277700, 1.000000000000000000),
 ( 1.000000000000000000, 0.7555136892836736800, 1.000000000000000000),
 ( 1.000000000000000000, 0.7660890897124076300, 1.000000000000000000),
 ( 1.000000000000000000, 0.7710853641849434400, 1.000000000000000000),
 ( 1.000000000000000000, 0.7803960150859149400, 1.000000000000000000),
 ( 1.000000000000000000, 0.7847104072536702500, 1.000000000000000000),
 ( 1.000000000000000000, 0.7925756853449691400, 1.000000000000000000),
 ( 1.000000000000000000, 0.7961268479165667400, 1.000000000000000000),
 ( 1.000000000000000000, 0.7992633989974036200, 1.000000000000000000) ) ) 
 REPRESENTATION_ITEM ( '' )  SURFACE ( )  );
#3428 = CARTESIAN_POINT ( 'NONE',  ( -139.4367951120128500, 281.6482336867387600, 239.9999999999999400 ) ) ;
#3429 = ORIENTED_EDGE ( 'NONE', *, *, #7627, .T. ) ;
#3430 = CARTESIAN_POINT ( 'NONE',  ( -127.6216797576918400, 320.8352685050920700, 239.9999999999999100 ) ) ;
#3431 = CARTESIAN_POINT ( 'NONE',  ( -1005.403541481767000, 0.9580643875525296500, -42.93081952144124400 ) ) ;
#3432 = CARTESIAN_POINT ( 'NONE',  ( -770.0143880533164500, -49.25060836388760100, 64.73573041319514200 ) ) ;
#3433 = DIRECTION ( 'NONE',  ( 0.0000000000000000000, 0.0000000000000000000, 1.000000000000000000 ) ) ;
#3434 = CARTESIAN_POINT ( 'NONE',  ( -735.4148864932485600, 126.5432280666622700, -117.6754075845830400 ) ) ;
#3435 = CARTESIAN_POINT ( 'NONE',  ( -730.6648136168574900, 40.39895485402262700, -117.7794181763231800 ) ) ;
#3436 = CARTESIAN_POINT ( 'NONE',  ( -369.1873723620478200, -14.94720125082373300, -829.6142396099120300 ) ) ;
#3437 = EDGE_LOOP ( 'NONE', ( #4339, #2250, #4751, #7375 ) ) ;
#3438 = CIRCLE ( 'NONE', #4406, 60.00000000000238700 ) ;
#3439 = CARTESIAN_POINT ( 'NONE',  ( -1015.928679326762100, 0.3665449109012017800, 16.21465817035591800 ) ) ;
#3440 = CARTESIAN_POINT ( 'NONE',  ( -143.0377361604167300, 322.7390681241154200, 239.9999999999999400 ) ) ;
#3441 = ORIENTED_EDGE ( 'NONE', *, *, #658, .T. ) ;
#3442 = ADVANCED_FACE ( 'NONE', ( #6348 ), #1118, .T. ) ;
#3443 = CARTESIAN_POINT ( 'NONE',  ( -1021.074700142277700, 20.99602887136783000, 56.80099378340646900 ) ) ;
#3444 = CIRCLE ( 'NONE', #2289, 148.3286034136782000 ) ;
#3445 = CARTESIAN_POINT ( 'NONE',  ( -156.6786733874626200, 322.3868492172487100, 139.4629960819038400 ) ) ;
#3446 = CARTESIAN_POINT ( 'NONE',  ( -711.8568504542180300, -28.00425256398114000, -269.8670942215699100 ) ) ;
#3447 = CARTESIAN_POINT ( 'NONE',  ( -158.0005438566567800, 281.8237605660858100, 139.4189337329307500 ) ) ;
#3448 = CARTESIAN_POINT ( 'NONE',  ( -305.9537646996490700, -20.51144919222808500, -847.9286054992898000 ) ) ;
#3449 = LINE ( 'NONE', #6126, #3333 ) ;
#3450 = CARTESIAN_POINT ( 'NONE',  ( -931.3328162933254400, 6.727458607366993500, 49.78049227821631500 ) ) ;
#3451 = DIRECTION ( 'NONE',  ( 0.0000000000000000000, 0.0000000000000000000, -1.000000000000000000 ) ) ;
#3452 = CARTESIAN_POINT ( 'NONE',  ( -258.7992690864762700, -80.00000000000000000, -889.6142396099120300 ) ) ;
#3453 = VERTEX_POINT ( 'NONE', #2489 ) ;
#3454 = B_SPLINE_CURVE_WITH_KNOTS ( 'NONE', 3,
 ( #6715, #3021, #3044, #7347, #542, #7 ),
 .UNSPECIFIED., .F., .F.,
 ( 4, 1, 1, 4 ),
 ( 0.0000000000000000000, 0.8318059279503584600, 0.9159029244924025100, 1.000000000000000000 ),
 .UNSPECIFIED. ) ;
#3455 = CARTESIAN_POINT ( 'NONE',  ( -984.7083298120182900, 53.35580670079827600, -85.22959943904371000 ) ) ;
#3456 = CARTESIAN_POINT ( 'NONE',  ( -258.7992690864780900, -80.00000000000000000, 651.3187184546429800 ) ) ;
#3457 = CARTESIAN_POINT ( 'NONE',  ( -348.2451320953587700, -13.69752918442446800, 829.6142396099120300 ) ) ;
#3458 = CARTESIAN_POINT ( 'NONE',  ( -103.2867028085944100, 286.3579121887311200, 239.9999999999999400 ) ) ;
#3459 = CARTESIAN_POINT ( 'NONE',  ( -42.20875326983825500, 308.7442902923770000, 239.9999999999999400 ) ) ;
#3460 = FACE_OUTER_BOUND ( 'NONE', #134, .T. ) ;
#3461 = CARTESIAN_POINT ( 'NONE',  ( -668.2451320953587100, 274.9999999999999400, -649.9999996933067900 ) ) ;
#3462 = CARTESIAN_POINT ( 'NONE',  ( -767.7837809538689300, -49.25060836388760100, 64.10548462347611600 ) ) ;
#3463 = CARTESIAN_POINT ( 'NONE',  ( -303.2451320953590500, 30.00000000000000000, -874.6142396099120300 ) ) ;
#3464 = DIRECTION ( 'NONE',  ( 0.0000000000000000000, -6.419779286907802200E-016, -1.000000000000000000 ) ) ;
#3465 = CARTESIAN_POINT ( 'NONE',  ( -1075.011227647846700, -2.953932082078715800, 22.36803755768187300 ) ) ;
#3466 = CARTESIAN_POINT ( 'NONE',  ( -315.6088344794915200, -18.59150419273068500, 843.4765673003504400 ) ) ;
#3467 = LINE ( 'NONE', #4119, #3567 ) ;
#3468 = EDGE_CURVE ( 'NONE', #2175, #3633, #7700, .T. ) ;
#3469 = VERTEX_POINT ( 'NONE', #4949 ) ;
#3470 = CARTESIAN_POINT ( 'NONE',  ( -5.573319583618286500E-011, 120.6554859766938400, 125.3159394877816600 ) ) ;
#3471 = CARTESIAN_POINT ( 'NONE',  ( -169.4055503420702300, 318.9737294133622100, 239.9999999999999400 ) ) ;
#3472 = CARTESIAN_POINT ( 'NONE',  ( -158.3677687389844100, 322.1057611229551900, 139.4066929035198500 ) ) ;
#3473 = CARTESIAN_POINT ( 'NONE',  ( -301.5973310915021600, 20.00000000000000400, -649.9999996933067900 ) ) ;
#3474 = CARTESIAN_POINT ( 'NONE',  ( -308.7992690864780300, 20.00000000000000400, -659.9999996933067900 ) ) ;
#3475 = CARTESIAN_POINT ( 'NONE',  ( -939.2442461228716900, 5.952677137443019200, 55.21885250027326500 ) ) ;
#3476 = VERTEX_POINT ( 'NONE', #2559 ) ;
#3477 = LINE ( 'NONE', #3875, #3085 ) ;
#3478 = B_SPLINE_CURVE_WITH_KNOTS ( 'NONE', 3,
 ( #355, #4079, #4644, #5266, #5354, #7117, #5325, #2283, #2203, #1008 ),
 .UNSPECIFIED., .F., .F.,
 ( 4, 2, 2, 2, 4 ),
 ( 1.114551395912170200E-016, 0.04011257804652164400, 0.06016886706978223600, 0.08022515609304282900, 0.1604503121860848800 ),
 .UNSPECIFIED. ) ;
#3479 = B_SPLINE_SURFACE_WITH_KNOTS ( 'NONE', 3, 3, ( 
 ( #4907, #630, #1176, #6062, #1221, #5467 ),
 ( #654, #1269, #1766, #5517, #5491, #3611 ),
 ( #2367, #6678, #7914, #1199, #4251, #6088 ),
 ( #4276, #1815, #7940, #4874, #557, #2398 ) ),
 .UNSPECIFIED., .F., .F., .F.,
 ( 4, 4 ),
 ( 4, 1, 1, 4 ),
 ( 0.0000000000000000000, 1.000000000000000000 ),
 ( 0.0000000000000000000, 0.08409707550759747100, 0.1681940720496415700, 1.000000000000000000 ),
 .UNSPECIFIED. ) ;
#3480 = CARTESIAN_POINT ( 'NONE',  ( -663.0462233547669900, -77.02337740748757300, 699.9999996933066800 ) ) ;
#3481 = CARTESIAN_POINT ( 'NONE',  ( -258.7992690864762200, -22.79379144727865700, -838.8441414681634600 ) ) ;
#3482 = CARTESIAN_POINT ( 'NONE',  ( -723.6193010487612600, -38.68068962038901000, 36.91515317970814200 ) ) ;
#3483 = DIRECTION ( 'NONE',  ( -0.0000000000000000000, -1.000000000000000000, -0.0000000000000000000 ) ) ;
#3484 = LINE ( 'NONE', #1416, #1856 ) ;
#3485 = ADVANCED_FACE ( 'NONE', ( #6177 ), #3563, .T. ) ;
#3486 = CARTESIAN_POINT ( 'NONE',  ( -73.41383094575611800, 290.4762685471076200, 239.9999999999999400 ) ) ;
#3487 = EDGE_CURVE ( 'NONE', #6727, #2396, #6833, .T. ) ;
#3488 = CARTESIAN_POINT ( 'NONE',  ( -132.6397343207079000, 321.4833258926947200, 240.0000000000000300 ) ) ;
#3489 = DIRECTION ( 'NONE',  ( -1.000000000000000000, 0.0000000000000000000, 0.0000000000000000000 ) ) ;
#3490 = CARTESIAN_POINT ( 'NONE',  ( -769.8868964756188700, 23.42730997547047500, 64.73030993236832800 ) ) ;
#3491 = FILL_AREA_STYLE ('',( #886 ) ) ;
#3492 = CARTESIAN_POINT ( 'NONE',  ( -184.5927022070657100, 300.8448415446100600, 240.0000000000000300 ) ) ;
#3493 = CARTESIAN_POINT ( 'NONE',  ( -731.2445465146253100, 45.78975632042175200, -119.6645496458036500 ) ) ;
#3494 = CARTESIAN_POINT ( 'NONE',  ( -930.0000000000558200, -51.00000000000041200, -49.73844108900407700 ) ) ;
#3495 = CARTESIAN_POINT ( 'NONE',  ( -731.0835896467239100, 142.6386337000444900, -95.57899171663386500 ) ) ;
#3496 = PRODUCT_DEFINITION_CONTEXT ( 'detailed design', #2401, 'design' ) ;
#3497 = CARTESIAN_POINT ( 'NONE',  ( -168.6659145632290800, 319.2606961025070400, 240.0000000000000300 ) ) ;
#3498 = EDGE_CURVE ( 'NONE', #7658, #1926, #4153, .T. ) ;
#3499 = CARTESIAN_POINT ( 'NONE',  ( -148.9894789411315200, 323.0048226781706800, 139.7193025634482500 ) ) ;
#3500 = CARTESIAN_POINT ( 'NONE',  ( -88.68346670404302800, 288.3260647937871100, 141.7295029713512200 ) ) ;
#3501 = CARTESIAN_POINT ( 'NONE',  ( -937.7351337887660100, -42.95331914665081300, 52.99671695290127400 ) ) ;
#3502 = EDGE_LOOP ( 'NONE', ( #4206, #4960, #2226, #4502 ) ) ;
#3503 = EDGE_CURVE ( 'NONE', #2148, #3609, #776, .T. ) ;
#3504 = ORIENTED_EDGE ( 'NONE', *, *, #6472, .T. ) ;
#3505 = DIRECTION ( 'NONE',  ( 0.8525939347305837600, 0.0000000000000000000, -0.5225739971148785100 ) ) ;
#3506 = CARTESIAN_POINT ( 'NONE',  ( -668.2451320953587100, -24.12689597281492500, -791.3937477786637400 ) ) ;
#3507 = ORIENTED_EDGE ( 'NONE', *, *, #5561, .F. ) ;
#3508 = B_SPLINE_CURVE_WITH_KNOTS ( 'NONE', 3,
 ( #2340, #3056, #6646, #1141, #2979, #1732, #2950, #7253, #3604, #6084, #6135, #2392, #1808, #2440, #526, #5458, #603, #3029, #6026, #5514, #7331, #7355, #3689, #551, #3582, #4270, #578, #15 ),
 .UNSPECIFIED., .F., .F.,
 ( 4, 2, 2, 2, 2, 2, 2, 2, 2, 2, 2, 2, 2, 4 ),
 ( 0.01375326780887004900, 0.02663136429420241000, 0.03950946077953477300, 0.04594850902220094800, 0.05238755726486712900, 0.05560708138620036600, 0.05882660550753361600, 0.06043636756820023500, 0.06204612962886685300, 0.06285101065920031800, 0.06365589168953378300, 0.06446077271986723500, 0.06486321323503398100, 0.06526565375020070000 ),
 .UNSPECIFIED. ) ;
#3509 = FACE_OUTER_BOUND ( 'NONE', #7846, .T. ) ;
#3510 = CARTESIAN_POINT ( 'NONE',  ( -5.573319583618285800E-011, 120.6457060049897900, -125.2733992881068300 ) ) ;
#3511 = CARTESIAN_POINT ( 'NONE',  ( -509.9347532766029800, 52.94824139816269300, 576.1700571523291500 ) ) ;
#3512 = CARTESIAN_POINT ( 'NONE',  ( -668.2451320953587100, -80.00000000000001400, 899.6142396099120300 ) ) ;
#3513 = CARTESIAN_POINT ( 'NONE',  ( -100.2687350376918300, 286.7623153837198500, 239.9999999999999400 ) ) ;
#3514 = ORIENTED_EDGE ( 'NONE', *, *, #7904, .F. ) ;
#3515 = CARTESIAN_POINT ( 'NONE',  ( -914.7392496824887800, 24.93887290660811500, 105.9052056003544800 ) ) ;
#3516 = AXIS2_PLACEMENT_3D ( 'NONE', #6116, #6030, #2366 ) ;
#3517 = CARTESIAN_POINT ( 'NONE',  ( -930.8578036902035800, 7.164169077462492700, -49.74729774213167800 ) ) ;
#3518 = CARTESIAN_POINT ( 'NONE',  ( -736.7074765593075700, 130.4192903715945400, -115.0506835282121900 ) ) ;
#3519 = DIRECTION ( 'NONE',  ( -1.000000000000000000, 0.0000000000000000000, 0.0000000000000000000 ) ) ;
#3520 = CARTESIAN_POINT ( 'NONE',  ( -729.3327099301161500, 29.68371209194455000, -107.4673683748021600 ) ) ;
#3521 = CARTESIAN_POINT ( 'NONE',  ( -1023.869892135917900, 39.56986850050211800, 3.265785876999444300 ) ) ;
#3522 = ORIENTED_EDGE ( 'NONE', *, *, #3804, .F. ) ;
#3523 = CARTESIAN_POINT ( 'NONE',  ( -1030.581148822480800, 31.23623109973122400, 32.19094901363848700 ) ) ;
#3524 = CARTESIAN_POINT ( 'NONE',  ( -321.7146628701095800, -16.19453685777525800, 838.2574688432218900 ) ) ;
#3525 = AXIS2_PLACEMENT_3D ( 'NONE', #4013, #2784, #351 ) ;
#3526 = ADVANCED_FACE ( 'NONE', ( #4613 ), #905, .F. ) ;
#3527 = CARTESIAN_POINT ( 'NONE',  ( -900.3022892682647600, 83.06903542859463100, -85.13963735777501500 ) ) ;
#3528 = B_SPLINE_SURFACE_WITH_KNOTS ( 'NONE', 3, 3, ( 
 ( #2013, #2612, #7542, #4582, #3280, #7651, #353 ),
 ( #5762, #7593, #6480, #3961, #7687, #918, #2697 ),
 ( #3311, #4015, #4642, #6396, #5209, #3988, #6454 ),
 ( #2667, #2756, #5180, #1500, #2727, #1472, #322 ) ),
 .UNSPECIFIED., .F., .F., .F.,
 ( 4, 4 ),
 ( 4, 1, 1, 1, 4 ),
 ( 0.0000000000000000000, 1.000000000000000000 ),
 ( 0.0000000000000000000, 0.2982968211775609600, 0.6153669425867313000, 0.7410739866888770300, 1.000000000000000000 ),
 .UNSPECIFIED. ) ;
#3529 = CARTESIAN_POINT ( 'NONE',  ( -159.6015357563700300, 321.8486944691483700, 240.0000000000000000 ) ) ;
#3530 = CARTESIAN_POINT ( 'NONE',  ( -1025.528095748797800, 24.49074053889315600, 49.74942052518749600 ) ) ;
#3531 = CARTESIAN_POINT ( 'NONE',  ( -139.2966639815496100, 281.6606173884614500, 140.0423963954343400 ) ) ;
#3532 = CARTESIAN_POINT ( 'NONE',  ( -956.3495459002957700, 4.277522381529189800, -78.20108010740655400 ) ) ;
#3533 = CARTESIAN_POINT ( 'NONE',  ( -930.8382738294539000, 6.775890097673309900, 69.73095854039044600 ) ) ;
#3534 = CARTESIAN_POINT ( 'NONE',  ( -731.9078419832025000, 51.42973587772527800, 120.2897758484324300 ) ) ;
#3535 = VERTEX_POINT ( 'NONE', #5093 ) ;
#3536 = CARTESIAN_POINT ( 'NONE',  ( -919.5031764296189700, 76.11555795107496200, 84.27382608370443500 ) ) ;
#3537 =( BOUNDED_CURVE ( )  B_SPLINE_CURVE ( 3, ( #3661, #4841, #5432, #6057 ),
 .UNSPECIFIED., .F., .F. ) 
 B_SPLINE_CURVE_WITH_KNOTS ( ( 4, 4 ),
 ( 1.504729672242929700, 1.549338995308003900 ),
 .UNSPECIFIED. ) 
 CURVE ( )  GEOMETRIC_REPRESENTATION_ITEM ( )  RATIONAL_B_SPLINE_CURVE ( ( 1.000000000000000000, 0.9998341742329751600, 0.9998341742329751600, 1.000000000000000000 ) ) 
 REPRESENTATION_ITEM ( '' )  );
#3538 = ORIENTED_EDGE ( 'NONE', *, *, #4771, .F. ) ;
#3539 = EDGE_CURVE ( 'NONE', #3199, #2961, #5973, .T. ) ;
#3540 = CARTESIAN_POINT ( 'NONE',  ( -5.573319583618286500E-011, 125.5467266163154700, -135.2170671266275400 ) ) ;
#3541 = CARTESIAN_POINT ( 'NONE',  ( -430.5817890883756100, 73.28256349372452400, 650.0000000000000000 ) ) ;
#3542 = CARTESIAN_POINT ( 'NONE',  ( -168.3225630098066900, -80.00000000000000000, -559.2914513037541200 ) ) ;
#3543 = DIRECTION ( 'NONE',  ( -1.000000000000000000, -0.0000000000000000000, 0.0000000000000000000 ) ) ;
#3544 = B_SPLINE_SURFACE_WITH_KNOTS ( 'NONE', 3, 1, ( 
 ( #3711, #7925 ),
 ( #4889, #3598 ),
 ( #4262, #4287 ),
 ( #570, #2407 ),
 ( #3024, #7323 ),
 ( #3656, #7949 ),
 ( #596, #1212 ),
 ( #5508, #3839 ),
 ( #5038, #6888 ),
 ( #5017, #6279 ),
 ( #3198, #3733 ),
 ( #5607, #3763 ),
 ( #1282, #4969 ),
 ( #2579, #2485 ),
 ( #4357, #5625 ),
 ( #3100, #696 ),
 ( #7430, #1901 ),
 ( #6185, #2529 ),
 ( #4945, #670 ),
 ( #1355, #6817 ),
 ( #7457, #5581 ),
 ( #3813, #6791 ),
 ( #4382, #4994 ),
 ( #4454, #1975 ),
 ( #1306, #743 ),
 ( #719, #57 ),
 ( #6206, #6232 ),
 ( #2507, #7507 ),
 ( #3788, #3126 ),
 ( #1950, #1877 ),
 ( #7406, #153 ),
 ( #1259, #79 ),
 ( #1927, #5651 ),
 ( #1332, #6841 ),
 ( #3152, #5552 ),
 ( #128, #108 ),
 ( #2552, #4405 ),
 ( #6254, #7482 ),
 ( #6863, #3178 ),
 ( #4433, #841 ),
 ( #5137, #251 ),
 ( #7606, #2650 ),
 ( #175, #6408 ),
 ( #3888, #7639 ),
 ( #2604, #820 ),
 ( #5776, #1380 ),
 ( #7553, #4543 ),
 ( #1432, #199 ),
 ( #5090, #794 ),
 ( #2712, #6304 ) ),
 .UNSPECIFIED., .F., .F., .F.,
 ( 4, 2, 2, 2, 2, 2, 2, 2, 2, 2, 2, 2, 2, 2, 2, 2, 2, 2, 2, 2, 2, 2, 2, 2, 4 ),
 ( 2, 2 ),
 ( 0.0000000000000000000, 0.06249999999999993100, 0.1249999999999999700, 0.1875000000000000000, 0.2500000000000000600, 0.2812500000000000600, 0.3125000000000001100, 0.3437500000000001100, 0.3750000000000001100, 0.4062500000000001700, 0.4375000000000001700, 0.4687500000000002200, 0.5000000000000002200, 0.5312500000000002200, 0.5625000000000001100, 0.5937500000000001100, 0.6250000000000001100, 0.6562500000000000000, 0.6875000000000000000, 0.7187500000000000000, 0.7499999999999998900, 0.8125000000000000000, 0.8750000000000000000, 0.9375000000000001100, 1.000000000000000000 ),
 ( 0.0000000000000000000, 1.000000000000000000 ),
 .UNSPECIFIED. ) ;
#3545 = LINE ( 'NONE', #6044, #3330 ) ;
#3546 = ORIENTED_EDGE ( 'NONE', *, *, #5224, .F. ) ;
#3547 = VECTOR ( 'NONE', #6974, 1000.000000000000000 ) ;
#3548 = B_SPLINE_SURFACE_WITH_KNOTS ( 'NONE', 3, 1, ( 
 ( #446, #1069 ),
 ( #5887, #5357 ),
 ( #6725, #6107 ),
 ( #7883, #6749 ),
 ( #4897, #1170 ),
 ( #7279, #4213 ) ),
 .UNSPECIFIED., .F., .F., .F.,
 ( 4, 2, 4 ),
 ( 2, 2 ),
 ( 0.0000000000000000000, 0.5000000000000000000, 1.000000000000000000 ),
 ( 0.0000000000000000000, 1.000000000000000000 ),
 .UNSPECIFIED. ) ;
#3549 = DIRECTION ( 'NONE',  ( -0.0000000000000000000, -1.000000000000000000, -0.0000000000000000000 ) ) ;
#3550 = CARTESIAN_POINT ( 'NONE',  ( -122.8039853409332100, 320.2122249436104700, 140.5921523501214400 ) ) ;
#3551 = ORIENTED_EDGE ( 'NONE', *, *, #5823, .T. ) ;
#3552 = CARTESIAN_POINT ( 'NONE',  ( -390.1179021741854700, -16.35196870233727800, -829.6142396099121500 ) ) ;
#3553 = CARTESIAN_POINT ( 'NONE',  ( -1064.312350017403100, -2.352648318387856400, 29.63195011351033200 ) ) ;
#3554 = CARTESIAN_POINT ( 'NONE',  ( -303.4315103574834300, -39.61431526816363700, 870.3808335930414200 ) ) ;
#3555 = PLANE ( 'NONE',  #644 ) ;
#3556 = ORIENTED_EDGE ( 'NONE', *, *, #3054, .F. ) ;
#3557 = CARTESIAN_POINT ( 'NONE',  ( -166.4401335520456400, 320.0531533861469000, 239.9999999999999400 ) ) ;
#3558 = CARTESIAN_POINT ( 'NONE',  ( -731.8165205886452900, 51.46764385215429600, 120.2917345085317900 ) ) ;
#3559 = CARTESIAN_POINT ( 'NONE',  ( -128.0449755521220800, 283.1098217306960700, 140.4174526764153400 ) ) ;
#3560 = CARTESIAN_POINT ( 'NONE',  ( -938.9155313115511500, -42.77269275231116600, 54.62162598948376800 ) ) ;
#3561 = CARTESIAN_POINT ( 'NONE',  ( -916.1761530242783900, 52.78097960269511900, 105.6062142766424000 ) ) ;
#3562 = EDGE_CURVE ( 'NONE', #7927, #2486, #7588, .T. ) ;
#3563 = B_SPLINE_SURFACE_WITH_KNOTS ( 'NONE', 3, 1, ( 
 ( #3740, #6869 ),
 ( #703, #6794 ),
 ( #3103, #7410 ),
 ( #3794, #1309 ),
 ( #112, #5609 ),
 ( #1908, #4362 ),
 ( #675, #3184 ),
 ( #3130, #2535 ),
 ( #7487, #4974 ),
 ( #1953, #85 ),
 ( #3817, #5536 ),
 ( #6213, #1857 ),
 ( #1931, #6847 ),
 ( #3158, #1241 ),
 ( #646, #5628 ),
 ( #7460, #6823 ),
 ( #4312, #2512 ),
 ( #1264, #4410 ) ),
 .UNSPECIFIED., .F., .F., .F.,
 ( 4, 2, 2, 2, 2, 2, 2, 2, 4 ),
 ( 2, 2 ),
 ( 0.0000000000000000000, 0.1250000000000000000, 0.2500000000000000000, 0.3750000000000000000, 0.5000000000000000000, 0.6250000000000000000, 0.7500000000000000000, 0.8750000000000000000, 1.000000000000000000 ),
 ( 0.0000000000000000000, 1.000000000000000000 ),
 .UNSPECIFIED. ) ;
#3564 = ORIENTED_EDGE ( 'NONE', *, *, #6138, .F. ) ;
#3565 = CARTESIAN_POINT ( 'NONE',  ( -412.8137997136921100, 74.05357191944881400, -571.4712885500152900 ) ) ;
#3566 = CARTESIAN_POINT ( 'NONE',  ( -436.6483425090811500, 73.98799392542650800, -650.0000000000000000 ) ) ;
#3567 = VECTOR ( 'NONE', #4828, 1000.000000000000000 ) ;
#3568 = CARTESIAN_POINT ( 'NONE',  ( -598.2451320953588300, 30.00000000000000000, -829.6142396099121500 ) ) ;
#3569 = CARTESIAN_POINT ( 'NONE',  ( -258.7992690864762700, -70.00000000000000000, 692.4999996933070200 ) ) ;
#3570 = ADVANCED_FACE ( 'NONE', ( #1080 ), #228, .T. ) ;
#3571 = CARTESIAN_POINT ( 'NONE',  ( -598.2451320953588300, -36.40320157694913700, 826.5104020864942000 ) ) ;
#3572 = AXIS2_PLACEMENT_3D ( 'NONE', #3136, #681, #5591 ) ;
#3573 = CARTESIAN_POINT ( 'NONE',  ( -69.98459362018928700, 290.9706957199376200, 240.0000000000000000 ) ) ;
#3574 = CARTESIAN_POINT ( 'NONE',  ( -241.5019980290058200, 106.9289776403001000, 136.6355519271858200 ) ) ;
#3575 = CARTESIAN_POINT ( 'NONE',  ( -905.4395593262546500, 22.92605989830107300, 107.7462022555501200 ) ) ;
#3576 = LINE ( 'NONE', #3814, #1935 ) ;
#3577 = AXIS2_PLACEMENT_3D ( 'NONE', #3096, #6157, #7319 ) ;
#3578 = CARTESIAN_POINT ( 'NONE',  ( -173.9336574783623900, 287.1600053551340500, 239.9999999999999100 ) ) ;
#3579 = CARTESIAN_POINT ( 'NONE',  ( -23.51446244348252500, 305.2216636787061900, 143.9018031133696800 ) ) ;
#3580 = CARTESIAN_POINT ( 'NONE',  ( -1028.725447602556600, 37.86058052473568800, 38.83946955093431800 ) ) ;
#3581 = EDGE_LOOP ( 'NONE', ( #4951, #7400, #1424 ) ) ;
#3582 = CARTESIAN_POINT ( 'NONE',  ( -855.5164796022163500, 38.93544325447158600, 114.8668439700471600 ) ) ;
#3583 = CARTESIAN_POINT ( 'NONE',  ( -327.2960135907563900, -14.80883829798467100, 834.7535650309457700 ) ) ;
#3584 = LINE ( 'NONE', #6507, #7911 ) ;
#3585 =( BOUNDED_SURFACE ( )  B_SPLINE_SURFACE ( 3, 2, ( 
 ( #947, #3405, #5236 ),
 ( #7003, #2141, #2786 ),
 ( #2112, #7086, #7719 ),
 ( #2171, #887, #1561 ) ),
 .UNSPECIFIED., .F., .F., .F. ) 
 B_SPLINE_SURFACE_WITH_KNOTS ( ( 4, 4 ),
 ( 3, 3 ),
 ( 4.951528692706078900, 5.041869326281681800 ),
 ( 0.0000000000000000000, 1.000000000000000000 ),
 .UNSPECIFIED. ) 
 GEOMETRIC_REPRESENTATION_ITEM ( )  RATIONAL_B_SPLINE_SURFACE ( (
 ( 1.000000000000000000, 0.7343883422762481600, 1.000000000000000000),
 ( 1.000000000000000000, 0.7376954447171630800, 1.000000000000000000),
 ( 1.000000000000000000, 0.7409437060505359400, 1.000000000000000000),
 ( 1.000000000000000000, 0.7441224190802626600, 1.000000000000000000) ) ) 
 REPRESENTATION_ITEM ( '' )  SURFACE ( )  );
#3586 = ORIENTED_EDGE ( 'NONE', *, *, #1860, .T. ) ;
#3587 = CARTESIAN_POINT ( 'NONE',  ( -5.573319583618285200E-011, 128.0963685392958700, 137.9498953966909200 ) ) ;
#3588 = CARTESIAN_POINT ( 'NONE',  ( -178.5926827687244400, 313.6956397067334600, 239.9999999999998900 ) ) ;
#3589 = CARTESIAN_POINT ( 'NONE',  ( -768.5084263649120000, -48.68683342154268000, -64.44179848352806100 ) ) ;
#3590 = CARTESIAN_POINT ( 'NONE',  ( -929.9999970323415300, -44.10239079642276700, 49.73844108900586700 ) ) ;
#3591 = EDGE_CURVE ( 'NONE', #2596, #4493, #2108, .T. ) ;
#3592 = DIRECTION ( 'NONE',  ( -0.0000000000000000000, -1.000000000000000000, -0.0000000000000000000 ) ) ;
#3593 = CARTESIAN_POINT ( 'NONE',  ( -723.7945680158911700, -29.18071593480789300, -36.91470976221315700 ) ) ;
#3594 = CARTESIAN_POINT ( 'NONE',  ( -1627.599260275900900, -114.9999999999999700, 1100.000000000000000 ) ) ;
#3595 = CARTESIAN_POINT ( 'NONE',  ( -970.4037882827208300, 2.925072896146078300, -68.60026894045645900 ) ) ;
#3596 = CARTESIAN_POINT ( 'NONE',  ( -668.2451320953587100, -67.09938452567101300, 829.3984658003882900 ) ) ;
#3597 = CARTESIAN_POINT ( 'NONE',  ( -168.3225630098066600, -80.00000000000000000, -549.2914513037540000 ) ) ;
#3598 = CARTESIAN_POINT ( 'NONE',  ( -258.7992690864763300, -47.86736072643327600, -884.2132636843956600 ) ) ;
#3599 = ORIENTED_EDGE ( 'NONE', *, *, #6175, .T. ) ;
#3600 = CARTESIAN_POINT ( 'NONE',  ( -948.7841062061123700, 5.018420375086568800, -81.73844108900408400 ) ) ;
#3601 = CARTESIAN_POINT ( 'NONE',  ( -171.4851273477432000, 285.9259796845202600, 239.9999999999999100 ) ) ;
#3602 = ORIENTED_EDGE ( 'NONE', *, *, #528, .T. ) ;
#3603 = CARTESIAN_POINT ( 'NONE',  ( -1022.687762458795500, 39.98601039338050400, 12.99443855083451500 ) ) ;
#3604 = CARTESIAN_POINT ( 'NONE',  ( -868.5604946059651200, 33.02276814255873900, 113.4522495151989000 ) ) ;
#3605 = ORIENTED_EDGE ( 'NONE', *, *, #7512, .T. ) ;
#3606 = FACE_OUTER_BOUND ( 'NONE', #5958, .T. ) ;
#3607 = ADVANCED_FACE ( 'NONE', ( #2679 ), #3427, .T. ) ;
#3608 = CARTESIAN_POINT ( 'NONE',  ( -258.7992690864762700, -80.00000000000000000, -889.6142396099120300 ) ) ;
#3609 = VERTEX_POINT ( 'NONE', #2747 ) ;
#3610 = CARTESIAN_POINT ( 'NONE',  ( -875.8221502206670300, 66.35121194100121000, 112.9039487894362300 ) ) ;
#3611 = CARTESIAN_POINT ( 'NONE',  ( -494.0233976797541700, 33.33915645715868000, 650.0000000000000000 ) ) ;
#3612 = CARTESIAN_POINT ( 'NONE',  ( -880.9587782221774400, 36.96451754689800100, 114.0732011288901300 ) ) ;
#3613 = CARTESIAN_POINT ( 'NONE',  ( -668.2451320953587100, -70.00000000000000000, 887.9475729432454000 ) ) ;
#3614 = CARTESIAN_POINT ( 'NONE',  ( -966.3214397844178600, 3.300955721908109400, -72.53541750677389600 ) ) ;
#3615 = CARTESIAN_POINT ( 'NONE',  ( -598.2451320953588300, 30.00000000000000000, -829.6142396099121500 ) ) ;
#3616 = CARTESIAN_POINT ( 'NONE',  ( -663.0707898217586900, 63.20167647951359400, -650.0000000000000000 ) ) ;
#3617 = CARTESIAN_POINT ( 'NONE',  ( -649.9113391822240800, -19.22954615721651800, -269.7564038647546500 ) ) ;
#3618 = CARTESIAN_POINT ( 'NONE',  ( -770.0781440828610600, 22.51943738479927100, -64.73844108900408400 ) ) ;
#3619 = CARTESIAN_POINT ( 'NONE',  ( -903.0246570427937100, 26.98952944911911100, -108.6882906446234200 ) ) ;
#3620 = CARTESIAN_POINT ( 'NONE',  ( -308.7992690864780300, 140.4205989181335200, 650.0000000000000000 ) ) ;
#3621 = CARTESIAN_POINT ( 'NONE',  ( -937.0470885403701700, 25.13078199938942300, -100.5072134400951400 ) ) ;
#3622 = CARTESIAN_POINT ( 'NONE',  ( -184.6267484020527000, 303.3588125718725300, 138.5313935814175500 ) ) ;
#3623 = ORIENTED_EDGE ( 'NONE', *, *, #5049, .F. ) ;
#3624 = CARTESIAN_POINT ( 'NONE',  ( -357.9726304450874700, 146.0331211803212500, -374.2254074289194800 ) ) ;
#3625 = CARTESIAN_POINT ( 'NONE',  ( -304.6886298467840100, -21.77563525920263700, 850.0483840245141200 ) ) ;
#3626 = EDGE_CURVE ( 'NONE', #6238, #3995, #6648, .T. ) ;
#3627 = ORIENTED_EDGE ( 'NONE', *, *, #3423, .T. ) ;
#3628 = AXIS2_PLACEMENT_3D ( 'NONE', #5585, #62, #4925 ) ;
#3629 = CARTESIAN_POINT ( 'NONE',  ( -183.4045978127759900, 296.3502648417851900, 240.0000000000000000 ) ) ;
#3630 = CARTESIAN_POINT ( 'NONE',  ( -932.5669173948201700, 7.677818403510865900, 90.70664710766824600 ) ) ;
#3631 = ORIENTED_EDGE ( 'NONE', *, *, #5273, .F. ) ;
#3632 = B_SPLINE_CURVE_WITH_KNOTS ( 'NONE', 3,
 ( #3561, #7864, #4196, #6035 ),
 .UNSPECIFIED., .F., .F.,
 ( 4, 4 ),
 ( 1.688377048806384800E-015, 0.0002739323915674179300 ),
 .UNSPECIFIED. ) ;
#3633 = VERTEX_POINT ( 'NONE', #2131 ) ;
#3634 = CARTESIAN_POINT ( 'NONE',  ( -668.2451320953587100, -48.20907918761572800, 706.1805064514464900 ) ) ;
#3635 =( BOUNDED_CURVE ( )  B_SPLINE_CURVE ( 3, ( #2726, #7618, #7002, #3310 ),
 .UNSPECIFIED., .F., .F. ) 
 B_SPLINE_CURVE_WITH_KNOTS ( ( 4, 4 ),
 ( 0.6612005025985539000, 1.241315980897927100 ),
 .UNSPECIFIED. ) 
 CURVE ( )  GEOMETRIC_REPRESENTATION_ITEM ( )  RATIONAL_B_SPLINE_CURVE ( ( 1.000000000000000000, 0.9721515755180509800, 0.9721515755180509800, 1.000000000000000000 ) ) 
 REPRESENTATION_ITEM ( '' )  );
#3636 = CARTESIAN_POINT ( 'NONE',  ( -184.5359585487540200, 303.8404637527763700, 240.0000000000000300 ) ) ;
#3637 = FACE_OUTER_BOUND ( 'NONE', #7250, .T. ) ;
#3638 = CARTESIAN_POINT ( 'NONE',  ( -1024.261971745089300, 23.35497019937930200, 52.25227592812743900 ) ) ;
#3639 = CARTESIAN_POINT ( 'NONE',  ( -235.6656520529419100, 19.99999999999999300, -630.9585947847614300 ) ) ;
#3640 = CARTESIAN_POINT ( 'NONE',  ( -166.3947553356307500, 278.7791156731040600, -139.1391266836314700 ) ) ;
#3641 = ORIENTED_EDGE ( 'NONE', *, *, #64, .F. ) ;
#3642 = VECTOR ( 'NONE', #4028, 1000.000000000000000 ) ;
#3643 = B_SPLINE_SURFACE_WITH_KNOTS ( 'NONE', 3, 1, ( 
 ( #6290, #6422 ),
 ( #6395, #6922 ),
 ( #856, #1391 ),
 ( #3234, #6314 ),
 ( #3341, #2057 ),
 ( #4581, #2611 ) ),
 .UNSPECIFIED., .F., .F., .F.,
 ( 4, 2, 4 ),
 ( 2, 2 ),
 ( 0.0000000000000000000, 0.5000000000000000000, 1.000000000000000000 ),
 ( 0.0000000000000000000, 1.000000000000000000 ),
 .UNSPECIFIED. ) ;
#3644 = CARTESIAN_POINT ( 'NONE',  ( -587.9523310315479400, -39.06783191195294300, 829.6142396099123700 ) ) ;
#3645 = CARTESIAN_POINT ( 'NONE',  ( -308.7992690864780300, -80.00000000000000000, 649.9999996933069000 ) ) ;
#3646 = CARTESIAN_POINT ( 'NONE',  ( -919.0409262160685600, 63.02909517864749500, 102.5518178517592100 ) ) ;
#3647 = EDGE_LOOP ( 'NONE', ( #482, #2943, #1112, #7318 ) ) ;
#3648 = EDGE_CURVE ( 'NONE', #363, #534, #4258, .T. ) ;
#3649 = ORIENTED_EDGE ( 'NONE', *, *, #7098, .T. ) ;
#3650 = CIRCLE ( 'NONE', #5021, 25.00000000000002100 ) ;
#3651 = FACE_OUTER_BOUND ( 'NONE', #7771, .T. ) ;
#3652 = DIRECTION ( 'NONE',  ( 0.9995115994824671500, 0.0000000000000000000, 0.03124999999999993800 ) ) ;
#3653 = DIRECTION ( 'NONE',  ( -0.0000000000000000000, -1.000000000000000000, -0.0000000000000000000 ) ) ;
#3654 = ADVANCED_FACE ( 'NONE', ( #2583 ), #5843, .F. ) ;
#3655 = CARTESIAN_POINT ( 'NONE',  ( -182.3047893437291700, 309.6131233029223000, 138.6087922166950600 ) ) ;
#3656 = CARTESIAN_POINT ( 'NONE',  ( -668.2451320953588300, -47.48381207070707400, -824.1927566563970200 ) ) ;
#3657 = EDGE_LOOP ( 'NONE', ( #6785, #1050, #3649, #715, #7077, #5410, #6384, #80 ) ) ;
#3658 = CARTESIAN_POINT ( 'NONE',  ( -181.9373751787178400, 335.9530809881290500, 114.1413722281250600 ) ) ;
#3659 = CARTESIAN_POINT ( 'NONE',  ( -729.7186922751344600, -45.97881655748227600, -312.7526747221214100 ) ) ;
#3660 = CARTESIAN_POINT ( 'NONE',  ( -174.6011917701644900, 287.5351375828349200, 239.9999999999999700 ) ) ;
#3661 = CARTESIAN_POINT ( 'NONE',  ( -855.3638864233428200, 72.96577670751436500, -114.8816014359633800 ) ) ;
#3662 = EDGE_CURVE ( 'NONE', #572, #7048, #7325, .T. ) ;
#3663 = LINE ( 'NONE', #30, #5294 ) ;
#3664 = EDGE_CURVE ( 'NONE', #1553, #1883, #773, .T. ) ;
#3665 = CARTESIAN_POINT ( 'NONE',  ( -931.1131461823919200, 7.164169077462492700, -69.71471627135912300 ) ) ;
#3666 = CARTESIAN_POINT ( 'NONE',  ( -515.2043488930158900, -23.53179148723410900, -824.6142396099120300 ) ) ;
#3667 = CARTESIAN_POINT ( 'NONE',  ( -183.4865753504812200, 307.4510643914022700, 240.0000000000000000 ) ) ;
#3668 = CARTESIAN_POINT ( 'NONE',  ( -935.4162157358596200, -43.30562871463558800, -51.12817233960149100 ) ) ;
#3669 = CARTESIAN_POINT ( 'NONE',  ( -209.8351274522970000, 20.00000000000000000, -612.4405450003953300 ) ) ;
#3670 = CARTESIAN_POINT ( 'NONE',  ( -932.6563633150667600, -43.78846261512470800, 69.48695154596616400 ) ) ;
#3671 = FACE_OUTER_BOUND ( 'NONE', #6248, .T. ) ;
#3672 = CARTESIAN_POINT ( 'NONE',  ( -348.2451320953590000, 30.00000000000000000, 874.6142396099116900 ) ) ;
#3673 = CARTESIAN_POINT ( 'NONE',  ( -5.573319583618285800E-011, 400.0000000000000000, 0.0000000000000000000 ) ) ;
#3674 = CARTESIAN_POINT ( 'NONE',  ( -1012.809502501466100, 43.46342736086184300, 37.02459158161183700 ) ) ;
#3675 = VERTEX_POINT ( 'NONE', #514 ) ;
#3676 = VERTEX_POINT ( 'NONE', #5317 ) ;
#3677 = PLANE ( 'NONE',  #5835 ) ;
#3678 = CARTESIAN_POINT ( 'NONE',  ( -258.7992690864763300, -15.44738513466297300, 755.4972097406458700 ) ) ;
#3679 = VECTOR ( 'NONE', #802, 1000.000000000000200 ) ;
#3680 = CARTESIAN_POINT ( 'NONE',  ( -183.5774486120207300, 307.2502879297186400, 138.5663702410853700 ) ) ;
#3681 = CARTESIAN_POINT ( 'NONE',  ( -244.6571334627453800, -70.00000000000000000, -699.9999996933069000 ) ) ;
#3682 = CARTESIAN_POINT ( 'NONE',  ( -152.1247306682167600, 346.4479450951809000, 114.8776203492509500 ) ) ;
#3683 = CARTESIAN_POINT ( 'NONE',  ( -302.7649772847389000, -23.99679257114775800, 853.5914448678646500 ) ) ;
#3684 = B_SPLINE_SURFACE_WITH_KNOTS ( 'NONE', 3, 1, ( 
 ( #2891, #7187 ),
 ( #7848, #7822 ),
 ( #6636, #7266 ),
 ( #4747, #488 ),
 ( #4802, #3569 ),
 ( #1107, #2329 ) ),
 .UNSPECIFIED., .F., .F., .F.,
 ( 4, 2, 4 ),
 ( 2, 2 ),
 ( 0.0000000000000000000, 0.5000000000000000000, 1.000000000000000000 ),
 ( 0.0000000000000000000, 1.000000000000000000 ),
 .UNSPECIFIED. ) ;
#3685 = STYLED_ITEM ( 'NONE', ( #1993 ), #5202 ) ;
#3686 = CARTESIAN_POINT ( 'NONE',  ( -180.3832513230062500, 291.9739163471158500, 240.0000000000000600 ) ) ;
#3687 = CIRCLE ( 'NONE', #7373, 148.3286034136782000 ) ;
#3688 =( BOUNDED_CURVE ( )  B_SPLINE_CURVE ( 3, ( #5938, #5912, #7856, #4105 ),
 .UNSPECIFIED., .F., .F. ) 
 B_SPLINE_CURVE_WITH_KNOTS ( ( 4, 4 ),
 ( 4.733923052218422400, 4.814073160593333800 ),
 .UNSPECIFIED. ) 
 CURVE ( )  GEOMETRIC_REPRESENTATION_ITEM ( )  RATIONAL_B_SPLINE_CURVE ( ( 1.000000000000000000, 0.9994647349864559400, 0.9994647349864559400, 1.000000000000000000 ) ) 
 REPRESENTATION_ITEM ( '' )  );
#3689 = CARTESIAN_POINT ( 'NONE',  ( -855.8508900184075400, 38.51205734395087200, 114.8343720781835300 ) ) ;
#3690 = ADVANCED_FACE ( 'NONE', ( #396 ), #1081, .F. ) ;
#3691 = CARTESIAN_POINT ( 'NONE',  ( -932.9968013111299600, -44.47907115522036000, -69.39330547916810600 ) ) ;
#3692 = DIRECTION ( 'NONE',  ( 0.0000000000000000000, 1.000000000000000000, -0.0000000000000000000 ) ) ;
#3694 = CARTESIAN_POINT ( 'NONE',  ( -896.0995706123075000, 59.53232690312231800, 109.8103645719371400 ) ) ;
#3693 = AXIS2_PLACEMENT_3D ( 'NONE', #415, #4014, #5235 ) ;
#3695 = DIRECTION ( 'NONE',  ( 1.000000000000000000, 0.0000000000000000000, -0.0000000000000000000 ) ) ;
#3696 = CARTESIAN_POINT ( 'NONE',  ( -940.2345171539867600, -42.57602723213304300, -58.40906013937043900 ) ) ;
#3697 = CARTESIAN_POINT ( 'NONE',  ( -193.5202520707959800, 20.00000000000000400, -595.3310038318180700 ) ) ;
#3698 = CARTESIAN_POINT ( 'NONE',  ( -169.9363203347700400, 280.0885798468340800, -139.0210745169934500 ) ) ;
#3699 = EDGE_CURVE ( 'NONE', #4334, #6562, #6501, .T. ) ;
#3700 = CARTESIAN_POINT ( 'NONE',  ( -598.2451320953588300, -41.15084088219456500, 829.6142396099120300 ) ) ;
#3701 = CARTESIAN_POINT ( 'NONE',  ( -1026.459488435876900, 25.32624178942304700, -47.90825709073105500 ) ) ;
#3702 = CARTESIAN_POINT ( 'NONE',  ( -1022.132389499899300, 40.18151682449782700, 55.77750078368767100 ) ) ;
#3703 = AXIS2_PLACEMENT_3D ( 'NONE', #6705, #4876, #3010 ) ;
#3704 = CARTESIAN_POINT ( 'NONE',  ( -179.5908470121048900, 336.7791229121622200, 114.2970657991427300 ) ) ;
#3705 = ORIENTED_EDGE ( 'NONE', *, *, #203, .T. ) ;
#3706 = ORIENTED_EDGE ( 'NONE', *, *, #4340, .F. ) ;
#3707 = CARTESIAN_POINT ( 'NONE',  ( -184.6267484020523300, 315.4324592823715000, 137.9225819429060500 ) ) ;
#3708 = CARTESIAN_POINT ( 'NONE',  ( -668.2451320953587100, -80.00000000000000000, 819.6142396099120300 ) ) ;
#3709 = CARTESIAN_POINT ( 'NONE',  ( -668.2451320953589400, -17.39823573710973600, 720.2341892597299900 ) ) ;
#3710 = DIRECTION ( 'NONE',  ( 1.000000000000000000, -0.0000000000000000000, 0.0000000000000000000 ) ) ;
#3711 = CARTESIAN_POINT ( 'NONE',  ( -668.2451320953587100, -70.00000000000000000, -829.6142396099121500 ) ) ;
#3712 = VERTEX_POINT ( 'NONE', #6016 ) ;
#3713 = CARTESIAN_POINT ( 'NONE',  ( -859.9217381723992700, 87.29643628526821400, -109.4747449009614400 ) ) ;
#3714 = CARTESIAN_POINT ( 'NONE',  ( -300.2257706435823400, -29.37413006676116800, 860.6623283781403900 ) ) ;
#3715 = CARTESIAN_POINT ( 'NONE',  ( -159.1530495142295400, 282.0649993999365400, 239.9999999999999700 ) ) ;
#3716 = CARTESIAN_POINT ( 'NONE',  ( -1007.589910239763600, 0.8351890653911404600, 39.56955737032698300 ) ) ;
#3717 = ORIENTED_EDGE ( 'NONE', *, *, #4662, .F. ) ;
#3718 = ADVANCED_FACE ( 'NONE', ( #3460 ), #3684, .F. ) ;
#3719 = CARTESIAN_POINT ( 'NONE',  ( -1008.872162819499600, 21.53354026583386700, -69.85103928865230200 ) ) ;
#3720 = CARTESIAN_POINT ( 'NONE',  ( -732.3766432495616500, 117.7103949458474300, 120.2730637531679200 ) ) ;
#3721 = PLANE ( 'NONE',  #2169 ) ;
#3722 = EDGE_LOOP ( 'NONE', ( #3422, #7056, #3106, #6443, #2295, #1910, #6083, #2102, #227 ) ) ;
#3723 = CARTESIAN_POINT ( 'NONE',  ( -933.2765935157622200, -43.69598165143407400, -69.29981045071458800 ) ) ;
#3724 = CARTESIAN_POINT ( 'NONE',  ( -858.7868494281748300, 83.46312312227433900, 112.1093737480383200 ) ) ;
#3725 = DIRECTION ( 'NONE',  ( 0.0000000000000000000, 0.0000000000000000000, -1.000000000000000000 ) ) ;
#3726 = B_SPLINE_SURFACE_WITH_KNOTS ( 'NONE', 3, 3, ( 
 ( #6346, #3912, #1455, #3446, #7698, #6521, #1541 ),
 ( #7070, #4029, #3384, #336, #962, #989, #3416 ),
 ( #5280, #2799, #4059, #5247, #4628, #3352, #1570 ),
 ( #4596, #5866, #366, #2183, #1597, #5894, #927 ) ),
 .UNSPECIFIED., .F., .F., .F.,
 ( 4, 4 ),
 ( 4, 1, 1, 1, 4 ),
 ( 0.0000000000000000000, 1.000000000000000000 ),
 ( 0.0000000000000000000, 0.1490010684283051300, 0.3542303876842902700, 0.5841602856976757500, 1.000000000000000000 ),
 .UNSPECIFIED. ) ;
#3727 = CARTESIAN_POINT ( 'NONE',  ( -766.7593747965331700, 22.84445081491237400, -56.13638687515913300 ) ) ;
#3728 = CARTESIAN_POINT ( 'NONE',  ( -978.2096096027625000, 55.64353348873444800, 63.86921591008097500 ) ) ;
#3729 = CARTESIAN_POINT ( 'NONE',  ( -166.4932370047588700, 320.0614757665431400, 139.1358439613628400 ) ) ;
#3730 = CARTESIAN_POINT ( 'NONE',  ( -525.6114045801858800, -24.59496195835608700, 824.6142396099123700 ) ) ;
#3731 = CARTESIAN_POINT ( 'NONE',  ( -258.7992690864762700, -12.36900924795599900, 762.4434885591902000 ) ) ;
#3732 = CARTESIAN_POINT ( 'NONE',  ( -184.4286076020792400, 299.2372580119731500, -138.5379982747498400 ) ) ;
#3733 = CARTESIAN_POINT ( 'NONE',  ( -258.7992690864763300, -14.71168813308550200, -844.1897976599354900 ) ) ;
#3734 = AXIS2_PLACEMENT_3D ( 'NONE', #6594, #7171, #1616 ) ;
#3735 = ORIENTED_EDGE ( 'NONE', *, *, #5976, .F. ) ;
#3736 = ORIENTED_EDGE ( 'NONE', *, *, #2190, .F. ) ;
#3737 = CIRCLE ( 'NONE', #3018, 20.00000000000004300 ) ;
#3738 = CARTESIAN_POINT ( 'NONE',  ( -340.8523833102315200, -11.41656452429826500, 825.1293558894213900 ) ) ;
#3739 = CARTESIAN_POINT ( 'NONE',  ( -152.1225598089545500, 281.1245497797560200, 239.9999999999999400 ) ) ;
#3740 = CARTESIAN_POINT ( 'NONE',  ( -168.3225630098066300, 20.00000000000000400, 549.2914513037540000 ) ) ;
#3741 = DIRECTION ( 'NONE',  ( 1.000000000000000000, -3.389407260298388800E-017, 0.0000000000000000000 ) ) ;
#3742 = B_SPLINE_CURVE_WITH_KNOTS ( 'NONE', 3,
 ( #395, #3473, #7785, #4115, #7961, #587, #7942, #3639, #4909, #2959, #3669, #4846, #3697, #4277, #4877, #1201, #5470, #4299 ),
 .UNSPECIFIED., .F., .F.,
 ( 4, 2, 2, 2, 2, 2, 2, 2, 4 ),
 ( 0.0000000000000000000, 0.1250000000000000000, 0.2500000000000000000, 0.3750000000000000000, 0.5000000000000000000, 0.6250000000000000000, 0.7500000000000000000, 0.8750000000000000000, 1.000000000000000000 ),
 .UNSPECIFIED. ) ;
#3743 = ORIENTED_EDGE ( 'NONE', *, *, #4226, .T. ) ;
#3744 = LINE ( 'NONE', #6542, #2962 ) ;
#3745 = CARTESIAN_POINT ( 'NONE',  ( -5.573319583618285800E-011, 373.7893821233247400, 144.6856185281506300 ) ) ;
#3746 = VERTEX_POINT ( 'NONE', #1748 ) ;
#3747 = CARTESIAN_POINT ( 'NONE',  ( -1021.074700142277500, 20.99602887136784400, -56.80099378340562300 ) ) ;
#3748 = CARTESIAN_POINT ( 'NONE',  ( -258.7992690864762200, -14.64251213141683800, 797.7616782519617100 ) ) ;
#3749 = ORIENTED_EDGE ( 'NONE', *, *, #4479, .F. ) ;
#3750 = CARTESIAN_POINT ( 'NONE',  ( -737.8109758952684800, 133.8123252657370900, 111.7300415381336500 ) ) ;
#3751 = CARTESIAN_POINT ( 'NONE',  ( -662.9578316738338800, -76.90609412371581800, -699.9999996933070200 ) ) ;
#3752 = CARTESIAN_POINT ( 'NONE',  ( -934.5292971386973000, -43.43884909891112800, -50.65982694689395100 ) ) ;
#3753 = CARTESIAN_POINT ( 'NONE',  ( -860.8395096330739300, 90.66934099812053200, 106.1653280343599700 ) ) ;
#3754 = CARTESIAN_POINT ( 'NONE',  ( -180.8605842088493900, 287.3450202620701900, -138.6569323878575200 ) ) ;
#3755 =( NAMED_UNIT ( * ) PLANE_ANGLE_UNIT ( ) SI_UNIT ( $, .RADIAN. ) );
#3756 = CARTESIAN_POINT ( 'NONE',  ( -1024.906767650361200, 39.20486003509097400, 51.86631233005532200 ) ) ;
#3757 = ORIENTED_EDGE ( 'NONE', *, *, #4590, .T. ) ;
#3758 = ADVANCED_FACE ( 'NONE', ( #16 ), #1134, .T. ) ;
#3759 = CARTESIAN_POINT ( 'NONE',  ( -158.4037029540071700, 344.2375755706623300, 114.7696588873651400 ) ) ;
#3760 = CARTESIAN_POINT ( 'NONE',  ( -770.0781440828610600, 22.51943738479926800, 64.73844108900583200 ) ) ;
#3761 = CARTESIAN_POINT ( 'NONE',  ( -258.7992690864763300, -11.85593783159198000, 837.4731071076213300 ) ) ;
#3762 = CARTESIAN_POINT ( 'NONE',  ( -133.6706168854510400, 316.4673346317786700, -140.2299312986374700 ) ) ;
#3763 = CARTESIAN_POINT ( 'NONE',  ( -258.7992690864763300, -12.76164908551627200, -839.7487169674111600 ) ) ;
#3764 = DIRECTION ( 'NONE',  ( 1.000000000000000000, -0.0000000000000000000, 0.0000000000000000000 ) ) ;
#3765 = CARTESIAN_POINT ( 'NONE',  ( -804.1801984142925900, 19.17975791454774300, -118.7989307936743600 ) ) ;
#3766 = PRODUCT_DEFINITION_SHAPE ( 'NONE', 'NONE',  #3906 ) ;
#3767 = LINE ( 'NONE', #4083, #1746 ) ;
#3768 = CARTESIAN_POINT ( 'NONE',  ( -861.6342496577466400, 96.68124017130179500, 89.96129063427326900 ) ) ;
#3769 = CARTESIAN_POINT ( 'NONE',  ( -5.573319583618285800E-011, 389.1781736765510100, 144.6856185281506000 ) ) ;
#3770 = FACE_OUTER_BOUND ( 'NONE', #6732, .T. ) ;
#3771 = CARTESIAN_POINT ( 'NONE',  ( -940.1845144350691000, 7.164169077462492700, -61.73670946608054100 ) ) ;
#3772 = CARTESIAN_POINT ( 'NONE',  ( -668.2451320953586000, -15.19288004169718100, 757.4680834284197300 ) ) ;
#3773 = CARTESIAN_POINT ( 'NONE',  ( -738.6411727530563700, 136.4814618256570800, 107.7344185163119200 ) ) ;
#3774 = CARTESIAN_POINT ( 'NONE',  ( -418.4486822469645500, 71.87170263032061300, -650.0000000000000000 ) ) ;
#3775 = EDGE_LOOP ( 'NONE', ( #7740, #2368, #6049, #2536 ) ) ;
#3776 = CARTESIAN_POINT ( 'NONE',  ( -939.3835861344028900, -42.73528428484207400, -63.97209038908314900 ) ) ;
#3777 = PLANE ( 'NONE',  #6864 ) ;
#3778 = CARTESIAN_POINT ( 'NONE',  ( -378.6120757269669600, 103.7944812040708100, 509.7172871893691300 ) ) ;
#3779 = CARTESIAN_POINT ( 'NONE',  ( -814.4266634077107500, 87.24684633740551500, 117.6012469881760700 ) ) ;
#3780 = VECTOR ( 'NONE', #5729, 1000.000000000000000 ) ;
#3781 = VERTEX_POINT ( 'NONE', #1774 ) ;
#3782 = CARTESIAN_POINT ( 'NONE',  ( -161.2978103916365700, 321.5061838042292900, 139.3090248484387500 ) ) ;
#3783 = DIRECTION ( 'NONE',  ( -0.0000000000000000000, -1.000000000000000000, -0.0000000000000000000 ) ) ;
#3784 = CARTESIAN_POINT ( 'NONE',  ( -349.6736071063727400, 107.1828946944040700, 593.9233850239708100 ) ) ;
#3785 = CARTESIAN_POINT ( 'NONE',  ( -668.2451320953588300, -18.82707248544079800, 718.2291422653786400 ) ) ;
#3786 = CARTESIAN_POINT ( 'NONE',  ( -164.4705222100504900, 315.5167833620623700, -139.2032677878174200 ) ) ;
#3787 = EDGE_CURVE ( 'NONE', #5509, #3183, #5784, .T. ) ;
#3788 = CARTESIAN_POINT ( 'NONE',  ( -668.2451320953588300, -6.441324269386114100, -746.3772286358498600 ) ) ;
#3789 = AXIS2_PLACEMENT_3D ( 'NONE', #345, #4607, #257 ) ;
#3790 =( BOUNDED_SURFACE ( )  B_SPLINE_SURFACE ( 3, 2, ( 
 ( #2314, #4700, #4645 ),
 ( #4186, #1648, #6595 ),
 ( #6511, #4730, #1068 ),
 ( #6618, #2925, #7118 ),
 ( #1591, #7748, #2846 ),
 ( #388, #4671, #1009 ),
 ( #1617, #2228, #7775 ),
 ( #5940, #1035, #5326 ),
 ( #5355, #1675, #2257 ),
 ( #6569, #2877, #3521 ),
 ( #2902, #7172, #5969 ),
 ( #2284, #7201, #3603 ),
 ( #1140, #1169, #4212 ),
 ( #2363, #5431, #1117 ),
 ( #2391, #3005, #7278 ),
 ( #1756, #3580, #7882 ),
 ( #6056, #525, #4813 ),
 ( #6082, #4840, #5404 ) ),
 .UNSPECIFIED., .F., .F., .F. ) 
 B_SPLINE_SURFACE_WITH_KNOTS ( ( 4, 2, 2, 2, 2, 2, 2, 2, 4 ),
 ( 3, 3 ),
 ( 5.702601151252222800, 5.847747190234063200, 5.992893229215904500, 6.138039268197745800, 6.283185307179586200, 6.428331346161426700, 6.573477385143268000, 6.718623424125109300, 6.863769463106949700 ),
 ( 0.1475654249788353700, 1.000000000000000000 ),
 .UNSPECIFIED. ) 
 GEOMETRIC_REPRESENTATION_ITEM ( )  RATIONAL_B_SPLINE_SURFACE ( (
 ( 0.9494987379789370200, 0.8288851808331586500, 1.000000000000000000),
 ( 0.9501922088439038700, 0.8312348872940940000, 1.000000000000000000),
 ( 0.9508051998324539300, 0.8333119015697551000, 1.000000000000000000),
 ( 0.9518620589106681100, 0.8368928863375821900, 1.000000000000000000),
 ( 0.9523058899410767900, 0.8383967312608501300, 1.000000000000000000),
 ( 0.9530183930970215200, 0.8408109253583054800, 1.000000000000000000),
 ( 0.9532870661182348800, 0.8417212775673403900, 1.000000000000000000),
 ( 0.9536456914159423500, 0.8429364175561245800, 1.000000000000000000),
 ( 0.9537356441442033100, 0.8432412068666084200, 1.000000000000000000),
 ( 0.9537356441442033100, 0.8432412068666084200, 1.000000000000000000),
 ( 0.9536456914158966100, 0.8429364175559698200, 1.000000000000000000),
 ( 0.9532870661182806200, 0.8417212775674950400, 1.000000000000000000),
 ( 0.9530183930970215200, 0.8408109253583053700, 1.000000000000000000),
 ( 0.9523058899410767900, 0.8383967312608500100, 1.000000000000000000),
 ( 0.9518620589108064400, 0.8368928863380508100, 1.000000000000000000),
 ( 0.9508051998323154800, 0.8333119015692864700, 1.000000000000000000),
 ( 0.9501922088440079000, 0.8312348872944465000, 1.000000000000000000),
 ( 0.9494987379789370200, 0.8288851808331587600, 1.000000000000000000) ) ) 
 REPRESENTATION_ITEM ( '' )  SURFACE ( )  );
#3791 = CARTESIAN_POINT ( 'NONE',  ( -364.5664995695701100, 93.88282382976761700, 650.0000000000000000 ) ) ;
#3792 = CARTESIAN_POINT ( 'NONE',  ( -732.0292283198920100, 51.41795547783135600, -120.2871615022349800 ) ) ;
#3793 = AXIS2_PLACEMENT_3D ( 'NONE', #7743, #978, #4102 ) ;
#3794 = CARTESIAN_POINT ( 'NONE',  ( -180.3790615486547600, 19.99999999999999300, 576.2771510925289200 ) ) ;
#3795 = ORIENTED_EDGE ( 'NONE', *, *, #7613, .F. ) ;
#3796 = CARTESIAN_POINT ( 'NONE',  ( -971.0375125829706300, -46.70541187800886000, 20.83333333333332900 ) ) ;
#3797 = CARTESIAN_POINT ( 'NONE',  ( -258.7992690864762200, -25.15808300241506900, 757.5073845854833500 ) ) ;
#3798 = ORIENTED_EDGE ( 'NONE', *, *, #5198, .T. ) ;
#3799 = CARTESIAN_POINT ( 'NONE',  ( -735.4148864932462900, 126.5432280666482800, 117.6754075845906000 ) ) ;
#3800 = CARTESIAN_POINT ( 'NONE',  ( -662.8809118884991000, -74.28835981215776500, -699.9999996933072500 ) ) ;
#3801 = DIRECTION ( 'NONE',  ( -1.000000000000000000, 3.389407260298388800E-017, 0.0000000000000000000 ) ) ;
#3802 = CARTESIAN_POINT ( 'NONE',  ( -903.1420864286368400, 22.63471032366287300, -108.1743023418718600 ) ) ;
#3803 = CARTESIAN_POINT ( 'NONE',  ( -491.9358619908306900, 10.55433085830978400, 0.0000000000000000000 ) ) ;
#3804 = EDGE_CURVE ( 'NONE', #4131, #3137, #3034, .T. ) ;
#3805 = FACE_OUTER_BOUND ( 'NONE', #1715, .T. ) ;
#3806 = CARTESIAN_POINT ( 'NONE',  ( -723.7945680158911700, -29.18071593480789300, 36.91470976221315700 ) ) ;
#3807 = ORIENTED_EDGE ( 'NONE', *, *, #4882, .T. ) ;
#3808 = CARTESIAN_POINT ( 'NONE',  ( -176.4562399139352600, 337.8825901175858300, 114.4713968137349300 ) ) ;
#3809 = DIRECTION ( 'NONE',  ( 1.000000000000000000, 0.0000000000000000000, -0.0000000000000000000 ) ) ;
#3810 = CARTESIAN_POINT ( 'NONE',  ( -484.3538894122041800, 8.948579167852365400, 71.01466156690142400 ) ) ;
#3811 = CARTESIAN_POINT ( 'NONE',  ( -258.7992690864762700, -55.75286716850502000, 711.8722567019225400 ) ) ;
#3812 = CARTESIAN_POINT ( 'NONE',  ( -15.44478176185834600, 297.6597403617865900, -144.1707924694238700 ) ) ;
#3813 = CARTESIAN_POINT ( 'NONE',  ( -668.2451320953589400, -6.441324269386105300, -773.2370106673690800 ) ) ;
#3814 = CARTESIAN_POINT ( 'NONE',  ( -668.2451320953587100, -80.00000000000000000, -819.6142396099120300 ) ) ;
#3815 = EDGE_CURVE ( 'NONE', #7182, #4493, #3663, .T. ) ;
#3816 = EDGE_CURVE ( 'NONE', #2775, #1288, #7214, .T. ) ;
#3817 = CARTESIAN_POINT ( 'NONE',  ( -235.6656520529418800, 20.00000000000000000, 630.9585947847615400 ) ) ;
#3818 = ORIENTED_EDGE ( 'NONE', *, *, #6437, .F. ) ;
#3819 = CARTESIAN_POINT ( 'NONE',  ( -875.6907977572323000, 66.39538310913040700, 112.9302881364487400 ) ) ;
#3820 = ORIENTED_EDGE ( 'NONE', *, *, #401, .F. ) ;
#3821 = CARTESIAN_POINT ( 'NONE',  ( -814.2958551512953100, 43.43407594906613400, -117.5987833430912400 ) ) ;
#3822 = CARTESIAN_POINT ( 'NONE',  ( -258.7992690864762700, -15.68605927694460100, 786.4173870211318400 ) ) ;
#3823 = CARTESIAN_POINT ( 'NONE',  ( -986.5062926045142100, -40.67839419687521700, -312.7510206763798200 ) ) ;
#3824 = CARTESIAN_POINT ( 'NONE',  ( -978.2096096027619300, 55.64353348873468300, -63.86921591007998000 ) ) ;
#3825 = CARTESIAN_POINT ( 'NONE',  ( -199.2698904627233700, 20.00000000000000400, -611.9898760959126800 ) ) ;
#3826 = CARTESIAN_POINT ( 'NONE',  ( -767.9211846810460400, -48.63592806500859900, 64.18241735825884600 ) ) ;
#3827 = CARTESIAN_POINT ( 'NONE',  ( -96.26299014210074700, 282.1464527756126000, -141.4768521900825000 ) ) ;
#3828 = EDGE_LOOP ( 'NONE', ( #5168, #4151, #5340, #2352 ) ) ;
#3829 = DIRECTION ( 'NONE',  ( -0.9950103353777802800, -0.09744326712658209200, 0.02142993660968558000 ) ) ;
#3830 = CARTESIAN_POINT ( 'NONE',  ( -1028.724752950297400, 37.19791389292169000, -5.307627442076887200 ) ) ;
#3831 = VECTOR ( 'NONE', #3374, 1000.000000000000000 ) ;
#3832 = CARTESIAN_POINT ( 'NONE',  ( -922.1652657308594600, 5.636108707223756100, 83.64304241581615400 ) ) ;
#3833 = ORIENTED_EDGE ( 'NONE', *, *, #4341, .F. ) ;
#3834 = VECTOR ( 'NONE', #4221, 1000.000000000000000 ) ;
#3835 = CARTESIAN_POINT ( 'NONE',  ( -889.2906922462863100, -74.34080195217821100, -62.35018648539097800 ) ) ;
#3836 = DIRECTION ( 'NONE',  ( -0.0000000000000000000, -0.0000000000000000000, -1.000000000000000000 ) ) ;
#3837 = CARTESIAN_POINT ( 'NONE',  ( -855.4052764537917700, 73.21699231938713100, -114.8776019093374900 ) ) ;
#3838 = CARTESIAN_POINT ( 'NONE',  ( -28.90978129462048000, 301.2047995455107000, -143.7219591516652000 ) ) ;
#3839 = CARTESIAN_POINT ( 'NONE',  ( -258.7992690864762700, -21.53079183289395700, -856.6347904228780400 ) ) ;
#3840 = AXIS2_PLACEMENT_3D ( 'NONE', #6629, #1202, #3725 ) ;
#3841 = ORIENTED_EDGE ( 'NONE', *, *, #5580, .T. ) ;
#3842 = CARTESIAN_POINT ( 'NONE',  ( -258.7992690864762700, -107.9167110779793600, 800.6157371971660300 ) ) ;
#3843 = ADVANCED_FACE ( 'NONE', ( #6914 ), #7922, .T. ) ;
#3844 = VERTEX_POINT ( 'NONE', #4942 ) ;
#3845 = CARTESIAN_POINT ( 'NONE',  ( -950.0984878426454500, 4.889700464990029100, -81.60400737620676600 ) ) ;
#3846 = FACE_OUTER_BOUND ( 'NONE', #6748, .T. ) ;
#3847 = DIRECTION ( 'NONE',  ( -0.0000000000000000000, -1.000000000000000000, -0.0000000000000000000 ) ) ;
#3848 = ORIENTED_EDGE ( 'NONE', *, *, #1567, .T. ) ;
#3849 = EDGE_CURVE ( 'NONE', #4363, #4883, #7558, .T. ) ;
#3850 = CARTESIAN_POINT ( 'NONE',  ( -14.88031074383713900, 302.5016150212122200, 239.9999999999998600 ) ) ;
#3851 = DIRECTION ( 'NONE',  ( -0.0000000000000000000, -1.000000000000000000, -0.0000000000000000000 ) ) ;
#3852 = CARTESIAN_POINT ( 'NONE',  ( -258.7992690864762200, -22.79379144727837300, 762.3873329261692800 ) ) ;
#3853 = CARTESIAN_POINT ( 'NONE',  ( -739.4566298972447400, 139.6064194685019100, 97.33801995739901300 ) ) ;
#3854 = CARTESIAN_POINT ( 'NONE',  ( -728.6948296965529200, 26.57218991195626500, -95.30066013804095300 ) ) ;
#3855 = CARTESIAN_POINT ( 'NONE',  ( -977.9970575583958000, 32.06201920788370800, 87.52448106196229100 ) ) ;
#3856 = CARTESIAN_POINT ( 'NONE',  ( -938.4690311067292900, 69.63330117621971700, 76.46280272680844800 ) ) ;
#3857 = CARTESIAN_POINT ( 'NONE',  ( -32.62967059660692800, 291.7855912780471500, -143.5979628415989300 ) ) ;
#3858 = VECTOR ( 'NONE', #5371, 1000.000000000000000 ) ;
#3859 = CARTESIAN_POINT ( 'NONE',  ( -767.6430435132631400, 22.75791144566750300, -64.02648618806853200 ) ) ;
#3860 = DIRECTION ( 'NONE',  ( -0.0000000000000000000, -1.000000000000000000, 0.0000000000000000000 ) ) ;
#3861 = DIRECTION ( 'NONE',  ( 0.0000000000000000000, 1.000000000000000000, -0.0000000000000000000 ) ) ;
#3862 = CARTESIAN_POINT ( 'NONE',  ( -303.2451320953590500, 30.00000000000000000, -874.6142396099120300 ) ) ;
#3863 = CARTESIAN_POINT ( 'NONE',  ( -297.1234284201541400, 275.0000000000000600, -646.8882117800778800 ) ) ;
#3864 = CIRCLE ( 'NONE', #7240, 148.3286034136783100 ) ;
#3865 = CARTESIAN_POINT ( 'NONE',  ( -233.8633937824265600, 275.0000000000000000, -623.3844484102135100 ) ) ;
#3866 = CARTESIAN_POINT ( 'NONE',  ( -931.6619634569149200, 6.695224595472745400, -69.65681789226260900 ) ) ;
#3867 = DIRECTION ( 'NONE',  ( 0.0000000000000000000, 0.0000000000000000000, -1.000000000000000000 ) ) ;
#3868 = ORIENTED_EDGE ( 'NONE', *, *, #5597, .F. ) ;
#3869 = VERTEX_POINT ( 'NONE', #3074 ) ;
#3870 = VECTOR ( 'NONE', #2785, 1000.000000000000000 ) ;
#3871 = EDGE_LOOP ( 'NONE', ( #880, #2182, #1143, #4180, #1163, #7095, #4146, #3807, #7934, #2942, #4022, #3602, #4973, #4875 ) ) ;
#3872 = CARTESIAN_POINT ( 'NONE',  ( -765.1542559618690100, 23.42789570974004900, -59.50158609400679700 ) ) ;
#3873 = CARTESIAN_POINT ( 'NONE',  ( -145.5509741708531000, 281.0797566199950100, 240.0000000000000000 ) ) ;
#3874 = CARTESIAN_POINT ( 'NONE',  ( -522.5302361353224100, 7.940193362279938300, -210.4781246062557600 ) ) ;
#3875 = CARTESIAN_POINT ( 'NONE',  ( -668.2451320953587100, -70.00000000000000000, 899.6142396099120300 ) ) ;
#3876 = CARTESIAN_POINT ( 'NONE',  ( -768.9458012059661800, -49.25060836388760100, 54.90091028986243100 ) ) ;
#3877 = VECTOR ( 'NONE', #1344, 1000.000000000000000 ) ;
#3878 = CARTESIAN_POINT ( 'NONE',  ( -739.1236205613444100, 138.1367078960154800, 104.0731265631820300 ) ) ;
#3879 = CARTESIAN_POINT ( 'NONE',  ( -531.9501749664385700, -5.650588350028082000, 69.73714230385326100 ) ) ;
#3880 = CARTESIAN_POINT ( 'NONE',  ( -17.40817786358461900, 295.2474775137955000, -144.1053459326996900 ) ) ;
#3881 = CARTESIAN_POINT ( 'NONE',  ( -969.6588813519164200, 2.974113679551228600, 69.42750601085352000 ) ) ;
#3882 = CARTESIAN_POINT ( 'NONE',  ( -920.0250807485477900, 68.51812795937353000, -98.37084355780895400 ) ) ;
#3883 = DIRECTION ( 'NONE',  ( 6.530723674265633100E-016, -0.0000000000000000000, 1.000000000000000000 ) ) ;
#3884 = CARTESIAN_POINT ( 'NONE',  ( -769.7567153513595000, 22.55091551586205500, 64.72037664457893400 ) ) ;
#3885 = CARTESIAN_POINT ( 'NONE',  ( -1007.589910239763600, 0.8351890653911370200, 39.56955737032698300 ) ) ;
#3886 = CARTESIAN_POINT ( 'NONE',  ( -184.6267484020529500, 297.3319171099013300, -138.5313935814174300 ) ) ;
#3887 = EDGE_CURVE ( 'NONE', #5225, #338, #593, .T. ) ;
#3888 = CARTESIAN_POINT ( 'NONE',  ( -668.2451320953589400, -43.97249974525912800, -697.0241406145963800 ) ) ;
#3889 = CARTESIAN_POINT ( 'NONE',  ( -668.2451320953588300, -17.42814107997309100, -743.4079237073307200 ) ) ;
#3890 = ORIENTED_EDGE ( 'NONE', *, *, #6066, .F. ) ;
#3891 = ORIENTED_EDGE ( 'NONE', *, *, #364, .F. ) ;
#3892 = CARTESIAN_POINT ( 'NONE',  ( -770.0781440828610600, -49.25061185733253700, -54.73844108900409100 ) ) ;
#3893 = ORIENTED_EDGE ( 'NONE', *, *, #6816, .T. ) ;
#3894 = CARTESIAN_POINT ( 'NONE',  ( -931.1393262687283800, 7.164169369840226200, 49.76665490881085000 ) ) ;
#3895 = CARTESIAN_POINT ( 'NONE',  ( -163.0247915187526900, 282.9432547544267300, 239.9999999999999400 ) ) ;
#3896 = CARTESIAN_POINT ( 'NONE',  ( -515.1253989649039800, 7.202741035155859200, -210.5078935649555100 ) ) ;
#3897 = ADVANCED_FACE ( 'NONE', ( #1642 ), #3677, .T. ) ;
#3898 = DIRECTION ( 'NONE',  ( -0.0000000000000000000, -1.000000000000000000, 0.0000000000000000000 ) ) ;
#3899 = CARTESIAN_POINT ( 'NONE',  ( -711.8839373918331100, -18.56752510712951200, -269.8630729374096400 ) ) ;
#3900 = CARTESIAN_POINT ( 'NONE',  ( -728.8132059354370500, 26.56059357367259800, -95.29813132852537200 ) ) ;
#3901 = CARTESIAN_POINT ( 'NONE',  ( -937.0752082723203100, 45.96534525729736500, 100.4989881212985000 ) ) ;
#3902 = ORIENTED_EDGE ( 'NONE', *, *, #4087, .F. ) ;
#3903 = CARTESIAN_POINT ( 'NONE',  ( -344.9798420320378200, 113.8747192612501500, 650.0000000000000000 ) ) ;
#3904 = CARTESIAN_POINT ( 'NONE',  ( -910.5815566374590200, 23.77432361436273200, -106.7482586470301000 ) ) ;
#3905 = EDGE_CURVE ( 'NONE', #165, #2465, #190, .T. ) ;
#3906 = PRODUCT_DEFINITION ( 'UNKNOWN', '', #4726, #3496 ) ;
#3907 = CARTESIAN_POINT ( 'NONE',  ( -671.3575007273856300, 70.55309843744765900, -650.0000000000000000 ) ) ;
#3908 = CARTESIAN_POINT ( 'NONE',  ( -1027.261154965317700, 26.13543406109289100, -46.01272854507085700 ) ) ;
#3909 = VERTEX_POINT ( 'NONE', #3097 ) ;
#3910 = CARTESIAN_POINT ( 'NONE',  ( -916.2188226148706500, 53.05136739624566600, -105.5957882377793700 ) ) ;
#3911 = CARTESIAN_POINT ( 'NONE',  ( -1005.420166944061000, 21.68559774924480300, 72.71202799509822500 ) ) ;
#3912 = CARTESIAN_POINT ( 'NONE',  ( -723.6193010487612600, -38.68068962038901000, -36.91515317970814200 ) ) ;
#3913 = CARTESIAN_POINT ( 'NONE',  ( -1026.360471337001400, -0.2197284701727764100, 54.41246317551506500 ) ) ;
#3914 = CARTESIAN_POINT ( 'NONE',  ( -336.6285914731679400, -13.69358220572880600, -831.1313000699011600 ) ) ;
#3915 = CARTESIAN_POINT ( 'NONE',  ( -940.2344801557787800, 5.855701622761821500, -58.40898477843025200 ) ) ;
#3916 = CARTESIAN_POINT ( 'NONE',  ( -1056.295508601152100, -1.902096704817851400, -35.09751343705252700 ) ) ;
#3917 = CARTESIAN_POINT ( 'NONE',  ( -1004.167345983600700, 1.027539364971652700, -44.51969783023678700 ) ) ;
#3918 = EDGE_CURVE ( 'NONE', #6332, #2961, #3454, .T. ) ;
#3919 = EDGE_CURVE ( 'NONE', #4950, #6055, #648, .T. ) ;
#3920 = ORIENTED_EDGE ( 'NONE', *, *, #4738, .T. ) ;
#3921 = CARTESIAN_POINT ( 'NONE',  ( -766.2515476233455700, 23.42789570974004900, -56.62862714041666800 ) ) ;
#3922 = CARTESIAN_POINT ( 'NONE',  ( -966.0375125829709800, -38.04515784016426500, -20.83333333333332900 ) ) ;
#3923 = CARTESIAN_POINT ( 'NONE',  ( -156.1783035353579400, 281.5641939643456300, 239.9999999999999700 ) ) ;
#3924 = VERTEX_POINT ( 'NONE', #6885 ) ;
#3925 = FACE_OUTER_BOUND ( 'NONE', #2832, .T. ) ;
#3926 = CARTESIAN_POINT ( 'NONE',  ( -18.48917396984331100, 303.9549707836477000, 240.0000000000000300 ) ) ;
#3927 = CARTESIAN_POINT ( 'NONE',  ( -966.0375125829705200, -38.04515784016426500, 20.83333333333332900 ) ) ;
#3928 = CARTESIAN_POINT ( 'NONE',  ( -534.0300862400527000, -11.13421401238157100, 0.0000000000000000000 ) ) ;
#3929 = DIRECTION ( 'NONE',  ( 0.0000000000000000000, 0.0000000000000000000, 1.000000000000000000 ) ) ;
#3930 = CARTESIAN_POINT ( 'NONE',  ( -193.7992690864780600, 275.0000000000000000, 563.0083376869645200 ) ) ;
#3931 = CARTESIAN_POINT ( 'NONE',  ( -393.8887080982340200, 87.29250983550717500, 509.9464644161665200 ) ) ;
#3932 = CARTESIAN_POINT ( 'NONE',  ( -915.1432424847928400, 25.13652624751789900, -105.8215100661229000 ) ) ;
#3933 = CARTESIAN_POINT ( 'NONE',  ( -948.7841062061085000, 5.018420375086949800, 81.73844108900584600 ) ) ;
#3934 = VECTOR ( 'NONE', #7753, 1000.000000000000000 ) ;
#3935 = CARTESIAN_POINT ( 'NONE',  ( -1028.502542542582900, 37.37394374311591600, 2.279276370932416200 ) ) ;
#3936 = VERTEX_POINT ( 'NONE', #7479 ) ;
#3937 = VECTOR ( 'NONE', #2758, 1000.000000000000000 ) ;
#3938 = CARTESIAN_POINT ( 'NONE',  ( -765.8736521931259600, 22.93119132521176300, -62.20221165909383400 ) ) ;
#3939 = ORIENTED_EDGE ( 'NONE', *, *, #7211, .T. ) ;
#3940 = CARTESIAN_POINT ( 'NONE',  ( -1030.691642663261100, 34.27590561837018900, 21.64278261393809900 ) ) ;
#3941 = CARTESIAN_POINT ( 'NONE',  ( -970.4037882827204800, 2.925072896146058400, 68.60026894045719800 ) ) ;
#3942 = CARTESIAN_POINT ( 'NONE',  ( -985.4049532417711800, 2.081997833806417600, 84.75549611697754000 ) ) ;
#3943 = DIRECTION ( 'NONE',  ( -0.9995115994824671500, 0.0000000000000000000, 0.03125000000000002800 ) ) ;
#3944 = CARTESIAN_POINT ( 'NONE',  ( -587.0247678124950400, -19.08031501468063200, -269.6510752201530700 ) ) ;
#3945 = CARTESIAN_POINT ( 'NONE',  ( -334.2007377109953300, -13.87664570656046200, -831.8537227468447100 ) ) ;
#3946 = ADVANCED_FACE ( 'NONE', ( #2405 ), #1120, .F. ) ;
#3947 = CARTESIAN_POINT ( 'NONE',  ( -932.3154980580033000, 6.631222700772704900, -69.54566462120037300 ) ) ;
#3948 = AXIS2_PLACEMENT_3D ( 'NONE', #7485, #4409, #1334 ) ;
#3949 = CARTESIAN_POINT ( 'NONE',  ( -1050.325149824583800, -1.566558724155874300, -39.17203008967106100 ) ) ;
#3950 = CARTESIAN_POINT ( 'NONE',  ( -668.2451320953588300, -15.33012229092221000, -755.1089295095649700 ) ) ;
#3951 = ORIENTED_EDGE ( 'NONE', *, *, #7684, .F. ) ;
#3952 = DIRECTION ( 'NONE',  ( -0.09927161992429185700, 0.9936238619118140700, 0.05344872792741666600 ) ) ;
#3953 = CARTESIAN_POINT ( 'NONE',  ( -721.5093510031267700, -27.39914864066250600, -0.0000000000000000000 ) ) ;
#3954 = CARTESIAN_POINT ( 'NONE',  ( -126.8233280958974100, 283.2681043158139600, 239.9999999999998900 ) ) ;
#3955 = EDGE_CURVE ( 'NONE', #4998, #6442, #1836, .T. ) ;
#3956 = CARTESIAN_POINT ( 'NONE',  ( -73.90195936965416500, 313.5977533476780600, 239.9999999999999700 ) ) ;
#3957 = FACE_OUTER_BOUND ( 'NONE', #2555, .T. ) ;
#3958 = CARTESIAN_POINT ( 'NONE',  ( -780.2033681365539900, 125.3471317657670300, -94.42791072771088100 ) ) ;
#3959 = CARTESIAN_POINT ( 'NONE',  ( -375.4209598999160600, 92.92953237961236800, -569.1364520728456000 ) ) ;
#3960 = CARTESIAN_POINT ( 'NONE',  ( -729.5885947223563300, 26.48465647974861900, -120.3397264064596800 ) ) ;
#3961 = CARTESIAN_POINT ( 'NONE',  ( -531.8924248352152500, 48.45341906454059000, 373.8240249728036700 ) ) ;
#3962 = DIRECTION ( 'NONE',  ( 0.9856986160714360500, 3.340934045778599100E-017, 0.1685177684247443900 ) ) ;
#3963 = CARTESIAN_POINT ( 'NONE',  ( -357.9726304450874200, 146.0331211803213300, 374.2254074289194800 ) ) ;
#3964 = CARTESIAN_POINT ( 'NONE',  ( -1009.325374452045600, 0.7376548670067951700, -36.58464884717960100 ) ) ;
#3965 = CARTESIAN_POINT ( 'NONE',  ( -1029.207830051881700, 36.76030263284386000, 9.238566105012481000 ) ) ;
#3966 = CARTESIAN_POINT ( 'NONE',  ( -148.4119121169098600, 323.0017001863375900, 240.0000000000000600 ) ) ;
#3967 = FACE_OUTER_BOUND ( 'NONE', #6006, .T. ) ;
#3968 = CARTESIAN_POINT ( 'NONE',  ( -235.6656520529419700, 19.99999999999999600, 640.9585947847614300 ) ) ;
#3969 = CARTESIAN_POINT ( 'NONE',  ( -168.3225630098051500, -80.00000000000000000, -4.671889625435053000E-013 ) ) ;
#3970 = VERTEX_POINT ( 'NONE', #767 ) ;
#3971 = PLANE ( 'NONE',  #5500 ) ;
#3972 = CARTESIAN_POINT ( 'NONE',  ( -765.8756144972705900, 22.93099915300997800, 57.27190889236442900 ) ) ;
#3973 = CARTESIAN_POINT ( 'NONE',  ( -361.6988694103687900, 88.83743286960660200, -650.0000000000000000 ) ) ;
#3974 = CARTESIAN_POINT ( 'NONE',  ( -219.5961690660489600, 275.0000000000000000, -609.7766179420979100 ) ) ;
#3975 = CARTESIAN_POINT ( 'NONE',  ( -935.1310908986382600, 6.355486303335671200, -68.53017233682312800 ) ) ;
#3976 = CIRCLE ( 'NONE', #3572, 700.0000000000000000 ) ;
#3977 = CARTESIAN_POINT ( 'NONE',  ( -1015.315854577011400, 0.4009860536767192500, -19.62541651548399500 ) ) ;
#3978 = VERTEX_POINT ( 'NONE', #1302 ) ;
#3979 = CARTESIAN_POINT ( 'NONE',  ( -258.7992690864763300, -18.87117108755875700, -772.7109339378708900 ) ) ;
#3980 = EDGE_CURVE ( 'NONE', #1499, #1409, #7436, .T. ) ;
#3981 = CARTESIAN_POINT ( 'NONE',  ( -367.9313192756203000, 108.1367673492333400, 593.0918799415275100 ) ) ;
#3982 = CARTESIAN_POINT ( 'NONE',  ( -14.66240056954906000, 302.1694805144043700, 144.1968718425008500 ) ) ;
#3983 = CARTESIAN_POINT ( 'NONE',  ( -131.5763658369161500, 282.6538036120340400, 239.9999999999999400 ) ) ;
#3984 = CARTESIAN_POINT ( 'NONE',  ( -126.4673254208878200, 320.6857968007962000, 239.9999999999999100 ) ) ;
#3985 = CARTESIAN_POINT ( 'NONE',  ( -668.2451320953587100, -76.66666666666664300, -689.9999996933069000 ) ) ;
#3986 = CARTESIAN_POINT ( 'NONE',  ( -767.7871077613997400, -49.25060836388760100, 55.36989855253367700 ) ) ;
#3987 = CARTESIAN_POINT ( 'NONE',  ( -168.3225630098051500, -80.00000000000000000, 4.671889625435053000E-013 ) ) ;
#3988 = CARTESIAN_POINT ( 'NONE',  ( -372.4858471441371000, 106.2344382435709300, 593.0514773797333400 ) ) ;
#3989 = CARTESIAN_POINT ( 'NONE',  ( -157.1660011963871000, 274.2102586960153900, -137.9225819429058500 ) ) ;
#3990 = CARTESIAN_POINT ( 'NONE',  ( -977.8172088364416400, -37.53297281724876900, -20.83333333333332900 ) ) ;
#3991 = CARTESIAN_POINT ( 'NONE',  ( -1028.655882967039100, 37.25350654609812300, 4.565737143854977200 ) ) ;
#3992 = CARTESIAN_POINT ( 'NONE',  ( -143.0274878512888700, 322.7381498785047100, 240.0000000000000000 ) ) ;
#3993 = ORIENTED_EDGE ( 'NONE', *, *, #1286, .T. ) ;
#3994 = AXIS2_PLACEMENT_3D ( 'NONE', #7870, #2938, #513 ) ;
#3995 = VERTEX_POINT ( 'NONE', #6276 ) ;
#3996 = CARTESIAN_POINT ( 'NONE',  ( -258.7992690864762700, -70.00000000000000000, 699.9999996933070200 ) ) ;
#3997 = CARTESIAN_POINT ( 'NONE',  ( -547.1009680391321100, 22.47362112785342300, 451.8120207496300500 ) ) ;
#3998 = DIRECTION ( 'NONE',  ( 0.0000000000000000000, 1.000000000000000000, 0.0000000000000000000 ) ) ;
#3999 = CARTESIAN_POINT ( 'NONE',  ( -14.64420709051241500, 301.8801651816349400, 144.1974782918020100 ) ) ;
#4000 = CARTESIAN_POINT ( 'NONE',  ( -335.4523126732743800, -11.57620976159641300, -826.2435564184396500 ) ) ;
#4001 = ORIENTED_EDGE ( 'NONE', *, *, #1195, .F. ) ;
#4002 = CARTESIAN_POINT ( 'NONE',  ( -937.0270378844302300, 6.169812585158365600, 52.31390652992104200 ) ) ;
#4003 = CARTESIAN_POINT ( 'NONE',  ( -1030.396940639965400, 35.10116397286628900, -18.21142473874707000 ) ) ;
#4004 = CARTESIAN_POINT ( 'NONE',  ( -668.2451320953584900, -37.62779015560844400, -712.9723577306072000 ) ) ;
#4005 = VERTEX_POINT ( 'NONE', #5577 ) ;
#4006 = B_SPLINE_CURVE_WITH_KNOTS ( 'NONE', 3,
 ( #3700, #6151, #3644, #3015, #1254, #3067, #5497, #1821, #7294, #4280, #2451, #1, #7892, #4879, #7366, #25, #6738, #7314 ),
 .UNSPECIFIED., .F., .F.,
 ( 4, 2, 2, 2, 2, 2, 2, 2, 4 ),
 ( 0.0000000000000000000, 0.01572112093383843900, 0.03144224186767687800, 0.06288448373535375500, 0.09432672560303062600, 0.1257689674707073400, 0.1572112093383840600, 0.1886534512060607500, 0.2515379349414141900 ),
 .UNSPECIFIED. ) ;
#4007 = EDGE_CURVE ( 'NONE', #5073, #2396, #4915, .T. ) ;
#4008 = DIRECTION ( 'NONE',  ( 0.0000000000000000000, 0.0000000000000000000, -1.000000000000000000 ) ) ;
#4009 = CARTESIAN_POINT ( 'NONE',  ( -931.7072111055728100, 7.164169369840226200, 49.83040187076174700 ) ) ;
#4010 = CARTESIAN_POINT ( 'NONE',  ( -113.6097962821062300, 284.9908237757883300, 240.0000000000000000 ) ) ;
#4011 = CARTESIAN_POINT ( 'NONE',  ( -69.42975113370761200, 312.9488471874012700, 240.0000000000000000 ) ) ;
#4012 = DIRECTION ( 'NONE',  ( 2.775557561562858200E-015, 0.0000000000000000000, -1.000000000000000000 ) ) ;
#4013 = CARTESIAN_POINT ( 'NONE',  ( 372.4007397240991400, -215.0000000000000600, 1100.000000000000000 ) ) ;
#4014 = DIRECTION ( 'NONE',  ( 0.0000000000000000000, 0.0000000000000000000, -1.000000000000000000 ) ) ;
#4015 = CARTESIAN_POINT ( 'NONE',  ( -543.7848070721095200, -2.460686034315916700, 69.84760131456170000 ) ) ;
#4016 = CARTESIAN_POINT ( 'NONE',  ( -930.5021719132792000, -44.47907115696418900, 69.74685346525264200 ) ) ;
#4017 = CARTESIAN_POINT ( 'NONE',  ( -157.1660011963871600, 274.2102586960153900, -239.9999999999998900 ) ) ;
#4018 = DIRECTION ( 'NONE',  ( -0.5385643568985997200, -0.1895893447681803500, -0.8209776573261722300 ) ) ;
#4019 = ORIENTED_EDGE ( 'NONE', *, *, #4590, .F. ) ;
#4020 = CARTESIAN_POINT ( 'NONE',  ( -1097.278709902189300, -4.205378822568101200, -2.628531919096428000 ) ) ;
#4021 = CARTESIAN_POINT ( 'NONE',  ( -150.4445662922098000, 322.9630938719178100, 239.9999999999999700 ) ) ;
#4022 = ORIENTED_EDGE ( 'NONE', *, *, #3503, .T. ) ;
#4023 = CARTESIAN_POINT ( 'NONE',  ( -271.8920749270720900, 20.00000000000000700, 655.5436759940058700 ) ) ;
#4024 = DIRECTION ( 'NONE',  ( 0.0000000000000000000, 1.000000000000000000, 0.0000000000000000000 ) ) ;
#4025 = CARTESIAN_POINT ( 'NONE',  ( -536.4089367922349500, -10.00669366827933300, 36.89144407851287600 ) ) ;
#4026 = ORIENTED_EDGE ( 'NONE', *, *, #2861, .F. ) ;
#4027 = VECTOR ( 'NONE', #4234, 1000.000000000000000 ) ;
#4028 = DIRECTION ( 'NONE',  ( -0.0000000000000000000, -1.000000000000000000, -0.0000000000000000000 ) ) ;
#4029 = CARTESIAN_POINT ( 'NONE',  ( -740.6150288742911700, -34.39772603926746800, -36.91500537387647500 ) ) ;
#4030 = CARTESIAN_POINT ( 'NONE',  ( -657.8329383822367600, -38.04780047810552200, 0.0000000000000000000 ) ) ;
#4031 = CARTESIAN_POINT ( 'NONE',  ( -969.8027014340808600, 2.960029103556109900, -69.05959828207571100 ) ) ;
#4032 = CARTESIAN_POINT ( 'NONE',  ( -934.5398699395608400, 6.413385703771827400, 50.64606012422817100 ) ) ;
#4033 = CARTESIAN_POINT ( 'NONE',  ( -1016.422796597721500, 0.3387752043352042500, -12.42561342150121300 ) ) ;
#4034 = CARTESIAN_POINT ( 'NONE',  ( -668.2451320953587100, -42.84359643473411700, -810.3819585628574500 ) ) ;
#4035 = VECTOR ( 'NONE', #7218, 1000.000000000000000 ) ;
#4036 = ORIENTED_EDGE ( 'NONE', *, *, #496, .F. ) ;
#4037 = LINE ( 'NONE', #1791, #3834 ) ;
#4038 = CARTESIAN_POINT ( 'NONE',  ( -730.9120174870886300, 42.66022898298394500, 118.7170760266970000 ) ) ;
#4039 = CARTESIAN_POINT ( 'NONE',  ( -1008.794651406471000, 24.15058637476004900, -69.96092769958306700 ) ) ;
#4040 = DIRECTION ( 'NONE',  ( -0.7892556140292516000, 0.0000000000000000000, 0.6140647976584467900 ) ) ;
#4041 = EDGE_LOOP ( 'NONE', ( #2660, #1166, #6011, #4852 ) ) ;
#4042 =( BOUNDED_SURFACE ( )  B_SPLINE_SURFACE ( 3, 2, ( 
 ( #2872, #4695, #5261 ),
 ( #3431, #4160, #463 ),
 ( #5377, #1697, #5992 ),
 ( #7742, #2919, #7221 ) ),
 .UNSPECIFIED., .F., .F., .F. ) 
 B_SPLINE_SURFACE_WITH_KNOTS ( ( 4, 4 ),
 ( 3, 3 ),
 ( 0.1496714422660734800, 0.1557369136053597900 ),
 ( 0.0000000000000000000, 1.000000000000000000 ),
 .UNSPECIFIED. ) 
 GEOMETRIC_REPRESENTATION_ITEM ( )  RATIONAL_B_SPLINE_SURFACE ( (
 ( 1.000000000000000000, 0.6912717319805836700, 1.000000000000000000),
 ( 1.000000000000000000, 0.6675334865213842200, 1.000000000000000000),
 ( 1.000000000000000000, 0.6437955936458787900, 1.000000000000000000),
 ( 1.000000000000000000, 0.6199832514251345500, 1.000000000000000000) ) ) 
 REPRESENTATION_ITEM ( '' )  SURFACE ( )  );
#4043 = CARTESIAN_POINT ( 'NONE',  ( -113.6038428234673300, 284.9916062621035700, 240.0000000000000000 ) ) ;
#4044 = CARTESIAN_POINT ( 'NONE',  ( -69.46087867138932400, 312.9533644339122100, 239.9999999999999400 ) ) ;
#4045 = CIRCLE ( 'NONE', #7952, 20.00000000000000400 ) ;
#4046 = CARTESIAN_POINT ( 'NONE',  ( -769.5060197261552700, 23.42730997547047500, 64.68821729051977300 ) ) ;
#4047 = CARTESIAN_POINT ( 'NONE',  ( -418.4486822469645500, 71.87170263032058400, 649.9999996933069000 ) ) ;
#4048 = DIRECTION ( 'NONE',  ( 0.9947574284195235300, 0.09741849946394735800, -0.03110135955821433800 ) ) ;
#4049 = CARTESIAN_POINT ( 'NONE',  ( -179.5609160481423600, 147.5000000000000300, 563.3803744937577000 ) ) ;
#4050 = VERTEX_POINT ( 'NONE', #2601 ) ;
#4051 = CARTESIAN_POINT ( 'NONE',  ( -1013.420966418355300, 0.5074799797827813700, 27.13097055452727300 ) ) ;
#4052 = CARTESIAN_POINT ( 'NONE',  ( -1017.020702830704500, 0.3051724917409128800, 0.8604765812938994800 ) ) ;
#4053 = CARTESIAN_POINT ( 'NONE',  ( -141.6738531259763400, 322.6076779479938600, 240.0000000000000000 ) ) ;
#4054 = EDGE_CURVE ( 'NONE', #1622, #3201, #7385, .T. ) ;
#4055 = AXIS2_PLACEMENT_3D ( 'NONE', #7132, #4743, #5338 ) ;
#4056 = CARTESIAN_POINT ( 'NONE',  ( -1030.345369944215000, 30.59052376895878600, 34.14492772307784900 ) ) ;
#4057 = CARTESIAN_POINT ( 'NONE',  ( -452.7720532934483800, 52.79374271373869500, 573.8643163231339500 ) ) ;
#4058 = CARTESIAN_POINT ( 'NONE',  ( -485.5448984515973100, 50.28527772050718900, -128.5007885640880300 ) ) ;
#4059 = CARTESIAN_POINT ( 'NONE',  ( -738.1947984173963300, -31.16031045985339200, -123.2489932758588800 ) ) ;
#4060 = CARTESIAN_POINT ( 'NONE',  ( -527.5130262030228300, -0.1796302367026787700, -269.5430657194446000 ) ) ;
#4061 = LINE ( 'NONE', #2737, #3072 ) ;
#4062 = CARTESIAN_POINT ( 'NONE',  ( -935.4264644463288500, 6.326559806307019900, -51.13424768470842000 ) ) ;
#4063 = CARTESIAN_POINT ( 'NONE',  ( -662.7734452728174100, -76.61372721759103400, 699.9999996933066800 ) ) ;
#4064 = CARTESIAN_POINT ( 'NONE',  ( -668.2451320953586000, -20.75709420659104900, -785.1518361750623900 ) ) ;
#4065 = FACE_OUTER_BOUND ( 'NONE', #3349, .T. ) ;
#4066 = CARTESIAN_POINT ( 'NONE',  ( -948.7841062061123700, 5.018420375086568800, -81.73844108900408400 ) ) ;
#4067 = CARTESIAN_POINT ( 'NONE',  ( -982.8162755922708100, 30.82403548827063800, -85.87657668782367200 ) ) ;
#4068 = CARTESIAN_POINT ( 'NONE',  ( -110.4287047268472300, 285.3731536437238700, 239.9999999999999700 ) ) ;
#4069 = CARTESIAN_POINT ( 'NONE',  ( -133.9436205147302100, 282.3485590634030000, 239.9999999999999400 ) ) ;
#4070 = ORIENTED_EDGE ( 'NONE', *, *, #202, .F. ) ;
#4071 = EDGE_CURVE ( 'NONE', #940, #4425, #4714, .T. ) ;
#4072 = CARTESIAN_POINT ( 'NONE',  ( -130.8058562171617300, 321.2467302846687300, 240.0000000000000000 ) ) ;
#4073 = CARTESIAN_POINT ( 'NONE',  ( -721.1684343117491400, -36.89914864066234700, 0.0000000000000000000 ) ) ;
#4074 = ORIENTED_EDGE ( 'NONE', *, *, #7933, .F. ) ;
#4075 = CARTESIAN_POINT ( 'NONE',  ( -766.6240614248512200, -49.25060836388760100, 63.24732940658812900 ) ) ;
#4076 = VECTOR ( 'NONE', #7538, 1000.000000000000000 ) ;
#4077 = VERTEX_POINT ( 'NONE', #817 ) ;
#4078 = CARTESIAN_POINT ( 'NONE',  ( -737.8109758953003200, 133.8123252657459500, -111.7300415381103600 ) ) ;
#4079 = CARTESIAN_POINT ( 'NONE',  ( -783.4090281768083100, -49.92488217935611800, 54.32164730602963200 ) ) ;
#4080 = CARTESIAN_POINT ( 'NONE',  ( -1029.758609913575400, 36.14368271947471800, 13.11242733222637600 ) ) ;
#4081 = CARTESIAN_POINT ( 'NONE',  ( -144.1031200542281000, 322.8290670563247300, 240.0000000000000000 ) ) ;
#4082 = FACE_OUTER_BOUND ( 'NONE', #1018, .T. ) ;
#4083 = CARTESIAN_POINT ( 'NONE',  ( -969.8308515967182800, 2.957272304234565200, -239.9999999999998900 ) ) ;
#4084 = EDGE_CURVE ( 'NONE', #2615, #3406, #4061, .T. ) ;
#4085 = CARTESIAN_POINT ( 'NONE',  ( -383.9082660011859500, -70.13888230959285900, -699.9999996933070200 ) ) ;
#4086 = CARTESIAN_POINT ( 'NONE',  ( -66.21846650045799300, 291.5019752293600300, 142.4783363114706600 ) ) ;
#4087 = EDGE_CURVE ( 'NONE', #1152, #5860, #6166, .T. ) ;
#4088 = CARTESIAN_POINT ( 'NONE',  ( -933.2849877969650800, 6.536278714513213300, 50.17942390786844000 ) ) ;
#4089 =( BOUNDED_SURFACE ( )  B_SPLINE_SURFACE ( 3, 2, ( 
 ( #5123, #1445, #4558 ),
 ( #888, #7543, #5710 ),
 ( #5736, #1370, #3856 ),
 ( #6292, #161, #2613 ) ),
 .UNSPECIFIED., .F., .F., .F. ) 
 B_SPLINE_SURFACE_WITH_KNOTS ( ( 4, 4 ),
 ( 3, 3 ),
 ( 1.241315980897904600, 1.331656614473511600 ),
 ( 0.0000000000000000000, 1.000000000000000000 ),
 .UNSPECIFIED. ) 
 GEOMETRIC_REPRESENTATION_ITEM ( )  RATIONAL_B_SPLINE_SURFACE ( (
 ( 1.000000000000000000, 0.7441224190802640000, 1.000000000000000000),
 ( 1.000000000000000000, 0.7409437060505336100, 1.000000000000000000),
 ( 1.000000000000000000, 0.7376954447171654200, 1.000000000000000000),
 ( 1.000000000000000000, 0.7343883422762469400, 1.000000000000000000) ) ) 
 REPRESENTATION_ITEM ( '' )  SURFACE ( )  );
#4090 = CARTESIAN_POINT ( 'NONE',  ( -665.2293962736346200, -78.72502597475643400, 699.9999996933067900 ) ) ;
#4091 = CARTESIAN_POINT ( 'NONE',  ( -258.7992690864762700, -45.31545423770092600, -869.8018365412676800 ) ) ;
#4092 = B_SPLINE_CURVE_WITH_KNOTS ( 'NONE', 2,
 ( #2187, #6499, #2806 ),
 .UNSPECIFIED., .F., .F.,
 ( 3, 3 ),
 ( 0.0000000000000000000, 1.000000000000000000 ),
 .UNSPECIFIED. ) ;
#4093 = CARTESIAN_POINT ( 'NONE',  ( -729.3328317508340900, 29.68453786244943200, 107.4688630519971800 ) ) ;
#4094 = CARTESIAN_POINT ( 'NONE',  ( -721.2497326902915800, -38.01434301723119100, 123.2482987937306400 ) ) ;
#4095 = CARTESIAN_POINT ( 'NONE',  ( -978.2096096027627300, 55.64353348873437700, 63.86921591008125200 ) ) ;
#4096 = CARTESIAN_POINT ( 'NONE',  ( -258.7992690864762700, -80.00000000000000000, -689.9999996933069000 ) ) ;
#4097 = CARTESIAN_POINT ( 'NONE',  ( -42.34587495147882700, 295.2327404382505700, 239.9999999999999400 ) ) ;
#4098 = CARTESIAN_POINT ( 'NONE',  ( -138.0074971593882700, 322.1739573521268800, 239.9999999999999400 ) ) ;
#4099 = ORIENTED_EDGE ( 'NONE', *, *, #4412, .T. ) ;
#4100 = ORIENTED_EDGE ( 'NONE', *, *, #78, .T. ) ;
#4101 = DIRECTION ( 'NONE',  ( -0.0000000000000000000, -1.000000000000000000, -0.0000000000000000000 ) ) ;
#4102 = DIRECTION ( 'NONE',  ( -1.000000000000000000, 0.0000000000000000000, 0.0000000000000000000 ) ) ;
#4103 = AXIS2_PLACEMENT_3D ( 'NONE', #2598, #1395, #5690 ) ;
#4104 = CARTESIAN_POINT ( 'NONE',  ( -301.5796490014486200, -44.51154805585268500, 874.6142396099120300 ) ) ;
#4105 = CARTESIAN_POINT ( 'NONE',  ( -948.7841062061085000, 5.018420375086949800, 81.73844108900584600 ) ) ;
#4106 = ORIENTED_EDGE ( 'NONE', *, *, #64, .T. ) ;
#4107 = CARTESIAN_POINT ( 'NONE',  ( -730.3071904876494500, 37.27885647861531000, -115.8820200454923800 ) ) ;
#4108 = CARTESIAN_POINT ( 'NONE',  ( -421.4908551515508200, -18.76164004028719700, -829.6142396099124900 ) ) ;
#4109 = CARTESIAN_POINT ( 'NONE',  ( -1059.400215396256700, -2.076583211852444800, 32.97434247149882900 ) ) ;
#4110 = CARTESIAN_POINT ( 'NONE',  ( -303.2451320953590500, -44.87035782338929800, -874.6142396099120300 ) ) ;
#4111 = ADVANCED_FACE ( 'NONE', ( #3248 ), #6984, .F. ) ;
#4112 = PLANE ( 'NONE',  #504 ) ;
#4113 = CARTESIAN_POINT ( 'NONE',  ( -175.6657478100011600, 315.8206757497152400, 240.0000000000000000 ) ) ;
#4114 = CARTESIAN_POINT ( 'NONE',  ( 8.325832408001845800, 121.3107911733968800, -144.9631462750859000 ) ) ;
#4115 = CARTESIAN_POINT ( 'NONE',  ( -279.3714093152534600, 19.99999999999999300, -647.2453274092965800 ) ) ;
#4116 = CARTESIAN_POINT ( 'NONE',  ( -320.4789350443484200, -13.55971617056844100, -832.9931009162164600 ) ) ;
#4117 = CARTESIAN_POINT ( 'NONE',  ( -938.9256751166537900, 5.983875405997622500, 64.83800684053102300 ) ) ;
#4118 = B_SPLINE_CURVE_WITH_KNOTS ( 'NONE', 3,
 ( #1092, #549, #4839, #4211, #7880, #3550, #1701, #6617, #4185, #499, #7251, #5430, #1168, #6645, #1730, #2924, #4757, #2362, #6054, #6024, #3579, #4783, #6671, #7277, #524, #4812, #5382, #2977, #5997, #7701, #7312, #5968, #7023, #3982, #5842, #5316 ),
 .UNSPECIFIED., .F., .F.,
 ( 4, 2, 2, 2, 2, 2, 2, 2, 2, 2, 2, 2, 2, 2, 2, 2, 2, 4 ),
 ( 0.04959824380489606700, 0.05784445168332834300, 0.06609065956176062000, 0.08258307531862518800, 0.1155679068323543500, 0.1320603225892189600, 0.1485527383460835700, 0.1567989462245158700, 0.1650451541029481800, 0.1691682580421643400, 0.1732913619813805100, 0.1753529139509885600, 0.1774144659205966800, 0.1794760178902047300, 0.1805067938750087900, 0.1810221818674108100, 0.1812798758636118800, 0.1815375698598129500 ),
 .UNSPECIFIED. ) ;
#4119 = CARTESIAN_POINT ( 'NONE',  ( -598.2451320953588300, 30.00000000000000000, -829.6142396099121500 ) ) ;
#4120 = CARTESIAN_POINT ( 'NONE',  ( -668.2451320953588300, -48.20907918761575000, -813.4337328517725600 ) ) ;
#4121 = ORIENTED_EDGE ( 'NONE', *, *, #7820, .F. ) ;
#4122 = EDGE_CURVE ( 'NONE', #7571, #3844, #5664, .T. ) ;
#4123 = DIRECTION ( 'NONE',  ( -0.9427946626885518300, -0.3318894391366368200, -0.03142648875628359400 ) ) ;
#4124 = CARTESIAN_POINT ( 'NONE',  ( -732.0292279767045300, 51.41795551113726500, 120.2871615096274000 ) ) ;
#4125 = CARTESIAN_POINT ( 'NONE',  ( -916.1895975397239900, 52.96374694213026400, -105.6029301447646100 ) ) ;
#4126 = CARTESIAN_POINT ( 'NONE',  ( -184.6267484020529500, 296.8509855691290200, -239.9999999999997700 ) ) ;
#4127 = AXIS2_PLACEMENT_3D ( 'NONE', #2323, #4796, #1711 ) ;
#4128 = CARTESIAN_POINT ( 'NONE',  ( -69.62276244153315500, 291.0231494550250200, 240.0000000000000000 ) ) ;
#4129 = CARTESIAN_POINT ( 'NONE',  ( -132.6481734780330700, 321.4844141944132600, 240.0000000000000000 ) ) ;
#4130 = CARTESIAN_POINT ( 'NONE',  ( -923.3890766260836900, 11.10666842037633000, -97.21165407261071300 ) ) ;
#4131 = VERTEX_POINT ( 'NONE', #2041 ) ;
#4132 = CARTESIAN_POINT ( 'NONE',  ( -598.2451320953588300, -39.98988086786972900, -828.9119444655974600 ) ) ;
#4133 = DIRECTION ( 'NONE',  ( 0.0000000000000000000, 0.0000000000000000000, 1.000000000000000000 ) ) ;
#4134 = CARTESIAN_POINT ( 'NONE',  ( -728.8939049041432600, 27.12184727254937800, -100.6064629843200900 ) ) ;
#4135 = CARTESIAN_POINT ( 'NONE',  ( -593.1036740403507100, -40.07344871682094100, -829.6142396099118100 ) ) ;
#4136 = ORIENTED_EDGE ( 'NONE', *, *, #4054, .T. ) ;
#4137 = CARTESIAN_POINT ( 'NONE',  ( -1009.712615037726700, 0.7158916984902800000, 35.80195815084697800 ) ) ;
#4138 = CARTESIAN_POINT ( 'NONE',  ( -330.2805775762702800, -14.31573012811257000, 833.3224277709919100 ) ) ;
#4139 = VECTOR ( 'NONE', #5817, 1000.000000000000000 ) ;
#4140 = ORIENTED_EDGE ( 'NONE', *, *, #1419, .T. ) ;
#4141 = CARTESIAN_POINT ( 'NONE',  ( -916.5373241055175400, 52.65952509643096100, -105.5304585192918000 ) ) ;
#4142 = CARTESIAN_POINT ( 'NONE',  ( -176.7905894479833600, 315.0769184733351300, 239.9999999999999700 ) ) ;
#4143 = CARTESIAN_POINT ( 'NONE',  ( -14.62674840205269100, 302.0000000000000600, 144.1980602480840900 ) ) ;
#4144 = CARTESIAN_POINT ( 'NONE',  ( -182.5467137553861800, 294.7514432805502300, 138.6007280696397900 ) ) ;
#4145 = CARTESIAN_POINT ( 'NONE',  ( -940.0472776314105700, -42.60225328241312300, 57.40406649872516500 ) ) ;
#4146 = ORIENTED_EDGE ( 'NONE', *, *, #912, .T. ) ;
#4147 = CYLINDRICAL_SURFACE ( 'NONE', #3734, 12307.97677111181800 ) ;
#4148 = DIRECTION ( 'NONE',  ( 1.000000000000000000, 0.0000000000000000000, 0.0000000000000000000 ) ) ;
#4149 = CARTESIAN_POINT ( 'NONE',  ( -770.0781440828610600, -51.00000000000041200, 64.73844108900584600 ) ) ;
#4150 = CARTESIAN_POINT ( 'NONE',  ( -668.2451320953587100, -19.79265199084487700, -782.9697812193544500 ) ) ;
#4151 = ORIENTED_EDGE ( 'NONE', *, *, #6551, .T. ) ;
#4152 =( BOUNDED_CURVE ( )  B_SPLINE_CURVE ( 3, ( #3941, #1398, #815, #2675 ),
 .UNSPECIFIED., .F., .F. ) 
 B_SPLINE_CURVE_WITH_KNOTS ( ( 4, 4 ),
 ( 5.041869326281659600, 5.621984804581030600 ),
 .UNSPECIFIED. ) 
 CURVE ( )  GEOMETRIC_REPRESENTATION_ITEM ( )  RATIONAL_B_SPLINE_CURVE ( ( 1.000000000000000000, 0.9721515755180512000, 0.9721515755180512000, 1.000000000000000000 ) ) 
 REPRESENTATION_ITEM ( '' )  );
#4153 = B_SPLINE_CURVE_WITH_KNOTS ( 'NONE', 3,
 ( #1338, #7383, #6259, #3716 ),
 .UNSPECIFIED., .F., .F.,
 ( 4, 4 ),
 ( 0.0000000000000000000, 0.006021198825662675600 ),
 .UNSPECIFIED. ) ;
#4154 = CARTESIAN_POINT ( 'NONE',  ( -5.573319583618285800E-011, 134.2190500977793300, -142.1188469631538000 ) ) ;
#4155 = CARTESIAN_POINT ( 'NONE',  ( -616.9319087001720200, 22.69240075583863700, 451.2367140275673600 ) ) ;
#4156 = ADVANCED_FACE ( 'NONE', ( #1274 ), #3726, .T. ) ;
#4157 = CARTESIAN_POINT ( 'NONE',  ( -916.7579155957737400, -45.99939545498218500, -50.15245843292295500 ) ) ;
#4158 = CARTESIAN_POINT ( 'NONE',  ( -23.36995910244641200, 298.8185011421117000, 239.9999999999998900 ) ) ;
#4159 = VERTEX_POINT ( 'NONE', #5108 ) ;
#4160 = CARTESIAN_POINT ( 'NONE',  ( -1023.545375626168600, -0.06151829121272126700, -55.94215346181655200 ) ) ;
#4161 = CARTESIAN_POINT ( 'NONE',  ( -184.6267484020529300, 296.8509855691290200, -239.9999999999997700 ) ) ;
#4162 = CARTESIAN_POINT ( 'NONE',  ( -937.3290874831515100, -44.47907115522036000, -52.50820983342592300 ) ) ;
#4163 = CARTESIAN_POINT ( 'NONE',  ( -730.9957156753191600, 43.43693738758101800, -118.9948940156222800 ) ) ;
#4164 = CARTESIAN_POINT ( 'NONE',  ( -515.4132661664405100, -28.04075464104759500, -829.6142396099122600 ) ) ;
#4165 = CARTESIAN_POINT ( 'NONE',  ( -1031.635077009311300, -0.5161646815165974500, 51.33847953126521400 ) ) ;
#4166 = CARTESIAN_POINT ( 'NONE',  ( -298.2451320953590500, -43.81068232069073100, -874.6142396099120300 ) ) ;
#4167 = FACE_OUTER_BOUND ( 'NONE', #2656, .T. ) ;
#4168 = CARTESIAN_POINT ( 'NONE',  ( -164.2916058872596400, 320.7100741425095400, 239.9999999999999100 ) ) ;
#4169 = CARTESIAN_POINT ( 'NONE',  ( -163.5588102887067500, 283.0789440207422600, 139.2336581851957900 ) ) ;
#4170 = CARTESIAN_POINT ( 'NONE',  ( -938.7427687354911500, -42.84202518142500800, 65.13462608082210200 ) ) ;
#4171 = CARTESIAN_POINT ( 'NONE',  ( -930.0000000000557100, -44.17288593644951100, -69.73844108900408400 ) ) ;
#4172 = CARTESIAN_POINT ( 'NONE',  ( -662.5434631347034200, -75.01743622112570600, 699.9999996933070200 ) ) ;
#4173 = CARTESIAN_POINT ( 'NONE',  ( -920.2589775552843300, 73.58137228624271100, 91.54189638381350800 ) ) ;
#4174 = ORIENTED_EDGE ( 'NONE', *, *, #4825, .F. ) ;
#4175 = CARTESIAN_POINT ( 'NONE',  ( -728.6117111961245900, -24.22778181205591600, 269.8657537935164300 ) ) ;
#4176 = DIRECTION ( 'NONE',  ( 1.000000000000000000, -0.0000000000000000000, -0.0000000000000000000 ) ) ;
#4177 = CIRCLE ( 'NONE', #6046, 19.99999999999998600 ) ;
#4178 = CARTESIAN_POINT ( 'NONE',  ( -729.7186922751338900, -45.97881655748224700, -312.7526747221214100 ) ) ;
#4179 = CARTESIAN_POINT ( 'NONE',  ( -69.56256237880973000, 291.0318819478782200, 240.0000000000000000 ) ) ;
#4180 = ORIENTED_EDGE ( 'NONE', *, *, #3849, .T. ) ;
#4181 = EDGE_LOOP ( 'NONE', ( #6846, #2090, #3204, #3084 ) ) ;
#4182 = CARTESIAN_POINT ( 'NONE',  ( -855.9382576578459500, 74.74293838646909200, -114.8260798189215300 ) ) ;
#4183 = CARTESIAN_POINT ( 'NONE',  ( -907.7284708287141900, 23.26249189290067300, 107.3085667405041600 ) ) ;
#4184 = CARTESIAN_POINT ( 'NONE',  ( -733.9383775651645000, 122.2149728281169800, -119.3969208691597100 ) ) ;
#4185 = CARTESIAN_POINT ( 'NONE',  ( -90.07172692397516300, 315.8759922445879100, 141.6832276306867900 ) ) ;
#4186 = CARTESIAN_POINT ( 'NONE',  ( -1027.911948286573100, 23.68457732771805600, -46.10507969727107300 ) ) ;
#4187 = CARTESIAN_POINT ( 'NONE',  ( -1030.381391933493000, -0.4457067786472304100, 52.08518845329526000 ) ) ;
#4188 = CARTESIAN_POINT ( 'NONE',  ( -1012.809502501466100, 43.46342736086183600, -37.02459158161067900 ) ) ;
#4189 = ADVANCED_FACE ( 'NONE', ( #1558 ), #94, .T. ) ;
#4190 =( BOUNDED_CURVE ( )  B_SPLINE_CURVE ( 3, ( #4675, #2907, #2880, #1014 ),
 .UNSPECIFIED., .F., .F. ) 
 B_SPLINE_CURVE_WITH_KNOTS ( ( 4, 4 ),
 ( 1.241315980897903700, 1.242184573109183000 ),
 .UNSPECIFIED. ) 
 CURVE ( )  GEOMETRIC_REPRESENTATION_ITEM ( )  RATIONAL_B_SPLINE_CURVE ( ( 1.000000000000000000, 0.9999999371289650700, 0.9999999371289650700, 1.000000000000000000 ) ) 
 REPRESENTATION_ITEM ( '' )  );
#4191 = CARTESIAN_POINT ( 'NONE',  ( -165.1014110735630700, 320.4710958597953500, 239.9999999999998900 ) ) ;
#4192 = CARTESIAN_POINT ( 'NONE',  ( -729.5885943808306100, 26.48465650581622200, 120.3397264138162100 ) ) ;
#4193 = CARTESIAN_POINT ( 'NONE',  ( -174.9412196443271100, 287.7202865570984600, 138.8542445400083800 ) ) ;
#4194 = CARTESIAN_POINT ( 'NONE',  ( -930.8338339395390900, -43.98244759495568700, 49.74585420188145700 ) ) ;
#4195 = ORIENTED_EDGE ( 'NONE', *, *, #1846, .T. ) ;
#4196 = CARTESIAN_POINT ( 'NONE',  ( -916.1895975397238800, 52.96374694212986600, 105.6029301447656400 ) ) ;
#4197 = CARTESIAN_POINT ( 'NONE',  ( -721.0375125829707500, -43.02027741034830700, 0.0000000000000000000 ) ) ;
#4198 = CARTESIAN_POINT ( 'NONE',  ( -920.0250807485446100, 68.51812795937289000, 98.37084355781202300 ) ) ;
#4199 = ORIENTED_EDGE ( 'NONE', *, *, #5049, .T. ) ;
#4200 = VECTOR ( 'NONE', #4936, 1000.000000000000000 ) ;
#4201 = CARTESIAN_POINT ( 'NONE',  ( -5.573319583618285800E-011, 124.5444292572426500, -133.8890418096250100 ) ) ;
#4202 = CARTESIAN_POINT ( 'NONE',  ( -723.7945680158910600, -29.18071593480783600, 36.91470976221314300 ) ) ;
#4203 = CARTESIAN_POINT ( 'NONE',  ( -668.2451320953586000, -54.32520081337960200, 826.7238041477591000 ) ) ;
#4204 = CARTESIAN_POINT ( 'NONE',  ( -113.3031258152639400, 333.6103978901779200, -115.8949626346376400 ) ) ;
#4205 = CARTESIAN_POINT ( 'NONE',  ( -37.90386510476186300, 295.9770011080293600, 239.9999999999999400 ) ) ;
#4206 = ORIENTED_EDGE ( 'NONE', *, *, #4935, .T. ) ;
#4207 = CARTESIAN_POINT ( 'NONE',  ( -668.2451320953587100, 70.06135079465764200, -649.9999996933067900 ) ) ;
#4208 = CARTESIAN_POINT ( 'NONE',  ( -914.4706048731580900, 24.82965166455547700, 105.9606628880928100 ) ) ;
#4209 = EDGE_CURVE ( 'NONE', #1358, #3676, #1863, .T. ) ;
#4210 = CARTESIAN_POINT ( 'NONE',  ( -168.6012988545748500, 284.7174447772843600, 240.0000000000000000 ) ) ;
#4211 = CARTESIAN_POINT ( 'NONE',  ( -133.7192937078643800, 321.6226091310655300, 140.2283087378905000 ) ) ;
#4212 = CARTESIAN_POINT ( 'NONE',  ( -1021.980486084044100, 40.23499097061623800, 16.19151997828175400 ) ) ;
#4213 = CARTESIAN_POINT ( 'NONE',  ( -258.7992690864762700, -51.03167550318948300, -886.3136891273769600 ) ) ;
#4214 = CARTESIAN_POINT ( 'NONE',  ( -885.2992644139410500, -54.09632305098299600, 20.83333333333332900 ) ) ;
#4215 = B_SPLINE_CURVE_WITH_KNOTS ( 'NONE', 3,
 ( #5226, #6502, #314, #5809, #2244, #2130, #6557, #7161, #2193, #6473, #6446, #2777, #5255, #1636, #4093, #287, #5928, #1605, #4636, #7762, #997, #936, #7078, #1549, #403, #7136, #7708, #2746, #4038, #972, #5900, #4575, #7049, #2863, #1578 ),
 .UNSPECIFIED., .F., .F.,
 ( 4, 2, 2, 2, 2, 2, 1, 2, 2, 2, 2, 2, 2, 2, 2, 2, 2, 4 ),
 ( -0.0002906752595426948500, 0.0009419966197500599300, 0.002174668499042814700, 0.004640012257628336000, 0.005872684136921076500, 0.007105356016213816900, 0.009570699774799318700, 0.01203604353338482000, 0.01326871541267759000, 0.01450138729197036000, 0.01943207480914139300, 0.02189741856772692600, 0.02313009044701968400, 0.02436276232631243500, 0.02929344984348350100, 0.03175879360206902000, 0.03422413736065454300, 0.03915482487782565000 ),
 .UNSPECIFIED. ) ;
#4216 = AXIS2_PLACEMENT_3D ( 'NONE', #4696, #320, #5851 ) ;
#4217 = DIRECTION ( 'NONE',  ( 1.000000000000000000, 0.0000000000000000000, -0.0000000000000000000 ) ) ;
#4218 = CARTESIAN_POINT ( 'NONE',  ( -339.8942627280998200, -13.54131707056213700, 830.3641144670600600 ) ) ;
#4219 = CARTESIAN_POINT ( 'NONE',  ( -174.2730896984808500, 316.6550082417208500, 239.9999999999999700 ) ) ;
#4220 = VERTEX_POINT ( 'NONE', #1921 ) ;
#4221 = DIRECTION ( 'NONE',  ( -1.000000000000000000, 3.469446951953614200E-017, 0.0000000000000000000 ) ) ;
#4222 = CARTESIAN_POINT ( 'NONE',  ( -769.2824523160433000, -48.75290032090949700, -64.65088406369339700 ) ) ;
#4223 = DIRECTION ( 'NONE',  ( 0.0000000000000000000, 1.000000000000000000, 0.0000000000000000000 ) ) ;
#4224 = ORIENTED_EDGE ( 'NONE', *, *, #1435, .T. ) ;
#4225 = CARTESIAN_POINT ( 'NONE',  ( -531.9501749664385700, -5.650588350028082000, -69.73714230385326100 ) ) ;
#4226 = EDGE_CURVE ( 'NONE', #2596, #6962, #2033, .T. ) ;
#4227 = ORIENTED_EDGE ( 'NONE', *, *, #4310, .T. ) ;
#4228 = VECTOR ( 'NONE', #10, 1000.000000000000000 ) ;
#4229 = CARTESIAN_POINT ( 'NONE',  ( -953.4141936592759500, 24.23659796949224400, -95.93045245886428100 ) ) ;
#4230 = CARTESIAN_POINT ( 'NONE',  ( -453.4158454910860300, 42.20061651864961800, 209.4169311968550700 ) ) ;
#4231 = CARTESIAN_POINT ( 'NONE',  ( -5.573319583618285800E-011, 145.4327230323249600, 144.6856185281506300 ) ) ;
#4232 = ADVANCED_FACE ( 'NONE', ( #5193 ), #445, .T. ) ;
#4233 = CARTESIAN_POINT ( 'NONE',  ( -530.2061565769819300, -7.705684670995867500, 0.0000000000000000000 ) ) ;
#4234 = DIRECTION ( 'NONE',  ( -0.0000000000000000000, -1.000000000000000000, 0.0000000000000000000 ) ) ;
#4235 = CIRCLE ( 'NONE', #4922, 700.0000000000003400 ) ;
#4236 = ORIENTED_EDGE ( 'NONE', *, *, #2302, .F. ) ;
#4237 = CIRCLE ( 'NONE', #6421, 170.0000000000000300 ) ;
#4238 = CARTESIAN_POINT ( 'NONE',  ( -915.9608477609100400, 25.72617030882812700, 105.6512624305233200 ) ) ;
#4239 = CARTESIAN_POINT ( 'NONE',  ( -176.4799462106738900, 288.7144665668739100, 240.0000000000000000 ) ) ;
#4240 = DIRECTION ( 'NONE',  ( -0.0000000000000000000, -0.0000000000000000000, 1.000000000000000000 ) ) ;
#4241 = ORIENTED_EDGE ( 'NONE', *, *, #78, .F. ) ;
#4242 = CARTESIAN_POINT ( 'NONE',  ( -907.0461148893616600, 20.38489365509378000, 106.7420206874657400 ) ) ;
#4243 = CARTESIAN_POINT ( 'NONE',  ( -974.7195593237248700, -41.14360454799182100, 312.7510206763798200 ) ) ;
#4244 = EDGE_CURVE ( 'NONE', #3712, #6689, #302, .T. ) ;
#4245 = EDGE_CURVE ( 'NONE', #4050, #7658, #4152, .T. ) ;
#4246 = VECTOR ( 'NONE', #3250, 1000.000000000000000 ) ;
#4247 = EDGE_LOOP ( 'NONE', ( #2906, #4001, #2224, #5715, #4573, #2689 ) ) ;
#4248 = CARTESIAN_POINT ( 'NONE',  ( -668.2451320953587100, -74.05919575381641100, 699.7305973455388500 ) ) ;
#4249 = VERTEX_POINT ( 'NONE', #7501 ) ;
#4250 = CARTESIAN_POINT ( 'NONE',  ( -738.6974510555207900, 139.9583467906727200, -95.31631867009338100 ) ) ;
#4251 = CARTESIAN_POINT ( 'NONE',  ( -693.4122224735933700, -5.231446897239790900, 479.9148654927763000 ) ) ;
#4252 = CARTESIAN_POINT ( 'NONE',  ( -258.7992690864763300, -74.88677294102403400, 898.1723543388963000 ) ) ;
#4253 = CARTESIAN_POINT ( 'NONE',  ( -967.1721959748000500, 3.217639539380632300, -71.92203348402662800 ) ) ;
#4254 = EDGE_CURVE ( 'NONE', #3183, #4883, #1265, .T. ) ;
#4255 = CARTESIAN_POINT ( 'NONE',  ( -979.4838755031083800, -40.41972416319696700, -20.83333333333332900 ) ) ;
#4256 = CARTESIAN_POINT ( 'NONE',  ( -731.7864576315485000, 51.44151787730127300, 120.2923821743054300 ) ) ;
#4257 = CARTESIAN_POINT ( 'NONE',  ( -463.5222005909175200, -80.00000000000001400, -854.6142396099121500 ) ) ;
#4258 = LINE ( 'NONE', #7050, #5489 ) ;
#4259 = PLANE ( 'NONE',  #6972 ) ;
#4260 = CARTESIAN_POINT ( 'NONE',  ( -363.3325037834424100, 141.9740899135819900, 509.3156103644660700 ) ) ;
#4261 = CARTESIAN_POINT ( 'NONE',  ( -334.4625401839086300, 122.2302905045113700, -594.8760977917967200 ) ) ;
#4262 = CARTESIAN_POINT ( 'NONE',  ( -668.2451320953586000, -64.04258652743045800, -828.9903223330475200 ) ) ;
#4263 = CARTESIAN_POINT ( 'NONE',  ( -476.1218229458132200, 22.48589293588766600, 0.0000000000000000000 ) ) ;
#4264 = CARTESIAN_POINT ( 'NONE',  ( -1004.503132905697700, 46.38749604251904700, 49.68666950093310700 ) ) ;
#4265 = FACE_OUTER_BOUND ( 'NONE', #6417, .T. ) ;
#4266 = AXIS2_PLACEMENT_3D ( 'NONE', #2256, #2788, #443 ) ;
#4267 = CARTESIAN_POINT ( 'NONE',  ( -166.0594953287678400, 283.8264324402698500, 240.0000000000000000 ) ) ;
#4268 = CARTESIAN_POINT ( 'NONE',  ( -938.3895007698841900, 6.375814789546293300, 87.02729292219045500 ) ) ;
#4269 = VERTEX_POINT ( 'NONE', #836 ) ;
#4270 = CARTESIAN_POINT ( 'NONE',  ( -855.4007566443984800, 39.18019051149043700, 114.8780418480589700 ) ) ;
#4271 = B_SPLINE_CURVE_WITH_KNOTS ( 'NONE', 3,
 ( #454, #6008, #6067, #5954, #1770, #7814, #1130, #6632, #6578, #4171 ),
 .UNSPECIFIED., .F., .F.,
 ( 4, 2, 2, 2, 4 ),
 ( 0.0000000000000000000, 0.04011081744403362900, 0.06016622616605059300, 0.08022163488806757800, 0.1604432697761358200 ),
 .UNSPECIFIED. ) ;
#4272 = ORIENTED_EDGE ( 'NONE', *, *, #1600, .F. ) ;
#4273 = ADVANCED_FACE ( 'NONE', ( #4439 ), #6335, .F. ) ;
#4274 = ORIENTED_EDGE ( 'NONE', *, *, #742, .T. ) ;
#4275 = CARTESIAN_POINT ( 'NONE',  ( -159.0272843291928700, 321.9592040188130700, 240.0000000000000000 ) ) ;
#4276 = CARTESIAN_POINT ( 'NONE',  ( -971.0375125829706300, -46.70541187800891700, -0.0000000000000000000 ) ) ;
#4277 = CARTESIAN_POINT ( 'NONE',  ( -184.3918324311517600, 20.00000000000000400, -582.8142552123961200 ) ) ;
#4278 = CARTESIAN_POINT ( 'NONE',  ( -935.1358112731621800, -43.41475549787490000, 68.52779630542481500 ) ) ;
#4279 = EDGE_CURVE ( 'NONE', #5509, #4131, #1242, .T. ) ;
#4280 = CARTESIAN_POINT ( 'NONE',  ( -494.5865668284412800, -25.62536088668263900, 829.6142396099122600 ) ) ;
#4281 = CARTESIAN_POINT ( 'NONE',  ( -616.9319087001731500, 22.69240075583843800, -451.2367140275673000 ) ) ;
#4282 = AXIS2_PLACEMENT_3D ( 'NONE', #7346, #7369, #5527 ) ;
#4283 = DIRECTION ( 'NONE',  ( 3.389407260298388800E-017, 1.000000000000000000, 0.0000000000000000000 ) ) ;
#4284 = CARTESIAN_POINT ( 'NONE',  ( -770.0781440828610600, -51.00000000000041200, -54.73844108900409100 ) ) ;
#4285 = CARTESIAN_POINT ( 'NONE',  ( -668.2451320953588300, -47.48381207070707400, 824.1927566563970200 ) ) ;
#4286 = DIRECTION ( 'NONE',  ( -1.000000000000000000, 0.0000000000000000000, 3.088707198718619700E-016 ) ) ;
#4287 = CARTESIAN_POINT ( 'NONE',  ( -258.7992690864762700, -44.71236255487527700, -881.8664742374645600 ) ) ;
#4288 = CARTESIAN_POINT ( 'NONE',  ( -178.8030514601247800, 337.0564484362114400, 114.3493195414875300 ) ) ;
#4289 = CARTESIAN_POINT ( 'NONE',  ( -175.9772889925170600, 288.3762398261892500, 239.9999999999999700 ) ) ;
#4290 = CARTESIAN_POINT ( 'NONE',  ( -5.573406319792084700E-011, 373.7893821233246900, -144.6856185281506600 ) ) ;
#4291 = ORIENTED_EDGE ( 'NONE', *, *, #6437, .T. ) ;
#4292 = ORIENTED_EDGE ( 'NONE', *, *, #1321, .F. ) ;
#4293 = DIRECTION ( 'NONE',  ( -0.9432605712340358400, -0.3320534516538568000, 0.0000000000000000000 ) ) ;
#4294 = CARTESIAN_POINT ( 'NONE',  ( -668.2451320953586000, -46.40839134470837700, 707.1217925553929700 ) ) ;
#4295 = ORIENTED_EDGE ( 'NONE', *, *, #6352, .F. ) ;
#4296 = CARTESIAN_POINT ( 'NONE',  ( -513.2675037780667300, 54.87322084212027600, -373.8383188011163200 ) ) ;
#4297 = DIRECTION ( 'NONE',  ( 0.9993296175109514000, 2.032281036613698200E-016, -0.03661032047682234000 ) ) ;
#4298 = CARTESIAN_POINT ( 'NONE',  ( -939.7859510990701900, -42.64061393188788400, -56.45036894870885600 ) ) ;
#4299 = CARTESIAN_POINT ( 'NONE',  ( -168.3225630098066600, 20.00000000000000400, -549.2914513037540000 ) ) ;
#4300 = CARTESIAN_POINT ( 'NONE',  ( -930.6695487340591600, -44.07735929830071300, 69.73894230326517600 ) ) ;
#4301 = CARTESIAN_POINT ( 'NONE',  ( -5.573319583618285800E-011, 119.9869196084536500, 119.5411502224856300 ) ) ;
#4302 = CARTESIAN_POINT ( 'NONE',  ( -985.1434271395694400, 53.20264057276886400, 61.17308984930221500 ) ) ;
#4303 = CARTESIAN_POINT ( 'NONE',  ( -184.2897508612636600, 335.1249805789769300, 113.9614012750272400 ) ) ;
#4304 = CARTESIAN_POINT ( 'NONE',  ( -668.2451320953587100, -7.665048922251383300, 741.1756833647315300 ) ) ;
#4305 = CARTESIAN_POINT ( 'NONE',  ( -184.6267484020527300, 302.0000000000000600, 138.5313935814176000 ) ) ;
#4306 = CARTESIAN_POINT ( 'NONE',  ( -258.7992690864762700, -80.00000000000001400, 699.9999996933069000 ) ) ;
#4307 = EDGE_LOOP ( 'NONE', ( #4026, #3743, #3258, #3372, #6967 ) ) ;
#4308 = CARTESIAN_POINT ( 'NONE',  ( -861.8390839906603600, 95.78556868610047600, -96.33447868711944300 ) ) ;
#4309 = CARTESIAN_POINT ( 'NONE',  ( -331.0516030550222100, -11.90376220675981500, 827.6542426878909300 ) ) ;
#4310 = EDGE_CURVE ( 'NONE', #7324, #3159, #131, .T. ) ;
#4311 = CARTESIAN_POINT ( 'NONE',  ( -169.8898224210902300, 285.2234977912276600, 240.0000000000000000 ) ) ;
#4312 = CARTESIAN_POINT ( 'NONE',  ( -301.5973310915021600, 20.00000000000000400, 649.9999996933067900 ) ) ;
#4313 = VERTEX_POINT ( 'NONE', #7011 ) ;
#4314 = CARTESIAN_POINT ( 'NONE',  ( -994.3096597503963500, 22.17500614497088000, -80.23718975910217900 ) ) ;
#4315 = CARTESIAN_POINT ( 'NONE',  ( -452.6691106962087500, -18.00574879849909100, -824.6142396099115800 ) ) ;
#4316 = CARTESIAN_POINT ( 'NONE',  ( -669.6908340607190000, 73.43984978339578600, -650.0000000000000000 ) ) ;
#4317 = ORIENTED_EDGE ( 'NONE', *, *, #6699, .F. ) ;
#4318 = DIRECTION ( 'NONE',  ( 0.0000000000000000000, 0.0000000000000000000, 1.000000000000000000 ) ) ;
#4319 = CARTESIAN_POINT ( 'NONE',  ( -936.7785836009957200, -43.09928053430574800, -52.07436084629128500 ) ) ;
#4320 = CARTESIAN_POINT ( 'NONE',  ( -765.4827279918943100, -48.41700976164377600, -61.31918674741638900 ) ) ;
#4321 = CARTESIAN_POINT ( 'NONE',  ( -930.1675271803104600, -44.14907951510723200, 69.74124750178451400 ) ) ;
#4322 = CYLINDRICAL_SURFACE ( 'NONE', #7244, 558.8597215707702600 ) ;
#4323 = ORIENTED_EDGE ( 'NONE', *, *, #5899, .F. ) ;
#4324 = CARTESIAN_POINT ( 'NONE',  ( -1012.560182267114900, 23.18327884320654400, 66.50579078661655800 ) ) ;
#4325 = EDGE_CURVE ( 'NONE', #4572, #5073, #7384, .T. ) ;
#4326 = ADVANCED_FACE ( 'NONE', ( #6626 ), #7570, .F. ) ;
#4327 = VECTOR ( 'NONE', #1198, 1000.000000000000000 ) ;
#4328 = CARTESIAN_POINT ( 'NONE',  ( -170.7732510738480900, 318.4043641204835400, 138.9931768257393400 ) ) ;
#4329 = VERTEX_POINT ( 'NONE', #2767 ) ;
#4330 = LINE ( 'NONE', #5182, #2657 ) ;
#4331 = CARTESIAN_POINT ( 'NONE',  ( -668.2451320953589400, -36.93767005264803800, 701.0452824499871000 ) ) ;
#4332 = CARTESIAN_POINT ( 'NONE',  ( -488.6698759689920200, 3.216029123472907300, -210.1442394422553000 ) ) ;
#4333 = CARTESIAN_POINT ( 'NONE',  ( -899.0733552473093400, 23.77818280591522900, -108.9258376824909800 ) ) ;
#4334 = VERTEX_POINT ( 'NONE', #7069 ) ;
#4335 = CARTESIAN_POINT ( 'NONE',  ( -861.7977864428353300, 95.31459447446081900, -97.86077740991305500 ) ) ;
#4336 = CARTESIAN_POINT ( 'NONE',  ( -320.4789350443484200, -13.55971617056844100, 832.9931009162164600 ) ) ;
#4337 = CARTESIAN_POINT ( 'NONE',  ( -148.0066995254493100, 281.0022279161088400, 240.0000000000000300 ) ) ;
#4338 = CARTESIAN_POINT ( 'NONE',  ( -820.9436691098444500, 111.0054344955209000, 92.64782683238753700 ) ) ;
#4339 = ORIENTED_EDGE ( 'NONE', *, *, #6403, .T. ) ;
#4340 = EDGE_CURVE ( 'NONE', #6792, #1966, #4790, .T. ) ;
#4341 = EDGE_CURVE ( 'NONE', #3025, #5388, #6904, .T. ) ;
#4342 = CARTESIAN_POINT ( 'NONE',  ( -993.4463189658876000, 1.630067938184717000, -80.73639523508855100 ) ) ;
#4343 = CARTESIAN_POINT ( 'NONE',  ( -258.7992690864762200, -15.29635728229683500, 789.2356729719924700 ) ) ;
#4344 = DIRECTION ( 'NONE',  ( 0.9427946626885517200, 0.3318894391366361600, 0.03142648875628400300 ) ) ;
#4345 = CARTESIAN_POINT ( 'NONE',  ( -183.4210192997672100, 307.5992903104640300, 239.9999999999999400 ) ) ;
#4346 = CARTESIAN_POINT ( 'NONE',  ( -932.6340766161322300, -43.79139448689877400, -69.47535610989260100 ) ) ;
#4347 = CARTESIAN_POINT ( 'NONE',  ( -931.6708856413706600, -43.93270296044391200, 69.65566055208104500 ) ) ;
#4348 =( NAMED_UNIT ( * ) PLANE_ANGLE_UNIT ( ) SI_UNIT ( $, .RADIAN. ) );
#4349 = VECTOR ( 'NONE', #3847, 1000.000000000000000 ) ;
#4350 = CARTESIAN_POINT ( 'NONE',  ( -765.2401902142017900, 22.99322746959346000, -59.41736793765744600 ) ) ;
#4351 = CARTESIAN_POINT ( 'NONE',  ( -994.8106324899615600, 49.79952058414814800, 55.60910644273843000 ) ) ;
#4352 = CARTESIAN_POINT ( 'NONE',  ( -168.0505469537805000, 340.8416233328306900, 135.5438316912513700 ) ) ;
#4353 = CARTESIAN_POINT ( 'NONE',  ( -995.4355321738104300, 1.518272884194809900, -55.74267152342742500 ) ) ;
#4354 = CARTESIAN_POINT ( 'NONE',  ( -668.2451320953588300, -14.72492283955689800, 795.1605336578190900 ) ) ;
#4355 = VECTOR ( 'NONE', #574, 1000.000000000000000 ) ;
#4356 = CARTESIAN_POINT ( 'NONE',  ( -146.7944606443235500, 317.8569347971870800, -139.7924698400084900 ) ) ;
#4357 = CARTESIAN_POINT ( 'NONE',  ( -668.2451320953588300, -17.39823573710972200, -799.3800500434892900 ) ) ;
#4358 = CARTESIAN_POINT ( 'NONE',  ( -992.5384999558581300, 50.59937321614887700, 58.96953282385683800 ) ) ;
#4359 = CARTESIAN_POINT ( 'NONE',  ( -165.2941481615686400, 283.5875005157224100, 240.0000000000000000 ) ) ;
#4360 = VECTOR ( 'NONE', #6875, 1000.000000000000000 ) ;
#4361 = ORIENTED_EDGE ( 'NONE', *, *, #3662, .F. ) ;
#4362 = CARTESIAN_POINT ( 'NONE',  ( -218.9386825770060900, 274.9999999999999400, 597.6521587600537900 ) ) ;
#4363 = VERTEX_POINT ( 'NONE', #5799 ) ;
#4364 = ADVANCED_FACE ( 'NONE', ( #1723 ), #2617, .T. ) ;
#4365 = B_SPLINE_CURVE_WITH_KNOTS ( 'NONE', 3,
 ( #3600, #7902, #495, #1698, #7222, #2279, #4780, #1114, #3003, #7800, #4130, #6591, #2896, #1238, #36, #673, #7929, #2409, #1854, #6133 ),
 .UNSPECIFIED., .F., .F.,
 ( 4, 2, 2, 2, 2, 2, 2, 2, 2, 4 ),
 ( 0.0000000000000000000, 0.007005022325729417900, 0.01401004465145883600, 0.02101506697718825300, 0.02802008930291767200, 0.03152260046578251500, 0.03502511162864736800, 0.04203013395437707500, 0.04903515628010678100, 0.05604017860583650200 ),
 .UNSPECIFIED. ) ;
#4366 = CARTESIAN_POINT ( 'NONE',  ( -605.6914360043728000, 12.37727947998290800, 479.9023568143828700 ) ) ;
#4367 = CARTESIAN_POINT ( 'NONE',  ( -932.2152195003189900, -44.47907115522036000, -69.56950639098485600 ) ) ;
#4368 = CARTESIAN_POINT ( 'NONE',  ( -258.7992690864762200, -22.79379144727865700, 838.8441414681634600 ) ) ;
#4369 = CARTESIAN_POINT ( 'NONE',  ( -662.7825096680794600, -76.63005572020340100, -699.9999996933070200 ) ) ;
#4370 = CARTESIAN_POINT ( 'NONE',  ( -453.4158454910860900, 42.20061651864961000, -209.4169311968550700 ) ) ;
#4371 = CARTESIAN_POINT ( 'NONE',  ( -258.7992690864762700, -55.45793525489217000, 889.2517750182036000 ) ) ;
#4372 = DIRECTION ( 'NONE',  ( -1.871222068896619900E-015, 0.0000000000000000000, 1.000000000000000000 ) ) ;
#4373 = EDGE_CURVE ( 'NONE', #6562, #1965, #5374, .T. ) ;
#4374 = CARTESIAN_POINT ( 'NONE',  ( -1000.746607440915500, 26.21800630331342000, 76.20507179178845500 ) ) ;
#4375 =( GEOMETRIC_REPRESENTATION_CONTEXT ( 3 ) GLOBAL_UNCERTAINTY_ASSIGNED_CONTEXT ( ( #2725 ) ) GLOBAL_UNIT_ASSIGNED_CONTEXT ( ( #5495, #3755, #7340 ) ) REPRESENTATION_CONTEXT ( 'NONE', 'WORKASPACE' ) );
#4376 = CARTESIAN_POINT ( 'NONE',  ( -157.8438615996140300, 322.1990988913589700, 139.4241564748249400 ) ) ;
#4377 = ORIENTED_EDGE ( 'NONE', *, *, #3626, .F. ) ;
#4378 = EDGE_LOOP ( 'NONE', ( #145, #5641, #6818, #1337 ) ) ;
#4379 = CARTESIAN_POINT ( 'NONE',  ( -556.7928198234559400, -28.12523666312154100, 824.6142396099121500 ) ) ;
#4380 = CARTESIAN_POINT ( 'NONE',  ( -258.7992690864763300, -5.049410924216759100, 802.8572550863872300 ) ) ;
#4381 = CARTESIAN_POINT ( 'NONE',  ( -19.22982709354719700, 299.0024779361758600, -144.0446242917009600 ) ) ;
#4382 = CARTESIAN_POINT ( 'NONE',  ( -668.2451320953587100, -5.974759577372900300, -770.5836975036252200 ) ) ;
#4383 = ORIENTED_EDGE ( 'NONE', *, *, #7395, .T. ) ;
#4384 = CARTESIAN_POINT ( 'NONE',  ( -547.8046629131712300, 32.17899601933302700, 451.8267385554135600 ) ) ;
#4385 = CARTESIAN_POINT ( 'NONE',  ( -721.0375125829706300, -43.02027741034838500, -20.83333333333332900 ) ) ;
#4386 = CYLINDRICAL_SURFACE ( 'NONE', #4103, 148.3286034136782500 ) ;
#4387 = VERTEX_POINT ( 'NONE', #5276 ) ;
#4388 = CARTESIAN_POINT ( 'NONE',  ( -494.6848649354404900, 50.80317598489592300, 650.0000000000000000 ) ) ;
#4389 = EDGE_CURVE ( 'NONE', #534, #4981, #4975, .T. ) ;
#4390 = CARTESIAN_POINT ( 'NONE',  ( -298.2451320953590500, -43.81068232069073100, -874.6142396099120300 ) ) ;
#4391 = CARTESIAN_POINT ( 'NONE',  ( -258.7992690864762700, -35.17801972195624700, 742.1735940407954800 ) ) ;
#4392 = CARTESIAN_POINT ( 'NONE',  ( -969.8308515967182800, 2.957272304234565200, 68.79590352574993500 ) ) ;
#4393 = CARTESIAN_POINT ( 'NONE',  ( -617.2240088808479200, 12.83734477182185800, -451.2146373188919600 ) ) ;
#4394 = CARTESIAN_POINT ( 'NONE',  ( -938.7345128802503500, -42.84338754478167000, -65.14768980894669400 ) ) ;
#4395 = CARTESIAN_POINT ( 'NONE',  ( -855.4052764537871100, 73.21699231938879400, 114.8776019093388500 ) ) ;
#4396 = CARTESIAN_POINT ( 'NONE',  ( -476.1218229458132200, 22.48589293588768000, 0.0000000000000000000 ) ) ;
#4397 = AXIS2_PLACEMENT_3D ( 'NONE', #5077, #7519, #1390 ) ;
#4398 = ADVANCED_FACE ( 'NONE', ( #2004 ), #4112, .T. ) ;
#4399 = ORIENTED_EDGE ( 'NONE', *, *, #4626, .T. ) ;
#4400 = CARTESIAN_POINT ( 'NONE',  ( -175.6878784248033900, 315.8203051375767200, 138.8293559140474500 ) ) ;
#4401 = DIRECTION ( 'NONE',  ( -1.000000000000000000, -0.0000000000000000000, -0.0000000000000000000 ) ) ;
#4402 = CARTESIAN_POINT ( 'NONE',  ( -1004.167345983600700, 1.027539364971652700, -44.51969783023678700 ) ) ;
#4403 = CARTESIAN_POINT ( 'NONE',  ( -668.2451320953587100, -8.422134144268586200, 780.9866977964337600 ) ) ;
#4404 = CARTESIAN_POINT ( 'NONE',  ( -168.9615670094477200, 314.0372681634145800, -139.0535662945042400 ) ) ;
#4405 = CARTESIAN_POINT ( 'NONE',  ( -258.7992690864763300, -18.98042505461657500, -748.8810785843890000 ) ) ;
#4406 = AXIS2_PLACEMENT_3D ( 'NONE', #6609, #4176, #7947 ) ;
#4407 = ORIENTED_EDGE ( 'NONE', *, *, #3919, .F. ) ;
#4408 = VERTEX_POINT ( 'NONE', #2929 ) ;
#4409 = DIRECTION ( 'NONE',  ( -0.0000000000000000000, -1.000000000000000000, -0.0000000000000000000 ) ) ;
#4410 = CARTESIAN_POINT ( 'NONE',  ( -308.7992690864780900, 275.0000000000000000, 649.9999996933064500 ) ) ;
#4411 = FACE_OUTER_BOUND ( 'NONE', #4884, .T. ) ;
#4412 = EDGE_CURVE ( 'NONE', #4425, #1478, #4190, .T. ) ;
#4413 = ORIENTED_EDGE ( 'NONE', *, *, #1728, .T. ) ;
#4414 = FACE_OUTER_BOUND ( 'NONE', #486, .T. ) ;
#4415 = CARTESIAN_POINT ( 'NONE',  ( -919.6985022082789100, 76.24103937728196500, 81.06458894970015200 ) ) ;
#4416 = CARTESIAN_POINT ( 'NONE',  ( -977.9970575583958000, 400.0000000000000000, 87.52448106196229100 ) ) ;
#4417 = CARTESIAN_POINT ( 'NONE',  ( -258.7992690864762200, -25.15808300241540300, 843.7240898088491600 ) ) ;
#4418 = ORIENTED_EDGE ( 'NONE', *, *, #4504, .F. ) ;
#4419 = CARTESIAN_POINT ( 'NONE',  ( -733.6829613508952000, 121.4735770468852400, 119.6004556858421800 ) ) ;
#4420 = CARTESIAN_POINT ( 'NONE',  ( -667.6551713977462400, -70.67024548193872100, -699.9999996884098400 ) ) ;
#4421 = CARTESIAN_POINT ( 'NONE',  ( -301.1111234255451400, 20.00000000000000000, -659.9999996933066800 ) ) ;
#4422 = CARTESIAN_POINT ( 'NONE',  ( -857.4257995106256700, 79.18810568218305000, 113.8766671569789500 ) ) ;
#4423 = CARTESIAN_POINT ( 'NONE',  ( -16.51613985825477800, 295.5641235119393900, -144.1350805328773100 ) ) ;
#4424 = LINE ( 'NONE', #5181, #4246 ) ;
#4425 = VERTEX_POINT ( 'NONE', #7204 ) ;
#4426 = CARTESIAN_POINT ( 'NONE',  ( -1029.417231811146400, 36.54499051546423500, -10.72770169100905800 ) ) ;
#4427 = CARTESIAN_POINT ( 'NONE',  ( -154.1508744328801000, 345.7346872199970000, 138.9582123830573700 ) ) ;
#4428 = CARTESIAN_POINT ( 'NONE',  ( -413.0707898217586400, 61.93453721306574500, -650.0000000000000000 ) ) ;
#4429 = CARTESIAN_POINT ( 'NONE',  ( -308.7992690864780300, 140.4205989181335200, 650.0000000000000000 ) ) ;
#4430 = CARTESIAN_POINT ( 'NONE',  ( -668.2451320953587100, -70.00000000000004300, 689.9999996933069000 ) ) ;
#4431 = CARTESIAN_POINT ( 'NONE',  ( -118.6694585468875500, 314.5266121726159600, -140.7299699099228900 ) ) ;
#4432 = ORIENTED_EDGE ( 'NONE', *, *, #5029, .F. ) ;
#4433 = CARTESIAN_POINT ( 'NONE',  ( -668.2451320953584900, -26.63873525313348600, -709.3304173430303800 ) ) ;
#4434 = CARTESIAN_POINT ( 'NONE',  ( -536.4089367922349500, -10.00669366827950500, 36.89144407851289000 ) ) ;
#4435 = CARTESIAN_POINT ( 'NONE',  ( -802.8798102885566500, 19.30710741330748400, -93.70294762194396300 ) ) ;
#4436 = LINE ( 'NONE', #2349, #1262 ) ;
#4437 = CARTESIAN_POINT ( 'NONE',  ( -768.8424994385436500, 23.42789570974004900, -64.54452117786583200 ) ) ;
#4438 = CARTESIAN_POINT ( 'NONE',  ( -344.9798420320378200, 113.8747192612501500, -650.0000000000000000 ) ) ;
#4439 = FACE_OUTER_BOUND ( 'NONE', #7345, .T. ) ;
#4440 = CARTESIAN_POINT ( 'NONE',  ( -663.0707898217586900, 63.20167647951359400, 650.0000000000000000 ) ) ;
#4441 = CARTESIAN_POINT ( 'NONE',  ( -668.2451320953587100, -31.11572221187178000, 719.0342243710908900 ) ) ;
#4442 = ORIENTED_EDGE ( 'NONE', *, *, #2427, .F. ) ;
#4443 = CARTESIAN_POINT ( 'NONE',  ( -916.1761530242782800, 52.78097960269511900, -105.6062142766411800 ) ) ;
#4444 = ADVANCED_FACE ( 'NONE', ( #5278, #2868, #6153 ), #3555, .T. ) ;
#4445 = DIRECTION ( 'NONE',  ( 3.265361837132812600E-016, -0.0000000000000000000, 1.000000000000000000 ) ) ;
#4446 = CARTESIAN_POINT ( 'NONE',  ( -352.0658689731510500, 113.6354625074090000, 594.0041901475590300 ) ) ;
#4447 = VECTOR ( 'NONE', #6310, 1000.000000000000000 ) ;
#4448 = EDGE_LOOP ( 'NONE', ( #6995, #7912, #1111, #1276 ) ) ;
#4449 = CARTESIAN_POINT ( 'NONE',  ( -1028.499186825993100, 37.37719071945183900, 2.396095676514943500 ) ) ;
#4450 = CARTESIAN_POINT ( 'NONE',  ( -693.4122224735933700, -5.231446897239790900, -479.9148654927763000 ) ) ;
#4451 = CARTESIAN_POINT ( 'NONE',  ( -232.4039214512361600, 274.9999999999999400, -610.6949503126740000 ) ) ;
#4452 = CARTESIAN_POINT ( 'NONE',  ( -128.0449755521229900, 315.7411638384346000, -140.4174526764149700 ) ) ;
#4453 = EDGE_CURVE ( 'NONE', #7840, #6040, #3444, .T. ) ;
#4454 = CARTESIAN_POINT ( 'NONE',  ( -668.2451320953584900, -5.350516936150181200, -765.2225740782655500 ) ) ;
#4455 = AXIS2_PLACEMENT_3D ( 'NONE', #5030, #7499, #5608 ) ;
#4456 = VECTOR ( 'NONE', #3132, 1000.000000000000000 ) ;
#4457 = CARTESIAN_POINT ( 'NONE',  ( -536.3057127037916400, 410.8086603323639000, -650.0000000000000000 ) ) ;
#4458 = CARTESIAN_POINT ( 'NONE',  ( -765.3333707031373500, 23.42789570974004900, -60.94816340151915300 ) ) ;
#4459 = CARTESIAN_POINT ( 'NONE',  ( -16.50964688538181200, 303.2782411067042900, 240.0000000000000300 ) ) ;
#4460 = CARTESIAN_POINT ( 'NONE',  ( -258.7992690864762700, -45.31545423770092600, 869.8018365412676800 ) ) ;
#4461 = CARTESIAN_POINT ( 'NONE',  ( -739.4465614466386100, 139.4831827924648500, 98.55513196174605600 ) ) ;
#4462 = CARTESIAN_POINT ( 'NONE',  ( -235.2216202970063300, 20.00000000000000400, -640.6939205649996400 ) ) ;
#4463 = CARTESIAN_POINT ( 'NONE',  ( -765.7246816461570200, -48.43639736091856200, 57.56278904147769300 ) ) ;
#4464 = CARTESIAN_POINT ( 'NONE',  ( -24.27771448673379200, 293.4641455603057200, -143.8763613785945900 ) ) ;
#4465 = EDGE_CURVE ( 'NONE', #5502, #4005, #6426, .T. ) ;
#4466 = ORIENTED_EDGE ( 'NONE', *, *, #7904, .T. ) ;
#4467 = LINE ( 'NONE', #4512, #5804 ) ;
#4468 = ORIENTED_EDGE ( 'NONE', *, *, #2135, .T. ) ;
#4469 = CARTESIAN_POINT ( 'NONE',  ( -766.8669168775477400, 22.83391901302544000, -63.45183430889370200 ) ) ;
#4470 = PLANE ( 'NONE',  #2232 ) ;
#4471 = CARTESIAN_POINT ( 'NONE',  ( -920.2160873081956000, 70.13493993235475400, -96.70323747192968300 ) ) ;
#4472 = CARTESIAN_POINT ( 'NONE',  ( -1021.074700142277700, 20.99602887136783000, 56.80099378340646900 ) ) ;
#4473 = CARTESIAN_POINT ( 'NONE',  ( -767.9223319890176100, 22.73056019052903000, 64.18300531351000900 ) ) ;
#4474 = CARTESIAN_POINT ( 'NONE',  ( -279.3714093152534600, 19.99999999999999300, -647.2453274092965800 ) ) ;
#4475 = CARTESIAN_POINT ( 'NONE',  ( -303.4315103574834300, -39.61431526816363700, -870.3808335930414200 ) ) ;
#4476 = CARTESIAN_POINT ( 'NONE',  ( -932.6399577996941200, 6.599447737079009000, -69.47398665261272300 ) ) ;
#4477 = CARTESIAN_POINT ( 'NONE',  ( -258.7992690864762700, -107.9167110779793600, 800.6157371971660300 ) ) ;
#4478 = EDGE_CURVE ( 'NONE', #6543, #1341, #4762, .T. ) ;
#4479 = EDGE_CURVE ( 'NONE', #360, #5730, #1311, .T. ) ;
#4480 = CARTESIAN_POINT ( 'NONE',  ( -768.7753434174060200, -49.25061185733253700, -54.95006978908394800 ) ) ;
#4481 = CARTESIAN_POINT ( 'NONE',  ( -156.5514194903700500, 281.6186007786154700, 239.9999999999999700 ) ) ;
#4482 = VERTEX_POINT ( 'NONE', #3608 ) ;
#4483 = CARTESIAN_POINT ( 'NONE',  ( -516.1611622597005200, 10.16888668989803100, -210.4185866888561500 ) ) ;
#4484 = CARTESIAN_POINT ( 'NONE',  ( -985.4049532420384600, 2.081997833898376000, -84.75549611693981000 ) ) ;
#4485 = CARTESIAN_POINT ( 'NONE',  ( -739.3599121847900100, 139.0494780956560700, 100.9671971955141300 ) ) ;
#4486 = DIRECTION ( 'NONE',  ( 0.0000000000000000000, 1.000000000000000000, -0.0000000000000000000 ) ) ;
#4487 = CARTESIAN_POINT ( 'NONE',  ( -765.2643303741659800, -48.39644291560253500, 60.37959642993865800 ) ) ;
#4488 = CARTESIAN_POINT ( 'NONE',  ( -452.3121918719482400, 65.16824894476499700, 373.9673483437173300 ) ) ;
#4489 = AXIS2_PLACEMENT_3D ( 'NONE', #2964, #6122, #6068 ) ;
#4490 = ORIENTED_EDGE ( 'NONE', *, *, #1859, .T. ) ;
#4491 = CARTESIAN_POINT ( 'NONE',  ( -168.3225630098066600, 20.00000000000000400, 549.2914513037540000 ) ) ;
#4492 = CARTESIAN_POINT ( 'NONE',  ( -969.8026632333713900, 2.960032844624777200, 69.05960461268694000 ) ) ;
#4493 = VERTEX_POINT ( 'NONE', #4904 ) ;
#4494 = EDGE_LOOP ( 'NONE', ( #2508, #4036, #5629, #4407, #276, #2928 ) ) ;
#4495 = CARTESIAN_POINT ( 'NONE',  ( -258.7992690864762700, -80.00000000000001400, 711.6172347844200200 ) ) ;
#4496 = CARTESIAN_POINT ( 'NONE',  ( -765.4835238744070700, 22.96939733837852400, 61.32119179345870200 ) ) ;
#4497 = CARTESIAN_POINT ( 'NONE',  ( -307.9264342520235700, -25.34571386633610900, -854.5776070281824600 ) ) ;
#4498 = CARTESIAN_POINT ( 'NONE',  ( -1006.539927943613000, 0.8941987417924398600, -41.28263253712534500 ) ) ;
#4499 = ORIENTED_EDGE ( 'NONE', *, *, #1707, .F. ) ;
#4500 = LINE ( 'NONE', #7062, #665 ) ;
#4501 = CARTESIAN_POINT ( 'NONE',  ( -935.9950187258698400, 7.164169369840226200, 51.45886072827526900 ) ) ;
#4502 = ORIENTED_EDGE ( 'NONE', *, *, #369, .F. ) ;
#4503 = CARTESIAN_POINT ( 'NONE',  ( -151.3351301510777500, 281.0775835708486200, 240.0000000000000000 ) ) ;
#4504 = EDGE_CURVE ( 'NONE', #908, #7344, #6825, .T. ) ;
#4505 = CARTESIAN_POINT ( 'NONE',  ( -402.1278491810006700, 89.06279344930800300, -509.9275718732693000 ) ) ;
#4506 = CARTESIAN_POINT ( 'NONE',  ( -345.0319055377163400, 151.8746835953304500, 650.0000000000000000 ) ) ;
#4507 = CARTESIAN_POINT ( 'NONE',  ( -739.4335370044988200, 139.6992244574321400, 95.30066013804217600 ) ) ;
#4508 = CARTESIAN_POINT ( 'NONE',  ( -728.6926730405390300, 26.57240118146400900, -95.30070621040994200 ) ) ;
#4509 = DIRECTION ( 'NONE',  ( -3.389407260298388800E-017, -1.000000000000000000, 0.0000000000000000000 ) ) ;
#4510 = DIRECTION ( 'NONE',  ( -1.000000000000000000, 0.0000000000000000000, 3.088707198718619700E-016 ) ) ;
#4511 = VECTOR ( 'NONE', #6788, 1000.000000000000000 ) ;
#4512 = CARTESIAN_POINT ( 'NONE',  ( 3.914545949255123300, 375.1674090797846500, 144.8161033931276300 ) ) ;
#4513 = CARTESIAN_POINT ( 'NONE',  ( -918.5437199091376200, 60.97314538799305700, -103.5507658880126600 ) ) ;
#4514 = CARTESIAN_POINT ( 'NONE',  ( -930.0000000000558200, 6.857983858691626200, -69.73844108900407000 ) ) ;
#4515 = CARTESIAN_POINT ( 'NONE',  ( -768.8176989229303900, 22.64287519247875800, 64.54435747821484900 ) ) ;
#4516 = CARTESIAN_POINT ( 'NONE',  ( -249.8029739625468700, 20.00000000000000000, -637.9913977444305100 ) ) ;
#4517 = CIRCLE ( 'NONE', #497, 60.00000000000238700 ) ;
#4518 = CARTESIAN_POINT ( 'NONE',  ( -325.8505142077189600, -15.10064113507216600, -835.5476844173526800 ) ) ;
#4519 = CARTESIAN_POINT ( 'NONE',  ( -939.9847949748106000, 5.880153770565240000, -57.09363249813721800 ) ) ;
#4520 = CARTESIAN_POINT ( 'NONE',  ( -1030.864661659333300, 33.23443135182603200, -25.58127588511022000 ) ) ;
#4521 = CARTESIAN_POINT ( 'NONE',  ( -668.2451320953587100, -48.20907918761572800, -706.1805064514464900 ) ) ;
#4522 = CIRCLE ( 'NONE', #910, 44.99999999999992900 ) ;
#4523 = CARTESIAN_POINT ( 'NONE',  ( -769.6491714209065500, 23.42789570974004900, -64.70788681387864500 ) ) ;
#4524 = CARTESIAN_POINT ( 'NONE',  ( -934.8369022611140100, -44.47907115696418900, 50.79682314338396800 ) ) ;
#4525 = CARTESIAN_POINT ( 'NONE',  ( -150.7467945407760200, 281.0492128276432600, 240.0000000000000000 ) ) ;
#4526 = CARTESIAN_POINT ( 'NONE',  ( -17.29733704334396500, 303.5737030821371700, 239.9999999999998900 ) ) ;
#4527 = ADVANCED_FACE ( 'NONE', ( #2653 ), #6168, .T. ) ;
#4528 = CARTESIAN_POINT ( 'NONE',  ( -668.2451320953587100, -80.00000000000001400, 819.6142396099120300 ) ) ;
#4529 = FACE_BOUND ( 'NONE', #1523, .T. ) ;
#4530 = EDGE_LOOP ( 'NONE', ( #7419, #6392, #602, #4442 ) ) ;
#4531 = CARTESIAN_POINT ( 'NONE',  ( -916.1761530242783900, 400.0000000000000000, 105.6062142766424000 ) ) ;
#4532 = CARTESIAN_POINT ( 'NONE',  ( -765.3907771952006000, -48.40841677983888000, 61.01380871239848600 ) ) ;
#4533 = DIRECTION ( 'NONE',  ( 0.9993296175109514000, 2.032281036613698200E-016, -0.03661032047682234000 ) ) ;
#4534 = CARTESIAN_POINT ( 'NONE',  ( -1015.791979680859200, 0.3742275184065575500, 17.06200298702590200 ) ) ;
#4535 = CARTESIAN_POINT ( 'NONE',  ( -1028.579827766932600, 37.31364539224779300, 3.648605938880314700 ) ) ;
#4536 = CARTESIAN_POINT ( 'NONE',  ( -147.6263905758506500, 322.9930650008984700, 240.0000000000000300 ) ) ;
#4537 = AXIS2_PLACEMENT_3D ( 'NONE', #297, #2757, #5210 ) ;
#4538 = CARTESIAN_POINT ( 'NONE',  ( -258.7992690864762700, -70.00000000000000000, -689.9999996933069000 ) ) ;
#4539 = CARTESIAN_POINT ( 'NONE',  ( -916.7134592188858700, 54.53435019948024400, -105.4749109226796300 ) ) ;
#4540 = CARTESIAN_POINT ( 'NONE',  ( -1017.834159105623100, 0.2594557289545788000, 60.90933384412288400 ) ) ;
#4541 = CARTESIAN_POINT ( 'NONE',  ( -765.4839969725434200, 22.96935100697231000, 58.15591772540545900 ) ) ;
#4542 = CARTESIAN_POINT ( 'NONE',  ( -306.2428185882953400, -28.21064626098440400, -858.4054069833955500 ) ) ;
#4543 = CARTESIAN_POINT ( 'NONE',  ( -258.7992690864762700, -55.75286716850502000, -711.8722567019225400 ) ) ;
#4544 = CARTESIAN_POINT ( 'NONE',  ( -1013.365298382883600, 0.5106085589703939200, -27.07021943511348600 ) ) ;
#4545 = CARTESIAN_POINT ( 'NONE',  ( -258.7992690864762700, -61.76273021796379200, -719.4426700484501700 ) ) ;
#4546 = ORIENTED_EDGE ( 'NONE', *, *, #6036, .T. ) ;
#4547 = ORIENTED_EDGE ( 'NONE', *, *, #1989, .F. ) ;
#4548 = CARTESIAN_POINT ( 'NONE',  ( -1012.560182267088200, 23.18327884320697100, -66.50579078664444000 ) ) ;
#4549 = ORIENTED_EDGE ( 'NONE', *, *, #6994, .T. ) ;
#4550 = CARTESIAN_POINT ( 'NONE',  ( -930.0950741767320600, -44.47907115696418900, 49.73625108645214300 ) ) ;
#4551 = CARTESIAN_POINT ( 'NONE',  ( -115.3785462197504900, 284.7585969879240200, 239.9999999999999700 ) ) ;
#4552 = CARTESIAN_POINT ( 'NONE',  ( -80.92340575038251400, 314.5946432504330200, 239.9999999999998900 ) ) ;
#4553 = CYLINDRICAL_SURFACE ( 'NONE', #3238, 2772.425355089402300 ) ;
#4554 = CARTESIAN_POINT ( 'NONE',  ( -258.7992690864762700, -70.00000000000000000, -702.4999996933070200 ) ) ;
#4555 = CARTESIAN_POINT ( 'NONE',  ( -344.9798420320378200, 113.8747192612501500, 650.0000000000000000 ) ) ;
#4556 = CARTESIAN_POINT ( 'NONE',  ( -729.4669697124152200, 26.49656213993586100, -120.3422389604269800 ) ) ;
#4557 = ORIENTED_EDGE ( 'NONE', *, *, #3787, .T. ) ;
#4558 = CARTESIAN_POINT ( 'NONE',  ( -978.2096096027626100, 55.64353348873439800, 63.86921591008120900 ) ) ;
#4559 = CARTESIAN_POINT ( 'NONE',  ( -184.6267484020549100, 283.4185262867598600, -239.9999999999998900 ) ) ;
#4560 = CARTESIAN_POINT ( 'NONE',  ( -1029.345990449706100, 36.62101568537924800, -10.21502374555108600 ) ) ;
#4561 = CARTESIAN_POINT ( 'NONE',  ( -139.1707928955426000, 322.3193253052686500, 239.9999999999999700 ) ) ;
#4562 = CARTESIAN_POINT ( 'NONE',  ( -193.5115191441337900, 275.0000000000000000, 573.0979541802323600 ) ) ;
#4563 = CARTESIAN_POINT ( 'NONE',  ( -1025.528095748797800, 24.49074053889315600, 49.74942052518749600 ) ) ;
#4564 = DIRECTION ( 'NONE',  ( 0.0000000000000000000, 0.0000000000000000000, 1.000000000000000000 ) ) ;
#4565 = CARTESIAN_POINT ( 'NONE',  ( -258.7992690864762700, -70.00000000000000000, -699.9999996933069000 ) ) ;
#4566 = CARTESIAN_POINT ( 'NONE',  ( -767.6439532875874600, 22.75782234972605500, 64.02721296321755100 ) ) ;
#4567 = CARTESIAN_POINT ( 'NONE',  ( -184.6267484020528700, 296.8509855691290200, -138.5313935814173500 ) ) ;
#4568 = ADVANCED_FACE ( 'NONE', ( #662 ), #6325, .F. ) ;
#4569 = CARTESIAN_POINT ( 'NONE',  ( -935.1465797579761600, 6.353969449686724500, 68.52193037942205900 ) ) ;
#4570 = CARTESIAN_POINT ( 'NONE',  ( -1011.864133918964500, 0.5949749616856951900, -31.11047895853394600 ) ) ;
#4571 = CARTESIAN_POINT ( 'NONE',  ( -258.7992690864763300, -76.46171649414299100, -712.7271100707131400 ) ) ;
#4572 = VERTEX_POINT ( 'NONE', #7307 ) ;
#4573 = ORIENTED_EDGE ( 'NONE', *, *, #7135, .F. ) ;
#4574 = ORIENTED_EDGE ( 'NONE', *, *, #2793, .F. ) ;
#4575 = CARTESIAN_POINT ( 'NONE',  ( -731.2445835884602700, 45.79011218111548900, 119.6646304337033400 ) ) ;
#4576 = CARTESIAN_POINT ( 'NONE',  ( -930.0950741767320600, 7.164169369840226200, 49.73625108645214300 ) ) ;
#4577 = CARTESIAN_POINT ( 'NONE',  ( -138.0925930946493500, 281.8152499344000100, 240.0000000000000000 ) ) ;
#4578 = FACE_OUTER_BOUND ( 'NONE', #122, .T. ) ;
#4579 = CARTESIAN_POINT ( 'NONE',  ( -113.5861459944480200, 319.0060677208249400, 239.9999999999999400 ) ) ;
#4580 = CARTESIAN_POINT ( 'NONE',  ( -765.1992559046037700, 23.42730997547047500, 59.73750214031375800 ) ) ;
#4581 = CARTESIAN_POINT ( 'NONE',  ( -168.3225630098066900, 20.00000000000000400, -559.2914513037541200 ) ) ;
#4582 = CARTESIAN_POINT ( 'NONE',  ( -513.4672159472800100, 45.54542476513820000, 373.8168780586473800 ) ) ;
#4583 = CARTESIAN_POINT ( 'NONE',  ( -731.8151122645202800, 51.43873704579164800, -120.2917647316887700 ) ) ;
#4584 = CARTESIAN_POINT ( 'NONE',  ( -731.8160522515228200, 51.44833815626905200, 120.2917445594590500 ) ) ;
#4585 = CARTESIAN_POINT ( 'NONE',  ( -768.8185040504603200, 22.64279634479827100, -54.93308522881369500 ) ) ;
#4586 = CARTESIAN_POINT ( 'NONE',  ( -1029.343024092051800, 36.62404303363247500, 10.19407262523920100 ) ) ;
#4587 = CARTESIAN_POINT ( 'NONE',  ( -155.6959001874351700, 322.5030829827167100, 239.9999999999999100 ) ) ;
#4588 = ORIENTED_EDGE ( 'NONE', *, *, #6352, .T. ) ;
#4589 = CIRCLE ( 'NONE', #3577, 69.99999999999995700 ) ;
#4590 = EDGE_CURVE ( 'NONE', #6928, #4159, #87, .T. ) ;
#4591 = CARTESIAN_POINT ( 'NONE',  ( -301.5973310915021000, 20.00000000000000000, 659.9999996933069000 ) ) ;
#4592 = ORIENTED_EDGE ( 'NONE', *, *, #4738, .F. ) ;
#4593 = CARTESIAN_POINT ( 'NONE',  ( -668.2451320953587100, -70.00000000000000000, 659.9999996933069000 ) ) ;
#4594 = CARTESIAN_POINT ( 'NONE',  ( -617.2240088808479200, 12.83734477182185800, 451.2146373188919600 ) ) ;
#4595 = CARTESIAN_POINT ( 'NONE',  ( -997.3229168504067300, 1.412200658717065900, 78.43106737193478800 ) ) ;
#4596 = CARTESIAN_POINT ( 'NONE',  ( -721.5093510031268800, -27.39914864066235400, 0.0000000000000000000 ) ) ;
#4597 = CARTESIAN_POINT ( 'NONE',  ( -308.7992690864780300, 20.00000000000000400, -659.9999996933067900 ) ) ;
#4598 = CARTESIAN_POINT ( 'NONE',  ( -300.2257706435823400, -29.37413006676116800, -860.6623283781403900 ) ) ;
#4599 = LINE ( 'NONE', #1750, #5268 ) ;
#4600 = CARTESIAN_POINT ( 'NONE',  ( -931.3404293445961500, 6.726713046680651500, -49.78132641403749400 ) ) ;
#4601 = CARTESIAN_POINT ( 'NONE',  ( -1012.808028083103700, 0.5419275061360803200, -28.69622841146597700 ) ) ;
#4602 = CARTESIAN_POINT ( 'NONE',  ( -668.2451320953587100, -28.14137307134268400, -722.5059062165192900 ) ) ;
#4603 = ORIENTED_EDGE ( 'NONE', *, *, #2388, .T. ) ;
#4604 = B_SPLINE_CURVE_WITH_KNOTS ( 'NONE', 3,
 ( #5569, #6221, #7468, #2497, #4393, #3138, #3774 ),
 .UNSPECIFIED., .F., .F.,
 ( 4, 1, 1, 1, 4 ),
 ( 0.0000000000000000000, 0.1490010684283051300, 0.3542303876842902700, 0.5841602856976757500, 1.000000000000000000 ),
 .UNSPECIFIED. ) ;
#4605 = ORIENTED_EDGE ( 'NONE', *, *, #6137, .F. ) ;
#4606 = CARTESIAN_POINT ( 'NONE',  ( -345.2162486971475300, 117.3747192612501500, 650.0000000000000000 ) ) ;
#4607 = DIRECTION ( 'NONE',  ( 0.0000000000000000000, 0.0000000000000000000, -1.000000000000000000 ) ) ;
#4608 = CARTESIAN_POINT ( 'NONE',  ( -937.3144158156588900, 7.164169369840226200, 52.49660499083597600 ) ) ;
#4609 =( BOUNDED_CURVE ( )  B_SPLINE_CURVE ( 3, ( #4392, #6778, #1960, #69 ),
 .UNSPECIFIED., .F., .F. ) 
 B_SPLINE_CURVE_WITH_KNOTS ( ( 4, 4 ),
 ( 5.041000734070402200, 5.041869326281681800 ),
 .UNSPECIFIED. ) 
 CURVE ( )  GEOMETRIC_REPRESENTATION_ITEM ( )  RATIONAL_B_SPLINE_CURVE ( ( 1.000000000000000000, 0.9999999371289650700, 0.9999999371289650700, 1.000000000000000000 ) ) 
 REPRESENTATION_ITEM ( '' )  );
#4610 = CARTESIAN_POINT ( 'NONE',  ( -124.3662109412434800, 283.5862564793780500, 239.9999999999999700 ) ) ;
#4611 = EDGE_CURVE ( 'NONE', #7711, #5942, #1824, .T. ) ;
#4612 = CARTESIAN_POINT ( 'NONE',  ( -41.76979300892520500, 308.6706069087520100, 239.9999999999999400 ) ) ;
#4613 = FACE_OUTER_BOUND ( 'NONE', #3014, .T. ) ;
#4614 = CARTESIAN_POINT ( 'NONE',  ( -966.0375125829712000, -38.04515784016415800, -0.0000000000000000000 ) ) ;
#4615 = CARTESIAN_POINT ( 'NONE',  ( -767.7871077613997400, 23.42730997547047500, 55.36989855253367700 ) ) ;
#4616 =( LENGTH_UNIT ( ) NAMED_UNIT ( * ) SI_UNIT ( .MILLI., .METRE. ) );
#4617 = CARTESIAN_POINT ( 'NONE',  ( -914.4850086205440200, 24.83539046244129600, -105.9576925624409700 ) ) ;
#4618 = CARTESIAN_POINT ( 'NONE',  ( -1016.772403802560900, 0.3191270558847212900, 8.548716304690717700 ) ) ;
#4619 = CARTESIAN_POINT ( 'NONE',  ( -1017.022571290108400, 0.3050674831277283600, -0.4229673796095212400 ) ) ;
#4620 = CARTESIAN_POINT ( 'NONE',  ( -139.2559190152262500, 322.3297409117702700, 240.0000000000000000 ) ) ;
#4621 = VECTOR ( 'NONE', #7458, 1000.000000000000000 ) ;
#4622 = CARTESIAN_POINT ( 'NONE',  ( -180.3790615486549300, 20.00000000000000000, 586.2771510925291500 ) ) ;
#4623 = CARTESIAN_POINT ( 'NONE',  ( -304.2931236688289700, -70.31111154190522000, 699.9999996933070200 ) ) ;
#4624 = ORIENTED_EDGE ( 'NONE', *, *, #2247, .T. ) ;
#4625 = CARTESIAN_POINT ( 'NONE',  ( -723.6193010487614900, -38.68068962038899600, 36.91515317970815600 ) ) ;
#4626 = EDGE_CURVE ( 'NONE', #1580, #1152, #5739, .T. ) ;
#4627 = CARTESIAN_POINT ( 'NONE',  ( -161.7269741471207900, 321.4044360925271300, 139.2947193899154300 ) ) ;
#4628 = CARTESIAN_POINT ( 'NONE',  ( -635.2182686816095200, 17.86686176080491300, -451.2293551246756400 ) ) ;
#4629 = CARTESIAN_POINT ( 'NONE',  ( -723.6193010487614900, -38.68068962038899600, -36.91515317970815600 ) ) ;
#4630 = CARTESIAN_POINT ( 'NONE',  ( -330.1815661053389600, -11.98871903994641200, -827.9820944200670300 ) ) ;
#4631 = EDGE_CURVE ( 'NONE', #4313, #6266, #1884, .T. ) ;
#4632 = CARTESIAN_POINT ( 'NONE',  ( -938.9223391943179400, 5.984202099258676600, 54.63312842503414400 ) ) ;
#4633 = CARTESIAN_POINT ( 'NONE',  ( -1030.736424814797600, 34.08496736234455700, -22.38805023055485300 ) ) ;
#4634 = ORIENTED_EDGE ( 'NONE', *, *, #1745, .F. ) ;
#4635 = CARTESIAN_POINT ( 'NONE',  ( -668.2451320953588300, -67.60367729139834100, -819.4131409420060700 ) ) ;
#4636 = CARTESIAN_POINT ( 'NONE',  ( -729.6119162388349700, 31.66158438545877000, 110.5878984203646700 ) ) ;
#4637 = CARTESIAN_POINT ( 'NONE',  ( -995.1635593470149400, 22.13739259372692200, -81.65449278019848100 ) ) ;
#4638 = CARTESIAN_POINT ( 'NONE',  ( -418.8108414987674500, 78.87170263032058400, 650.0000000000000000 ) ) ;
#4639 = CARTESIAN_POINT ( 'NONE',  ( -140.9751964102819100, 281.4689614035816000, 240.0000000000000000 ) ) ;
#4640 = B_SPLINE_CURVE_WITH_KNOTS ( 'NONE', 2,
 ( #5965, #2309, #5909 ),
 .UNSPECIFIED., .F., .F.,
 ( 3, 3 ),
 ( 0.5837236734333246500, 1.000000000000000000 ),
 .UNSPECIFIED. ) ;
#4641 = CARTESIAN_POINT ( 'NONE',  ( -99.25497974088280300, 317.1014143134593700, 239.9999999999999700 ) ) ;
#4642 = CARTESIAN_POINT ( 'NONE',  ( -522.8754905669212600, 8.928908580527334500, 210.4483556475559600 ) ) ;
#4643 = CARTESIAN_POINT ( 'NONE',  ( -932.9810576344058300, 7.164169369840226200, 69.39802070663799300 ) ) ;
#4644 = CARTESIAN_POINT ( 'NONE',  ( -796.7547584766827000, -50.66012725522090700, 53.90438944520338500 ) ) ;
#4645 = CARTESIAN_POINT ( 'NONE',  ( -1012.809502501466100, 43.46342736086184300, -37.02459158161065700 ) ) ;
#4646 = CARTESIAN_POINT ( 'NONE',  ( -1026.062289031803400, 24.96993600815507000, 48.69343506044733500 ) ) ;
#4647 = CARTESIAN_POINT ( 'NONE',  ( -142.8852561172551000, 322.7252964863313300, 239.9999999999999400 ) ) ;
#4648 = ORIENTED_EDGE ( 'NONE', *, *, #5292, .F. ) ;
#4649 =( GEOMETRIC_REPRESENTATION_CONTEXT ( 3 ) GLOBAL_UNCERTAINTY_ASSIGNED_CONTEXT ( ( #7608 ) ) GLOBAL_UNIT_ASSIGNED_CONTEXT ( ( #1775, #7321, #568 ) ) REPRESENTATION_CONTEXT ( 'NONE', 'WORKASPACE' ) );
#4650 = DIRECTION ( 'NONE',  ( -0.9427946626885519400, -0.3318894391366362700, -0.03142648875628401700 ) ) ;
#4651 = DIRECTION ( 'NONE',  ( -0.0000000000000000000, -1.000000000000000000, 0.0000000000000000000 ) ) ;
#4652 = CARTESIAN_POINT ( 'NONE',  ( -372.5349880449868500, -70.22633241475041600, -699.9999996933071300 ) ) ;
#4653 = CARTESIAN_POINT ( 'NONE',  ( -188.9899613374995200, 333.4703782774178600, 113.6487793278112100 ) ) ;
#4654 = CARTESIAN_POINT ( 'NONE',  ( -17.41861360943062900, 300.3930328941681900, 144.1049980745048900 ) ) ;
#4655 = CARTESIAN_POINT ( 'NONE',  ( -308.8586785774629100, -18.23205478940466100, -843.7652877733741000 ) ) ;
#4656 = CLOSED_SHELL ( 'NONE', ( #5302, #2711, #6637, #6598, #4568, #3843, #3758, #5464, #3718, #1255, #6516, #7924, #3654, #4326, #1515, #517, #4527, #3897, #4398, #7765, #7637, #7809, #6215, #2317, #7349, #3570, #3306, #1932, #7885, #1039, #7850, #7589, #1001, #6560, #3094, #2915, #474, #871, #690, #4444, #1896, #5559, #6391, #1679, #7027, #50, #5177, #2355, #6179, #4858, #7231, #1801, #5135, #647, #2109, #2394, #6772, #5060, #6351, #4775, #7189, #2234, #2879, #7148, #1469, #4963, #3131, #4189, #2663, #2522, #1085, #5637, #2491, #148, #3607, #7451, #4364, #826, #5903, #6675, #1720, #2071, #4232, #3268, #6987, #5344, #5731, #2276, #4689, #4111, #1638, #6751, #3526, #1763, #5775, #6944, #554, #1121, #1285, #1858, #5988, #3442, #1431, #5421, #4156, #2953, #4273, #3690, #2586, #6028, #1161, #7268, #262, #1231, #4999, #1386, #6075, #5386, #2997, #5602, #221, #4818, #5945, #3946, #7411, #6256, #730, #3485, #391 ) ) ;
#4657 = VECTOR ( 'NONE', #634, 1000.000000000000100 ) ;
#4658 = CARTESIAN_POINT ( 'NONE',  ( -938.1733232208089200, 6.057554667562442300, 65.93555496530281300 ) ) ;
#4659 = CARTESIAN_POINT ( 'NONE',  ( -662.4902053122319800, -75.50927984691266200, 699.9999996933069000 ) ) ;
#4660 = CARTESIAN_POINT ( 'NONE',  ( -258.7992690864762700, -72.83303678598753100, -887.1347158919124900 ) ) ;
#4661 = VERTEX_POINT ( 'NONE', #7028 ) ;
#4662 = EDGE_CURVE ( 'NONE', #6412, #7438, #1521, .T. ) ;
#4663 = CARTESIAN_POINT ( 'NONE',  ( -532.1764711619969100, 0.3009072780147670800, 69.90283081991590600 ) ) ;
#4664 = CARTESIAN_POINT ( 'NONE',  ( -1000.746607440859700, 26.21800630331760500, -76.20507179183036300 ) ) ;
#4665 = CARTESIAN_POINT ( 'NONE',  ( -138.0706723905908600, 281.8180264167595500, 240.0000000000000300 ) ) ;
#4666 = CARTESIAN_POINT ( 'NONE',  ( -69.49379944996454100, 312.9581415515991100, 239.9999999999999100 ) ) ;
#4667 = PLANE ( 'NONE',  #3525 ) ;
#4668 = CARTESIAN_POINT ( 'NONE',  ( -930.0000000000558200, -44.47907115522036000, -49.73844108900407000 ) ) ;
#4669 = CARTESIAN_POINT ( 'NONE',  ( -739.4500735300590600, 139.6828574510940400, -96.11536934161833300 ) ) ;
#4670 = CARTESIAN_POINT ( 'NONE',  ( -729.1386700855623500, 28.41730245509169000, -104.9115714110974700 ) ) ;
#4671 = CARTESIAN_POINT ( 'NONE',  ( -1035.456036745694700, 35.49122954715705400, -19.93266355464974600 ) ) ;
#4672 = EDGE_LOOP ( 'NONE', ( #2469, #5796, #4794, #4241, #744 ) ) ;
#4673 = CARTESIAN_POINT ( 'NONE',  ( -1014.338703942335300, 0.4559025441346611900, 23.81880109469929300 ) ) ;
#4674 = CARTESIAN_POINT ( 'NONE',  ( -305.7796222206064300, -29.22750619321892500, 859.6683002727093000 ) ) ;
#4675 = CARTESIAN_POINT ( 'NONE',  ( -970.4037882827206000, 2.925072896146106300, -68.60026894045648800 ) ) ;
#4676 = CARTESIAN_POINT ( 'NONE',  ( -146.3929634681671800, 322.9656440688174800, 139.8058530792137900 ) ) ;
#4677 = CARTESIAN_POINT ( 'NONE',  ( -27.05541572611715000, 298.0160420888445900, 143.7837713372820200 ) ) ;
#4678 = CARTESIAN_POINT ( 'NONE',  ( -271.8920749270720900, 20.00000000000000000, -655.5436759940056400 ) ) ;
#4679 = CARTESIAN_POINT ( 'NONE',  ( -936.2662823389297300, 6.244314832223103000, -51.67193214786411900 ) ) ;
#4680 = CARTESIAN_POINT ( 'NONE',  ( -668.2451320953588300, -70.38541811419867100, 699.9999996907671400 ) ) ;
#4681 = B_SPLINE_CURVE_WITH_KNOTS ( 'NONE', 3,
 ( #1823, #2350, #6071, #7944, #1132, #7867, #510, #3646, #2376, #1772, #2937, #7844, #5395, #4198, #4798, #7895, #6010, #1714, #6094, #2403, #2326, #4173, #4881, #484, #7239, #5418, #3536, #4770, #591, #6711, #2300, #7920 ),
 .UNSPECIFIED., .F., .F.,
 ( 4, 2, 2, 2, 2, 2, 2, 2, 2, 2, 2, 2, 2, 2, 2, 4 ),
 ( 0.0000000000000000000, 0.004637126336834249800, 0.006955689505251420700, 0.009274252673668591600, 0.01391137901050291300, 0.01622994217892003200, 0.01738922376312855900, 0.01854850534733708600, 0.02318563168417105800, 0.02434491326837954000, 0.02550419485258802500, 0.02782275802100504400, 0.03245988435783911400, 0.03477844752625610500, 0.03593772911046462500, 0.03709701069467314500 ),
 .UNSPECIFIED. ) ;
#4682 = ORIENTED_EDGE ( 'NONE', *, *, #1436, .F. ) ;
#4683 = EDGE_LOOP ( 'NONE', ( #3120, #579, #4723, #3400 ) ) ;
#4684 = LINE ( 'NONE', #4531, #1236 ) ;
#4685 = EDGE_LOOP ( 'NONE', ( #6429, #4781, #5593, #3001 ) ) ;
#4686 = CARTESIAN_POINT ( 'NONE',  ( -883.5013115237624100, -49.26417421267674300, 68.28464704035596400 ) ) ;
#4687 = CARTESIAN_POINT ( 'NONE',  ( -728.6207401753297300, -21.08220599310537600, 269.8644133654630100 ) ) ;
#4688 = CARTESIAN_POINT ( 'NONE',  ( -157.1660011963854800, 279.3592731268847700, 137.9225819429061100 ) ) ;
#4689 = ADVANCED_FACE ( 'NONE', ( #7192 ), #6350, .F. ) ;
#4690 = CARTESIAN_POINT ( 'NONE',  ( -107.4073685269938900, 285.8086692831851100, 239.9999999999999400 ) ) ;
#4691 = LINE ( 'NONE', #5257, #269 ) ;
#4692 = CARTESIAN_POINT ( 'NONE',  ( -137.9390945681529700, 322.1652548363841800, 240.0000000000000300 ) ) ;
#4693 = EDGE_LOOP ( 'NONE', ( #6719, #7476, #2308, #7893 ) ) ;
#4694 = CIRCLE ( 'NONE', #7399, 102.8593517254403600 ) ;
#4695 = CARTESIAN_POINT ( 'NONE',  ( -1020.631920869481400, 0.1022197289524932100, -57.37009663405386600 ) ) ;
#4696 = CARTESIAN_POINT ( 'NONE',  ( -969.9082733114157700, 32.06201920788370100, 63.86921591008129400 ) ) ;
#4697 = DIRECTION ( 'NONE',  ( 1.000000000000000000, 0.0000000000000000000, -0.0000000000000000000 ) ) ;
#4698 = CARTESIAN_POINT ( 'NONE',  ( -729.6117968539346100, 31.66068935763134800, -110.5867406318771600 ) ) ;
#4699 = VERTEX_POINT ( 'NONE', #2724 ) ;
#4700 = CARTESIAN_POINT ( 'NONE',  ( -1024.774989108362700, 39.25124967666153700, -45.84671791109644100 ) ) ;
#4701 = CARTESIAN_POINT ( 'NONE',  ( -1034.153762605289100, -0.6577164224481537600, 49.80390200797236100 ) ) ;
#4702 = EDGE_CURVE ( 'NONE', #4661, #4159, #1625, .T. ) ;
#4703 = ORIENTED_EDGE ( 'NONE', *, *, #1745, .T. ) ;
#4704 = CARTESIAN_POINT ( 'NONE',  ( -5.573319583618285200E-011, 136.5157690813217100, 143.0997398351859700 ) ) ;
#4705 = CARTESIAN_POINT ( 'NONE',  ( -167.9508130830612900, 319.5244039743773200, 239.9999999999998900 ) ) ;
#4706 = CARTESIAN_POINT ( 'NONE',  ( -166.7127787744931600, 319.9651482740343900, 139.1285259023361800 ) ) ;
#4707 = CARTESIAN_POINT ( 'NONE',  ( -73.70410841174236800, 290.4241271585494800, 142.2288149144278900 ) ) ;
#4708 = VECTOR ( 'NONE', #5668, 1000.000000000000000 ) ;
#4709 = CARTESIAN_POINT ( 'NONE',  ( -279.3714093152536300, 20.00000000000000000, -657.2453274092968100 ) ) ;
#4710 = DIRECTION ( 'NONE',  ( 0.5223487729064102400, 0.02935633502662152900, 0.8522264752030249700 ) ) ;
#4711 = B_SPLINE_CURVE_WITH_KNOTS ( 'NONE', 3,
 ( #4834, #5749, #198, #7016, #1457, #3267, #3914, #870, #3945, #3245, #819, #220, #4518, #3293, #7605, #6407, #5718, #840, #250, #2680, #2022, #5110, #1514, #173, #1485, #4497, #5134, #4542, #5089, #6302, #2070, #1401, #4475, #2624, #6986, #2603 ),
 .UNSPECIFIED., .F., .F.,
 ( 4, 2, 2, 2, 2, 2, 2, 2, 2, 2, 2, 2, 2, 2, 2, 2, 2, 4 ),
 ( 5.551115123125782700E-017, 0.005019068687238715400, 0.01003813737447737500, 0.01254767171809662400, 0.01505720606171587400, 0.02007627474895426100, 0.02509534343619265400, 0.02760487777981169400, 0.03011441212343073500, 0.04015254949790728100, 0.04266208384152629700, 0.04517161818514530600, 0.05019068687238331700, 0.05520975555962134200, 0.06022882424685935300, 0.07026696162133563800, 0.07528603030857386500, 0.08030509899581210500 ),
 .UNSPECIFIED. ) ;
#4712 = CARTESIAN_POINT ( 'NONE',  ( -667.0764423689428200, -70.96784155998489000, 699.9999996933069000 ) ) ;
#4713 = CARTESIAN_POINT ( 'NONE',  ( -258.7992690864762700, -15.68605927694465100, -814.8140873732008900 ) ) ;
#4714 =( BOUNDED_CURVE ( )  B_SPLINE_CURVE ( 3, ( #4402, #4353, #6932, #1512 ),
 .UNSPECIFIED., .F., .F. ) 
 B_SPLINE_CURVE_WITH_KNOTS ( ( 4, 4 ),
 ( 0.6612005025985547800, 1.241315980897927700 ),
 .UNSPECIFIED. ) 
 CURVE ( )  GEOMETRIC_REPRESENTATION_ITEM ( )  RATIONAL_B_SPLINE_CURVE ( ( 1.000000000000000000, 0.9721515755180509800, 0.9721515755180509800, 1.000000000000000000 ) ) 
 REPRESENTATION_ITEM ( '' )  );
#4715 = FACE_OUTER_BOUND ( 'NONE', #6253, .T. ) ;
#4716 = CARTESIAN_POINT ( 'NONE',  ( -5.573319583618285200E-011, 133.1224548229027400, -141.5414775489616400 ) ) ;
#4717 = CARTESIAN_POINT ( 'NONE',  ( -497.9837345322556500, 56.56828094207282500, 576.1409615043545500 ) ) ;
#4718 = CARTESIAN_POINT ( 'NONE',  ( -598.2451320953588300, -35.13962896551526400, 825.5905309361405700 ) ) ;
#4719 = CARTESIAN_POINT ( 'NONE',  ( -69.51958057148920000, 291.0381177434103400, 239.9999999999999100 ) ) ;
#4720 = EDGE_CURVE ( 'NONE', #7324, #5059, #4899, .T. ) ;
#4721 = CARTESIAN_POINT ( 'NONE',  ( -132.5385844330663200, 321.4702814402874700, 239.9999999999999100 ) ) ;
#4722 = CARTESIAN_POINT ( 'NONE',  ( -731.8160511472706300, 51.43864591205921500, -120.2917445830364000 ) ) ;
#4723 = ORIENTED_EDGE ( 'NONE', *, *, #4720, .F. ) ;
#4724 = CARTESIAN_POINT ( 'NONE',  ( -1024.261971745089300, 23.35497019937926300, -52.25227592812630200 ) ) ;
#4725 = FACE_OUTER_BOUND ( 'NONE', #5479, .T. ) ;
#4726 = PRODUCT_DEFINITION_FORMATION_WITH_SPECIFIED_SOURCE ( 'ANY', '', #7332, .NOT_KNOWN. ) ;
#4727 = CARTESIAN_POINT ( 'NONE',  ( -738.9556303599223400, 137.5433357310144200, -105.5667516108793100 ) ) ;
#4728 = CARTESIAN_POINT ( 'NONE',  ( -348.2451320953587700, 30.00000000000000000, 824.6142396099118100 ) ) ;
#4729 = CARTESIAN_POINT ( 'NONE',  ( -730.1904039243146400, 36.28892051103204600, -115.1587480669609200 ) ) ;
#4730 = CARTESIAN_POINT ( 'NONE',  ( -1028.725447602919100, 37.86058052461051200, -38.83946955091381900 ) ) ;
#4731 = CARTESIAN_POINT ( 'NONE',  ( -1030.157595300172000, 35.55880852245004300, 16.11264110026505800 ) ) ;
#4732 = CARTESIAN_POINT ( 'NONE',  ( -301.5796490014486200, -44.51154805585268500, -874.6142396099120300 ) ) ;
#4733 = VECTOR ( 'NONE', #1650, 1000.000000000000100 ) ;
#4734 = ADVANCED_FACE ( 'NONE', ( #2477 ), #4667, .F. ) ;
#4735 = ORIENTED_EDGE ( 'NONE', *, *, #772, .F. ) ;
#4736 = CARTESIAN_POINT ( 'NONE',  ( -860.9502343962403800, 96.92203220215058900, -90.02740130938413200 ) ) ;
#4737 = CARTESIAN_POINT ( 'NONE',  ( -180.5319822976842400, 311.8600884755529700, 239.9999999999999700 ) ) ;
#4738 = EDGE_CURVE ( 'NONE', #7048, #1903, #704, .T. ) ;
#4739 = CARTESIAN_POINT ( 'NONE',  ( -168.9615670094463600, 284.8137174057155800, 139.0535662945044100 ) ) ;
#4740 = CARTESIAN_POINT ( 'NONE',  ( -960.9723475485961900, 3.824802565591325800, -75.78386405852849400 ) ) ;
#4741 = EDGE_CURVE ( 'NONE', #3676, #3746, #6216, .T. ) ;
#4742 = DIRECTION ( 'NONE',  ( -1.000000000000000000, 0.0000000000000000000, 0.0000000000000000000 ) ) ;
#4743 = DIRECTION ( 'NONE',  ( -0.0000000000000000000, -0.0000000000000000000, -1.000000000000000000 ) ) ;
#4744 = CARTESIAN_POINT ( 'NONE',  ( -258.7992690864762200, -33.60388763643727800, -857.0453404100392200 ) ) ;
#4745 = B_SPLINE_CURVE_WITH_KNOTS ( 'NONE', 2,
 ( #6606, #3566, #7213 ),
 .UNSPECIFIED., .F., .F.,
 ( 3, 3 ),
 ( 0.0000000000000000000, 1.000000000000000000 ),
 .UNSPECIFIED. ) ;
#4746 = CARTESIAN_POINT ( 'NONE',  ( -5.573319583618285200E-011, 135.7122100451658500, -142.8147625230626800 ) ) ;
#4747 = CARTESIAN_POINT ( 'NONE',  ( -668.2451320953587100, -76.66666666666664300, 689.9999996933069000 ) ) ;
#4748 = CARTESIAN_POINT ( 'NONE',  ( -731.8216314142727000, 116.1323393407438300, -120.2915641476767700 ) ) ;
#4749 = CARTESIAN_POINT ( 'NONE',  ( -19.43694921830005400, 299.7767887037370500, 239.9999999999998300 ) ) ;
#4750 = ORIENTED_EDGE ( 'NONE', *, *, #1834, .T. ) ;
#4751 = ORIENTED_EDGE ( 'NONE', *, *, #2572, .F. ) ;
#4752 = DIRECTION ( 'NONE',  ( -0.9947574284195235300, -0.09741849946394735800, -0.03110135955821431700 ) ) ;
#4753 = AXIS2_PLACEMENT_3D ( 'NONE', #5972, #5358, #7147 ) ;
#4754 = CARTESIAN_POINT ( 'NONE',  ( -932.2270064459667100, -44.47907115522036000, -49.91128688935265200 ) ) ;
#4755 = CARTESIAN_POINT ( 'NONE',  ( -184.4934008050203400, 300.0531383952945200, 239.9999999999999400 ) ) ;
#4756 = ORIENTED_EDGE ( 'NONE', *, *, #1794, .T. ) ;
#4757 = CARTESIAN_POINT ( 'NONE',  ( -32.95435467371690700, 307.1315483765966400, 143.5871400390286100 ) ) ;
#4758 = CARTESIAN_POINT ( 'NONE',  ( -525.8142409744307300, -29.33830627411120100, -829.6142396099121500 ) ) ;
#4759 = CARTESIAN_POINT ( 'NONE',  ( -1028.941678423193000, 28.12062677486600400, 41.05541647570483800 ) ) ;
#4760 = CARTESIAN_POINT ( 'NONE',  ( -312.6438009705123600, -20.58101792865859300, 847.0800520300321100 ) ) ;
#4761 = LINE ( 'NONE', #7857, #6784 ) ;
#4762 =( BOUNDED_CURVE ( )  B_SPLINE_CURVE ( 3, ( #1838, #6776, #7388, #6086 ),
 .UNSPECIFIED., .F., .F. ) 
 B_SPLINE_CURVE_WITH_KNOTS ( ( 4, 4 ),
 ( 1.469112146586250200, 1.549262254961220500 ),
 .UNSPECIFIED. ) 
 CURVE ( )  GEOMETRIC_REPRESENTATION_ITEM ( )  RATIONAL_B_SPLINE_CURVE ( ( 1.000000000000000000, 0.9994647349864550500, 0.9994647349864550500, 1.000000000000000000 ) ) 
 REPRESENTATION_ITEM ( '' )  );
#4763 = ORIENTED_EDGE ( 'NONE', *, *, #1184, .F. ) ;
#4764 = CARTESIAN_POINT ( 'NONE',  ( -165.6798115307509500, 320.2957274303971600, 239.9999999999999700 ) ) ;
#4765 = CARTESIAN_POINT ( 'NONE',  ( -510.5652697785646400, 2.909843662570438000, 0.0000000000000000000 ) ) ;
#4766 = CARTESIAN_POINT ( 'NONE',  ( -146.7944606443223600, 280.9940507719437100, 139.7924698400084900 ) ) ;
#4767 = CARTESIAN_POINT ( 'NONE',  ( -936.7767827379701700, -43.09955328868764500, 52.07348317690763700 ) ) ;
#4768 = DIRECTION ( 'NONE',  ( 0.9995977273866849500, -3.388043794582199500E-017, -0.02836165374893921000 ) ) ;
#4769 = CARTESIAN_POINT ( 'NONE',  ( -668.2451320953587100, -70.00000000000000000, 0.0000000000000000000 ) ) ;
#4770 = CARTESIAN_POINT ( 'NONE',  ( -919.3092125744856300, 76.30036816899399800, 83.13133380108502000 ) ) ;
#4771 = EDGE_CURVE ( 'NONE', #7438, #3712, #4, .T. ) ;
#4772 = DIRECTION ( 'NONE',  ( -3.389407260298388800E-017, -1.000000000000000000, 0.0000000000000000000 ) ) ;
#4773 = CARTESIAN_POINT ( 'NONE',  ( -738.1947984173963300, -31.16031045985339200, 123.2489932758588800 ) ) ;
#4774 = CARTESIAN_POINT ( 'NONE',  ( -668.2451320953588300, -26.63873525313345400, 810.2838219601886700 ) ) ;
#4775 = ADVANCED_FACE ( 'NONE', ( #7875 ), #6000, .F. ) ;
#4776 = CARTESIAN_POINT ( 'NONE',  ( -930.0000000000557100, 6.857983858691640400, 69.73844108900584600 ) ) ;
#4777 = CARTESIAN_POINT ( 'NONE',  ( -85.88636565890847400, 288.7144522469208100, 239.9999999999999700 ) ) ;
#4778 = ORIENTED_EDGE ( 'NONE', *, *, #5494, .T. ) ;
#4779 = CARTESIAN_POINT ( 'NONE',  ( -237.2334984884732600, 82.16098930009823700, 111.6494292533612300 ) ) ;
#4780 = CARTESIAN_POINT ( 'NONE',  ( -932.5699866336528900, 7.677030560070400100, -90.70460225750478900 ) ) ;
#4781 = ORIENTED_EDGE ( 'NONE', *, *, #7497, .F. ) ;
#4782 = DIRECTION ( 'NONE',  ( 1.000000000000000000, 0.0000000000000000000, -0.0000000000000000000 ) ) ;
#4783 = CARTESIAN_POINT ( 'NONE',  ( -21.50650595235921600, 304.7441925197134700, 143.9687349964071600 ) ) ;
#4784 = CARTESIAN_POINT ( 'NONE',  ( -918.0277154142125900, 13.86845839938640000, 100.8936424305039000 ) ) ;
#4785 = EDGE_LOOP ( 'NONE', ( #624, #7815, #1067, #5880 ) ) ;
#4786 = DIRECTION ( 'NONE',  ( 0.0000000000000000000, 0.0000000000000000000, -1.000000000000000000 ) ) ;
#4787 = LINE ( 'NONE', #2382, #2556 ) ;
#4788 = DIRECTION ( 'NONE',  ( 0.9950103367123475100, 0.09744325351987666300, 0.02142993651511772300 ) ) ;
#4789 = CARTESIAN_POINT ( 'NONE',  ( -171.5476010027769900, 318.0483613598670400, 240.0000000000000600 ) ) ;
#4790 = LINE ( 'NONE', #7726, #6728 ) ;
#4791 = CARTESIAN_POINT ( 'NONE',  ( -801.6322291414305700, 400.0000000000000000, -441.3891037066828200 ) ) ;
#4792 = CARTESIAN_POINT ( 'NONE',  ( -40.06769064993477500, 295.6050947027603700, 143.3500288398213100 ) ) ;
#4793 = CARTESIAN_POINT ( 'NONE',  ( -938.1634253002149500, -42.93682191123124200, 65.94811432196607400 ) ) ;
#4794 = ORIENTED_EDGE ( 'NONE', *, *, #5847, .F. ) ;
#4795 = LINE ( 'NONE', #1826, #5 ) ;
#4796 = DIRECTION ( 'NONE',  ( -1.000000000000000000, 0.0000000000000000000, 0.0000000000000000000 ) ) ;
#4797 = CARTESIAN_POINT ( 'NONE',  ( -950.6919676214159800, 4.831579854016702300, 80.88774523990157700 ) ) ;
#4798 = CARTESIAN_POINT ( 'NONE',  ( -920.0598199272263900, 68.79296931279272100, 98.09737963604054300 ) ) ;
#4799 = ORIENTED_EDGE ( 'NONE', *, *, #1079, .F. ) ;
#4800 = FACE_BOUND ( 'NONE', #832, .T. ) ;
#4801 = CARTESIAN_POINT ( 'NONE',  ( -658.0707898217590400, 71.86193051735823200, -649.9999996933067900 ) ) ;
#4802 = CARTESIAN_POINT ( 'NONE',  ( -668.2451320953587100, -78.33333333333331400, 689.9999996933069000 ) ) ;
#4803 = CARTESIAN_POINT ( 'NONE',  ( -957.6679311350737900, 24.00420353638590500, -94.47591096613086800 ) ) ;
#4804 = CARTESIAN_POINT ( 'NONE',  ( -157.1660011963852500, 319.4917124422457300, -239.9999999999997700 ) ) ;
#4805 = CARTESIAN_POINT ( 'NONE',  ( -56.79482820440647800, 292.9162024457988300, 239.9999999999999400 ) ) ;
#4806 = ORIENTED_EDGE ( 'NONE', *, *, #5426, .F. ) ;
#4807 = ORIENTED_EDGE ( 'NONE', *, *, #7612, .T. ) ;
#4808 = DIRECTION ( 'NONE',  ( -0.0000000000000000000, -0.0000000000000000000, 1.000000000000000000 ) ) ;
#4809 = CARTESIAN_POINT ( 'NONE',  ( -913.6484567176597700, 24.53956222038225500, 106.1295107039039200 ) ) ;
#4810 = ORIENTED_EDGE ( 'NONE', *, *, #2932, .T. ) ;
#4811 = CARTESIAN_POINT ( 'NONE',  ( -183.6566439552161700, 296.9527641647351300, 240.0000000000000600 ) ) ;
#4812 = CARTESIAN_POINT ( 'NONE',  ( -17.52825488877504500, 303.6452168146934700, 144.1013433651932900 ) ) ;
#4813 = CARTESIAN_POINT ( 'NONE',  ( -1014.600837529113200, 42.83282856649004300, 34.29391322255484900 ) ) ;
#4814 = DIRECTION ( 'NONE',  ( 3.088707198718619700E-016, 0.0000000000000000000, -1.000000000000000000 ) ) ;
#4815 = CARTESIAN_POINT ( 'NONE',  ( -731.8160511472557300, 51.43864591205847600, 120.2917445830374300 ) ) ;
#4816 = B_SPLINE_CURVE_WITH_KNOTS ( 'NONE', 3,
 ( #4565, #2736, #5246, #1073, #2768, #4652, #4085, #6520 ),
 .UNSPECIFIED., .F., .F.,
 ( 4, 2, 2, 4 ),
 ( 0.0000000000000000000, 0.06824228554268549400, 0.1023634283140282400, 0.1364845710853709900 ),
 .UNSPECIFIED. ) ;
#4817 = FACE_BOUND ( 'NONE', #567, .T. ) ;
#4818 = ADVANCED_FACE ( 'NONE', ( #5167 ), #2360, .F. ) ;
#4819 = CARTESIAN_POINT ( 'NONE',  ( -668.2451320953587100, -80.00000000000000000, 699.9999996933069000 ) ) ;
#4820 = CARTESIAN_POINT ( 'NONE',  ( -772.6855486305775000, 101.8083559552814400, -119.4279622270934200 ) ) ;
#4821 = CARTESIAN_POINT ( 'NONE',  ( -176.2765090170732700, 315.4223361412441600, 240.0000000000000000 ) ) ;
#4822 = CARTESIAN_POINT ( 'NONE',  ( -530.2020976964985300, 0.2943142993471481500, 0.0000000000000000000 ) ) ;
#4823 = CARTESIAN_POINT ( 'NONE',  ( -765.2319403816557000, -48.39325871948484100, -60.05701238235653200 ) ) ;
#4824 = CARTESIAN_POINT ( 'NONE',  ( -933.5977478706184900, -43.57767985786418300, 50.28232203587754900 ) ) ;
#4825 = EDGE_CURVE ( 'NONE', #6543, #5601, #4365, .T. ) ;
#4826 = VECTOR ( 'NONE', #1942, 1000.000000000000000 ) ;
#4827 = CARTESIAN_POINT ( 'NONE',  ( -258.7992690864762700, -51.03167550318944700, 886.3136891273769600 ) ) ;
#4828 = DIRECTION ( 'NONE',  ( 0.0000000000000000000, 0.0000000000000000000, 1.000000000000000000 ) ) ;
#4829 = CARTESIAN_POINT ( 'NONE',  ( -513.4672159472800100, 45.54542476513815100, -373.8168780586473800 ) ) ;
#4830 = ORIENTED_EDGE ( 'NONE', *, *, #4244, .T. ) ;
#4831 = CARTESIAN_POINT ( 'NONE',  ( -143.8233943768702800, 322.8664308143299300, 114.8776203492508900 ) ) ;
#4832 = DIRECTION ( 'NONE',  ( -0.0000000000000000000, -1.000000000000000000, -0.0000000000000000000 ) ) ;
#4833 = CARTESIAN_POINT ( 'NONE',  ( -977.9970575583958000, 400.0000000000000000, -87.52448106196112600 ) ) ;
#4834 = CARTESIAN_POINT ( 'NONE',  ( -348.2451320953587700, -13.69752918442446800, -829.6142396099120300 ) ) ;
#4835 = CARTESIAN_POINT ( 'NONE',  ( -855.8578987436720800, 38.50513073672516400, -114.8336894145434600 ) ) ;
#4836 = ORIENTED_EDGE ( 'NONE', *, *, #875, .T. ) ;
#4837 = CARTESIAN_POINT ( 'NONE',  ( -858.1257941851149600, 81.36043793417252300, -113.0815573237752900 ) ) ;
#4838 = CARTESIAN_POINT ( 'NONE',  ( -168.2889602884701500, 284.6002307355464600, 239.9999999999999400 ) ) ;
#4839 = CARTESIAN_POINT ( 'NONE',  ( -139.1772287713182500, 322.3256416001239000, 140.0463775691087300 ) ) ;
#4840 = CARTESIAN_POINT ( 'NONE',  ( -1024.774989108362700, 39.25124967666150200, 45.84671791109734300 ) ) ;
#4841 = CARTESIAN_POINT ( 'NONE',  ( -814.2250733321160400, 87.31717162511178300, -117.6034664767223600 ) ) ;
#4842 = CARTESIAN_POINT ( 'NONE',  ( -885.2992644139411600, -54.09632305098299600, -0.0000000000000000000 ) ) ;
#4843 = CARTESIAN_POINT ( 'NONE',  ( -308.7992690864780300, -70.00000000000000000, -511.6713962796286500 ) ) ;
#4844 = CARTESIAN_POINT ( 'NONE',  ( -308.7992690864780300, -80.00000000000000000, 511.6713962796286500 ) ) ;
#4845 = CARTESIAN_POINT ( 'NONE',  ( -509.5312497004276200, 4.765482769164802500, -70.48636094608578200 ) ) ;
#4846 = CARTESIAN_POINT ( 'NONE',  ( -198.6359048933354900, 19.99999999999999300, -601.3094353378248800 ) ) ;
#4847 = CARTESIAN_POINT ( 'NONE',  ( -948.7841062061123700, 5.018420375086568800, -81.73844108900408400 ) ) ;
#4848 = ORIENTED_EDGE ( 'NONE', *, *, #7356, .F. ) ;
#4849 = CARTESIAN_POINT ( 'NONE',  ( -971.0375125829706300, -46.70541187800886000, -20.83333333333332900 ) ) ;
#4850 = PLANE ( 'NONE',  #1678 ) ;
#4851 = CARTESIAN_POINT ( 'NONE',  ( -15.65781909305309600, 96.40126417585834400, -41.15128595429767700 ) ) ;
#4852 = ORIENTED_EDGE ( 'NONE', *, *, #4245, .F. ) ;
#4853 = ORIENTED_EDGE ( 'NONE', *, *, #1974, .T. ) ;
#4854 = LINE ( 'NONE', #1154, #4657 ) ;
#4855 = DIRECTION ( 'NONE',  ( 0.0000000000000000000, 1.000000000000000000, 0.0000000000000000000 ) ) ;
#4856 = DIRECTION ( 'NONE',  ( 0.0000000000000000000, -1.734723475976808100E-016, 1.000000000000000000 ) ) ;
#4857 = DIRECTION ( 'NONE',  ( 0.0000000000000000000, 0.0000000000000000000, -1.000000000000000000 ) ) ;
#4858 = ADVANCED_FACE ( 'NONE', ( #1325 ), #6237, .T. ) ;
#4859 = CARTESIAN_POINT ( 'NONE',  ( -366.7937014670116600, 102.8553146867645600, -592.9706722561451200 ) ) ;
#4860 = CARTESIAN_POINT ( 'NONE',  ( -855.4019256817284700, 39.17659665792282900, -114.8779289219024500 ) ) ;
#4861 = EDGE_LOOP ( 'NONE', ( #7490, #448, #229, #3215, #6014, #558 ) ) ;
#4862 = CARTESIAN_POINT ( 'NONE',  ( -488.5693037611473500, 75.20711724015151800, 128.3999750694480600 ) ) ;
#4863 = CARTESIAN_POINT ( 'NONE',  ( -299.6731291295705500, -31.14030388146807500, 862.7297660998277700 ) ) ;
#4864 = EDGE_CURVE ( 'NONE', #379, #1360, #580, .T. ) ;
#4865 = CARTESIAN_POINT ( 'NONE',  ( -174.2138913496671900, 287.3154659083736000, 239.9999999999999100 ) ) ;
#4866 = CARTESIAN_POINT ( 'NONE',  ( -944.5213437064409200, 5.467878247010108200, 83.71456611269222500 ) ) ;
#4867 =( BOUNDED_SURFACE ( )  B_SPLINE_SURFACE ( 3, 2, ( 
 ( #5165, #252, #6960 ),
 ( #7046, #3358, #7640 ),
 ( #6353, #3328, #2074 ),
 ( #6379, #7582, #341 ),
 ( #3298, #7609, #3271 ),
 ( #2773, #932, #7074 ),
 ( #4570, #5196, #2651 ),
 ( #4601, #5251, #842 ),
 ( #4544, #3949, #2161 ),
 ( #5779, #3916, #2100 ),
 ( #7669, #225, #4520 ),
 ( #3977, #7703, #4633 ),
 ( #5221, #5138, #3390 ),
 ( #873, #1461, #283 ),
 ( #901, #1546, #4003 ),
 ( #5721, #311, #5751 ),
 ( #1488, #5836, #6409 ),
 ( #4033, #2713, #966 ),
 ( #1518, #5806, #2127 ),
 ( #6440, #3179, #7531 ),
 ( #2075, #5510, #358 ),
 ( #1448, #2115, #4560 ),
 ( #2176, #326, #5241 ),
 ( #2760, #1565, #6457 ),
 ( #5821, #6484, #861 ),
 ( #952, #2145, #2063 ),
 ( #7691, #5126, #5858 ),
 ( #1503, #7064, #7656 ),
 ( #2731, #4020, #6370 ),
 ( #7036, #2790, #3410 ),
 ( #4619, #2672, #7091 ),
 ( #3377, #3346, #7722 ),
 ( #4052, #6976, #270 ),
 ( #831, #7597, #5740 ),
 ( #3283, #6401, #3935 ),
 ( #7008, #243, #4535 ),
 ( #5155, #1476, #3991 ),
 ( #5766, #890, #922 ),
 ( #2088, #5185, #2702 ),
 ( #3315, #7623, #3965 ),
 ( #300, #5792, #4586 ),
 ( #6427, #5213, #1536 ),
 ( #6513, #7119, #4080 ),
 ( #6620, #2229, #7834 ),
 ( #2258, #3465, #4731 ),
 ( #3439, #5299, #1676 ),
 ( #7749, #2206, #471 ),
 ( #5384, #1703, #389 ),
 ( #7228, #3553, #5999 ),
 ( #1038, #4109, #7146 ),
 ( #4673, #5970, #2286 ),
 ( #1010, #1620, #3523 ),
 ( #5916, #2315, #2903 ),
 ( #6596, #6545, #2926 ),
 ( #2818, #7202, #4759 ),
 ( #4137, #2848, #7777 ),
 ( #419, #4701, #6570 ),
 ( #5327, #4165, #1095 ),
 ( #7858, #4187, #4646 ),
 ( #1649, #983, #5269 ) ),
 .UNSPECIFIED., .F., .F., .F. ) 
 B_SPLINE_SURFACE_WITH_KNOTS ( ( 4, 2, 2, 2, 2, 2, 2, 2, 2, 2, 2, 2, 2, 2, 2, 2, 2, 2, 2, 2, 2, 2, 2, 2, 2, 2, 2, 2, 2, 4 ),
 ( 3, 3 ),
 ( 0.1428535317292563000, 0.1480503270655917900, 0.1506487247337595600, 0.1532471224019273100, 0.1584439177382628300, 0.1636407130745983200, 0.1662391107427660700, 0.1688375084109338100, 0.1714359060791015900, 0.1727351049131854400, 0.1740343037472693300, 0.1766327014154370800, 0.1792310990836048500, 0.1818294967517726000, 0.1831286955858564800, 0.1844278944199403400, 0.1857270932540242000, 0.1870262920881080900, 0.1896246897562758300, 0.1922230874244436100, 0.1948214850926113500, 0.1974198827607791000, 0.2000182804289468700, 0.2026166780971146200, 0.2052150757652823600, 0.2104118711016178500, 0.2156086664379533700, 0.2208054617742888900, 0.2234038594424566400, 0.2260022571106243800 ),
 ( 0.0000000000000000000, 1.000000000000000000 ),
 .UNSPECIFIED. ) 
 GEOMETRIC_REPRESENTATION_ITEM ( )  RATIONAL_B_SPLINE_SURFACE ( (
 ( 1.000000000000000000, 0.6199832514251334400, 1.000000000000000000),
 ( 1.000000000000000000, 0.5994484684159574500, 1.000000000000000000),
 ( 1.000000000000000000, 0.5789578043359604500, 1.000000000000000000),
 ( 1.000000000000000000, 0.5482837619954600300, 1.000000000000000000),
 ( 1.000000000000000000, 0.5380697570276545800, 1.000000000000000000),
 ( 1.000000000000000000, 0.5176720264582919100, 1.000000000000000000),
 ( 1.000000000000000000, 0.5074782468580577600, 1.000000000000000000),
 ( 1.000000000000000000, 0.4770361963372208900, 1.000000000000000000),
 ( 1.000000000000000000, 0.4570369464268751500, 1.000000000000000000),
 ( 1.000000000000000000, 0.4178866317496365300, 1.000000000000000000),
 ( 1.000000000000000000, 0.3987300663048232200, 1.000000000000000000),
 ( 1.000000000000000000, 0.3710529843259671200, 1.000000000000000000),
 ( 1.000000000000000000, 0.3620065335764794900, 1.000000000000000000),
 ( 1.000000000000000000, 0.3443898795957616200, 1.000000000000000000),
 ( 1.000000000000000000, 0.3358193754673781700, 1.000000000000000000),
 ( 1.000000000000000000, 0.3193137179592257500, 1.000000000000000000),
 ( 1.000000000000000000, 0.3113783542773345700, 1.000000000000000000),
 ( 1.000000000000000000, 0.3001087292763953700, 1.000000000000000000),
 ( 1.000000000000000000, 0.2964581728428058400, 1.000000000000000000),
 ( 1.000000000000000000, 0.2894001750215837700, 1.000000000000000000),
 ( 1.000000000000000000, 0.2859910944770305300, 1.000000000000000000),
 ( 1.000000000000000000, 0.2762009932825988900, 1.000000000000000000),
 ( 1.000000000000000000, 0.2702506734400495500, 1.000000000000000000),
 ( 1.000000000000000000, 0.2597669049750368500, 1.000000000000000000),
 ( 1.000000000000000000, 0.2552350824910198400, 1.000000000000000000),
 ( 1.000000000000000000, 0.2478500271011125900, 1.000000000000000000),
 ( 1.000000000000000000, 0.2449989703455470700, 1.000000000000000000),
 ( 1.000000000000000000, 0.2421304820425117200, 1.000000000000000000),
 ( 1.000000000000000000, 0.2414082831103318800, 1.000000000000000000),
 ( 1.000000000000000000, 0.2404451388458034300, 1.000000000000000000),
 ( 1.000000000000000000, 0.2402042230041352700, 1.000000000000000000),
 ( 1.000000000000000000, 0.2402079043846978300, 1.000000000000000000),
 ( 1.000000000000000000, 0.2404525011017751600, 1.000000000000000000),
 ( 1.000000000000000000, 0.2414218404663192300, 1.000000000000000000),
 ( 1.000000000000000000, 0.2421465526570259200, 1.000000000000000000),
 ( 1.000000000000000000, 0.2450191244794517300, 1.000000000000000000),
 ( 1.000000000000000000, 0.2478682542771165300, 1.000000000000000000),
 ( 1.000000000000000000, 0.2552318247963340500, 1.000000000000000000),
 ( 1.000000000000000000, 0.2597440804520442800, 1.000000000000000000),
 ( 1.000000000000000000, 0.2701641336414091200, 1.000000000000000000),
 ( 1.000000000000000000, 0.2760703107806415400, 1.000000000000000000),
 ( 1.000000000000000000, 0.2890054278512682000, 1.000000000000000000),
 ( 1.000000000000000000, 0.2960335929075513800, 1.000000000000000000),
 ( 1.000000000000000000, 0.3109732513606676100, 1.000000000000000000),
 ( 1.000000000000000000, 0.3188845847384228500, 1.000000000000000000),
 ( 1.000000000000000000, 0.3353974170685636300, 1.000000000000000000),
 ( 1.000000000000000000, 0.3439990605978844900, 1.000000000000000000),
 ( 1.000000000000000000, 0.3617447117156895000, 1.000000000000000000),
 ( 1.000000000000000000, 0.3709020375615130200, 1.000000000000000000),
 ( 1.000000000000000000, 0.3989342721923925800, 1.000000000000000000),
 ( 1.000000000000000000, 0.4182485253138053500, 1.000000000000000000),
 ( 1.000000000000000000, 0.4574979282961548200, 1.000000000000000000),
 ( 1.000000000000000000, 0.4774398746491067500, 1.000000000000000000),
 ( 1.000000000000000000, 0.5176704332987963600, 1.000000000000000000),
 ( 1.000000000000000000, 0.5379623879722581500, 1.000000000000000000),
 ( 1.000000000000000000, 0.5685955366833490600, 1.000000000000000000),
 ( 1.000000000000000000, 0.5788403191181217300, 1.000000000000000000),
 ( 1.000000000000000000, 0.5993981129631993400, 1.000000000000000000),
 ( 1.000000000000000000, 0.6097331067350638700, 1.000000000000000000),
 ( 1.000000000000000000, 0.6199832514251333300, 1.000000000000000000) ) ) 
 REPRESENTATION_ITEM ( '' )  SURFACE ( )  );
#4868 = DIRECTION ( 'NONE',  ( -0.0000000000000000000, -1.000000000000000000, -0.0000000000000000000 ) ) ;
#4869 = B_SPLINE_CURVE_WITH_KNOTS ( 'NONE', 3,
 ( #2963, #1894, #1253, #7396, #5521, #7965 ),
 .UNSPECIFIED., .F., .F.,
 ( 4, 1, 1, 4 ),
 ( 0.0000000000000000000, 0.08409707550759747100, 0.1681940720496415700, 1.000000000000000000 ),
 .UNSPECIFIED. ) ;
#4870 = AXIS2_PLACEMENT_3D ( 'NONE', #6022, #6079, #3127 ) ;
#4871 = CARTESIAN_POINT ( 'NONE',  ( -937.3585397690145600, -44.47907115522036000, -66.93370321885431900 ) ) ;
#4872 = CARTESIAN_POINT ( 'NONE',  ( -494.3743399005617800, -21.54172920880788700, -824.6142396099121500 ) ) ;
#4873 = CARTESIAN_POINT ( 'NONE',  ( -346.5509784524225000, -13.59643510581545900, 829.6142396099120300 ) ) ;
#4874 = CARTESIAN_POINT ( 'NONE',  ( -979.7195593237235000, -49.80385858583706200, 312.7510206763798200 ) ) ;
#4875 = ORIENTED_EDGE ( 'NONE', *, *, #625, .T. ) ;
#4876 = DIRECTION ( 'NONE',  ( -0.0000000000000000000, -1.000000000000000000, 0.0000000000000000000 ) ) ;
#4877 = CARTESIAN_POINT ( 'NONE',  ( -180.3790615486548200, 20.00000000000000000, -576.2771510925290400 ) ) ;
#4878 = CARTESIAN_POINT ( 'NONE',  ( -167.2926150697863400, 279.0826522098839200, -139.1091980258263400 ) ) ;
#4879 = CARTESIAN_POINT ( 'NONE',  ( -431.9446731789749400, -19.61562830402165100, 829.6142396099123700 ) ) ;
#4880 = DIRECTION ( 'NONE',  ( 0.0000000000000000000, 1.000000000000000000, 0.0000000000000000000 ) ) ;
#4881 = CARTESIAN_POINT ( 'NONE',  ( -920.2240832518382400, 73.92943652447819100, 90.84762017664031900 ) ) ;
#4882 = EDGE_CURVE ( 'NONE', #7950, #5059, #5507, .T. ) ;
#4883 = VERTEX_POINT ( 'NONE', #3027 ) ;
#4884 = EDGE_LOOP ( 'NONE', ( #4778, #1713, #6704, #6819, #3641 ) ) ;
#4885 = CARTESIAN_POINT ( 'NONE',  ( -897.5226415488326700, 7.021039942722858000, -89.17374265924249200 ) ) ;
#4886 = CARTESIAN_POINT ( 'NONE',  ( -469.0710157804053900, 28.03962429833553600, 71.65342119842550500 ) ) ;
#4887 = CARTESIAN_POINT ( 'NONE',  ( -663.0707898217588100, 63.20167647951369400, -649.9999996933067900 ) ) ;
#4888 = CARTESIAN_POINT ( 'NONE',  ( -183.8244675555539800, 306.6205793013278400, 138.5581362763008700 ) ) ;
#4889 = CARTESIAN_POINT ( 'NONE',  ( -668.2451320953587100, -67.09938452567101300, -829.3984658003882900 ) ) ;
#4890 = ORIENTED_EDGE ( 'NONE', *, *, #4254, .F. ) ;
#4891 = LINE ( 'NONE', #187, #6529 ) ;
#4892 = ORIENTED_EDGE ( 'NONE', *, *, #6472, .F. ) ;
#4893 = LINE ( 'NONE', #7310, #659 ) ;
#4894 = DIRECTION ( 'NONE',  ( -0.0000000000000000000, 1.734723475976808100E-016, 1.000000000000000000 ) ) ;
#4895 = DIRECTION ( 'NONE',  ( 2.775557561562858200E-015, -0.0000000000000000000, 1.000000000000000000 ) ) ;
#4896 = CARTESIAN_POINT ( 'NONE',  ( -183.1240627347678200, 295.7625510597782200, 240.0000000000000300 ) ) ;
#4897 = CARTESIAN_POINT ( 'NONE',  ( -668.2451320953587100, -70.00000000000000000, -841.2809062765787800 ) ) ;
#4898 = DIRECTION ( 'NONE',  ( 0.0000000000000000000, 0.0000000000000000000, -1.000000000000000000 ) ) ;
#4899 = CIRCLE ( 'NONE', #4216, 24.99999999999999600 ) ;
#4900 = EDGE_CURVE ( 'NONE', #565, #4950, #1933, .T. ) ;
#4901 = EDGE_CURVE ( 'NONE', #1382, #2961, #2537, .T. ) ;
#4902 = FACE_OUTER_BOUND ( 'NONE', #4448, .T. ) ;
#4903 = CARTESIAN_POINT ( 'NONE',  ( -1020.631920869481400, 0.1022197289524302800, -57.37009663405386600 ) ) ;
#4904 = CARTESIAN_POINT ( 'NONE',  ( -668.2451320953587100, -80.00000000000000000, 649.9999996933067900 ) ) ;
#4905 = ORIENTED_EDGE ( 'NONE', *, *, #3212, .T. ) ;
#4906 = CARTESIAN_POINT ( 'NONE',  ( -855.4052764537871100, 73.21699231938879400, 114.8776019093388500 ) ) ;
#4907 = CARTESIAN_POINT ( 'NONE',  ( -721.0375125829706300, -43.02027741034836300, -0.0000000000000000000 ) ) ;
#4908 = CARTESIAN_POINT ( 'NONE',  ( -930.3350885582593700, -44.05432486541278800, -49.73204005062552100 ) ) ;
#4909 = CARTESIAN_POINT ( 'NONE',  ( -228.8339100974142200, 20.00000000000001100, -626.8514846934633600 ) ) ;
#4910 = CARTESIAN_POINT ( 'NONE',  ( -936.2553106414399100, -43.24116746019493000, 67.81263601316851500 ) ) ;
#4911 = DIRECTION ( 'NONE',  ( 0.0000000000000000000, 0.0000000000000000000, 1.000000000000000000 ) ) ;
#4912 = CARTESIAN_POINT ( 'NONE',  ( -930.0000000000558200, -51.00000000000041200, -69.73844108900408400 ) ) ;
#4913 = DIRECTION ( 'NONE',  ( 0.0000000000000000000, 0.0000000000000000000, 1.000000000000000000 ) ) ;
#4914 = CARTESIAN_POINT ( 'NONE',  ( -977.9970575583956800, 32.06201920788355200, 87.52448106196236200 ) ) ;
#4915 = LINE ( 'NONE', #1377, #4708 ) ;
#4916 = CARTESIAN_POINT ( 'NONE',  ( -7.379271255045047400E-015, -215.0000000000000300, 0.0000000000000000000 ) ) ;
#4917 = DIRECTION ( 'NONE',  ( -4.236759075372986700E-018, -1.000000000000000000, -1.734723475976808100E-016 ) ) ;
#4918 = CARTESIAN_POINT ( 'NONE',  ( -258.7992690864763300, -9.447338357578903600, 830.4492699997050500 ) ) ;
#4919 = CARTESIAN_POINT ( 'NONE',  ( -14.62674840205307300, 296.8509855691290200, -144.1980602480840000 ) ) ;
#4920 = CARTESIAN_POINT ( 'NONE',  ( -861.6631158953674700, 96.67107846823609000, -90.35867032849174100 ) ) ;
#4921 = LINE ( 'NONE', #7575, #1543 ) ;
#4922 = AXIS2_PLACEMENT_3D ( 'NONE', #1501, #5789, #980 ) ;
#4923 = CARTESIAN_POINT ( 'NONE',  ( -169.0349764480888300, 284.8836675423536900, 240.0000000000000000 ) ) ;
#4924 = ORIENTED_EDGE ( 'NONE', *, *, #6444, .T. ) ;
#4925 = DIRECTION ( 'NONE',  ( -1.000000000000000000, 0.0000000000000000000, 0.0000000000000000000 ) ) ;
#4926 = ORIENTED_EDGE ( 'NONE', *, *, #3815, .F. ) ;
#4927 = LINE ( 'NONE', #321, #7130 ) ;
#4928 = CARTESIAN_POINT ( 'NONE',  ( -932.2152195003189900, 7.164169077462492700, -69.56950639098485600 ) ) ;
#4930 = CARTESIAN_POINT ( 'NONE',  ( -737.1002142192871800, 131.6162775232474800, 114.0051590739929600 ) ) ;
#4929 = AXIS2_PLACEMENT_3D ( 'NONE', #2874, #4697, #3433 ) ;
#4931 = CARTESIAN_POINT ( 'NONE',  ( -184.1818011619280100, 305.4793383340147000, 240.0000000000000000 ) ) ;
#4932 = CARTESIAN_POINT ( 'NONE',  ( -937.5036975170894500, -42.98863280890582000, -52.77419393107794600 ) ) ;
#4933 = CARTESIAN_POINT ( 'NONE',  ( -766.4209805512816700, -48.50283976344351100, -62.99128550055069600 ) ) ;
#4934 = CARTESIAN_POINT ( 'NONE',  ( -172.5187303640434500, 281.2249801341737900, -138.9349941826843100 ) ) ;
#4935 = EDGE_CURVE ( 'NONE', #2065, #339, #3650, .T. ) ;
#4936 = DIRECTION ( 'NONE',  ( -0.0000000000000000000, 1.000000000000000000, -0.0000000000000000000 ) ) ;
#4937 = CARTESIAN_POINT ( 'NONE',  ( -1000.683529437849800, 47.73210065563105100, 51.05256886180824700 ) ) ;
#4938 = FACE_BOUND ( 'NONE', #7246, .T. ) ;
#4939 = ORIENTED_EDGE ( 'NONE', *, *, #7627, .F. ) ;
#4940 = CARTESIAN_POINT ( 'NONE',  ( -916.1761530242783900, 26.27102378859758100, 105.6062142766424000 ) ) ;
#4941 = CARTESIAN_POINT ( 'NONE',  ( -927.3335783560920600, 5.345646231942653000, -103.2736963757061700 ) ) ;
#4942 = CARTESIAN_POINT ( 'NONE',  ( -303.2451320953590500, -44.87035782338929800, -874.6142396099120300 ) ) ;
#4943 = CARTESIAN_POINT ( 'NONE',  ( -668.2451320953589400, -43.97249974525912800, 697.0241406145963800 ) ) ;
#4944 = DIRECTION ( 'NONE',  ( -0.0000000000000000000, -1.000000000000000000, -0.0000000000000000000 ) ) ;
#4945 = CARTESIAN_POINT ( 'NONE',  ( -668.2451320953587100, -10.19822965356061900, -785.9337814937891800 ) ) ;
#4946 = CARTESIAN_POINT ( 'NONE',  ( -860.4098711262710100, 89.05152174173781500, -107.8823380918516400 ) ) ;
#4947 = CARTESIAN_POINT ( 'NONE',  ( -168.3225630098051500, 20.00000000000000400, 4.671889625435053000E-013 ) ) ;
#4948 = CARTESIAN_POINT ( 'NONE',  ( -159.5374461167306500, 282.1404243089800200, 239.9999999999998900 ) ) ;
#4949 = CARTESIAN_POINT ( 'NONE',  ( -668.2451320953587100, 274.9999999999999400, -649.9999996933067900 ) ) ;
#4950 = VERTEX_POINT ( 'NONE', #1929 ) ;
#4951 = ORIENTED_EDGE ( 'NONE', *, *, #4325, .T. ) ;
#4952 = CARTESIAN_POINT ( 'NONE',  ( -939.5938345870454200, 7.164169077462492700, -63.64887813516351400 ) ) ;
#4953 = CARTESIAN_POINT ( 'NONE',  ( -258.7992690864762700, -18.87117108755898100, 828.5205404564618400 ) ) ;
#4954 = VERTEX_POINT ( 'NONE', #1952 ) ;
#4955 = CARTESIAN_POINT ( 'NONE',  ( -736.5026136057533700, 129.7992435082774400, 115.5403224415223900 ) ) ;
#4956 = CARTESIAN_POINT ( 'NONE',  ( -938.7444773726953100, -42.79883739392696600, -54.34471394418729100 ) ) ;
#4957 = CARTESIAN_POINT ( 'NONE',  ( -348.2451320953587700, 30.00000000000000000, 824.6142396099118100 ) ) ;
#4958 = DIRECTION ( 'NONE',  ( -0.0000000000000000000, -1.000000000000000000, 0.0000000000000000000 ) ) ;
#4959 = PRODUCT_CONTEXT ( 'NONE', #6091, 'mechanical' ) ;
#4960 = ORIENTED_EDGE ( 'NONE', *, *, #528, .F. ) ;
#4961 = CARTESIAN_POINT ( 'NONE',  ( -1005.449994279944800, 46.05417500995869800, 72.93797870095915000 ) ) ;
#4962 = ORIENTED_EDGE ( 'NONE', *, *, #6270, .T. ) ;
#4963 = ADVANCED_FACE ( 'NONE', ( #5082 ), #6101, .T. ) ;
#4964 = CARTESIAN_POINT ( 'NONE',  ( -164.6862312608579700, 342.0259542297282600, 114.7494129850948600 ) ) ;
#4965 = CARTESIAN_POINT ( 'NONE',  ( -14.62674840205196200, 306.2533925417656600, 239.9999999999999100 ) ) ;
#4966 = CARTESIAN_POINT ( 'NONE',  ( -508.4660983488485000, -6.599668237361765200, -0.0000000000000000000 ) ) ;
#4967 = CARTESIAN_POINT ( 'NONE',  ( -258.7992690864763300, -21.56411071528755500, 744.6749981601170700 ) ) ;
#4968 = CARTESIAN_POINT ( 'NONE',  ( -156.1363130525744500, 317.3231636612510400, -139.4810747597333600 ) ) ;
#4969 = CARTESIAN_POINT ( 'NONE',  ( -258.7992690864763300, -11.85593783159198000, -837.4731071076213300 ) ) ;
#4970 =( BOUNDED_CURVE ( )  B_SPLINE_CURVE ( 3, ( #7520, #6265, #2566, #3824 ),
 .UNSPECIFIED., .F., .F. ) 
 B_SPLINE_CURVE_WITH_KNOTS ( ( 4, 4 ),
 ( 4.952607442586805000, 5.041869326281681800 ),
 .UNSPECIFIED. ) 
 CURVE ( )  GEOMETRIC_REPRESENTATION_ITEM ( )  RATIONAL_B_SPLINE_CURVE ( ( 1.000000000000000000, 0.9993361365512065700, 0.9993361365512065700, 1.000000000000000000 ) ) 
 REPRESENTATION_ITEM ( '' )  );
#4971 = CARTESIAN_POINT ( 'NONE',  ( -343.6037085638388400, -11.43418832955068100, 824.8215815119684700 ) ) ;
#4972 = CARTESIAN_POINT ( 'NONE',  ( -161.6239919869378800, 282.5933900548561200, 239.9999999999999100 ) ) ;
#4973 = ORIENTED_EDGE ( 'NONE', *, *, #2263, .T. ) ;
#4974 = CARTESIAN_POINT ( 'NONE',  ( -237.2066445939004200, 275.0000000000000000, 614.7399480909421100 ) ) ;
#4975 = B_SPLINE_CURVE_WITH_KNOTS ( 'NONE', 3,
 ( #2954, #2260, #5359, #1680, #7176, #5919, #4704, #1705, #6624, #6599, #6002, #7256, #3587, #6573, #475, #5329, #2851, #7886, #7149, #1653, #5387, #3470, #1122, #5974, #5946 ),
 .UNSPECIFIED., .F., .F.,
 ( 4, 2, 2, 2, 2, 2, 2, 2, 2, 1, 2, 2, 4 ),
 ( 0.0000000000000000000, 0.004938261765676869300, 0.007407392648515271500, 0.009876523531353672800, 0.01481478529703055200, 0.01728391617986901500, 0.01975304706270747700, 0.02469130882838440500, 0.02716043971122289800, 0.02962957059406139800, 0.03209870147689989500, 0.03456783235973839200, 0.03950609412541534300 ),
 .UNSPECIFIED. ) ;
#4976 = CARTESIAN_POINT ( 'NONE',  ( -729.7186922751338900, -45.97881655748224700, 312.7526747221214100 ) ) ;
#4977 = EDGE_LOOP ( 'NONE', ( #6103, #2547, #4890, #851 ) ) ;
#4978 = CARTESIAN_POINT ( 'NONE',  ( -991.8975767202769000, 1.717108242848574200, -56.99050842856865300 ) ) ;
#4979 = CARTESIAN_POINT ( 'NONE',  ( -258.7992690864762200, -29.15084890883204200, 850.6462565409460700 ) ) ;
#4980 = DIRECTION ( 'NONE',  ( 0.9994449069791543300, 0.0000000000000000000, -0.03331483023263846100 ) ) ;
#4981 = VERTEX_POINT ( 'NONE', #5627 ) ;
#4982 = CARTESIAN_POINT ( 'NONE',  ( -977.9970575583958000, 22.89356240254242200, 87.52448106196230500 ) ) ;
#4983 = CARTESIAN_POINT ( 'NONE',  ( -469.0710157804053900, 28.03962429833554300, -71.65342119842550500 ) ) ;
#4984 = CARTESIAN_POINT ( 'NONE',  ( -668.2451320953587100, -70.00000000000000000, 841.2809062765787800 ) ) ;
#4985 = CARTESIAN_POINT ( 'NONE',  ( -933.2944202839905800, -43.69365023930364300, 69.31181237157379400 ) ) ;
#4986 = FACE_OUTER_BOUND ( 'NONE', #6810, .T. ) ;
#4987 = SURFACE_STYLE_FILL_AREA ( #1160 ) ;
#4988 = CARTESIAN_POINT ( 'NONE',  ( -156.1235442605822100, 322.4688531487650500, 139.4815003861256200 ) ) ;
#4989 = ORIENTED_EDGE ( 'NONE', *, *, #6939, .F. ) ;
#4990 = CYLINDRICAL_SURFACE ( 'NONE', #795, 25.00000000000002800 ) ;
#4991 = CARTESIAN_POINT ( 'NONE',  ( -344.9798420320378200, 113.8747192612501400, 650.0000000000000000 ) ) ;
#4992 = CARTESIAN_POINT ( 'NONE',  ( -258.7992690864763300, -6.253991033378666100, 784.7611228929109800 ) ) ;
#4993 = CARTESIAN_POINT ( 'NONE',  ( -55.00145345845117400, 305.6505119188389000, -142.8522367462040300 ) ) ;
#4994 = CARTESIAN_POINT ( 'NONE',  ( -258.7992690864763300, -5.025720157180244600, -800.2675060382438200 ) ) ;
#4995 = VERTEX_POINT ( 'NONE', #110 ) ;
#4996 = CARTESIAN_POINT ( 'NONE',  ( -588.0609149135337900, -13.05060390121163200, 269.6497347920996500 ) ) ;
#4997 = CARTESIAN_POINT ( 'NONE',  ( -880.8878834470947400, 89.90343587034560400, 88.08790152733453700 ) ) ;
#4998 = VERTEX_POINT ( 'NONE', #6866 ) ;
#4999 = ADVANCED_FACE ( 'NONE', ( #6328 ), #7782, .T. ) ;
#5000 = CARTESIAN_POINT ( 'NONE',  ( -731.9583255132372400, 51.42483651098777400, 120.2886885644074400 ) ) ;
#5001 = VERTEX_POINT ( 'NONE', #5020 ) ;
#5002 = CARTESIAN_POINT ( 'NONE',  ( -668.2451320953587100, -18.12814719733356100, 741.1172714877069400 ) ) ;
#5003 = CARTESIAN_POINT ( 'NONE',  ( -738.9556303598669700, 137.5433357310170100, 105.5667516109170400 ) ) ;
#5004 = CARTESIAN_POINT ( 'NONE',  ( -662.6612734745401700, -74.72523552198850900, -699.9999996933071300 ) ) ;
#5005 = CARTESIAN_POINT ( 'NONE',  ( -939.9835165237942600, -42.61128733040318700, -57.08833847710509000 ) ) ;
#5006 = CARTESIAN_POINT ( 'NONE',  ( -861.6595126023505600, 94.40981206220433800, 100.0709689902535900 ) ) ;
#5007 = CARTESIAN_POINT ( 'NONE',  ( -15.43573885313832900, 296.0470230436027900, -144.1710938997145800 ) ) ;
#5008 = VECTOR ( 'NONE', #3952, 1000.000000000000200 ) ;
#5009 = CARTESIAN_POINT ( 'NONE',  ( -993.4323855455838800, 50.28470110477839900, 81.02694016188564800 ) ) ;
#5010 = CARTESIAN_POINT ( 'NONE',  ( -177.3348283677293300, 337.5733030154332800, 135.0848686226870300 ) ) ;
#5011 = DIRECTION ( 'NONE',  ( 0.0000000000000000000, 0.0000000000000000000, -1.000000000000000000 ) ) ;
#5012 = CARTESIAN_POINT ( 'NONE',  ( -463.5651015542642900, 17.47342239933954000, 209.7805853195551700 ) ) ;
#5013 = CARTESIAN_POINT ( 'NONE',  ( -668.2451320953584900, -5.192880041697213400, 762.5148773510815100 ) ) ;
#5014 = VECTOR ( 'NONE', #4808, 1000.000000000000000 ) ;
#5015 = CARTESIAN_POINT ( 'NONE',  ( -135.5457493999852500, 316.7100198675891000, -140.1674268814863900 ) ) ;
#5016 = EDGE_CURVE ( 'NONE', #3781, #2148, #2982, .T. ) ;
#5017 = CARTESIAN_POINT ( 'NONE',  ( -668.2451320953588300, -28.30951132759582800, -811.8351177951321900 ) ) ;
#5018 = CARTESIAN_POINT ( 'NONE',  ( -5.573319583618285800E-011, 400.0000000000000000, -119.9484447048561200 ) ) ;
#5019 = VERTEX_POINT ( 'NONE', #1359 ) ;
#5020 = CARTESIAN_POINT ( 'NONE',  ( -298.2451320953587700, 30.00000000000000000, -874.6142396099120300 ) ) ;
#5021 = AXIS2_PLACEMENT_3D ( 'NONE', #7433, #3156, #6257 ) ;
#5022 = VERTEX_POINT ( 'NONE', #1833 ) ;
#5023 = CARTESIAN_POINT ( 'NONE',  ( -5.573319583618285800E-011, 399.9999999999999400, 134.4721470217467600 ) ) ;
#5024 = PLANE ( 'NONE',  #2687 ) ;
#5025 = CARTESIAN_POINT ( 'NONE',  ( -668.2451320953584900, -31.11572221187178400, 800.5800149321279400 ) ) ;
#5026 = CARTESIAN_POINT ( 'NONE',  ( -665.3750538708358100, -71.95848188545551200, -699.9999996933069000 ) ) ;
#5027 = CARTESIAN_POINT ( 'NONE',  ( -860.4098711262598700, 89.05152174174578800, 107.8823380918498600 ) ) ;
#5028 = CARTESIAN_POINT ( 'NONE',  ( -55.03643332311077800, 288.0460605790395300, -142.8510707507155900 ) ) ;
#5029 = EDGE_CURVE ( 'NONE', #3183, #7927, #2492, .T. ) ;
#5030 = CARTESIAN_POINT ( 'NONE',  ( -439.1556025612816300, 231.5219260081761700, -650.0000000000000000 ) ) ;
#5031 = CARTESIAN_POINT ( 'NONE',  ( -668.2451320953587100, -80.00000000000000000, -649.9999996933067900 ) ) ;
#5032 = CARTESIAN_POINT ( 'NONE',  ( -919.2413854969704500, 76.35338900422773600, -82.74983294866861200 ) ) ;
#5033 = ORIENTED_EDGE ( 'NONE', *, *, #1184, .T. ) ;
#5034 = DIRECTION ( 'NONE',  ( 0.0000000000000000000, 0.0000000000000000000, -1.000000000000000000 ) ) ;
#5035 = CARTESIAN_POINT ( 'NONE',  ( -334.4625401839086300, 122.2302905045113700, 594.8760977917967200 ) ) ;
#5036 = CARTESIAN_POINT ( 'NONE',  ( -1022.807381789636600, 22.21082600251587300, 54.57398333969078400 ) ) ;
#5037 = CARTESIAN_POINT ( 'NONE',  ( -174.1189674324201100, 311.6024072408258100, -138.8816529470719000 ) ) ;
#5038 = CARTESIAN_POINT ( 'NONE',  ( -668.2451320953587100, -33.41415992668316900, -816.1488444811716400 ) ) ;
#5039 = ORIENTED_EDGE ( 'NONE', *, *, #2654, .F. ) ;
#5040 = CARTESIAN_POINT ( 'NONE',  ( -660.9290852636136200, -29.58390484887792800, 36.90695453431306600 ) ) ;
#5041 = CARTESIAN_POINT ( 'NONE',  ( -721.0375125829707500, -43.02027741034830700, 0.0000000000000000000 ) ) ;
#5042 = EDGE_CURVE ( 'NONE', #7658, #3159, #845, .T. ) ;
#5043 = EDGE_LOOP ( 'NONE', ( #2847, #4295, #6530, #2858, #493, #3833, #4989, #6355 ) ) ;
#5044 = EDGE_CURVE ( 'NONE', #4408, #6412, #3145, .T. ) ;
#5045 = FACE_OUTER_BOUND ( 'NONE', #458, .T. ) ;
#5046 = CARTESIAN_POINT ( 'NONE',  ( -768.5327727875547900, -49.25061185733253700, -64.44382433090153500 ) ) ;
#5047 = ORIENTED_EDGE ( 'NONE', *, *, #5142, .T. ) ;
#5048 = CARTESIAN_POINT ( 'NONE',  ( -396.7006316504052300, 94.88199682567854200, -509.9181256018205800 ) ) ;
#5049 = EDGE_CURVE ( 'NONE', #5502, #7182, #2957, .T. ) ;
#5050 = CARTESIAN_POINT ( 'NONE',  ( -979.4838755031083800, -40.41972416319696700, 20.83333333333332900 ) ) ;
#5051 = CARTESIAN_POINT ( 'NONE',  ( -258.7992690864762700, -17.35719864142587500, 823.1271152534436600 ) ) ;
#5052 = CARTESIAN_POINT ( 'NONE',  ( -739.1952091488486800, 138.3992726095371200, 103.3118623066079500 ) ) ;
#5053 = CARTESIAN_POINT ( 'NONE',  ( -180.9584184410036900, 20.00000000000000400, -587.2835585327839000 ) ) ;
#5054 = CARTESIAN_POINT ( 'NONE',  ( -859.9217381723970000, 87.29643628527276200, 109.4747449009596500 ) ) ;
#5055 = CARTESIAN_POINT ( 'NONE',  ( -463.2905875911834500, 16.42390844174383300, 209.7508163608554200 ) ) ;
#5056 = AXIS2_PLACEMENT_3D ( 'NONE', #299, #2114, #6425 ) ;
#5057 = CARTESIAN_POINT ( 'NONE',  ( -766.4218242343354200, 22.87750778772102900, -62.99228665743313400 ) ) ;
#5058 =( BOUNDED_CURVE ( )  B_SPLINE_CURVE ( 3, ( #4301, #611, #7262, #3040 ),
 .UNSPECIFIED., .F., .F. ) 
 B_SPLINE_CURVE_WITH_KNOTS ( ( 4, 4 ),
 ( 1.413447917221653000, 1.473146369680406800 ),
 .UNSPECIFIED. ) 
 CURVE ( )  GEOMETRIC_REPRESENTATION_ITEM ( )  RATIONAL_B_SPLINE_CURVE ( ( 1.000000000000000000, 0.9997030299482579900, 0.9997030299482579900, 1.000000000000000000 ) ) 
 REPRESENTATION_ITEM ( '' )  );
#5059 = VERTEX_POINT ( 'NONE', #4095 ) ;
#5060 = ADVANCED_FACE ( 'NONE', ( #477 ), #620, .T. ) ;
#5061 = CARTESIAN_POINT ( 'NONE',  ( -258.7992690864762700, -107.9167110779793600, -800.6157371971660300 ) ) ;
#5062 = CARTESIAN_POINT ( 'NONE',  ( -431.7996972888042800, -16.49221840523748400, 824.6142396099119200 ) ) ;
#5063 = CARTESIAN_POINT ( 'NONE',  ( -258.7992690864762700, -66.46948049213243300, 706.4000379258163800 ) ) ;
#5064 = CARTESIAN_POINT ( 'NONE',  ( -17.41861360943060100, 298.4579526749613500, -144.1049980745048100 ) ) ;
#5065 = CARTESIAN_POINT ( 'NONE',  ( -930.1676994236786400, 6.841560733069707500, -69.74076671785567800 ) ) ;
#5066 = AXIS2_PLACEMENT_3D ( 'NONE', #2313, #4240, #1755 ) ;
#5067 = CARTESIAN_POINT ( 'NONE',  ( -668.2451320953587100, -80.00000000000000000, 699.9999996933069000 ) ) ;
#5068 = ORIENTED_EDGE ( 'NONE', *, *, #5580, .F. ) ;
#5069 = CARTESIAN_POINT ( 'NONE',  ( -767.9768119110273100, 23.42789570974004900, -64.22119555543962100 ) ) ;
#5070 = ORIENTED_EDGE ( 'NONE', *, *, #3468, .T. ) ;
#5071 = CYLINDRICAL_SURFACE ( 'NONE', #2178, 558.8597215707702600 ) ;
#5072 = EDGE_CURVE ( 'NONE', #379, #5845, #2087, .T. ) ;
#5073 = VERTEX_POINT ( 'NONE', #3512 ) ;
#5074 = VECTOR ( 'NONE', #1482, 1000.000000000000000 ) ;
#5075 = CARTESIAN_POINT ( 'NONE',  ( -345.2162486971475300, 117.3747192612501500, -650.0000000000000000 ) ) ;
#5076 = CARTESIAN_POINT ( 'NONE',  ( -971.0375125829706300, -46.70541187800886000, -0.0000000000000000000 ) ) ;
#5077 = CARTESIAN_POINT ( 'NONE',  ( -308.7992690864780300, 20.00000000000000400, 511.6713962796286500 ) ) ;
#5078 = CARTESIAN_POINT ( 'NONE',  ( -663.5894368012466200, -73.38444626993892000, -699.9999996933070200 ) ) ;
#5079 = CARTESIAN_POINT ( 'NONE',  ( -168.3225630098066900, 20.00000000000000400, -559.2914513037541200 ) ) ;
#5080 = CARTESIAN_POINT ( 'NONE',  ( -16.07339118593051800, 295.7345216835909100, -144.1498388219548300 ) ) ;
#5081 = ORIENTED_EDGE ( 'NONE', *, *, #348, .T. ) ;
#5082 = FACE_OUTER_BOUND ( 'NONE', #2743, .T. ) ;
#5083 = FACE_OUTER_BOUND ( 'NONE', #3110, .T. ) ;
#5084 = VERTEX_POINT ( 'NONE', #7163 ) ;
#5085 = DIRECTION ( 'NONE',  ( -0.0000000000000000000, -1.000000000000000000, -0.0000000000000000000 ) ) ;
#5086 = CARTESIAN_POINT ( 'NONE',  ( -927.3335783567904400, 5.345646232141084500, 103.2736963770487400 ) ) ;
#5087 = CARTESIAN_POINT ( 'NONE',  ( -765.3909151170470300, 22.97846669128962200, 61.01435519763567300 ) ) ;
#5088 = CARTESIAN_POINT ( 'NONE',  ( -258.7992690864762700, -52.18108053550224000, 714.0588036273130700 ) ) ;
#5089 = CARTESIAN_POINT ( 'NONE',  ( -305.7796222206064300, -29.22750619321892500, -859.6683002727093000 ) ) ;
#5090 = CARTESIAN_POINT ( 'NONE',  ( -668.2451320953586000, -67.09938452567105600, -690.2157735028307600 ) ) ;
#5091 = CARTESIAN_POINT ( 'NONE',  ( -731.8328558798079900, 116.1642536705869700, -120.2911899988255700 ) ) ;
#5092 = VECTOR ( 'NONE', #1874, 1000.000000000000000 ) ;
#5093 = CARTESIAN_POINT ( 'NONE',  ( -930.0000000000557100, 6.857983858691640400, -49.73844108900407700 ) ) ;
#5094 = CARTESIAN_POINT ( 'NONE',  ( -145.1092144783944800, 281.1035127863676700, 239.9999999999999100 ) ) ;
#5095 = CARTESIAN_POINT ( 'NONE',  ( -22.25934159426252600, 304.9231767022383800, 239.9999999999999100 ) ) ;
#5096 = LINE ( 'NONE', #3673, #2501 ) ;
#5097 = CARTESIAN_POINT ( 'NONE',  ( -986.3543110252709300, 22.52543249267090200, -84.32346803299195400 ) ) ;
#5098 = CARTESIAN_POINT ( 'NONE',  ( -768.5786514484568700, -49.25060836388760100, 55.01547229766972400 ) ) ;
#5099 = CARTESIAN_POINT ( 'NONE',  ( -168.3225630098066600, 20.00000000000000400, 550.9581179704208600 ) ) ;
#5100 = ORIENTED_EDGE ( 'NONE', *, *, #4071, .F. ) ;
#5101 = CARTESIAN_POINT ( 'NONE',  ( 372.4007397240991400, -215.0000000000000600, -1100.000000000000000 ) ) ;
#5102 = CARTESIAN_POINT ( 'NONE',  ( -768.8179620895247100, -48.70710758324422300, 54.93176690019663500 ) ) ;
#5103 = CARTESIAN_POINT ( 'NONE',  ( -308.7992690864780300, 140.4205989181334900, 650.0000000000000000 ) ) ;
#5104 = ORIENTED_EDGE ( 'NONE', *, *, #3699, .F. ) ;
#5105 = SURFACE_STYLE_FILL_AREA ( #3491 ) ;
#5106 = CARTESIAN_POINT ( 'NONE',  ( -2.007659678219818200E-013, 274.9999999999999400, 649.9999996933070200 ) ) ;
#5107 = CARTESIAN_POINT ( 'NONE',  ( -920.3040779020315100, 72.40355017324031900, -93.56937122821923900 ) ) ;
#5108 = CARTESIAN_POINT ( 'NONE',  ( -534.0300862400527000, -11.13421401238157100, 0.0000000000000000000 ) ) ;
#5109 = CARTESIAN_POINT ( 'NONE',  ( -268.6223093024449900, 274.9999999999998900, -635.2353004871700900 ) ) ;
#5110 = CARTESIAN_POINT ( 'NONE',  ( -311.7276876134812900, -21.29331452451088700, -848.3071585848731500 ) ) ;
#5111 = EDGE_CURVE ( 'NONE', #5656, #2615, #3160, .T. ) ;
#5112 = CARTESIAN_POINT ( 'NONE',  ( -931.3328229660517100, 6.727457953894219000, -69.69583524147925900 ) ) ;
#5113 = LINE ( 'NONE', #7541, #6936 ) ;
#5114 = CARTESIAN_POINT ( 'NONE',  ( -258.7992690864762700, -16.71658094307100100, -780.8515639854987300 ) ) ;
#5115 = CARTESIAN_POINT ( 'NONE',  ( -769.8717750617798900, 23.42789570974004900, -64.72954130641744500 ) ) ;
#5116 = CARTESIAN_POINT ( 'NONE',  ( -974.7195593237248700, -41.14360454799182100, -312.7510206763798200 ) ) ;
#5117 = CARTESIAN_POINT ( 'NONE',  ( -165.2299564291248800, 283.5679111616783000, 240.0000000000000300 ) ) ;
#5118 = CARTESIAN_POINT ( 'NONE',  ( -21.27528866826829200, 304.6858783678541200, 239.9999999999999100 ) ) ;
#5119 = CARTESIAN_POINT ( 'NONE',  ( -668.2451320953587100, -80.00000000000000000, -689.9999996933069000 ) ) ;
#5120 = CARTESIAN_POINT ( 'NONE',  ( -258.7992690864762700, -40.11362150476461600, 864.7150510341126600 ) ) ;
#5121 = DIRECTION ( 'NONE',  ( -0.9427946626885517200, -0.3318894391366361600, -0.03142648875628401000 ) ) ;
#5122 = CARTESIAN_POINT ( 'NONE',  ( -598.2451320953588300, -33.88587052848078000, -824.6142396099121500 ) ) ;
#5123 = CARTESIAN_POINT ( 'NONE',  ( -977.9970575583963600, 32.06201920788350200, 87.52448106196239100 ) ) ;
#5124 = CARTESIAN_POINT ( 'NONE',  ( -915.5185338083306300, 25.35579684836400100, -105.7435255638030500 ) ) ;
#5125 = CARTESIAN_POINT ( 'NONE',  ( -1010.857640209273800, 0.6515405517213944700, 33.48532719775536000 ) ) ;
#5126 = CARTESIAN_POINT ( 'NONE',  ( -1095.985989272548300, -4.132727096621547200, -5.267150036410193100 ) ) ;
#5127 = ORIENTED_EDGE ( 'NONE', *, *, #762, .F. ) ;
#5128 = VERTEX_POINT ( 'NONE', #6585 ) ;
#5129 = VERTEX_POINT ( 'NONE', #7188 ) ;
#5130 = DIRECTION ( 'NONE',  ( 1.000000000000000000, 0.0000000000000000000, 0.0000000000000000000 ) ) ;
#5131 = CARTESIAN_POINT ( 'NONE',  ( -372.5348950174883400, -70.22633323589323600, 699.9999996933069000 ) ) ;
#5132 = CARTESIAN_POINT ( 'NONE',  ( -919.0409262160698100, 63.02909517864819800, -102.5518178517572100 ) ) ;
#5133 = CARTESIAN_POINT ( 'NONE',  ( -1021.074700142277300, 20.99602887136791600, 56.80099378340700200 ) ) ;
#5134 = CARTESIAN_POINT ( 'NONE',  ( -307.3198305091614800, -26.26327287633317900, -855.8515029987758000 ) ) ;
#5135 = ADVANCED_FACE ( 'NONE', ( #1909 ), #2779, .T. ) ;
#5136 = ORIENTED_EDGE ( 'NONE', *, *, #7783, .F. ) ;
#5137 = CARTESIAN_POINT ( 'NONE',  ( -668.2451320953589400, -28.30951132759586000, -707.7791215080868600 ) ) ;
#5138 = CARTESIAN_POINT ( 'NONE',  ( -1065.985259395874000, -2.446666895098622300, -28.49624214907534600 ) ) ;
#5139 = CARTESIAN_POINT ( 'NONE',  ( -258.7992690864762700, -21.70599569915762600, -764.9028284886316000 ) ) ;
#5140 = ORIENTED_EDGE ( 'NONE', *, *, #3626, .T. ) ;
#5141 = EDGE_CURVE ( 'NONE', #5753, #6495, #42, .T. ) ;
#5142 = EDGE_CURVE ( 'NONE', #3049, #2490, #4691, .T. ) ;
#5143 = CARTESIAN_POINT ( 'NONE',  ( -769.4025474927482300, 23.42789570974004900, -64.67269670123501200 ) ) ;
#5144 = CARTESIAN_POINT ( 'NONE',  ( -929.9999970323415300, -44.47907115696418900, 49.73844108900585300 ) ) ;
#5145 = CARTESIAN_POINT ( 'NONE',  ( -150.5777096849991800, 281.0421257126615700, 239.9999999999999700 ) ) ;
#5146 = EDGE_LOOP ( 'NONE', ( #7625, #1778, #7881, #1584, #746, #1652, #7642, #6870, #2700, #3223, #4399, #5254 ) ) ;
#5147 = CARTESIAN_POINT ( 'NONE',  ( -22.31946641790906200, 304.9374080122051400, 239.9999999999999100 ) ) ;
#5148 = DIRECTION ( 'NONE',  ( -0.0000000000000000000, -0.0000000000000000000, -1.000000000000000000 ) ) ;
#5149 = CARTESIAN_POINT ( 'NONE',  ( -258.7992690864762700, -38.43300487926271800, 862.8926662302110300 ) ) ;
#5150 = CARTESIAN_POINT ( 'NONE',  ( -728.8146454189196700, 26.56045258090649600, 95.29810048309465700 ) ) ;
#5151 = CARTESIAN_POINT ( 'NONE',  ( -348.2451320953590000, 30.00000000000000000, -874.6142396099116900 ) ) ;
#5152 = PLANE ( 'NONE',  #956 ) ;
#5153 = CARTESIAN_POINT ( 'NONE',  ( -905.4418960678215200, 22.92636367943854500, -107.7457635968348500 ) ) ;
#5154 = CARTESIAN_POINT ( 'NONE',  ( -1017.022594408235100, 0.3050661838742067500, -1.708057995726816500 ) ) ;
#5155 = CARTESIAN_POINT ( 'NONE',  ( -1016.962854122503800, 0.3084236261302046900, 4.280663574969361600 ) ) ;
#5156 = CARTESIAN_POINT ( 'NONE',  ( -145.9212294459437700, 322.9401957125432400, 240.0000000000000300 ) ) ;
#5157 = VERTEX_POINT ( 'NONE', #3396 ) ;
#5158 = CARTESIAN_POINT ( 'NONE',  ( -731.8165205886455200, 51.46764385215513500, -120.2917345085309900 ) ) ;
#5159 = CARTESIAN_POINT ( 'NONE',  ( -1027.248464966459100, 26.12237371519225000, 46.04358202085152400 ) ) ;
#5160 = VERTEX_POINT ( 'NONE', #3456 ) ;
#5161 = CARTESIAN_POINT ( 'NONE',  ( -711.8568504542175800, -28.00425256398110500, 269.8670942215699100 ) ) ;
#5162 = CARTESIAN_POINT ( 'NONE',  ( -766.2241844022841000, 22.89686303486236300, 62.74338315269044100 ) ) ;
#5163 = CARTESIAN_POINT ( 'NONE',  ( -193.5202520707959800, 20.00000000000000400, -595.3310038318180700 ) ) ;
#5164 = CARTESIAN_POINT ( 'NONE',  ( -938.1732235381845200, 6.057564429672670900, -53.54115432636972100 ) ) ;
#5165 = CARTESIAN_POINT ( 'NONE',  ( -1007.589910239763600, 0.8351890653911300300, -39.56955737032578900 ) ) ;
#5166 = CARTESIAN_POINT ( 'NONE',  ( -258.7992690864762200, -29.15084890883186100, -750.5852178533861000 ) ) ;
#5167 = FACE_OUTER_BOUND ( 'NONE', #1037, .T. ) ;
#5168 = ORIENTED_EDGE ( 'NONE', *, *, #3070, .F. ) ;
#5169 = LINE ( 'NONE', #1802, #6905 ) ;
#5170 = ORIENTED_EDGE ( 'NONE', *, *, #1595, .T. ) ;
#5171 = CARTESIAN_POINT ( 'NONE',  ( -185.7966739455694100, 334.5945025469532100, 136.1552552336549100 ) ) ;
#5172 = CARTESIAN_POINT ( 'NONE',  ( -939.5870448557457200, -44.47907115696418900, 63.66822034062012400 ) ) ;
#5173 = ORIENTED_EDGE ( 'NONE', *, *, #7497, .T. ) ;
#5174 = CARTESIAN_POINT ( 'NONE',  ( -139.1497956725028500, 281.6831683071918100, 239.9999999999999100 ) ) ;
#5175 = EDGE_CURVE ( 'NONE', #7193, #534, #224, .T. ) ;
#5176 = CARTESIAN_POINT ( 'NONE',  ( -42.17488456791018300, 308.7386130745508100, 239.9999999999999400 ) ) ;
#5177 = ADVANCED_FACE ( 'NONE', ( #2759 ), #5071, .T. ) ;
#5178 = DIRECTION ( 'NONE',  ( -0.0000000000000000000, -1.000000000000000000, -0.0000000000000000000 ) ) ;
#5179 = AXIS2_PLACEMENT_3D ( 'NONE', #5336, #2348, #7841 ) ;
#5180 = CARTESIAN_POINT ( 'NONE',  ( -516.1611622597005200, 10.16888668989803100, 210.4185866888561500 ) ) ;
#5181 = CARTESIAN_POINT ( 'NONE',  ( 2.038546750207003200E-013, 274.9999999999999400, -659.9999996933066800 ) ) ;
#5182 = CARTESIAN_POINT ( 'NONE',  ( -258.7992690864762700, -80.00000000000000000, -689.9999996933069000 ) ) ;
#5183 = EDGE_LOOP ( 'NONE', ( #7677, #3226, #1138, #1944, #7584, #4274 ) ) ;
#5184 = CARTESIAN_POINT ( 'NONE',  ( -1009.714037273032900, 0.7158117679567064200, 35.79918301487890600 ) ) ;
#5185 = CARTESIAN_POINT ( 'NONE',  ( -1091.008725230450200, -3.853001674991345400, 10.59093069474820000 ) ) ;
#5186 = CARTESIAN_POINT ( 'NONE',  ( -150.4978439226371400, 322.9610472915689500, 239.9999999999999700 ) ) ;
#5187 = CARTESIAN_POINT ( 'NONE',  ( -168.3225630098067400, 20.00000000000000400, 559.2914513037541200 ) ) ;
#5188 = CARTESIAN_POINT ( 'NONE',  ( -1030.030941500316700, 29.89683454031776900, 36.17277724533821700 ) ) ;
#5189 = DIRECTION ( 'NONE',  ( 0.8977191870810249400, 0.3160216421387596100, -0.3069700031705147600 ) ) ;
#5190 = CARTESIAN_POINT ( 'NONE',  ( -1002.015125049141100, 1.148495557616122900, 47.28594084114397600 ) ) ;
#5191 = CARTESIAN_POINT ( 'NONE',  ( -765.2644063370273700, 22.99085593832256400, 59.09770407545971700 ) ) ;
#5192 = CARTESIAN_POINT ( 'NONE',  ( -218.9386825770061200, 274.9999999999999400, -597.6521590667473400 ) ) ;
#5193 = FACE_OUTER_BOUND ( 'NONE', #2335, .T. ) ;
#5194 = CARTESIAN_POINT ( 'NONE',  ( -215.9181161961220400, 20.00000000000000000, -627.5920786935258800 ) ) ;
#5195 = CARTESIAN_POINT ( 'NONE',  ( -931.6745358331172600, 6.693993358600903500, 69.65518124840765800 ) ) ;
#5196 = CARTESIAN_POINT ( 'NONE',  ( -1043.268415837699400, -1.169965762017712000, -43.92755575091424400 ) ) ;
#5197 = CARTESIAN_POINT ( 'NONE',  ( -258.7992690864762200, -65.48362113474426800, -717.4542632198617900 ) ) ;
#5198 = EDGE_CURVE ( 'NONE', #3535, #338, #3545, .T. ) ;
#5199 = VECTOR ( 'NONE', #427, 1000.000000000000000 ) ;
#5200 = DIRECTION ( 'NONE',  ( 0.0000000000000000000, 0.0000000000000000000, -1.000000000000000000 ) ) ;
#5201 = CARTESIAN_POINT ( 'NONE',  ( -939.5843747981613200, -44.47907115696418900, 55.80193453844437800 ) ) ;
#5202 = MANIFOLD_SOLID_BREP ( 'Loft17', #4656 ) ;
#5203 = CARTESIAN_POINT ( 'NONE',  ( -132.9917051831889400, 282.4712867000051800, 239.9999999999999700 ) ) ;
#5204 = EDGE_LOOP ( 'NONE', ( #4272, #1047, #92, #5824, #7629 ) ) ;
#5205 = CARTESIAN_POINT ( 'NONE',  ( -126.5961245001608400, 320.7024765162766500, 239.9999999999999700 ) ) ;
#5206 = CARTESIAN_POINT ( 'NONE',  ( -767.2398480514914400, 23.42730997547047500, 63.76625900012461300 ) ) ;
#5207 = FACE_OUTER_BOUND ( 'NONE', #6432, .T. ) ;
#5208 = ORIENTED_EDGE ( 'NONE', *, *, #5994, .T. ) ;
#5209 = CARTESIAN_POINT ( 'NONE',  ( -402.1278491810006700, 89.06279344930800300, 509.9275718732693000 ) ) ;
#5210 = DIRECTION ( 'NONE',  ( 0.0000000000000000000, 0.0000000000000000000, -1.000000000000000000 ) ) ;
#5211 = CARTESIAN_POINT ( 'NONE',  ( -413.0707898217584700, 61.93453721306585200, 650.0000000000000000 ) ) ;
#5212 = CARTESIAN_POINT ( 'NONE',  ( -946.6323550810456000, 5.229145482369199600, 82.69788485976980000 ) ) ;
#5213 = CARTESIAN_POINT ( 'NONE',  ( -1082.425021963722900, -3.370592062999642600, 17.22455559040390600 ) ) ;
#5214 = CARTESIAN_POINT ( 'NONE',  ( -155.9972209353808800, 322.4614547357144300, 239.9999999999999100 ) ) ;
#5215 = CARTESIAN_POINT ( 'NONE',  ( -1028.761471354944700, 37.16737571729766600, 5.660239285297022200 ) ) ;
#5216 = CARTESIAN_POINT ( 'NONE',  ( -1008.212232475854500, 0.8002141578293234800, 70.42764506400210700 ) ) ;
#5217 = CARTESIAN_POINT ( 'NONE',  ( -182.3047893437291400, 309.6131233029224200, 138.6087922166949800 ) ) ;
#5218 = CARTESIAN_POINT ( 'NONE',  ( -15.23484172227306000, 301.3041336190506200, 144.1777904707434700 ) ) ;
#5219 = CARTESIAN_POINT ( 'NONE',  ( -314.6941615486364300, -15.22942082273687900, -837.3651562063953400 ) ) ;
#5220 = CARTESIAN_POINT ( 'NONE',  ( -938.7449902494007600, 6.001570220975436200, 54.34539040701482500 ) ) ;
#5221 = CARTESIAN_POINT ( 'NONE',  ( -1015.482021776693200, 0.3916473508074712100, -18.78662197519830800 ) ) ;
#5222 = CARTESIAN_POINT ( 'NONE',  ( -668.2451320953584900, -64.21129738992327400, -700.7106441597984500 ) ) ;
#5223 = B_SPLINE_CURVE_WITH_KNOTS ( 'NONE', 3,
 ( #6943, #3277, #3850, #157, #3253, #7000, #4459, #777, #6969, #1387, #4526, #3926, #6309, #5118, #233, #5681, #6917, #5095, #1440, #5147, #2053, #1468, #6360, #5758, #2167, #5906, #4612, #7680, #7141, #5176, #3459, #2222, #7083, #6537, #6450, #7026, #5230, #349, #3338, #261, #3399, #4011, #4044, #318, #4666, #3956, #4552, #913, #5848, #7112, #6477, #2781, #881, #3367, #2840, #291, #4641, #2752, #942, #2136, #7055, #1495, #1583, #5786, #1555, #5813, #7713, #2107, #976, #4579, #6419, #5260, #7648, #5878, #1003, #2721, #3984, #5205, #1529, #2199, #6506, #2813, #3430, #7739, #4072, #381, #5293, #1610, #4721, #410, #5348, #3488, #4129, #7768, #2869, #5320, #1668, #1641, #4692, #4098, #5933, #2248, #1030, #6563, #7799, #7166, #435, #1058, #6458, #2177, #4561, #4620, #2089, #7723, #5767, #5859, #5793, #3347, #6428, #984, #5270, #6485, #6402, #1592, #4053, #2732, #3378, #4647, #7120, #862, #3992, #3440, #7092, #4081, #3411, #3316, #7065, #2703, #2116, #7009, #5156, #7750, #7624, #4536, #2819, #7692, #1477, #7037, #3966, #5822, #953, #271, #891, #4021, #5186, #1504, #359, #2207, #2791, #2146, #301, #2761, #5888, #327, #5242, #7657, #4587, #923, #5214, #1566, #1537, #6514, #6571, #725, #7939, #1124, #4275, #3529, #7811, #476, #2236, #2291, #7206, #2931, #6003, #7177, #4168, #2342, #1737, #5439, #4191, #4764, #3557, #6546, #506, #4705, #5947, #7150, #6601, #3497, #3471, #2908, #1706, #7781, #7233, #1654, #1040, #4789, #6031, #5330, #2956, #1125, #7860, #5412, #2262, #4219, #530, #4113, #6651, #7258, #4821, #422, #4142, #6574, #451, #6625, #5360, #3588, #2852, #7889, #1147, #2881, #5920, #4737, #1072, #1681, #5975, #1099, #7835, #5389, #2319, #3088, #6117, #7391, #5541, #45, #4345, #3667, #7361, #1790, #1840, #7285, #4931, #2985, #3063, #3009, #585, #3636, #6171, #2470 ),
 .UNSPECIFIED., .F., .F.,
 ( 4, 1, 1, 1, 1, 1, 2, 2, 1, 1, 1, 1, 1, 1, 2, 2, 1, 1, 1, 1, 1, 1, 1, 1, 2, 2, 1, 1, 1, 1, 1, 1, 1, 1, 1, 2, 2, 1, 1, 1, 1, 1, 1, 1, 1, 1, 2, 2, 1, 1, 1, 1, 1, 1, 1, 1, 2, 2, 1, 1, 1, 1, 1, 1, 1, 1, 2, 2, 1, 1, 1, 1, 1, 1, 1, 1, 2, 2, 1, 1, 1, 1, 1, 1, 1, 1, 1, 2, 2, 1, 1, 1, 1, 2, 2, 1, 1, 1, 1, 2, 2, 1, 1, 1, 1, 1, 2, 2, 1, 1, 1, 1, 2, 2, 1, 1, 1, 1, 2, 2, 1, 1, 1, 1, 2, 2, 1, 1, 1, 2, 2, 1, 1, 1, 2, 2, 1, 1, 1, 2, 2, 1, 1, 1, 2, 2, 1, 1, 1, 2, 2, 1, 1, 1, 1, 2, 2, 1, 1, 1, 1, 2, 2, 1, 1, 1, 1, 2, 2, 1, 1, 1, 2, 2, 1, 1, 1, 2, 2, 1, 1, 1, 2, 2, 1, 1, 1, 2, 2, 1, 1, 1, 2, 2, 1, 1, 1, 2, 2, 4 ),
 ( 0.0000000000000000000, 0.03124999999984432600, 0.04687499999976525700, 0.05468749999972567800, 0.05859374999970536800, 0.06054687499969575700, 0.06152343749969146200, 0.06249999999968716700, 0.09374999999956783200, 0.1093749999995082400, 0.1171874999994784300, 0.1210937499994635300, 0.1230468749994560300, 0.1240234374994521300, 0.1245117187494500100, 0.1249999999994479100, 0.1874999999991667500, 0.2187499999990263100, 0.2343749999989561100, 0.2421874999989210300, 0.2460937499989035200, 0.2480468749988947200, 0.2490234374988903000, 0.2495117187488880600, 0.2497558593738869700, 0.2499999999988858900, 0.3124999999986357600, 0.3437499999985107500, 0.3593749999984483000, 0.3671874999984171600, 0.3710937499984016100, 0.3730468749983939500, 0.3740234374983900700, 0.3745117187483880100, 0.3747558593733870700, 0.3748779296858865100, 0.3749999999983859600, 0.4374999999980934100, 0.4687499999979471400, 0.4843749999978740900, 0.4921874999978376200, 0.4960937499978195200, 0.4980468749978105300, 0.4990234374978060900, 0.4995117187478038100, 0.4997558593728026500, 0.4998779296853020400, 0.4999999999978014300, 0.5312499999976221200, 0.5468749999975324200, 0.5546874999974874500, 0.5585937499974651400, 0.5605468749974540400, 0.5615234374974484900, 0.5620117187474458200, 0.5622558593724444900, 0.5623779296849437100, 0.5624999999974430500, 0.5937499999972506400, 0.6093749999971543900, 0.6171874999971063100, 0.6210937499970821100, 0.6230468749970700100, 0.6240234374970640200, 0.6245117187470610200, 0.6247558593720594600, 0.6248779296845588000, 0.6249999999970580200, 0.6406249999969198000, 0.6484374999968510700, 0.6523437499968165500, 0.6542968749967993400, 0.6552734374967907900, 0.6557617187467864600, 0.6560058593717843500, 0.6561279296842835700, 0.6561889648405329100, 0.6562499999967822400, 0.6718749999966336900, 0.6796874999965596400, 0.6835937499965226700, 0.6855468749965043500, 0.6865234374964944700, 0.6870117187464888100, 0.6872558593714861400, 0.6873779296839839200, 0.6874389648402335900, 0.6874694824183589200, 0.6874999999964843700, 0.6914062499965326600, 0.6933593749965570900, 0.6943359374965694100, 0.6948242187465755200, 0.6950683593715784000, 0.6953124999965812900, 0.6992187499966217000, 0.7011718749966414600, 0.7021484374966515700, 0.7026367187466564500, 0.7028808593716591200, 0.7031249999966617800, 0.7109374999967359400, 0.7148437499967728000, 0.7167968749967912300, 0.7177734374968002300, 0.7182617187468044500, 0.7185058593718067800, 0.7187499999968091100, 0.7265624999968864900, 0.7304687499969249000, 0.7324218749969437800, 0.7333984374969532100, 0.7338867187469581000, 0.7343749999969628700, 0.7421874999970343700, 0.7460937499970701200, 0.7480468749970882200, 0.7490234374970975400, 0.7495117187471018700, 0.7499999999971062000, 0.7578124999971794800, 0.7617187499972161200, 0.7636718749972346600, 0.7646484374972438700, 0.7651367187472485300, 0.7656249999972532000, 0.7734374999973300200, 0.7773437499973687700, 0.7792968749973880900, 0.7802734374973980800, 0.7812499999974080700, 0.7890624999974907800, 0.7929687499975323100, 0.7949218749975529600, 0.7958984374975631700, 0.7968749999975733900, 0.8046874999976557600, 0.8085937499976970600, 0.8105468749977174900, 0.8115234374977274800, 0.8124999999977374800, 0.8203124999978195200, 0.8242187499978606000, 0.8261718749978812500, 0.8271484374978914600, 0.8281249999979016800, 0.8359374999979853900, 0.8398437499980270200, 0.8417968749980480100, 0.8427734374980585500, 0.8437499999980691000, 0.8515624999981514800, 0.8554687499981927800, 0.8574218749982135400, 0.8583984374982242000, 0.8588867187482293100, 0.8593749999982344100, 0.8671874999983183500, 0.8710937499983602000, 0.8730468749983810700, 0.8740234374983917300, 0.8745117187483970600, 0.8749999999984023900, 0.8828124999984902100, 0.8867187499985339500, 0.8886718749985558200, 0.8896484374985669200, 0.8901367187485725900, 0.8906249999985781400, 0.8984374999986696200, 0.9023437499987155800, 0.9042968749987383400, 0.9052734374987501100, 0.9062499999987619900, 0.9140624999988595800, 0.9179687499989083200, 0.9199218749989330800, 0.9208984374989456200, 0.9218749999989581700, 0.9296874999990618600, 0.9335937499991142600, 0.9355468749991402400, 0.9365234374991537900, 0.9374999999991673300, 0.9453124999992758000, 0.9492187499993297600, 0.9511718749993562900, 0.9521484374993696200, 0.9531249999993829400, 0.9609374999994860800, 0.9648437499995375900, 0.9667968749995640200, 0.9677734374995766700, 0.9687499999995893300, 0.9765624999996955800, 0.9804687499997485300, 0.9824218749997747400, 0.9833984374997872800, 0.9843749999997998300, 1.000000000000000000 ),
 .UNSPECIFIED. ) ;
#5224 = EDGE_CURVE ( 'NONE', #5509, #572, #7090, .T. ) ;
#5225 = VERTEX_POINT ( 'NONE', #7872 ) ;
#5226 = CARTESIAN_POINT ( 'NONE',  ( -728.6948296965165400, 26.57218991196057100, 95.30066013804292900 ) ) ;
#5227 = EDGE_LOOP ( 'NONE', ( #7827, #6445, #3605, #2358, #6242, #286 ) ) ;
#5228 = CARTESIAN_POINT ( 'NONE',  ( -931.4234246686644400, 7.164169369840226200, 49.79444041411186800 ) ) ;
#5229 = CARTESIAN_POINT ( 'NONE',  ( -114.4816291304548500, 284.8762958284193000, 239.9999999999999400 ) ) ;
#5230 = CARTESIAN_POINT ( 'NONE',  ( -67.19830715935459900, 312.6239139472021400, 240.0000000000000000 ) ) ;
#5231 = VERTEX_POINT ( 'NONE', #5504 ) ;
#5232 = FACE_OUTER_BOUND ( 'NONE', #5227, .T. ) ;
#5233 = CARTESIAN_POINT ( 'NONE',  ( -184.6267484020527300, 302.0000000000000600, 239.9999999999999100 ) ) ;
#5234 = CARTESIAN_POINT ( 'NONE',  ( -770.0143880533164500, 23.42730997547047500, 64.73573041319514200 ) ) ;
#5235 = DIRECTION ( 'NONE',  ( 1.000000000000000000, 0.0000000000000000000, 0.0000000000000000000 ) ) ;
#5236 = CARTESIAN_POINT ( 'NONE',  ( -918.2231727208929900, 76.76039560137643000, -81.39884599997171200 ) ) ;
#5237 = ORIENTED_EDGE ( 'NONE', *, *, #1582, .F. ) ;
#5238 = DIRECTION ( 'NONE',  ( -0.0000000000000000000, -0.0000000000000000000, 1.000000000000000000 ) ) ;
#5239 = CARTESIAN_POINT ( 'NONE',  ( -729.2467929460001400, 29.10913716925356500, -106.3852318641590400 ) ) ;
#5240 = CARTESIAN_POINT ( 'NONE',  ( -668.2451320953587100, -70.00000000000000000, 689.9999996933069000 ) ) ;
#5241 = CARTESIAN_POINT ( 'NONE',  ( -1029.209854915585300, 36.75832852658398800, -9.253439043347258400 ) ) ;
#5242 = CARTESIAN_POINT ( 'NONE',  ( -154.4379478435263000, 322.6624567202409300, 239.9999999999999700 ) ) ;
#5243 = CARTESIAN_POINT ( 'NONE',  ( -168.3225630098066900, 20.00000000000000400, -559.2914513037541200 ) ) ;
#5244 = CARTESIAN_POINT ( 'NONE',  ( -1029.379929690150400, 28.80979282464815200, 39.17832880958238200 ) ) ;
#5245 = CARTESIAN_POINT ( 'NONE',  ( -413.4222416891278700, 71.91118529648198900, 453.0067876111058400 ) ) ;
#5246 = CARTESIAN_POINT ( 'NONE',  ( -304.2931557329911800, -70.31111183519266200, -699.9999996933064500 ) ) ;
#5247 = CARTESIAN_POINT ( 'NONE',  ( -728.6207401753297300, -21.08220599310537600, -269.8644133654630100 ) ) ;
#5248 = CARTESIAN_POINT ( 'NONE',  ( -14.94393524236707200, 301.5129111320169400, 144.1874873534069900 ) ) ;
#5249 = CARTESIAN_POINT ( 'NONE',  ( -969.7160865310210100, 2.968511466840130000, -69.31006580178682000 ) ) ;
#5250 = CARTESIAN_POINT ( 'NONE',  ( -932.6403909182506600, 6.599405320949582400, 50.00271779799717100 ) ) ;
#5251 = CARTESIAN_POINT ( 'NONE',  ( -1047.477910732810900, -1.406542066656857800, -41.11107544424899600 ) ) ;
#5252 = CARTESIAN_POINT ( 'NONE',  ( -258.7992690864762200, -26.43457880943122300, -846.0885425870723100 ) ) ;
#5253 = EDGE_LOOP ( 'NONE', ( #2198, #7154, #583, #1490, #29, #4735 ) ) ;
#5254 = ORIENTED_EDGE ( 'NONE', *, *, #2744, .T. ) ;
#5255 = CARTESIAN_POINT ( 'NONE',  ( -729.1387881644699300, 28.41802251108948600, 104.9133078089565900 ) ) ;
#5256 = CARTESIAN_POINT ( 'NONE',  ( -977.9970575583950000, 32.06201920788375000, -87.52448106196145300 ) ) ;
#5257 = CARTESIAN_POINT ( 'NONE',  ( -770.0781440828610600, -51.00000000000041200, -64.73844108900408400 ) ) ;
#5258 = CARTESIAN_POINT ( 'NONE',  ( -126.7342837121209000, 283.2796334840416500, 239.9999999999999400 ) ) ;
#5259 = ORIENTED_EDGE ( 'NONE', *, *, #1436, .T. ) ;
#5260 = CARTESIAN_POINT ( 'NONE',  ( -118.7666114414153800, 319.6852433380353800, 239.9999999999999100 ) ) ;
#5261 = CARTESIAN_POINT ( 'NONE',  ( -1021.074700142277500, 20.99602887136791600, -56.80099378340560900 ) ) ;
#5262 = CARTESIAN_POINT ( 'NONE',  ( -766.0237882265628300, 23.42730997547047500, 56.98650297030329200 ) ) ;
#5263 = DIRECTION ( 'NONE',  ( 0.9995115994824671500, 0.0000000000000000000, 0.03125000000000000700 ) ) ;
#5264 = CARTESIAN_POINT ( 'NONE',  ( -732.9069354061400600, 119.2305944951993600, -120.0956647967962900 ) ) ;
#5265 = CARTESIAN_POINT ( 'NONE',  ( -933.9294558982217000, -44.47907115696418900, 69.08462895828178300 ) ) ;
#5266 = CARTESIAN_POINT ( 'NONE',  ( -816.7955859976685800, -51.19936733089447500, 53.27780756225664800 ) ) ;
#5267 = DIRECTION ( 'NONE',  ( 0.0000000000000000000, 0.0000000000000000000, 1.000000000000000000 ) ) ;
#5268 = VECTOR ( 'NONE', #1639, 1000.000000000000000 ) ;
#5269 = CARTESIAN_POINT ( 'NONE',  ( -1025.528095748797800, 24.49074053889314900, 49.74942052518742500 ) ) ;
#5270 = CARTESIAN_POINT ( 'NONE',  ( -140.5417961936678400, 322.4821584056415400, 239.9999999999999400 ) ) ;
#5271 = ORIENTED_EDGE ( 'NONE', *, *, #5044, .T. ) ;
#5272 = LINE ( 'NONE', #2853, #169 ) ;
#5273 = EDGE_CURVE ( 'NONE', #5084, #5274, #3438, .T. ) ;
#5274 = VERTEX_POINT ( 'NONE', #7923 ) ;
#5275 = CARTESIAN_POINT ( 'NONE',  ( -728.6948296965529200, 26.57218991195626500, -95.30066013804095300 ) ) ;
#5276 = CARTESIAN_POINT ( 'NONE',  ( -668.2451320953587100, -80.00000000000000000, -699.9999996933069000 ) ) ;
#5277 = VERTEX_POINT ( 'NONE', #4887 ) ;
#5278 = FACE_OUTER_BOUND ( 'NONE', #7533, .T. ) ;
#5279 = CARTESIAN_POINT ( 'NONE',  ( -173.0887365068604400, 317.3384527356675400, 138.9159939779239300 ) ) ;
#5280 = CARTESIAN_POINT ( 'NONE',  ( -738.3330176091544700, -29.44950962140120900, 0.0000000000000000000 ) ) ;
#5281 = CARTESIAN_POINT ( 'NONE',  ( -342.6364562004772000, 111.5216994009667400, -650.0000000000000000 ) ) ;
#5282 = CARTESIAN_POINT ( 'NONE',  ( -260.8454476583019100, 274.9999999999999400, -642.1225899156369200 ) ) ;
#5283 = FACE_OUTER_BOUND ( 'NONE', #4685, .T. ) ;
#5284 = CARTESIAN_POINT ( 'NONE',  ( -933.6058714641571900, 6.504853962641778500, 50.28512632508056200 ) ) ;
#5285 = CARTESIAN_POINT ( 'NONE',  ( -663.8386057917962300, -73.14621178455820400, 699.9999996933069000 ) ) ;
#5286 = CARTESIAN_POINT ( 'NONE',  ( -746.0077781887259800, 400.0000000000000000, 590.9171423417182000 ) ) ;
#5287 = ORIENTED_EDGE ( 'NONE', *, *, #3366, .T. ) ;
#5288 = CARTESIAN_POINT ( 'NONE',  ( -598.2451320953588300, 30.00000000000000000, 824.6142396099121500 ) ) ;
#5289 = CARTESIAN_POINT ( 'NONE',  ( -1022.618064124026500, 20.59956216882292800, -54.99600975411300400 ) ) ;
#5290 = DIRECTION ( 'NONE',  ( 0.9994449069791543300, 0.0000000000000000000, 0.03331483023263736400 ) ) ;
#5291 = CARTESIAN_POINT ( 'NONE',  ( -69.74325268159643100, 291.0056760724659200, 239.9999999999999100 ) ) ;
#5292 = EDGE_CURVE ( 'NONE', #2486, #572, #1810, .T. ) ;
#5293 = CARTESIAN_POINT ( 'NONE',  ( -132.1863798302623000, 321.4248559081115700, 239.9999999999999400 ) ) ;
#5294 = VECTOR ( 'NONE', #4832, 1000.000000000000000 ) ;
#5295 = CARTESIAN_POINT ( 'NONE',  ( -184.6267484020529500, 296.8509855691290200, -239.9999999999997700 ) ) ;
#5296 = CARTESIAN_POINT ( 'NONE',  ( -767.7837809538689300, 23.42730997547047500, 64.10548462347611600 ) ) ;
#5297 = CARTESIAN_POINT ( 'NONE',  ( -731.6540543439579100, 49.79367726020525700, -120.2952210534877100 ) ) ;
#5298 = DIRECTION ( 'NONE',  ( -0.0000000000000000000, -1.000000000000000000, -0.0000000000000000000 ) ) ;
#5299 = CARTESIAN_POINT ( 'NONE',  ( -1071.355115619816800, -2.748456248363946300, 24.85528982822725700 ) ) ;
#5300 = CARTESIAN_POINT ( 'NONE',  ( -303.2451320953590500, -44.87035782338929800, 874.6142396099120300 ) ) ;
#5301 = LINE ( 'NONE', #1077, #1353 ) ;
#5302 = ADVANCED_FACE ( 'NONE', ( #4411, #7286 ), #5971, .F. ) ;
#5303 = DIRECTION ( 'NONE',  ( 0.0000000000000000000, 0.0000000000000000000, -1.000000000000000000 ) ) ;
#5304 = ORIENTED_EDGE ( 'NONE', *, *, #4389, .T. ) ;
#5305 = EDGE_CURVE ( 'NONE', #572, #4425, #4045, .T. ) ;
#5306 = CARTESIAN_POINT ( 'NONE',  ( -668.2451321845401300, 70.06135079475394900, 650.0000000000000000 ) ) ;
#5307 = CARTESIAN_POINT ( 'NONE',  ( -171.5719434461447900, 285.9550262194484300, 138.9665537466144700 ) ) ;
#5308 = EDGE_CURVE ( 'NONE', #3406, #7866, #5468, .T. ) ;
#5309 = CARTESIAN_POINT ( 'NONE',  ( -940.2500410901726600, 5.854177710664687100, 58.39826446285984900 ) ) ;
#5310 = ORIENTED_EDGE ( 'NONE', *, *, #2690, .F. ) ;
#5311 = CIRCLE ( 'NONE', #7434, 25.00000000000004300 ) ;
#5312 = DIRECTION ( 'NONE',  ( -0.0000000000000000000, -1.000000000000000000, -0.0000000000000000000 ) ) ;
#5313 = CARTESIAN_POINT ( 'NONE',  ( -258.7992690864762200, -54.35981211829980700, -877.1070135192361500 ) ) ;
#5314 =( BOUNDED_CURVE ( )  B_SPLINE_CURVE ( 3, ( #7367, #2039, #814, #6343 ),
 .UNSPECIFIED., .F., .F. ) 
 B_SPLINE_CURVE_WITH_KNOTS ( ( 4, 4 ),
 ( 4.554648977027417400, 4.614726871325977700 ),
 .UNSPECIFIED. ) 
 CURVE ( )  GEOMETRIC_REPRESENTATION_ITEM ( )  RATIONAL_B_SPLINE_CURVE ( ( 1.000000000000000000, 0.9996992431677764700, 0.9996992431677764700, 1.000000000000000000 ) ) 
 REPRESENTATION_ITEM ( '' )  );
#5315 = B_SPLINE_CURVE_WITH_KNOTS ( 'NONE', 3,
 ( #1743, #4225, #6685, #4829, #5445, #2992, #7295 ),
 .UNSPECIFIED., .F., .F.,
 ( 4, 1, 1, 1, 4 ),
 ( 0.0000000000000000000, 0.2982968211775609600, 0.6153669425867313000, 0.7410739866888770300, 1.000000000000000000 ),
 .UNSPECIFIED. ) ;
#5316 = CARTESIAN_POINT ( 'NONE',  ( -14.62674840205269100, 302.0000000000000600, 144.1980602480840900 ) ) ;
#5317 = CARTESIAN_POINT ( 'NONE',  ( -916.1761530242783900, 26.27102378859758100, 105.6062142766424000 ) ) ;
#5318 = CARTESIAN_POINT ( 'NONE',  ( -14.62674840205190600, 297.7466074582342200, 137.9225819429061100 ) ) ;
#5319 = CARTESIAN_POINT ( 'NONE',  ( -32.16162463568240100, 296.9982696735072500, 239.9999999999998900 ) ) ;
#5320 = CARTESIAN_POINT ( 'NONE',  ( -136.0483955022363600, 321.9226859164995700, 239.9999999999999400 ) ) ;
#5321 = CARTESIAN_POINT ( 'NONE',  ( -855.3638864233428200, 39.44847174006471800, -114.8816014359633800 ) ) ;
#5322 = CARTESIAN_POINT ( 'NONE',  ( -766.9946282617995600, -49.25060836388760100, 55.91729841682914800 ) ) ;
#5323 = CARTESIAN_POINT ( 'NONE',  ( -598.2451320953588300, -33.88587052848078000, -824.6142396099121500 ) ) ;
#5324 = CARTESIAN_POINT ( 'NONE',  ( -184.6267484020527300, 302.0000000000000600, 239.9999999999999100 ) ) ;
#5325 = CARTESIAN_POINT ( 'NONE',  ( -843.5399472555286600, -51.16526835970393000, 52.44163788724657100 ) ) ;
#5326 = CARTESIAN_POINT ( 'NONE',  ( -1023.632468975144300, 39.65344792960333800, -6.531547620731116100 ) ) ;
#5327 = CARTESIAN_POINT ( 'NONE',  ( -1008.478236838838900, 0.7852645425279661800, 38.08156161805760600 ) ) ;
#5328 = CARTESIAN_POINT ( 'NONE',  ( -304.0551786069011100, -34.67994443593983100, 865.8006254731093300 ) ) ;
#5329 = CARTESIAN_POINT ( 'NONE',  ( -5.573319583618285200E-011, 123.8698008024374800, 132.8994223664616600 ) ) ;
#5330 = CARTESIAN_POINT ( 'NONE',  ( -173.0469800261066400, 317.3138467004783900, 239.9999999999999100 ) ) ;
#5331 = CARTESIAN_POINT ( 'NONE',  ( -169.1499314211653200, 319.0784114174285300, 139.0472874807805700 ) ) ;
#5332 = CARTESIAN_POINT ( 'NONE',  ( -184.4286076020790700, 299.6137275571558700, 138.5379982747500400 ) ) ;
#5333 = CARTESIAN_POINT ( 'NONE',  ( -327.6361621935145100, -12.28454177931840400, -829.0499419745719900 ) ) ;
#5334 = ORIENTED_EDGE ( 'NONE', *, *, #2404, .F. ) ;
#5335 = ORIENTED_EDGE ( 'NONE', *, *, #2427, .T. ) ;
#5336 = CARTESIAN_POINT ( 'NONE',  ( -348.2451320953590000, 30.00000000000000000, 874.6142396099116900 ) ) ;
#5337 = B_SPLINE_CURVE_WITH_KNOTS ( 'NONE', 3,
 ( #6586, #4157, #5372, #7851, #1109, #7243, #7190, #7825, #5397, #1721 ),
 .UNSPECIFIED., .F., .F.,
 ( 4, 2, 2, 2, 4 ),
 ( 0.0000000000000000000, 0.04011238801426877900, 0.06016858202140332900, 0.08022477602853789200, 0.1604495520570754500 ),
 .UNSPECIFIED. ) ;
#5338 = DIRECTION ( 'NONE',  ( 1.000000000000000000, 0.0000000000000000000, 0.0000000000000000000 ) ) ;
#5339 = CARTESIAN_POINT ( 'NONE',  ( -668.2451320953587100, -26.73550486849134300, -795.2660056561549000 ) ) ;
#5340 = ORIENTED_EDGE ( 'NONE', *, *, #2812, .T. ) ;
#5341 = EDGE_CURVE ( 'NONE', #3117, #201, #581, .T. ) ;
#5342 = PLANE ( 'NONE',  #3994 ) ;
#5343 = CARTESIAN_POINT ( 'NONE',  ( -184.6267484020527000, 302.0000000000000600, 239.9999999999999700 ) ) ;
#5344 = ADVANCED_FACE ( 'NONE', ( #7486 ), #6691, .T. ) ;
#5345 = CARTESIAN_POINT ( 'NONE',  ( -663.0707898217588100, 63.20167647951369400, 650.0000000000000000 ) ) ;
#5346 = CARTESIAN_POINT ( 'NONE',  ( -99.33836979016517400, 286.8873679279053000, 239.9999999999999700 ) ) ;
#5347 = ORIENTED_EDGE ( 'NONE', *, *, #512, .T. ) ;
#5348 = CARTESIAN_POINT ( 'NONE',  ( -132.6270776899878900, 321.4816937062260000, 239.9999999999999100 ) ) ;
#5349 = CARTESIAN_POINT ( 'NONE',  ( -731.8874231648911700, 51.43171811125382200, -120.2902128949164200 ) ) ;
#5350 = CARTESIAN_POINT ( 'NONE',  ( -912.2578422036818900, 24.14717897862490800, 106.4124030142704800 ) ) ;
#5351 = CARTESIAN_POINT ( 'NONE',  ( -931.1425848451413000, 7.164169077462492700, -49.76708235054682200 ) ) ;
#5352 = CARTESIAN_POINT ( 'NONE',  ( -184.6267484020527500, 301.5348855917765100, 240.0000000000000600 ) ) ;
#5353 = CARTESIAN_POINT ( 'NONE',  ( -1627.599260275900900, -214.9999999999999700, -1100.000000000000000 ) ) ;
#5354 = CARTESIAN_POINT ( 'NONE',  ( -823.4795694045186600, -51.28511978471855300, 53.06883101653951900 ) ) ;
#5355 = CARTESIAN_POINT ( 'NONE',  ( -1040.187294363584700, 20.33780403916246700, -4.382811095108404900 ) ) ;
#5356 = ORIENTED_EDGE ( 'NONE', *, *, #6285, .F. ) ;
#5357 = CARTESIAN_POINT ( 'NONE',  ( -258.7992690864763300, -74.88677294102403400, -898.1723543388963000 ) ) ;
#5358 = DIRECTION ( 'NONE',  ( -0.0000000000000000000, -1.000000000000000000, -0.0000000000000000000 ) ) ;
#5359 = CARTESIAN_POINT ( 'NONE',  ( -5.573319583618283200E-011, 142.1207013674099600, 144.5239656003887200 ) ) ;
#5360 = CARTESIAN_POINT ( 'NONE',  ( -178.5031699098725500, 313.7702613091034300, 239.9999999999999400 ) ) ;
#5361 = DIRECTION ( 'NONE',  ( -0.0000000000000000000, -0.0000000000000000000, -1.000000000000000000 ) ) ;
#5362 = CARTESIAN_POINT ( 'NONE',  ( -180.8521528847355500, 292.4589562261586500, 138.6572134319947900 ) ) ;
#5363 = CARTESIAN_POINT ( 'NONE',  ( -939.7847190476961700, -42.66722308378728500, 63.03036084415621300 ) ) ;
#5364 = DIRECTION ( 'NONE',  ( 0.0000000000000000000, -0.0000000000000000000, 1.000000000000000000 ) ) ;
#5365 = ORIENTED_EDGE ( 'NONE', *, *, #1834, .F. ) ;
#5366 = CARTESIAN_POINT ( 'NONE',  ( -258.7992690864762700, -50.67788054295346000, -874.4129086426312400 ) ) ;
#5367 = B_SPLINE_CURVE_WITH_KNOTS ( 'NONE', 3,
 ( #6641, #4182, #3002, #2359, #7272, #7901, #4837, #621, #1260, #6163, #3713, #2460, #4946, #1879, #12, #1853, #7378, #5556, #35, #4335, #4308, #642, #6766, #3078, #1237, #5532, #4920, #2514 ),
 .UNSPECIFIED., .F., .F.,
 ( 4, 2, 2, 2, 2, 2, 2, 2, 2, 2, 2, 2, 2, 4 ),
 ( 2.775557561562891400E-017, 0.004782643247461908200, 0.007173964871192792100, 0.009565286494923675900, 0.01434792974238537100, 0.01673925136611624200, 0.01913057298984711200, 0.02391321623730891000, 0.02630453786103980500, 0.02869585948477070700, 0.03347850273223249000, 0.03586982435596337800, 0.03706548516782883600, 0.03826114597969428700 ),
 .UNSPECIFIED. ) ;
#5368 = VERTEX_POINT ( 'NONE', #3837 ) ;
#5369 = VECTOR ( 'NONE', #3783, 1000.000000000000000 ) ;
#5370 = CARTESIAN_POINT ( 'NONE',  ( -5.573319583618285800E-011, 132.7608090009173300, -141.3397660389947200 ) ) ;
#5371 = DIRECTION ( 'NONE',  ( -0.0000000000000000000, -0.0000000000000000000, 1.000000000000000000 ) ) ;
#5372 = CARTESIAN_POINT ( 'NONE',  ( -903.4786772234663200, -47.51962527478995200, -50.56763740568271700 ) ) ;
#5373 = CARTESIAN_POINT ( 'NONE',  ( -17.25075598798307300, 300.4532168593449900, 239.9999999999999400 ) ) ;
#5374 = CIRCLE ( 'NONE', #1459, 25.00000000000000000 ) ;
#5375 = EDGE_LOOP ( 'NONE', ( #5555, #52, #1375, #5287 ) ) ;
#5376 = FACE_OUTER_BOUND ( 'NONE', #7693, .T. ) ;
#5377 = CARTESIAN_POINT ( 'NONE',  ( -1006.542056180163300, 0.8940791335375156700, -41.27916025989985400 ) ) ;
#5378 = CARTESIAN_POINT ( 'NONE',  ( -14.62674840205287600, 296.8509855691290200, -239.9999999999998900 ) ) ;
#5379 = ORIENTED_EDGE ( 'NONE', *, *, #3918, .F. ) ;
#5380 = CARTESIAN_POINT ( 'NONE',  ( -937.3290874831515100, 7.164169077462492700, -52.50820983342592300 ) ) ;
#5381 = CARTESIAN_POINT ( 'NONE',  ( -184.3767216576170000, 299.3816070844232500, 240.0000000000000000 ) ) ;
#5382 = CARTESIAN_POINT ( 'NONE',  ( -16.87354429593219900, 303.4303301279864500, 144.1231670516214400 ) ) ;
#5383 = ORIENTED_EDGE ( 'NONE', *, *, #7935, .F. ) ;
#5384 = CARTESIAN_POINT ( 'NONE',  ( -1015.486782544675000, 0.3913797926028556600, 18.76223287139584900 ) ) ;
#5385 = DIRECTION ( 'NONE',  ( -1.000000000000000000, 0.0000000000000000000, -0.0000000000000000000 ) ) ;
#5386 = ADVANCED_FACE ( 'NONE', ( #5839 ), #3276, .T. ) ;
#5387 = CARTESIAN_POINT ( 'NONE',  ( -5.573319583618286500E-011, 120.8631462348667200, 126.1217922025743500 ) ) ;
#5388 = VERTEX_POINT ( 'NONE', #1352 ) ;
#5389 = CARTESIAN_POINT ( 'NONE',  ( -182.1184991448312800, 309.8907201265938600, 239.9999999999999400 ) ) ;
#5390 = CARTESIAN_POINT ( 'NONE',  ( -316.8340898547966200, 127.6339125251534900, -650.0000000000000000 ) ) ;
#5391 = CARTESIAN_POINT ( 'NONE',  ( -152.4038922335044200, 281.1168816450554600, 139.6054887870358200 ) ) ;
#5392 = CARTESIAN_POINT ( 'NONE',  ( -932.6344260392229400, -43.72000634228683700, 50.00132843785904400 ) ) ;
#5393 = CARTESIAN_POINT ( 'NONE',  ( -258.7992690864780900, 20.00000000000000400, -651.3187184546429800 ) ) ;
#5394 = CARTESIAN_POINT ( 'NONE',  ( -244.6571334627453800, -70.00000000000000000, -689.9999996933069000 ) ) ;
#5395 = CARTESIAN_POINT ( 'NONE',  ( -919.9485110022307000, 67.95532906200347200, 98.90685787851370500 ) ) ;
#5396 = CARTESIAN_POINT ( 'NONE',  ( -5.573319583618284500E-011, 124.7857679016602100, -134.2258935389728500 ) ) ;
#5397 = CARTESIAN_POINT ( 'NONE',  ( -796.7398273853724500, -51.03642563929150800, -53.90485636258882400 ) ) ;
#5398 = CARTESIAN_POINT ( 'NONE',  ( -24.45836415436765800, 298.5736028476965200, 239.9999999999998900 ) ) ;
#5399 = CARTESIAN_POINT ( 'NONE',  ( -308.7992690864780300, 140.4205989181335200, -649.9999996933069000 ) ) ;
#5400 = CARTESIAN_POINT ( 'NONE',  ( -904.2917312246009900, 22.77500730725272500, 107.9619514504474300 ) ) ;
#5401 = CIRCLE ( 'NONE', #4455, 154.0000000000000300 ) ;
#5402 = DIRECTION ( 'NONE',  ( -0.0000000000000000000, 1.000000000000000000, -0.0000000000000000000 ) ) ;
#5403 = CARTESIAN_POINT ( 'NONE',  ( -418.8108414987674500, 78.87170263032058400, 650.0000000000000000 ) ) ;
#5404 = CARTESIAN_POINT ( 'NONE',  ( -1012.809502501466300, 43.46342736086180000, 37.02459158161161700 ) ) ;
#5405 = ORIENTED_EDGE ( 'NONE', *, *, #5864, .T. ) ;
#5406 = CARTESIAN_POINT ( 'NONE',  ( 2.038546750207003200E-013, 274.9999999999999400, -659.9999996933066800 ) ) ;
#5407 = FACE_OUTER_BOUND ( 'NONE', #6085, .T. ) ;
#5408 = ORIENTED_EDGE ( 'NONE', *, *, #6308, .F. ) ;
#5409 = CARTESIAN_POINT ( 'NONE',  ( -923.9796269583838500, 74.73396668328258800, -103.9668674994724000 ) ) ;
#5410 = ORIENTED_EDGE ( 'NONE', *, *, #875, .F. ) ;
#5411 = CARTESIAN_POINT ( 'NONE',  ( -344.8720810753430300, -13.54067139104396000, 829.7095943740987400 ) ) ;
#5412 = CARTESIAN_POINT ( 'NONE',  ( -173.7661566324800300, 316.9316097790670600, 240.0000000000000000 ) ) ;
#5413 = DIRECTION ( 'NONE',  ( 0.9997018857118086200, -0.02441597231842402100, 0.0000000000000000000 ) ) ;
#5414 = CARTESIAN_POINT ( 'NONE',  ( -21.51638725317699000, 299.2515027416213200, 143.9684056197132800 ) ) ;
#5415 = CARTESIAN_POINT ( 'NONE',  ( -968.7664920615070500, 3.061507071272382900, -70.56873475339486400 ) ) ;
#5416 = CARTESIAN_POINT ( 'NONE',  ( -930.3357172766052400, 6.825106423056387200, 69.74406049209288500 ) ) ;
#5417 = CARTESIAN_POINT ( 'NONE',  ( -956.3521520759683200, 4.277267153755927300, 78.19979554577982100 ) ) ;
#5418 = CARTESIAN_POINT ( 'NONE',  ( -919.6200559824769700, 75.95733513052564900, 85.03501931317792600 ) ) ;
#5419 = CARTESIAN_POINT ( 'NONE',  ( -5.573319583618284500E-011, 132.0454256852458200, -140.9175079487837600 ) ) ;
#5420 = CARTESIAN_POINT ( 'NONE',  ( -977.9970575583958000, 22.89356240254231200, -87.52448106196112600 ) ) ;
#5421 = ADVANCED_FACE ( 'NONE', ( #3637 ), #722, .T. ) ;
#5422 = CARTESIAN_POINT ( 'NONE',  ( -184.6267484020536600, 310.2834448515030200, -239.9999999999997700 ) ) ;
#5423 = ORIENTED_EDGE ( 'NONE', *, *, #1760, .T. ) ;
#5424 = CARTESIAN_POINT ( 'NONE',  ( -158.4024995439428400, 344.2379992038320900, 114.7708317479371200 ) ) ;
#5425 = CARTESIAN_POINT ( 'NONE',  ( -915.8554738394616400, 25.61991875322685200, 105.6732803424604200 ) ) ;
#5426 = EDGE_CURVE ( 'NONE', #5001, #7571, #1148, .T. ) ;
#5427 = AXIS2_PLACEMENT_3D ( 'NONE', #3842, #3764, #3867 ) ;
#5428 = CARTESIAN_POINT ( 'NONE',  ( -180.8376667170870200, 292.4773674689500900, 240.0000000000000600 ) ) ;
#5429 = EDGE_LOOP ( 'NONE', ( #5828, #3429 ) ) ;
#5430 = CARTESIAN_POINT ( 'NONE',  ( -57.38834444740479100, 311.1698505353736600, 142.7726737132390400 ) ) ;
#5431 = CARTESIAN_POINT ( 'NONE',  ( -1033.286065446465500, 36.25511863749611100, 27.66881905562815500 ) ) ;
#5432 = CARTESIAN_POINT ( 'NONE',  ( -773.0357878090186400, 101.6861739977570700, -119.4071432636648100 ) ) ;
#5433 = CARTESIAN_POINT ( 'NONE',  ( -721.0375125829708600, -43.02027741034830700, 20.83333333333332900 ) ) ;
#5434 = B_SPLINE_CURVE_WITH_KNOTS ( 'NONE', 3,
 ( #6291, #4421, #1444, #3209, #160, #1345, #7494, #4462, #2637, #5636, #6878, #3825, #6924, #759, #5053, #7521, #782, #5079 ),
 .UNSPECIFIED., .F., .F.,
 ( 4, 2, 2, 2, 2, 2, 2, 2, 4 ),
 ( 0.0000000000000000000, 0.1250000000000000000, 0.2500000000000000000, 0.3750000000000000000, 0.5000000000000000000, 0.6250000000000000000, 0.7500000000000000000, 0.8750000000000000000, 1.000000000000000000 ),
 .UNSPECIFIED. ) ;
#5435 = ORIENTED_EDGE ( 'NONE', *, *, #1860, .F. ) ;
#5436 = CARTESIAN_POINT ( 'NONE',  ( -258.7992690864763300, -72.83303678598755900, 714.0967585024199000 ) ) ;
#5437 = EDGE_LOOP ( 'NONE', ( #2301, #3920, #4756, #3522, #6294 ) ) ;
#5438 = CARTESIAN_POINT ( 'NONE',  ( -336.6285914731679400, -13.69358220572880600, 831.1313000699011600 ) ) ;
#5439 = CARTESIAN_POINT ( 'NONE',  ( -165.0413521747794100, 320.4891884664684800, 239.9999999999999700 ) ) ;
#5440 = CARTESIAN_POINT ( 'NONE',  ( -491.9358619908306900, 10.55433085830978400, 0.0000000000000000000 ) ) ;
#5441 = CARTESIAN_POINT ( 'NONE',  ( -767.1153733111523300, -48.56500129546341100, -63.66145834829202200 ) ) ;
#5442 = CARTESIAN_POINT ( 'NONE',  ( -936.2426474199610300, -43.18079297761296700, 51.65477885258131600 ) ) ;
#5443 = CARTESIAN_POINT ( 'NONE',  ( -668.2451320953587100, 274.9999999999999400, -649.9999996933067900 ) ) ;
#5444 = CARTESIAN_POINT ( 'NONE',  ( -334.2007377109953300, -13.87664570656046200, 831.8537227468447100 ) ) ;
#5445 = CARTESIAN_POINT ( 'NONE',  ( -393.8887080982340200, 87.29250983550717500, -509.9464644161665200 ) ) ;
#5446 = EDGE_CURVE ( 'NONE', #7155, #1553, #3104, .T. ) ;
#5447 = CARTESIAN_POINT ( 'NONE',  ( -5.573319583618288400E-011, 121.3401603791478900, -127.6595769895305400 ) ) ;
#5448 = CARTESIAN_POINT ( 'NONE',  ( -977.9970575583958000, 32.06201920788353700, -87.52448106196112600 ) ) ;
#5449 = DIRECTION ( 'NONE',  ( 0.9947574284195235300, 0.09741849946394735800, -0.03110135955821438000 ) ) ;
#5450 = CARTESIAN_POINT ( 'NONE',  ( -969.8308515967182800, 2.957272304234565200, -68.79590352574899700 ) ) ;
#5451 = CARTESIAN_POINT ( 'NONE',  ( -865.5417086456362800, 34.06871892430486100, -113.8052739312004300 ) ) ;
#5452 = VERTEX_POINT ( 'NONE', #4597 ) ;
#5453 = CARTESIAN_POINT ( 'NONE',  ( -598.2451320953588300, 30.00000000000000000, -829.6142396099121500 ) ) ;
#5454 = CARTESIAN_POINT ( 'NONE',  ( -1022.781778832338300, 22.19287556238590000, -54.60689074272025300 ) ) ;
#5455 = EDGE_LOOP ( 'NONE', ( #1059, #4905, #6189 ) ) ;
#5456 = CARTESIAN_POINT ( 'NONE',  ( -178.8637193026657700, 290.5349540012135800, 239.9999999999999700 ) ) ;
#5457 = CARTESIAN_POINT ( 'NONE',  ( -912.6352985874854100, 17.02982338741765000, 104.0928650759568700 ) ) ;
#5458 = CARTESIAN_POINT ( 'NONE',  ( -858.5764169975314000, 36.83127680261797100, 114.5621413703674700 ) ) ;
#5459 = CARTESIAN_POINT ( 'NONE',  ( -863.0104921238166800, 96.19676528163964200, 114.1476138099068700 ) ) ;
#5460 = VERTEX_POINT ( 'NONE', #2238 ) ;
#5461 = VECTOR ( 'NONE', #4742, 1000.000000000000000 ) ;
#5462 = EDGE_CURVE ( 'NONE', #1995, #1360, #3742, .T. ) ;
#5463 = EDGE_CURVE ( 'NONE', #5225, #3049, #5586, .T. ) ;
#5464 = ADVANCED_FACE ( 'NONE', ( #2189 ), #844, .F. ) ;
#5465 = CARTESIAN_POINT ( 'NONE',  ( -258.7992690864762200, -54.35981211829981400, 724.1244608750960200 ) ) ;
#5466 = CARTESIAN_POINT ( 'NONE',  ( -822.4673178911613100, 110.4690685586915200, -117.1897665034838800 ) ) ;
#5467 = CARTESIAN_POINT ( 'NONE',  ( -413.0707898217586400, 61.93453721306574500, 650.0000000000000000 ) ) ;
#5468 = LINE ( 'NONE', #3175, #5480 ) ;
#5469 = CARTESIAN_POINT ( 'NONE',  ( -366.0172453933366800, 121.2709318782747800, -509.5164487769175700 ) ) ;
#5470 = CARTESIAN_POINT ( 'NONE',  ( -170.6347042671783900, 20.00000000000000400, -556.1121487526542100 ) ) ;
#5471 = CARTESIAN_POINT ( 'NONE',  ( -345.2162486971475300, 117.3747192612501500, 650.0000000000000000 ) ) ;
#5472 = EDGE_LOOP ( 'NONE', ( #2923, #4323, #1814, #3735, #4377 ) ) ;
#5473 = LINE ( 'NONE', #6339, #6894 ) ;
#5474 = APPLICATION_PROTOCOL_DEFINITION ( 'draft international standard', 'automotive_design', 1998, #6091 ) ;
#5475 = CARTESIAN_POINT ( 'NONE',  ( -970.5218452665625400, -46.52138065281850000, -62.35021923255894900 ) ) ;
#5476 = CARTESIAN_POINT ( 'NONE',  ( -721.1638438405128700, -28.50215867585638200, -123.2493405169230300 ) ) ;
#5477 = DIRECTION ( 'NONE',  ( 0.05611209390458357600, -0.9984244753198127100, 0.0000000000000000000 ) ) ;
#5478 = ORIENTED_EDGE ( 'NONE', *, *, #742, .F. ) ;
#5479 = EDGE_LOOP ( 'NONE', ( #1920, #5100, #3795, #4361 ) ) ;
#5480 = VECTOR ( 'NONE', #1378, 1000.000000000000000 ) ;
#5481 = CARTESIAN_POINT ( 'NONE',  ( -668.2451320953586000, -57.65583929845149700, 827.6532454119280800 ) ) ;
#5482 = DIRECTION ( 'NONE',  ( 0.5580474145702842800, 0.0000000000000000000, -0.8298090642379252200 ) ) ;
#5483 = CARTESIAN_POINT ( 'NONE',  ( -858.1096611681988400, 37.05754169003946400, -114.6097376773761000 ) ) ;
#5484 = ORIENTED_EDGE ( 'NONE', *, *, #6699, .T. ) ;
#5485 = CARTESIAN_POINT ( 'NONE',  ( -298.2451320953590500, -40.87395403003278500, 872.3428678906918800 ) ) ;
#5486 = AXIS2_PLACEMENT_3D ( 'NONE', #1590, #5238, #2172 ) ;
#5487 = CARTESIAN_POINT ( 'NONE',  ( -176.4265378626364200, 288.6783143634450500, 240.0000000000000300 ) ) ;
#5488 = B_SPLINE_CURVE_WITH_KNOTS ( 'NONE', 3,
 ( #5875, #2808, #7108, #4686, #1024, #3424, #7735, #376, #7186, #2273 ),
 .UNSPECIFIED., .F., .F.,
 ( 4, 2, 2, 2, 4 ),
 ( 0.0000000000000000000, 0.04011092569700288500, 0.06016638854550415700, 0.08022185139400542200, 0.1604437027880111800 ),
 .UNSPECIFIED. ) ;
#5489 = VECTOR ( 'NONE', #7109, 1000.000000000000000 ) ;
#5490 = DIRECTION ( 'NONE',  ( 0.0000000000000000000, 0.0000000000000000000, 1.000000000000000000 ) ) ;
#5491 = CARTESIAN_POINT ( 'NONE',  ( -605.0299687486865400, -5.086740047754328300, 479.9023568143828700 ) ) ;
#5492 = CARTESIAN_POINT ( 'NONE',  ( -878.6136926491286700, 11.89034332109764100, 114.2475637518934200 ) ) ;
#5493 = CARTESIAN_POINT ( 'NONE',  ( -156.3430647790108900, 276.4090607070185700, -139.4741830355188200 ) ) ;
#5494 = EDGE_CURVE ( 'NONE', #201, #4249, #964, .T. ) ;
#5495 =( LENGTH_UNIT ( ) NAMED_UNIT ( * ) SI_UNIT ( .MILLI., .METRE. ) );
#5496 = LINE ( 'NONE', #1205, #3359 ) ;
#5497 = CARTESIAN_POINT ( 'NONE',  ( -546.5832533981129000, -32.17256886261968400, 829.6142396099120300 ) ) ;
#5498 = CARTESIAN_POINT ( 'NONE',  ( -479.7270048121444000, 48.60183823377768400, -452.4167630832597000 ) ) ;
#5499 = DIRECTION ( 'NONE',  ( -0.0000000000000000000, 1.000000000000000000, -0.0000000000000000000 ) ) ;
#5500 = AXIS2_PLACEMENT_3D ( 'NONE', #194, #3883, #7577 ) ;
#5501 = VERTEX_POINT ( 'NONE', #685 ) ;
#5502 = VERTEX_POINT ( 'NONE', #6268 ) ;
#5503 = CARTESIAN_POINT ( 'NONE',  ( -184.6267484020527300, 302.0000000000000600, 239.9999999999999100 ) ) ;
#5504 = CARTESIAN_POINT ( 'NONE',  ( -348.2451320953587700, 30.00000000000000000, -829.6142396099121500 ) ) ;
#5505 = LINE ( 'NONE', #7169, #3870 ) ;
#5506 = CARTESIAN_POINT ( 'NONE',  ( -469.0710157804053900, 28.03962429833553600, -71.65342119842550500 ) ) ;
#5507 =( BOUNDED_CURVE ( )  B_SPLINE_CURVE ( 3, ( #2487, #4264, #4358, #6746 ),
 .UNSPECIFIED., .F., .F. ) 
 B_SPLINE_CURVE_WITH_KNOTS ( ( 4, 4 ),
 ( 0.5805841559273640100, 1.241315980897926600 ),
 .UNSPECIFIED. ) 
 CURVE ( )  GEOMETRIC_REPRESENTATION_ITEM ( )  RATIONAL_B_SPLINE_CURVE ( ( 1.000000000000000000, 0.9639491392049667200, 0.9639491392049667200, 1.000000000000000000 ) ) 
 REPRESENTATION_ITEM ( '' )  );
#5508 = CARTESIAN_POINT ( 'NONE',  ( -668.2451320953588300, -36.93767005264798800, -818.5689568532320700 ) ) ;
#5509 = VERTEX_POINT ( 'NONE', #1918 ) ;
#5510 = CARTESIAN_POINT ( 'NONE',  ( -1083.236395964205500, -3.416191800610123100, -16.63061614106328900 ) ) ;
#5511 = CARTESIAN_POINT ( 'NONE',  ( -328.4753375461515400, -12.17899273329988600, 828.6794531756125900 ) ) ;
#5512 = CARTESIAN_POINT ( 'NONE',  ( -171.8994675934807800, 286.1186658662037400, 239.9999999999999100 ) ) ;
#5513 = LINE ( 'NONE', #729, #3877 ) ;
#5514 = CARTESIAN_POINT ( 'NONE',  ( -856.7000535346885500, 37.86133730871608800, 114.7509644791536700 ) ) ;
#5515 = PLANE ( 'NONE',  #1063 ) ;
#5516 = CARTESIAN_POINT ( 'NONE',  ( -994.6031951088662000, 1.565050759440166100, -54.74811187495323100 ) ) ;
#5517 = CARTESIAN_POINT ( 'NONE',  ( -810.0711206337946400, -76.22238607692064200, 312.7521233735409400 ) ) ;
#5518 = CARTESIAN_POINT ( 'NONE',  ( -930.0000000000559300, -44.10239037126144300, -49.73844108900408400 ) ) ;
#5519 = CARTESIAN_POINT ( 'NONE',  ( -765.4838971806327700, -48.41493732905128400, -58.15580608232537700 ) ) ;
#5520 = CARTESIAN_POINT ( 'NONE',  ( -168.3225630098066600, 20.00000000000000400, 549.2914513037540000 ) ) ;
#5521 = CARTESIAN_POINT ( 'NONE',  ( -774.0642468253603300, 23.59035881302534000, 479.9273741711696200 ) ) ;
#5522 = CARTESIAN_POINT ( 'NONE',  ( -770.0781440828610600, -48.81971161484001700, -64.73844108900411200 ) ) ;
#5523 = CARTESIAN_POINT ( 'NONE',  ( -991.6856281360329600, 50.89960736165202300, 57.64427143349269800 ) ) ;
#5524 = CARTESIAN_POINT ( 'NONE',  ( -169.3966952458110900, 340.3677424134020800, 114.6988996945207800 ) ) ;
#5525 = ORIENTED_EDGE ( 'NONE', *, *, #5943, .T. ) ;
#5526 = ORIENTED_EDGE ( 'NONE', *, *, #3815, .T. ) ;
#5527 = DIRECTION ( 'NONE',  ( -7.484888275586473500E-016, 0.0000000000000000000, -1.000000000000000000 ) ) ;
#5528 = CARTESIAN_POINT ( 'NONE',  ( -258.7992690864763300, -14.36727512524251600, 757.7789898416152700 ) ) ;
#5529 = CARTESIAN_POINT ( 'NONE',  ( -389.0893363650948200, 87.82722587951471400, -374.0892309721621700 ) ) ;
#5530 = CARTESIAN_POINT ( 'NONE',  ( -856.0612703072381500, 38.32951521151910900, -114.8138395239117400 ) ) ;
#5531 = ORIENTED_EDGE ( 'NONE', *, *, #2006, .T. ) ;
#5532 = CARTESIAN_POINT ( 'NONE',  ( -861.6893562705722600, 96.65153101495620500, -90.76437830641738500 ) ) ;
#5533 = CARTESIAN_POINT ( 'NONE',  ( -299.2070844601163900, -32.95968895612032400, 864.7557095467866500 ) ) ;
#5534 = EDGE_CURVE ( 'NONE', #53, #4950, #763, .T. ) ;
#5535 = CARTESIAN_POINT ( 'NONE',  ( -155.6351622113483300, 281.4869790854112900, 239.9999999999999400 ) ) ;
#5536 = CARTESIAN_POINT ( 'NONE',  ( -252.4078393196712700, 275.0000000000000000, 625.8268983713155600 ) ) ;
#5537 = ORIENTED_EDGE ( 'NONE', *, *, #7536, .F. ) ;
#5538 = CARTESIAN_POINT ( 'NONE',  ( -930.5784960259366000, 7.164169077462492700, -69.74646357959615300 ) ) ;
#5539 = CARTESIAN_POINT ( 'NONE',  ( -731.8151122645202800, 51.43873704579164800, -120.2917647316887700 ) ) ;
#5540 = CARTESIAN_POINT ( 'NONE',  ( -977.9970575583958000, 22.89356240254231200, -87.52448106196112600 ) ) ;
#5541 = CARTESIAN_POINT ( 'NONE',  ( -182.9168978785108100, 308.6248146113559900, 239.9999999999999100 ) ) ;
#5542 = ORIENTED_EDGE ( 'NONE', *, *, #5873, .T. ) ;
#5543 = CARTESIAN_POINT ( 'NONE',  ( -936.2404417540128600, -43.24349624229577700, -67.82376884647223400 ) ) ;
#5544 = CARTESIAN_POINT ( 'NONE',  ( -861.7347391325320100, 96.59425868283175000, 91.56730516855809300 ) ) ;
#5545 = CARTESIAN_POINT ( 'NONE',  ( -163.6799603026278800, 277.9379601399057300, -139.2296198513982100 ) ) ;
#5546 = PLANE ( 'NONE',  #6952 ) ;
#5547 = CARTESIAN_POINT ( 'NONE',  ( -864.1920766689029300, 95.78081529010835000, 114.2952259661391700 ) ) ;
#5548 = CARTESIAN_POINT ( 'NONE',  ( -977.9970575583958000, 22.89356240254242200, 87.52448106196230500 ) ) ;
#5549 = CARTESIAN_POINT ( 'NONE',  ( -930.0000000000558200, -51.00000000000041200, -69.73844108900408400 ) ) ;
#5550 = CARTESIAN_POINT ( 'NONE',  ( -258.7992690864763300, -5.509306741232724600, 810.5784988596379900 ) ) ;
#5551 = CARTESIAN_POINT ( 'NONE',  ( -349.6736071063727400, 107.1828946944040700, -593.9233850239708100 ) ) ;
#5552 = CARTESIAN_POINT ( 'NONE',  ( -258.7992690864763300, -15.44738513466297300, -755.4972097406458700 ) ) ;
#5553 = ORIENTED_EDGE ( 'NONE', *, *, #6668, .F. ) ;
#5554 =( BOUNDED_SURFACE ( )  B_SPLINE_SURFACE ( 3, 2, ( 
 ( #6702, #19, #4250 ),
 ( #4820, #584, #556 ),
 ( #1175, #5466, #6087 ),
 ( #2422, #1736, #7308 ) ),
 .UNSPECIFIED., .F., .F., .T. ) 
 B_SPLINE_SURFACE_WITH_KNOTS ( ( 4, 4 ),
 ( 3, 3 ),
 ( 4.733524478120269700, 4.778723614003157900 ),
 ( 0.0000000000000000000, 1.000000000000000000 ),
 .UNSPECIFIED. ) 
 GEOMETRIC_REPRESENTATION_ITEM ( )  RATIONAL_B_SPLINE_SURFACE ( (
 ( 1.000000000000000000, 0.7095835371813863400, 1.000000000000000000),
 ( 1.000000000000000000, 0.7113457427226116400, 1.000000000000000000),
 ( 1.000000000000000000, 0.7131005369420068100, 1.000000000000000000),
 ( 1.000000000000000000, 0.7148463099497081000, 1.000000000000000000) ) ) 
 REPRESENTATION_ITEM ( '' )  SURFACE ( )  );
#5555 = ORIENTED_EDGE ( 'NONE', *, *, #4864, .F. ) ;
#5556 = CARTESIAN_POINT ( 'NONE',  ( -861.6006096364392300, 94.07492934256053700, -100.7943961603563000 ) ) ;
#5557 = CARTESIAN_POINT ( 'NONE',  ( -162.3824471849036400, 282.7799756318645400, 240.0000000000000000 ) ) ;
#5558 = CARTESIAN_POINT ( 'NONE',  ( -739.4335370044988200, 139.6992244574321400, 95.30066013804217600 ) ) ;
#5559 = ADVANCED_FACE ( 'NONE', ( #3227 ), #3777, .T. ) ;
#5560 = VECTOR ( 'NONE', #1054, 1000.000000000000000 ) ;
#5561 = EDGE_CURVE ( 'NONE', #3453, #2148, #6525, .T. ) ;
#5562 = EDGE_CURVE ( 'NONE', #5877, #5157, #5955, .T. ) ;
#5563 = VERTEX_POINT ( 'NONE', #5639 ) ;
#5564 = VECTOR ( 'NONE', #3710, 1000.000000000000000 ) ;
#5565 = DIRECTION ( 'NONE',  ( -0.3320534516538568600, 0.9432605712340359500, 0.0000000000000000000 ) ) ;
#5566 = CARTESIAN_POINT ( 'NONE',  ( -258.7992690864762700, -21.70599569915762600, 764.9028284886316000 ) ) ;
#5567 = EDGE_LOOP ( 'NONE', ( #649, #2474, #7200, #7563, #3705, #3221, #1781, #4099 ) ) ;
#5568 = CARTESIAN_POINT ( 'NONE',  ( -298.2451320953590500, -43.81068232069073100, 874.6142396099120300 ) ) ;
#5569 = CARTESIAN_POINT ( 'NONE',  ( -721.1684343117491400, -36.89914864066234700, 0.0000000000000000000 ) ) ;
#5570 = CARTESIAN_POINT ( 'NONE',  ( -357.9726304450874200, 146.0331211803213300, -374.2254074289194800 ) ) ;
#5571 = CARTESIAN_POINT ( 'NONE',  ( -861.4566188129435900, 93.33712182570327800, 102.2140584719145600 ) ) ;
#5572 = CARTESIAN_POINT ( 'NONE',  ( -183.6418911876421900, 291.7459011875620800, -138.5642221552310800 ) ) ;
#5573 = FILL_AREA_STYLE ('',( #7917 ) ) ;
#5574 = CARTESIAN_POINT ( 'NONE',  ( -780.7758396659846800, 125.1456061692790200, 119.1330526032979700 ) ) ;
#5575 = VERTEX_POINT ( 'NONE', #6973 ) ;
#5576 = CARTESIAN_POINT ( 'NONE',  ( -174.1041849662872800, 338.7105776193047300, 114.5750208990533100 ) ) ;
#5577 = CARTESIAN_POINT ( 'NONE',  ( -308.7992690864780300, 274.9999999999999400, 649.9999996933069000 ) ) ;
#5578 = CARTESIAN_POINT ( 'NONE',  ( -668.2451320953584900, -26.63873525313348600, 709.3304173430303800 ) ) ;
#5579 = CARTESIAN_POINT ( 'NONE',  ( -176.5384936330621900, 310.1145920994911800, -138.8010020737170900 ) ) ;
#5580 = EDGE_CURVE ( 'NONE', #1409, #4313, #7131, .T. ) ;
#5581 = CARTESIAN_POINT ( 'NONE',  ( -258.7992690864763900, -5.291232416268551100, -808.0128293844198900 ) ) ;
#5582 = CARTESIAN_POINT ( 'NONE',  ( -344.5259817270519400, -11.44985826588860600, 824.7440987135029200 ) ) ;
#5583 = LINE ( 'NONE', #3494, #2316 ) ;
#5584 = CARTESIAN_POINT ( 'NONE',  ( -150.6069961145982500, 281.0433204561268200, 239.9999999999999700 ) ) ;
#5585 = CARTESIAN_POINT ( 'NONE',  ( -345.0319055377163400, 151.8746835953304500, -650.0000000000000000 ) ) ;
#5586 = B_SPLINE_CURVE_WITH_KNOTS ( 'NONE', 3,
 ( #6376, #2910, #3065, #6146, #6033, #7364, #609, #6706, #1842, #3038, #7260, #6755, #1224, #2344, #22, #560, #2399, #5519, #1817, #6119, #2425, #532, #6735, #4823, #1178, #1150, #4320, #7338, #632, #1792, #4933, #1251, #5441, #1738, #6653, #3589, #7890, #4222, #1768, #6064, #7915, #2370 ),
 .UNSPECIFIED., .F., .F.,
 ( 4, 2, 2, 2, 2, 2, 2, 2, 2, 2, 2, 2, 2, 2, 2, 2, 2, 2, 2, 2, 4 ),
 ( 1.131699347449450300E-016, 0.0004791289037718411600, 0.0009582578075435691300, 0.001916515615087025100, 0.002874773422630480700, 0.003353902326402338500, 0.003833031230174196300, 0.004791289037717926700, 0.005749546845261657000, 0.006707804652805386500, 0.007186933556577219600, 0.007666062460349051800, 0.008624320267892718000, 0.009582578075436382400, 0.01054083588298004900, 0.01149909369052373000, 0.01245735149806741200, 0.01341560930561109400, 0.01437386711315477700, 0.01485299601692661700, 0.01533212492069845800 ),
 .UNSPECIFIED. ) ;
#5587 = CARTESIAN_POINT ( 'NONE',  ( -811.0229706668569600, -58.88297789465520500, 312.7521233735409400 ) ) ;
#5588 = LINE ( 'NONE', #5453, #4355 ) ;
#5589 = CARTESIAN_POINT ( 'NONE',  ( -938.6266217216168600, 7.164169077462492700, -65.42064159118174900 ) ) ;
#5590 = CARTESIAN_POINT ( 'NONE',  ( -668.2451320953587100, -42.84359643473408900, 709.2322807403614900 ) ) ;
#5591 = DIRECTION ( 'NONE',  ( 1.000000000000000000, 0.0000000000000000000, 0.0000000000000000000 ) ) ;
#5592 = CARTESIAN_POINT ( 'NONE',  ( -667.6287040152819800, -79.78240113089961500, -699.9999996933070200 ) ) ;
#5593 = ORIENTED_EDGE ( 'NONE', *, *, #6927, .F. ) ;
#5594 = CARTESIAN_POINT ( 'NONE',  ( -932.6553127623110400, -43.71716821478978700, -49.98957302454345400 ) ) ;
#5595 = DIRECTION ( 'NONE',  ( 0.0000000000000000000, 0.0000000000000000000, 1.000000000000000000 ) ) ;
#5596 = CARTESIAN_POINT ( 'NONE',  ( -337.8090684202434800, 125.8181341851555300, 594.9165003535907800 ) ) ;
#5597 = EDGE_CURVE ( 'NONE', #7671, #6962, #4891, .T. ) ;
#5598 = DIRECTION ( 'NONE',  ( 0.0000000000000000000, 1.000000000000000000, 0.0000000000000000000 ) ) ;
#5599 = VECTOR ( 'NONE', #2590, 1000.000000000000000 ) ;
#5600 =( BOUNDED_CURVE ( )  B_SPLINE_CURVE ( 3, ( #124, #1946, #1997, #7453 ),
 .UNSPECIFIED., .F., .F. ) 
 B_SPLINE_CURVE_WITH_KNOTS ( ( 4, 4 ),
 ( 4.812488359612213900, 6.372222156400537700 ),
 .UNSPECIFIED. ) 
 CURVE ( )  GEOMETRIC_REPRESENTATION_ITEM ( )  RATIONAL_B_SPLINE_CURVE ( ( 1.000000000000000000, 0.8073380928898427100, 0.8073380928898427100, 1.000000000000000000 ) ) 
 REPRESENTATION_ITEM ( '' )  );
#5601 = VERTEX_POINT ( 'NONE', #3802 ) ;
#5602 = ADVANCED_FACE ( 'NONE', ( #3846 ), #5152, .F. ) ;
#5603 = CARTESIAN_POINT ( 'NONE',  ( -308.7992690864780300, 20.00000000000000400, 659.9999996933067900 ) ) ;
#5604 = CARTESIAN_POINT ( 'NONE',  ( -453.4158454910860300, 42.20061651864961800, 209.4169311968550700 ) ) ;
#5605 = CARTESIAN_POINT ( 'NONE',  ( -668.2451320953590500, -14.72492283955692300, 724.4537056453998500 ) ) ;
#5606 = CARTESIAN_POINT ( 'NONE',  ( -14.94393524236715400, 297.3380744371123100, -144.1874873534069400 ) ) ;
#5607 = CARTESIAN_POINT ( 'NONE',  ( -668.2451320953587100, -23.39726399455627600, -806.9517546633993600 ) ) ;
#5608 = DIRECTION ( 'NONE',  ( -1.000000000000000000, 0.0000000000000000000, 0.0000000000000000000 ) ) ;
#5609 = CARTESIAN_POINT ( 'NONE',  ( -210.8059987808846600, 275.0000000000000000, 588.2838885625178600 ) ) ;
#5610 = ORIENTED_EDGE ( 'NONE', *, *, #3331, .F. ) ;
#5611 = CARTESIAN_POINT ( 'NONE',  ( -2.007659678219818200E-013, 274.9999999999999400, -649.9999996933070200 ) ) ;
#5612 = CARTESIAN_POINT ( 'NONE',  ( -258.7992690864762700, -21.70599569915775400, 836.3286459057008000 ) ) ;
#5613 = ORIENTED_EDGE ( 'NONE', *, *, #6547, .F. ) ;
#5614 = CARTESIAN_POINT ( 'NONE',  ( -662.5843780307683300, -76.17637697879045800, -699.9999996933067900 ) ) ;
#5615 = CARTESIAN_POINT ( 'NONE',  ( -935.1270327029192200, -43.34917927424653800, -50.96282958029106400 ) ) ;
#5616 = CARTESIAN_POINT ( 'NONE',  ( -861.6631158949466000, 96.67107846838428000, 90.35867032851591300 ) ) ;
#5617 = CARTESIAN_POINT ( 'NONE',  ( -14.73070220956250700, 296.5782668380131200, -144.1945951211670300 ) ) ;
#5618 = ORIENTED_EDGE ( 'NONE', *, *, #5141, .F. ) ;
#5619 = ORIENTED_EDGE ( 'NONE', *, *, #6125, .F. ) ;
#5620 = CARTESIAN_POINT ( 'NONE',  ( -181.9406225998893900, 335.9519378072923800, 114.1372172638285000 ) ) ;
#5621 = CARTESIAN_POINT ( 'NONE',  ( -800.9008742536769900, -73.04092033456127800, -62.35015373822300700 ) ) ;
#5622 = CARTESIAN_POINT ( 'NONE',  ( -577.5411314739866400, -30.81563055818982700, 824.6142396099121500 ) ) ;
#5623 = CARTESIAN_POINT ( 'NONE',  ( -258.7992690864763300, -7.181450752989019500, 779.6613914698371000 ) ) ;
#5624 = CARTESIAN_POINT ( 'NONE',  ( -179.5242156581906300, 307.7522041931682700, -138.7014780062128500 ) ) ;
#5625 = CARTESIAN_POINT ( 'NONE',  ( -258.7992690864763300, -9.447338357578903600, -830.4492699997050500 ) ) ;
#5626 = CARTESIAN_POINT ( 'NONE',  ( -497.9837345322558800, 56.56828094207275400, 576.1409615043546600 ) ) ;
#5627 = CARTESIAN_POINT ( 'NONE',  ( -5.573319583618285800E-011, 119.9869196084536500, 119.5411502224856300 ) ) ;
#5628 = CARTESIAN_POINT ( 'NONE',  ( -285.5698538552451900, 275.0000000000000000, 642.8452579357525600 ) ) ;
#5629 = ORIENTED_EDGE ( 'NONE', *, *, #5873, .F. ) ;
#5630 = EDGE_CURVE ( 'NONE', #1659, #6727, #100, .T. ) ;
#5631 = CARTESIAN_POINT ( 'NONE',  ( -658.0707898217590400, 71.86193051735823200, 650.0000000000000000 ) ) ;
#5632 = ORIENTED_EDGE ( 'NONE', *, *, #5462, .F. ) ;
#5633 = CARTESIAN_POINT ( 'NONE',  ( -258.7992690864762200, -29.15084890883186100, 750.5852178533861000 ) ) ;
#5634 = CARTESIAN_POINT ( 'NONE',  ( -658.0707898217586900, 71.86193051735797600, -650.0000000000000000 ) ) ;
#5635 = CARTESIAN_POINT ( 'NONE',  ( -663.0565636645557100, -77.03651796639646000, -699.9999996933070200 ) ) ;
#5636 = CARTESIAN_POINT ( 'NONE',  ( -216.1276638654189000, 20.00000000000000400, -627.7423046077195700 ) ) ;
#5637 = ADVANCED_FACE ( 'NONE', ( #2560 ), #4089, .T. ) ;
#5638 = CARTESIAN_POINT ( 'NONE',  ( -767.1242462688493300, 22.80871825306885700, -55.81835490926712100 ) ) ;
#5639 = CARTESIAN_POINT ( 'NONE',  ( -598.2451320953588300, -41.15084088219456500, 829.6142396099120300 ) ) ;
#5640 = CARTESIAN_POINT ( 'NONE',  ( -345.2162486971475300, 117.3747192612501500, 650.0000000000000000 ) ) ;
#5641 = ORIENTED_EDGE ( 'NONE', *, *, #6795, .F. ) ;
#5642 = LINE ( 'NONE', #3681, #4228 ) ;
#5643 = CARTESIAN_POINT ( 'NONE',  ( -1029.116794953163400, 36.85077647405886800, -8.566006217983263200 ) ) ;
#5644 = FACE_OUTER_BOUND ( 'NONE', #4378, .T. ) ;
#5645 = CARTESIAN_POINT ( 'NONE',  ( -919.0993825385384100, 76.44225496245213900, -81.98549023152739300 ) ) ;
#5646 = ORIENTED_EDGE ( 'NONE', *, *, #133, .T. ) ;
#5647 = VECTOR ( 'NONE', #2254, 1000.000000000000200 ) ;
#5648 = CARTESIAN_POINT ( 'NONE',  ( -342.6364562004772000, 111.5216994009667200, -650.0000000000000000 ) ) ;
#5649 = CARTESIAN_POINT ( 'NONE',  ( -393.8887080982340200, 87.29250983550717500, 509.9464644161665200 ) ) ;
#5650 = CARTESIAN_POINT ( 'NONE',  ( -181.4645284611884500, 305.6685371766565700, -138.6368009127795900 ) ) ;
#5651 = CARTESIAN_POINT ( 'NONE',  ( -258.7992690864762700, -12.36900924795599900, -762.4434885591902000 ) ) ;
#5652 = ORIENTED_EDGE ( 'NONE', *, *, #5463, .T. ) ;
#5653 = CARTESIAN_POINT ( 'NONE',  ( -658.6126570710431500, -28.77203343414846900, -0.0000000000000000000 ) ) ;
#5654 = CARTESIAN_POINT ( 'NONE',  ( -801.8725419067953900, -55.20046801887628600, -62.35015373822300700 ) ) ;
#5655 = CARTESIAN_POINT ( 'NONE',  ( -766.4813514325362600, -49.25061185733253700, -63.10971365174059100 ) ) ;
#5656 = VERTEX_POINT ( 'NONE', #7087 ) ;
#5657 = CARTESIAN_POINT ( 'NONE',  ( -367.9313192756203000, 108.1367673492333400, -593.0918799415275100 ) ) ;
#5658 = CARTESIAN_POINT ( 'NONE',  ( -978.9677902247721000, -40.23290289279391600, 62.35021923255894900 ) ) ;
#5659 = CARTESIAN_POINT ( 'NONE',  ( -668.2451320953588300, -17.42814107997309500, 776.2063155958885500 ) ) ;
#5660 = CARTESIAN_POINT ( 'NONE',  ( -308.7992690864780300, 20.00000000000000400, 649.9999996933069000 ) ) ;
#5661 = CARTESIAN_POINT ( 'NONE',  ( -662.7052479461718800, -76.48274943802898900, -699.9999996933069000 ) ) ;
#5662 = CARTESIAN_POINT ( 'NONE',  ( -765.8750235901853800, -48.44981864675945400, 57.27297430620939200 ) ) ;
#5663 = CARTESIAN_POINT ( 'NONE',  ( -141.3106194326933300, 276.2628602752527100, -139.9752645470626600 ) ) ;
#5664 = LINE ( 'NONE', #3862, #7113 ) ;
#5665 = CARTESIAN_POINT ( 'NONE',  ( -765.8768879527095800, 22.93087444108073200, -57.27056665856493100 ) ) ;
#5666 = CARTESIAN_POINT ( 'NONE',  ( -1029.837739202820300, 29.57719228365731100, -37.05460665703407800 ) ) ;
#5667 = CARTESIAN_POINT ( 'NONE',  ( -919.3216284226484700, 64.33216172391404100, -101.7668600372641200 ) ) ;
#5668 = DIRECTION ( 'NONE',  ( 1.000000000000000000, -3.389407260298388800E-017, 0.0000000000000000000 ) ) ;
#5669 = DIRECTION ( 'NONE',  ( 0.0000000000000000000, 0.0000000000000000000, 1.000000000000000000 ) ) ;
#5670 = LINE ( 'NONE', #3461, #6656 ) ;
#5671 = CARTESIAN_POINT ( 'NONE',  ( -43.79741228524537900, 303.8677677933185900, -143.2257047853111100 ) ) ;
#5672 = EDGE_CURVE ( 'NONE', #1287, #7711, #2200, .T. ) ;
#5673 = CARTESIAN_POINT ( 'NONE',  ( -940.2501048288473800, 5.854171468614280700, -61.07859416273992500 ) ) ;
#5674 = AXIS2_PLACEMENT_3D ( 'NONE', #5406, #4814, #6236 ) ;
#5675 = CARTESIAN_POINT ( 'NONE',  ( -594.8326090302857700, -18.90785067022326200, 123.2997772557765300 ) ) ;
#5676 = ORIENTED_EDGE ( 'NONE', *, *, #232, .T. ) ;
#5677 = ORIENTED_EDGE ( 'NONE', *, *, #7343, .T. ) ;
#5678 = VECTOR ( 'NONE', #4752, 1000.000000000000200 ) ;
#5679 = ORIENTED_EDGE ( 'NONE', *, *, #5462, .T. ) ;
#5680 = CARTESIAN_POINT ( 'NONE',  ( -770.0781440828610600, 23.42789570974004900, -54.73844108900409100 ) ) ;
#5681 = CARTESIAN_POINT ( 'NONE',  ( -22.06562092462245400, 304.8771350549633300, 239.9999999999999400 ) ) ;
#5682 = DIRECTION ( 'NONE',  ( -0.9995115994824671500, 0.0000000000000000000, 0.03125000000000006900 ) ) ;
#5683 = CARTESIAN_POINT ( 'NONE',  ( -258.7992690864761600, -61.76273021796379200, 881.7888043458817700 ) ) ;
#5684 = LINE ( 'NONE', #7336, #6759 ) ;
#5685 = DIRECTION ( 'NONE',  ( -0.0000000000000000000, -1.000000000000000000, -0.0000000000000000000 ) ) ;
#5686 = CARTESIAN_POINT ( 'NONE',  ( -728.9344611485063300, 26.54871702396471600, 95.29553301665598000 ) ) ;
#5687 = CARTESIAN_POINT ( 'NONE',  ( -513.4672159472800100, 45.54542476513815100, 373.8168780586473800 ) ) ;
#5688 = CARTESIAN_POINT ( 'NONE',  ( -66.26700916630235800, 286.3458158754500000, -142.4767182226091200 ) ) ;
#5689 = EDGE_CURVE ( 'NONE', #1382, #6634, #4235, .T. ) ;
#5690 = DIRECTION ( 'NONE',  ( 0.0000000000000000000, 0.0000000000000000000, -1.000000000000000000 ) ) ;
#5691 = CARTESIAN_POINT ( 'NONE',  ( -1029.179182604704200, 28.46907670047858800, -40.12399577790269200 ) ) ;
#5692 = CARTESIAN_POINT ( 'NONE',  ( -917.7907936681411900, 58.14611993047839900, -104.6190166580202300 ) ) ;
#5693 = CARTESIAN_POINT ( 'NONE',  ( -524.0839179233563500, 24.10135128894039600, -479.8898481359895500 ) ) ;
#5694 = CARTESIAN_POINT ( 'NONE',  ( -765.2643653141206000, 22.99085995577434000, 60.37991675965873400 ) ) ;
#5695 = CARTESIAN_POINT ( 'NONE',  ( -933.2841304343697900, 6.536362677673595900, -69.29750887679000500 ) ) ;
#5696 = CARTESIAN_POINT ( 'NONE',  ( 372.4007397240991400, -115.0000000000000400, 1100.000000000000000 ) ) ;
#5697 = EDGE_CURVE ( 'NONE', #6495, #4998, #2384, .T. ) ;
#5698 = ORIENTED_EDGE ( 'NONE', *, *, #7512, .F. ) ;
#5699 = EDGE_CURVE ( 'NONE', #1360, #6032, #1336, .T. ) ;
#5700 = ORIENTED_EDGE ( 'NONE', *, *, #6700, .T. ) ;
#5701 = CARTESIAN_POINT ( 'NONE',  ( -770.0121902275802800, -49.25061185733253700, -64.73559679110665900 ) ) ;
#5702 = EDGE_LOOP ( 'NONE', ( #6686, #7082, #2445, #1704 ) ) ;
#5703 = CARTESIAN_POINT ( 'NONE',  ( -144.5117248668271100, 281.1413505562200600, 240.0000000000000000 ) ) ;
#5704 = CARTESIAN_POINT ( 'NONE',  ( 0.0000000000000000000, -70.00000000000000000, 659.9999996933069000 ) ) ;
#5705 = CARTESIAN_POINT ( 'NONE',  ( -977.9970575583958000, 22.89356240254231500, -87.52448106196115400 ) ) ;
#5706 = CARTESIAN_POINT ( 'NONE',  ( -768.5786514484568700, 23.42730997547047500, 55.01547229766972400 ) ) ;
#5707 = CARTESIAN_POINT ( 'NONE',  ( -168.3225630098066600, 20.00000000000000400, 549.2914513037540000 ) ) ;
#5708 = DIRECTION ( 'NONE',  ( 0.0000000000000000000, 0.0000000000000000000, -1.000000000000000000 ) ) ;
#5709 = CARTESIAN_POINT ( 'NONE',  ( -668.2451320953587100, -80.00000000000000000, -819.6142396099120300 ) ) ;
#5710 = CARTESIAN_POINT ( 'NONE',  ( -958.4916392537309100, 62.58479692502813700, 70.61166444894027400 ) ) ;
#5711 = CARTESIAN_POINT ( 'NONE',  ( -363.3325037834424100, 141.9740899135819600, 509.3156103644660700 ) ) ;
#5712 = AXIS2_PLACEMENT_3D ( 'NONE', #2730, #4018, #6369 ) ;
#5713 = CARTESIAN_POINT ( 'NONE',  ( -5.573319583618285800E-011, 373.7893821233247400, 144.6856185281506300 ) ) ;
#5714 = CARTESIAN_POINT ( 'NONE',  ( -1030.814107419051900, 33.80051229698376100, -23.51177689938068500 ) ) ;
#5715 = ORIENTED_EDGE ( 'NONE', *, *, #6515, .F. ) ;
#5716 = CARTESIAN_POINT ( 'NONE',  ( -767.9238069946571800, 22.73041574040283300, 55.29366261009809600 ) ) ;
#5717 = CARTESIAN_POINT ( 'NONE',  ( -258.7992690864762700, -45.14623543163779100, 719.0165297983472800 ) ) ;
#5718 = CARTESIAN_POINT ( 'NONE',  ( -321.0584483242565700, -16.40409883932099100, -838.7458281563143600 ) ) ;
#5719 = CARTESIAN_POINT ( 'NONE',  ( -940.3168757644666600, 5.847632463053685100, -60.41522746717251400 ) ) ;
#5720 = AXIS2_PLACEMENT_3D ( 'NONE', #5288, #3393, #7674 ) ;
#5721 = CARTESIAN_POINT ( 'NONE',  ( -1016.168429931318300, 0.3530707736288565800, -14.55953049108309800 ) ) ;
#5722 = CARTESIAN_POINT ( 'NONE',  ( -668.2451320953584900, -24.12689597281492100, -728.2204915245554300 ) ) ;
#5723 = ORIENTED_EDGE ( 'NONE', *, *, #4087, .T. ) ;
#5724 = CARTESIAN_POINT ( 'NONE',  ( -769.6241278965980000, -49.25061185733253700, -54.76506754953027200 ) ) ;
#5725 = CARTESIAN_POINT ( 'NONE',  ( -658.0707898217590400, 71.86193051735823200, -650.0000000000000000 ) ) ;
#5726 = CARTESIAN_POINT ( 'NONE',  ( -165.3903488545829000, 283.6169522604030800, 239.9999999999999400 ) ) ;
#5727 = ORIENTED_EDGE ( 'NONE', *, *, #4254, .T. ) ;
#5728 = EDGE_CURVE ( 'NONE', #5794, #1622, #1619, .T. ) ;
#5729 = DIRECTION ( 'NONE',  ( 1.000000000000000000, 0.0000000000000000000, 0.0000000000000000000 ) ) ;
#5730 = VERTEX_POINT ( 'NONE', #4583 ) ;
#5731 = ADVANCED_FACE ( 'NONE', ( #750 ), #686, .F. ) ;
#5732 = CARTESIAN_POINT ( 'NONE',  ( -782.3509577309871500, 30.94178077095935500, 479.9273741711696200 ) ) ;
#5733 = CARTESIAN_POINT ( 'NONE',  ( -258.7992690864762700, -35.17801972195646000, 859.0578803535368000 ) ) ;
#5734 = CARTESIAN_POINT ( 'NONE',  ( -969.8308515967182800, 2.957272304234565200, -68.79590352574899700 ) ) ;
#5735 = CARTESIAN_POINT ( 'NONE',  ( -970.5218452665625400, -46.52138065281847900, -62.35021923255894900 ) ) ;
#5736 = CARTESIAN_POINT ( 'NONE',  ( -936.8207834208392300, 46.05178689567883800, 100.5730325133258400 ) ) ;
#5737 = CARTESIAN_POINT ( 'NONE',  ( -14.62674840205194100, 292.5975930273639300, -240.0000000000000000 ) ) ;
#5738 = CARTESIAN_POINT ( 'NONE',  ( -1015.929031573874700, 0.3665251143882394800, 16.21239377960749600 ) ) ;
#5739 = LINE ( 'NONE', #2692, #1420 ) ;
#5740 = CARTESIAN_POINT ( 'NONE',  ( -1028.482870866706200, 37.38906201975751000, 1.823880148861622500 ) ) ;
#5741 = ORIENTED_EDGE ( 'NONE', *, *, #2416, .F. ) ;
#5742 = CIRCLE ( 'NONE', #5066, 49.99999999999998600 ) ;
#5743 = CARTESIAN_POINT ( 'NONE',  ( -765.7235853774421900, 22.94588765577998400, -61.91333171583454500 ) ) ;
#5744 = ORIENTED_EDGE ( 'NONE', *, *, #6796, .F. ) ;
#5745 = DIRECTION ( 'NONE',  ( -0.0000000000000000000, -1.000000000000000000, -0.0000000000000000000 ) ) ;
#5746 = CARTESIAN_POINT ( 'NONE',  ( -919.9485110022336600, 67.95532906200408300, -98.90685787851065000 ) ) ;
#5747 = CARTESIAN_POINT ( 'NONE',  ( -977.9970575583958000, 22.89356240254231200, 87.52448106196229100 ) ) ;
#5748 = CARTESIAN_POINT ( 'NONE',  ( -668.2451320953587100, -80.00000000000001400, -899.6142396099120300 ) ) ;
#5749 = CARTESIAN_POINT ( 'NONE',  ( -346.5509784524225000, -13.59643510581545900, -829.6142396099120300 ) ) ;
#5750 = CARTESIAN_POINT ( 'NONE',  ( -939.3959258941949900, 5.937822847040990800, -55.53109701635084900 ) ) ;
#5751 = CARTESIAN_POINT ( 'NONE',  ( -1030.164253487959700, 35.54745978456472200, -16.16680669486024200 ) ) ;
#5752 = CARTESIAN_POINT ( 'NONE',  ( -258.7992690864762700, -15.68605927694460100, -786.4173870211318400 ) ) ;
#5753 = VERTEX_POINT ( 'NONE', #3953 ) ;
#5754 = EDGE_CURVE ( 'NONE', #6951, #1310, #4424, .T. ) ;
#5755 = CARTESIAN_POINT ( 'NONE',  ( -768.0314034738755700, -49.25061185733253700, -55.24532406218320800 ) ) ;
#5756 = CARTESIAN_POINT ( 'NONE',  ( -940.1836404914431600, 7.164169369840226200, 61.74090350182957800 ) ) ;
#5757 = CARTESIAN_POINT ( 'NONE',  ( -113.8150550061754000, 284.9638491362790100, 239.9999999999999400 ) ) ;
#5758 = CARTESIAN_POINT ( 'NONE',  ( -38.55760113323100300, 308.1239035859978200, 239.9999999999999100 ) ) ;
#5759 = CARTESIAN_POINT ( 'NONE',  ( -669.6908340607190000, 73.43984978339578600, 650.0000000000000000 ) ) ;
#5760 = CARTESIAN_POINT ( 'NONE',  ( -668.2451320953588300, -74.05919575381639700, 819.8836419576802000 ) ) ;
#5761 = CARTESIAN_POINT ( 'NONE',  ( -530.2061565769819300, -7.705684670995872800, 0.0000000000000000000 ) ) ;
#5762 = CARTESIAN_POINT ( 'NONE',  ( -541.8885715921194300, -5.816779783864600300, -0.0000000000000000000 ) ) ;
#5763 = CARTESIAN_POINT ( 'NONE',  ( -769.9172329506810700, -48.79991223945976500, 54.74699833021900000 ) ) ;
#5764 = CARTESIAN_POINT ( 'NONE',  ( -453.4158454910860900, 42.20061651864961000, 209.4169311968550700 ) ) ;
#5765 = CARTESIAN_POINT ( 'NONE',  ( -1014.408165439161500, 0.4519987635994183200, -23.80246345036909300 ) ) ;
#5766 = CARTESIAN_POINT ( 'NONE',  ( -1016.900446132896900, 0.3119309950497118900, 5.989281179325407900 ) ) ;
#5767 = CARTESIAN_POINT ( 'NONE',  ( -139.3259889601534700, 322.3382913268148400, 240.0000000000000000 ) ) ;
#5768 = LINE ( 'NONE', #4769, #2505 ) ;
#5769 = CARTESIAN_POINT ( 'NONE',  ( -1030.058842481665600, 35.74679448030885700, 15.28309957017916600 ) ) ;
#5770 = ORIENTED_EDGE ( 'NONE', *, *, #4478, .F. ) ;
#5771 = DIRECTION ( 'NONE',  ( 1.000000000000000000, 0.0000000000000000000, 3.088707198718619700E-016 ) ) ;
#5772 = CARTESIAN_POINT ( 'NONE',  ( -769.4401581319072000, 22.58191657042314300, 54.79639682093549900 ) ) ;
#5773 = CARTESIAN_POINT ( 'NONE',  ( -14.69771262424073800, 301.7726945522351800, 144.1956947740111200 ) ) ;
#5774 = CARTESIAN_POINT ( 'NONE',  ( -193.5115191532606200, 275.0000000000000600, -573.0979544737746200 ) ) ;
#5775 = ADVANCED_FACE ( 'NONE', ( #6438, #4800 ), #6108, .T. ) ;
#5776 = CARTESIAN_POINT ( 'NONE',  ( -668.2451320953587100, -54.32520081337961000, -692.8904351554597300 ) ) ;
#5777 = AXIS2_PLACEMENT_3D ( 'NONE', #661, #5598, #1273 ) ;
#5778 = LINE ( 'NONE', #5704, #3780 ) ;
#5779 = CARTESIAN_POINT ( 'NONE',  ( -1014.347005588278200, 0.4554359863246020800, -23.78774142552712000 ) ) ;
#5780 = ORIENTED_EDGE ( 'NONE', *, *, #562, .T. ) ;
#5781 = CARTESIAN_POINT ( 'NONE',  ( -668.2451320953586000, -15.19288004169718100, -757.4680834284197300 ) ) ;
#5782 = CARTESIAN_POINT ( 'NONE',  ( -855.3638864233430500, 39.44847174006466200, 114.8816014359641600 ) ) ;
#5783 = CARTESIAN_POINT ( 'NONE',  ( -931.7072111055728100, -44.47907115696418900, 49.83040187076174700 ) ) ;
#5784 =( BOUNDED_CURVE ( )  B_SPLINE_CURVE ( 3, ( #5448, #2380, #1159, #7370 ),
 .UNSPECIFIED., .F., .F. ) 
 B_SPLINE_CURVE_WITH_KNOTS ( ( 4, 4 ),
 ( 1.241315980897904200, 1.331117803537669600 ),
 .UNSPECIFIED. ) 
 CURVE ( )  GEOMETRIC_REPRESENTATION_ITEM ( )  RATIONAL_B_SPLINE_CURVE ( ( 1.000000000000000000, 0.9993280822862465900, 0.9993280822862465900, 1.000000000000000000 ) ) 
 REPRESENTATION_ITEM ( '' )  );
#5785 = CARTESIAN_POINT ( 'NONE',  ( -132.6608344629069300, 282.5139530722341900, 239.9999999999999400 ) ) ;
#5786 = CARTESIAN_POINT ( 'NONE',  ( -113.0451986169773600, 318.9349433391436200, 239.9999999999999400 ) ) ;
#5787 = CARTESIAN_POINT ( 'NONE',  ( -770.0781411151467600, 23.42730997547047500, 54.73844108899106000 ) ) ;
#5788 = CARTESIAN_POINT ( 'NONE',  ( -413.0707898217584700, 61.93453721306585200, -650.0000000000000000 ) ) ;
#5789 = DIRECTION ( 'NONE',  ( -0.0000000000000000000, -0.0000000000000000000, -1.000000000000000000 ) ) ;
#5790 = CARTESIAN_POINT ( 'NONE',  ( -731.8151122644769700, 51.43873704579421300, 120.2917647316909300 ) ) ;
#5791 = CARTESIAN_POINT ( 'NONE',  ( -1014.400457403709300, 0.4524319601203406500, 23.83940960244698500 ) ) ;
#5792 = CARTESIAN_POINT ( 'NONE',  ( -1086.032884322166200, -3.573356234389544600, 14.58585737363863000 ) ) ;
#5793 = CARTESIAN_POINT ( 'NONE',  ( -139.8846780290528800, 322.4057668498936100, 240.0000000000000000 ) ) ;
#5794 = VERTEX_POINT ( 'NONE', #4776 ) ;
#5795 = ORIENTED_EDGE ( 'NONE', *, *, #5198, .F. ) ;
#5796 = ORIENTED_EDGE ( 'NONE', *, *, #7962, .T. ) ;
#5797 = CARTESIAN_POINT ( 'NONE',  ( -249.8029739625468400, 19.99999999999999600, 647.9913977444305100 ) ) ;
#5798 = DIRECTION ( 'NONE',  ( 2.775557561562858200E-015, 0.0000000000000000000, -1.000000000000000000 ) ) ;
#5799 = CARTESIAN_POINT ( 'NONE',  ( -861.6342496577638000, 96.68124017129572700, -89.96129063427129300 ) ) ;
#5800 = CARTESIAN_POINT ( 'NONE',  ( -998.1388885930439300, 22.00633187007468500, 77.90512235613459800 ) ) ;
#5801 = CARTESIAN_POINT ( 'NONE',  ( -768.5136870756553000, 22.67264765472410200, 55.03344301454325200 ) ) ;
#5802 = CARTESIAN_POINT ( 'NONE',  ( -180.3790615486548200, 20.00000000000000000, -576.2771510925290400 ) ) ;
#5803 = CARTESIAN_POINT ( 'NONE',  ( -333.6794560061977100, -11.68144680918966000, -826.7469638656815500 ) ) ;
#5804 = VECTOR ( 'NONE', #2641, 1000.000000000000100 ) ;
#5805 = CARTESIAN_POINT ( 'NONE',  ( -930.1678777340224500, 6.841543270796326400, 49.73457413267520600 ) ) ;
#5806 = CARTESIAN_POINT ( 'NONE',  ( -1080.458894918115000, -3.260094465890358800, -18.60456408107139100 ) ) ;
#5807 = CARTESIAN_POINT ( 'NONE',  ( -258.7992690864762700, -38.43300487926251900, -738.3388081641214700 ) ) ;
#5808 = ORIENTED_EDGE ( 'NONE', *, *, #970, .F. ) ;
#5809 = CARTESIAN_POINT ( 'NONE',  ( -728.7444311317656200, 26.61849393224153800, 96.94719179652813100 ) ) ;
#5810 = CARTESIAN_POINT ( 'NONE',  ( -1012.809502501466100, 43.46342736086182200, -37.02459158161055800 ) ) ;
#5811 = CARTESIAN_POINT ( 'NONE',  ( -939.5870448557457200, 7.164169369840226200, 63.66822034062012400 ) ) ;
#5812 = CARTESIAN_POINT ( 'NONE',  ( -138.8481392413415300, 281.7203393327387200, 239.9999999999999700 ) ) ;
#5813 = CARTESIAN_POINT ( 'NONE',  ( -113.4566584325427200, 318.9890467674806600, 239.9999999999999400 ) ) ;
#5814 = DIRECTION ( 'NONE',  ( 0.0000000000000000000, 0.0000000000000000000, -1.000000000000000000 ) ) ;
#5815 = CARTESIAN_POINT ( 'NONE',  ( -766.5251973323377100, 23.42730997547047500, 56.35446640037435600 ) ) ;
#5816 = DIRECTION ( 'NONE',  ( 0.0000000000000000000, 0.0000000000000000000, -1.000000000000000000 ) ) ;
#5817 = DIRECTION ( 'NONE',  ( -0.0000000000000000000, -1.000000000000000000, -0.0000000000000000000 ) ) ;
#5818 = CARTESIAN_POINT ( 'NONE',  ( -907.7336532594164300, 23.26329343565628300, -107.3075677211247600 ) ) ;
#5819 = CARTESIAN_POINT ( 'NONE',  ( -768.5125149705711500, 22.67276244121896800, -55.03403148235155800 ) ) ;
#5820 = ORIENTED_EDGE ( 'NONE', *, *, #4325, .F. ) ;
#5821 = CARTESIAN_POINT ( 'NONE',  ( -1016.900420778662500, 0.3119324199738834900, -5.990298914623188000 ) ) ;
#5822 = CARTESIAN_POINT ( 'NONE',  ( -149.0559750716956000, 323.0000057211867700, 239.9999999999999100 ) ) ;
#5823 = EDGE_CURVE ( 'NONE', #6951, #3469, #2570, .T. ) ;
#5824 = ORIENTED_EDGE ( 'NONE', *, *, #5308, .T. ) ;
#5825 = AXIS2_PLACEMENT_3D ( 'NONE', #2795, #4024, #332 ) ;
#5826 = DIRECTION ( 'NONE',  ( -0.0000000000000000000, -0.0000000000000000000, -1.000000000000000000 ) ) ;
#5827 = CARTESIAN_POINT ( 'NONE',  ( -971.0375125829706300, -46.70541187800891700, 0.0000000000000000000 ) ) ;
#5828 = ORIENTED_EDGE ( 'NONE', *, *, #1195, .T. ) ;
#5829 = LINE ( 'NONE', #2268, #5461 ) ;
#5830 = CARTESIAN_POINT ( 'NONE',  ( -1015.326489203073200, 21.24923267611349300, 63.66016581200379000 ) ) ;
#5831 = CARTESIAN_POINT ( 'NONE',  ( -189.9990276139760400, 333.1151594224631900, 137.9595885520809300 ) ) ;
#5832 = CARTESIAN_POINT ( 'NONE',  ( -533.3592136239985800, -3.954536307887489800, -123.3249956252032900 ) ) ;
#5833 = CARTESIAN_POINT ( 'NONE',  ( -344.5259817270519400, -11.44985826588860600, -824.7440987135029200 ) ) ;
#5834 = CARTESIAN_POINT ( 'NONE',  ( -940.0488554859055100, 5.873880202067647700, 57.41086087448879000 ) ) ;
#5835 = AXIS2_PLACEMENT_3D ( 'NONE', #2456, #1209, #2432 ) ;
#5836 = CARTESIAN_POINT ( 'NONE',  ( -1076.767082923797000, -3.052612271261563800, -21.16883969743296100 ) ) ;
#5837 = CARTESIAN_POINT ( 'NONE',  ( -258.7992690864762200, -26.43457880943104500, -755.1429318072597400 ) ) ;
#5838 = B_SPLINE_CURVE_WITH_KNOTS ( 'NONE', 3,
 ( #6797, #5000, #6260, #7489, #4815, #2538, #1759 ),
 .UNSPECIFIED., .F., .F.,
 ( 4, 3, 4 ),
 ( 0.0000000000000000000, 0.0002137558289937060500, 0.0002151710948496887100 ),
 .UNSPECIFIED. ) ;
#5839 = FACE_OUTER_BOUND ( 'NONE', #254, .T. ) ;
#5840 = ORIENTED_EDGE ( 'NONE', *, *, #5308, .F. ) ;
#5841 = LINE ( 'NONE', #218, #7185 ) ;
#5842 = CARTESIAN_POINT ( 'NONE',  ( -14.62674840205268000, 302.0875313624765100, 144.1980602480840900 ) ) ;
#5843 = PLANE ( 'NONE',  #3789 ) ;
#5844 = CARTESIAN_POINT ( 'NONE',  ( -931.1393262687283800, -44.47907115696418900, 49.76665490881085000 ) ) ;
#5845 = VERTEX_POINT ( 'NONE', #3542 ) ;
#5846 = CARTESIAN_POINT ( 'NONE',  ( -139.7230099870906200, 281.6136874420195700, 239.9999999999999400 ) ) ;
#5847 = EDGE_CURVE ( 'NONE', #7182, #1618, #6579, .T. ) ;
#5848 = CARTESIAN_POINT ( 'NONE',  ( -94.50360548081531000, 316.4596867371150200, 239.9999999999998600 ) ) ;
#5849 = VECTOR ( 'NONE', #3353, 1000.000000000000000 ) ;
#5850 = CARTESIAN_POINT ( 'NONE',  ( -671.3575007273856300, 70.55309843744765900, 650.0000000000000000 ) ) ;
#5851 = DIRECTION ( 'NONE',  ( 0.3320534516538798400, -0.9432605712340277300, 0.0000000000000000000 ) ) ;
#5852 = ORIENTED_EDGE ( 'NONE', *, *, #255, .F. ) ;
#5853 = CARTESIAN_POINT ( 'NONE',  ( -732.3766432495573300, 117.7103949458512800, -120.2730637531672500 ) ) ;
#5854 = CARTESIAN_POINT ( 'NONE',  ( -931.5052617981266400, -44.47907115696418900, 69.67580674372247500 ) ) ;
#5855 = CARTESIAN_POINT ( 'NONE',  ( -729.4226848318752400, 30.30513283554957800, -108.5300690943266900 ) ) ;
#5856 = ORIENTED_EDGE ( 'NONE', *, *, #3382, .T. ) ;
#5857 = CARTESIAN_POINT ( 'NONE',  ( -1016.482751041920100, 0.3354057262364107900, -11.99965543216169600 ) ) ;
#5858 = CARTESIAN_POINT ( 'NONE',  ( -1028.579289975751000, 37.31407085798612400, -3.641659309627950100 ) ) ;
#5859 = CARTESIAN_POINT ( 'NONE',  ( -139.5618425925544600, 322.3670191329125000, 239.9999999999999700 ) ) ;
#5860 = VERTEX_POINT ( 'NONE', #1135 ) ;
#5861 = CARTESIAN_POINT ( 'NONE',  ( -228.8339100974142800, 20.00000000000001100, 636.8514846934632500 ) ) ;
#5862 = CARTESIAN_POINT ( 'NONE',  ( -395.2812234227689600, -69.99999999999998600, 699.9999996933069000 ) ) ;
#5863 = CARTESIAN_POINT ( 'NONE',  ( -342.6364562004772000, 111.5216994009667400, 650.0000000000000000 ) ) ;
#5864 = EDGE_CURVE ( 'NONE', #3392, #5225, #5337, .T. ) ;
#5865 = CARTESIAN_POINT ( 'NONE',  ( -732.0292279767036200, 51.41795551113739300, 120.2871615096273100 ) ) ;
#5866 = CARTESIAN_POINT ( 'NONE',  ( -723.7945680158910600, -29.18071593480783600, -36.91470976221314300 ) ) ;
#5867 = CARTESIAN_POINT ( 'NONE',  ( -16.52498873946948200, 300.7097567879110900, 144.1347855701702100 ) ) ;
#5868 = CIRCLE ( 'NONE', #2948, 112.5000000000000400 ) ;
#5869 = CARTESIAN_POINT ( 'NONE',  ( -302.6862187450340100, 275.0000000000000000, -658.7082219434772700 ) ) ;
#5870 = EDGE_CURVE ( 'NONE', #2025, #781, #7181, .T. ) ;
#5871 = CARTESIAN_POINT ( 'NONE',  ( -933.3015705470804700, 6.534654734046124100, 69.30970113815264700 ) ) ;
#5872 = CARTESIAN_POINT ( 'NONE',  ( -770.0781411151467600, -51.00000000000041200, 54.73844108899106000 ) ) ;
#5873 = EDGE_CURVE ( 'NONE', #6055, #5563, #1687, .T. ) ;
#5874 = VECTOR ( 'NONE', #5499, 1000.000000000000000 ) ;
#5875 = CARTESIAN_POINT ( 'NONE',  ( -930.0000000000558200, -44.17288593644951100, 69.73844108900584600 ) ) ;
#5876 = CARTESIAN_POINT ( 'NONE',  ( -137.8157153226872300, 281.8503284239580500, 239.9999999999999400 ) ) ;
#5877 = VERTEX_POINT ( 'NONE', #518 ) ;
#5878 = CARTESIAN_POINT ( 'NONE',  ( -124.6794516946924600, 320.4540866387495700, 239.9999999999998900 ) ) ;
#5879 = CARTESIAN_POINT ( 'NONE',  ( -746.7448509121682000, -30.47469011177063800, 0.0000000000000000000 ) ) ;
#5880 = ORIENTED_EDGE ( 'NONE', *, *, #4054, .F. ) ;
#5881 = CARTESIAN_POINT ( 'NONE',  ( -765.2972773993071800, 23.42730997547047500, 60.70220283570781600 ) ) ;
#5882 = ORIENTED_EDGE ( 'NONE', *, *, #2625, .T. ) ;
#5883 = CARTESIAN_POINT ( 'NONE',  ( -930.2861991878324900, 7.164169077462492700, -49.73188639642518200 ) ) ;
#5884 = CARTESIAN_POINT ( 'NONE',  ( -734.4425480103389000, 123.6849575818841500, -118.9112226189394600 ) ) ;
#5885 = CARTESIAN_POINT ( 'NONE',  ( -728.6948296965529200, 26.57218991195626500, -95.30066013804095300 ) ) ;
#5886 = CARTESIAN_POINT ( 'NONE',  ( -556.9514663731996500, -33.70800652088050200, -829.6142396099124900 ) ) ;
#5887 = CARTESIAN_POINT ( 'NONE',  ( -668.2451320953587100, -70.00000000000000000, -887.9475729432454000 ) ) ;
#5888 = CARTESIAN_POINT ( 'NONE',  ( -153.1978828604382600, 322.7854073344839800, 240.0000000000000000 ) ) ;
#5889 = MECHANICAL_DESIGN_GEOMETRIC_PRESENTATION_REPRESENTATION (  '', ( #3685 ), #4649 ) ;
#5890 = FACE_OUTER_BOUND ( 'NONE', #6180, .T. ) ;
#5891 = CARTESIAN_POINT ( 'NONE',  ( -428.7639857112776000, 183.8977911741911800, -650.0000000000000000 ) ) ;
#5892 = CARTESIAN_POINT ( 'NONE',  ( -977.9970575583958000, 32.06201920788370800, 87.52448106196229100 ) ) ;
#5893 = CARTESIAN_POINT ( 'NONE',  ( -182.0654653120066900, 309.9764720725253800, 138.6167696844191500 ) ) ;
#5894 = CARTESIAN_POINT ( 'NONE',  ( -497.9837345322556500, 56.56828094207282500, -576.1409615043545500 ) ) ;
#5895 = CARTESIAN_POINT ( 'NONE',  ( -43.79741228524532200, 294.9832177758118000, 143.2257047853109700 ) ) ;
#5896 = CARTESIAN_POINT ( 'NONE',  ( -331.0516030550222100, -11.90376220675981500, -827.6542426878909300 ) ) ;
#5897 = CARTESIAN_POINT ( 'NONE',  ( -936.2668042929351500, 6.244263716268069000, 67.80426007713461400 ) ) ;
#5898 = CARTESIAN_POINT ( 'NONE',  ( -664.1258001567246100, -78.02951025595410800, 699.9999996933069000 ) ) ;
#5899 = EDGE_CURVE ( 'NONE', #2775, #3924, #4599, .T. ) ;
#5900 = CARTESIAN_POINT ( 'NONE',  ( -731.1619323759229000, 45.00134029751961900, 119.4681754879163700 ) ) ;
#5901 = CARTESIAN_POINT ( 'NONE',  ( -1027.366565385218300, 38.33894413331795200, -47.75748126389994000 ) ) ;
#5902 = CARTESIAN_POINT ( 'NONE',  ( -721.5093510031267700, -27.39914864066250600, -0.0000000000000000000 ) ) ;
#5903 = ADVANCED_FACE ( 'NONE', ( #7681 ), #4990, .T. ) ;
#5904 = AXIS2_PLACEMENT_3D ( 'NONE', #5101, #3801, #4509 ) ;
#5905 = CARTESIAN_POINT ( 'NONE',  ( -16.94467517308585200, 300.5606690885990100, 239.9999999999999400 ) ) ;
#5906 = CARTESIAN_POINT ( 'NONE',  ( -41.30043261069050000, 308.5915597541503500, 239.9999999999999700 ) ) ;
#5907 = ORIENTED_EDGE ( 'NONE', *, *, #4478, .T. ) ;
#5908 = EDGE_LOOP ( 'NONE', ( #885, #7281, #6664, #7450, #3019 ) ) ;
#5909 = CARTESIAN_POINT ( 'NONE',  ( -663.0707898217588100, 63.20167647951369400, -649.9999996933067900 ) ) ;
#5910 = CARTESIAN_POINT ( 'NONE',  ( -770.0781440828611700, -49.25060836388760100, 64.73844108900584600 ) ) ;
#5911 = CARTESIAN_POINT ( 'NONE',  ( -930.5722778169612200, 7.164169077462492700, -49.73579614213221600 ) ) ;
#5912 = CARTESIAN_POINT ( 'NONE',  ( -802.4590550235913000, 19.34831278195660800, 93.71200958795857600 ) ) ;
#5913 = ORIENTED_EDGE ( 'NONE', *, *, #2833, .F. ) ;
#5914 = CARTESIAN_POINT ( 'NONE',  ( -729.7470632147593500, 32.68989098845393200, -111.8444559480768000 ) ) ;
#5915 = CARTESIAN_POINT ( 'NONE',  ( -767.9230606215429600, 22.73048883415080500, -55.29393639120731100 ) ) ;
#5916 = CARTESIAN_POINT ( 'NONE',  ( -1012.795966358684700, 0.5426053827607024700, 28.72853827689990800 ) ) ;
#5917 = CARTESIAN_POINT ( 'NONE',  ( -1028.008818434077700, 38.11285354052467500, -13.85503231264271800 ) ) ;
#5918 = DIRECTION ( 'NONE',  ( -1.000000000000000000, 0.0000000000000000000, 0.0000000000000000000 ) ) ;
#5919 = CARTESIAN_POINT ( 'NONE',  ( -5.573319583618285800E-011, 137.3064572309340600, 143.3781423722967600 ) ) ;
#5920 = CARTESIAN_POINT ( 'NONE',  ( -180.4169481905292700, 311.9837047056560100, 239.9999999999999400 ) ) ;
#5921 = CARTESIAN_POINT ( 'NONE',  ( -165.8860226064538200, 320.2349135988003500, 139.1560844412709100 ) ) ;
#5922 = CARTESIAN_POINT ( 'NONE',  ( -181.4645284611878300, 293.1824483924729100, 138.6368009127797600 ) ) ;
#5923 = CARTESIAN_POINT ( 'NONE',  ( -298.2451320953590500, -43.81068232069073100, -874.6142396099120300 ) ) ;
#5924 = CARTESIAN_POINT ( 'NONE',  ( -930.1679308213646200, 6.841538071851249300, -49.73459504416813100 ) ) ;
#5925 = CARTESIAN_POINT ( 'NONE',  ( -258.7992690864762700, -40.11362150476461600, -864.7150510341126600 ) ) ;
#5926 = B_SPLINE_CURVE_WITH_KNOTS ( 'NONE', 3,
 ( #5862, #361, #5131, #2094, #3351, #4623, #7660, #3996 ),
 .UNSPECIFIED., .F., .F.,
 ( 4, 2, 2, 4 ),
 ( 0.0000000000000000000, 0.03412106449690958200, 0.06824212899381916500, 0.1364842579876381400 ),
 .UNSPECIFIED. ) ;
#5927 = ORIENTED_EDGE ( 'NONE', *, *, #7207, .F. ) ;
#5928 = CARTESIAN_POINT ( 'NONE',  ( -729.4228075467472100, 30.30599572154137500, 108.5314635751892900 ) ) ;
#5929 = CARTESIAN_POINT ( 'NONE',  ( -738.3330176091544700, -29.44950962140120900, -0.0000000000000000000 ) ) ;
#5930 = CARTESIAN_POINT ( 'NONE',  ( 372.4007397240991400, -215.0000000000000600, 1100.000000000000000 ) ) ;
#5931 = CARTESIAN_POINT ( 'NONE',  ( -308.7992690864780300, 20.00000000000000400, 501.6713962796285400 ) ) ;
#5932 = CARTESIAN_POINT ( 'NONE',  ( -22.35695832401222600, 299.0537348505726500, 239.9999999999999700 ) ) ;
#5933 = CARTESIAN_POINT ( 'NONE',  ( -138.0383660879037100, 322.1778774182143900, 239.9999999999999100 ) ) ;
#5934 = CARTESIAN_POINT ( 'NONE',  ( -731.8155817058952800, 51.43869147891162900, -120.2917546574219900 ) ) ;
#5935 = CARTESIAN_POINT ( 'NONE',  ( -769.6961746380799200, -49.25060836388760100, 64.71272302272220100 ) ) ;
#5936 = VERTEX_POINT ( 'NONE', #6638 ) ;
#5937 = CARTESIAN_POINT ( 'NONE',  ( -721.2497326902922600, -38.01434301723115500, 123.2482987937306100 ) ) ;
#5938 = CARTESIAN_POINT ( 'NONE',  ( -729.0542768836836600, 26.53698324128182800, 95.29295773136847500 ) ) ;
#5939 = CARTESIAN_POINT ( 'NONE',  ( -728.9137427894420400, 27.21156454596437200, -101.0100812437708300 ) ) ;
#5940 = CARTESIAN_POINT ( 'NONE',  ( -1039.873262562526900, 20.42349266150761300, -8.766409823939376600 ) ) ;
#5941 = ORIENTED_EDGE ( 'NONE', *, *, #111, .T. ) ;
#5942 = VERTEX_POINT ( 'NONE', #3457 ) ;
#5943 = EDGE_CURVE ( 'NONE', #6161, #1696, #7877, .T. ) ;
#5944 = AXIS2_PLACEMENT_3D ( 'NONE', #7817, #5364, #7843 ) ;
#5945 = ADVANCED_FACE ( 'NONE', ( #5644 ), #6156, .F. ) ;
#5946 = CARTESIAN_POINT ( 'NONE',  ( -5.573319583618285800E-011, 119.9869196084536500, 119.5411502224856300 ) ) ;
#5947 = CARTESIAN_POINT ( 'NONE',  ( -168.0420288320277700, 319.4910062326945900, 239.9999999999999700 ) ) ;
#5948 = VECTOR ( 'NONE', #2122, 1000.000000000000000 ) ;
#5949 = CARTESIAN_POINT ( 'NONE',  ( -179.4961097017173300, 312.9199541328640600, 138.7024148714288600 ) ) ;
#5950 = CARTESIAN_POINT ( 'NONE',  ( -24.28126963468779600, 298.6123805584294900, 143.8762428736629900 ) ) ;
#5951 = CARTESIAN_POINT ( 'NONE',  ( -939.6470802218283300, -42.66158911014316900, 56.12177411033351900 ) ) ;
#5952 = ORIENTED_EDGE ( 'NONE', *, *, #5697, .T. ) ;
#5953 = FACE_OUTER_BOUND ( 'NONE', #6693, .T. ) ;
#5954 = CARTESIAN_POINT ( 'NONE',  ( -816.7935938734851800, -51.20412180951745300, -66.19901223866646900 ) ) ;
#5955 = B_SPLINE_CURVE_WITH_KNOTS ( 'NONE', 3,
 ( #6830, #2543, #1963, #6879, #3169, #3189, #7495, #3826, #2472, #760, #3090, #6925, #2638, #7594, #2060, #1393, #4532, #4487, #3210, #3281, #7004, #3260, #2668, #4463, #5662, #829, #783, #7522, #2014, #6367, #1987, #6948, #5102, #2594, #2698, #857, #5763, #215 ),
 .UNSPECIFIED., .F., .F.,
 ( 4, 2, 2, 2, 2, 2, 2, 2, 2, 2, 2, 2, 2, 2, 2, 2, 2, 2, 4 ),
 ( 0.0000000000000000000, 0.0004795491062598651800, 0.0009590982125197303500, 0.001918196425039784500, 0.002877294637559838500, 0.003836392850079892900, 0.004795491062599946700, 0.005754589275119983300, 0.006713687487640018900, 0.007672785700160056300, 0.008631883912680092900, 0.009590982125200131100, 0.01055008033772016800, 0.01150917855024020400, 0.01246827676276024100, 0.01342737497528027900, 0.01438647318780031600, 0.01486602229406049400, 0.01534557140032067500 ),
 .UNSPECIFIED. ) ;
#5956 = CARTESIAN_POINT ( 'NONE',  ( -667.6566849304587100, -70.66951546673755000, 699.9999996933069000 ) ) ;
#5957 = CARTESIAN_POINT ( 'NONE',  ( -668.2451320953587100, -28.14137307134269900, -797.1083330866998700 ) ) ;
#5958 = EDGE_LOOP ( 'NONE', ( #5700, #576, #7232, #1724 ) ) ;
#5959 = DIRECTION ( 'NONE',  ( 0.0000000000000000000, 0.0000000000000000000, 1.000000000000000000 ) ) ;
#5960 = DIRECTION ( 'NONE',  ( 0.0000000000000000000, -0.0000000000000000000, 1.000000000000000000 ) ) ;
#5961 = CARTESIAN_POINT ( 'NONE',  ( -110.4287047268472300, 285.3731536437238700, 137.9225819429061100 ) ) ;
#5962 = CARTESIAN_POINT ( 'NONE',  ( -666.5203513969463500, 66.26189940726894200, 649.9999996933067900 ) ) ;
#5963 = CARTESIAN_POINT ( 'NONE',  ( -43.91408456092401700, 294.9716091402819400, 239.9999999999998900 ) ) ;
#5964 = ORIENTED_EDGE ( 'NONE', *, *, #4882, .F. ) ;
#5965 = CARTESIAN_POINT ( 'NONE',  ( -668.2451320953587100, 70.06135079465764200, -649.9999996933067900 ) ) ;
#5966 = CARTESIAN_POINT ( 'NONE',  ( -110.4287047268468700, 313.4778319254067500, -137.9225819429058800 ) ) ;
#5967 = CARTESIAN_POINT ( 'NONE',  ( -931.7090280948216300, 7.164169077462492700, -49.83070471747460300 ) ) ;
#5968 = CARTESIAN_POINT ( 'NONE',  ( -14.81864419211610700, 302.3744361083466900, 144.1916637217487100 ) ) ;
#5969 = CARTESIAN_POINT ( 'NONE',  ( -1023.632468975144100, 39.65344792960335200, 6.531547620735287800 ) ) ;
#5970 = CARTESIAN_POINT ( 'NONE',  ( -1056.237983233738800, -1.898863742395276600, 35.13686021167535500 ) ) ;
#5971 = B_SPLINE_SURFACE_WITH_KNOTS ( 'NONE', 3, 1, ( 
 ( #3022, #7267 ),
 ( #3596, #7899 ),
 ( #1186, #1719 ),
 ( #5481, #6127 ),
 ( #4203, #1800 ),
 ( #4285, #6099 ),
 ( #489, #2406 ),
 ( #6716, #2914 ),
 ( #1210, #2330 ),
 ( #2939, #1828 ),
 ( #4774, #1108 ),
 ( #515, #7455 ),
 ( #7428, #3761 ),
 ( #3124, #1924 ),
 ( #1875, #4918 ),
 ( #4354, #6182 ),
 ( #6158, #6789 ),
 ( #6230, #76 ),
 ( #2526, #2483 ),
 ( #4403, #5550 ),
 ( #2433, #8 ),
 ( #6838, #4380 ),
 ( #1330, #3098 ),
 ( #105, #7348 ),
 ( #5013, #717 ),
 ( #1899, #3075 ),
 ( #693, #4992 ),
 ( #1303, #5623 ),
 ( #31, #1280 ),
 ( #4304, #1948 ),
 ( #6741, #3045 ),
 ( #3150, #7404 ),
 ( #1257, #3731 ),
 ( #55, #5528 ),
 ( #5605, #3678 ),
 ( #3709, #668 ),
 ( #3785, #617 ),
 ( #1230, #4967 ),
 ( #1850, #2457 ),
 ( #5578, #6763 ),
 ( #6204, #2504 ),
 ( #6814, #7371 ),
 ( #4331, #638 ),
 ( #4943, #3244 ),
 ( #6933, #5717 ),
 ( #6301, #5088 ),
 ( #6957, #3811 ),
 ( #7551, #196 ),
 ( #126, #5063 ),
 ( #4430, #768 ) ),
 .UNSPECIFIED., .F., .F., .F.,
 ( 4, 2, 2, 2, 2, 2, 2, 2, 2, 2, 2, 2, 2, 2, 2, 2, 2, 2, 2, 2, 2, 2, 2, 2, 4 ),
 ( 2, 2 ),
 ( 0.0000000000000000000, 0.06249999999999993100, 0.1249999999999999700, 0.1875000000000000000, 0.2500000000000000600, 0.2812500000000000600, 0.3125000000000001100, 0.3437500000000001100, 0.3750000000000001100, 0.4062500000000001700, 0.4375000000000001700, 0.4687500000000002200, 0.5000000000000002200, 0.5312500000000002200, 0.5625000000000001100, 0.5937500000000001100, 0.6250000000000001100, 0.6562500000000000000, 0.6875000000000000000, 0.7187500000000000000, 0.7499999999999998900, 0.8125000000000000000, 0.8750000000000000000, 0.9375000000000001100, 1.000000000000000000 ),
 ( 0.0000000000000000000, 1.000000000000000000 ),
 .UNSPECIFIED. ) ;
#5972 = CARTESIAN_POINT ( 'NONE',  ( -348.2451320953590000, 30.00000000000000000, -874.6142396099116900 ) ) ;
#5973 = CIRCLE ( 'NONE', #2627, 370.0000000000000000 ) ;
#5974 = CARTESIAN_POINT ( 'NONE',  ( -5.573319583618286500E-011, 119.9869196084519100, 121.2114623503852800 ) ) ;
#5975 = CARTESIAN_POINT ( 'NONE',  ( -180.9944293041068600, 311.3516480325988600, 240.0000000000000000 ) ) ;
#5976 = EDGE_CURVE ( 'NONE', #3995, #4005, #178, .T. ) ;
#5977 = CARTESIAN_POINT ( 'NONE',  ( -183.0252473942630900, 295.5823799498005500, 138.5847769483438900 ) ) ;
#5978 = CARTESIAN_POINT ( 'NONE',  ( -939.2411643676848600, -42.75922364905557800, 64.26407126182530800 ) ) ;
#5979 = EDGE_CURVE ( 'NONE', #1553, #2065, #7816, .T. ) ;
#5980 = CARTESIAN_POINT ( 'NONE',  ( -463.5222005909175200, -80.00000000000001400, -705.8086172388635800 ) ) ;
#5981 = FACE_OUTER_BOUND ( 'NONE', #6462, .T. ) ;
#5982 = CARTESIAN_POINT ( 'NONE',  ( -668.2451320953588300, -57.21638610094623800, -817.1641962742033900 ) ) ;
#5983 = B_SPLINE_CURVE_WITH_KNOTS ( 'NONE', 3,
 ( #1519, #4498, #7047, #3917 ),
 .UNSPECIFIED., .F., .F.,
 ( 4, 4 ),
 ( 0.0000000000000000000, 0.006021198825662623500 ),
 .UNSPECIFIED. ) ;
#5984 = CARTESIAN_POINT ( 'NONE',  ( -5.573319583618287100E-011, 126.9075887891449100, -136.7821512046632500 ) ) ;
#5985 = CARTESIAN_POINT ( 'NONE',  ( -635.2182686816095200, 17.86686176080491300, 451.2293551246756400 ) ) ;
#5986 = CARTESIAN_POINT ( 'NONE',  ( -616.9319087001720200, 22.69240075583863700, 451.2367140275673600 ) ) ;
#5987 = LINE ( 'NONE', #3495, #4733 ) ;
#5988 = ADVANCED_FACE ( 'NONE', ( #2480, #6729 ), #3076, .F. ) ;
#5989 = CARTESIAN_POINT ( 'NONE',  ( -598.2451320953588300, -38.82862917108680300, 828.1665335712000300 ) ) ;
#5990 = PLANE ( 'NONE',  #6313 ) ;
#5991 = ORIENTED_EDGE ( 'NONE', *, *, #2152, .T. ) ;
#5992 = CARTESIAN_POINT ( 'NONE',  ( -1024.287353910978500, 23.37773914660596800, -52.20210083417850900 ) ) ;
#5993 = CARTESIAN_POINT ( 'NONE',  ( -908.8689351518886500, 23.44699174105060300, 107.0867953730063000 ) ) ;
#5994 = EDGE_CURVE ( 'NONE', #7853, #6296, #5169, .T. ) ;
#5995 = CARTESIAN_POINT ( 'NONE',  ( -938.6237299408105600, -44.47907115522036000, -54.05232127270478800 ) ) ;
#5996 = CARTESIAN_POINT ( 'NONE',  ( -1005.289587861692300, 20.99602887136790500, -44.51969783023675800 ) ) ;
#5997 = CARTESIAN_POINT ( 'NONE',  ( -15.60342068856727100, 302.8991527655838900, 144.1655045052002300 ) ) ;
#5998 = CARTESIAN_POINT ( 'NONE',  ( -348.2451320953587700, -13.69752918442446800, -829.6142396099120300 ) ) ;
#5999 = CARTESIAN_POINT ( 'NONE',  ( -1030.735667485854500, 34.08958489581330300, 22.37060799453291800 ) ) ;
#6000 = B_SPLINE_SURFACE_WITH_KNOTS ( 'NONE', 3, 1, ( 
 ( #6695, #5378 ),
 ( #464, #1670 ),
 ( #5966, #2387 ),
 ( #2336, #2310 ),
 ( #6613, #6642 ),
 ( #7829, #4161 ) ),
 .UNSPECIFIED., .F., .F., .F.,
 ( 4, 1, 1, 4 ),
 ( 2, 2 ),
 ( 0.0000000000000000000, 0.6778353750968978400, 0.7778353750968976000, 1.000000000000000000 ),
 ( 0.0000000000000000000, 1.000000000000000000 ),
 .UNSPECIFIED. ) ;
#6001 = CARTESIAN_POINT ( 'NONE',  ( -1012.809502501466100, 43.46342736086184300, 37.02459158161185800 ) ) ;
#6002 = CARTESIAN_POINT ( 'NONE',  ( -5.573319583618285800E-011, 130.0148334640140600, 139.5483089191592400 ) ) ;
#6003 = CARTESIAN_POINT ( 'NONE',  ( -162.6410847661993000, 321.1571606998466600, 240.0000000000000000 ) ) ;
#6004 = CARTESIAN_POINT ( 'NONE',  ( -135.5457493999841700, 282.1409657015416300, 140.1674268814865100 ) ) ;
#6005 = CARTESIAN_POINT ( 'NONE',  ( -939.9823688929393500, -42.63277504482200400, 62.39245098798756600 ) ) ;
#6006 = EDGE_LOOP ( 'NONE', ( #4070, #7963, #6486, #7717, #5964 ) ) ;
#6007 = ORIENTED_EDGE ( 'NONE', *, *, #4373, .T. ) ;
#6008 = CARTESIAN_POINT ( 'NONE',  ( -783.4085009152377100, -49.92969643381532300, -65.15521829421858500 ) ) ;
#6009 = CARTESIAN_POINT ( 'NONE',  ( -952.5887175398104300, 4.645827503112476700, 80.01323808492000500 ) ) ;
#6010 = CARTESIAN_POINT ( 'NONE',  ( -920.2857772427867100, 71.10618802116395900, 95.50277990237833600 ) ) ;
#6011 = ORIENTED_EDGE ( 'NONE', *, *, #5042, .F. ) ;
#6012 = B_SPLINE_SURFACE_WITH_KNOTS ( 'NONE', 3, 1, ( 
 ( #6377, #1430 ),
 ( #6349, #5774 ),
 ( #2710, #6911 ),
 ( #2098, #6958 ),
 ( #3326, #3218 ),
 ( #7636, #7529 ),
 ( #2649, #3974 ),
 ( #281, #899 ),
 ( #5194, #3865 ),
 ( #793, #2000 ),
 ( #6324, #6934 ),
 ( #7552, #5282 ),
 ( #2213, #6550 ),
 ( #4678, #7756 ),
 ( #4709, #7730 ),
 ( #1628, #7127 ),
 ( #1044, #5869 ),
 ( #3474, #2739 ) ),
 .UNSPECIFIED., .F., .F., .F.,
 ( 4, 2, 2, 2, 2, 2, 2, 2, 4 ),
 ( 2, 2 ),
 ( 0.0000000000000000000, 0.1249999999999997800, 0.2499999999999995600, 0.3749999999999993300, 0.4999999999999991100, 0.6249999999999988900, 0.7499999999999986700, 0.8749999999999993300, 1.000000000000000000 ),
 ( 0.0000000000000000000, 1.000000000000000000 ),
 .UNSPECIFIED. ) ;
#6013 = EDGE_CURVE ( 'NONE', #6397, #7840, #847, .T. ) ;
#6014 = ORIENTED_EDGE ( 'NONE', *, *, #99, .T. ) ;
#6015 = CARTESIAN_POINT ( 'NONE',  ( -5.573319583618285200E-011, 129.9524178636411600, -139.5520774095118700 ) ) ;
#6016 = CARTESIAN_POINT ( 'NONE',  ( 372.4007397240991400, -215.0000000000000600, -1100.000000000000000 ) ) ;
#6017 = SURFACE_SIDE_STYLE ('',( #4987 ) ) ;
#6018 = CARTESIAN_POINT ( 'NONE',  ( -14.62674840205313500, 296.8509855691290200, -239.9999999999998900 ) ) ;
#6019 = CARTESIAN_POINT ( 'NONE',  ( -71.44273208879982900, 290.7598731572809900, 239.9999999999999400 ) ) ;
#6020 = VERTEX_POINT ( 'NONE', #6128 ) ;
#6021 = PLANE ( 'NONE',  #6169 ) ;
#6022 = CARTESIAN_POINT ( 'NONE',  ( -746.0077781887266600, 400.0000000000000000, -590.9171423417172900 ) ) ;
#6023 = CARTESIAN_POINT ( 'NONE',  ( -183.6147351567490500, 296.8498361228777200, 240.0000000000000600 ) ) ;
#6024 = CARTESIAN_POINT ( 'NONE',  ( -24.85858544678538700, 305.5163033679317600, 143.8569990132596400 ) ) ;
#6025 = CARTESIAN_POINT ( 'NONE',  ( -905.1222013991415500, 21.51793680938604700, 107.5005916618316500 ) ) ;
#6026 = CARTESIAN_POINT ( 'NONE',  ( -857.1553278937126400, 37.57964970500294300, 114.7056959723807900 ) ) ;
#6027 = CARTESIAN_POINT ( 'NONE',  ( -310.0401565179329300, -22.80444378217330100, 850.7894662905794100 ) ) ;
#6028 = ADVANCED_FACE ( 'NONE', ( #2296 ), #3381, .T. ) ;
#6029 = CARTESIAN_POINT ( 'NONE',  ( -903.7611102747193900, 81.85143608260889900, -108.5048087794193500 ) ) ;
#6030 = DIRECTION ( 'NONE',  ( 0.0000000000000000000, 0.0000000000000000000, -1.000000000000000000 ) ) ;
#6031 = CARTESIAN_POINT ( 'NONE',  ( -172.2533574967570200, 317.7160976679936100, 239.9999999999999400 ) ) ;
#6032 = VERTEX_POINT ( 'NONE', #3597 ) ;
#6033 = CARTESIAN_POINT ( 'NONE',  ( -769.2829688526705900, -48.74655910611822700, -54.82599728835222000 ) ) ;
#6034 = CARTESIAN_POINT ( 'NONE',  ( -939.7625624257729000, -42.64426500546687700, 56.43514527805754700 ) ) ;
#6035 = CARTESIAN_POINT ( 'NONE',  ( -916.2188226148689400, 53.05136739624617800, 105.5957882377810400 ) ) ;
#6036 = EDGE_CURVE ( 'NONE', #1480, #2093, #455, .T. ) ;
#6037 = CARTESIAN_POINT ( 'NONE',  ( -960.9807035755516200, 3.823984243873616700, 75.77929587941933700 ) ) ;
#6038 = ORIENTED_EDGE ( 'NONE', *, *, #7613, .T. ) ;
#6039 = B_SPLINE_SURFACE_WITH_KNOTS ( 'NONE', 3, 1, ( 
 ( #7033, #7653 ),
 ( #7569, #4559 ),
 ( #3989, #4017 ),
 ( #1418, #830 ),
 ( #1446, #5737 ),
 ( #2669, #889 ) ),
 .UNSPECIFIED., .F., .F., .F.,
 ( 4, 1, 1, 4 ),
 ( 2, 2 ),
 ( 0.0000000000000000000, 0.2221646249031024600, 0.3221646249031021600, 1.000000000000000000 ),
 ( 0.0000000000000000000, 1.000000000000000000 ),
 .UNSPECIFIED. ) ;
#6040 = VERTEX_POINT ( 'NONE', #7580 ) ;
#6041 = CYLINDRICAL_SURFACE ( 'NONE', #5179, 49.99999999999993600 ) ;
#6042 = CARTESIAN_POINT ( 'NONE',  ( -5.573319583618286500E-011, 139.6643029356203600, -144.0421397755867200 ) ) ;
#6043 = CARTESIAN_POINT ( 'NONE',  ( -497.7996294928674400, 48.47557972013056800, 576.2282484482782400 ) ) ;
#6044 = CARTESIAN_POINT ( 'NONE',  ( -4.503843668905401100, 97.49359434383166000, -78.67432827663029100 ) ) ;
#6045 = CARTESIAN_POINT ( 'NONE',  ( -668.2451321845401300, 68.54845751234906000, 649.9999996933067900 ) ) ;
#6046 = AXIS2_PLACEMENT_3D ( 'NONE', #420, #1096, #2259 ) ;
#6047 = CARTESIAN_POINT ( 'NONE',  ( -861.5345184852210400, 35.55172764378141200, -114.2518697217170700 ) ) ;
#6048 = COLOUR_RGB ( '',0.7921568627450980000, 0.8196078431372548800, 0.9333333333333333500 ) ;
#6049 = ORIENTED_EDGE ( 'NONE', *, *, #3331, .T. ) ;
#6050 = FACE_OUTER_BOUND ( 'NONE', #5702, .T. ) ;
#6051 = CARTESIAN_POINT ( 'NONE',  ( -328.9042016454120000, 142.3159073641449800, -595.8288105596224100 ) ) ;
#6052 = CARTESIAN_POINT ( 'NONE',  ( -903.1420864286192200, 22.63471032366720700, 108.1743023418761000 ) ) ;
#6053 = CARTESIAN_POINT ( 'NONE',  ( -178.3274448839304700, 290.0796073368446200, 239.9999999999999700 ) ) ;
#6054 = CARTESIAN_POINT ( 'NONE',  ( -27.55198480395190700, 306.0805170852738700, 143.7672190346874000 ) ) ;
#6055 = VERTEX_POINT ( 'NONE', #2043 ) ;
#6056 = CARTESIAN_POINT ( 'NONE',  ( -1027.911948286700600, 23.68457732767492300, 46.10507969706616600 ) ) ;
#6057 = CARTESIAN_POINT ( 'NONE',  ( -731.8165205886455200, 116.0656355729308700, -120.2917345085309900 ) ) ;
#6058 = B_SPLINE_CURVE_WITH_KNOTS ( 'NONE', 3,
 ( #3530, #3638, #7836, #6679 ),
 .UNSPECIFIED., .F., .F.,
 ( 4, 4 ),
 ( 0.0000000000000000000, 0.009042700231863222100 ),
 .UNSPECIFIED. ) ;
#6059 = VECTOR ( 'NONE', #3962, 1000.000000000000100 ) ;
#6060 = CARTESIAN_POINT ( 'NONE',  ( -390.0383191695931900, -13.80112886613494000, -824.6142396099121500 ) ) ;
#6061 = ORIENTED_EDGE ( 'NONE', *, *, #5562, .F. ) ;
#6062 = CARTESIAN_POINT ( 'NONE',  ( -729.7186922751344600, -45.97881655748227600, 312.7526747221214100 ) ) ;
#6063 = CARTESIAN_POINT ( 'NONE',  ( -397.0523550645547700, 97.52121751762267400, -374.0963778863184100 ) ) ;
#6064 = CARTESIAN_POINT ( 'NONE',  ( -769.7564088682332800, -48.79284995069429000, -64.72035297927548900 ) ) ;
#6065 = DIRECTION ( 'NONE',  ( -1.000000000000000000, 0.0000000000000000000, 0.0000000000000000000 ) ) ;
#6066 = EDGE_CURVE ( 'NONE', #5019, #3844, #4711, .T. ) ;
#6067 = CARTESIAN_POINT ( 'NONE',  ( -796.7536782244353600, -50.66403362770442700, -65.57245886564202000 ) ) ;
#6068 = DIRECTION ( 'NONE',  ( -1.000000000000000000, 0.0000000000000000000, 0.0000000000000000000 ) ) ;
#6069 = EDGE_LOOP ( 'NONE', ( #1915, #1421, #1871, #312 ) ) ;
#6070 = CARTESIAN_POINT ( 'NONE',  ( -658.6126570710431500, -28.77203343414846900, 0.0000000000000000000 ) ) ;
#6071 = CARTESIAN_POINT ( 'NONE',  ( -917.1676508575117200, 55.99303254969949300, 105.2134167781806700 ) ) ;
#6072 = CARTESIAN_POINT ( 'NONE',  ( -668.2451320953587100, -80.00000000000000000, 689.9999996933069000 ) ) ;
#6073 = CARTESIAN_POINT ( 'NONE',  ( -328.9042016454120000, 142.3159073641449800, 595.8288105596224100 ) ) ;
#6074 = CARTESIAN_POINT ( 'NONE',  ( -242.9611338164051200, 106.7869733464175700, 136.5869140676058500 ) ) ;
#6075 = ADVANCED_FACE ( 'NONE', ( #5283 ), #6012, .T. ) ;
#6076 = CARTESIAN_POINT ( 'NONE',  ( -14.64420709051254100, 296.9708203874942000, -144.1974782918021800 ) ) ;
#6077 = CARTESIAN_POINT ( 'NONE',  ( -903.1420864286368400, 22.63471032366287300, -108.1743023418718600 ) ) ;
#6078 = CARTESIAN_POINT ( 'NONE',  ( -485.5448985313521500, 50.28527867274424100, 128.5007885874833000 ) ) ;
#6079 = DIRECTION ( 'NONE',  ( -0.0000000000000000000, -1.000000000000000000, -0.0000000000000000000 ) ) ;
#6080 = LINE ( 'NONE', #1046, #2792 ) ;
#6081 = CARTESIAN_POINT ( 'NONE',  ( -168.1937513391463900, 284.5648776768449000, 239.9999999999999400 ) ) ;
#6082 = CARTESIAN_POINT ( 'NONE',  ( -1025.536692396613700, 24.33143166105046300, 49.79184934594444200 ) ) ;
#6083 = ORIENTED_EDGE ( 'NONE', *, *, #5979, .T. ) ;
#6084 = CARTESIAN_POINT ( 'NONE',  ( -865.5321902036885100, 34.07206661870581100, 113.8063720157477400 ) ) ;
#6085 = EDGE_LOOP ( 'NONE', ( #6519, #2347, #5127, #6865 ) ) ;
#6086 = CARTESIAN_POINT ( 'NONE',  ( -729.0542768836836600, 26.53698324128182800, -95.29295773868912500 ) ) ;
#6087 = CARTESIAN_POINT ( 'NONE',  ( -821.4466809227006900, 110.8283606160698200, -92.63126310756598500 ) ) ;
#6088 = CARTESIAN_POINT ( 'NONE',  ( -582.4122084373265100, 33.78716018846089500, 650.0000000000000000 ) ) ;
#6089 = CARTESIAN_POINT ( 'NONE',  ( -668.2451320953587100, -70.00000000000000000, 876.2809062765788900 ) ) ;
#6090 = CARTESIAN_POINT ( 'NONE',  ( -179.5544733667957200, 285.9783745191978100, -138.7004694159259900 ) ) ;
#6091 = APPLICATION_CONTEXT ( 'automotive_design' ) ;
#6092 = DIRECTION ( 'NONE',  ( 1.000000000000000000, -3.469446951953614200E-017, 0.0000000000000000000 ) ) ;
#6093 = CARTESIAN_POINT ( 'NONE',  ( -657.8006238187803100, -27.13989833669826600, -123.2745588863497700 ) ) ;
#6094 = CARTESIAN_POINT ( 'NONE',  ( -920.3040779020319600, 72.40355017323851400, 93.56937122822255000 ) ) ;
#6095 = LINE ( 'NONE', #2927, #1460 ) ;
#6096 = B_SPLINE_SURFACE_WITH_KNOTS ( 'NONE', 3, 3, ( 
 ( #6836, #6909, #170, #1328, #5693, #4428 ),
 ( #7502, #3173, #5621, #7478, #738, #1971 ),
 ( #6275, #3193, #3835, #149, #4450, #2019 ),
 ( #6321, #2622, #7549, #926, #7041, #2676 ) ),
 .UNSPECIFIED., .F., .F., .F.,
 ( 4, 4 ),
 ( 4, 1, 1, 4 ),
 ( 0.0000000000000000000, 1.000000000000000000 ),
 ( 0.0000000000000000000, 0.08409707550759747100, 0.1681940720496415700, 1.000000000000000000 ),
 .UNSPECIFIED. ) ;
#6097 = CARTESIAN_POINT ( 'NONE',  ( -901.9429414157249300, 6.772616263868231500, -108.9310669347459600 ) ) ;
#6098 = CARTESIAN_POINT ( 'NONE',  ( -390.0383191695931900, -13.80112886613494000, 824.6142396099121500 ) ) ;
#6099 = CARTESIAN_POINT ( 'NONE',  ( -258.7992690864762200, -29.61700519736367100, 867.4567374888471200 ) ) ;
#6100 = CARTESIAN_POINT ( 'NONE',  ( -182.6750553488186300, 309.0509745859434900, 138.5964500165254700 ) ) ;
#6101 =( BOUNDED_SURFACE ( )  B_SPLINE_SURFACE ( 3, 2, ( 
 ( #130, #7459, #3845 ),
 ( #3181, #3200, #84 ),
 ( #7510, #3765, #4435 ),
 ( #3792, #6235, #6843 ) ),
 .UNSPECIFIED., .F., .F., .F. ) 
 B_SPLINE_SURFACE_WITH_KNOTS ( ( 4, 4 ),
 ( 3, 3 ),
 ( 1.468631245936000500, 1.549262254961220100 ),
 ( 0.0000000000000000000, 1.000000000000000000 ),
 .UNSPECIFIED. ) 
 GEOMETRIC_REPRESENTATION_ITEM ( )  RATIONAL_B_SPLINE_SURFACE ( (
 ( 1.000000000000000000, 0.7035835868435435000, 1.000000000000000000),
 ( 1.000000000000000000, 0.7045095346770087200, 1.000000000000000000),
 ( 1.000000000000000000, 0.7054374787216465300, 1.000000000000000000),
 ( 1.000000000000000000, 0.7063643995492552300, 1.000000000000000000) ) ) 
 REPRESENTATION_ITEM ( '' )  SURFACE ( )  );
#6102 = CARTESIAN_POINT ( 'NONE',  ( -862.5328267578803400, 35.16772644431469500, -114.1433626667938600 ) ) ;
#6103 = ORIENTED_EDGE ( 'NONE', *, *, #4279, .T. ) ;
#6104 = CARTESIAN_POINT ( 'NONE',  ( -300.4349972598424200, -28.79806605609581300, 859.9602823659964800 ) ) ;
#6105 = EDGE_CURVE ( 'NONE', #5059, #3781, #385, .T. ) ;
#6106 = CARTESIAN_POINT ( 'NONE',  ( -182.3922303328092200, 294.5209397140281500, 239.9999999999999700 ) ) ;
#6107 = CARTESIAN_POINT ( 'NONE',  ( -258.7992690864763300, -69.85486861106281300, -896.3231585303080900 ) ) ;
#6108 = B_SPLINE_SURFACE_WITH_KNOTS ( 'NONE', 3, 3, ( 
 ( #7557, #3922, #207, #5116, #1438, #5725 ),
 ( #2659, #6964, #3274, #1465, #6680, #266 ),
 ( #7568, #748, #5654, #6821, #6492, #7873 ),
 ( #7139, #2893, #2940, #4178, #490, #2277 ) ),
 .UNSPECIFIED., .F., .F., .F.,
 ( 4, 4 ),
 ( 4, 1, 1, 4 ),
 ( 0.0000000000000000000, 1.000000000000000000 ),
 ( 0.0000000000000000000, 0.08409707550759747100, 0.1681940720496415700, 1.000000000000000000 ),
 .UNSPECIFIED. ) ;
#6109 = B_SPLINE_CURVE_WITH_KNOTS ( 'NONE', 3,
 ( #6754, #631, #1841, #2447, #7392, #1865, #3139, #1295, #4346, #3723, #6145, #96, #3037, #5543, #1318, #7420, #2518, #4394, #46, #6803, #3776, #6829, #1250, #1917, #711, #3089, #6172, #684, #3064, #3696, #655, #5005, #4298, #7445, #21, #3113, #4956, #608, #2471, #1270, #4932, #4319, #6196, #3668, #5615, #3752, #71, #2424, #5594, #6734, #1223, #6780, #7337, #4908, #6222, #5518 ),
 .UNSPECIFIED., .F., .F.,
 ( 4, 2, 2, 2, 2, 2, 2, 2, 2, 2, 2, 2, 2, 2, 2, 2, 2, 2, 2, 2, 2, 2, 2, 2, 2, 2, 2, 4 ),
 ( 2.254873622441466900E-016, 0.0005009735609368728400, 0.001001947121873520200, 0.002003894243746817900, 0.003005841365620115300, 0.004007788487493412800, 0.006011682731240007700, 0.008015576974986603600, 0.01001947121873320000, 0.01102141834060651500, 0.01202336546247982800, 0.01302531258435314300, 0.01402725970622645600, 0.01603115394997301600, 0.01703310107184629500, 0.01803504819371958000, 0.02003894243746613700, 0.02104088955933941200, 0.02204283668121268300, 0.02304478380308595800, 0.02404673092495923000, 0.02605062516870601500, 0.02705257229057926600, 0.02805451941245251700, 0.03005841365619901100, 0.03106036077807210200, 0.03156133433900879700, 0.03206230789994550500 ),
 .UNSPECIFIED. ) ;
#6110 = ORIENTED_EDGE ( 'NONE', *, *, #3387, .F. ) ;
#6111 = ORIENTED_EDGE ( 'NONE', *, *, #1467, .F. ) ;
#6112 = B_SPLINE_SURFACE_WITH_KNOTS ( 'NONE', 3, 1, ( 
 ( #2741, #1434 ),
 ( #902, #4571 ),
 ( #2046, #933 ),
 ( #200, #5197 ),
 ( #5222, #4545 ),
 ( #2652, #2714 ),
 ( #6410, #6354 ),
 ( #4521, #1463 ),
 ( #7670, #2129 ),
 ( #821, #6990 ),
 ( #874, #5807 ),
 ( #4004, #3299 ),
 ( #6441, #1547 ),
 ( #7583, #6937 ),
 ( #313, #5166 ),
 ( #4602, #5837 ),
 ( #2162, #2628 ),
 ( #5722, #6961 ),
 ( #6380, #5139 ),
 ( #3273, #7641 ),
 ( #1489, #3979 ),
 ( #3247, #7554 ),
 ( #3889, #5114 ),
 ( #843, #5752 ),
 ( #2683, #7611 ),
 ( #3950, #253 ),
 ( #5781, #2101 ),
 ( #7020, #3329 ),
 ( #6554, #2887 ),
 ( #2774, #7183 ),
 ( #7134, #4713 ),
 ( #428, #7075 ),
 ( #3391, #7818 ),
 ( #4150, #2270 ),
 ( #4064, #3421 ),
 ( #372, #1048 ),
 ( #3506, #3481 ),
 ( #5339, #1661 ),
 ( #5957, #5252 ),
 ( #7105, #7791 ),
 ( #7704, #457 ),
 ( #1689, #4744 ),
 ( #1078, #996 ),
 ( #7760, #2859 ),
 ( #4034, #5925 ),
 ( #6471, #6581 ),
 ( #4120, #4091 ),
 ( #342, #5366 ),
 ( #5982, #5313 ),
 ( #2831, #7733 ),
 ( #4635, #967 ),
 ( #1575, #4660 ),
 ( #2243, #400 ),
 ( #7158, #3452 ) ),
 .UNSPECIFIED., .F., .F., .F.,
 ( 4, 2, 2, 2, 2, 2, 2, 2, 2, 2, 2, 2, 2, 2, 2, 2, 2, 2, 2, 2, 2, 2, 2, 2, 2, 2, 4 ),
 ( 2, 2 ),
 ( 0.0000000000000000000, 0.06250000000000072200, 0.1250000000000014400, 0.1875000000000021600, 0.2187500000000021600, 0.2500000000000021600, 0.2812500000000021100, 0.3125000000000021100, 0.3437500000000020500, 0.3750000000000020500, 0.4062500000000020000, 0.4375000000000020000, 0.4687500000000019400, 0.5000000000000018900, 0.5312500000000018900, 0.5625000000000018900, 0.5937500000000020000, 0.6250000000000020000, 0.6562500000000020000, 0.6875000000000020000, 0.7187500000000021100, 0.7500000000000021100, 0.7812500000000021100, 0.8125000000000021100, 0.8750000000000014400, 0.9375000000000006700, 1.000000000000000000 ),
 ( 0.0000000000000000000, 1.000000000000000000 ),
 .UNSPECIFIED. ) ;
#6113 = CARTESIAN_POINT ( 'NONE',  ( -934.2995563694152000, -44.47907115522036000, -68.96009501495842600 ) ) ;
#6114 = CARTESIAN_POINT ( 'NONE',  ( -731.8160522515296400, 51.44833815626809300, -120.2917445594581000 ) ) ;
#6115 = ORIENTED_EDGE ( 'NONE', *, *, #232, .F. ) ;
#6116 = CARTESIAN_POINT ( 'NONE',  ( -507.6681307504380200, 755.5131867469334600, 650.0000000000000000 ) ) ;
#6117 = CARTESIAN_POINT ( 'NONE',  ( -182.3001653126925700, 309.6203191128620900, 240.0000000000000300 ) ) ;
#6118 = CARTESIAN_POINT ( 'NONE',  ( -955.0848152275368600, 29.77067270132567600, 106.4736495247473000 ) ) ;
#6119 = CARTESIAN_POINT ( 'NONE',  ( -765.2965473559073600, -48.39838701071539600, -58.93621015006602400 ) ) ;
#6120 = DIRECTION ( 'NONE',  ( 0.0000000000000000000, 0.0000000000000000000, -1.000000000000000000 ) ) ;
#6121 = APPLICATION_PROTOCOL_DEFINITION ( 'draft international standard', 'automotive_design', 1998, #2401 ) ;
#6122 = DIRECTION ( 'NONE',  ( -0.0000000000000000000, 0.0000000000000000000, -1.000000000000000000 ) ) ;
#6123 = CARTESIAN_POINT ( 'NONE',  ( -418.8108414987674500, 78.87170263032058400, -650.0000000000000000 ) ) ;
#6124 = CARTESIAN_POINT ( 'NONE',  ( -1008.475061789000400, 44.98926872798294600, 43.07104054620737100 ) ) ;
#6125 = EDGE_CURVE ( 'NONE', #1686, #908, #398, .T. ) ;
#6126 = CARTESIAN_POINT ( 'NONE',  ( 372.4007397240991400, -215.0000000000000600, 1100.000000000000000 ) ) ;
#6127 = CARTESIAN_POINT ( 'NONE',  ( -258.7992690864762200, -38.51535282217552200, 876.6415447500706900 ) ) ;
#6128 = CARTESIAN_POINT ( 'NONE',  ( -345.2162486971475300, 117.3747192612501500, -650.0000000000000000 ) ) ;
#6129 = B_SPLINE_SURFACE_WITH_KNOTS ( 'NONE', 3, 1, ( 
 ( #827, #3307 ),
 ( #1442, #4554 ),
 ( #1496, #3402 ),
 ( #3985, #2110 ),
 ( #2723, #7649 ),
 ( #5119, #293 ) ),
 .UNSPECIFIED., .F., .F., .F.,
 ( 4, 2, 4 ),
 ( 2, 2 ),
 ( 0.0000000000000000000, 0.5000000000000000000, 1.000000000000000000 ),
 ( 0.0000000000000000000, 1.000000000000000000 ),
 .UNSPECIFIED. ) ;
#6130 = CARTESIAN_POINT ( 'NONE',  ( -855.5190440597569900, 38.93117749345982800, -114.8665956199895000 ) ) ;
#6131 = ORIENTED_EDGE ( 'NONE', *, *, #6604, .F. ) ;
#6132 = CARTESIAN_POINT ( 'NONE',  ( -308.7992690864780300, 140.4205989181335200, -649.9999996933069000 ) ) ;
#6133 = CARTESIAN_POINT ( 'NONE',  ( -903.1420864286368400, 22.63471032366287300, -108.1743023418718600 ) ) ;
#6134 = CARTESIAN_POINT ( 'NONE',  ( -177.7737966267456800, 289.6380770467595800, 239.9999999999999700 ) ) ;
#6135 = CARTESIAN_POINT ( 'NONE',  ( -864.5251048481841300, 34.42989204328659300, 113.9213428902742300 ) ) ;
#6136 = DIRECTION ( 'NONE',  ( 0.0000000000000000000, 0.0000000000000000000, -1.000000000000000000 ) ) ;
#6137 = EDGE_CURVE ( 'NONE', #1478, #6543, #1076, .T. ) ;
#6138 = EDGE_CURVE ( 'NONE', #3936, #4077, #3237, .T. ) ;
#6139 = ORIENTED_EDGE ( 'NONE', *, *, #4901, .F. ) ;
#6140 = CARTESIAN_POINT ( 'NONE',  ( -1005.420166944349500, 21.68559774924702000, -72.71202799489134300 ) ) ;
#6141 = CARTESIAN_POINT ( 'NONE',  ( -348.2451320953587700, -11.58393183929655400, -824.6142396099118100 ) ) ;
#6142 = PLANE ( 'NONE',  #1347 ) ;
#6143 = ORIENTED_EDGE ( 'NONE', *, *, #174, .F. ) ;
#6144 = PLANE ( 'NONE',  #945 ) ;
#6145 = CARTESIAN_POINT ( 'NONE',  ( -933.5969862160179700, -43.64804805981823000, -69.19484589753618300 ) ) ;
#6146 = CARTESIAN_POINT ( 'NONE',  ( -769.4394900809006700, -48.75978455453854800, -54.79678633392158800 ) ) ;
#6147 = CARTESIAN_POINT ( 'NONE',  ( -177.3686721740502000, 284.1722203873534900, -138.7733294556841500 ) ) ;
#6148 = ORIENTED_EDGE ( 'NONE', *, *, #7174, .F. ) ;
#6149 = LINE ( 'NONE', #1301, #1410 ) ;
#6150 = SURFACE_SIDE_STYLE ('',( #2562 ) ) ;
#6151 = CARTESIAN_POINT ( 'NONE',  ( -593.1036740403507100, -40.07344871682094100, 829.6142396099118100 ) ) ;
#6152 = CARTESIAN_POINT ( 'NONE',  ( -1030.343600469184400, 30.64630033576477100, -33.94899772201335300 ) ) ;
#6153 = FACE_BOUND ( 'NONE', #387, .T. ) ;
#6154 = CARTESIAN_POINT ( 'NONE',  ( -937.0470885403705100, 25.13078199938944500, 100.5072134400959200 ) ) ;
#6155 = ORIENTED_EDGE ( 'NONE', *, *, #2558, .T. ) ;
#6156 = CYLINDRICAL_SURFACE ( 'NONE', #3153, 148.3286034136783100 ) ;
#6157 = DIRECTION ( 'NONE',  ( -0.0000000000000000000, -0.0000000000000000000, 1.000000000000000000 ) ) ;
#6158 = CARTESIAN_POINT ( 'NONE',  ( -668.2451320953584900, -13.48054183337262300, 792.9460527864970300 ) ) ;
#6159 = CARTESIAN_POINT ( 'NONE',  ( -350.7992690864780300, 275.0000000000000000, 474.9685739435285500 ) ) ;
#6160 = CARTESIAN_POINT ( 'NONE',  ( -857.4040082404711700, 37.43810813269154600, -114.6808136049216500 ) ) ;
#6161 = VERTEX_POINT ( 'NONE', #1151 ) ;
#6162 =( BOUNDED_SURFACE ( )  B_SPLINE_SURFACE ( 3, 2, ( 
 ( #3747, #4903, #6827 ),
 ( #67, #627, #1811 ),
 ( #1219, #1837, #7387 ),
 ( #3719, #43, #5516 ),
 ( #6140, #3059, #4978 ),
 ( #2466, #7358, #17 ),
 ( #4314, #4342, #650 ),
 ( #5097, #4484, #6919 ),
 ( #3255, #158, #116 ),
 ( #5705, #210, #2539 ) ),
 .UNSPECIFIED., .F., .F., .F. ) 
 B_SPLINE_SURFACE_WITH_KNOTS ( ( 4, 2, 2, 2, 4 ),
 ( 3, 3 ),
 ( 0.6612005025985547800, 0.8062293721733978500, 0.9512582417482409200, 1.096287111323083900, 1.241315980897927100 ),
 ( 0.0000000000000000000, 1.000000000000000000 ),
 .UNSPECIFIED. ) 
 GEOMETRIC_REPRESENTATION_ITEM ( )  RATIONAL_B_SPLINE_SURFACE ( (
 ( 1.000000000000000000, 0.6912717319805838900, 1.000000000000000000),
 ( 1.000000000000000000, 0.6918741116751993000, 1.000000000000000000),
 ( 1.000000000000000000, 0.6925320120771504300, 1.000000000000000000),
 ( 1.000000000000000000, 0.6939439750766479600, 1.000000000000000000),
 ( 1.000000000000000000, 0.6946980584610004100, 1.000000000000000000),
 ( 1.000000000000000000, 0.6962857652520054700, 1.000000000000000000),
 ( 1.000000000000000000, 0.6971193740728608400, 1.000000000000000000),
 ( 1.000000000000000000, 0.6988478715177798300, 1.000000000000000000),
 ( 1.000000000000000000, 0.6997427311292702100, 1.000000000000000000),
 ( 1.000000000000000000, 0.7006585670461694700, 1.000000000000000000) ) ) 
 REPRESENTATION_ITEM ( '' )  SURFACE ( )  );
#6163 = CARTESIAN_POINT ( 'NONE',  ( -859.7458978054918400, 86.68399248693062000, -109.9629069262850600 ) ) ;
#6164 = CARTESIAN_POINT ( 'NONE',  ( -150.1254928725024300, 281.0240327471058800, 239.9999999999999700 ) ) ;
#6165 = DIRECTION ( 'NONE',  ( 0.0000000000000000000, 0.0000000000000000000, 1.000000000000000000 ) ) ;
#6166 = LINE ( 'NONE', #5748, #6341 ) ;
#6167 = CARTESIAN_POINT ( 'NONE',  ( -125.2851713949062700, 355.8962020979213900, -239.9999999999998900 ) ) ;
#6168 = PLANE ( 'NONE',  #3357 ) ;
#6170 = CARTESIAN_POINT ( 'NONE',  ( -780.6842910643205200, 33.82853211690750300, -479.9273741711696200 ) ) ;
#6169 = AXIS2_PLACEMENT_3D ( 'NONE', #606, #352, #5263 ) ;
#6171 = CARTESIAN_POINT ( 'NONE',  ( -184.6267484020527500, 302.9305751101128400, 240.0000000000000000 ) ) ;
#6172 = CARTESIAN_POINT ( 'NONE',  ( -940.3166335943242300, -42.57082612202526700, -60.42069117293265600 ) ) ;
#6173 = CARTESIAN_POINT ( 'NONE',  ( -861.7541354303035600, 96.55649084450696800, 91.96781315333771500 ) ) ;
#6174 = CARTESIAN_POINT ( 'NONE',  ( -147.9312772835568800, 275.8454653631728800, -139.7545759520339500 ) ) ;
#6175 = EDGE_CURVE ( 'NONE', #2918, #5936, #2298, .T. ) ;
#6176 = DIRECTION ( 'NONE',  ( 1.000000000000000000, 0.0000000000000000000, 0.0000000000000000000 ) ) ;
#6177 = FACE_OUTER_BOUND ( 'NONE', #5472, .T. ) ;
#6178 = CARTESIAN_POINT ( 'NONE',  ( -5.573319583618285800E-011, 145.4327230323249600, 144.6856185281506300 ) ) ;
#6179 = ADVANCED_FACE ( 'NONE', ( #5083 ), #382, .T. ) ;
#6180 = EDGE_LOOP ( 'NONE', ( #7275, #6630 ) ) ;
#6181 = CARTESIAN_POINT ( 'NONE',  ( -110.4287047268466000, 318.6268463562761300, 239.9999999999999100 ) ) ;
#6182 = CARTESIAN_POINT ( 'NONE',  ( -258.7992690864763300, -8.111492396014826400, 825.6192586311821100 ) ) ;
#6183 = COLOUR_RGB ( '',0.7921568627450980000, 0.8196078431372548800, 0.9333333333333333500 ) ;
#6184 = CARTESIAN_POINT ( 'NONE',  ( -15.23484172227311700, 297.5468519500787500, -144.1777904707434200 ) ) ;
#6185 = CARTESIAN_POINT ( 'NONE',  ( -668.2451320953584900, -11.21714419092344500, -788.3326660759850000 ) ) ;
#6186 = CARTESIAN_POINT ( 'NONE',  ( -323.5633355693356100, -12.90973897515687700, 831.0930975628181200 ) ) ;
#6187 = CARTESIAN_POINT ( 'NONE',  ( -159.3462736024644900, 282.1027028741498800, 240.0000000000000300 ) ) ;
#6188 = FACE_OUTER_BOUND ( 'NONE', #7093, .T. ) ;
#6189 = ORIENTED_EDGE ( 'NONE', *, *, #2435, .T. ) ;
#6190 = B_SPLINE_SURFACE_WITH_KNOTS ( 'NONE', 3, 3, ( 
 ( #4822, #1149, #2343, #479, #1200, #6652, #559 ),
 ( #4765, #4845, #7259, #1177, #7287, #2958, #2909 ),
 ( #5440, #1767, #1816, #6063, #5469, #1100, #5390 ),
 ( #1708, #4983, #4370, #5570, #1940, #7960, #2498 ) ),
 .UNSPECIFIED., .F., .F., .F.,
 ( 4, 4 ),
 ( 4, 1, 1, 1, 4 ),
 ( 0.0000000000000000000, 1.000000000000000000 ),
 ( 0.0000000000000000000, 0.2982968211775609600, 0.6153669425867313000, 0.7410739866888770300, 1.000000000000000000 ),
 .UNSPECIFIED. ) ;
#6191 = CARTESIAN_POINT ( 'NONE',  ( -916.5373241055170900, 52.65952509643106100, 105.5304585192929200 ) ) ;
#6192 = EDGE_CURVE ( 'NONE', #6953, #5845, #7194, .T. ) ;
#6193 = CARTESIAN_POINT ( 'NONE',  ( -934.2995563694152000, 7.164169077462492700, -68.96009501495842600 ) ) ;
#6194 = CARTESIAN_POINT ( 'NONE',  ( -258.7992690864763300, -43.55484618398323700, 733.0618382046919800 ) ) ;
#6195 = CARTESIAN_POINT ( 'NONE',  ( -663.1611570475863600, -73.88155753330808300, -699.9999996933072500 ) ) ;
#6196 = CARTESIAN_POINT ( 'NONE',  ( -936.2557598344071700, -43.17880302047679200, -51.66424913355589200 ) ) ;
#6197 = CARTESIAN_POINT ( 'NONE',  ( -861.7977864428330600, 95.31459447446454200, 97.86077740990582200 ) ) ;
#6198 = CARTESIAN_POINT ( 'NONE',  ( -182.5852068256868400, 289.6249582049362600, -138.5994449672962500 ) ) ;
#6199 = CARTESIAN_POINT ( 'NONE',  ( -1016.014367201199700, 42.33522756324261100, 63.13566006688120800 ) ) ;
#6200 =( BOUNDED_CURVE ( )  B_SPLINE_CURVE ( 3, ( #4472, #1350, #1399, #1922 ),
 .UNSPECIFIED., .F., .F. ) 
 B_SPLINE_CURVE_WITH_KNOTS ( ( 4, 4 ),
 ( 0.6612005025985501200, 1.241315980897927300 ),
 .UNSPECIFIED. ) 
 CURVE ( )  GEOMETRIC_REPRESENTATION_ITEM ( )  RATIONAL_B_SPLINE_CURVE ( ( 1.000000000000000000, 0.9721515755180505400, 0.9721515755180505400, 1.000000000000000000 ) ) 
 REPRESENTATION_ITEM ( '' )  );
#6201 = CARTESIAN_POINT ( 'NONE',  ( -180.7714855027333300, 336.3635059575895500, 135.2763254320296100 ) ) ;
#6202 = ORIENTED_EDGE ( 'NONE', *, *, #65, .F. ) ;
#6203 = EDGE_LOOP ( 'NONE', ( #6774, #1098, #6273 ) ) ;
#6204 = CARTESIAN_POINT ( 'NONE',  ( -668.2451320953589400, -28.30951132759586000, 707.7791215080868600 ) ) ;
#6205 = CARTESIAN_POINT ( 'NONE',  ( -16.52498873946946700, 298.1412287812183300, -144.1347855701701500 ) ) ;
#6206 = CARTESIAN_POINT ( 'NONE',  ( -668.2451320953586000, -5.350516936150184800, -754.3916652249533900 ) ) ;
#6207 = AXIS2_PLACEMENT_3D ( 'NONE', #6072, #4772, #2379 ) ;
#6208 = ORIENTED_EDGE ( 'NONE', *, *, #3070, .T. ) ;
#6209 = CARTESIAN_POINT ( 'NONE',  ( -347.3139557739486900, -11.53755419572206400, 824.6142396099119200 ) ) ;
#6210 = VERTEX_POINT ( 'NONE', #3115 ) ;
#6211 = AXIS2_PLACEMENT_3D ( 'NONE', #7474, #3829, #2546 ) ;
#6212 = CARTESIAN_POINT ( 'NONE',  ( -164.6690169106506100, 283.3977941967900700, 239.9999999999999700 ) ) ;
#6213 = CARTESIAN_POINT ( 'NONE',  ( -249.8029739625468400, 19.99999999999999300, 637.9913977444304000 ) ) ;
#6214 = EDGE_LOOP ( 'NONE', ( #1322, #7547, #3902 ) ) ;
#6215 = ADVANCED_FACE ( 'NONE', ( #2007 ), #687, .T. ) ;
#6216 = B_SPLINE_CURVE_WITH_KNOTS ( 'NONE', 3,
 ( #6539, #2920, #7196, #4238, #5425, #1752, #7854, #2945, #7248, #3515, #4208, #546, #4809, #1137, #5350, #522, #7273, #5993, #4183, #3575, #5400, #6052 ),
 .UNSPECIFIED., .F., .F.,
 ( 4, 2, 2, 2, 2, 2, 2, 2, 2, 2, 4 ),
 ( 2.081668171172168500E-017, 0.0004471814154874650700, 0.0008943628309749093300, 0.001341544246462353400, 0.001788725661949797800, 0.002683088492924401100, 0.003577451323899004100, 0.005366176985848535000, 0.007154902647798065500, 0.01073235397169711900, 0.01430980529559617100 ),
 .UNSPECIFIED. ) ;
#6217 = CARTESIAN_POINT ( 'NONE',  ( -893.9786244174313200, -57.24620595903248700, 312.7515720249604100 ) ) ;
#6218 = CARTESIAN_POINT ( 'NONE',  ( -930.5784960259366000, -44.47907115522036000, -69.74646357959615300 ) ) ;
#6219 = CARTESIAN_POINT ( 'NONE',  ( -258.7992690864761600, -14.64251213141683600, 803.4697961423705700 ) ) ;
#6220 = CARTESIAN_POINT ( 'NONE',  ( -966.0375125829706300, -38.04515784016426500, 0.0000000000000000000 ) ) ;
#6221 = CARTESIAN_POINT ( 'NONE',  ( -723.6193010487614900, -38.68068962038899600, -36.91515317970815600 ) ) ;
#6222 = CARTESIAN_POINT ( 'NONE',  ( -930.1675745544859000, -44.07838406046940300, -49.73460320358984200 ) ) ;
#6223 = CARTESIAN_POINT ( 'NONE',  ( -668.2451320953587100, -75.19288004169955300, 759.8071196516094700 ) ) ;
#6224 = CARTESIAN_POINT ( 'NONE',  ( -316.8340898547966200, 127.6339125251534900, 650.0000000000000000 ) ) ;
#6225 = ORIENTED_EDGE ( 'NONE', *, *, #6175, .F. ) ;
#6226 = ORIENTED_EDGE ( 'NONE', *, *, #3664, .F. ) ;
#6227 = CARTESIAN_POINT ( 'NONE',  ( -183.3260766218408800, 335.4642201987073200, 135.6105500539584300 ) ) ;
#6228 = CARTESIAN_POINT ( 'NONE',  ( -343.9466144117703800, 275.0000000000000000, -493.6730201722903100 ) ) ;
#6229 = CARTESIAN_POINT ( 'NONE',  ( -357.9726304450874700, 146.0331211803212500, 374.2254074289194800 ) ) ;
#6230 = CARTESIAN_POINT ( 'NONE',  ( -668.2451320953584900, -11.21714419092344500, 788.3326660759850000 ) ) ;
#6231 = CARTESIAN_POINT ( 'NONE',  ( -24.28126963468774200, 300.2386050107005000, -143.8762428736629300 ) ) ;
#6232 = CARTESIAN_POINT ( 'NONE',  ( -258.7992690864763300, -6.253991033378666100, -784.7611228929109800 ) ) ;
#6233 = ORIENTED_EDGE ( 'NONE', *, *, #1129, .F. ) ;
#6234 = CARTESIAN_POINT ( 'NONE',  ( -454.6241072762800900, 61.52337124693671200, 573.8061250271849800 ) ) ;
#6235 = CARTESIAN_POINT ( 'NONE',  ( -729.5885947240024100, 26.48465647220874100, -120.3397264067265300 ) ) ;
#6236 = DIRECTION ( 'NONE',  ( -1.000000000000000000, 0.0000000000000000000, -3.088707198718619700E-016 ) ) ;
#6237 = CYLINDRICAL_SURFACE ( 'NONE', #4870, 717.0091088048179700 ) ;
#6238 = VERTEX_POINT ( 'NONE', #5520 ) ;
#6239 = VECTOR ( 'NONE', #1278, 1000.000000000000000 ) ;
#6240 = CARTESIAN_POINT ( 'NONE',  ( -732.0292283200511700, 51.41795547781588000, -120.2871615022315300 ) ) ;
#6241 = CARTESIAN_POINT ( 'NONE',  ( -258.7992690864762200, -30.59030222987467700, 748.3919458905885400 ) ) ;
#6242 = ORIENTED_EDGE ( 'NONE', *, *, #4465, .F. ) ;
#6243 = CARTESIAN_POINT ( 'NONE',  ( -665.8278614759618700, -79.02203642842042100, -699.9999996933070200 ) ) ;
#6244 = DIRECTION ( 'NONE',  ( 3.389407260298388800E-017, 1.000000000000000000, 0.0000000000000000000 ) ) ;
#6245 = CARTESIAN_POINT ( 'NONE',  ( -857.8954111923328600, 80.63858841612048400, 113.3730292929486400 ) ) ;
#6246 = CARTESIAN_POINT ( 'NONE',  ( -530.2020976964985300, 0.2943142993471481500, 0.0000000000000000000 ) ) ;
#6247 = CARTESIAN_POINT ( 'NONE',  ( -258.7992690864762700, -107.9167110779793600, -800.6157371971660300 ) ) ;
#6248 = EDGE_LOOP ( 'NONE', ( #5334, #3048, #1339, #787 ) ) ;
#6249 = CARTESIAN_POINT ( 'NONE',  ( -168.2210982864396000, 319.4632938426071300, 139.0782485851746600 ) ) ;
#6250 = CARTESIAN_POINT ( 'NONE',  ( -228.8339100974142200, 20.00000000000001100, -626.8514846934633600 ) ) ;
#6251 = CARTESIAN_POINT ( 'NONE',  ( -182.2875675152591800, 304.5029352146149200, -138.6093662776438600 ) ) ;
#6252 = EDGE_CURVE ( 'NONE', #2093, #1480, #7758, .T. ) ;
#6253 = EDGE_LOOP ( 'NONE', ( #6658, #6600, #5553, #6713 ) ) ;
#6254 = CARTESIAN_POINT ( 'NONE',  ( -668.2451320953587100, -21.82662591340007600, -714.4433082452371800 ) ) ;
#6255 = PLANE ( 'NONE',  #6669 ) ;
#6256 = ADVANCED_FACE ( 'NONE', ( #1244 ), #807, .F. ) ;
#6257 = DIRECTION ( 'NONE',  ( 0.3320534516538561400, -0.9432605712340361700, 0.0000000000000000000 ) ) ;
#6258 = VECTOR ( 'NONE', #7932, 1000.000000000000100 ) ;
#6259 = CARTESIAN_POINT ( 'NONE',  ( -1006.539927943612700, 0.8941987417924348600, 41.28263253712653800 ) ) ;
#6260 = CARTESIAN_POINT ( 'NONE',  ( -731.8874230504418400, 51.43171812236078500, 120.2902128973732800 ) ) ;
#6261 = LINE ( 'NONE', #6856, #4826 ) ;
#6262 = B_SPLINE_SURFACE_WITH_KNOTS ( 'NONE', 3, 3, ( 
 ( #5076, #3796, #6873, #1388, #3187, #4440 ),
 ( #754, #5050, #5658, #263, #5732, #5850 ),
 ( #943, #3339, #6452, #882, #1470, #5759 ),
 ( #6970, #3927, #2137, #6478, #2083, #7682 ) ),
 .UNSPECIFIED., .F., .F., .F.,
 ( 4, 4 ),
 ( 4, 1, 1, 4 ),
 ( 0.0000000000000000000, 1.000000000000000000 ),
 ( 0.0000000000000000000, 0.08409707550759747100, 0.1681940720496415700, 1.000000000000000000 ),
 .UNSPECIFIED. ) ;
#6263 = CARTESIAN_POINT ( 'NONE',  ( -258.7992690864763300, -19.74452583533710700, 770.0647135794619100 ) ) ;
#6264 = PLANE ( 'NONE',  #1613 ) ;
#6265 = CARTESIAN_POINT ( 'NONE',  ( -938.9537712520668700, 69.46265942215609400, -76.32133650644030400 ) ) ;
#6266 = VERTEX_POINT ( 'NONE', #5471 ) ;
#6267 = CARTESIAN_POINT ( 'NONE',  ( -875.8221502206648700, 66.35121194100196400, -112.9039487894356600 ) ) ;
#6268 = CARTESIAN_POINT ( 'NONE',  ( -668.2451320953587100, 274.9999999999999400, 649.9999996933067900 ) ) ;
#6269 = CARTESIAN_POINT ( 'NONE',  ( -330.2208444011911900, 119.1623276334164000, 650.0000000000000000 ) ) ;
#6270 = EDGE_CURVE ( 'NONE', #3936, #4699, #4500, .T. ) ;
#6271 = CARTESIAN_POINT ( 'NONE',  ( -463.5222005909175200, -75.00000000000001400, 899.6142396099120300 ) ) ;
#6272 = VECTOR ( 'NONE', #386, 1000.000000000000000 ) ;
#6273 = ORIENTED_EDGE ( 'NONE', *, *, #1196, .F. ) ;
#6274 = CARTESIAN_POINT ( 'NONE',  ( -1030.767957692490700, 31.99129281977738900, -29.79407304007394300 ) ) ;
#6275 = CARTESIAN_POINT ( 'NONE',  ( -889.8048394498115400, -74.52220209115317600, 0.0000000000000000000 ) ) ;
#6276 = CARTESIAN_POINT ( 'NONE',  ( -193.7992690864780600, 275.0000000000000000, 563.0083376869645200 ) ) ;
#6277 = CARTESIAN_POINT ( 'NONE',  ( -668.2451320953587100, -70.00000000000000000, 0.0000000000000000000 ) ) ;
#6278 = CARTESIAN_POINT ( 'NONE',  ( -183.8273139237527100, 301.5463612333243200, -138.5580413973607400 ) ) ;
#6279 = CARTESIAN_POINT ( 'NONE',  ( -258.7992690864763300, -15.75601592673044100, -846.3552684926700100 ) ) ;
#6280 = CARTESIAN_POINT ( 'NONE',  ( -900.0113882235753000, 83.17144053162192600, 85.17181409649983000 ) ) ;
#6281 = EDGE_CURVE ( 'NONE', #1990, #3199, #1021, .T. ) ;
#6282 = EDGE_CURVE ( 'NONE', #6689, #2631, #2871, .T. ) ;
#6283 = CARTESIAN_POINT ( 'NONE',  ( -769.1331191352833200, -49.25061185733253700, -64.61942433100706800 ) ) ;
#6284 = ORIENTED_EDGE ( 'NONE', *, *, #762, .T. ) ;
#6285 = EDGE_CURVE ( 'NONE', #5601, #2486, #1631, .T. ) ;
#6286 = CARTESIAN_POINT ( 'NONE',  ( -1004.508166210119600, 19.88191308001096400, -37.02459158161067900 ) ) ;
#6287 = CARTESIAN_POINT ( 'NONE',  ( -668.2451320953586000, -35.94017779089317300, 714.3739544787692900 ) ) ;
#6288 = CARTESIAN_POINT ( 'NONE',  ( -497.9837345322556500, 56.56828094207282500, -576.1409615043545500 ) ) ;
#6289 =( BOUNDED_SURFACE ( )  B_SPLINE_SURFACE ( 3, 2, ( 
 ( #1688, #2299, #6553 ),
 ( #2857, #7790, #3534 ),
 ( #2269, #1131, #4256 ),
 ( #2325, #6633, #1182 ) ),
 .UNSPECIFIED., .F., .F., .F. ) 
 B_SPLINE_SURFACE_WITH_KNOTS ( ( 4, 4 ),
 ( 3, 3 ),
 ( 0.0000000000000000000, 0.0003555670669069460700 ),
 ( 0.0000000000000000000, 1.000000000000000000 ),
 .UNSPECIFIED. ) 
 GEOMETRIC_REPRESENTATION_ITEM ( )  RATIONAL_B_SPLINE_SURFACE ( (
 ( 1.000000000000000000, 0.7063643996572449600, 1.000000000000000000),
 ( 1.000000000000000000, 0.7063658353521664600, 1.000000000000000000),
 ( 1.000000000000000000, 0.7063672714785653700, 1.000000000000000000),
 ( 1.000000000000000000, 0.7063687080363977300, 1.000000000000000000) ) ) 
 REPRESENTATION_ITEM ( '' )  SURFACE ( )  );
#6290 = CARTESIAN_POINT ( 'NONE',  ( -168.3225630098066600, 20.00000000000000400, -549.2914513037540000 ) ) ;
#6291 = CARTESIAN_POINT ( 'NONE',  ( -308.7992690864780300, 20.00000000000000400, -659.9999996933067900 ) ) ;
#6292 = CARTESIAN_POINT ( 'NONE',  ( -915.8435091414796700, 53.17888132052630100, 105.6873987006327100 ) ) ;
#6293 = CARTESIAN_POINT ( 'NONE',  ( -135.6766069332158500, 276.9747906016463000, -140.1630649637119500 ) ) ;
#6294 = ORIENTED_EDGE ( 'NONE', *, *, #4279, .F. ) ;
#6295 = FACE_OUTER_BOUND ( 'NONE', #1449, .T. ) ;
#6296 = VERTEX_POINT ( 'NONE', #6880 ) ;
#6297 = CARTESIAN_POINT ( 'NONE',  ( -766.2251665220428500, 22.89676685399410900, -56.73308595768304500 ) ) ;
#6298 = CARTESIAN_POINT ( 'NONE',  ( -1028.652801296488600, 37.25552008145246000, 4.577038127496751800 ) ) ;
#6299 = CARTESIAN_POINT ( 'NONE',  ( -919.7712695178804600, 66.78954318569015000, -99.93497814761130400 ) ) ;
#6300 = CARTESIAN_POINT ( 'NONE',  ( -374.2334197083896500, 98.64939886248203000, 509.7361797322662400 ) ) ;
#6301 = CARTESIAN_POINT ( 'NONE',  ( -668.2451320953587100, -54.32520081337961000, 692.8904351554597300 ) ) ;
#6302 = CARTESIAN_POINT ( 'NONE',  ( -304.5882299888440300, -32.39963863526018200, -863.3947287097721500 ) ) ;
#6303 = B_SPLINE_SURFACE_WITH_KNOTS ( 'NONE', 3, 1, ( 
 ( #4668, #2815 ),
 ( #1006, #1587 ),
 ( #1614, #5883 ),
 ( #2202, #5911 ),
 ( #6540, #3517 ),
 ( #2921, #5351 ),
 ( #6616, #466 ),
 ( #2898, #5967 ),
 ( #4754, #2281 ),
 ( #1091, #6592 ),
 ( #1699, #2311 ),
 ( #1064, #7197 ),
 ( #1671, #7830 ),
 ( #4162, #5380 ),
 ( #5995, #6753 ),
 ( #758, #7592 ),
 ( #2010, #6895 ),
 ( #2632, #1290 ),
 ( #3108, #3771 ),
 ( #1886, #4952 ),
 ( #3086, #5589 ),
 ( #4871, #2494 ),
 ( #1267, #2420 ),
 ( #6113, #6193 ),
 ( #3691, #6752 ),
 ( #4367, #4928 ),
 ( #1245, #1861 ),
 ( #1197, #3665 ),
 ( #6218, #5538 ),
 ( #679, #3134 ),
 ( #1913, #7440 ) ),
 .UNSPECIFIED., .F., .F., .F.,
 ( 4, 1, 1, 1, 1, 1, 1, 1, 1, 1, 1, 1, 1, 1, 1, 1, 1, 1, 1, 1, 1, 1, 1, 1, 1, 1, 1, 1, 4 ),
 ( 2, 2 ),
 ( 0.0000000000000000000, 0.008963183152682519000, 0.01791566843147318600, 0.02685813342854692600, 0.03579113212455320400, 0.04471511158140684100, 0.05363042876970236500, 0.06253736750800365000, 0.09393627246238844800, 0.1252309910192004300, 0.1582758663120358300, 0.1875832646846012900, 0.2501956511385704500, 0.3142821791013650200, 0.3749987298224826100, 0.4379049496654140400, 0.4998308325769127400, 0.5620630051853388000, 0.6247753660083329400, 0.6857340499023368800, 0.7498276971185194900, 0.8083249665310772200, 0.8746921272485900200, 0.9042795344645144800, 0.9370396634042442700, 0.9497477520125671100, 0.9644720020107473400, 0.9812195165728187000, 1.000000000000000000 ),
 ( 0.0000000000000000000, 1.000000000000000000 ),
 .UNSPECIFIED. ) ;
#6304 = CARTESIAN_POINT ( 'NONE',  ( -258.7992690864762700, -69.99999999999997200, -704.9999996933069000 ) ) ;
#6305 = CARTESIAN_POINT ( 'NONE',  ( -527.5130262030224900, -0.1796302367025645900, 269.5430657194446000 ) ) ;
#6306 = DIRECTION ( 'NONE',  ( 0.0000000000000000000, 0.0000000000000000000, 1.000000000000000000 ) ) ;
#6307 = ORIENTED_EDGE ( 'NONE', *, *, #114, .T. ) ;
#6308 = EDGE_CURVE ( 'NONE', #4220, #7193, #2241, .T. ) ;
#6309 = CARTESIAN_POINT ( 'NONE',  ( -20.27987899955033800, 304.4361768772553800, 239.9999999999999700 ) ) ;
#6310 = DIRECTION ( 'NONE',  ( -0.0000000000000000000, -1.000000000000000000, -0.0000000000000000000 ) ) ;
#6311 = CARTESIAN_POINT ( 'NONE',  ( -769.9505933584425700, 23.42730997547047500, 54.74522419366338300 ) ) ;
#6312 = CARTESIAN_POINT ( 'NONE',  ( -335.0088351945322000, -13.80802816735675100, 831.5966793418027700 ) ) ;
#6313 = AXIS2_PLACEMENT_3D ( 'NONE', #6611, #3543, #7852 ) ;
#6314 = CARTESIAN_POINT ( 'NONE',  ( -191.7992690864783200, 275.0000000000000000, -565.9823113248554600 ) ) ;
#6315 = CARTESIAN_POINT ( 'NONE',  ( -14.93926977128545500, 296.3676885101509100, -144.1876428691096500 ) ) ;
#6316 = CARTESIAN_POINT ( 'NONE',  ( -598.2451320953588300, 30.00000000000000000, 829.6142396099121500 ) ) ;
#6317 = CARTESIAN_POINT ( 'NONE',  ( -1030.694514953006500, 34.34938801619277600, -21.40449740836212900 ) ) ;
#6318 = ORIENTED_EDGE ( 'NONE', *, *, #2980, .T. ) ;
#6319 = ORIENTED_EDGE ( 'NONE', *, *, #6844, .F. ) ;
#6320 = FACE_OUTER_BOUND ( 'NONE', #1589, .T. ) ;
#6321 = CARTESIAN_POINT ( 'NONE',  ( -971.0375125829706300, -46.70541187800891700, 0.0000000000000000000 ) ) ;
#6322 = DIRECTION ( 'NONE',  ( 0.9427946626885517200, 0.3318894391366361600, -0.03142648875628503700 ) ) ;
#6323 = CARTESIAN_POINT ( 'NONE',  ( -263.1147422453014400, 274.9999999999999400, -632.2915899006817400 ) ) ;
#6324 = CARTESIAN_POINT ( 'NONE',  ( -235.6656520529419700, 20.00000000000000000, -640.9585947847615400 ) ) ;
#6325 = B_SPLINE_SURFACE_WITH_KNOTS ( 'NONE', 3, 1, ( 
 ( #4819, #6676 ),
 ( #7913, #1812 ),
 ( #4248, #5436 ),
 ( #555, #2983 ),
 ( #628, #7284 ),
 ( #6731, #5465 ),
 ( #1787, #2395 ),
 ( #3634, #3032 ),
 ( #4294, #6194 ),
 ( #5590, #1342 ),
 ( #1914, #7491 ),
 ( #137, #4391 ),
 ( #6287, #7441 ),
 ( #3206, #6241 ),
 ( #4441, #5633 ),
 ( #7517, #708 ),
 ( #1982, #3797 ),
 ( #6828, #3852 ),
 ( #3135, #5566 ),
 ( #1958, #6263 ),
 ( #2563, #2589 ),
 ( #5002, #3109 ),
 ( #6874, #3188 ),
 ( #2540, #3822 ),
 ( #6850, #4343 ),
 ( #6897, #680 ),
 ( #3772, #3748 ),
 ( #755, #6219 ),
 ( #117, #1937 ),
 ( #1366, #651 ),
 ( #3165, #91 ),
 ( #5659, #7465 ),
 ( #1315, #5051 ),
 ( #7416, #4953 ),
 ( #1291, #727 ),
 ( #1268, #5612 ),
 ( #1887, #4368 ),
 ( #2495, #4417 ),
 ( #6799, #68 ),
 ( #5025, #4979 ),
 ( #2515, #2011 ),
 ( #2665, #2634 ),
 ( #6945, #5733 ),
 ( #1443, #5149 ),
 ( #184, #5120 ),
 ( #1471, #1389 ),
 ( #7001, #4460 ),
 ( #3256, #828 ),
 ( #6971, #6362 ),
 ( #3308, #5683 ),
 ( #7565, #2111 ),
 ( #5760, #2084 ),
 ( #3279, #7591 ),
 ( #4528, #883 ) ),
 .UNSPECIFIED., .F., .F., .F.,
 ( 4, 2, 2, 2, 2, 2, 2, 2, 2, 2, 2, 2, 2, 2, 2, 2, 2, 2, 2, 2, 2, 2, 2, 2, 2, 2, 4 ),
 ( 2, 2 ),
 ( 0.0000000000000000000, 0.06250000000000072200, 0.1250000000000014400, 0.1875000000000021600, 0.2187500000000021600, 0.2500000000000021600, 0.2812500000000021100, 0.3125000000000021100, 0.3437500000000020500, 0.3750000000000020500, 0.4062500000000020000, 0.4375000000000020000, 0.4687500000000019400, 0.5000000000000018900, 0.5312500000000018900, 0.5625000000000018900, 0.5937500000000020000, 0.6250000000000020000, 0.6562500000000020000, 0.6875000000000020000, 0.7187500000000021100, 0.7500000000000021100, 0.7812500000000021100, 0.8125000000000021100, 0.8750000000000014400, 0.9375000000000006700, 1.000000000000000000 ),
 ( 0.0000000000000000000, 1.000000000000000000 ),
 .UNSPECIFIED. ) ;
#6326 = CARTESIAN_POINT ( 'NONE',  ( -936.7868417222855400, 6.193335455181417300, -67.39513502824569000 ) ) ;
#6327 = CARTESIAN_POINT ( 'NONE',  ( -616.9319087001731500, 22.69240075583843800, 451.2367140275673000 ) ) ;
#6328 = FACE_OUTER_BOUND ( 'NONE', #7227, .T. ) ;
#6329 = ORIENTED_EDGE ( 'NONE', *, *, #4453, .T. ) ;
#6330 = FACE_OUTER_BOUND ( 'NONE', #7887, .T. ) ;
#6331 = CARTESIAN_POINT ( 'NONE',  ( -765.7934321333032100, -49.25061185733253700, -62.15786271454411600 ) ) ;
#6332 = VERTEX_POINT ( 'NONE', #5211 ) ;
#6333 = CARTESIAN_POINT ( 'NONE',  ( -143.2372818159790000, 281.2432963365049500, 239.9999999999999100 ) ) ;
#6334 = DIRECTION ( 'NONE',  ( 0.9895062841377927400, 0.04584067879262385100, 0.1370253473618999500 ) ) ;
#6335 = B_SPLINE_SURFACE_WITH_KNOTS ( 'NONE', 3, 3, ( 
 ( #7576, #4025, #334, #278, #5245, #1594, #5863 ),
 ( #2797, #6433, #7661, #6463, #3380, #865, #1509 ),
 ( #2735, #6518, #7040, #2209, #3997, #4057, #306 ),
 ( #3414, #4625, #2151, #5161, #4594, #960, #3321 ) ),
 .UNSPECIFIED., .F., .F., .F.,
 ( 4, 4 ),
 ( 4, 1, 1, 1, 4 ),
 ( 0.0000000000000000000, 1.000000000000000000 ),
 ( 0.0000000000000000000, 0.1490010684283051300, 0.3542303876842902700, 0.5841602856976757500, 1.000000000000000000 ),
 .UNSPECIFIED. ) ;
#6336 = CARTESIAN_POINT ( 'NONE',  ( -773.1775074068381200, 47.42456331262857100, -119.4009345143556800 ) ) ;
#6337 = CARTESIAN_POINT ( 'NONE',  ( -769.3183687652835900, 23.42730997547047500, 54.81622354801171300 ) ) ;
#6338 = CARTESIAN_POINT ( 'NONE',  ( -731.9078426357674500, 51.42973581423980500, -120.2897758343767300 ) ) ;
#6339 = CARTESIAN_POINT ( 'NONE',  ( -1627.599260275900900, -214.9999999999999700, 1100.000000000000000 ) ) ;
#6340 = CARTESIAN_POINT ( 'NONE',  ( -966.0375125829712000, -38.04515784016415800, -0.0000000000000000000 ) ) ;
#6341 = VECTOR ( 'NONE', #2677, 1000.000000000000000 ) ;
#6342 = CARTESIAN_POINT ( 'NONE',  ( -766.8785481993402300, 22.83277993541366500, -56.02559015193256200 ) ) ;
#6343 = CARTESIAN_POINT ( 'NONE',  ( -731.8165205886455200, 51.46764385215513500, -120.2917345085309900 ) ) ;
#6344 = CARTESIAN_POINT ( 'NONE',  ( -897.5226415488173200, 7.021039942723759500, 89.17374265924682700 ) ) ;
#6345 = CARTESIAN_POINT ( 'NONE',  ( -2.007659678219818200E-013, -80.00000000000000000, 649.9999996933070200 ) ) ;
#6346 = CARTESIAN_POINT ( 'NONE',  ( -721.1684343117491400, -36.89914864066234700, 0.0000000000000000000 ) ) ;
#6347 = CARTESIAN_POINT ( 'NONE',  ( -1024.284852231974600, 23.37549502954913900, 52.20704611595753900 ) ) ;
#6348 = FACE_OUTER_BOUND ( 'NONE', #27, .T. ) ;
#6349 = CARTESIAN_POINT ( 'NONE',  ( -170.6347042671784200, 20.00000000000000000, -566.1121487526543200 ) ) ;
#6350 = B_SPLINE_SURFACE_WITH_KNOTS ( 'NONE', 3, 1, ( 
 ( #6920, #5787 ),
 ( #3340, #6311 ),
 ( #2609, #3232 ),
 ( #7539, #6337 ),
 ( #3876, #803 ),
 ( #5098, #5706 ),
 ( #2032, #1586 ),
 ( #3986, #4615 ),
 ( #1557, #1644 ),
 ( #5322, #7084 ),
 ( #3403, #5815 ),
 ( #7058, #5262 ),
 ( #3369, #294 ),
 ( #7683, #2138 ),
 ( #1005, #4580 ),
 ( #944, #5881 ),
 ( #6508, #2201 ),
 ( #7715, #2252 ),
 ( #4075, #6479 ),
 ( #413, #5206 ),
 ( #3462, #5296 ),
 ( #384, #1032 ),
 ( #2754, #2814 ),
 ( #2873, #7114 ),
 ( #7770, #1612 ),
 ( #7168, #4046 ),
 ( #5935, #916 ),
 ( #6565, #3490 ),
 ( #3432, #5234 ),
 ( #5910, #2225 ) ),
 .UNSPECIFIED., .F., .F., .F.,
 ( 4, 1, 1, 1, 1, 1, 1, 1, 1, 1, 1, 1, 1, 1, 1, 1, 1, 1, 1, 1, 1, 1, 1, 1, 1, 1, 1, 4 ),
 ( 2, 2 ),
 ( 0.0000000000000000000, 0.02496760279572007900, 0.04979401784463632900, 0.07462676818582625300, 0.09961329597354551300, 0.1248983838358722600, 0.1562097238299300400, 0.1874396270469609300, 0.2189082173681751200, 0.2501696793248705500, 0.3124121157476184000, 0.3750824037514259900, 0.4374761541580766100, 0.5000063827834075900, 0.5624226298232846100, 0.6248697507715546000, 0.6875113401206118800, 0.7497457064230843600, 0.8124038996733765600, 0.8435619087479377900, 0.8747871884482720800, 0.9061547055439616000, 0.9374601361958310200, 0.9500348156951908800, 0.9625575432117483600, 0.9750468513780816700, 0.9875214213401628500, 0.9999999999999998900 ),
 ( 0.0000000000000000000, 1.000000000000000000 ),
 .UNSPECIFIED. ) ;
#6351 = ADVANCED_FACE ( 'NONE', ( #5953 ), #6039, .F. ) ;
#6352 = EDGE_CURVE ( 'NONE', #6953, #6161, #4330, .T. ) ;
#6353 = CARTESIAN_POINT ( 'NONE',  ( -1009.325440621710100, 0.7376511482293538500, -36.58452871476419000 ) ) ;
#6354 = CARTESIAN_POINT ( 'NONE',  ( -258.7992690864762700, -50.67788054295346000, -726.8185657517008200 ) ) ;
#6355 = ORIENTED_EDGE ( 'NONE', *, *, #7921, .T. ) ;
#6356 = ORIENTED_EDGE ( 'NONE', *, *, #7842, .F. ) ;
#6357 = CARTESIAN_POINT ( 'NONE',  ( -769.4025474927482300, -49.25061185733253700, -64.67269670123501200 ) ) ;
#6358 = CARTESIAN_POINT ( 'NONE',  ( -938.6168143272911900, -44.47907115696418900, 65.43478420662864900 ) ) ;
#6359 = CARTESIAN_POINT ( 'NONE',  ( -146.2351507591168300, 281.0468230065113200, 240.0000000000000600 ) ) ;
#6360 = CARTESIAN_POINT ( 'NONE',  ( -35.09604159514846300, 307.5180333870135300, 239.9999999999999700 ) ) ;
#6361 = CARTESIAN_POINT ( 'NONE',  ( -168.3225630098051500, 20.00000000000000400, -4.671889625435053000E-013 ) ) ;
#6362 = CARTESIAN_POINT ( 'NONE',  ( -258.7992690864762200, -54.35981211829980700, 877.1070135192361500 ) ) ;
#6363 = VECTOR ( 'NONE', #5685, 1000.000000000000000 ) ;
#6364 = EDGE_LOOP ( 'NONE', ( #1023, #1757, #3093, #7689 ) ) ;
#6365 = CARTESIAN_POINT ( 'NONE',  ( -729.3453447201203500, 26.50846962680957100, -120.3447435053587200 ) ) ;
#6366 = DIRECTION ( 'NONE',  ( 0.0000000000000000000, 1.000000000000000000, 0.0000000000000000000 ) ) ;
#6367 = CARTESIAN_POINT ( 'NONE',  ( -767.6436131462511400, -48.60586966376928300, 55.45027007850043100 ) ) ;
#6368 = CARTESIAN_POINT ( 'NONE',  ( -983.7070569631771400, -37.27688030579102500, 0.0000000000000000000 ) ) ;
#6369 = DIRECTION ( 'NONE',  ( -0.8361423757859027800, 0.0000000000000000000, 0.5485124678757139500 ) ) ;
#6370 = CARTESIAN_POINT ( 'NONE',  ( -1028.482502852307800, 37.38934483167841400, -1.814364199054586900 ) ) ;
#6371 = CARTESIAN_POINT ( 'NONE',  ( -770.0781440828610600, 22.51943738479926800, -54.73844108900409100 ) ) ;
#6372 = CARTESIAN_POINT ( 'NONE',  ( -1026.448655729498100, 25.31652436319533500, 47.92967102618248300 ) ) ;
#6373 = CARTESIAN_POINT ( 'NONE',  ( -920.2589775552888800, 73.58137228624283900, -91.54189638380881900 ) ) ;
#6374 = CARTESIAN_POINT ( 'NONE',  ( -258.7992690864780900, -80.00000000000000000, -651.3187184546429800 ) ) ;
#6375 = CARTESIAN_POINT ( 'NONE',  ( -769.2837236896194800, 22.59723649485580300, 54.82507797307533100 ) ) ;
#6376 = CARTESIAN_POINT ( 'NONE',  ( -770.0781440828610600, -48.81333152918462300, -54.73844108900409100 ) ) ;
#6377 = CARTESIAN_POINT ( 'NONE',  ( -168.3225630098067400, 20.00000000000000400, -559.2914513037541200 ) ) ;
#6378 = CARTESIAN_POINT ( 'NONE',  ( -938.7509520236136500, 6.000986373012649400, -54.35487200604681100 ) ) ;
#6379 = CARTESIAN_POINT ( 'NONE',  ( -1010.471146759056000, 0.6732617307471623300, -34.26776708122312700 ) ) ;
#6380 = CARTESIAN_POINT ( 'NONE',  ( -668.2451320953586000, -22.92426017569081900, -730.2503807847678000 ) ) ;
#6381 = EDGE_CURVE ( 'NONE', #1287, #2128, #1825, .T. ) ;
#6382 = EDGE_LOOP ( 'NONE', ( #2975, #4750, #5237, #2876 ) ) ;
#6383 = EDGE_CURVE ( 'NONE', #4050, #1358, #6993, .T. ) ;
#6384 = ORIENTED_EDGE ( 'NONE', *, *, #6796, .T. ) ;
#6385 = CARTESIAN_POINT ( 'NONE',  ( -765.3333707031373500, -49.25061185733253700, -60.94816340151915300 ) ) ;
#6386 = EDGE_LOOP ( 'NONE', ( #2272, #6139, #6898, #7876 ) ) ;
#6387 = CARTESIAN_POINT ( 'NONE',  ( -938.6127376900055900, 7.164169369840226200, 54.03636266494690000 ) ) ;
#6388 = CARTESIAN_POINT ( 'NONE',  ( -139.3953344788098400, 281.6532700022779100, 240.0000000000000300 ) ) ;
#6389 = CARTESIAN_POINT ( 'NONE',  ( -731.8165205886452900, 116.0656355729309300, 120.2917345085317900 ) ) ;
#6390 = CARTESIAN_POINT ( 'NONE',  ( -349.9923780584606400, 114.8995410430773500, -650.0000000000000000 ) ) ;
#6391 = ADVANCED_FACE ( 'NONE', ( #3651 ), #4147, .T. ) ;
#6392 = ORIENTED_EDGE ( 'NONE', *, *, #7820, .T. ) ;
#6393 = DIRECTION ( 'NONE',  ( -0.0000000000000000000, -1.000000000000000000, -0.0000000000000000000 ) ) ;
#6394 = CARTESIAN_POINT ( 'NONE',  ( -413.4222416891278700, 71.91118529648198900, -453.0067876111058400 ) ) ;
#6395 = CARTESIAN_POINT ( 'NONE',  ( -168.3225630098066600, 20.00000000000000400, -550.9581179704205200 ) ) ;
#6396 = CARTESIAN_POINT ( 'NONE',  ( -531.8258541121442700, 51.56268442353459800, 373.8311718869599600 ) ) ;
#6397 = VERTEX_POINT ( 'NONE', #2845 ) ;
#6398 = CARTESIAN_POINT ( 'NONE',  ( -767.6447181106009300, 22.75774744914411600, -55.44971539264285100 ) ) ;
#6399 = CARTESIAN_POINT ( 'NONE',  ( -731.8165205886452900, 51.46764385215429600, 120.2917345085317900 ) ) ;
#6400 = CARTESIAN_POINT ( 'NONE',  ( -974.7195593237231600, -41.14360454799239600, -312.7510206763798200 ) ) ;
#6401 = CARTESIAN_POINT ( 'NONE',  ( -1097.010153263614500, -4.190285767772747000, 3.301071067973860200 ) ) ;
#6402 = CARTESIAN_POINT ( 'NONE',  ( -140.5768161984543100, 322.4861571580474300, 239.9999999999999100 ) ) ;
#6403 = EDGE_CURVE ( 'NONE', #5730, #5022, #2856, .T. ) ;
#6404 = CARTESIAN_POINT ( 'NONE',  ( -1030.752024518243800, 31.91422313031321100, 30.04237421175022500 ) ) ;
#6405 = CARTESIAN_POINT ( 'NONE',  ( -994.3096597504323900, 22.17500614497043500, 80.23718975908491300 ) ) ;
#6406 = CARTESIAN_POINT ( 'NONE',  ( -721.2497326902922600, -38.01434301723115500, -123.2482987937306100 ) ) ;
#6407 = CARTESIAN_POINT ( 'NONE',  ( -321.7146628701095800, -16.19453685777525800, -838.2574688432218900 ) ) ;
#6408 = CARTESIAN_POINT ( 'NONE',  ( -258.7992690864763300, -34.99531969710408000, -727.9305802034526800 ) ) ;
#6409 = CARTESIAN_POINT ( 'NONE',  ( -1030.035062038852900, 35.75475992207486100, -15.15573835590664900 ) ) ;
#6410 = CARTESIAN_POINT ( 'NONE',  ( -668.2451320953587100, -53.61345991623466000, -703.6814995262262800 ) ) ;
#6411 = ORIENTED_EDGE ( 'NONE', *, *, #7612, .F. ) ;
#6412 = VERTEX_POINT ( 'NONE', #7832 ) ;
#6413 = CARTESIAN_POINT ( 'NONE',  ( -996.4641940666410800, 27.31809308082065600, -78.99400159414884100 ) ) ;
#6414 = CARTESIAN_POINT ( 'NONE',  ( -930.5701785369145700, -44.47907115696418900, 49.73564145465413600 ) ) ;
#6415 = AXIS2_PLACEMENT_3D ( 'NONE', #5286, #1603, #2216 ) ;
#6416 = CARTESIAN_POINT ( 'NONE',  ( -140.6874882314088500, 281.5012653686379700, 239.9999999999999400 ) ) ;
#6417 = EDGE_LOOP ( 'NONE', ( #3441, #6710, #3507, #4499, #934, #5852 ) ) ;
#6418 = EDGE_CURVE ( 'NONE', #5157, #2918, #3478, .T. ) ;
#6419 = CARTESIAN_POINT ( 'NONE',  ( -115.6118585085928700, 319.2723213832116500, 239.9999999999999400 ) ) ;
#6420 = DIRECTION ( 'NONE',  ( -1.000000000000000000, 0.0000000000000000000, 0.0000000000000000000 ) ) ;
#6421 = AXIS2_PLACEMENT_3D ( 'NONE', #6983, #3998, #307 ) ;
#6422 = CARTESIAN_POINT ( 'NONE',  ( -193.7992690864780600, 275.0000000000000000, -563.0083379936580700 ) ) ;
#6423 = CARTESIAN_POINT ( 'NONE',  ( -974.7195593237231600, -41.14360454799239600, 312.7510206763798200 ) ) ;
#6424 = CARTESIAN_POINT ( 'NONE',  ( -916.1234753870023700, 25.97750456936796900, -105.6172486092623800 ) ) ;
#6425 = DIRECTION ( 'NONE',  ( 0.0000000000000000000, 0.0000000000000000000, -1.000000000000000000 ) ) ;
#6426 = LINE ( 'NONE', #18, #4327 ) ;
#6427 = CARTESIAN_POINT ( 'NONE',  ( -1016.557933676294400, 0.3311804141128889000, 11.10828918279530000 ) ) ;
#6428 = CARTESIAN_POINT ( 'NONE',  ( -140.4186034506442100, 322.4680347232657600, 239.9999999999999700 ) ) ;
#6429 = ORIENTED_EDGE ( 'NONE', *, *, #7395, .F. ) ;
#6430 = CIRCLE ( 'NONE', #1928, 25.00000000000003200 ) ;
#6431 = CARTESIAN_POINT ( 'NONE',  ( -215.9181161961221300, 20.00000000000000700, 627.5920786935258800 ) ) ;
#6432 = EDGE_LOOP ( 'NONE', ( #2048, #6615, #5882, #7734 ) ) ;
#6433 = CARTESIAN_POINT ( 'NONE',  ( -597.1016027295113400, -29.19774388879194400, 36.89934711224464100 ) ) ;
#6434 = CARTESIAN_POINT ( 'NONE',  ( -999.6619914636020200, 1.280743169714686900, 49.89580563647286500 ) ) ;
#6435 = CARTESIAN_POINT ( 'NONE',  ( -649.2818860900317800, -28.50211036837637500, -269.7590847208614400 ) ) ;
#6436 = CARTESIAN_POINT ( 'NONE',  ( -302.7649772847389000, -23.99679257114775800, -853.5914448678646500 ) ) ;
#6437 = EDGE_CURVE ( 'NONE', #3869, #1206, #3744, .T. ) ;
#6438 = FACE_OUTER_BOUND ( 'NONE', #6386, .T. ) ;
#6439 = CARTESIAN_POINT ( 'NONE',  ( -932.6611822375347200, 6.597369187246364700, -49.99088268688061700 ) ) ;
#6440 = CARTESIAN_POINT ( 'NONE',  ( -1016.552113512048100, 0.3315075110649408600, -11.13991954373085800 ) ) ;
#6441 = CARTESIAN_POINT ( 'NONE',  ( -668.2451320953586000, -35.94017779089317300, -714.3739544787692900 ) ) ;
#6442 = VERTEX_POINT ( 'NONE', #1674 ) ;
#6443 = ORIENTED_EDGE ( 'NONE', *, *, #1402, .T. ) ;
#6444 = EDGE_CURVE ( 'NONE', #3336, #3869, #1060, .T. ) ;
#6445 = ORIENTED_EDGE ( 'NONE', *, *, #6968, .T. ) ;
#6446 = CARTESIAN_POINT ( 'NONE',  ( -728.9765666348811200, 27.51885365671584100, 102.2053446399284000 ) ) ;
#6447 = CARTESIAN_POINT ( 'NONE',  ( -1016.014367201151800, 42.33522756324605800, -63.13566006688402200 ) ) ;
#6448 = CARTESIAN_POINT ( 'NONE',  ( -938.6127376900055900, -44.47907115696418900, 54.03636266494690000 ) ) ;
#6449 = CARTESIAN_POINT ( 'NONE',  ( -132.6687360916150200, 282.5129340988289600, 239.9999999999999700 ) ) ;
#6450 = CARTESIAN_POINT ( 'NONE',  ( -60.53916782222183500, 311.6403208167624300, 239.9999999999998600 ) ) ;
#6451 = VECTOR ( 'NONE', #5085, 1000.000000000000000 ) ;
#6452 = CARTESIAN_POINT ( 'NONE',  ( -977.3011235581049000, -37.34615154684571800, 62.35021923255894900 ) ) ;
#6453 = CARTESIAN_POINT ( 'NONE',  ( -617.2240088808479200, 12.83734477182185800, 451.2146373188919600 ) ) ;
#6454 = CARTESIAN_POINT ( 'NONE',  ( -350.0711802801639000, 116.0662077097440300, 650.0000000000000000 ) ) ;
#6455 = CARTESIAN_POINT ( 'NONE',  ( -930.1674393579720600, 7.164169369840226200, 69.74124603058601200 ) ) ;
#6456 = CARTESIAN_POINT ( 'NONE',  ( -1015.497187564403900, 0.3907950238411541700, -18.79100632411080300 ) ) ;
#6457 = CARTESIAN_POINT ( 'NONE',  ( -1028.959636398235000, 36.99500496402765700, -7.354599042081169100 ) ) ;
#6458 = CARTESIAN_POINT ( 'NONE',  ( -138.6352051122872200, 322.2531499355436600, 239.9999999999999700 ) ) ;
#6459 = LINE ( 'NONE', #6694, #5014 ) ;
#6460 = CARTESIAN_POINT ( 'NONE',  ( -190.7992690864780300, 275.0000000000000000, 567.4692976837611700 ) ) ;
#6461 = CARTESIAN_POINT ( 'NONE',  ( -1030.843833936553700, 32.54432010357038500, 27.96764974936947800 ) ) ;
#6462 = EDGE_LOOP ( 'NONE', ( #4292, #3631, #3050, #968, #102 ) ) ;
#6463 = CARTESIAN_POINT ( 'NONE',  ( -587.0247678124950400, -19.08031501468063200, 269.6510752201530700 ) ) ;
#6464 = CARTESIAN_POINT ( 'NONE',  ( -973.7201394624663600, 2.738691839372716400, 67.46626139460964600 ) ) ;
#6465 = CARTESIAN_POINT ( 'NONE',  ( -186.6389812888174900, 334.2979873853793200, 113.7881053965867200 ) ) ;
#6466 = CARTESIAN_POINT ( 'NONE',  ( -199.9705377713446500, 274.9999999999999400, -573.3969819865097900 ) ) ;
#6467 = CARTESIAN_POINT ( 'NONE',  ( -347.3139557739486900, -11.53755419572206400, -824.6142396099119200 ) ) ;
#6468 = CARTESIAN_POINT ( 'NONE',  ( -940.3169062719243800, 5.847629475399916300, 59.06125026836310400 ) ) ;
#6469 = PRESENTATION_STYLE_ASSIGNMENT (( #7744 ) ) ;
#6470 = ORIENTED_EDGE ( 'NONE', *, *, #678, .F. ) ;
#6471 = CARTESIAN_POINT ( 'NONE',  ( -668.2451320953588300, -46.40839134470841300, -812.4924467478261900 ) ) ;
#6472 = EDGE_CURVE ( 'NONE', #6266, #2775, #5742, .T. ) ;
#6473 = CARTESIAN_POINT ( 'NONE',  ( -728.9551145605413500, 27.41028365779396500, 101.8102436487699000 ) ) ;
#6474 = CARTESIAN_POINT ( 'NONE',  ( -930.8549077680145300, 7.164169369840226200, 49.74698897011925400 ) ) ;
#6475 = AXIS2_PLACEMENT_3D ( 'NONE', #3615, #4148, #1153 ) ;
#6476 = CARTESIAN_POINT ( 'NONE',  ( -141.3523767948110200, 281.4275086923011000, 239.9999999999999100 ) ) ;
#6477 = CARTESIAN_POINT ( 'NONE',  ( -98.07178066755189100, 316.9420841476510300, 239.9999999999999400 ) ) ;
#6478 = CARTESIAN_POINT ( 'NONE',  ( -974.7195593237231600, -41.14360454799239600, 312.7510206763798200 ) ) ;
#6479 = CARTESIAN_POINT ( 'NONE',  ( -766.6240614248512200, 23.42730997547047500, 63.24732940658812900 ) ) ;
#6480 = CARTESIAN_POINT ( 'NONE',  ( -522.5302361353224100, 7.940193362279938300, 210.4781246062557600 ) ) ;
#6481 = CARTESIAN_POINT ( 'NONE',  ( -931.5052617981266400, 7.164169369840226200, 69.67580674372247500 ) ) ;
#6482 = CARTESIAN_POINT ( 'NONE',  ( -730.2681026710157500, 36.94558889083148000, -115.6468909344010300 ) ) ;
#6483 = PLANE ( 'NONE',  #5056 ) ;
#6484 = CARTESIAN_POINT ( 'NONE',  ( -1092.476516759751300, -3.935492497455698400, -9.263004231177237800 ) ) ;
#6485 = CARTESIAN_POINT ( 'NONE',  ( -140.5662711139798700, 322.4849539313052600, 239.9999999999999400 ) ) ;
#6486 = ORIENTED_EDGE ( 'NONE', *, *, #4310, .F. ) ;
#6487 = ORIENTED_EDGE ( 'NONE', *, *, #5175, .F. ) ;
#6488 = CARTESIAN_POINT ( 'NONE',  ( -266.6244456495906000, 275.0000000000000600, 645.2101577408219600 ) ) ;
#6489 = CARTESIAN_POINT ( 'NONE',  ( -352.4986460716720600, 115.4119519339909600, -650.0000000000000000 ) ) ;
#6490 = CARTESIAN_POINT ( 'NONE',  ( -668.2451320953587100, -80.00000000000001400, 899.6142396099120300 ) ) ;
#6491 = CARTESIAN_POINT ( 'NONE',  ( -175.3323359687690600, 316.0397197962526000, 138.8412073291936800 ) ) ;
#6492 = CARTESIAN_POINT ( 'NONE',  ( -605.6914360043728000, 12.37727947998290800, -479.9023568143828700 ) ) ;
#6493 = CARTESIAN_POINT ( 'NONE',  ( -184.3918324311517600, 20.00000000000000400, -582.8142552123961200 ) ) ;
#6494 = CARTESIAN_POINT ( 'NONE',  ( -298.9630571248687300, -34.21512753775022000, -866.0728069819144800 ) ) ;
#6495 = VERTEX_POINT ( 'NONE', #5403 ) ;
#6496 = VECTOR ( 'NONE', #1481, 1000.000000000000000 ) ;
#6497 = CARTESIAN_POINT ( 'NONE',  ( -934.5418938816882200, 6.413187495244408800, 68.82968687463731800 ) ) ;
#6498 = CARTESIAN_POINT ( 'NONE',  ( -308.7992690864780300, 140.4205989181335200, 650.0000000000000000 ) ) ;
#6499 = CARTESIAN_POINT ( 'NONE',  ( -436.6483425090811500, 73.98799392542650800, 650.0000000000000000 ) ) ;
#6500 = EDGE_LOOP ( 'NONE', ( #1071, #1326, #1809, #1397 ) ) ;
#6501 =( BOUNDED_CURVE ( )  B_SPLINE_CURVE ( 3, ( #5782, #2245, #6558, #4124 ),
 .UNSPECIFIED., .F., .F. ) 
 B_SPLINE_CURVE_WITH_KNOTS ( ( 4, 4 ),
 ( 1.504729672242930600, 1.549262255085036300 ),
 .UNSPECIFIED. ) 
 CURVE ( )  GEOMETRIC_REPRESENTATION_ITEM ( )  RATIONAL_B_SPLINE_CURVE ( ( 1.000000000000000000, 0.9998347442499346800, 0.9998347442499346800, 1.000000000000000000 ) ) 
 REPRESENTATION_ITEM ( '' )  );
#6502 = CARTESIAN_POINT ( 'NONE',  ( -728.7059646597059600, 26.57109911396810300, 95.71140535763856900 ) ) ;
#6503 = CARTESIAN_POINT ( 'NONE',  ( -1022.132389499946000, 40.18151682449458000, -55.77750078368306000 ) ) ;
#6504 = DIRECTION ( 'NONE',  ( -0.0000000000000000000, 1.000000000000000000, -0.0000000000000000000 ) ) ;
#6505 = CARTESIAN_POINT ( 'NONE',  ( -132.8252715451609400, 282.4927481360350000, 239.9999999999999700 ) ) ;
#6506 = CARTESIAN_POINT ( 'NONE',  ( -126.7066396030701600, 320.7167870820171100, 239.9999999999999400 ) ) ;
#6507 = CARTESIAN_POINT ( 'NONE',  ( -668.2451320953587100, -70.00000000000000000, 699.9999996933069000 ) ) ;
#6508 = CARTESIAN_POINT ( 'NONE',  ( -765.5763752531697700, -49.25060836388760100, 61.63020452759305100 ) ) ;
#6509 = CARTESIAN_POINT ( 'NONE',  ( -184.6267484020527300, 302.0000000000000600, 138.5313935814176000 ) ) ;
#6510 = CARTESIAN_POINT ( 'NONE',  ( -730.0370982769394500, 35.01382756734830100, -114.1220288297456000 ) ) ;
#6511 = CARTESIAN_POINT ( 'NONE',  ( -1030.024134182208200, 23.10906259355152800, -42.24600841051668000 ) ) ;
#6512 = ORIENTED_EDGE ( 'NONE', *, *, #1045, .F. ) ;
#6513 = CARTESIAN_POINT ( 'NONE',  ( -1016.474977936960200, 0.3358425797052947400, 11.96031687036617600 ) ) ;
#6514 = CARTESIAN_POINT ( 'NONE',  ( -157.3559097178416800, 322.2590596370789100, 239.9999999999999400 ) ) ;
#6515 = EDGE_CURVE ( 'NONE', #7291, #7155, #4118, .T. ) ;
#6516 = ADVANCED_FACE ( 'NONE', ( #4902 ), #7644, .F. ) ;
#6517 = CARTESIAN_POINT ( 'NONE',  ( -536.4089367922349500, -10.00669366827933300, 36.89144407851287600 ) ) ;
#6518 = CARTESIAN_POINT ( 'NONE',  ( -660.2597997243057100, -38.85965434988927600, 36.90725014597639800 ) ) ;
#6519 = ORIENTED_EDGE ( 'NONE', *, *, #614, .T. ) ;
#6520 = CARTESIAN_POINT ( 'NONE',  ( -395.2812234227943700, -70.00000000000000000, -699.9999996933065600 ) ) ;
#6521 = CARTESIAN_POINT ( 'NONE',  ( -497.7996294928674400, 48.47557972013056800, -576.2282484482782400 ) ) ;
#6522 = CARTESIAN_POINT ( 'NONE',  ( -164.4705222100493000, 283.3342022070680200, 139.2032677878177400 ) ) ;
#6523 = CARTESIAN_POINT ( 'NONE',  ( -969.8308515967182800, 2.957272304234564800, -68.93093529213737700 ) ) ;
#6524 = CARTESIAN_POINT ( 'NONE',  ( -934.2317359232686200, 6.443561857921038100, -50.52715020816467000 ) ) ;
#6525 = B_SPLINE_CURVE_WITH_KNOTS ( 'NONE', 3,
 ( #4395, #3140, #2568, #7393, #4422, #6245, #7470, #3724, #47, #2519, #5054, #1271, #5027, #3753, #97, #6854, #5571, #1866, #5006, #6197, #2499, #1319, #6804, #6173, #5544, #7421, #5616, #731 ),
 .UNSPECIFIED., .F., .F.,
 ( 4, 2, 2, 2, 2, 2, 2, 2, 2, 2, 2, 2, 2, 4 ),
 ( 0.0000000000000000000, 0.004782643247463329000, 0.007173964871194945700, 0.009565286494926564200, 0.01434792974238968900, 0.01673925136612129000, 0.01913057298985288900, 0.02391321623731600100, 0.02630453786104757600, 0.02869585948477915100, 0.03347850273224228800, 0.03586982435597387700, 0.03706548516783967500, 0.03826114597970547300 ),
 .UNSPECIFIED. ) ;
#6526 = CARTESIAN_POINT ( 'NONE',  ( -662.4923694254803200, -75.67624514893215300, 699.9999996933071300 ) ) ;
#6527 = CARTESIAN_POINT ( 'NONE',  ( -258.7992690864762700, -80.00000000000002800, 899.6142396099120300 ) ) ;
#6528 = ORIENTED_EDGE ( 'NONE', *, *, #2744, .F. ) ;
#6529 = VECTOR ( 'NONE', #3312, 1000.000000000000000 ) ;
#6530 = ORIENTED_EDGE ( 'NONE', *, *, #6192, .T. ) ;
#6531 = CIRCLE ( 'NONE', #2866, 102.8593517254403600 ) ;
#6532 = CARTESIAN_POINT ( 'NONE',  ( -184.6267484020527000, 302.0000000000000600, 137.9225819429061100 ) ) ;
#6533 = DIRECTION ( 'NONE',  ( 0.9427946626885519400, 0.3318894391366362100, -0.03142648875628504400 ) ) ;
#6534 = CARTESIAN_POINT ( 'NONE',  ( -99.28735196031989600, 286.8942307340270800, 240.0000000000000300 ) ) ;
#6535 = EDGE_CURVE ( 'NONE', #5575, #4220, #4215, .T. ) ;
#6536 = VECTOR ( 'NONE', #3898, 1000.000000000000000 ) ;
#6537 = CARTESIAN_POINT ( 'NONE',  ( -52.25091995062634000, 310.3821335489369100, 239.9999999999999400 ) ) ;
#6538 = CIRCLE ( 'NONE', #4282, 148.3286034136783100 ) ;
#6539 = CARTESIAN_POINT ( 'NONE',  ( -916.1761530242783900, 26.27102378859758100, 105.6062142766424000 ) ) ;
#6540 = CARTESIAN_POINT ( 'NONE',  ( -930.8578036902035800, -44.47907115522036000, -49.74729774213167800 ) ) ;
#6541 = CARTESIAN_POINT ( 'NONE',  ( -737.2857582750588100, 132.1860949645301600, -113.4557284712844000 ) ) ;
#6542 = CARTESIAN_POINT ( 'NONE',  ( -168.3225630098066900, 20.00000000000000400, 559.2914513037541200 ) ) ;
#6543 = VERTEX_POINT ( 'NONE', #4066 ) ;
#6544 = CARTESIAN_POINT ( 'NONE',  ( -494.5865668284412800, -25.62536088668263900, -829.6142396099122600 ) ) ;
#6545 = CARTESIAN_POINT ( 'NONE',  ( -1041.968231293431200, -1.096894559288178300, 44.79725054196881500 ) ) ;
#6546 = CARTESIAN_POINT ( 'NONE',  ( -167.3081383807168500, 319.7548387590129000, 239.9999999999999700 ) ) ;
#6547 = EDGE_CURVE ( 'NONE', #1499, #6266, #2393, .T. ) ;
#6548 = CARTESIAN_POINT ( 'NONE',  ( -171.5375396973463500, 318.0862147276890300, 138.9677005382411000 ) ) ;
#6549 = CARTESIAN_POINT ( 'NONE',  ( -184.6267484020527300, 302.0000000000000600, 138.5313935814176000 ) ) ;
#6550 = CARTESIAN_POINT ( 'NONE',  ( -266.6244456881430600, 275.0000000000000000, -645.2101578092988300 ) ) ;
#6551 = EDGE_CURVE ( 'NONE', #5936, #5877, #5488, .T. ) ;
#6552 = CARTESIAN_POINT ( 'NONE',  ( -934.5388021668814000, 6.413490272794646800, -50.66424070620841000 ) ) ;
#6553 = CARTESIAN_POINT ( 'NONE',  ( -732.0292279767047600, 51.41795551113903400, 120.2871615096274800 ) ) ;
#6554 = CARTESIAN_POINT ( 'NONE',  ( -668.2451320953588300, -15.33012229092221700, -764.5053097936543100 ) ) ;
#6555 = B_SPLINE_CURVE_WITH_KNOTS ( 'NONE', 2,
 ( #6666, #1726, #4207 ),
 .UNSPECIFIED., .F., .F.,
 ( 3, 3 ),
 ( 0.0000000000000000000, 0.5837236734333246500 ),
 .UNSPECIFIED. ) ;
#6556 = FACE_OUTER_BOUND ( 'NONE', #1559, .T. ) ;
#6557 = CARTESIAN_POINT ( 'NONE',  ( -728.8374853439750000, 26.88402910585216100, 99.39647797808193300 ) ) ;
#6558 = CARTESIAN_POINT ( 'NONE',  ( -773.1775071780791700, 47.42456333482935800, 119.4009345243831300 ) ) ;
#6559 = CARTESIAN_POINT ( 'NONE',  ( -14.62674840205190600, 297.7466074582342200, 239.9999999999999700 ) ) ;
#6560 = ADVANCED_FACE ( 'NONE', ( #5376 ), #1052, .F. ) ;
#6561 = CARTESIAN_POINT ( 'NONE',  ( -42.65655202324506200, 295.1807815119040000, 239.9999999999999400 ) ) ;
#6562 = VERTEX_POINT ( 'NONE', #7216 ) ;
#6563 = CARTESIAN_POINT ( 'NONE',  ( -138.0635540120957200, 322.1810716680342900, 239.9999999999999400 ) ) ;
#6564 = EDGE_LOOP ( 'NONE', ( #7376, #1577, #5913, #3192, #6329, #88 ) ) ;
#6565 = CARTESIAN_POINT ( 'NONE',  ( -769.8868964756188700, -49.25060836388760100, 64.73030993236832800 ) ) ;
#6566 = VECTOR ( 'NONE', #4012, 1000.000000000000000 ) ;
#6567 = CARTESIAN_POINT ( 'NONE',  ( -598.2451320953588300, -35.13962896551526400, -825.5905309361405700 ) ) ;
#6568 = DIRECTION ( 'NONE',  ( -0.0000000000000000000, -1.000000000000000000, -0.0000000000000000000 ) ) ;
#6569 = CARTESIAN_POINT ( 'NONE',  ( -1040.187294363584700, 20.33780403916246700, 4.382811095109255800 ) ) ;
#6570 = CARTESIAN_POINT ( 'NONE',  ( -1027.452115885309500, 26.36288025190453500, 45.44314381510294300 ) ) ;
#6571 = CARTESIAN_POINT ( 'NONE',  ( -158.2232870660408800, 322.1084797309914100, 240.0000000000000600 ) ) ;
#6572 = ORIENTED_EDGE ( 'NONE', *, *, #2821, .F. ) ;
#6573 = CARTESIAN_POINT ( 'NONE',  ( -5.573319583618286500E-011, 126.3303946094904700, 136.2163606457130800 ) ) ;
#6574 = CARTESIAN_POINT ( 'NONE',  ( -177.3891749612660900, 314.6513598087813600, 240.0000000000000000 ) ) ;
#6575 = CARTESIAN_POINT ( 'NONE',  ( 4.373401631727047900, 146.1291709910543700, -144.8313985825434100 ) ) ;
#6576 = CARTESIAN_POINT ( 'NONE',  ( -160.7940353182817400, 282.3981311813020600, 139.3258173508766000 ) ) ;
#6577 = CARTESIAN_POINT ( 'NONE',  ( -968.1904412960801700, 3.117920825600502900, -71.10066727880162300 ) ) ;
#6578 = CARTESIAN_POINT ( 'NONE',  ( -903.5126549465466000, -47.93408398595471500, -68.91030709501070800 ) ) ;
#6579 = B_SPLINE_CURVE_WITH_KNOTS ( 'NONE', 3,
 ( #1055, #6045, #5962, #5345 ),
 .UNSPECIFIED., .F., .F.,
 ( 4, 4 ),
 ( 0.0000000000000000000, 1.000000000000000000 ),
 .UNSPECIFIED. ) ;
#6580 = CARTESIAN_POINT ( 'NONE',  ( -663.6106458509989400, -77.62203381722827100, 699.9999996933070200 ) ) ;
#6581 = CARTESIAN_POINT ( 'NONE',  ( -258.7992690864762700, -43.55484618398372700, -868.1696361896409800 ) ) ;
#6582 = PRESENTATION_LAYER_ASSIGNMENT (  '', '', ( #6965 ) ) ;
#6583 = EDGE_CURVE ( 'NONE', #450, #7866, #7954, .T. ) ;
#6584 = CARTESIAN_POINT ( 'NONE',  ( -5.573319583618287100E-011, 125.2865895861860000, -134.8895438548556200 ) ) ;
#6585 = CARTESIAN_POINT ( 'NONE',  ( -855.3638864233430500, 72.96577670751425200, 114.8816014359641600 ) ) ;
#6586 = CARTESIAN_POINT ( 'NONE',  ( -930.0000000000559300, -44.10239037126144300, -49.73844108900408400 ) ) ;
#6587 = CARTESIAN_POINT ( 'NONE',  ( -42.25959371570199600, 295.2471906472526900, 239.9999999999999700 ) ) ;
#6588 = EDGE_LOOP ( 'NONE', ( #2640, #7868 ) ) ;
#6589 = EDGE_LOOP ( 'NONE', ( #6773, #5070, #7076, #1604, #465, #2553, #7317, #3736, #664, #5039, #4547, #5991, #992, #6512 ) ) ;
#6590 = DIRECTION ( 'NONE',  ( -0.0000000000000000000, 1.000000000000000000, -0.0000000000000000000 ) ) ;
#6591 = CARTESIAN_POINT ( 'NONE',  ( -921.5967147852348900, 11.98000990660728400, -98.47406503321887800 ) ) ;
#6592 = CARTESIAN_POINT ( 'NONE',  ( -932.9729684322287500, 7.164169077462492700, -50.07677714280460200 ) ) ;
#6593 = ORIENTED_EDGE ( 'NONE', *, *, #6535, .T. ) ;
#6594 = CARTESIAN_POINT ( 'NONE',  ( -1928.659063898404200, 12275.91413284360400, -239.9999999999998900 ) ) ;
#6595 = CARTESIAN_POINT ( 'NONE',  ( -1014.600837529027900, 42.83282856652003500, -34.29391322266703700 ) ) ;
#6596 = CARTESIAN_POINT ( 'NONE',  ( -1011.547652396229200, 0.6127614256213997900, 31.91848605429691000 ) ) ;
#6597 = CARTESIAN_POINT ( 'NONE',  ( -303.2451320953591100, -43.51670830972006600, 873.5999823003332900 ) ) ;
#6598 = ADVANCED_FACE ( 'NONE', ( #2091 ), #2353, .T. ) ;
#6599 = CARTESIAN_POINT ( 'NONE',  ( -5.573319583618285200E-011, 130.6860349119247400, 140.0364662091884300 ) ) ;
#6600 = ORIENTED_EDGE ( 'NONE', *, *, #625, .F. ) ;
#6601 = CARTESIAN_POINT ( 'NONE',  ( -168.1320475830395700, 319.4579176843958000, 239.9999999999999700 ) ) ;
#6602 = CARTESIAN_POINT ( 'NONE',  ( -184.6024823531583400, 301.0405421195286500, 138.5322024497141100 ) ) ;
#6603 = CARTESIAN_POINT ( 'NONE',  ( -940.2498557514599000, -42.57350531052740900, 58.39547893930706100 ) ) ;
#6604 = EDGE_CURVE ( 'NONE', #1618, #6332, #1911, .T. ) ;
#6605 = CARTESIAN_POINT ( 'NONE',  ( -664.3308799108530100, -72.72274511205785100, 699.9999996933071300 ) ) ;
#6606 = CARTESIAN_POINT ( 'NONE',  ( -418.4486822469645500, 71.87170263032061300, -650.0000000000000000 ) ) ;
#6607 = B_SPLINE_CURVE_WITH_KNOTS ( 'NONE', 3,
 ( #1013, #7752, #1593, #2208, #2850, #6517, #2820 ),
 .UNSPECIFIED., .F., .F.,
 ( 4, 1, 1, 1, 4 ),
 ( 0.0000000000000000000, 0.4158397143023242500, 0.6457696123157097300, 0.8509989315716948200, 1.000000000000000000 ),
 .UNSPECIFIED. ) ;
#6608 = CARTESIAN_POINT ( 'NONE',  ( -721.1638438405121900, -28.50215867585657400, 123.2493405169230300 ) ) ;
#6609 = CARTESIAN_POINT ( 'NONE',  ( -668.2451320953587100, -75.19288004169955300, -759.8071196516094700 ) ) ;
#6610 = CARTESIAN_POINT ( 'NONE',  ( -598.2451320953588300, -41.15084088219456500, 829.6142396099120300 ) ) ;
#6611 = CARTESIAN_POINT ( 'NONE',  ( -258.7992690864762700, -107.9167110779793600, -800.6157371971660300 ) ) ;
#6612 = ORIENTED_EDGE ( 'NONE', *, *, #6994, .F. ) ;
#6613 = CARTESIAN_POINT ( 'NONE',  ( -184.6267484020535800, 310.2834448515030200, -137.9225819429058500 ) ) ;
#6614 = AXIS2_PLACEMENT_3D ( 'NONE', #6223, #1891, #5595 ) ;
#6615 = ORIENTED_EDGE ( 'NONE', *, *, #4611, .F. ) ;
#6616 = CARTESIAN_POINT ( 'NONE',  ( -931.4263944230313000, -44.47907115522036000, -49.79488626819294700 ) ) ;
#6617 = CARTESIAN_POINT ( 'NONE',  ( -100.9793654027577200, 317.3453485209940900, 141.3196396813939900 ) ) ;
#6618 = CARTESIAN_POINT ( 'NONE',  ( -1033.674350646355200, 22.11417396234629300, -34.26915121596590600 ) ) ;
#6619 = ORIENTED_EDGE ( 'NONE', *, *, #1846, .F. ) ;
#6620 = CARTESIAN_POINT ( 'NONE',  ( -1016.283270475226500, 0.3466166616322766100, 13.66323520954745500 ) ) ;
#6621 = CARTESIAN_POINT ( 'NONE',  ( -395.2812234227689600, -69.99999999999998600, 699.9999996933069000 ) ) ;
#6622 = FACE_BOUND ( 'NONE', #1741, .T. ) ;
#6623 = MECHANICAL_DESIGN_GEOMETRIC_PRESENTATION_REPRESENTATION (  '', ( #6965 ), #7018 ) ;
#6624 = CARTESIAN_POINT ( 'NONE',  ( -5.573319583618285800E-011, 132.7561489077963900, 141.3945154209762600 ) ) ;
#6625 = CARTESIAN_POINT ( 'NONE',  ( -178.3682016629564700, 313.8819417700484000, 240.0000000000000000 ) ) ;
#6626 = FACE_OUTER_BOUND ( 'NONE', #6069, .T. ) ;
#6627 = CARTESIAN_POINT ( 'NONE',  ( -802.8798100647756000, 19.30710743522280700, 93.70294761029063600 ) ) ;
#6628 = CARTESIAN_POINT ( 'NONE',  ( -144.9215987749244900, 281.0925542301399100, 139.8548985689885500 ) ) ;
#6629 = CARTESIAN_POINT ( 'NONE',  ( -948.0685558445707100, 400.0000000000000000, 5.863365348801608000E-013 ) ) ;
#6630 = ORIENTED_EDGE ( 'NONE', *, *, #1321, .T. ) ;
#6631 = LINE ( 'NONE', #54, #1725 ) ;
#6632 = CARTESIAN_POINT ( 'NONE',  ( -876.9167811137726900, -50.20160361102779200, -68.07877991943360000 ) ) ;
#6633 = CARTESIAN_POINT ( 'NONE',  ( -729.2237219807190100, 26.52037872229106700, 120.3472399958995400 ) ) ;
#6634 = VERTEX_POINT ( 'NONE', #4801 ) ;
#6635 = DIRECTION ( 'NONE',  ( 1.000000000000000000, 0.0000000000000000000, 0.0000000000000000000 ) ) ;
#6636 = CARTESIAN_POINT ( 'NONE',  ( -668.2451320953587100, -73.33333333333330000, 689.9999996933069000 ) ) ;
#6637 = ADVANCED_FACE ( 'NONE', ( #7672 ), #5342, .T. ) ;
#6638 = CARTESIAN_POINT ( 'NONE',  ( -930.0000000000558200, -44.17288593644951100, 69.73844108900584600 ) ) ;
#6639 = CARTESIAN_POINT ( 'NONE',  ( -45.62769052380171100, 294.6893858310439200, 240.0000000000000000 ) ) ;
#6640 = EDGE_LOOP ( 'NONE', ( #2479, #2524, #4490, #5068 ) ) ;
#6641 = CARTESIAN_POINT ( 'NONE',  ( -855.4052764537917700, 73.21699231938713100, -114.8776019093374900 ) ) ;
#6642 = CARTESIAN_POINT ( 'NONE',  ( -184.6267484020536400, 310.2834448515030200, -239.9999999999997700 ) ) ;
#6643 = ORIENTED_EDGE ( 'NONE', *, *, #111, .F. ) ;
#6644 = CARTESIAN_POINT ( 'NONE',  ( -176.7357897764268800, 288.8896217665368300, 239.9999999999999400 ) ) ;
#6645 = CARTESIAN_POINT ( 'NONE',  ( -43.79948128684850400, 309.0135177631744300, 143.2256358185910000 ) ) ;
#6646 = CARTESIAN_POINT ( 'NONE',  ( -895.0010095122149800, 24.94318566793834100, 109.6312880183363800 ) ) ;
#6647 = CARTESIAN_POINT ( 'NONE',  ( -323.0650776110750300, -15.79887416903811100, 837.3094753825098500 ) ) ;
#6648 = LINE ( 'NONE', #288, #5008 ) ;
#6649 = CARTESIAN_POINT ( 'NONE',  ( -875.6907977575198200, 66.39538310997585300, -112.9302881364199000 ) ) ;
#6650 = CARTESIAN_POINT ( 'NONE',  ( -855.3768765485617700, 73.13568227812965000, -114.8803472640966600 ) ) ;
#6651 = CARTESIAN_POINT ( 'NONE',  ( -176.0240666744551000, 315.5891570103936500, 239.9999999999999100 ) ) ;
#6652 = CARTESIAN_POINT ( 'NONE',  ( -367.9313192756203000, 108.1367673492333400, -593.0918799415274000 ) ) ;
#6653 = CARTESIAN_POINT ( 'NONE',  ( -767.9204397518918800, -48.63586285047058800, -64.18196767848100100 ) ) ;
#6654 = CARTESIAN_POINT ( 'NONE',  ( -940.3170078418983200, -42.56529605357287200, 59.06079369007283500 ) ) ;
#6655 = CARTESIAN_POINT ( 'NONE',  ( -1012.809502501466100, 43.46342736086184300, 37.02459158161185800 ) ) ;
#6656 = VECTOR ( 'NONE', #6722, 1000.000000000000000 ) ;
#6657 = CARTESIAN_POINT ( 'NONE',  ( -534.0300862400525800, -11.13421401238168300, 0.0000000000000000000 ) ) ;
#6658 = ORIENTED_EDGE ( 'NONE', *, *, #1041, .F. ) ;
#6659 = CARTESIAN_POINT ( 'NONE',  ( -977.9970575583965900, 22.89356240254233300, -87.52448106196139600 ) ) ;
#6660 = DIRECTION ( 'NONE',  ( 0.0000000000000000000, 1.000000000000000000, 0.0000000000000000000 ) ) ;
#6661 = VECTOR ( 'NONE', #295, 1000.000000000000000 ) ;
#6662 = CARTESIAN_POINT ( 'NONE',  ( -515.1253989649039800, 7.202741035155889400, -210.5078935649555100 ) ) ;
#6663 = CARTESIAN_POINT ( 'NONE',  ( -298.2451320953587700, 30.00000000000000000, 874.6142396099120300 ) ) ;
#6664 = ORIENTED_EDGE ( 'NONE', *, *, #2190, .T. ) ;
#6665 = ORIENTED_EDGE ( 'NONE', *, *, #4007, .F. ) ;
#6666 = CARTESIAN_POINT ( 'NONE',  ( -658.0707898217590400, 71.86193051735823200, -649.9999996933067900 ) ) ;
#6667 = CARTESIAN_POINT ( 'NONE',  ( -168.3225630098051500, 20.00000000000000400, -4.671889625435053000E-013 ) ) ;
#6668 = EDGE_CURVE ( 'NONE', #7291, #7610, #6430, .T. ) ;
#6669 = AXIS2_PLACEMENT_3D ( 'NONE', #2532, #3155, #1951 ) ;
#6670 = CARTESIAN_POINT ( 'NONE',  ( -183.5927336330734100, 296.7967542508567900, 240.0000000000000600 ) ) ;
#6671 = CARTESIAN_POINT ( 'NONE',  ( -20.83856141484924200, 304.5790209696030500, 143.9909998143241700 ) ) ;
#6672 = CARTESIAN_POINT ( 'NONE',  ( -258.7992690864762700, -70.00000000000000000, -704.9999996933069000 ) ) ;
#6673 = B_SPLINE_CURVE_WITH_KNOTS ( 'NONE', 3,
 ( #1626, #5893, #7151, #7124, #1682, #335, #5949, #7727, #7099, #423, #6491, #5279, #6548, #5331, #1655, #4706, #5921, #2292, #4627, #3472, #3445, #7754, #2210, #3499, #2264, #4676, #1015, #3415 ),
 .UNSPECIFIED., .F., .F.,
 ( 4, 2, 2, 2, 2, 2, 2, 2, 2, 2, 2, 2, 2, 4 ),
 ( 0.008037497959360087200, 0.009336271267033144000, 0.01063504457470620300, 0.01323259119005219300, 0.01583013780539818300, 0.01842768442074417500, 0.02362277765143608300, 0.02622032426678207200, 0.02881787088212805400, 0.03401296411282005900, 0.03920805734351206400, 0.04440315057420406900, 0.04700069718955007100, 0.04959824380489606700 ),
 .UNSPECIFIED. ) ;
#6674 = AXIS2_PLACEMENT_3D ( 'NONE', #6667, #1089, #2974 ) ;
#6675 = ADVANCED_FACE ( 'NONE', ( #6811 ), #1218, .T. ) ;
#6676 = CARTESIAN_POINT ( 'NONE',  ( -258.7992690864762700, -80.00000000000001400, 711.6172347844200200 ) ) ;
#6677 = CARTESIAN_POINT ( 'NONE',  ( -530.2020976964985300, 0.2943142993471342700, 0.0000000000000000000 ) ) ;
#6678 = CARTESIAN_POINT ( 'NONE',  ( -889.8048394498116500, -74.52220209115317600, 20.83333333333332900 ) ) ;
#6679 = CARTESIAN_POINT ( 'NONE',  ( -1021.074700142277700, 20.99602887136783000, 56.80099378340646900 ) ) ;
#6680 = CARTESIAN_POINT ( 'NONE',  ( -688.6248947819867700, 15.14529607312527800, -479.9148654927763000 ) ) ;
#6681 = CARTESIAN_POINT ( 'NONE',  ( -938.9180432313130500, -42.81304988425857500, 64.85088875770192400 ) ) ;
#6682 = VERTEX_POINT ( 'NONE', #7794 ) ;
#6683 = DIRECTION ( 'NONE',  ( -0.0000000000000000000, -1.000000000000000000, -0.0000000000000000000 ) ) ;
#6684 = CARTESIAN_POINT ( 'NONE',  ( -308.7992690864780300, 20.00000000000000400, 659.9999996933067900 ) ) ;
#6685 = CARTESIAN_POINT ( 'NONE',  ( -515.1253989649039800, 7.202741035155889400, -210.5078935649555100 ) ) ;
#6686 = ORIENTED_EDGE ( 'NONE', *, *, #3539, .F. ) ;
#6687 = EDGE_CURVE ( 'NONE', #4954, #6055, #6631, .T. ) ;
#6688 = ORIENTED_EDGE ( 'NONE', *, *, #5754, .F. ) ;
#6689 = VERTEX_POINT ( 'NONE', #666 ) ;
#6690 = CARTESIAN_POINT ( 'NONE',  ( -14.73347317345271200, 297.1273940258284400, -144.1945027557040600 ) ) ;
#6691 =( BOUNDED_SURFACE ( )  B_SPLINE_SURFACE ( 3, 2, ( 
 ( #3885, #6861, #7528 ),
 ( #740, #3913, #6347 ),
 ( #1456, #1999, #5036 ),
 ( #172, #2602, #5133 ) ),
 .UNSPECIFIED., .F., .F., .F. ) 
 B_SPLINE_SURFACE_WITH_KNOTS ( ( 4, 4 ),
 ( 3, 3 ),
 ( -1.734723475976807100E-018, 0.006021198825662659100 ),
 ( 0.0000000000000000000, 1.000000000000000000 ),
 .UNSPECIFIED. ) 
 GEOMETRIC_REPRESENTATION_ITEM ( )  RATIONAL_B_SPLINE_SURFACE ( (
 ( 1.000000000000000000, 0.6199832514251334400, 1.000000000000000000),
 ( 1.000000000000000000, 0.6438433681745083800, 1.000000000000000000),
 ( 1.000000000000000000, 0.6675821344585352000, 1.000000000000000000),
 ( 1.000000000000000000, 0.6912717319805836700, 1.000000000000000000) ) ) 
 REPRESENTATION_ITEM ( '' )  SURFACE ( )  );
#6692 = CARTESIAN_POINT ( 'NONE',  ( -184.6267484020527000, 296.8509855691290200, 124.8134416622477800 ) ) ;
#6693 = EDGE_LOOP ( 'NONE', ( #3105, #1634, #7006, #2561 ) ) ;
#6694 = CARTESIAN_POINT ( 'NONE',  ( -5.573319583618285800E-011, 119.9869196084536500, -239.9999999999998900 ) ) ;
#6695 = CARTESIAN_POINT ( 'NONE',  ( -14.62674840205281000, 296.8509855691290200, -137.9225819429059600 ) ) ;
#6696 = CARTESIAN_POINT ( 'NONE',  ( -173.8480240181020200, 287.1130226463706100, 239.9999999999999400 ) ) ;
#6697 = CARTESIAN_POINT ( 'NONE',  ( -923.3736790701314000, 11.08669118280865700, 97.22498422022815100 ) ) ;
#6698 = CARTESIAN_POINT ( 'NONE',  ( -308.7992690864780300, 274.9999999999999400, -649.9999996933069000 ) ) ;
#6699 = EDGE_CURVE ( 'NONE', #4408, #2631, #3449, .T. ) ;
#6700 = EDGE_CURVE ( 'NONE', #544, #3869, #1629, .T. ) ;
#6701 = CARTESIAN_POINT ( 'NONE',  ( -483.9504808602243300, -20.61497503144120800, -824.6142396099116900 ) ) ;
#6702 = CARTESIAN_POINT ( 'NONE',  ( -730.9244628691814100, 116.3768325098218200, -120.3107350121473600 ) ) ;
#6703 = DIRECTION ( 'NONE',  ( -1.000000000000000000, -0.0000000000000000000, 0.0000000000000000000 ) ) ;
#6704 = ORIENTED_EDGE ( 'NONE', *, *, #2690, .T. ) ;
#6705 = CARTESIAN_POINT ( 'NONE',  ( -350.7992690864780300, 275.0000000000000000, -474.9685742502222200 ) ) ;
#6706 = CARTESIAN_POINT ( 'NONE',  ( -767.9218794635891100, -48.63005107376871900, -55.29454155089647600 ) ) ;
#6707 = CARTESIAN_POINT ( 'NONE',  ( -181.4706009092691700, 288.0746443078497800, -138.6365984978436100 ) ) ;
#6708 = CARTESIAN_POINT ( 'NONE',  ( -988.1729592711797100, -43.56514554282340900, -312.7510206763798200 ) ) ;
#6709 = CARTESIAN_POINT ( 'NONE',  ( -595.7506258156511200, -23.31838057145974100, 0.0000000000000000000 ) ) ;
#6710 = ORIENTED_EDGE ( 'NONE', *, *, #3503, .F. ) ;
#6711 = CARTESIAN_POINT ( 'NONE',  ( -919.0993825385323800, 76.44225496245421400, 81.98549023153435700 ) ) ;
#6712 = ORIENTED_EDGE ( 'NONE', *, *, #6547, .T. ) ;
#6713 = ORIENTED_EDGE ( 'NONE', *, *, #1402, .F. ) ;
#6714 = CARTESIAN_POINT ( 'NONE',  ( -184.6267484020527300, 302.0000000000000600, 137.9225819429060500 ) ) ;
#6715 = CARTESIAN_POINT ( 'NONE',  ( -413.0707898217584700, 61.93453721306585200, 650.0000000000000000 ) ) ;
#6716 = CARTESIAN_POINT ( 'NONE',  ( -668.2451320953588300, -36.93767005264798800, 818.5689568532320700 ) ) ;
#6717 = CARTESIAN_POINT ( 'NONE',  ( -357.9726304450874700, 146.0331211803212500, -374.2254074289194800 ) ) ;
#6718 = CARTESIAN_POINT ( 'NONE',  ( -348.2451320953587700, 30.00000000000000000, 829.6142396099121500 ) ) ;
#6719 = ORIENTED_EDGE ( 'NONE', *, *, #3980, .F. ) ;
#6720 = ORIENTED_EDGE ( 'NONE', *, *, #7511, .T. ) ;
#6721 = LINE ( 'NONE', #7060, #4139 ) ;
#6722 = DIRECTION ( 'NONE',  ( -0.0000000000000000000, -1.000000000000000000, -0.0000000000000000000 ) ) ;
#6723 = CARTESIAN_POINT ( 'NONE',  ( -330.1815661053389600, -11.98871903994641200, 827.9820944200670300 ) ) ;
#6724 = CARTESIAN_POINT ( 'NONE',  ( -184.1027373380568400, 298.2013660902483100, 240.0000000000000600 ) ) ;
#6725 = CARTESIAN_POINT ( 'NONE',  ( -668.2451320953587100, -70.00000000000000000, -876.2809062765788900 ) ) ;
#6726 = B_SPLINE_CURVE_WITH_KNOTS ( 'NONE', 3,
 ( #1777, #1162, #4860, #6130, #34, #4835, #5530, #640, #1751, #3077, #6160, #5483, #2458, #7270, #2436, #6047, #6102, #6765, #5451, #3047, #6743, #1830, #2357, #7374, #2971, #7351, #4333, #6077 ),
 .UNSPECIFIED., .F., .F.,
 ( 4, 2, 2, 2, 2, 2, 2, 2, 2, 2, 2, 2, 2, 4 ),
 ( 3.469446951953614200E-017, 0.0004075131463257687500, 0.0008150262926515028000, 0.001630052585302968500, 0.002445078877954434200, 0.003260105170605899800, 0.004890157755909122600, 0.006520210341212345900, 0.009780315511818486400, 0.01304042068242462800, 0.01956063102363690700, 0.02608084136484919300, 0.03912126204727375100, 0.05216168272969831700 ),
 .UNSPECIFIED. ) ;
#6727 = VERTEX_POINT ( 'NONE', #594 ) ;
#6728 = VECTOR ( 'NONE', #393, 1000.000000000000000 ) ;
#6729 = FACE_OUTER_BOUND ( 'NONE', #6589, .T. ) ;
#6730 = CARTESIAN_POINT ( 'NONE',  ( -258.7992690864762700, -80.00000000000001400, -711.6172347844200200 ) ) ;
#6731 = CARTESIAN_POINT ( 'NONE',  ( -668.2451320953584900, -57.21638610094622400, 702.4500430290158900 ) ) ;
#6732 = EDGE_LOOP ( 'NONE', ( #5840, #143, #6318, #138, #7129, #5304, #7362, #2076 ) ) ;
#6733 = CARTESIAN_POINT ( 'NONE',  ( -855.3638864233499800, 73.05180959641654700, -114.8816014359627600 ) ) ;
#6734 = CARTESIAN_POINT ( 'NONE',  ( -931.6712417350329400, -43.86100605486663500, -49.82124399824523700 ) ) ;
#6735 = CARTESIAN_POINT ( 'NONE',  ( -765.2320709390952500, -48.39294002078080600, -59.57770858179857500 ) ) ;
#6736 = CARTESIAN_POINT ( 'NONE',  ( -930.8365341840792600, -44.05337081612012200, 69.73104856353792500 ) ) ;
#6737 = EDGE_CURVE ( 'NONE', #1409, #1288, #4589, .T. ) ;
#6738 = CARTESIAN_POINT ( 'NONE',  ( -369.1873723620478200, -14.94720125082373300, 829.6142396099120300 ) ) ;
#6739 = CARTESIAN_POINT ( 'NONE',  ( -375.4209598999159400, 92.92953237961241100, -569.1364520728456000 ) ) ;
#6740 = CARTESIAN_POINT ( 'NONE',  ( -184.6267484020523300, 315.4324592823715000, 239.9999999999999100 ) ) ;
#6741 = CARTESIAN_POINT ( 'NONE',  ( -668.2451320953587100, -8.422134144268598600, 738.6275415067850600 ) ) ;
#6742 = CARTESIAN_POINT ( 'NONE',  ( -488.4730880593238000, 4.561059485897862600, 0.0000000000000000000 ) ) ;
#6743 = CARTESIAN_POINT ( 'NONE',  ( -870.5912832282590400, 32.35403945260093600, -113.2035587037925400 ) ) ;
#6744 =( BOUNDED_CURVE ( )  B_SPLINE_CURVE ( 3, ( #6389, #7054, #7679, #7712 ),
 .UNSPECIFIED., .F., .F. ) 
 B_SPLINE_CURVE_WITH_KNOTS ( ( 4, 4 ),
 ( 4.733846311871580800, 4.778455634936655400 ),
 .UNSPECIFIED. ) 
 CURVE ( )  GEOMETRIC_REPRESENTATION_ITEM ( )  RATIONAL_B_SPLINE_CURVE ( ( 1.000000000000000000, 0.9998341742329751600, 0.9998341742329751600, 1.000000000000000000 ) ) 
 REPRESENTATION_ITEM ( '' )  );
#6745 = CARTESIAN_POINT ( 'NONE',  ( -736.3725597822191300, 51.02212853625864900, 120.1398665354126100 ) ) ;
#6746 = CARTESIAN_POINT ( 'NONE',  ( -978.2096096027627300, 55.64353348873437700, 63.86921591008125200 ) ) ;
#6747 = CARTESIAN_POINT ( 'NONE',  ( -171.1259834277611000, 285.7627286108581200, 239.9999999999999400 ) ) ;
#6748 = EDGE_LOOP ( 'NONE', ( #5856, #5033, #6319, #6572, #11 ) ) ;
#6749 = CARTESIAN_POINT ( 'NONE',  ( -258.7992690864762700, -60.14009550597892000, -891.8627062136828300 ) ) ;
#6750 = EDGE_LOOP ( 'NONE', ( #756, #374, #343, #5542 ) ) ;
#6751 = ADVANCED_FACE ( 'NONE', ( #89 ), #4259, .F. ) ;
#6752 = CARTESIAN_POINT ( 'NONE',  ( -932.9968013111299600, 7.164169077462492700, -69.39330547916810600 ) ) ;
#6753 = CARTESIAN_POINT ( 'NONE',  ( -938.6237299408105600, 7.164169077462492700, -54.05232127270478800 ) ) ;
#6754 = CARTESIAN_POINT ( 'NONE',  ( -930.0000000000557100, -44.17288593644951100, -69.73844108900408400 ) ) ;
#6755 = CARTESIAN_POINT ( 'NONE',  ( -766.8773555852030800, -48.53871835726833700, -56.02666316435482200 ) ) ;
#6756 = CARTESIAN_POINT ( 'NONE',  ( -176.5871442462699600, 283.6204833111955800, -138.7993803866101200 ) ) ;
#6757 = CARTESIAN_POINT ( 'NONE',  ( -967.1846563239910200, 3.216419273528655400, 71.91265335819224400 ) ) ;
#6758 = DIRECTION ( 'NONE',  ( -0.0000000000000000000, -1.000000000000000000, 0.0000000000000000000 ) ) ;
#6759 = VECTOR ( 'NONE', #6703, 1000.000000000000000 ) ;
#6760 = CARTESIAN_POINT ( 'NONE',  ( -155.2632239092120900, 345.3431098614750600, 114.7991479335776600 ) ) ;
#6761 = CARTESIAN_POINT ( 'NONE',  ( -14.62674840205269600, 302.0000000000000600, 137.9225819429060500 ) ) ;
#6762 = CARTESIAN_POINT ( 'NONE',  ( -348.2451320953587700, -11.58393183929655400, 824.6142396099118100 ) ) ;
#6763 = CARTESIAN_POINT ( 'NONE',  ( -258.7992690864763300, -25.74816122471518300, 738.6947838583898800 ) ) ;
#6764 = CARTESIAN_POINT ( 'NONE',  ( -183.0073659380619800, 308.4680199811824700, 138.5853729968839600 ) ) ;
#6765 = CARTESIAN_POINT ( 'NONE',  ( -864.5359549983905900, 34.42599652185393900, -113.9201121887055900 ) ) ;
#6766 = CARTESIAN_POINT ( 'NONE',  ( -861.8024760773774900, 96.41589497966397500, -93.16648150660458300 ) ) ;
#6767 = CARTESIAN_POINT ( 'NONE',  ( -305.0950538702169900, -21.34522867212646000, 849.3406650062075900 ) ) ;
#6768 = EDGE_CURVE ( 'NONE', #1534, #6689, #4795, .T. ) ;
#6769 = AXIS2_PLACEMENT_3D ( 'NONE', #4477, #797, #721 ) ;
#6770 = CARTESIAN_POINT ( 'NONE',  ( -156.3656451898598300, 281.5913140190168100, 240.0000000000000000 ) ) ;
#6771 = CARTESIAN_POINT ( 'NONE',  ( -258.7992690864762700, -80.00000000000001400, 889.6142396099120300 ) ) ;
#6772 = ADVANCED_FACE ( 'NONE', ( #273 ), #3304, .T. ) ;
#6773 = ORIENTED_EDGE ( 'NONE', *, *, #3423, .F. ) ;
#6774 = ORIENTED_EDGE ( 'NONE', *, *, #7081, .F. ) ;
#6775 = CARTESIAN_POINT ( 'NONE',  ( -855.3638864233522600, 73.05180959641889200, 114.8816014359633800 ) ) ;
#6776 = CARTESIAN_POINT ( 'NONE',  ( -875.7415570237755000, 12.17161705909654600, -89.19141765914258700 ) ) ;
#6777 = ORIENTED_EDGE ( 'NONE', *, *, #4900, .T. ) ;
#6778 = CARTESIAN_POINT ( 'NONE',  ( -970.0218588071624000, 2.946537576877823900, 68.73077494076235900 ) ) ;
#6779 = DIRECTION ( 'NONE',  ( -2.775557561562858200E-015, 0.0000000000000000000, -1.000000000000000000 ) ) ;
#6780 = CARTESIAN_POINT ( 'NONE',  ( -930.8367096815013600, -43.98203245275650600, -49.74613427188965900 ) ) ;
#6781 = CARTESIAN_POINT ( 'NONE',  ( -930.0000000000558200, -44.17288593644951100, 69.73844108900584600 ) ) ;
#6782 =( NAMED_UNIT ( * ) SI_UNIT ( $, .STERADIAN. ) SOLID_ANGLE_UNIT ( ) );
#6783 = CARTESIAN_POINT ( 'NONE',  ( -769.9169828422775500, 22.53522021363863100, -64.73149091792176100 ) ) ;
#6784 = VECTOR ( 'NONE', #5298, 1000.000000000000000 ) ;
#6785 = ORIENTED_EDGE ( 'NONE', *, *, #4226, .F. ) ;
#6786 = CARTESIAN_POINT ( 'NONE',  ( -174.7707338517433300, 338.4759342292503600, 135.0683828321051300 ) ) ;
#6787 = CARTESIAN_POINT ( 'NONE',  ( -308.7992690864780300, 20.00000000000000400, 511.6713962796286500 ) ) ;
#6788 = DIRECTION ( 'NONE',  ( -0.0000000000000000000, -0.0000000000000000000, 1.000000000000000000 ) ) ;
#6789 = CARTESIAN_POINT ( 'NONE',  ( -258.7992690864762700, -7.527022125213004100, 823.1633366934611300 ) ) ;
#6790 = CARTESIAN_POINT ( 'NONE',  ( -174.9412196443283800, 311.1306990120314700, -138.8542445400082700 ) ) ;
#6791 = CARTESIAN_POINT ( 'NONE',  ( -258.7992690864763300, -5.049410924216759100, -802.8572550863872300 ) ) ;
#6792 = VERTEX_POINT ( 'NONE', #2431 ) ;
#6793 = CARTESIAN_POINT ( 'NONE',  ( -156.9849179887590400, 281.6843184657481100, 239.9999999999999100 ) ) ;
#6794 = CARTESIAN_POINT ( 'NONE',  ( -196.7379267154621800, 275.0000000000000600, 568.2488020877441400 ) ) ;
#6795 = EDGE_CURVE ( 'NONE', #2947, #5460, #6538, .T. ) ;
#6796 = EDGE_CURVE ( 'NONE', #5160, #7671, #1524, .T. ) ;
#6797 = CARTESIAN_POINT ( 'NONE',  ( -732.0292279767045300, 51.41795551113726500, 120.2871615096274000 ) ) ;
#6798 = ORIENTED_EDGE ( 'NONE', *, *, #133, .F. ) ;
#6799 = CARTESIAN_POINT ( 'NONE',  ( -668.2451320953587100, -28.14137307134269900, 797.1083330866998700 ) ) ;
#6800 = CARTESIAN_POINT ( 'NONE',  ( -737.2857582750295900, 132.1860949645208100, 113.4557284713036300 ) ) ;
#6801 = ORIENTED_EDGE ( 'NONE', *, *, #3382, .F. ) ;
#6802 = CARTESIAN_POINT ( 'NONE',  ( -662.7270918659756900, -74.57628949235991900, -699.9999996933072500 ) ) ;
#6803 = CARTESIAN_POINT ( 'NONE',  ( -939.2370972110293200, -42.75990575512153700, -64.27217696418733800 ) ) ;
#6804 = CARTESIAN_POINT ( 'NONE',  ( -861.8024760773588500, 96.41589497967201800, 93.16648150659676700 ) ) ;
#6805 = CARTESIAN_POINT ( 'NONE',  ( -184.5302963307044000, 294.9492343279662200, -138.5346086504624700 ) ) ;
#6806 = CARTESIAN_POINT ( 'NONE',  ( -730.9244628691578800, 116.3768325098300400, 120.3107350121487000 ) ) ;
#6807 = ADVANCED_FACE ( 'NONE', ( #6330 ), #7945, .T. ) ;
#6808 = VECTOR ( 'NONE', #3483, 1000.000000000000000 ) ;
#6809 = CARTESIAN_POINT ( 'NONE',  ( -181.1574695703369300, 336.2276290368068900, 114.1931024464775700 ) ) ;
#6810 = EDGE_LOOP ( 'NONE', ( #5619, #4574, #58, #4603 ) ) ;
#6811 = FACE_OUTER_BOUND ( 'NONE', #7205, .T. ) ;
#6812 = DIRECTION ( 'NONE',  ( -0.03124999999999994100, 0.0000000000000000000, 0.9995115994824672600 ) ) ;
#6813 = CARTESIAN_POINT ( 'NONE',  ( -530.2020976964985300, 0.2943142993471342700, 0.0000000000000000000 ) ) ;
#6814 = CARTESIAN_POINT ( 'NONE',  ( -668.2451320953588300, -33.41415992668320500, 703.4653948220470700 ) ) ;
#6815 = CARTESIAN_POINT ( 'NONE',  ( -139.2966639815506900, 317.1903681806691700, -140.0423963954342200 ) ) ;
#6816 = EDGE_CURVE ( 'NONE', #3970, #165, #4694, .T. ) ;
#6817 = CARTESIAN_POINT ( 'NONE',  ( -258.7992690864763300, -5.509306741232724600, -810.5784988596379900 ) ) ;
#6818 = ORIENTED_EDGE ( 'NONE', *, *, #705, .F. ) ;
#6819 = ORIENTED_EDGE ( 'NONE', *, *, #7751, .F. ) ;
#6820 = CARTESIAN_POINT ( 'NONE',  ( -342.6364562004772000, 111.5216994009667200, 650.0000000000000000 ) ) ;
#6821 = CARTESIAN_POINT ( 'NONE',  ( -811.0229706668569600, -58.88297789465520500, -312.7521233735409400 ) ) ;
#6822 = CARTESIAN_POINT ( 'NONE',  ( -162.2534823588515600, 282.7478952095996800, 240.0000000000000000 ) ) ;
#6823 = CARTESIAN_POINT ( 'NONE',  ( -297.1234284201542000, 274.9999999999999400, 646.8882114733843300 ) ) ;
#6824 = ORIENTED_EDGE ( 'NONE', *, *, #1522, .F. ) ;
#6825 = B_SPLINE_CURVE_WITH_KNOTS ( 'NONE', 3,
 ( #6141, #3060, #6060, #7359, #4315, #6701, #4872, #3666, #2421, #1246, #2365, #1145, #1765, #1862 ),
 .UNSPECIFIED., .F., .F.,
 ( 4, 2, 2, 2, 2, 2, 4 ),
 ( 0.0000000000000000000, 0.06277176814124407800, 0.1255435362824881600, 0.1569294203531101900, 0.1883153044237322300, 0.2197011884943542700, 0.2510870725649763100 ),
 .UNSPECIFIED. ) ;
#6826 = CARTESIAN_POINT ( 'NONE',  ( -668.2451320953587100, 274.9999999999999400, -659.9999996933069000 ) ) ;
#6827 = CARTESIAN_POINT ( 'NONE',  ( -1004.167345983600700, 1.027539364971592000, -44.51969783023680800 ) ) ;
#6828 = CARTESIAN_POINT ( 'NONE',  ( -668.2451320953584900, -24.12689597281492100, 728.2204915245554300 ) ) ;
#6829 = CARTESIAN_POINT ( 'NONE',  ( -939.6455712247769700, -42.69084299361313100, -63.35897938526605300 ) ) ;
#6830 = CARTESIAN_POINT ( 'NONE',  ( -770.0781440828610600, -48.81971161484003100, 64.73844108900584600 ) ) ;
#6831 = CARTESIAN_POINT ( 'NONE',  ( -130.0446369324530700, 277.7024252530008500, -140.3507972970707600 ) ) ;
#6832 = EDGE_CURVE ( 'NONE', #3406, #2716, #5600, .T. ) ;
#6833 = LINE ( 'NONE', #6771, #2889 ) ;
#6834 = CARTESIAN_POINT ( 'NONE',  ( -1022.618064124042300, 20.59956216880852900, 54.99600975409035200 ) ) ;
#6835 = CARTESIAN_POINT ( 'NONE',  ( -163.0321233620062700, 321.0828505000762900, 139.2512144160503500 ) ) ;
#6836 = CARTESIAN_POINT ( 'NONE',  ( -721.0375125829706300, -43.02027741034836300, 0.0000000000000000000 ) ) ;
#6837 = CARTESIAN_POINT ( 'NONE',  ( -530.2061565769819300, -7.705684670995872800, 0.0000000000000000000 ) ) ;
#6838 = CARTESIAN_POINT ( 'NONE',  ( -668.2451320953589400, -6.441324269386105300, 773.2370106673690800 ) ) ;
#6839 = FACE_OUTER_BOUND ( 'NONE', #5567, .T. ) ;
#6840 = CARTESIAN_POINT ( 'NONE',  ( -51.26416533576694700, 305.0704864421600700, -142.9768130169603100 ) ) ;
#6841 = CARTESIAN_POINT ( 'NONE',  ( -258.7992690864763300, -14.36727512524251600, -757.7789898416152700 ) ) ;
#6842 = ORIENTED_EDGE ( 'NONE', *, *, #6418, .F. ) ;
#6843 = CARTESIAN_POINT ( 'NONE',  ( -729.0542768835259700, 26.53698324129729300, -95.29295773136769300 ) ) ;
#6844 = EDGE_CURVE ( 'NONE', #544, #2592, #3058, .T. ) ;
#6845 = LINE ( 'NONE', #979, #6272 ) ;
#6846 = ORIENTED_EDGE ( 'NONE', *, *, #1794, .F. ) ;
#6847 = CARTESIAN_POINT ( 'NONE',  ( -268.6223093024451000, 275.0000000000000000, 635.2353001804766600 ) ) ;
#6848 = CARTESIAN_POINT ( 'NONE',  ( -883.3904962098082500, 89.02244791028817900, 111.8941624580741600 ) ) ;
#6849 = DIRECTION ( 'NONE',  ( -0.0000000000000000000, -1.000000000000000000, -0.0000000000000000000 ) ) ;
#6850 = CARTESIAN_POINT ( 'NONE',  ( -668.2451320953587100, -15.88759852906581200, 750.3993387843530600 ) ) ;
#6851 = CARTESIAN_POINT ( 'NONE',  ( -5.573319583618285800E-011, 400.0000000000000000, 119.9484447048561000 ) ) ;
#6852 = CARTESIAN_POINT ( 'NONE',  ( -662.5408865654162600, -76.01843195027380800, -699.9999996933069000 ) ) ;
#6853 = CARTESIAN_POINT ( 'NONE',  ( -979.7195593237235000, -49.80385858583706200, -312.7510206763798200 ) ) ;
#6854 = CARTESIAN_POINT ( 'NONE',  ( -861.3710645701210100, 92.93235035606994600, 102.9125482522686200 ) ) ;
#6855 = CARTESIAN_POINT ( 'NONE',  ( -20.59195121625243300, 294.3311339708714600, -143.9992201542774200 ) ) ;
#6856 = CARTESIAN_POINT ( 'NONE',  ( -668.2451320953587100, -70.00000000000000000, -699.9999996933069000 ) ) ;
#6857 = AXIS2_PLACEMENT_3D ( 'NONE', #93, #3087, #1316 ) ;
#6858 = CARTESIAN_POINT ( 'NONE',  ( -155.5448084257737400, 345.2439844304731800, 138.3852521372785400 ) ) ;
#6859 = EDGE_LOOP ( 'NONE', ( #4413, #6155, #511, #6977 ) ) ;
#6860 = CARTESIAN_POINT ( 'NONE',  ( -530.2061565769819300, -7.705684670995867500, -0.0000000000000000000 ) ) ;
#6861 = CARTESIAN_POINT ( 'NONE',  ( -1029.126498737529300, -0.3751809786563635200, 52.81150998653615900 ) ) ;
#6862 = CARTESIAN_POINT ( 'NONE',  ( -183.0252473942637200, 303.2686056193286400, -138.5847769483437400 ) ) ;
#6863 = CARTESIAN_POINT ( 'NONE',  ( -668.2451320953586000, -23.39726399455630100, -712.6624846398197000 ) ) ;
#6864 = AXIS2_PLACEMENT_3D ( 'NONE', #1296, #4445, #7446 ) ;
#6865 = ORIENTED_EDGE ( 'NONE', *, *, #3918, .T. ) ;
#6866 = CARTESIAN_POINT ( 'NONE',  ( -342.6364562004772000, 111.5216994009667400, 649.9999996933069000 ) ) ;
#6867 = ORIENTED_EDGE ( 'NONE', *, *, #4340, .T. ) ;
#6868 = CIRCLE ( 'NONE', #5712, 25.00000000000004600 ) ;
#6869 = CARTESIAN_POINT ( 'NONE',  ( -193.7992690864780100, 275.0000000000000000, 563.0083376869644100 ) ) ;
#6870 = ORIENTED_EDGE ( 'NONE', *, *, #2833, .T. ) ;
#6871 = EDGE_CURVE ( 'NONE', #2396, #538, #6531, .T. ) ;
#6872 = CARTESIAN_POINT ( 'NONE',  ( -966.0375125829709800, -38.04515784016426500, 20.83333333333332900 ) ) ;
#6873 = CARTESIAN_POINT ( 'NONE',  ( -970.5218452665625400, -46.52138065281850000, 62.35021923255894900 ) ) ;
#6874 = CARTESIAN_POINT ( 'NONE',  ( -668.2451320953588300, -17.42814107997309100, 743.4079237073307200 ) ) ;
#6875 = DIRECTION ( 'NONE',  ( 0.0000000000000000000, 1.000000000000000000, 0.0000000000000000000 ) ) ;
#6876 =( BOUNDED_SURFACE ( )  B_SPLINE_SURFACE ( 3, 2, ( 
 ( #6191, #7439, #4415 ),
 ( #527, #66, #3186 ),
 ( #3819, #6848, #7280 ),
 ( #2364, #5459, #7909 ) ),
 .UNSPECIFIED., .F., .F., .F. ) 
 B_SPLINE_SURFACE_WITH_KNOTS ( ( 4, 4 ),
 ( 3, 3 ),
 ( 1.363713095135316500, 1.475088342437508700 ),
 ( 0.0000000000000000000, 1.000000000000000000 ),
 .UNSPECIFIED. ) 
 GEOMETRIC_REPRESENTATION_ITEM ( )  RATIONAL_B_SPLINE_SURFACE ( (
 ( 1.000000000000000000, 0.7308461844816109800, 1.000000000000000000),
 ( 1.000000000000000000, 0.7267194494450929200, 1.000000000000000000),
 ( 1.000000000000000000, 0.7225092902759912000, 1.000000000000000000),
 ( 1.000000000000000000, 0.7182380075418420800, 1.000000000000000000) ) ) 
 REPRESENTATION_ITEM ( '' )  SURFACE ( )  );
#6877 = CARTESIAN_POINT ( 'NONE',  ( -729.0542768836836600, 26.53698324128182800, -95.29295773868912500 ) ) ;
#6878 = CARTESIAN_POINT ( 'NONE',  ( -210.2283447946261400, 20.00000000000000400, -622.7760994141312900 ) ) ;
#6879 = CARTESIAN_POINT ( 'NONE',  ( -769.4395871061526600, -48.76619127326071600, 64.67917783999278900 ) ) ;
#6880 = CARTESIAN_POINT ( 'NONE',  ( -190.7992690864780100, 275.0000000000000000, -567.4692979904547200 ) ) ;
#6881 = DIRECTION ( 'NONE',  ( -1.000000000000000000, -0.0000000000000000000, 0.0000000000000000000 ) ) ;
#6882 = CARTESIAN_POINT ( 'NONE',  ( -1028.455529786055400, 37.41001940671437600, -0.9157006123683676400 ) ) ;
#6883 = ORIENTED_EDGE ( 'NONE', *, *, #1335, .T. ) ;
#6884 = CARTESIAN_POINT ( 'NONE',  ( -976.9737192650903800, 2.555838574129703400, 87.87440580865542500 ) ) ;
#6885 = CARTESIAN_POINT ( 'NONE',  ( -308.7992690864780300, 20.00000000000001800, 649.9999996933069000 ) ) ;
#6886 = CARTESIAN_POINT ( 'NONE',  ( -271.8920749270720300, 20.00000000000000400, -645.5436759940057500 ) ) ;
#6887 = CARTESIAN_POINT ( 'NONE',  ( -180.8521528847363700, 306.3920293429707200, -138.6572134319946200 ) ) ;
#6888 = CARTESIAN_POINT ( 'NONE',  ( -258.7992690864763300, -19.07355083993054400, -852.6690558460094300 ) ) ;
#6889 = EDGE_LOOP ( 'NONE', ( #7778, #2765, #6801, #6883, #4199, #5526, #1405, #5531, #1685, #1968, #5820, #7159 ) ) ;
#6890 = ORIENTED_EDGE ( 'NONE', *, *, #7357, .T. ) ;
#6891 = CARTESIAN_POINT ( 'NONE',  ( -767.3974554370152000, 23.42789570974004900, -55.61557343847869800 ) ) ;
#6892 = B_SPLINE_CURVE_WITH_KNOTS ( 'NONE', 3,
 ( #3409, #2671, #1475, #6400, #2062, #6975 ),
 .UNSPECIFIED., .F., .F.,
 ( 4, 1, 1, 4 ),
 ( 0.0000000000000000000, 0.08409707550759747100, 0.1681940720496415700, 1.000000000000000000 ),
 .UNSPECIFIED. ) ;
#6893 = EDGE_LOOP ( 'NONE', ( #6110, #259, #6411, #1235, #5104 ) ) ;
#6894 = VECTOR ( 'NONE', #6244, 1000.000000000000000 ) ;
#6895 = CARTESIAN_POINT ( 'NONE',  ( -940.1826256141716800, 7.164169077462492700, -57.73122555070944600 ) ) ;
#6896 = DIRECTION ( 'NONE',  ( 0.0000000000000000000, 0.0000000000000000000, -1.000000000000000000 ) ) ;
#6897 = CARTESIAN_POINT ( 'NONE',  ( -668.2451320953588300, -15.33012229092221000, 755.1089295095649700 ) ) ;
#6898 = ORIENTED_EDGE ( 'NONE', *, *, #5689, .T. ) ;
#6899 = CARTESIAN_POINT ( 'NONE',  ( -721.1638438405121900, -28.50215867585657400, -123.2493405169230300 ) ) ;
#6900 = CARTESIAN_POINT ( 'NONE',  ( -662.4898824015643900, -75.52563656107994900, -699.9999996933070200 ) ) ;
#6901 = CARTESIAN_POINT ( 'NONE',  ( -515.1253989649039800, 7.202741035155889400, 210.5078935649555100 ) ) ;
#6902 = CARTESIAN_POINT ( 'NONE',  ( -88.76018182137744400, 283.1664941591969300, -141.7269458007732800 ) ) ;
#6903 = ORIENTED_EDGE ( 'NONE', *, *, #6192, .F. ) ;
#6904 = LINE ( 'NONE', #2706, #5948 ) ;
#6905 = VECTOR ( 'NONE', #5482, 1000.000000000000200 ) ;
#6906 = CARTESIAN_POINT ( 'NONE',  ( -767.1164756236768200, 22.80947924722782400, -63.66232673394009100 ) ) ;
#6907 = ORIENTED_EDGE ( 'NONE', *, *, #2415, .F. ) ;
#6908 = CARTESIAN_POINT ( 'NONE',  ( -968.4015994083800900, 3.097241707393172400, 70.92303658473767300 ) ) ;
#6909 = CARTESIAN_POINT ( 'NONE',  ( -721.0375125829706300, -43.02027741034838500, -20.83333333333332900 ) ) ;
#6910 = CARTESIAN_POINT ( 'NONE',  ( -483.9504808602243300, -20.61497503144120800, 824.6142396099116900 ) ) ;
#6911 = CARTESIAN_POINT ( 'NONE',  ( -196.5699806034655800, 275.0000000000000000, -578.6493545267059100 ) ) ;
#6912 = EDGE_CURVE ( 'NONE', #3159, #1358, #6200, .T. ) ;
#6913 = CARTESIAN_POINT ( 'NONE',  ( -934.5399188333019500, 6.413380915514219200, -68.83080048606962000 ) ) ;
#6914 = FACE_OUTER_BOUND ( 'NONE', #226, .T. ) ;
#6915 = ADVANCED_BREP_SHAPE_REPRESENTATION ( '2026 Front Wing D_1', ( #5202, #1507, #1422 ), #2306 ) ;
#6916 = CARTESIAN_POINT ( 'NONE',  ( -765.4872778177197000, -49.25061185733253700, -57.82519722479804600 ) ) ;
#6917 = CARTESIAN_POINT ( 'NONE',  ( -22.20099088441613900, 304.9093428835782900, 239.9999999999999700 ) ) ;
#6918 = CIRCLE ( 'NONE', #4055, 870.0000000000001100 ) ;
#6919 = CARTESIAN_POINT ( 'NONE',  ( -976.9540680271022700, 2.556942986269485000, -66.09136683668266700 ) ) ;
#6920 = CARTESIAN_POINT ( 'NONE',  ( -770.0781411151467600, -49.25060836388760100, 54.73844108899106000 ) ) ;
#6921 = CARTESIAN_POINT ( 'NONE',  ( -723.7945680158910600, -29.18071593480783600, -36.91470976221314300 ) ) ;
#6922 = CARTESIAN_POINT ( 'NONE',  ( -193.2992690864782600, 275.0000000000000000, -563.7518313264572500 ) ) ;
#6923 = ORIENTED_EDGE ( 'NONE', *, *, #3387, .T. ) ;
#6924 = CARTESIAN_POINT ( 'NONE',  ( -194.2108618538039500, 20.00000000000000400, -606.1699629472495900 ) ) ;
#6925 = CARTESIAN_POINT ( 'NONE',  ( -766.4217174955604200, -48.50290693699209800, 62.99244922521376800 ) ) ;
#6926 = CARTESIAN_POINT ( 'NONE',  ( -510.5652697785646400, 2.909843662570438000, 0.0000000000000000000 ) ) ;
#6927 = EDGE_CURVE ( 'NONE', #6296, #1310, #2386, .T. ) ;
#6928 = VERTEX_POINT ( 'NONE', #5648 ) ;
#6929 = LINE ( 'NONE', #1957, #3679 ) ;
#6930 = CARTESIAN_POINT ( 'NONE',  ( -731.8328558798130000, 116.1642536705852400, 120.2911899988262000 ) ) ;
#6931 = CARTESIAN_POINT ( 'NONE',  ( -1028.972724555445400, 36.98281190417792900, -7.482664718071722700 ) ) ;
#6932 = CARTESIAN_POINT ( 'NONE',  ( -983.8586140089355500, 2.168903087330670500, -63.99946731420966000 ) ) ;
#6933 = CARTESIAN_POINT ( 'NONE',  ( -668.2451320953587100, -47.48381207070705300, 695.4214826468224800 ) ) ;
#6934 = CARTESIAN_POINT ( 'NONE',  ( -249.6470710657027300, 275.0000000000000000, -635.2734255300986200 ) ) ;
#6935 = CARTESIAN_POINT ( 'NONE',  ( -939.7653739017807800, 5.901642096336633600, -63.03353704111203400 ) ) ;
#6936 = VECTOR ( 'NONE', #5121, 1000.000000000000100 ) ;
#6937 = CARTESIAN_POINT ( 'NONE',  ( -258.7992690864762200, -30.59030222987467700, -748.3919458905885400 ) ) ;
#6938 = EDGE_CURVE ( 'NONE', #7438, #1534, #375, .T. ) ;
#6939 = EDGE_CURVE ( 'NONE', #4387, #3025, #6149, .T. ) ;
#6940 = CARTESIAN_POINT ( 'NONE',  ( -765.4872778177197000, 23.42789570974004900, -57.82519722479804600 ) ) ;
#6941 = CARTESIAN_POINT ( 'NONE',  ( -932.2263901009130200, -44.47907115696418900, 49.91119714758191600 ) ) ;
#6942 = CARTESIAN_POINT ( 'NONE',  ( -143.1043689801757900, 281.2549966445362200, 239.9999999999999700 ) ) ;
#6943 = CARTESIAN_POINT ( 'NONE',  ( -14.62674840205269100, 302.0000000000000600, 239.9999999999999100 ) ) ;
#6944 = ADVANCED_FACE ( 'NONE', ( #6050 ), #6096, .T. ) ;
#6945 = CARTESIAN_POINT ( 'NONE',  ( -668.2451320953586000, -37.62779015560848700, 806.6418815726117400 ) ) ;
#6946 = CARTESIAN_POINT ( 'NONE',  ( -739.4500735300481400, 139.6828574510961700, 96.11536934167207800 ) ) ;
#6947 = CARTESIAN_POINT ( 'NONE',  ( -731.7864575403324400, 51.44151788583091200, -120.2923821762569900 ) ) ;
#6948 = CARTESIAN_POINT ( 'NONE',  ( -768.5126514507101100, -48.68098186006053400, 55.03381803074366000 ) ) ;
#6949 = CARTESIAN_POINT ( 'NONE',  ( -915.2707791695512500, 25.20482876314654100, -105.7950374657593800 ) ) ;
#6950 = ORIENTED_EDGE ( 'NONE', *, *, #203, .F. ) ;
#6951 = VERTEX_POINT ( 'NONE', #7602 ) ;
#6952 = AXIS2_PLACEMENT_3D ( 'NONE', #3672, #4223, #1181 ) ;
#6953 = VERTEX_POINT ( 'NONE', #6374 ) ;
#6954 = CARTESIAN_POINT ( 'NONE',  ( -308.7992690864780300, 20.00000000000000400, 659.9999996933067900 ) ) ;
#6955 = CARTESIAN_POINT ( 'NONE',  ( -1021.074700142277700, 20.99602887136783400, 56.80099378340650400 ) ) ;
#6956 = CARTESIAN_POINT ( 'NONE',  ( -768.5107424219410200, 22.67293603029990100, 64.44262048356928600 ) ) ;
#6957 = CARTESIAN_POINT ( 'NONE',  ( -668.2451320953586000, -57.65583929845153200, 691.9609938912910800 ) ) ;
#6958 = CARTESIAN_POINT ( 'NONE',  ( -203.3665909389339400, 274.9999999999999400, -589.4754553885065900 ) ) ;
#6959 = CARTESIAN_POINT ( 'NONE',  ( -938.7438876997865700, 6.001678195769950500, -65.13308371931773900 ) ) ;
#6960 = CARTESIAN_POINT ( 'NONE',  ( -1025.528095748797800, 24.49074053889314200, -49.74942052518630200 ) ) ;
#6961 = CARTESIAN_POINT ( 'NONE',  ( -258.7992690864762200, -22.79379144727837300, -762.3873329261692800 ) ) ;
#6962 = VERTEX_POINT ( 'NONE', #4495 ) ;
#6963 = CARTESIAN_POINT ( 'NONE',  ( -767.7006262591858100, -49.25061185733253700, -55.42311966974517600 ) ) ;
#6964 = CARTESIAN_POINT ( 'NONE',  ( -885.2992644139410500, -54.09632305098299600, -20.83333333333332900 ) ) ;
#6965 = STYLED_ITEM ( 'NONE', ( #6469 ), #1507 ) ;
#6966 = CARTESIAN_POINT ( 'NONE',  ( -148.7344208051644300, 280.9998185901528700, 239.9999999999999400 ) ) ;
#6967 = ORIENTED_EDGE ( 'NONE', *, *, #3083, .T. ) ;
#6968 = EDGE_CURVE ( 'NONE', #1532, #3336, #4237, .T. ) ;
#6969 = CARTESIAN_POINT ( 'NONE',  ( -16.61315182568053200, 303.3175872241078500, 239.9999999999999700 ) ) ;
#6970 = CARTESIAN_POINT ( 'NONE',  ( -966.0375125829706300, -38.04515784016426500, -0.0000000000000000000 ) ) ;
#6971 = CARTESIAN_POINT ( 'NONE',  ( -668.2451320953588300, -57.21638610094623800, 817.1641962742033900 ) ) ;
#6972 = AXIS2_PLACEMENT_3D ( 'NONE', #5549, #6812, #3652 ) ;
#6973 = CARTESIAN_POINT ( 'NONE',  ( -728.6948296965165400, 26.57218991196057100, 95.30066013804292900 ) ) ;
#6974 = DIRECTION ( 'NONE',  ( -0.0000000000000000000, -1.000000000000000000, 0.0000000000000000000 ) ) ;
#6975 = CARTESIAN_POINT ( 'NONE',  ( -658.0707898217590400, 71.86193051735823200, -649.9999996933067900 ) ) ;
#6976 = CARTESIAN_POINT ( 'NONE',  ( -1097.628712468208500, -4.225049190562846700, 1.323616022262073200 ) ) ;
#6977 = ORIENTED_EDGE ( 'NONE', *, *, #1165, .F. ) ;
#6978 = CARTESIAN_POINT ( 'NONE',  ( -768.8170081430428100, 22.64294284187574000, -64.54414857166148100 ) ) ;
#6979 = CARTESIAN_POINT ( 'NONE',  ( -1030.615153357840200, 34.54066503454628600, 20.58289708186490000 ) ) ;
#6980 = ORIENTED_EDGE ( 'NONE', *, *, #401, .T. ) ;
#6981 = CARTESIAN_POINT ( 'NONE',  ( -920.2240832518405100, 73.92943652447888800, -90.84762017663588600 ) ) ;
#6982 = CIRCLE ( 'NONE', #2196, 49.99999999999993600 ) ;
#6983 = CARTESIAN_POINT ( 'NONE',  ( -343.9466145763091700, 275.0000000000000000, 493.6730202070597200 ) ) ;
#6984 = PLANE ( 'NONE',  #2803 ) ;
#6985 = CARTESIAN_POINT ( 'NONE',  ( -223.2698875571568100, 274.9999999999998900, -602.1509800596134000 ) ) ;
#6986 = CARTESIAN_POINT ( 'NONE',  ( -303.2451320953591100, -43.51670830972006600, -873.5999823003332900 ) ) ;
#6987 = ADVANCED_FACE ( 'NONE', ( #752 ), #3309, .T. ) ;
#6988 = CARTESIAN_POINT ( 'NONE',  ( -937.7430954653701700, 6.099687695339030200, -53.03072656748536700 ) ) ;
#6989 = CARTESIAN_POINT ( 'NONE',  ( -184.9846087695104300, 334.8803716406828200, 135.9479987452411100 ) ) ;
#6990 = CARTESIAN_POINT ( 'NONE',  ( -258.7992690864763300, -40.11362150476416100, -736.5164233602203000 ) ) ;
#6991 = VECTOR ( 'NONE', #1664, 1000.000000000000000 ) ;
#6992 = ORIENTED_EDGE ( 'NONE', *, *, #7241, .F. ) ;
#6993 = CIRCLE ( 'NONE', #4266, 20.00000000000000000 ) ;
#6994 = EDGE_CURVE ( 'NONE', #1341, #1965, #2763, .T. ) ;
#6995 = ORIENTED_EDGE ( 'NONE', *, *, #3919, .T. ) ;
#6996 = CARTESIAN_POINT ( 'NONE',  ( -768.3897797076027700, -49.25061185733253700, -55.08625445260995700 ) ) ;
#6997 = CARTESIAN_POINT ( 'NONE',  ( -940.1818394801298400, 7.164169369840226200, 57.72745560709741100 ) ) ;
#6998 = ORIENTED_EDGE ( 'NONE', *, *, #4631, .F. ) ;
#6999 = CARTESIAN_POINT ( 'NONE',  ( -139.5329637955804000, 281.6365834215361000, 240.0000000000000000 ) ) ;
#7000 = CARTESIAN_POINT ( 'NONE',  ( -16.36866886462405200, 303.2235148949761800, 240.0000000000000000 ) ) ;
#7001 = CARTESIAN_POINT ( 'NONE',  ( -668.2451320953588300, -48.20907918761575000, 813.4337328517725600 ) ) ;
#7002 = CARTESIAN_POINT ( 'NONE',  ( -995.1635593470149400, 27.65220633256806000, -81.65449278019848100 ) ) ;
#7003 = CARTESIAN_POINT ( 'NONE',  ( -936.8207834206840500, 46.05178689512150900, -100.5730325133627200 ) ) ;
#7004 = CARTESIAN_POINT ( 'NONE',  ( -765.2643687031726400, -48.39556235184903000, 59.09807041228715000 ) ) ;
#7005 = CARTESIAN_POINT ( 'NONE',  ( -914.7537270987911600, 24.94514419722365500, -105.9022130715032400 ) ) ;
#7006 = ORIENTED_EDGE ( 'NONE', *, *, #2639, .F. ) ;
#7007 = CARTESIAN_POINT ( 'NONE',  ( -1016.869058680211700, 0.3136949899597375500, -6.848726651073767400 ) ) ;
#7008 = CARTESIAN_POINT ( 'NONE',  ( -1016.985411483050400, 0.3071558880443150400, 3.425973646238266400 ) ) ;
#7009 = CARTESIAN_POINT ( 'NONE',  ( -145.4715883360082100, 322.9159880178097500, 240.0000000000000000 ) ) ;
#7010 = CARTESIAN_POINT ( 'NONE',  ( -203.3665909081970300, 275.0000000000001100, 589.4754551372933500 ) ) ;
#7011 = CARTESIAN_POINT ( 'NONE',  ( -344.9798420320378200, 113.8747192612501500, 650.0000000000000000 ) ) ;
#7012 = CARTESIAN_POINT ( 'NONE',  ( -986.3543110252353500, 22.52543249267133900, 84.32346803301150800 ) ) ;
#7013 = CARTESIAN_POINT ( 'NONE',  ( -765.3912023925631700, 22.97843855784834200, 58.46287206442917000 ) ) ;
#7014 = CARTESIAN_POINT ( 'NONE',  ( -711.8568504542175800, -28.00425256398110500, -269.8670942215699100 ) ) ;
#7015 = LINE ( 'NONE', #6698, #292 ) ;
#7016 = CARTESIAN_POINT ( 'NONE',  ( -341.5437215861023800, -13.51309957299565800, -830.0845221829587200 ) ) ;
#7017 = CARTESIAN_POINT ( 'NONE',  ( -930.3353973518014800, 6.825137753904936500, -69.74308191163672200 ) ) ;
#7018 =( GEOMETRIC_REPRESENTATION_CONTEXT ( 3 ) GLOBAL_UNCERTAINTY_ASSIGNED_CONTEXT ( ( #682 ) ) GLOBAL_UNIT_ASSIGNED_CONTEXT ( ( #4616, #2843, #7115 ) ) REPRESENTATION_CONTEXT ( 'NONE', 'WORKASPACE' ) );
#7019 =( BOUNDED_SURFACE ( )  B_SPLINE_SURFACE ( 3, 2, ( 
 ( #5865, #4192, #7861 ),
 ( #531, #7234, #6627 ),
 ( #3612, #5492, #2320 ),
 ( #6118, #7208, #586 ) ),
 .UNSPECIFIED., .F., .F., .F. ) 
 B_SPLINE_SURFACE_WITH_KNOTS ( ( 4, 4 ),
 ( 3, 3 ),
 ( 4.733923052094549900, 4.814554061244326300 ),
 ( 0.0000000000000000000, 1.000000000000000000 ),
 .UNSPECIFIED. ) 
 GEOMETRIC_REPRESENTATION_ITEM ( )  RATIONAL_B_SPLINE_SURFACE ( (
 ( 1.000000000000000000, 0.7063643995535251500, 1.000000000000000000),
 ( 1.000000000000000000, 0.7054374787244874800, 1.000000000000000000),
 ( 1.000000000000000000, 0.7045095346784138200, 1.000000000000000000),
 ( 1.000000000000000000, 0.7035835868435179600, 1.000000000000000000) ) ) 
 REPRESENTATION_ITEM ( '' )  SURFACE ( )  );
#7020 = CARTESIAN_POINT ( 'NONE',  ( -668.2451320953588300, -15.19288004169719400, -762.1461558747989800 ) ) ;
#7021 = B_SPLINE_CURVE_WITH_KNOTS ( 'NONE', 3,
 ( #3257, #5150, #5686, #2085 ),
 .UNSPECIFIED., .F., .F.,
 ( 4, 4 ),
 ( 0.0000000000000000000, 0.0003612493835166366400 ),
 .UNSPECIFIED. ) ;
#7022 = CIRCLE ( 'NONE', #5427, 93.27419894656252100 ) ;
#7023 = CARTESIAN_POINT ( 'NONE',  ( -14.75805687833263700, 302.3116805007835000, 144.1936832988747300 ) ) ;
#7024 = CARTESIAN_POINT ( 'NONE',  ( -126.9219000548494300, 283.2553424654522000, 239.9999999999998900 ) ) ;
#7025 = ORIENTED_EDGE ( 'NONE', *, *, #7098, .F. ) ;
#7026 = CARTESIAN_POINT ( 'NONE',  ( -64.93640800569737300, 312.2922445532871100, 239.9999999999999700 ) ) ;
#7027 = ADVANCED_FACE ( 'NONE', ( #7377 ), #3971, .F. ) ;
#7028 = CARTESIAN_POINT ( 'NONE',  ( -721.1684343117491400, -36.89914864066234700, 0.0000000000000000000 ) ) ;
#7029 = VECTOR ( 'NONE', #1340, 1000.000000000000000 ) ;
#7030 = ORIENTED_EDGE ( 'NONE', *, *, #3487, .T. ) ;
#7031 = CARTESIAN_POINT ( 'NONE',  ( -769.0642468253602100, 32.25061285086973600, 479.9273741711696200 ) ) ;
#7032 = CARTESIAN_POINT ( 'NONE',  ( -930.1674393579720600, -44.47907115696418900, 69.74124603058601200 ) ) ;
#7033 = CARTESIAN_POINT ( 'NONE',  ( -184.6267484020526400, 296.8509855691290200, -137.9225819429058500 ) ) ;
#7034 = ORIENTED_EDGE ( 'NONE', *, *, #6938, .T. ) ;
#7035 = CARTESIAN_POINT ( 'NONE',  ( -1015.798746775046000, 0.3738472033863962700, -17.10642992233797700 ) ) ;
#7036 = CARTESIAN_POINT ( 'NONE',  ( -1017.020758468606200, 0.3051693648552597500, -0.8508893914958631800 ) ) ;
#7037 = CARTESIAN_POINT ( 'NONE',  ( -147.9545351525718200, 322.9972671501149600, 239.9999999999999700 ) ) ;
#7038 = CARTESIAN_POINT ( 'NONE',  ( -198.6359048933356600, 19.99999999999999600, 611.3094353378251100 ) ) ;
#7039 = CARTESIAN_POINT ( 'NONE',  ( -598.2451320953588300, 30.00000000000000000, -824.6142396099121500 ) ) ;
#7040 = CARTESIAN_POINT ( 'NONE',  ( -657.1477111387589500, -36.52210372559174100, 123.2738644042215400 ) ) ;
#7041 = CARTESIAN_POINT ( 'NONE',  ( -774.0642468253603300, 23.59035881302534000, -479.9273741711696200 ) ) ;
#7042 = CARTESIAN_POINT ( 'NONE',  ( -189.7732548792597000, 333.1946375837733300, 113.6226695422161300 ) ) ;
#7043 = CARTESIAN_POINT ( 'NONE',  ( -657.1477111387589500, -36.52210372559174100, -123.2738644042215400 ) ) ;
#7044 = CARTESIAN_POINT ( 'NONE',  ( -958.7206509622667500, 62.50417855656503700, 70.53335518855200800 ) ) ;
#7045 = CARTESIAN_POINT ( 'NONE',  ( -939.5355527361059600, 5.924148923092254800, 55.81786989406441500 ) ) ;
#7046 = CARTESIAN_POINT ( 'NONE',  ( -1008.493667990313800, 0.7843973019484089500, -38.09505159494270300 ) ) ;
#7047 = CARTESIAN_POINT ( 'NONE',  ( -1005.401035527967500, 0.9582052237583823500, -42.93404041659988500 ) ) ;
#7048 = VERTEX_POINT ( 'NONE', #1427 ) ;
#7049 = CARTESIAN_POINT ( 'NONE',  ( -731.4912747662963300, 48.17643063657681800, 120.1363808165648100 ) ) ;
#7050 = CARTESIAN_POINT ( 'NONE',  ( -5.573319583618285800E-011, 400.0000000000000000, 144.6856185281506300 ) ) ;
#7051 = VERTEX_POINT ( 'NONE', #4514 ) ;
#7052 = CARTESIAN_POINT ( 'NONE',  ( -934.8369022611140100, 7.164169369840226200, 50.79682314338396800 ) ) ;
#7053 = CARTESIAN_POINT ( 'NONE',  ( -127.5199107775653300, 283.1779398357484200, 239.9999999999998300 ) ) ;
#7054 = CARTESIAN_POINT ( 'NONE',  ( -773.0357878090169400, 101.6861739977576800, 119.4071432636657600 ) ) ;
#7055 = CARTESIAN_POINT ( 'NONE',  ( -109.2518744656474000, 318.4348569709760000, 239.9999999999999100 ) ) ;
#7056 = ORIENTED_EDGE ( 'NONE', *, *, #5175, .T. ) ;
#7057 = CARTESIAN_POINT ( 'NONE',  ( -258.7992690864762700, -70.00000000000000000, 699.9999996933070200 ) ) ;
#7058 = CARTESIAN_POINT ( 'NONE',  ( -766.0237882265628300, -49.25060836388760100, 56.98650297030329200 ) ) ;
#7059 = CARTESIAN_POINT ( 'NONE',  ( -308.7992690864780300, 274.9999999999999400, 659.9999996933067900 ) ) ;
#7060 = CARTESIAN_POINT ( 'NONE',  ( -308.7992690864780300, 274.9999999999999400, -659.9999996933067900 ) ) ;
#7061 = ORIENTED_EDGE ( 'NONE', *, *, #2513, .T. ) ;
#7062 = CARTESIAN_POINT ( 'NONE',  ( -463.5222005909175200, -70.00000000000000000, -697.4999996933069000 ) ) ;
#7063 = CARTESIAN_POINT ( 'NONE',  ( -1015.319285932001100, 0.4007932093322745200, 19.60930273782928900 ) ) ;
#7064 = CARTESIAN_POINT ( 'NONE',  ( -1097.015985943054600, -4.190613568073852800, -3.288014451388701100 ) ) ;
#7065 = CARTESIAN_POINT ( 'NONE',  ( -145.3272261864371400, 322.9080089123505100, 240.0000000000000300 ) ) ;
#7066 = EDGE_CURVE ( 'NONE', #3675, #163, #5841, .T. ) ;
#7067 = AXIS2_PLACEMENT_3D ( 'NONE', #4457, #7508, #154 ) ;
#7068 = CARTESIAN_POINT ( 'NONE',  ( -209.8351274522971400, 20.00000000000000000, 622.4405450003956700 ) ) ;
#7069 = CARTESIAN_POINT ( 'NONE',  ( -855.3638864233430500, 39.44847174006466200, 114.8816014359641600 ) ) ;
#7070 = CARTESIAN_POINT ( 'NONE',  ( -738.2193787120285200, -32.61617628806786900, 0.0000000000000000000 ) ) ;
#7071 = CARTESIAN_POINT ( 'NONE',  ( -170.6347042671783900, 20.00000000000000400, -556.1121487526542100 ) ) ;
#7072 = CARTESIAN_POINT ( 'NONE',  ( -938.9537712520652800, 69.46265942215659100, 76.32133650644178100 ) ) ;
#7073 = CARTESIAN_POINT ( 'NONE',  ( -938.1741956451941200, 6.057469229372130400, 53.51530491075701700 ) ) ;
#7074 = CARTESIAN_POINT ( 'NONE',  ( -1029.463172040938400, 28.93689707468068700, -38.83459501881051800 ) ) ;
#7075 = CARTESIAN_POINT ( 'NONE',  ( -258.7992690864762700, -16.71658094307105100, -820.3799104088340100 ) ) ;
#7076 = ORIENTED_EDGE ( 'NONE', *, *, #3116, .T. ) ;
#7077 = ORIENTED_EDGE ( 'NONE', *, *, #3144, .F. ) ;
#7078 = CARTESIAN_POINT ( 'NONE',  ( -730.1517920995834200, 35.96552106699476100, 114.9056968153762700 ) ) ;
#7079 = CARTESIAN_POINT ( 'NONE',  ( -731.8165205886455200, 116.0994112106392700, -120.2917345085309900 ) ) ;
#7080 = CARTESIAN_POINT ( 'NONE',  ( -139.3676395048738900, 281.6566371781347600, 239.9999999999999400 ) ) ;
#7081 = EDGE_CURVE ( 'NONE', #2465, #4699, #4816, .T. ) ;
#7082 = ORIENTED_EDGE ( 'NONE', *, *, #7328, .T. ) ;
#7083 = CARTESIAN_POINT ( 'NONE',  ( -46.01453462415393900, 309.3819619568980700, 239.9999999999999700 ) ) ;
#7084 = CARTESIAN_POINT ( 'NONE',  ( -766.9946282617995600, 23.42730997547047500, 55.91729841682914800 ) ) ;
#7085 = CARTESIAN_POINT ( 'NONE',  ( -1627.599260275900900, -114.9999999999999700, -1100.000000000000000 ) ) ;
#7086 = CARTESIAN_POINT ( 'NONE',  ( -964.3867633545561400, 60.50955243409095600, -92.40514392451041200 ) ) ;
#7087 = CARTESIAN_POINT ( 'NONE',  ( -731.8165205886455200, 116.0656355729308700, -120.2917345085309900 ) ) ;
#7088 = CARTESIAN_POINT ( 'NONE',  ( -728.9764564147534400, 27.51828684237357700, -102.2033468029367600 ) ) ;
#7089 = CARTESIAN_POINT ( 'NONE',  ( -1016.291469763142900, 0.3461558564087624000, -13.71196231607877500 ) ) ;
#7090 = LINE ( 'NONE', #4833, #4035 ) ;
#7091 = CARTESIAN_POINT ( 'NONE',  ( -1028.449723387226600, 37.41440998672506900, -0.4493131354926059900 ) ) ;
#7092 = CARTESIAN_POINT ( 'NONE',  ( -143.4774535086120600, 322.7783524542339300, 240.0000000000000000 ) ) ;
#7093 = EDGE_LOOP ( 'NONE', ( #1538, #7574, #6907, #5383, #1116 ) ) ;
#7094 = LINE ( 'NONE', #6345, #1820 ) ;
#7095 = ORIENTED_EDGE ( 'NONE', *, *, #3804, .T. ) ;
#7096 = CARTESIAN_POINT ( 'NONE',  ( -345.2162486971475300, 117.3747192612501500, -650.0000000000000000 ) ) ;
#7097 = CARTESIAN_POINT ( 'NONE',  ( -919.0245621518158700, 76.47828466112095200, -81.59951836257991400 ) ) ;
#7098 = EDGE_CURVE ( 'NONE', #4493, #2947, #7094, .T. ) ;
#7099 = CARTESIAN_POINT ( 'NONE',  ( -177.4982361737175200, 314.5779987079881700, 138.7690106556954400 ) ) ;
#7100 = CARTESIAN_POINT ( 'NONE',  ( -190.5061858211811300, 332.9366258990799600, 138.3354123341132700 ) ) ;
#7101 = CARTESIAN_POINT ( 'NONE',  ( -452.7720532934483800, 52.79374271373869500, -573.8643163231339500 ) ) ;
#7102 = EDGE_CURVE ( 'NONE', #7155, #272, #5272, .T. ) ;
#7103 = VECTOR ( 'NONE', #712, 1000.000000000000000 ) ;
#7104 = CARTESIAN_POINT ( 'NONE',  ( -931.3397659222288200, 6.726778016903235600, 69.69537296619257900 ) ) ;
#7105 = CARTESIAN_POINT ( 'NONE',  ( -668.2451320953584900, -31.11572221187178400, -800.5800149321279400 ) ) ;
#7106 = EDGE_LOOP ( 'NONE', ( #859, #2511, #3951, #986 ) ) ;
#7107 = EDGE_CURVE ( 'NONE', #4077, #1580, #2288, .T. ) ;
#7108 = CARTESIAN_POINT ( 'NONE',  ( -903.4761419233898300, -47.56109419493347400, 68.90916550548588800 ) ) ;
#7109 = DIRECTION ( 'NONE',  ( -0.0000000000000000000, -1.000000000000000000, -0.0000000000000000000 ) ) ;
#7110 = CARTESIAN_POINT ( 'NONE',  ( -486.9733623574837200, 75.45585723913002600, 128.4531731162368000 ) ) ;
#7111 = CARTESIAN_POINT ( 'NONE',  ( -142.0846900645501000, 281.3501549570369200, 239.9999999999999400 ) ) ;
#7112 = CARTESIAN_POINT ( 'NONE',  ( -96.87469448290067900, 316.7805678313005700, 239.9999999999999400 ) ) ;
#7113 = VECTOR ( 'NONE', #7550, 1000.000000000000000 ) ;
#7114 = CARTESIAN_POINT ( 'NONE',  ( -769.0340485504651700, 23.42730997547047500, 64.59706411977467200 ) ) ;
#7115 =( NAMED_UNIT ( * ) SI_UNIT ( $, .STERADIAN. ) SOLID_ANGLE_UNIT ( ) );
#7116 = CARTESIAN_POINT ( 'NONE',  ( -929.9999970323415300, -51.00000000000041200, 49.73844108900585300 ) ) ;
#7117 = CARTESIAN_POINT ( 'NONE',  ( -836.8549727079193900, -51.26809478215641700, 52.65064542124709100 ) ) ;
#7118 = CARTESIAN_POINT ( 'NONE',  ( -1018.948685342717200, 41.30226753404471700, -25.51097799307761000 ) ) ;
#7119 = CARTESIAN_POINT ( 'NONE',  ( -1080.576111023647600, -3.266682085978365600, 18.52784668722709700 ) ) ;
#7120 = CARTESIAN_POINT ( 'NONE',  ( -142.9683851716149800, 322.7328350403560100, 239.9999999999999400 ) ) ;
#7121 = CARTESIAN_POINT ( 'NONE',  ( -484.9030400885682200, 50.45440574726538300, -103.4105467707246600 ) ) ;
#7122 = ORIENTED_EDGE ( 'NONE', *, *, #5072, .F. ) ;
#7123 = CARTESIAN_POINT ( 'NONE',  ( -969.9082733114160000, 32.06201920788355900, -63.86921591007979500 ) ) ;
#7124 = CARTESIAN_POINT ( 'NONE',  ( -181.2712458149317200, 311.0222880325339900, 138.6432436676548700 ) ) ;
#7125 = CARTESIAN_POINT ( 'NONE',  ( -188.0720403317504300, 333.7935115107852100, 136.9434499694296200 ) ) ;
#7126 = CARTESIAN_POINT ( 'NONE',  ( -141.1728542065659700, 281.4276139085757200, 139.9798567212671100 ) ) ;
#7127 = CARTESIAN_POINT ( 'NONE',  ( -296.5656373937553100, 275.0000000000000600, -657.0617976626642800 ) ) ;
#7128 = CARTESIAN_POINT ( 'NONE',  ( -930.8356404109291600, 6.776147993391174600, 49.74594285477083100 ) ) ;
#7129 = ORIENTED_EDGE ( 'NONE', *, *, #3648, .T. ) ;
#7130 = VECTOR ( 'NONE', #5816, 1000.000000000000000 ) ;
#7131 = B_SPLINE_CURVE_WITH_KNOTS ( 'NONE', 3,
 ( #806, #3879, #6901, #5687, #3931, #240, #3903 ),
 .UNSPECIFIED., .F., .F.,
 ( 4, 1, 1, 1, 4 ),
 ( 0.0000000000000000000, 0.2982968211775609600, 0.6153669425867313000, 0.7410739866888770300, 1.000000000000000000 ),
 .UNSPECIFIED. ) ;
#7132 = CARTESIAN_POINT ( 'NONE',  ( -702.5238485517805900, 842.3936719187338400, 0.0000000000000000000 ) ) ;
#7133 = EDGE_LOOP ( 'NONE', ( #4810, #1981, #2390, #672, #4703, #7792 ) ) ;
#7134 = CARTESIAN_POINT ( 'NONE',  ( -668.2451320953588300, -16.30785887005471600, -771.5652222430227300 ) ) ;
#7135 = EDGE_CURVE ( 'NONE', #2065, #7291, #6673, .T. ) ;
#7136 = CARTESIAN_POINT ( 'NONE',  ( -730.3072835549878600, 37.27965236758888100, 115.8825713485719700 ) ) ;
#7137 = CARTESIAN_POINT ( 'NONE',  ( -1025.411725604767300, 19.88191308001091800, -50.73740327850345000 ) ) ;
#7138 = LINE ( 'NONE', #1343, #4360 ) ;
#7139 = CARTESIAN_POINT ( 'NONE',  ( -721.0375125829707500, -43.02027741034830700, 0.0000000000000000000 ) ) ;
#7140 = CARTESIAN_POINT ( 'NONE',  ( -22.46341836052257400, 299.0286487353618600, 239.9999999999999700 ) ) ;
#7141 = CARTESIAN_POINT ( 'NONE',  ( -42.12410489859964000, 308.7300993609362600, 239.9999999999998900 ) ) ;
#7142 = CARTESIAN_POINT ( 'NONE',  ( -14.62674840205313500, 296.8509855691290200, -239.9999999999998900 ) ) ;
#7143 = CARTESIAN_POINT ( 'NONE',  ( -299.9129563986577400, -44.15844526595684300, 874.6142396099118100 ) ) ;
#7144 = CARTESIAN_POINT ( 'NONE',  ( -738.1195258406306700, 134.7862868232291800, -110.4771068389937500 ) ) ;
#7145 = CARTESIAN_POINT ( 'NONE',  ( -730.9119588086135800, 42.65968660568331200, -118.7168735594052400 ) ) ;
#7146 = CARTESIAN_POINT ( 'NONE',  ( -1030.865723396515200, 33.22819818371606700, 25.60488956784994800 ) ) ;
#7147 = DIRECTION ( 'NONE',  ( 0.0000000000000000000, 0.0000000000000000000, -1.000000000000000000 ) ) ;
#7148 = ADVANCED_FACE ( 'NONE', ( #3925 ), #1907, .T. ) ;
#7149 = CARTESIAN_POINT ( 'NONE',  ( -5.573319583618285800E-011, 121.9207799509685800, 129.2445991789948000 ) ) ;
#7150 = CARTESIAN_POINT ( 'NONE',  ( -168.1027826720247200, 319.4686955014076900, 239.9999999999999700 ) ) ;
#7151 = CARTESIAN_POINT ( 'NONE',  ( -181.8094388971553600, 310.3321568257927700, 138.6253038982474700 ) ) ;
#7152 = CARTESIAN_POINT ( 'NONE',  ( -184.1267828336366400, 298.2053047023035200, 138.5480591003647500 ) ) ;
#7153 = CARTESIAN_POINT ( 'NONE',  ( -300.4349972598424200, -28.79806605609581300, -859.9602823659964800 ) ) ;
#7154 = ORIENTED_EDGE ( 'NONE', *, *, #1893, .F. ) ;
#7155 = VERTEX_POINT ( 'NONE', #4143 ) ;
#7156 = CARTESIAN_POINT ( 'NONE',  ( -939.3953794367589600, 5.937876362663949700, 63.94694674773943200 ) ) ;
#7157 = CARTESIAN_POINT ( 'NONE',  ( -662.6987034998049900, -76.46889694037591300, 699.9999996933067900 ) ) ;
#7158 = CARTESIAN_POINT ( 'NONE',  ( -668.2451320953587100, -80.00000000000001400, -819.6142396099120300 ) ) ;
#7159 = ORIENTED_EDGE ( 'NONE', *, *, #1728, .F. ) ;
#7160 = B_SPLINE_CURVE_WITH_KNOTS ( 'NONE', 3,
 ( #7769, #5934, #4722, #1061, #5349, #1669, #1164 ),
 .UNSPECIFIED., .F., .F.,
 ( 4, 3, 4 ),
 ( -1.415265813151071900E-006, 0.0000000000000000000, 0.0002137561740321105000 ),
 .UNSPECIFIED. ) ;
#7161 = CARTESIAN_POINT ( 'NONE',  ( -728.8940087685512000, 27.12230689661757300, 100.6086123258721900 ) ) ;
#7162 = CARTESIAN_POINT ( 'NONE',  ( -740.6150288742911700, -34.39772603926746800, 36.91500537387647500 ) ) ;
#7163 = CARTESIAN_POINT ( 'NONE',  ( -668.2451320953587100, -80.00000000000000000, -819.6142396099120300 ) ) ;
#7164 = DIRECTION ( 'NONE',  ( 0.0000000000000000000, 0.0000000000000000000, -1.000000000000000000 ) ) ;
#7165 = CARTESIAN_POINT ( 'NONE',  ( -99.29421798320792900, 286.8933071055711300, 240.0000000000000300 ) ) ;
#7166 = CARTESIAN_POINT ( 'NONE',  ( -138.0660287500091700, 322.1813852600454300, 240.0000000000000000 ) ) ;
#7167 = DIRECTION ( 'NONE',  ( -0.0000000000000000000, -0.0000000000000000000, 1.000000000000000000 ) ) ;
#7168 = CARTESIAN_POINT ( 'NONE',  ( -769.5060197261552700, -49.25060836388760100, 64.68821729051977300 ) ) ;
#7169 = CARTESIAN_POINT ( 'NONE',  ( -731.8165205886455200, 400.0000000000000000, -120.2917345085309900 ) ) ;
#7170 = DIRECTION ( 'NONE',  ( -0.6136994490979207400, -0.03449030143811620400, 0.7887860326372524400 ) ) ;
#7171 = DIRECTION ( 'NONE',  ( -0.0000000000000000000, -0.0000000000000000000, 1.000000000000000000 ) ) ;
#7172 = CARTESIAN_POINT ( 'NONE',  ( -1037.371161510782500, 34.81705338825990700, 8.032680029177168300 ) ) ;
#7173 = ORIENTED_EDGE ( 'NONE', *, *, #65, .T. ) ;
#7174 = EDGE_CURVE ( 'NONE', #5231, #5019, #3230, .T. ) ;
#7175 = AXIS2_PLACEMENT_3D ( 'NONE', #3425, #4008, #1492 ) ;
#7176 = CARTESIAN_POINT ( 'NONE',  ( -5.573319583618285200E-011, 138.8955297712160800, 143.8521604490320300 ) ) ;
#7177 = CARTESIAN_POINT ( 'NONE',  ( -163.4088652062896500, 320.9580640913816900, 239.9999999999999400 ) ) ;
#7178 = CARTESIAN_POINT ( 'NONE',  ( -133.6706168854500700, 282.3836509373521200, 140.2299312986375800 ) ) ;
#7179 = CARTESIAN_POINT ( 'NONE',  ( -961.8841245862455500, 3.735510494664411300, -75.27823618732497800 ) ) ;
#7180 = CARTESIAN_POINT ( 'NONE',  ( -5.573406319792084700E-011, 145.4327230323256400, -144.6856185281506600 ) ) ;
#7181 = B_SPLINE_CURVE_WITH_KNOTS ( 'NONE', 3,
 ( #6018, #1695, #2332, #4804, #5422, #4126 ),
 .UNSPECIFIED., .F., .F.,
 ( 4, 1, 1, 4 ),
 ( 0.0000000000000000000, 0.6778353750968978400, 0.7778353750968976000, 1.000000000000000000 ),
 .UNSPECIFIED. ) ;
#7182 = VERTEX_POINT ( 'NONE', #5306 ) ;
#7183 = CARTESIAN_POINT ( 'NONE',  ( -258.7992690864762200, -15.29635728229691900, -811.9958014223404900 ) ) ;
#7184 = ORIENTED_EDGE ( 'NONE', *, *, #1567, .F. ) ;
#7185 = VECTOR ( 'NONE', #1454, 1000.000000000000000 ) ;
#7186 = CARTESIAN_POINT ( 'NONE',  ( -796.7389216428987300, -51.03968657318807100, 65.57199749713815600 ) ) ;
#7187 = CARTESIAN_POINT ( 'NONE',  ( -258.7992690864762700, -70.00000000000000000, 704.9999996933069000 ) ) ;
#7188 = CARTESIAN_POINT ( 'NONE',  ( -930.0000000000557100, -44.17288593644951100, -69.73844108900408400 ) ) ;
#7189 = ADVANCED_FACE ( 'NONE', ( #955 ), #7019, .T. ) ;
#7190 = CARTESIAN_POINT ( 'NONE',  ( -856.8041735247337600, -50.77520065452034000, -52.02692836472774500 ) ) ;
#7191 = CARTESIAN_POINT ( 'NONE',  ( -16.69750752662574900, 300.6507974549490400, 239.9999999999999100 ) ) ;
#7192 = FACE_OUTER_BOUND ( 'NONE', #4785, .T. ) ;
#7193 = VERTEX_POINT ( 'NONE', #3558 ) ;
#7194 = CIRCLE ( 'NONE', #7274, 148.3286034136782000 ) ;
#7195 = CARTESIAN_POINT ( 'NONE',  ( -182.3047893437291700, 309.6131233029223000, 138.6087922166950600 ) ) ;
#7196 = CARTESIAN_POINT ( 'NONE',  ( -916.1225732071532100, 25.97487875984856800, 105.6174376935817500 ) ) ;
#7197 = CARTESIAN_POINT ( 'NONE',  ( -934.8554625178761600, 7.164169077462492700, -50.80667994524125000 ) ) ;
#7198 = CARTESIAN_POINT ( 'NONE',  ( -184.3980005294838800, 299.4931184582486000, 239.9999999999999400 ) ) ;
#7199 = CARTESIAN_POINT ( 'NONE',  ( -729.4538045781278000, 30.52517083322021600, -108.8793492546754900 ) ) ;
#7200 = ORIENTED_EDGE ( 'NONE', *, *, #4245, .T. ) ;
#7201 = CARTESIAN_POINT ( 'NONE',  ( -1036.276792708413000, 35.20230105949016800, 15.98880057305192000 ) ) ;
#7202 = CARTESIAN_POINT ( 'NONE',  ( -1039.341341699839900, -0.9492616844968312400, 46.52586758264786200 ) ) ;
#7203 = CARTESIAN_POINT ( 'NONE',  ( -1028.008818434077700, 38.11285354052466800, 13.85503231264388200 ) ) ;
#7204 = CARTESIAN_POINT ( 'NONE',  ( -970.4037882827206000, 2.925072896146106300, -68.60026894045648800 ) ) ;
#7205 = EDGE_LOOP ( 'NONE', ( #4605, #809, #7509, #4648, #5356, #4174 ) ) ;
#7206 = CARTESIAN_POINT ( 'NONE',  ( -161.9990849607665700, 321.3145047690658800, 239.9999999999999400 ) ) ;
#7207 = EDGE_CURVE ( 'NONE', #284, #4954, #4893, .T. ) ;
#7208 = CARTESIAN_POINT ( 'NONE',  ( -952.6493089599229100, 4.639893669336397700, 106.7233425652859000 ) ) ;
#7209 = CARTESIAN_POINT ( 'NONE',  ( -20.59857779524287800, 299.4784846216811000, 143.9989992683110500 ) ) ;
#7210 = CARTESIAN_POINT ( 'NONE',  ( -958.2158849664388100, 4.094748223608620600, -77.26343180550519200 ) ) ;
#7211 = EDGE_CURVE ( 'NONE', #2631, #2417, #4037, .T. ) ;
#7212 = CARTESIAN_POINT ( 'NONE',  ( -664.5882777922404300, -72.52370388889633500, 699.9999996933070200 ) ) ;
#7213 = CARTESIAN_POINT ( 'NONE',  ( -418.8108414987674500, 78.87170263032058400, -650.0000000000000000 ) ) ;
#7214 = B_SPLINE_CURVE_WITH_KNOTS ( 'NONE', 3,
 ( #3620, #6073, #4260, #616, #4230, #4886, #7320 ),
 .UNSPECIFIED., .F., .F.,
 ( 4, 1, 1, 1, 4 ),
 ( 0.0000000000000000000, 0.2589260133111229700, 0.3846330574132687000, 0.7017031788224390400, 1.000000000000000000 ),
 .UNSPECIFIED. ) ;
#7215 = VECTOR ( 'NONE', #5798, 1000.000000000000000 ) ;
#7216 = CARTESIAN_POINT ( 'NONE',  ( -732.0292279767045300, 51.41795551113726500, 120.2871615096274000 ) ) ;
#7217 = CARTESIAN_POINT ( 'NONE',  ( -418.4486822469645500, 71.87170263032058400, 650.0000000000000000 ) ) ;
#7218 = DIRECTION ( 'NONE',  ( -0.0000000000000000000, -1.000000000000000000, -0.0000000000000000000 ) ) ;
#7219 = CARTESIAN_POINT ( 'NONE',  ( -668.2451320953587100, 274.9999999999999400, 0.0000000000000000000 ) ) ;
#7220 = CARTESIAN_POINT ( 'NONE',  ( -22.40931832566522500, 299.0413882283863800, 240.0000000000000300 ) ) ;
#7221 = CARTESIAN_POINT ( 'NONE',  ( -1025.528095748797800, 24.49074053889309300, -49.74942052518639500 ) ) ;
#7222 = CARTESIAN_POINT ( 'NONE',  ( -938.3900968648810000, 6.375728746247740600, -87.02696540974942300 ) ) ;
#7223 = VECTOR ( 'NONE', #1156, 1000.000000000000200 ) ;
#7224 = EDGE_CURVE ( 'NONE', #3978, #3159, #6058, .T. ) ;
#7225 = CARTESIAN_POINT ( 'NONE',  ( -739.3599121848072900, 139.0494780956611000, -100.9671971954677900 ) ) ;
#7226 = CARTESIAN_POINT ( 'NONE',  ( -452.8432784367112200, -21.44321034721817300, -829.6142396099122600 ) ) ;
#7227 = EDGE_LOOP ( 'NONE', ( #3514, #720, #6643, #4383, #1433, #6903 ) ) ;
#7228 = CARTESIAN_POINT ( 'NONE',  ( -1015.318796119339300, 0.4008207371170785000, 19.61170258603986800 ) ) ;
#7229 = DIRECTION ( 'NONE',  ( -0.0000000000000000000, -1.000000000000000000, -0.0000000000000000000 ) ) ;
#7230 = LINE ( 'NONE', #6826, #4456 ) ;
#7231 = ADVANCED_FACE ( 'NONE', ( #7477 ), #4322, .T. ) ;
#7232 = ORIENTED_EDGE ( 'NONE', *, *, #6968, .F. ) ;
#7233 = CARTESIAN_POINT ( 'NONE',  ( -170.9493332165665700, 318.3162895190271200, 240.0000000000000600 ) ) ;
#7234 = CARTESIAN_POINT ( 'NONE',  ( -804.1801981881689000, 19.17975793601357600, 118.7989307816794300 ) ) ;
#7235 = CARTESIAN_POINT ( 'NONE',  ( -96.17735229394982400, 287.3070582754243700, 141.4797067850209400 ) ) ;
#7236 = CARTESIAN_POINT ( 'NONE',  ( -930.6678826474698100, -44.00640447675123600, 49.73860826419289800 ) ) ;
#7237 = PLANE ( 'NONE',  #4127 ) ;
#7238 = CARTESIAN_POINT ( 'NONE',  ( -588.0609149135337900, -13.05060390121163200, -269.6497347920996500 ) ) ;
#7239 = CARTESIAN_POINT ( 'NONE',  ( -919.9281327846194900, 75.38684089177914400, 87.27962050027133500 ) ) ;
#7240 = AXIS2_PLACEMENT_3D ( 'NONE', #2502, #6758, #3092 ) ;
#7241 = EDGE_CURVE ( 'NONE', #2047, #7853, #2862, .T. ) ;
#7242 = CARTESIAN_POINT ( 'NONE',  ( -721.5093510031268800, -27.39914864066235400, -0.0000000000000000000 ) ) ;
#7243 = CARTESIAN_POINT ( 'NONE',  ( -863.4836486381740300, -50.48501208658142800, -51.81809277202108200 ) ) ;
#7244 = AXIS2_PLACEMENT_3D ( 'NONE', #4791, #1126, #2369 ) ;
#7245 = CARTESIAN_POINT ( 'NONE',  ( -64.18805191142465100, 291.8117050487274500, 239.9999999999999400 ) ) ;
#7246 = EDGE_LOOP ( 'NONE', ( #4546, #785 ) ) ;
#7247 = CARTESIAN_POINT ( 'NONE',  ( -484.8036694764880400, 50.37456319402759400, 103.4138523966468500 ) ) ;
#7248 = CARTESIAN_POINT ( 'NONE',  ( -915.1298031822655000, 25.12953475347834600, 105.8242977706109300 ) ) ;
#7249 = CARTESIAN_POINT ( 'NONE',  ( -174.0180554875361700, 287.2065113319802100, 239.9999999999999400 ) ) ;
#7250 = EDGE_LOOP ( 'NONE', ( #2670, #1609, #3395, #3757 ) ) ;
#7251 = CARTESIAN_POINT ( 'NONE',  ( -68.27553210742783600, 312.7895123150524300, 142.4097674579050500 ) ) ;
#7252 = CARTESIAN_POINT ( 'NONE',  ( -927.0045493076124800, 9.520127610477693700, 94.61641763592797400 ) ) ;
#7253 = CARTESIAN_POINT ( 'NONE',  ( -870.5889363716960400, 32.35479895796390800, 113.2038558195197600 ) ) ;
#7254 = CARTESIAN_POINT ( 'NONE',  ( -307.9264342520235700, -25.34571386633610900, 854.5776070281824600 ) ) ;
#7255 = EDGE_CURVE ( 'NONE', #1580, #5860, #1996, .T. ) ;
#7256 = CARTESIAN_POINT ( 'NONE',  ( -5.573319583618285200E-011, 128.7151369489156100, 138.5010596647530300 ) ) ;
#7257 = ORIENTED_EDGE ( 'NONE', *, *, #2435, .F. ) ;
#7258 = CARTESIAN_POINT ( 'NONE',  ( -176.1757791179144600, 315.4891668659200300, 240.0000000000000000 ) ) ;
#7259 = CARTESIAN_POINT ( 'NONE',  ( -489.2166624601146100, 3.132967538697218700, -210.0847015248558300 ) ) ;
#7260 = CARTESIAN_POINT ( 'NONE',  ( -767.1230331437290000, -48.56032423975636900, -55.81931168316320700 ) ) ;
#7261 = CARTESIAN_POINT ( 'NONE',  ( -952.5872779812847300, 4.645968481834942500, -80.01390296336011000 ) ) ;
#7262 = CARTESIAN_POINT ( 'NONE',  ( -484.9030400885461100, 50.45440574726846000, 103.4105467707258400 ) ) ;
#7263 = CARTESIAN_POINT ( 'NONE',  ( -963.7012750840330000, 3.557553467416193300, 74.22205593461551100 ) ) ;
#7264 = CARTESIAN_POINT ( 'NONE',  ( -916.1761530242782800, 26.27102378859763500, -105.6062142766411800 ) ) ;
#7265 = CARTESIAN_POINT ( 'NONE',  ( -976.9737192650889000, 2.555838574129717200, -87.87440580865491300 ) ) ;
#7266 = CARTESIAN_POINT ( 'NONE',  ( -258.7992690864762700, -70.00000000000000000, 699.9999996933070200 ) ) ;
#7267 = CARTESIAN_POINT ( 'NONE',  ( -258.7992690864762700, -51.03167550318948300, 886.3136891273769600 ) ) ;
#7268 = ADVANCED_FACE ( 'NONE', ( #6320 ), #6190, .T. ) ;
#7269 = CARTESIAN_POINT ( 'NONE',  ( -344.9798420320378200, 113.8747192612501400, -650.0000000000000000 ) ) ;
#7270 = CARTESIAN_POINT ( 'NONE',  ( -859.5615577468853400, 36.37943370726596000, -114.4603540021970800 ) ) ;
#7271 = EDGE_LOOP ( 'NONE', ( #2870, #5081, #4466, #4588, #5525, #7686, #3848, #2195, #3893 ) ) ;
#7272 = CARTESIAN_POINT ( 'NONE',  ( -857.4257995106198700, 79.18810568218319200, -113.8766671569790500 ) ) ;
#7273 = CARTESIAN_POINT ( 'NONE',  ( -910.5689120358646300, 23.77179244657308000, 106.7507700138742200 ) ) ;
#7274 = AXIS2_PLACEMENT_3D ( 'NONE', #657, #4958, #4372 ) ;
#7275 = ORIENTED_EDGE ( 'NONE', *, *, #2557, .F. ) ;
#7276 = CARTESIAN_POINT ( 'NONE',  ( -180.7610360278521300, 292.3912205018231700, 239.9999999999999400 ) ) ;
#7277 = CARTESIAN_POINT ( 'NONE',  ( -19.50767120194631900, 304.2299591018293700, 144.0353628214209600 ) ) ;
#7278 = CARTESIAN_POINT ( 'NONE',  ( -1018.948685343043400, 41.30226753392992800, 25.51097799308465900 ) ) ;
#7279 = CARTESIAN_POINT ( 'NONE',  ( -668.2451320953587100, -70.00000000000000000, -829.6142396099121500 ) ) ;
#7280 = CARTESIAN_POINT ( 'NONE',  ( -880.6792016614116400, 89.97689755139808200, 88.13339503762942700 ) ) ;
#7281 = ORIENTED_EDGE ( 'NONE', *, *, #189, .T. ) ;
#7282 = LINE ( 'NONE', #1233, #2378 ) ;
#7283 = B_SPLINE_CURVE_WITH_KNOTS ( 'NONE', 3,
 ( #5324, #5352, #3492, #4755, #2899, #7198, #5381, #1193, #1139, #6724, #7905, #1729, #4811, #6023, #6670, #3629, #4896, #2949, #523, #1835, #6106, #2389, #7329, #2411, #1167, #2338, #5428, #7276, #2976, #3686, #7930, #2361, #1754, #5456, #3028, #622, #6053, #6134, #1240, #6644, #14, #4239, #5487, #4289, #601, #3660, #4865, #7249, #3578, #1807, #6696, #7953, #1216, #5512, #3601, #7879, #2439, #6747, #3055, #7354, #4311, #4923, #4210, #548, #4838, #1780, #6081, #3004, #7303, #4267, #575, #5726, #4359, #5117, #3275, #6212, #674, #3895, #1882, #5557, #6822, #7586, #4972, #645, #824, #4948, #6187, #61, #3715, #852, #182, #6793, #4481, #6770, #3128, #3923, #5535, #1263, #3080, #2052, #7409, #38, #231, #1855, #3739, #4503, #7382, #4525, #1284, #5584, #5145, #6164, #2661, #6966, #1906, #1439, #2488, #1407, #4337, #2462, #3102, #6359, #2510, #7559, #7435, #3873, #799, #5094, #5703, #2029, #3251, #6333, #2630, #6942, #208, #879, #939, #7111, #6476, #4639, #2749, #6416, #3364, #975, #2688, #258, #1581, #5846, #6999, #3428, #6388, #7080, #378, #5174, #5812, #7646, #7738, #2134, #317, #4577, #2165, #2780, #4665, #1494, #5876, #1002, #2079, #4069, #2197, #5203, #6505, #7616, #3397, #3303, #6449, #5785, #3983, #2106, #2720, #7053, #911, #7024, #3954, #1552, #347, #2811, #5258, #4610, #3337, #7710, #4551, #5229, #290, #5757, #1466, #1528, #7678, #4010, #4043, #492, #4690, #3458, #1056, #3513, #7798, #2246, #2894, #5346, #2916, #7165, #6534, #1028, #4777, #2839, #3486, #6019, #7766, #3573, #5291, #4128, #4179, #7874, #4719, #1666, #7245, #4805, #2333, #6639, #5963, #1110, #6561, #1087, #4097, #2220, #408, #6587, #4205, #5319, #519, #5398, #4158, #1640, #7826, #7140, #7220, #2941, #5932, #1608, #4749, #2867, #5373, #5905, #2307, #1722, #7191, #2278, #434, #462 ),
 .UNSPECIFIED., .F., .F.,
 ( 4, 1, 1, 1, 2, 2, 1, 1, 1, 2, 2, 1, 1, 1, 2, 2, 1, 1, 1, 2, 2, 1, 1, 1, 2, 2, 1, 1, 1, 2, 2, 1, 1, 1, 1, 2, 2, 1, 1, 1, 1, 2, 2, 1, 1, 1, 1, 2, 2, 1, 1, 1, 1, 2, 2, 1, 1, 1, 2, 2, 1, 1, 1, 2, 2, 1, 1, 1, 2, 2, 1, 1, 1, 2, 2, 1, 1, 1, 1, 2, 2, 1, 1, 1, 1, 2, 2, 1, 1, 1, 1, 2, 2, 1, 1, 1, 1, 1, 2, 2, 1, 1, 1, 1, 1, 2, 2, 1, 1, 1, 1, 2, 2, 1, 1, 1, 1, 1, 1, 1, 2, 2, 1, 1, 1, 1, 1, 1, 1, 1, 2, 2, 1, 1, 1, 1, 1, 1, 1, 2, 2, 1, 1, 1, 1, 1, 1, 1, 1, 2, 2, 1, 1, 1, 1, 1, 1, 1, 1, 2, 2, 1, 1, 1, 1, 1, 1, 1, 1, 1, 2, 2, 1, 1, 1, 1, 1, 1, 1, 1, 2, 2, 1, 1, 1, 1, 1, 1, 1, 2, 2, 1, 1, 1, 1, 2, 2, 4 ),
 ( 0.0000000000000000000, 0.007812499999713956200, 0.01171874999957091100, 0.01367187499949938700, 0.01464843749946362700, 0.01562499999942786600, 0.02343749999914224900, 0.02734374999899991100, 0.02929687499892882900, 0.03027343749889319800, 0.03124999999885756700, 0.03906249999857251700, 0.04296874999842986700, 0.04492187499835841700, 0.04589843749832269600, 0.04687499999828697400, 0.05468749999800727500, 0.05859374999786781000, 0.06054687499779792100, 0.06152343749776333100, 0.06249999999772874700, 0.07031249999745804700, 0.07421874999732286400, 0.07617187499725496000, 0.07714843749722069500, 0.07812499999718644500, 0.08593749999691627200, 0.08984374999678163000, 0.09179687499671439200, 0.09277343749668096100, 0.09374999999664751500, 0.1015624999963803800, 0.1054687499962465900, 0.1074218749961798800, 0.1083984374961467100, 0.1088867187461301100, 0.1093749999961135300, 0.1171874999958457300, 0.1210937499957118200, 0.1230468749956446900, 0.1240234374956112900, 0.1245117187455947600, 0.1249999999955782300, 0.1328124999953124400, 0.1367187499951795200, 0.1386718749951130800, 0.1396484374950798500, 0.1401367187450630300, 0.1406249999950462400, 0.1484374999947706600, 0.1523437499946327900, 0.1542968749945638500, 0.1552734374945291800, 0.1557617187445117800, 0.1562499999944943800, 0.1640624999942214300, 0.1679687499940848700, 0.1699218749940165900, 0.1708984374939827300, 0.1718749999939489000, 0.1796874999936775300, 0.1835937499935420500, 0.1855468749934744100, 0.1865234374934408900, 0.1874999999934073300, 0.1953124999931380400, 0.1992187499930035100, 0.2011718749929364600, 0.2021484374929031500, 0.2031249999928698400, 0.2109374999926011700, 0.2148437499924671100, 0.2167968749924000800, 0.2177734374923663300, 0.2187499999923326100, 0.2265624999920627700, 0.2304687499919281500, 0.2324218749918607900, 0.2333984374918268700, 0.2338867187418096600, 0.2343749999917924500, 0.2421874999915188100, 0.2460937499913817500, 0.2480468749913132000, 0.2490234374912792000, 0.2495117187412621800, 0.2499999999912451700, 0.2578124999909729400, 0.2617187499908366100, 0.2636718749907686100, 0.2646484374907349100, 0.2651367187407180400, 0.2656249999907011600, 0.2734374999904346500, 0.2773437499903014200, 0.2792968749902345300, 0.2802734374902007800, 0.2807617187401836300, 0.2810058593651750800, 0.2812499999901665300, 0.2890624999898939700, 0.2929687499897579700, 0.2949218749896898000, 0.2958984374896558900, 0.2963867187396389000, 0.2966308593646301800, 0.2968749999896214700, 0.3007812499894838600, 0.3027343749894147500, 0.3037109374893802700, 0.3041992187393633400, 0.3044433593643548500, 0.3046874999893463600, 0.3085937499892111900, 0.3105468749891439600, 0.3115234374891101600, 0.3120117187390935600, 0.3122558593640849500, 0.3123779296765808500, 0.3124389648328286800, 0.3124694824109528500, 0.3124999999890770200, 0.3281249999892460500, 0.3359374999893304800, 0.3398437499893728300, 0.3417968749893939800, 0.3427734374894047500, 0.3432617187394100300, 0.3435058593644126900, 0.3436279296769140200, 0.3436889648331646900, 0.3437499999894154100, 0.3593749999895699500, 0.3671874999896472300, 0.3710937499896858100, 0.3730468749897053500, 0.3740234374897148400, 0.3745117187397195600, 0.3747558593647221700, 0.3748779296772237200, 0.3749999999897252700, 0.4062499999901877900, 0.4218749999904191100, 0.4296874999905346800, 0.4335937499905926400, 0.4355468749906215000, 0.4365234374906359300, 0.4370117187406431500, 0.4372558593656469300, 0.4373779296781488700, 0.4374999999906507600, 0.4687499999911479700, 0.4843749999913966000, 0.4921874999915210600, 0.4960937499915834000, 0.4980468749916146500, 0.4990234374916302500, 0.4995117187416380800, 0.4997558593666420700, 0.4998779296791440200, 0.4999999999916459000, 0.5624999999926529900, 0.5937499999931564700, 0.6093749999934082700, 0.6171874999935341700, 0.6210937499935972300, 0.6230468749936287600, 0.6240234374936444200, 0.6245117187436521900, 0.6247558593686559600, 0.6248779296811579600, 0.6249999999936599600, 0.6874999999947223300, 0.7187499999952534600, 0.7343749999955191400, 0.7421874999956520300, 0.7460937499957184200, 0.7480468749957516200, 0.7490234374957682700, 0.7495117187457766000, 0.7497558593707807100, 0.7499999999957848200, 0.8124999999968222100, 0.8437499999973410200, 0.8593749999976003600, 0.8671874999977300400, 0.8710937499977948800, 0.8730468749978271800, 0.8740234374978433900, 0.8745117187478516100, 0.8749999999978598200, 0.9062499999983967300, 0.9218749999986654000, 0.9296874999987996300, 0.9335937499988669100, 0.9355468749989005500, 0.9374999999989341900, 1.000000000000000000 ),
 .UNSPECIFIED. ) ;
#7284 = CARTESIAN_POINT ( 'NONE',  ( -258.7992690864762700, -61.76273021796379200, 719.4426700484501700 ) ) ;
#7285 = CARTESIAN_POINT ( 'NONE',  ( -183.9721129261900500, 306.2198493662576200, 239.9999999999998900 ) ) ;
#7286 = FACE_BOUND ( 'NONE', #4494, .T. ) ;
#7287 = CARTESIAN_POINT ( 'NONE',  ( -378.6120757269669600, 103.7944812040708100, -509.7172871893691300 ) ) ;
#7288 = CARTESIAN_POINT ( 'NONE',  ( -258.7992690864762700, -80.00000000000004300, 899.6142396099120300 ) ) ;
#7289 = CARTESIAN_POINT ( 'NONE',  ( -968.3866203960685700, 3.098708630746708000, -70.92808119952125900 ) ) ;
#7290 = EDGE_CURVE ( 'NONE', #5129, #3392, #6109, .T. ) ;
#7291 = VERTEX_POINT ( 'NONE', #7363 ) ;
#7292 = LINE ( 'NONE', #3930, #5647 ) ;
#7293 = CARTESIAN_POINT ( 'NONE',  ( -930.6709241619323600, 6.792278971010638600, 69.73889936537808900 ) ) ;
#7294 = CARTESIAN_POINT ( 'NONE',  ( -515.4132661664405100, -28.04075464104759500, 829.6142396099122600 ) ) ;
#7295 = CARTESIAN_POINT ( 'NONE',  ( -344.9798420320378200, 113.8747192612501400, -650.0000000000000000 ) ) ;
#7296 = ORIENTED_EDGE ( 'NONE', *, *, #5630, .T. ) ;
#7297 = AXIS2_PLACEMENT_3D ( 'NONE', #2885, #6683, #483 ) ;
#7298 = CARTESIAN_POINT ( 'NONE',  ( -928.3743774157940200, 25.60459821386072200, -102.9988923279159700 ) ) ;
#7299 = CARTESIAN_POINT ( 'NONE',  ( -861.6342496577638000, 96.68124017129572700, -89.96129063427129300 ) ) ;
#7300 = CARTESIAN_POINT ( 'NONE',  ( -916.1761530242782800, 26.27102378859763500, -105.6062142766411800 ) ) ;
#7301 = DIRECTION ( 'NONE',  ( 0.0000000000000000000, 0.0000000000000000000, 1.000000000000000000 ) ) ;
#7302 = ORIENTED_EDGE ( 'NONE', *, *, #5699, .T. ) ;
#7303 = CARTESIAN_POINT ( 'NONE',  ( -166.9403349559072800, 284.1145872590310500, 240.0000000000000600 ) ) ;
#7304 = CARTESIAN_POINT ( 'NONE',  ( -928.8328880410503000, 8.840639704209335600, 93.29476068879257900 ) ) ;
#7305 = DIRECTION ( 'NONE',  ( -0.0000000000000000000, 1.000000000000000000, -0.0000000000000000000 ) ) ;
#7306 = ADVANCED_FACE ( 'NONE', ( #573 ), #141, .F. ) ;
#7307 = CARTESIAN_POINT ( 'NONE',  ( -668.2451320953587100, -70.00000000000000000, 899.6142396099120300 ) ) ;
#7308 = CARTESIAN_POINT ( 'NONE',  ( -862.7493973680042200, 96.28867775791636100, -89.88743683390909200 ) ) ;
#7309 = CARTESIAN_POINT ( 'NONE',  ( -168.3225630098051500, 20.00000000000000400, 4.671889625435053000E-013 ) ) ;
#7310 = CARTESIAN_POINT ( 'NONE',  ( -598.2451320953588300, 30.00000000000000000, 829.6142396099121500 ) ) ;
#7311 = CARTESIAN_POINT ( 'NONE',  ( -668.2451320953587100, -70.00000000000000000, 852.9475729432455200 ) ) ;
#7312 = CARTESIAN_POINT ( 'NONE',  ( -15.01232650353384400, 302.5462954133785200, 144.1852076447013900 ) ) ;
#7313 = VECTOR ( 'NONE', #4101, 1000.000000000000000 ) ;
#7314 = CARTESIAN_POINT ( 'NONE',  ( -348.2451320953587700, -13.69752918442446800, 829.6142396099120300 ) ) ;
#7315 = CARTESIAN_POINT ( 'NONE',  ( -413.4222416891277000, 71.91118529648213100, -453.0067876111058400 ) ) ;
#7316 = DIRECTION ( 'NONE',  ( 0.9984244753198127100, 0.05611209390458357600, 0.0000000000000000000 ) ) ;
#7317 = ORIENTED_EDGE ( 'NONE', *, *, #7787, .T. ) ;
#7318 = ORIENTED_EDGE ( 'NONE', *, *, #7224, .F. ) ;
#7319 = DIRECTION ( 'NONE',  ( -1.000000000000000000, 0.0000000000000000000, 0.0000000000000000000 ) ) ;
#7320 = CARTESIAN_POINT ( 'NONE',  ( -476.1218229458132200, 22.48589293588766600, 0.0000000000000000000 ) ) ;
#7321 =( NAMED_UNIT ( * ) PLANE_ANGLE_UNIT ( ) SI_UNIT ( $, .RADIAN. ) );
#7322 = CARTESIAN_POINT ( 'NONE',  ( -374.2334197083896500, 98.64939886248203000, -509.7361797322662400 ) ) ;
#7323 = CARTESIAN_POINT ( 'NONE',  ( -258.7992690864762700, -35.47344576253298200, -873.7630992235526700 ) ) ;
#7324 = VERTEX_POINT ( 'NONE', #1369 ) ;
#7325 =( BOUNDED_CURVE ( )  B_SPLINE_CURVE ( 3, ( #877, #4637, #7736, #2104 ),
 .UNSPECIFIED., .F., .F. ) 
 B_SPLINE_CURVE_WITH_KNOTS ( ( 4, 4 ),
 ( 5.041869326281659600, 5.621984804581032300 ),
 .UNSPECIFIED. ) 
 CURVE ( )  GEOMETRIC_REPRESENTATION_ITEM ( )  RATIONAL_B_SPLINE_CURVE ( ( 1.000000000000000000, 0.9721515755180512000, 0.9721515755180512000, 1.000000000000000000 ) ) 
 REPRESENTATION_ITEM ( '' )  );
#7326 = CARTESIAN_POINT ( 'NONE',  ( -363.3325037834424100, 141.9740899135819900, -509.3156103644660700 ) ) ;
#7327 = CARTESIAN_POINT ( 'NONE',  ( -305.9537646996490700, -20.51144919222808500, 847.9286054992898000 ) ) ;
#7328 = EDGE_CURVE ( 'NONE', #3199, #5277, #1784, .T. ) ;
#7329 = CARTESIAN_POINT ( 'NONE',  ( -182.0928979570674400, 294.0628838712312900, 240.0000000000000000 ) ) ;
#7330 = FACE_OUTER_BOUND ( 'NONE', #6750, .T. ) ;
#7331 = CARTESIAN_POINT ( 'NONE',  ( -856.4765860467987300, 38.01061816479869300, 114.7730401309547000 ) ) ;
#7332 = PRODUCT ( '2026 Front Wing D_1', '2026 Front Wing D_1', '', ( #4959 ) ) ;
#7333 = CARTESIAN_POINT ( 'NONE',  ( -855.4052764537871100, 73.21699231938879400, 114.8776019093388500 ) ) ;
#7334 = CARTESIAN_POINT ( 'NONE',  ( -731.8165205886456300, 51.45799681608456700, -120.2917345085309900 ) ) ;
#7335 = CARTESIAN_POINT ( 'NONE',  ( -855.4052764537917700, 73.21699231938713100, -114.8776019093374900 ) ) ;
#7336 = CARTESIAN_POINT ( 'NONE',  ( -303.2451320953587700, 30.00000000000000000, 874.6142396099120300 ) ) ;
#7337 = CARTESIAN_POINT ( 'NONE',  ( -930.6696162560831500, -44.00615458561130600, -49.73878509517133800 ) ) ;
#7338 = CARTESIAN_POINT ( 'NONE',  ( -765.7232061239892600, -48.43925390850151300, -61.91252206166709700 ) ) ;
#7339 = CARTESIAN_POINT ( 'NONE',  ( -668.2451320953587100, -80.00000000000000000, -689.9999996933069000 ) ) ;
#7340 =( NAMED_UNIT ( * ) SI_UNIT ( $, .STERADIAN. ) SOLID_ANGLE_UNIT ( ) );
#7341 = CARTESIAN_POINT ( 'NONE',  ( -598.0982651880275400, -23.16055610677338100, -36.89919930641298200 ) ) ;
#7342 = CARTESIAN_POINT ( 'NONE',  ( -1001.583692288670900, 47.41521877727062400, 75.84046615297729900 ) ) ;
#7343 = EDGE_CURVE ( 'NONE', #3476, #7324, #2838, .T. ) ;
#7344 = VERTEX_POINT ( 'NONE', #5122 ) ;
#7345 = EDGE_LOOP ( 'NONE', ( #1097, #1412, #736, #6824 ) ) ;
#7346 = CARTESIAN_POINT ( 'NONE',  ( -308.7992690864780300, -80.00000000000000000, 501.6713962796285400 ) ) ;
#7347 = CARTESIAN_POINT ( 'NONE',  ( -720.5218967646291000, -42.84455594880284200, 62.35012099105503600 ) ) ;
#7348 = CARTESIAN_POINT ( 'NONE',  ( -258.7992690864763300, -5.173817837188766000, 795.0862408263325300 ) ) ;
#7349 = ADVANCED_FACE ( 'NONE', ( #1623 ), #805, .T. ) ;
#7350 = CARTESIAN_POINT ( 'NONE',  ( -463.5651015542642900, 17.47342239933954000, -209.7805853195551700 ) ) ;
#7351 = CARTESIAN_POINT ( 'NONE',  ( -895.0025691102605400, 24.94273628517549600, -109.6310241965547800 ) ) ;
#7352 = VERTEX_POINT ( 'NONE', #1985 ) ;
#7353 = CARTESIAN_POINT ( 'NONE',  ( -299.8451724167325100, -30.54447060016013900, 862.0460733012198500 ) ) ;
#7354 = CARTESIAN_POINT ( 'NONE',  ( -170.6011031739035700, 285.5274403795226600, 239.9999999999998900 ) ) ;
#7355 = CARTESIAN_POINT ( 'NONE',  ( -856.0528167478910300, 38.33678008681285100, 114.8146659380472600 ) ) ;
#7356 = EDGE_CURVE ( 'NONE', #7927, #5368, #491, .T. ) ;
#7357 = EDGE_CURVE ( 'NONE', #6412, #2417, #5473, .T. ) ;
#7358 = CARTESIAN_POINT ( 'NONE',  ( -997.3229168503174800, 1.412200658722141400, -78.43106737187423500 ) ) ;
#7359 = CARTESIAN_POINT ( 'NONE',  ( -431.7996972888042800, -16.49221840523748400, -824.6142396099119200 ) ) ;
#7360 = DIRECTION ( 'NONE',  ( -1.000000000000000000, 0.0000000000000000000, 0.0000000000000000000 ) ) ;
#7361 = CARTESIAN_POINT ( 'NONE',  ( -183.5296640228448600, 307.3520830694080800, 239.9999999999999100 ) ) ;
#7362 = ORIENTED_EDGE ( 'NONE', *, *, #2247, .F. ) ;
#7363 = CARTESIAN_POINT ( 'NONE',  ( -144.6562651326862000, 322.8664308143299900, 139.8637430237297100 ) ) ;
#7364 = CARTESIAN_POINT ( 'NONE',  ( -768.8176390360397400, -48.70707922968156100, -54.93332706916373800 ) ) ;
#7365 = CARTESIAN_POINT ( 'NONE',  ( -184.6267484020527800, 295.8919047183470100, -138.5313935814173800 ) ) ;
#7366 = CARTESIAN_POINT ( 'NONE',  ( -421.4908551515508200, -18.76164004028719700, 829.6142396099124900 ) ) ;
#7367 = CARTESIAN_POINT ( 'NONE',  ( -5.573406319792084700E-011, 145.4327230323256400, -144.6856185281506600 ) ) ;
#7368 = CARTESIAN_POINT ( 'NONE',  ( -153.6934471251005900, 345.8957141103820200, 114.8253298010665200 ) ) ;
#7369 = DIRECTION ( 'NONE',  ( 0.0000000000000000000, 1.000000000000000000, 0.0000000000000000000 ) ) ;
#7370 = CARTESIAN_POINT ( 'NONE',  ( -916.2188226148706500, 53.05136739624566600, -105.5957882377793700 ) ) ;
#7371 = CARTESIAN_POINT ( 'NONE',  ( -258.7992690864763300, -31.77050697638992500, 731.3018806866477900 ) ) ;
#7372 = CARTESIAN_POINT ( 'NONE',  ( -508.4660983488485000, -6.599668237361765200, 0.0000000000000000000 ) ) ;
#7373 = AXIS2_PLACEMENT_3D ( 'NONE', #4844, #2446, #529 ) ;
#7374 = CARTESIAN_POINT ( 'NONE',  ( -882.7857991206472000, 28.53472436016657800, -111.5622202937600100 ) ) ;
#7375 = ORIENTED_EDGE ( 'NONE', *, *, #2135, .F. ) ;
#7376 = ORIENTED_EDGE ( 'NONE', *, *, #7673, .T. ) ;
#7377 = FACE_OUTER_BOUND ( 'NONE', #1939, .T. ) ;
#7378 = CARTESIAN_POINT ( 'NONE',  ( -861.4566188129445000, 93.33712182569894400, -102.2140584719200300 ) ) ;
#7379 = CARTESIAN_POINT ( 'NONE',  ( -318.9906037083785000, -13.93374543036734500, 834.0252875587360700 ) ) ;
#7380 = VERTEX_POINT ( 'NONE', #2567 ) ;
#7381 = AXIS2_PLACEMENT_3D ( 'NONE', #2892, #432, #4040 ) ;
#7382 = CARTESIAN_POINT ( 'NONE',  ( -150.9426933981997400, 281.0580169883807000, 239.9999999999999700 ) ) ;
#7383 = CARTESIAN_POINT ( 'NONE',  ( -1005.401035527967500, 0.9582052237583832400, 42.93404041660109300 ) ) ;
#7384 = LINE ( 'NONE', #6490, #3934 ) ;
#7385 = B_SPLINE_CURVE_WITH_KNOTS ( 'NONE', 3,
 ( #3760, #2549, #3884, #248, #171, #4515, #6956, #4473, #4566, #2708, #7634, #2068, #5162, #7578, #195, #4496, #5087, #5694, #2623, #867, #5191, #7013, #4541, #3324, #3972, #3291, #1483, #838, #3265, #791, #5716, #5801, #2020, #6375, #5772, #2647, #279, #897 ),
 .UNSPECIFIED., .F., .F.,
 ( 4, 2, 2, 2, 2, 2, 2, 2, 2, 2, 2, 2, 2, 2, 2, 2, 2, 2, 4 ),
 ( 1.149115189230609200E-016, 0.0004797873260719718500, 0.0009595746521438287800, 0.001919149304287229900, 0.002878723956430631000, 0.003838298608574031900, 0.004797873260717432300, 0.005757447912860833500, 0.006717022565004234800, 0.007676597217147635200, 0.008636171869291036500, 0.009595746521434437800, 0.01055532117357783700, 0.01151489582572123700, 0.01247447047786463800, 0.01343404513000803800, 0.01439361978215143900, 0.01487340710822314200, 0.01535319443429484500 ),
 .UNSPECIFIED. ) ;
#7386 = EDGE_LOOP ( 'NONE', ( #3365, #1094, #3284, #1234 ) ) ;
#7387 = CARTESIAN_POINT ( 'NONE',  ( -999.6619914636834200, 1.280743169710117700, -49.89580563649104800 ) ) ;
#7388 = CARTESIAN_POINT ( 'NONE',  ( -802.4590550234877400, 19.34831278196676500, -93.71200958796377700 ) ) ;
#7389 = ORIENTED_EDGE ( 'NONE', *, *, #3468, .F. ) ;
#7390 = CARTESIAN_POINT ( 'NONE',  ( -732.0292283200511700, 51.41795547781588000, -120.2871615022315300 ) ) ;
#7391 = CARTESIAN_POINT ( 'NONE',  ( -182.5771381334976100, 309.1970489175340600, 240.0000000000000600 ) ) ;
#7392 = CARTESIAN_POINT ( 'NONE',  ( -930.8340912860213600, -44.05372242824076100, -69.73126554151106400 ) ) ;
#7393 = CARTESIAN_POINT ( 'NONE',  ( -857.1856712145763600, 78.45652726458470700, 114.0905180219930500 ) ) ;
#7394 = CARTESIAN_POINT ( 'NONE',  ( -931.3368994889730200, -43.98122368494096400, 69.69564257681527400 ) ) ;
#7395 = EDGE_CURVE ( 'NONE', #5452, #379, #5434, .T. ) ;
#7396 = CARTESIAN_POINT ( 'NONE',  ( -979.7195593237235000, -49.80385858583706200, 312.7510206763798200 ) ) ;
#7397 = CARTESIAN_POINT ( 'NONE',  ( -658.0707898217590400, 71.86193051735823200, 649.9999996933067900 ) ) ;
#7398 = CARTESIAN_POINT ( 'NONE',  ( -984.7083298120189700, 53.35580670079801300, 85.22959943904456300 ) ) ;
#7399 = AXIS2_PLACEMENT_3D ( 'NONE', #5061, #3809, #1376 ) ;
#7400 = ORIENTED_EDGE ( 'NONE', *, *, #4007, .T. ) ;
#7401 = CARTESIAN_POINT ( 'NONE',  ( -163.1726145640985800, 342.5587885959452000, 136.2845929364312100 ) ) ;
#7402 = CARTESIAN_POINT ( 'NONE',  ( -946.5066301737686000, 4.268108461688164800, -76.77176712034750500 ) ) ;
#7403 = CARTESIAN_POINT ( 'NONE',  ( -546.4056136859659300, -26.89191050651666300, 824.6142396099122600 ) ) ;
#7404 = CARTESIAN_POINT ( 'NONE',  ( -258.7992690864763300, -11.45098615964546300, 764.8261223806265400 ) ) ;
#7405 = CARTESIAN_POINT ( 'NONE',  ( -66.21846650045826300, 307.3490103397704700, -142.4783363114704900 ) ) ;
#7406 = CARTESIAN_POINT ( 'NONE',  ( -668.2451320953587100, -8.422134144268598600, -738.6275415067850600 ) ) ;
#7407 = CARTESIAN_POINT ( 'NONE',  ( -314.6941615486364300, -15.22942082273687900, 837.3651562063953400 ) ) ;
#7408 = VECTOR ( 'NONE', #5200, 1000.000000000000000 ) ;
#7409 = CARTESIAN_POINT ( 'NONE',  ( -153.4924192504935300, 281.2421078338484800, 239.9999999999999700 ) ) ;
#7410 = CARTESIAN_POINT ( 'NONE',  ( -199.9705377713446000, 275.0000000000000600, 573.3969816798161200 ) ) ;
#7411 = ADVANCED_FACE ( 'NONE', ( #4414 ), #3528, .F. ) ;
#7412 = CARTESIAN_POINT ( 'NONE',  ( -577.6248807457196800, 54.16390315882591000, 650.0000000000000000 ) ) ;
#7413 = EDGE_CURVE ( 'NONE', #3057, #5001, #6982, .T. ) ;
#7414 = LINE ( 'NONE', #4149, #5199 ) ;
#7415 = CARTESIAN_POINT ( 'NONE',  ( -668.2451320953587100, -80.00000000000000000, 819.6142396099120300 ) ) ;
#7416 = CARTESIAN_POINT ( 'NONE',  ( -668.2451320953587100, -19.79265199084487700, 782.9697812193544500 ) ) ;
#7417 = CARTESIAN_POINT ( 'NONE',  ( -721.5093510031267700, -27.39914864066250600, -0.0000000000000000000 ) ) ;
#7418 = CARTESIAN_POINT ( 'NONE',  ( -663.2641549523961000, -73.75391419146603800, -699.9999996933070200 ) ) ;
#7419 = ORIENTED_EDGE ( 'NONE', *, *, #5142, .F. ) ;
#7420 = CARTESIAN_POINT ( 'NONE',  ( -937.7335770625047600, -43.00660486751601000, -66.48176538527143000 ) ) ;
#7421 = CARTESIAN_POINT ( 'NONE',  ( -861.6893562705059800, 96.65153101497973900, 90.76437830641245300 ) ) ;
#7422 = CARTESIAN_POINT ( 'NONE',  ( -183.8155899356077600, 292.1935926995958500, -138.5584321969655300 ) ) ;
#7423 = CARTESIAN_POINT ( 'NONE',  ( -821.4466809218378100, 110.8283606163735700, 92.63126309991223200 ) ) ;
#7424 = LINE ( 'NONE', #3231, #2605 ) ;
#7425 = EDGE_LOOP ( 'NONE', ( #6998, #1247, #2003, #204, #7025, #4926, #2261, #2718, #6284, #4100, #3623, #328, #2179, #4892 ) ) ;
#7426 = CARTESIAN_POINT ( 'NONE',  ( -160.0242670319483100, 343.6670928089226300, 136.9796290455358000 ) ) ;
#7427 = CARTESIAN_POINT ( 'NONE',  ( -547.7297790996881300, -4.872327340298964400, -0.0000000000000000000 ) ) ;
#7428 = CARTESIAN_POINT ( 'NONE',  ( -668.2451320953590500, -21.82662591340005100, 805.1709310579821000 ) ) ;
#7429 = CARTESIAN_POINT ( 'NONE',  ( -21.51638725317691600, 299.5994828275084400, -143.9684056197132200 ) ) ;
#7430 = CARTESIAN_POINT ( 'NONE',  ( -668.2451320953584900, -13.48054183337262300, -792.9460527864970300 ) ) ;
#7431 = AXIS2_PLACEMENT_3D ( 'NONE', #1133, #487, #6635 ) ;
#7432 = CARTESIAN_POINT ( 'NONE',  ( -598.2451320953588300, 30.00000000000000000, 829.6142396099121500 ) ) ;
#7433 = CARTESIAN_POINT ( 'NONE',  ( -181.4719185879132200, 309.6131233029224200, 113.6226695422162200 ) ) ;
#7434 = AXIS2_PLACEMENT_3D ( 'NONE', #6286, #7464, #136 ) ;
#7435 = CARTESIAN_POINT ( 'NONE',  ( -145.6038534420276600, 281.0769805873935100, 240.0000000000000000 ) ) ;
#7436 = B_SPLINE_CURVE_WITH_KNOTS ( 'NONE', 2,
 ( #6813, #7427, #6837 ),
 .UNSPECIFIED., .F., .F.,
 ( 3, 3 ),
 ( 0.0000000000000000000, 1.000000000000000000 ),
 .UNSPECIFIED. ) ;
#7437 = ORIENTED_EDGE ( 'NONE', *, *, #3197, .T. ) ;
#7438 = VERTEX_POINT ( 'NONE', #238 ) ;
#7439 = CARTESIAN_POINT ( 'NONE',  ( -923.9796269583836200, 74.73396668328261700, 103.9668674994734400 ) ) ;
#7440 = CARTESIAN_POINT ( 'NONE',  ( -930.0000000000558200, 7.164169077462492700, -69.73844108900408400 ) ) ;
#7441 = CARTESIAN_POINT ( 'NONE',  ( -258.7992690864762200, -33.60388763643686600, 744.1861339842932900 ) ) ;
#7442 = EDGE_LOOP ( 'NONE', ( #2255, #604, #7257, #3147 ) ) ;
#7443 = CARTESIAN_POINT ( 'NONE',  ( -4.817501171858571000, 400.0000000000000000, -144.5250351557572200 ) ) ;
#7444 = CARTESIAN_POINT ( 'NONE',  ( -662.5587956161653000, -75.03622270455662100, -699.9999996933067900 ) ) ;
#7445 = CARTESIAN_POINT ( 'NONE',  ( -939.3920160769610000, -42.70012711492388700, -55.52262901820211000 ) ) ;
#7446 = DIRECTION ( 'NONE',  ( 1.000000000000000000, 0.0000000000000000000, -3.265361837132812600E-016 ) ) ;
#7447 = CARTESIAN_POINT ( 'NONE',  ( -532.1764711619968000, 0.3009072780147646900, 69.90283081991590600 ) ) ;
#7448 = VECTOR ( 'NONE', #5130, 1000.000000000000000 ) ;
#7449 = CARTESIAN_POINT ( 'NONE',  ( -989.1354529455017000, 51.79733859293575200, 83.30622482077346500 ) ) ;
#7450 = ORIENTED_EDGE ( 'NONE', *, *, #1989, .T. ) ;
#7451 = ADVANCED_FACE ( 'NONE', ( #7964 ), #3585, .T. ) ;
#7452 = CARTESIAN_POINT ( 'NONE',  ( -171.6170924311556100, 318.0242704586488600, 138.9650487803930600 ) ) ;
#7453 = CARTESIAN_POINT ( 'NONE',  ( -5.573319583618285800E-011, 400.0000000000000000, -119.9484447048561200 ) ) ;
#7454 = CARTESIAN_POINT ( 'NONE',  ( -469.0710157804053900, 28.03962429833553600, 71.65342119842550500 ) ) ;
#7455 = CARTESIAN_POINT ( 'NONE',  ( -258.7992690864763300, -12.76164908551627200, 839.7487169674111600 ) ) ;
#7456 = CARTESIAN_POINT ( 'NONE',  ( -163.5588102887080300, 315.7720415483884200, -139.2336581851956500 ) ) ;
#7457 = CARTESIAN_POINT ( 'NONE',  ( -668.2451320953588300, -7.665048922251375400, -778.4385559384875300 ) ) ;
#7458 = DIRECTION ( 'NONE',  ( -6.530723674265633100E-016, -0.0000000000000000000, -1.000000000000000000 ) ) ;
#7459 = CARTESIAN_POINT ( 'NONE',  ( -952.6493089578782500, 4.639893669536637500, -106.7233425654925000 ) ) ;
#7460 = CARTESIAN_POINT ( 'NONE',  ( -294.2244260978631000, 19.99999999999999300, 649.4730955496891100 ) ) ;
#7461 = ORIENTED_EDGE ( 'NONE', *, *, #6768, .T. ) ;
#7462 = CARTESIAN_POINT ( 'NONE',  ( -413.0707898217584700, 61.93453721306596500, 650.0000000000000000 ) ) ;
#7463 = ORIENTED_EDGE ( 'NONE', *, *, #2450, .T. ) ;
#7464 = DIRECTION ( 'NONE',  ( 0.5385643568985994900, 0.1895893447681801800, -0.8209776573261722300 ) ) ;
#7465 = CARTESIAN_POINT ( 'NONE',  ( -258.7992690864762700, -16.71658094307105100, 820.3799104088340100 ) ) ;
#7466 = CARTESIAN_POINT ( 'NONE',  ( -734.6921064682864000, 124.4159463903512100, 118.6275776338026300 ) ) ;
#7467 =( BOUNDED_CURVE ( )  B_SPLINE_CURVE ( 3, ( #4188, #5917, #7203, #6001 ),
 .UNSPECIFIED., .F., .F. ) 
 B_SPLINE_CURVE_WITH_KNOTS ( ( 4, 4 ),
 ( 5.702601151252221900, 6.863769463106950600 ),
 .UNSPECIFIED. ) 
 CURVE ( )  GEOMETRIC_REPRESENTATION_ITEM ( )  RATIONAL_B_SPLINE_CURVE ( ( 1.000000000000000000, 0.8907615838572671100, 0.8907615838572671100, 1.000000000000000000 ) ) 
 REPRESENTATION_ITEM ( '' )  );
#7468 = CARTESIAN_POINT ( 'NONE',  ( -721.2497326902922600, -38.01434301723115500, -123.2482987937306100 ) ) ;
#7469 = CARTESIAN_POINT ( 'NONE',  ( -896.0995706123065900, 59.53232690312267300, -109.8103645719365200 ) ) ;
#7470 = CARTESIAN_POINT ( 'NONE',  ( -858.1257941851189300, 81.36043793417363200, 113.0815573237748900 ) ) ;
#7471 = CARTESIAN_POINT ( 'NONE',  ( -111.2734106630676800, 280.1433059851998500, -140.9765048393835800 ) ) ;
#7472 = ORIENTED_EDGE ( 'NONE', *, *, #3224, .T. ) ;
#7473 = CIRCLE ( 'NONE', #407, 19.99999999999998900 ) ;
#7474 = CARTESIAN_POINT ( 'NONE',  ( -731.4909181303223700, 51.41795547781588000, -95.29295773136428200 ) ) ;
#7475 = CARTESIAN_POINT ( 'NONE',  ( -957.6679311350740100, 24.00420353638592300, 94.47591096613183500 ) ) ;
#7476 = ORIENTED_EDGE ( 'NONE', *, *, #774, .T. ) ;
#7477 = FACE_OUTER_BOUND ( 'NONE', #1690, .T. ) ;
#7478 = CARTESIAN_POINT ( 'NONE',  ( -810.0711206337946400, -76.22238607692064200, -312.7521233735409400 ) ) ;
#7479 = CARTESIAN_POINT ( 'NONE',  ( -668.2451320953587100, -70.00000000000000000, -689.9999996933069000 ) ) ;
#7480 = CARTESIAN_POINT ( 'NONE',  ( -20.59857779524281800, 299.3725009474484900, -143.9989992683110800 ) ) ;
#7481 = EDGE_CURVE ( 'NONE', #1990, #256, #7910, .T. ) ;
#7482 = CARTESIAN_POINT ( 'NONE',  ( -258.7992690864763300, -21.56411071528755500, -744.6749981601170700 ) ) ;
#7483 = ORIENTED_EDGE ( 'NONE', *, *, #7767, .T. ) ;
#7484 = CARTESIAN_POINT ( 'NONE',  ( -418.8108414987674500, 78.87170263032058400, 650.0000000000000000 ) ) ;
#7485 = CARTESIAN_POINT ( 'NONE',  ( -308.7992690864780300, 20.00000000000000400, -511.6713962796286500 ) ) ;
#7486 = FACE_OUTER_BOUND ( 'NONE', #3647, .T. ) ;
#7487 = CARTESIAN_POINT ( 'NONE',  ( -215.9181161961220100, 20.00000000000001100, 617.5920786935261000 ) ) ;
#7488 = ORIENTED_EDGE ( 'NONE', *, *, #4864, .T. ) ;
#7489 = CARTESIAN_POINT ( 'NONE',  ( -731.8165205886451800, 51.43860034523068200, 120.2917345085317200 ) ) ;
#7490 = ORIENTED_EDGE ( 'NONE', *, *, #3699, .T. ) ;
#7491 = CARTESIAN_POINT ( 'NONE',  ( -258.7992690864762700, -38.43300487926251900, 738.3388081641214700 ) ) ;
#7492 = CARTESIAN_POINT ( 'NONE',  ( -736.7074765592549300, 130.4192903715942000, 115.0506835282282900 ) ) ;
#7493 = CARTESIAN_POINT ( 'NONE',  ( -728.9344611486225200, 26.54871702395366700, -95.29553301665272600 ) ) ;
#7494 = CARTESIAN_POINT ( 'NONE',  ( -248.9550154354621200, 20.00000000000000400, -647.6094243634167900 ) ) ;
#7495 = CARTESIAN_POINT ( 'NONE',  ( -768.5097169517030100, -48.68694465982610400, 64.44224947651088100 ) ) ;
#7496 = CARTESIAN_POINT ( 'NONE',  ( -367.9313192756203000, 108.1367673492333400, 593.0918799415274000 ) ) ;
#7497 = EDGE_CURVE ( 'NONE', #1310, #5452, #6721, .T. ) ;
#7498 = LINE ( 'NONE', #3263, #6451 ) ;
#7499 = DIRECTION ( 'NONE',  ( -0.0000000000000000000, -0.0000000000000000000, 1.000000000000000000 ) ) ;
#7500 = CARTESIAN_POINT ( 'NONE',  ( -1028.454700717593400, 37.41061960111522900, 1.298294166552235600 ) ) ;
#7501 = CARTESIAN_POINT ( 'NONE',  ( -668.2451320953587100, -70.00000000000000000, 829.6142396099121500 ) ) ;
#7502 = CARTESIAN_POINT ( 'NONE',  ( -801.4150016023038500, -73.21928833898205400, 0.0000000000000000000 ) ) ;
#7503 = CARTESIAN_POINT ( 'NONE',  ( -507.2785082200171000, -3.378360235900620200, 70.37590193537735700 ) ) ;
#7504 = CARTESIAN_POINT ( 'NONE',  ( -237.2066445939004200, 274.9999999999998900, -614.7399483976357700 ) ) ;
#7505 = FACE_OUTER_BOUND ( 'NONE', #3300, .T. ) ;
#7506 = CARTESIAN_POINT ( 'NONE',  ( -184.1267828336369200, 300.6456808668255600, -138.5480591003645800 ) ) ;
#7507 = CARTESIAN_POINT ( 'NONE',  ( -258.7992690864763300, -7.181450752989019500, -779.6613914698371000 ) ) ;
#7508 = DIRECTION ( 'NONE',  ( 0.0000000000000000000, 0.0000000000000000000, 1.000000000000000000 ) ) ;
#7509 = ORIENTED_EDGE ( 'NONE', *, *, #5305, .F. ) ;
#7510 = CARTESIAN_POINT ( 'NONE',  ( -806.5265318825047400, 44.18807964938126500, -118.6826832006815500 ) ) ;
#7511 = EDGE_CURVE ( 'NONE', #2615, #4269, #553, .T. ) ;
#7512 = EDGE_CURVE ( 'NONE', #3336, #3995, #7292, .T. ) ;
#7513 = ORIENTED_EDGE ( 'NONE', *, *, #930, .T. ) ;
#7514 = CARTESIAN_POINT ( 'NONE',  ( -769.1872778920909500, -49.25061185733253700, -54.84248903169684300 ) ) ;
#7515 = B_SPLINE_CURVE_WITH_KNOTS ( 'NONE', 3,
 ( #6930, #1991, #788, #3239 ),
 .UNSPECIFIED., .F., .F.,
 ( 4, 4 ),
 ( 0.0000000000000000000, 9.996333034319696200E-005 ),
 .UNSPECIFIED. ) ;
#7516 = CARTESIAN_POINT ( 'NONE',  ( -372.4858471441371000, 106.2344382435709300, -593.0514773797333400 ) ) ;
#7517 = CARTESIAN_POINT ( 'NONE',  ( -668.2451320953587100, -28.14137307134268400, 722.5059062165192900 ) ) ;
#7518 = FACE_OUTER_BOUND ( 'NONE', #2419, .T. ) ;
#7519 = DIRECTION ( 'NONE',  ( -0.0000000000000000000, -1.000000000000000000, -0.0000000000000000000 ) ) ;
#7520 = CARTESIAN_POINT ( 'NONE',  ( -918.9483379989701500, 76.50511764219056900, -81.22163257603104100 ) ) ;
#7521 = CARTESIAN_POINT ( 'NONE',  ( -173.8262423272121900, 20.00000000000000400, -573.6614295252920800 ) ) ;
#7522 = CARTESIAN_POINT ( 'NONE',  ( -766.8680312511140800, -48.53791833866017000, 56.02408669507581600 ) ) ;
#7523 = CARTESIAN_POINT ( 'NONE',  ( -43.81882287036725600, 289.8306502482418500, -143.2249910991403100 ) ) ;
#7524 = EDGE_CURVE ( 'NONE', #4995, #3676, #4684, .T. ) ;
#7525 = CARTESIAN_POINT ( 'NONE',  ( -598.2451320953588300, 30.00000000000000000, -824.6142396099121500 ) ) ;
#7526 = CARTESIAN_POINT ( 'NONE',  ( -969.8308515967182800, 2.957272304234565200, 68.79590352574993500 ) ) ;
#7527 = CARTESIAN_POINT ( 'NONE',  ( -919.9065705998670000, 67.66672058828810100, -99.16993440023492200 ) ) ;
#7528 = CARTESIAN_POINT ( 'NONE',  ( -1025.528095748797800, 24.49074053889314900, 49.74942052518749600 ) ) ;
#7529 = CARTESIAN_POINT ( 'NONE',  ( -215.2195939064656000, 274.9999999999999400, -604.9006069085384100 ) ) ;
#7530 = CARTESIAN_POINT ( 'NONE',  ( -940.0484129154273200, 5.873923543841884000, -62.06784654588497600 ) ) ;
#7531 = CARTESIAN_POINT ( 'NONE',  ( -1029.624234284731800, 36.30508039586155200, -12.17064020106210600 ) ) ;
#7532 = ORIENTED_EDGE ( 'NONE', *, *, #2005, .T. ) ;
#7533 = EDGE_LOOP ( 'NONE', ( #4807, #1508, #1408, #2377, #5907, #4549 ) ) ;
#7534 = CARTESIAN_POINT ( 'NONE',  ( -767.7006262591858100, 23.42789570974004900, -55.42311966974517600 ) ) ;
#7535 = ORIENTED_EDGE ( 'NONE', *, *, #6066, .T. ) ;
#7536 = EDGE_CURVE ( 'NONE', #2918, #3909, #2645, .T. ) ;
#7537 = CARTESIAN_POINT ( 'NONE',  ( -531.9501749664385700, -5.650588350028089100, -69.73714230385326100 ) ) ;
#7538 = DIRECTION ( 'NONE',  ( 1.000000000000000000, 0.0000000000000000000, -3.088707198718619700E-016 ) ) ;
#7539 = CARTESIAN_POINT ( 'NONE',  ( -769.3183687652835900, -49.25060836388760100, 54.81622354801171300 ) ) ;
#7540 = CARTESIAN_POINT ( 'NONE',  ( -616.9319087001720200, 22.69240075583863700, -451.2367140275673600 ) ) ;
#7541 = CARTESIAN_POINT ( 'NONE',  ( 3.914545949255123300, 375.1674090797846500, 144.8161033931276300 ) ) ;
#7542 = CARTESIAN_POINT ( 'NONE',  ( -515.1253989649039800, 7.202741035155859200, 210.5078935649555100 ) ) ;
#7543 = CARTESIAN_POINT ( 'NONE',  ( -964.3867633542596400, 60.50955243315193900, 92.40514392433671300 ) ) ;
#7544 = CARTESIAN_POINT ( 'NONE',  ( -23.35382240621721600, 293.6700799439358300, -143.9071577812785800 ) ) ;
#7545 = CARTESIAN_POINT ( 'NONE',  ( -948.7841062061085000, 5.018420375086949800, 81.73844108900584600 ) ) ;
#7546 = DIRECTION ( 'NONE',  ( 3.088707198718619700E-016, 0.0000000000000000000, -1.000000000000000000 ) ) ;
#7547 = ORIENTED_EDGE ( 'NONE', *, *, #7255, .T. ) ;
#7548 = DIRECTION ( 'NONE',  ( 3.389407260298388800E-017, 1.000000000000000000, 0.0000000000000000000 ) ) ;
#7549 = CARTESIAN_POINT ( 'NONE',  ( -970.5218452665625400, -46.52138065281847900, -62.35021923255894900 ) ) ;
#7550 = DIRECTION ( 'NONE',  ( -0.0000000000000000000, -1.000000000000000000, -0.0000000000000000000 ) ) ;
#7551 = CARTESIAN_POINT ( 'NONE',  ( -668.2451320953583700, -64.04258652743047300, 690.6239169701715400 ) ) ;
#7552 = CARTESIAN_POINT ( 'NONE',  ( -249.8029739625469300, 19.99999999999999600, -647.9913977444305100 ) ) ;
#7553 = CARTESIAN_POINT ( 'NONE',  ( -668.2451320953586000, -57.65583929845153200, -691.9609938912910800 ) ) ;
#7554 = CARTESIAN_POINT ( 'NONE',  ( -258.7992690864763300, -17.35719864142572200, -778.1043591408894100 ) ) ;
#7555 = ORIENTED_EDGE ( 'NONE', *, *, #6282, .T. ) ;
#7556 = CARTESIAN_POINT ( 'NONE',  ( -768.5327727875547900, 23.42789570974004900, -64.44382433090153500 ) ) ;
#7557 = CARTESIAN_POINT ( 'NONE',  ( -966.0375125829712000, -38.04515784016426500, 0.0000000000000000000 ) ) ;
#7558 =( BOUNDED_CURVE ( )  B_SPLINE_CURVE ( 3, ( #7299, #7946, #595, #1849 ),
 .UNSPECIFIED., .F., .F. ) 
 B_SPLINE_CURVE_WITH_KNOTS ( ( 4, 4 ),
 ( 4.809384199351082900, 4.918036579829275100 ),
 .UNSPECIFIED. ) 
 CURVE ( )  GEOMETRIC_REPRESENTATION_ITEM ( )  RATIONAL_B_SPLINE_CURVE ( ( 1.000000000000000000, 0.9990164636158436200, 0.9990164636158436200, 1.000000000000000000 ) ) 
 REPRESENTATION_ITEM ( '' )  );
#7559 = CARTESIAN_POINT ( 'NONE',  ( -145.6831152621752200, 281.0728718860407300, 239.9999999999998900 ) ) ;
#7560 = EDGE_LOOP ( 'NONE', ( #3939, #1123, #2334, #5484 ) ) ;
#7561 = FACE_OUTER_BOUND ( 'NONE', #723, .T. ) ;
#7562 = CARTESIAN_POINT ( 'NONE',  ( -530.2061565769819300, -7.705684670995872000, 0.0000000000000000000 ) ) ;
#7563 = ORIENTED_EDGE ( 'NONE', *, *, #3498, .T. ) ;
#7564 = DIRECTION ( 'NONE',  ( -0.0000000000000000000, -0.0000000000000000000, 1.000000000000000000 ) ) ;
#7565 = CARTESIAN_POINT ( 'NONE',  ( -668.2451320953588300, -67.60367729139834100, 819.4131409420060700 ) ) ;
#7566 = CARTESIAN_POINT ( 'NONE',  ( -855.3638864233428200, 400.0000000000000000, -114.8816014359633800 ) ) ;
#7567 = CARTESIAN_POINT ( 'NONE',  ( -663.0707898217588100, 63.20167647951369400, -649.9999996933067900 ) ) ;
#7568 = CARTESIAN_POINT ( 'NONE',  ( -802.3608228219858300, -55.78052167908376200, 0.0000000000000000000 ) ) ;
#7569 = CARTESIAN_POINT ( 'NONE',  ( -184.6267484020548600, 283.4185262867598600, -137.9225819429058500 ) ) ;
#7570 = CYLINDRICAL_SURFACE ( 'NONE', #1174, 44.99999999999992900 ) ;
#7571 = VERTEX_POINT ( 'NONE', #3463 ) ;
#7572 = VECTOR ( 'NONE', #1027, 1000.000000000000000 ) ;
#7573 = CARTESIAN_POINT ( 'NONE',  ( -766.4232414764903800, 22.87736899448344700, -56.48254110968441200 ) ) ;
#7574 = ORIENTED_EDGE ( 'NONE', *, *, #5016, .F. ) ;
#7575 = CARTESIAN_POINT ( 'NONE',  ( -930.0000000000558200, -51.00000000000041200, 69.73844108900586000 ) ) ;
#7576 = CARTESIAN_POINT ( 'NONE',  ( -534.0300862400527000, -11.13421401238134900, -0.0000000000000000000 ) ) ;
#7577 = DIRECTION ( 'NONE',  ( 1.000000000000000000, 0.0000000000000000000, -6.530723674265633100E-016 ) ) ;
#7578 = CARTESIAN_POINT ( 'NONE',  ( -765.8750742251767200, 22.93105206289046500, 62.20493807403948200 ) ) ;
#7579 = CARTESIAN_POINT ( 'NONE',  ( -302.9569381587111800, 275.0000000000000600, -648.5980923259061200 ) ) ;
#7580 = CARTESIAN_POINT ( 'NONE',  ( -258.7992690864780900, -70.00000000000000000, -651.3187184546429800 ) ) ;
#7581 = CARTESIAN_POINT ( 'NONE',  ( -937.7446909213163100, 6.099531449283612800, -66.46951148271168100 ) ) ;
#7582 = CARTESIAN_POINT ( 'NONE',  ( -1037.972327818461700, -0.8723222290173726600, -47.39474317472311100 ) ) ;
#7583 = CARTESIAN_POINT ( 'NONE',  ( -668.2451320953587100, -32.68409736124925000, -717.4048729347281300 ) ) ;
#7584 = ORIENTED_EDGE ( 'NONE', *, *, #772, .T. ) ;
#7585 = CARTESIAN_POINT ( 'NONE',  ( -930.5701785369145700, 7.164169369840226200, 49.73564145465413600 ) ) ;
#7586 = CARTESIAN_POINT ( 'NONE',  ( -162.1868132481971300, 282.7314311018927200, 239.9999999999999700 ) ) ;
#7587 = CARTESIAN_POINT ( 'NONE',  ( -393.8887080982341300, 87.29250983550710400, -509.9464644161665200 ) ) ;
#7588 = LINE ( 'NONE', #822, #4349 ) ;
#7589 = ADVANCED_FACE ( 'NONE', ( #7561 ), #1065, .F. ) ;
#7590 = CARTESIAN_POINT ( 'NONE',  ( -19.35423172418532200, 96.03926740997681600, 78.21002679207811100 ) ) ;
#7591 = CARTESIAN_POINT ( 'NONE',  ( -258.7992690864762700, -76.46171649414300500, 888.5043643236193700 ) ) ;
#7592 = CARTESIAN_POINT ( 'NONE',  ( -939.5916698582397000, 7.164169077462492700, -55.82306097604182300 ) ) ;
#7593 = CARTESIAN_POINT ( 'NONE',  ( -543.7093750069233200, -4.444517910330201700, 69.79237180920748100 ) ) ;
#7594 = CARTESIAN_POINT ( 'NONE',  ( -765.8745106486501300, -48.45315784572763800, 62.20392493036212800 ) ) ;
#7595 = CARTESIAN_POINT ( 'NONE',  ( -913.9420158454349800, 24.63547529036973700, -106.0693668942717100 ) ) ;
#7596 = CARTESIAN_POINT ( 'NONE',  ( -769.7568715191218900, 22.55090022205414600, -54.75735507233607500 ) ) ;
#7597 = CARTESIAN_POINT ( 'NONE',  ( -1097.273763433207500, -4.205100827850683000, 2.642316590469601800 ) ) ;
#7598 = FACE_OUTER_BOUND ( 'NONE', #2009, .T. ) ;
#7599 = CARTESIAN_POINT ( 'NONE',  ( -765.2966510221904200, 22.98769815457095300, -58.93557897508814800 ) ) ;
#7600 = CARTESIAN_POINT ( 'NONE',  ( -1029.466181210385200, 36.51509197516949700, 11.02842817992251200 ) ) ;
#7601 = CARTESIAN_POINT ( 'NONE',  ( -919.6200559824820900, 75.95733513052448400, -85.03501931317170200 ) ) ;
#7602 = CARTESIAN_POINT ( 'NONE',  ( -668.2451320953587100, 274.9999999999999400, -659.9999996933069000 ) ) ;
#7603 = DIRECTION ( 'NONE',  ( -0.03125000000000003500, 0.0000000000000000000, -0.9995115994824672600 ) ) ;
#7604 = CARTESIAN_POINT ( 'NONE',  ( -375.4209598999160600, 92.92953237961236800, -569.1364520728456000 ) ) ;
#7605 = CARTESIAN_POINT ( 'NONE',  ( -323.0650776110750300, -15.79887416903811100, -837.3094753825098500 ) ) ;
#7606 = CARTESIAN_POINT ( 'NONE',  ( -668.2451320953588300, -33.41415992668320500, -703.4653948220470700 ) ) ;
#7607 = CYLINDRICAL_SURFACE ( 'NONE', #4753, 44.99999999999992900 ) ;
#7608 = UNCERTAINTY_MEASURE_WITH_UNIT (LENGTH_MEASURE( 1.000000000000000100E-005 ), #1775, 'distance_accuracy_value', 'NONE');
#7609 = CARTESIAN_POINT ( 'NONE',  ( -1039.273509296891200, -0.9454494600902895200, -46.55409187755806500 ) ) ;
#7610 = VERTEX_POINT ( 'NONE', #416 ) ;
#7611 = CARTESIAN_POINT ( 'NONE',  ( -258.7992690864762200, -15.29635728229683500, -789.2356729719924700 ) ) ;
#7612 = EDGE_CURVE ( 'NONE', #1965, #330, #3688, .T. ) ;
#7613 = EDGE_CURVE ( 'NONE', #7048, #940, #3737, .T. ) ;
#7614 = CARTESIAN_POINT ( 'NONE',  ( -769.9248101595751500, -49.25061185733253700, -54.74743358702337300 ) ) ;
#7615 = CARTESIAN_POINT ( 'NONE',  ( -932.9731677081913400, 7.164169369840226200, 50.07646085316138600 ) ) ;
#7616 = CARTESIAN_POINT ( 'NONE',  ( -132.7412210387071500, 282.5035867286851500, 239.9999999999999400 ) ) ;
#7617 = CARTESIAN_POINT ( 'NONE',  ( -372.1066412079341600, 104.4739540227479900, -593.0110748179392900 ) ) ;
#7618 = CARTESIAN_POINT ( 'NONE',  ( -1009.934110109097100, 23.85787678726072500, -71.11996021954529100 ) ) ;
#7619 = CARTESIAN_POINT ( 'NONE',  ( -966.0375125829712000, -38.04515784016415800, -0.0000000000000000000 ) ) ;
#7620 = CARTESIAN_POINT ( 'NONE',  ( 2.038546750207003200E-013, 274.9999999999999400, 659.9999996933066800 ) ) ;
#7621 = CARTESIAN_POINT ( 'NONE',  ( -916.1761530242782800, 26.27102378859763500, -105.6062142766411800 ) ) ;
#7622 = CARTESIAN_POINT ( 'NONE',  ( -1008.043324286608700, 0.8097069060459792800, 38.82979980796115900 ) ) ;
#7623 = CARTESIAN_POINT ( 'NONE',  ( -1087.772383252072600, -3.671117186494152800, 13.26011405990523300 ) ) ;
#7624 = CARTESIAN_POINT ( 'NONE',  ( -147.2693089951841900, 322.9865390405052500, 240.0000000000000000 ) ) ;
#7625 = ORIENTED_EDGE ( 'NONE', *, *, #5273, .T. ) ;
#7626 = ORIENTED_EDGE ( 'NONE', *, *, #7241, .T. ) ;
#7627 = EDGE_CURVE ( 'NONE', #1883, #272, #7283, .T. ) ;
#7628 = AXIS2_PLACEMENT_3D ( 'NONE', #3708, #4917, #4856 ) ;
#7629 = ORIENTED_EDGE ( 'NONE', *, *, #2981, .T. ) ;
#7630 = CARTESIAN_POINT ( 'NONE',  ( -257.1072835119386500, 20.00000000000000400, 650.9169077990079600 ) ) ;
#7631 = CARTESIAN_POINT ( 'NONE',  ( 4.747416705071056100, 375.1674090797846500, 119.8299807186488000 ) ) ;
#7632 = CARTESIAN_POINT ( 'NONE',  ( -995.1635593470149400, 27.65220633256804200, 81.65449278019963200 ) ) ;
#7633 = CARTESIAN_POINT ( 'NONE',  ( -1004.706739009857800, 0.9972251318694932400, 73.27699704929960900 ) ) ;
#7634 = CARTESIAN_POINT ( 'NONE',  ( -766.8691952934900700, 22.83369588339003500, 63.45377964532089300 ) ) ;
#7635 = CARTESIAN_POINT ( 'NONE',  ( -410.0055209586288900, 68.64394721864033500, -571.5003841979898900 ) ) ;
#7636 = CARTESIAN_POINT ( 'NONE',  ( -193.5202520707960900, 20.00000000000000400, -605.3310038318181800 ) ) ;
#7637 = ADVANCED_FACE ( 'NONE', ( #2081 ), #5990, .F. ) ;
#7638 = FACE_OUTER_BOUND ( 'NONE', #409, .T. ) ;
#7639 = CARTESIAN_POINT ( 'NONE',  ( -258.7992690864762700, -41.68335742096629600, -721.7880502371356200 ) ) ;
#7640 = CARTESIAN_POINT ( 'NONE',  ( -1026.598354690978100, 25.45081108402424200, -47.63374830962951000 ) ) ;
#7641 = CARTESIAN_POINT ( 'NONE',  ( -258.7992690864763300, -19.74452583533710700, -770.0647135794619100 ) ) ;
#7642 = ORIENTED_EDGE ( 'NONE', *, *, #1079, .T. ) ;
#7643 = B_SPLINE_CURVE_WITH_KNOTS ( 'NONE', 3,
 ( #7335, #6650, #6733, #3008 ),
 .UNSPECIFIED., .F., .F.,
 ( 4, 4 ),
 ( 4.163336342344337000E-017, 0.0002546338832175056300 ),
 .UNSPECIFIED. ) ;
#7644 = PLANE ( 'NONE',  #5720 ) ;
#7645 = CARTESIAN_POINT ( 'NONE',  ( -939.5843747981613200, 7.164169369840226200, 55.80193453844437800 ) ) ;
#7646 = CARTESIAN_POINT ( 'NONE',  ( -138.4672339394651900, 281.7679873734120400, 239.9999999999999400 ) ) ;
#7647 = EDGE_CURVE ( 'NONE', #4954, #53, #7282, .T. ) ;
#7648 = CARTESIAN_POINT ( 'NONE',  ( -122.6711694559013200, 320.1934026928188400, 239.9999999999999100 ) ) ;
#7649 = CARTESIAN_POINT ( 'NONE',  ( -258.7992690864762700, -70.00000000000000000, -692.4999996933070200 ) ) ;
#7650 = CARTESIAN_POINT ( 'NONE',  ( -1627.599260275900900, -214.9999999999999700, -1100.000000000000000 ) ) ;
#7651 = CARTESIAN_POINT ( 'NONE',  ( -366.7937014670116600, 102.8553146867645300, 592.9706722561451200 ) ) ;
#7652 = CARTESIAN_POINT ( 'NONE',  ( -168.3225630098066600, 20.00000000000000400, -549.2914513037540000 ) ) ;
#7653 = CARTESIAN_POINT ( 'NONE',  ( -184.6267484020527000, 296.8509855691290200, -239.9999999999998900 ) ) ;
#7654 = CARTESIAN_POINT ( 'NONE',  ( -770.0781440828610600, 22.51943738479926800, -54.73844108900409100 ) ) ;
#7655 = ORIENTED_EDGE ( 'NONE', *, *, #3539, .T. ) ;
#7656 = CARTESIAN_POINT ( 'NONE',  ( -1028.502107916284300, 37.37427986146646900, -2.270267071920056200 ) ) ;
#7657 = CARTESIAN_POINT ( 'NONE',  ( -155.2752143074901900, 322.5589940303392500, 240.0000000000000000 ) ) ;
#7658 = VERTEX_POINT ( 'NONE', #1803 ) ;
#7659 = CARTESIAN_POINT ( 'NONE',  ( -219.5961690183051500, 275.0000000000000000, 609.7766177500244600 ) ) ;
#7660 = CARTESIAN_POINT ( 'NONE',  ( -281.5459293217033400, -70.18518248109019500, 699.9999996933069000 ) ) ;
#7661 = CARTESIAN_POINT ( 'NONE',  ( -593.7575160634745500, -25.02859990243446500, 123.2994300147123900 ) ) ;
#7662 = EDGE_LOOP ( 'NONE', ( #5537, #3599, #6208, #5136 ) ) ;
#7663 = CARTESIAN_POINT ( 'NONE',  ( -991.8975767202083500, 1.717108242852423400, 56.99050842854586600 ) ) ;
#7664 = CARTESIAN_POINT ( 'NONE',  ( -180.4878440881105100, 311.9312784896576400, 138.6693570585828500 ) ) ;
#7665 = CARTESIAN_POINT ( 'NONE',  ( -14.62674840205269300, 301.9390201686329600, 144.1980602480840900 ) ) ;
#7666 = CARTESIAN_POINT ( 'NONE',  ( -298.3986718076628200, -38.10876588735216300, -869.9188870427758500 ) ) ;
#7667 = EDGE_CURVE ( 'NONE', #2092, #5601, #6726, .T. ) ;
#7668 = CARTESIAN_POINT ( 'NONE',  ( -930.0000000000557100, 6.857983858691640400, -49.73844108900407700 ) ) ;
#7669 = CARTESIAN_POINT ( 'NONE',  ( -1014.771351115827000, 0.4315874963502548400, -22.13125143839190700 ) ) ;
#7670 = CARTESIAN_POINT ( 'NONE',  ( -668.2451320953586000, -46.40839134470837700, -707.1217925553929700 ) ) ;
#7671 = VERTEX_POINT ( 'NONE', #4306 ) ;
#7672 = FACE_OUTER_BOUND ( 'NONE', #6889, .T. ) ;
#7673 = EDGE_CURVE ( 'NONE', #2465, #4699, #5642, .T. ) ;
#7674 = DIRECTION ( 'NONE',  ( -1.000000000000000000, 0.0000000000000000000, 0.0000000000000000000 ) ) ;
#7675 = CARTESIAN_POINT ( 'NONE',  ( -668.2451320953587100, -80.00000000000000000, 689.9999996933069000 ) ) ;
#7676 = CARTESIAN_POINT ( 'NONE',  ( -933.9236489272241200, -44.47907115696418900, 50.39001465470448700 ) ) ;
#7677 = ORIENTED_EDGE ( 'NONE', *, *, #7667, .T. ) ;
#7678 = CARTESIAN_POINT ( 'NONE',  ( -113.6255683189418400, 284.9887508191621900, 240.0000000000000000 ) ) ;
#7679 = CARTESIAN_POINT ( 'NONE',  ( -814.2250733321146800, 87.31717162511223800, 117.6034664767232300 ) ) ;
#7680 = CARTESIAN_POINT ( 'NONE',  ( -42.00578268861308800, 308.7102488210434800, 240.0000000000000000 ) ) ;
#7681 = FACE_OUTER_BOUND ( 'NONE', #485, .T. ) ;
#7682 = CARTESIAN_POINT ( 'NONE',  ( -658.0707898217586900, 71.86193051735797600, 650.0000000000000000 ) ) ;
#7683 = CARTESIAN_POINT ( 'NONE',  ( -765.2977992004166500, -49.25060836388760100, 58.77309521595193300 ) ) ;
#7684 = EDGE_CURVE ( 'NONE', #2093, #781, #1510, .T. ) ;
#7685 = CARTESIAN_POINT ( 'NONE',  ( -663.0707898217588100, 63.20167647951369400, 650.0000000000000000 ) ) ;
#7686 = ORIENTED_EDGE ( 'NONE', *, *, #2545, .T. ) ;
#7687 = CARTESIAN_POINT ( 'NONE',  ( -401.1905413302769700, 86.53296445258416700, 509.9370181447180200 ) ) ;
#7688 = CARTESIAN_POINT ( 'NONE',  ( -930.0000000000558200, 7.164169369840226200, 69.73844108901323600 ) ) ;
#7689 = ORIENTED_EDGE ( 'NONE', *, *, #7135, .T. ) ;
#7690 = CARTESIAN_POINT ( 'NONE',  ( -1016.869336485797900, 0.3136793771081739000, 6.841688537813736200 ) ) ;
#7691 = CARTESIAN_POINT ( 'NONE',  ( -1016.985571136463900, 0.3071469154203950200, -3.419493017346964900 ) ) ;
#7692 = CARTESIAN_POINT ( 'NONE',  ( -147.8801966969735100, 322.9964554185056600, 240.0000000000000300 ) ) ;
#7693 = EDGE_LOOP ( 'NONE', ( #82, #107, #156, #1385 ) ) ;
#7694 = AXIS2_PLACEMENT_3D ( 'NONE', #7339, #633, #6120 ) ;
#7695 = CARTESIAN_POINT ( 'NONE',  ( -977.8172088364417500, -37.53297281724876900, 0.0000000000000000000 ) ) ;
#7696 = CARTESIAN_POINT ( 'NONE',  ( -1028.576682404451500, 27.68329054205706500, 42.15314106438376000 ) ) ;
#7697 = CARTESIAN_POINT ( 'NONE',  ( -918.9483379989701500, 76.50511764219056900, -81.22163257603104100 ) ) ;
#7698 = CARTESIAN_POINT ( 'NONE',  ( -617.2240088808476900, 12.83734477182192400, -451.2146373188919600 ) ) ;
#7699 = CARTESIAN_POINT ( 'NONE',  ( -210.8059987808846100, 274.9999999999998900, -588.2838888692115200 ) ) ;
#7700 = CIRCLE ( 'NONE', #3628, 38.00000000000003600 ) ;
#7701 = CARTESIAN_POINT ( 'NONE',  ( -15.15674222785323800, 302.6398512643158900, 144.1803937872240900 ) ) ;
#7702 = CARTESIAN_POINT ( 'NONE',  ( -940.3181599030206100, 5.847506704906583000, 60.39651228385541500 ) ) ;
#7703 = CARTESIAN_POINT ( 'NONE',  ( -1064.284014929458600, -2.351055868322728900, -29.65122492568857400 ) ) ;
#7704 = CARTESIAN_POINT ( 'NONE',  ( -668.2451320953586000, -32.68409736124925800, -802.2093663684906900 ) ) ;
#7705 = B_SPLINE_CURVE_WITH_KNOTS ( 'NONE', 3,
 ( #7417, #6921, #6899, #3899, #7540, #6288, #779 ),
 .UNSPECIFIED., .F., .F.,
 ( 4, 1, 1, 1, 4 ),
 ( 0.0000000000000000000, 0.1490010684283051300, 0.3542303876842902700, 0.5841602856976757500, 1.000000000000000000 ),
 .UNSPECIFIED. ) ;
#7706 = EDGE_CURVE ( 'NONE', #6682, #565, #747, .T. ) ;
#7707 = CIRCLE ( 'NONE', #6769, 102.8593517254403600 ) ;
#7708 = CARTESIAN_POINT ( 'NONE',  ( -730.5038850919469300, 38.97019605498206100, 117.0140719079333300 ) ) ;
#7709 = CARTESIAN_POINT ( 'NONE',  ( -497.9837345322556500, 56.56828094207282500, 576.1409615043545500 ) ) ;
#7710 = CARTESIAN_POINT ( 'NONE',  ( -117.2003287077925100, 284.5199041183079200, 239.9999999999999400 ) ) ;
#7711 = VERTEX_POINT ( 'NONE', #6718 ) ;
#7712 = CARTESIAN_POINT ( 'NONE',  ( -855.3638864233430500, 72.96577670751425200, 114.8816014359641600 ) ) ;
#7713 = CARTESIAN_POINT ( 'NONE',  ( -113.5253297609311900, 318.9980738421556900, 239.9999999999999100 ) ) ;
#7714 = CARTESIAN_POINT ( 'NONE',  ( -739.4335370044979100, 139.6992244574324200, -95.30066013804140800 ) ) ;
#7715 = CARTESIAN_POINT ( 'NONE',  ( -766.0224249922175700, -49.25060836388760100, 62.48885855261642800 ) ) ;
#7716 = LINE ( 'NONE', #2633, #1851 ) ;
#7717 = ORIENTED_EDGE ( 'NONE', *, *, #4720, .T. ) ;
#7718 = SURFACE_SIDE_STYLE ('',( #5105 ) ) ;
#7719 = CARTESIAN_POINT ( 'NONE',  ( -958.4916392531854400, 62.58479692522018900, -70.61166444868901200 ) ) ;
#7720 = CARTESIAN_POINT ( 'NONE',  ( -0.8074310349025399800, 97.85559110999430700, 40.68698456244212700 ) ) ;
#7721 = CARTESIAN_POINT ( 'NONE',  ( -977.3011235581049000, -37.34615154684571800, -62.35021923255894900 ) ) ;
#7722 = CARTESIAN_POINT ( 'NONE',  ( -1028.449823855923600, 37.41433348553561400, 0.4596685597287756800 ) ) ;
#7723 = CARTESIAN_POINT ( 'NONE',  ( -139.3160054814839000, 322.3370741861045300, 239.9999999999999400 ) ) ;
#7724 = FACE_OUTER_BOUND ( 'NONE', #5253, .T. ) ;
#7725 = CARTESIAN_POINT ( 'NONE',  ( -1029.133014436315300, 28.43963964583465700, 40.17412243194436900 ) ) ;
#7726 = CARTESIAN_POINT ( 'NONE',  ( -258.7992690864762700, -70.00000000000000000, 689.9999996933069000 ) ) ;
#7727 = CARTESIAN_POINT ( 'NONE',  ( -178.1861452253120900, 314.0489323540597300, 138.7460803539757100 ) ) ;
#7728 = CARTESIAN_POINT ( 'NONE',  ( -181.9412905997527600, 310.1649977692029000, 138.6209088414941800 ) ) ;
#7729 = CARTESIAN_POINT ( 'NONE',  ( -198.6359048933354900, 19.99999999999999300, -601.3094353378248800 ) ) ;
#7730 = CARTESIAN_POINT ( 'NONE',  ( -284.4311110713548500, 275.0000000000000000, -653.0428870076415300 ) ) ;
#7731 = CARTESIAN_POINT ( 'NONE',  ( -939.2475012264303600, 5.952358358919553000, 64.25154131935747200 ) ) ;
#7732 = PLANE ( 'NONE',  #5944 ) ;
#7733 = CARTESIAN_POINT ( 'NONE',  ( -258.7992690864761600, -61.76273021796379200, -881.7888043458817700 ) ) ;
#7734 = ORIENTED_EDGE ( 'NONE', *, *, #3013, .T. ) ;
#7735 = CARTESIAN_POINT ( 'NONE',  ( -856.8016394740775500, -50.78869975361210700, 67.44987458550431800 ) ) ;
#7736 = CARTESIAN_POINT ( 'NONE',  ( -1009.934110109097100, 21.48676239059106100, -71.11996021954532000 ) ) ;
#7737 = CARTESIAN_POINT ( 'NONE',  ( -4.817501171858412000, 400.0000000000000000, 144.5250351557572200 ) ) ;
#7738 = CARTESIAN_POINT ( 'NONE',  ( -138.2695380888132500, 281.7928818547993000, 240.0000000000000600 ) ) ;
#7739 = CARTESIAN_POINT ( 'NONE',  ( -129.0355806750042400, 321.0181309776148700, 239.9999999999999100 ) ) ;
#7740 = ORIENTED_EDGE ( 'NONE', *, *, #478, .F. ) ;
#7741 = PRESENTATION_STYLE_ASSIGNMENT (( #1272 ) ) ;
#7742 = CARTESIAN_POINT ( 'NONE',  ( -1007.589910239763600, 0.8351890653911335800, -39.56955737032584600 ) ) ;
#7743 = CARTESIAN_POINT ( 'NONE',  ( -710.0710341330011500, 575.0002284706995400, 0.0000000000000000000 ) ) ;
#7744 = SURFACE_STYLE_USAGE ( .BOTH. , #7718 ) ;
#7745 = CARTESIAN_POINT ( 'NONE',  ( -303.2451320953587700, 30.00000000000000000, -874.6142396099120300 ) ) ;
#7746 = ORIENTED_EDGE ( 'NONE', *, *, #1045, .T. ) ;
#7747 = CARTESIAN_POINT ( 'NONE',  ( -729.0432225372624100, 27.87178848488811100, -103.3772041278320300 ) ) ;
#7748 = CARTESIAN_POINT ( 'NONE',  ( -1033.286065446823800, 36.25511863746636700, -27.66881905560307700 ) ) ;
#7749 = CARTESIAN_POINT ( 'NONE',  ( -1015.791595595864200, 0.3742491042288547700, 17.06430000303003100 ) ) ;
#7750 = CARTESIAN_POINT ( 'NONE',  ( -146.5490484039569600, 322.9672979866980400, 239.9999999999999400 ) ) ;
#7751 = EDGE_CURVE ( 'NONE', #958, #7958, #4787, .T. ) ;
#7752 = CARTESIAN_POINT ( 'NONE',  ( -375.4209598999160600, 92.92953237961236800, 569.1364520728456000 ) ) ;
#7753 = DIRECTION ( 'NONE',  ( -0.0000000000000000000, -1.000000000000000000, 0.0000000000000000000 ) ) ;
#7754 = CARTESIAN_POINT ( 'NONE',  ( -153.2806047675745400, 322.8033342737987300, 139.5762650359001800 ) ) ;
#7755 = CARTESIAN_POINT ( 'NONE',  ( -34.48340785903694400, 296.5957297198643800, 143.5361715995180100 ) ) ;
#7756 = CARTESIAN_POINT ( 'NONE',  ( -278.4174206521062200, 274.9999999999999400, -650.6703023925605300 ) ) ;
#7757 = CARTESIAN_POINT ( 'NONE',  ( -932.3157417822781100, 6.631198832387765300, 49.93114197795662800 ) ) ;
#7758 = B_SPLINE_CURVE_WITH_KNOTS ( 'NONE', 3,
 ( #1225, #7365, #6805, #1892, #1793, #7422, #5572, #2449, #6198, #2500, #6707, #3754, #73, #6090, #2400, #6147, #6756, #3012, #4934, #3698, #1252, #4878, #3640, #5545, #7943, #1867, #5493, #1818, #2426, #6174, #2473, #761, #713, #5663, #2015, #6293, #2595, #6831, #1988, #784, #7471, #3827, #6902, #3211, #5688, #5028, #2569, #7523, #2520, #1320, #3857, #162, #3190, #4464, #7544, #188, #6855, #142, #1941, #3141, #3880, #4423, #5080, #5007, #98, #6315, #1964, #5617, #119, #1346, #2614, #732 ),
 .UNSPECIFIED., .F., .F.,
 ( 4, 2, 2, 2, 2, 2, 2, 2, 2, 2, 2, 2, 2, 2, 2, 2, 2, 2, 2, 2, 2, 2, 2, 2, 2, 2, 2, 2, 2, 2, 2, 2, 2, 2, 2, 4 ),
 ( 5.551115123125782700E-017, 0.002836524529059500200, 0.004254786793589231600, 0.005673049058118963100, 0.008509573587178609000, 0.009927835851708454900, 0.01134609811623830300, 0.01418262264529799600, 0.01701914717435769000, 0.02269219623247706000, 0.02552872076153671000, 0.02836524529059635300, 0.03403829434871565700, 0.03971134340683495800, 0.04538439246495426500, 0.04822091699401387400, 0.05105744152307347500, 0.05673049058119260200, 0.06240353963931174300, 0.06807658869743087000, 0.09076878492990732300, 0.1134609811623837800, 0.1361531773948602700, 0.1474992755110984800, 0.1588453736273366900, 0.1645184226854558300, 0.1701914717435749600, 0.1730279962726345200, 0.1758645208016941000, 0.1772827830662238900, 0.1787010453307536800, 0.1801193075952834400, 0.1808284387275482800, 0.1811830042936807300, 0.1813602870767469200, 0.1815375698598131500 ),
 .UNSPECIFIED. ) ;
#7759 = CARTESIAN_POINT ( 'NONE',  ( -663.1695586626004800, -73.85959226451329600, 699.9999996933070200 ) ) ;
#7760 = CARTESIAN_POINT ( 'NONE',  ( -668.2451320953583700, -41.07953499698818700, -809.2126921329348800 ) ) ;
#7761 = ORIENTED_EDGE ( 'NONE', *, *, #1912, .F. ) ;
#7762 = CARTESIAN_POINT ( 'NONE',  ( -729.7471788742047900, 32.69078746187291500, 111.8454724751041700 ) ) ;
#7763 = CARTESIAN_POINT ( 'NONE',  ( -992.5384999558579000, 50.59937321614901900, -58.96953282385597800 ) ) ;
#7764 = CARTESIAN_POINT ( 'NONE',  ( -916.1761530242782800, 52.78097960269511900, -105.6062142766411800 ) ) ;
#7765 = ADVANCED_FACE ( 'NONE', ( #4578, #6622 ), #3544, .T. ) ;
#7766 = CARTESIAN_POINT ( 'NONE',  ( -70.46871733123977300, 290.9006006652400600, 239.9999999999998600 ) ) ;
#7767 = EDGE_CURVE ( 'NONE', #7051, #3535, #1172, .T. ) ;
#7768 = CARTESIAN_POINT ( 'NONE',  ( -132.6505533992767300, 321.4847211054402000, 240.0000000000000000 ) ) ;
#7769 = CARTESIAN_POINT ( 'NONE',  ( -731.8151122645202800, 51.43873704579164800, -120.2917647316887700 ) ) ;
#7770 = CARTESIAN_POINT ( 'NONE',  ( -769.3164490974737600, -49.25060836388760100, 64.65611228018609300 ) ) ;
#7771 = EDGE_LOOP ( 'NONE', ( #5347, #4224, #6612, #3993, #3320, #4624 ) ) ;
#7772 = CARTESIAN_POINT ( 'NONE',  ( -298.2451320953590500, -43.81068232069073100, 874.6142396099120300 ) ) ;
#7773 = CARTESIAN_POINT ( 'NONE',  ( -736.5026136057497300, 129.7992435082970000, -115.5403224415094200 ) ) ;
#7774 = CARTESIAN_POINT ( 'NONE',  ( -731.4912538599129400, 48.17622287231039000, -120.1363606135620900 ) ) ;
#7775 = CARTESIAN_POINT ( 'NONE',  ( -1022.687762458795800, 39.98601039338048900, -12.99443855083601200 ) ) ;
#7776 = ORIENTED_EDGE ( 'NONE', *, *, #6551, .F. ) ;
#7777 = CARTESIAN_POINT ( 'NONE',  ( -1027.855799328439600, 26.81108851240476900, 44.34993476122031800 ) ) ;
#7778 = ORIENTED_EDGE ( 'NONE', *, *, #5494, .F. ) ;
#7779 = VECTOR ( 'NONE', #3148, 1000.000000000000000 ) ;
#7780 = DIRECTION ( 'NONE',  ( -0.09746563625553150700, 0.9952388907942174600, 0.0000000000000000000 ) ) ;
#7781 = CARTESIAN_POINT ( 'NONE',  ( -170.8618212845566400, 318.3551613702234100, 239.9999999999999400 ) ) ;
#7782 = CYLINDRICAL_SURFACE ( 'NONE', #3948, 148.3286034136781400 ) ;
#7783 = EDGE_CURVE ( 'NONE', #3909, #5794, #3006, .T. ) ;
#7784 = CARTESIAN_POINT ( 'NONE',  ( -733.1112887348900800, 26.14035062502194900, -95.15374386093252200 ) ) ;
#7785 = CARTESIAN_POINT ( 'NONE',  ( -294.2244260978631600, 20.00000000000000400, -649.4730955496891100 ) ) ;
#7786 = CARTESIAN_POINT ( 'NONE',  ( -306.4073418530784400, -20.10703890691845400, -847.2223839526082000 ) ) ;
#7787 = EDGE_CURVE ( 'NONE', #3469, #1878, #7869, .T. ) ;
#7788 = ORIENTED_EDGE ( 'NONE', *, *, #3662, .T. ) ;
#7789 = CARTESIAN_POINT ( 'NONE',  ( -936.7891654538170800, 6.193107887703622100, 67.39343516031046000 ) ) ;
#7790 = CARTESIAN_POINT ( 'NONE',  ( -729.4669690585592400, 26.49656220409728000, 120.3422389738506300 ) ) ;
#7791 = CARTESIAN_POINT ( 'NONE',  ( -258.7992690864762200, -29.15084890883204200, -850.6462565409460700 ) ) ;
#7792 = ORIENTED_EDGE ( 'NONE', *, *, #2158, .T. ) ;
#7793 = B_SPLINE_CURVE_WITH_KNOTS ( 'NONE', 3,
 ( #545, #1113, #7878, #521, #3658, #4288, #2944, #1214, #2408, #7951, #597, #5424, #3051, #3682 ),
 .UNSPECIFIED., .F., .F.,
 ( 4, 2, 2, 2, 2, 2, 4 ),
 ( 0.0000000000000000000, 0.004991919208788450100, 0.009983838417576900200, 0.01497575762636535100, 0.01996767683515380000, 0.02995151525273070200, 0.03993535367030760100 ),
 .UNSPECIFIED. ) ;
#7794 = CARTESIAN_POINT ( 'NONE',  ( -298.2451320953587700, 30.00000000000000000, 874.6142396099120300 ) ) ;
#7795 = CARTESIAN_POINT ( 'NONE',  ( -635.3156354085015200, 14.58184309946601000, 451.2219962217839100 ) ) ;
#7796 = CARTESIAN_POINT ( 'NONE',  ( -668.2451320953587100, 274.9999999999999400, 649.9999996933067900 ) ) ;
#7797 = CARTESIAN_POINT ( 'NONE',  ( 0.0000000000000000000, -70.00000000000000000, -659.9999996933069000 ) ) ;
#7798 = CARTESIAN_POINT ( 'NONE',  ( -99.77178470236614800, 286.8290885008705100, 239.9999999999999700 ) ) ;
#7799 = CARTESIAN_POINT ( 'NONE',  ( -138.0650403425077300, 322.1812600157373400, 240.0000000000000000 ) ) ;
#7800 = CARTESIAN_POINT ( 'NONE',  ( -924.2913088013936000, 10.69059740182213900, -96.56573599840059800 ) ) ;
#7801 = AXIS2_PLACEMENT_3D ( 'NONE', #7955, #4898, #3519 ) ;
#7802 = CARTESIAN_POINT ( 'NONE',  ( -598.2451320953588300, -38.82862917108680300, -828.1665335712000300 ) ) ;
#7803 = CARTESIAN_POINT ( 'NONE',  ( -739.1236205614035300, 138.1367078960099700, -104.0731265631411900 ) ) ;
#7804 = CARTESIAN_POINT ( 'NONE',  ( -672.3322355637755000, 400.0000000000000000, 2651.495409082708200 ) ) ;
#7805 = CARTESIAN_POINT ( 'NONE',  ( -731.1618898585909400, 45.00093593234150500, -119.4680694425126600 ) ) ;
#7806 = CARTESIAN_POINT ( 'NONE',  ( -598.2451320953588300, -41.15084088219456500, -829.6142396099120300 ) ) ;
#7807 = PLANE ( 'NONE',  #2842 ) ;
#7808 = FACE_OUTER_BOUND ( 'NONE', #7133, .T. ) ;
#7809 = ADVANCED_FACE ( 'NONE', ( #1904 ), #7237, .T. ) ;
#7810 = CARTESIAN_POINT ( 'NONE',  ( -883.3904962088370200, 89.02244790990573600, -111.8941624635404500 ) ) ;
#7811 = CARTESIAN_POINT ( 'NONE',  ( -160.3635184798018800, 321.6921441375711800, 239.9999999999999400 ) ) ;
#7812 = CARTESIAN_POINT ( 'NONE',  ( -161.7212291768936400, 282.6110420130856900, 139.2949108889228600 ) ) ;
#7813 = CARTESIAN_POINT ( 'NONE',  ( -939.3852700092813800, -42.70115108764507300, 55.50838211474222600 ) ) ;
#7814 = CARTESIAN_POINT ( 'NONE',  ( -836.8519917889400400, -51.27574871544559400, -66.82614346473982900 ) ) ;
#7815 = ORIENTED_EDGE ( 'NONE', *, *, #5562, .T. ) ;
#7816 = B_SPLINE_CURVE_WITH_KNOTS ( 'NONE', 3,
 ( #4305, #3622, #1188, #7948, #4888, #3680, #9, #6764, #6100, #3655 ),
 .UNSPECIFIED., .F., .F.,
 ( 4, 2, 2, 2, 4 ),
 ( 0.0000000000000000000, 0.004018748979680214500, 0.005023436224600183100, 0.006028123469520150900, 0.008037497959360087200 ),
 .UNSPECIFIED. ) ;
#7817 = CARTESIAN_POINT ( 'NONE',  ( 372.4007397240991400, -215.0000000000000600, -1100.000000000000000 ) ) ;
#7818 = CARTESIAN_POINT ( 'NONE',  ( -258.7992690864762700, -17.35719864142587500, -823.1271152534436600 ) ) ;
#7819 = AXIS2_PLACEMENT_3D ( 'NONE', #6167, #5565, #4293 ) ;
#7820 = EDGE_CURVE ( 'NONE', #3049, #5129, #4271, .T. ) ;
#7821 = CARTESIAN_POINT ( 'NONE',  ( -5.573319583618285800E-011, 120.1544563829932000, -122.8524595691526300 ) ) ;
#7822 = CARTESIAN_POINT ( 'NONE',  ( -258.7992690864762700, -70.00000000000000000, 702.4999996933070200 ) ) ;
#7823 = CARTESIAN_POINT ( 'NONE',  ( -184.6267484020535800, 288.5675407176283900, 239.9999999999999700 ) ) ;
#7824 = LINE ( 'NONE', #3162, #7029 ) ;
#7825 = CARTESIAN_POINT ( 'NONE',  ( -823.4231128150232700, -51.75478216331270400, -53.07059623983655400 ) ) ;
#7826 = CARTESIAN_POINT ( 'NONE',  ( -22.59030625631128700, 298.9988641314325300, 239.9999999999999700 ) ) ;
#7827 = ORIENTED_EDGE ( 'NONE', *, *, #1635, .T. ) ;
#7828 = CARTESIAN_POINT ( 'NONE',  ( -308.7992690864780300, 20.00000000000000400, -649.9999996933069000 ) ) ;
#7829 = CARTESIAN_POINT ( 'NONE',  ( -184.6267484020528700, 296.8509855691290200, -137.9225819429058500 ) ) ;
#7830 = CARTESIAN_POINT ( 'NONE',  ( -936.0115517724706300, 7.164169077462492700, -51.47160824854562100 ) ) ;
#7831 = CARTESIAN_POINT ( 'NONE',  ( -738.5187333241793800, 136.0786923256726800, -108.4409687158613900 ) ) ;
#7832 = CARTESIAN_POINT ( 'NONE',  ( -1627.599260275900900, -214.9999999999999700, 1100.000000000000000 ) ) ;
#7833 = CARTESIAN_POINT ( 'NONE',  ( -587.9523310315479400, -39.06783191195294300, -829.6142396099123700 ) ) ;
#7834 = CARTESIAN_POINT ( 'NONE',  ( -1030.028195280638100, 35.76522044611980500, 15.10324932106067100 ) ) ;
#7835 = CARTESIAN_POINT ( 'NONE',  ( -181.8981143456209700, 310.2058481173314100, 239.9999999999999700 ) ) ;
#7836 = CARTESIAN_POINT ( 'NONE',  ( -1022.781778832338100, 22.19287556238583600, 54.60689074272178100 ) ) ;
#7837 = CARTESIAN_POINT ( 'NONE',  ( -129.9201570822413000, 282.8675154697035100, 140.3549466254112600 ) ) ;
#7838 = CARTESIAN_POINT ( 'NONE',  ( -930.1675234815957100, -44.07839138230160400, 49.73458229250928000 ) ) ;
#7839 = EDGE_LOOP ( 'NONE', ( #835, #702 ) ) ;
#7840 = VERTEX_POINT ( 'NONE', #2297 ) ;
#7841 = DIRECTION ( 'NONE',  ( 0.0000000000000000000, 0.0000000000000000000, 1.000000000000000000 ) ) ;
#7842 = EDGE_CURVE ( 'NONE', #1966, #958, #5829, .T. ) ;
#7843 = DIRECTION ( 'NONE',  ( 1.000000000000000000, 0.0000000000000000000, -0.0000000000000000000 ) ) ;
#7844 = CARTESIAN_POINT ( 'NONE',  ( -919.9065705998654000, 67.66672058828675100, 99.16993440023743700 ) ) ;
#7845 = ORIENTED_EDGE ( 'NONE', *, *, #5697, .F. ) ;
#7846 = EDGE_LOOP ( 'NONE', ( #3240, #751 ) ) ;
#7847 = CARTESIAN_POINT ( 'NONE',  ( -5.573319583618286500E-011, 131.6907423102409500, -140.6963142083843100 ) ) ;
#7848 = CARTESIAN_POINT ( 'NONE',  ( -668.2451320953587100, -71.66666666666665700, 689.9999996933069000 ) ) ;
#7849 = FILL_AREA_STYLE_COLOUR ( '', #6048 ) ;
#7850 = ADVANCED_FACE ( 'NONE', ( #4986 ), #1716, .T. ) ;
#7851 = CARTESIAN_POINT ( 'NONE',  ( -883.5043171839512300, -49.23712401367324500, -51.19214116487676600 ) ) ;
#7852 = DIRECTION ( 'NONE',  ( 0.0000000000000000000, 0.0000000000000000000, 1.000000000000000000 ) ) ;
#7853 = VERTEX_POINT ( 'NONE', #2988 ) ;
#7854 = CARTESIAN_POINT ( 'NONE',  ( -915.5073327863888200, 25.34837860322783600, 105.7458571503040000 ) ) ;
#7855 = AXIS2_PLACEMENT_3D ( 'NONE', #3568, #5959, #1158 ) ;
#7856 = CARTESIAN_POINT ( 'NONE',  ( -875.7415570238254100, 12.17161705909167300, 89.19141765913870800 ) ) ;
#7857 = CARTESIAN_POINT ( 'NONE',  ( -308.7992690864780300, 20.00000000000000400, -659.9999996933067900 ) ) ;
#7858 = CARTESIAN_POINT ( 'NONE',  ( -1008.041002291890000, 0.8098374036338178400, 38.83358820639395500 ) ) ;
#7859 = CARTESIAN_POINT ( 'NONE',  ( -9.499819642722426800, 97.00432885174032500, -239.9999999999998900 ) ) ;
#7860 = CARTESIAN_POINT ( 'NONE',  ( -173.7114178834584900, 316.9612985977604500, 240.0000000000000300 ) ) ;
#7861 = CARTESIAN_POINT ( 'NONE',  ( -729.0542765434322500, 26.53698327460332600, 95.29295773869338900 ) ) ;
#7862 = CARTESIAN_POINT ( 'NONE',  ( -150.5356004847032800, 281.0065293044911500, 139.6677651786625900 ) ) ;
#7863 = CARTESIAN_POINT ( 'NONE',  ( -940.2496474277866100, -42.58433637996731800, 61.08013554287606400 ) ) ;
#7864 = CARTESIAN_POINT ( 'NONE',  ( -916.1761530242677100, 52.87348742163671000, 105.6062142766446600 ) ) ;
#7865 = CARTESIAN_POINT ( 'NONE',  ( -536.4089367922349500, -10.00669366827950500, -36.89144407851289000 ) ) ;
#7866 = VERTEX_POINT ( 'NONE', #7180 ) ;
#7867 = CARTESIAN_POINT ( 'NONE',  ( -918.3648032255031200, 60.26968522877144400, 103.8537870494443400 ) ) ;
#7868 = ORIENTED_EDGE ( 'NONE', *, *, #3082, .T. ) ;
#7869 = LINE ( 'NONE', #5443, #3322 ) ;
#7870 = CARTESIAN_POINT ( 'NONE',  ( -668.2451320953587100, -75.19288004169955300, 759.8071196516094700 ) ) ;
#7871 = CARTESIAN_POINT ( 'NONE',  ( -978.2096096027619300, 55.64353348873468300, -63.86921591007998000 ) ) ;
#7872 = CARTESIAN_POINT ( 'NONE',  ( -770.0781440828610600, -48.81333152918462300, -54.73844108900409100 ) ) ;
#7873 = CARTESIAN_POINT ( 'NONE',  ( -494.6848649354404900, 50.80317598489592300, -650.0000000000000000 ) ) ;
#7874 = CARTESIAN_POINT ( 'NONE',  ( -69.53677200706575000, 291.0356235451524800, 239.9999999999999100 ) ) ;
#7875 = FACE_OUTER_BOUND ( 'NONE', #7106, .T. ) ;
#7876 = ORIENTED_EDGE ( 'NONE', *, *, #189, .F. ) ;
#7877 = LINE ( 'NONE', #4096, #7572 ) ;
#7878 = CARTESIAN_POINT ( 'NONE',  ( -186.6375940985745700, 334.2984757141851400, 113.7865269289466700 ) ) ;
#7879 = CARTESIAN_POINT ( 'NONE',  ( -171.2760718788890400, 285.8305372391480400, 239.9999999999998900 ) ) ;
#7880 = CARTESIAN_POINT ( 'NONE',  ( -130.9903539068807000, 321.2708796809288900, 140.3192733979232100 ) ) ;
#7881 = ORIENTED_EDGE ( 'NONE', *, *, #6939, .T. ) ;
#7882 = CARTESIAN_POINT ( 'NONE',  ( -1016.193618240131200, 42.27212630780312000, 31.43305827268705200 ) ) ;
#7883 = CARTESIAN_POINT ( 'NONE',  ( -668.2451320953587100, -70.00000000000000000, -852.9475729432455200 ) ) ;
#7884 = CARTESIAN_POINT ( 'NONE',  ( -323.7527999051511100, -15.61467858139041800, 836.8544153899661100 ) ) ;
#7885 = ADVANCED_FACE ( 'NONE', ( #260 ), #1740, .F. ) ;
#7886 = CARTESIAN_POINT ( 'NONE',  ( -5.573319583618286500E-011, 122.6381822921860600, 130.7298876560337800 ) ) ;
#7887 = EDGE_LOOP ( 'NONE', ( #5646, #5271, #168, #1527 ) ) ;
#7888 = CARTESIAN_POINT ( 'NONE',  ( -244.6571334627453800, -70.00000000000000000, -699.9999996933069000 ) ) ;
#7889 = CARTESIAN_POINT ( 'NONE',  ( -179.0483017427297900, 313.3103742324012200, 239.9999999999999400 ) ) ;
#7890 = CARTESIAN_POINT ( 'NONE',  ( -768.8161549975150100, -48.71326259915832000, -64.54390806735540300 ) ) ;
#7891 = CARTESIAN_POINT ( 'NONE',  ( -931.3299015411521400, -43.91065604125822800, 49.78021668885429600 ) ) ;
#7892 = CARTESIAN_POINT ( 'NONE',  ( -452.8432784367112200, -21.44321034721817300, 829.6142396099122600 ) ) ;
#7893 = ORIENTED_EDGE ( 'NONE', *, *, #2450, .F. ) ;
#7894 = CARTESIAN_POINT ( 'NONE',  ( -721.5093510031267700, -27.39914864066261700, 0.0000000000000000000 ) ) ;
#7895 = CARTESIAN_POINT ( 'NONE',  ( -920.2160873081916200, 70.13493993235438500, 96.70323747193326400 ) ) ;
#7896 = LINE ( 'NONE', #3969, #7215 ) ;
#7897 = CARTESIAN_POINT ( 'NONE',  ( -5.573319583618287100E-011, 137.2666354606347500, -143.3647636301040800 ) ) ;
#7898 = CARTESIAN_POINT ( 'NONE',  ( -369.1462637003795600, -12.62492183184024900, 824.6142396099119200 ) ) ;
#7899 = CARTESIAN_POINT ( 'NONE',  ( -258.7992690864763300, -47.86736072643327600, 884.2132636843956600 ) ) ;
#7900 = DIRECTION ( 'NONE',  ( 0.9993296175109514000, 2.032281036613698200E-016, 0.03661032047682234000 ) ) ;
#7901 = CARTESIAN_POINT ( 'NONE',  ( -857.8954111923269500, 80.63858841612012900, -113.3730292929490300 ) ) ;
#7902 = CARTESIAN_POINT ( 'NONE',  ( -946.6321122026686200, 5.229169267913642100, -82.69799315674797000 ) ) ;
#7903 = LINE ( 'NONE', #4257, #2684 ) ;
#7904 = EDGE_CURVE ( 'NONE', #6040, #6953, #2952, .T. ) ;
#7905 = CARTESIAN_POINT ( 'NONE',  ( -183.8558886600565100, 297.4698454741388200, 239.9999999999999400 ) ) ;
#7906 = DIRECTION ( 'NONE',  ( 0.08775874710326310400, -0.9956298950120096000, -0.03192983659902266800 ) ) ;
#7907 = ORIENTED_EDGE ( 'NONE', *, *, #2118, .F. ) ;
#7908 = CARTESIAN_POINT ( 'NONE',  ( -930.0000000000559300, -44.10239037126144300, -49.73844108900408400 ) ) ;
#7909 = CARTESIAN_POINT ( 'NONE',  ( -860.9502343962361700, 96.92203220215202500, 90.02740130938558100 ) ) ;
#7910 = B_SPLINE_CURVE_WITH_KNOTS ( 'NONE', 3,
 ( #7619, #1588, #296, #6423, #7031, #3342 ),
 .UNSPECIFIED., .F., .F.,
 ( 4, 1, 1, 4 ),
 ( 0.0000000000000000000, 0.08409707550759747100, 0.1681940720496415700, 1.000000000000000000 ),
 .UNSPECIFIED. ) ;
#7911 = VECTOR ( 'NONE', #6590, 1000.000000000000000 ) ;
#7912 = ORIENTED_EDGE ( 'NONE', *, *, #6687, .F. ) ;
#7913 = CARTESIAN_POINT ( 'NONE',  ( -668.2451320953587100, -77.12315687686988500, 699.7687675255693900 ) ) ;
#7914 = CARTESIAN_POINT ( 'NONE',  ( -889.2906922462863100, -74.34080195217821100, 62.35018648539097800 ) ) ;
#7915 = CARTESIAN_POINT ( 'NONE',  ( -769.9168489046850300, -48.80627713955637900, -64.73148514178609500 ) ) ;
#7916 = CARTESIAN_POINT ( 'NONE',  ( -950.6912105647708100, 4.831653994023334100, -80.88808280369919100 ) ) ;
#7917 = FILL_AREA_STYLE_COLOUR ( '', #473 ) ;
#7918 = CARTESIAN_POINT ( 'NONE',  ( -979.4838755031083800, -40.41972416319696700, 0.0000000000000000000 ) ) ;
#7919 = CARTESIAN_POINT ( 'NONE',  ( -547.8046629131712300, 32.17899601933302700, -451.8267385554135600 ) ) ;
#7920 = CARTESIAN_POINT ( 'NONE',  ( -918.9483379989669600, 76.50511764219166400, 81.22163257603277500 ) ) ;
#7921 = EDGE_CURVE ( 'NONE', #4387, #1696, #1323, .T. ) ;
#7922 = PLANE ( 'NONE',  #7628 ) ;
#7923 = CARTESIAN_POINT ( 'NONE',  ( -668.2451320953587100, -70.38541811388005000, -699.9999996933069000 ) ) ;
#7924 = ADVANCED_FACE ( 'NONE', ( #83 ), #6041, .T. ) ;
#7925 = CARTESIAN_POINT ( 'NONE',  ( -258.7992690864762700, -51.03167550318948300, -886.3136891273769600 ) ) ;
#7926 =( BOUNDED_CURVE ( )  B_SPLINE_CURVE ( 3, ( #5275, #7121, #2682, #2045 ),
 .UNSPECIFIED., .F., .F. ) 
 B_SPLINE_CURVE_WITH_KNOTS ( ( 4, 4 ),
 ( 1.668446283909383700, 1.728144736368140400 ),
 .UNSPECIFIED. ) 
 CURVE ( )  GEOMETRIC_REPRESENTATION_ITEM ( )  RATIONAL_B_SPLINE_CURVE ( ( 1.000000000000000000, 0.9997030299482579900, 0.9997030299482579900, 1.000000000000000000 ) ) 
 REPRESENTATION_ITEM ( '' )  );
#7927 = VERTEX_POINT ( 'NONE', #2935 ) ;
#7928 = CARTESIAN_POINT ( 'NONE',  ( -733.9389794829785400, 26.05957004490587500, 120.2209858787206300 ) ) ;
#7929 = CARTESIAN_POINT ( 'NONE',  ( -910.8032461300398400, 18.14035286934946000, -105.0380601156163200 ) ) ;
#7930 = CARTESIAN_POINT ( 'NONE',  ( -179.9077712346258700, 291.4846080659621100, 239.9999999999999100 ) ) ;
#7931 = CARTESIAN_POINT ( 'NONE',  ( -934.4730230582889600, 7.193767785699016300, 89.44114856172645000 ) ) ;
#7932 = DIRECTION ( 'NONE',  ( 0.09927161991795098500, -0.9936238618483473900, 0.05344872911905381600 ) ) ;
#7933 = EDGE_CURVE ( 'NONE', #3978, #1926, #7473, .T. ) ;
#7934 = ORIENTED_EDGE ( 'NONE', *, *, #6105, .T. ) ;
#7935 = EDGE_CURVE ( 'NONE', #4995, #3476, #3632, .T. ) ;
#7936 = VECTOR ( 'NONE', #441, 1000.000000000000100 ) ;
#7937 = DIRECTION ( 'NONE',  ( 0.09746564986554909200, -0.9952388894613625200, 0.0000000000000000000 ) ) ;
#7938 = ORIENTED_EDGE ( 'NONE', *, *, #2388, .F. ) ;
#7939 = CARTESIAN_POINT ( 'NONE',  ( -158.8431045326721300, 321.9941614900267300, 240.0000000000000000 ) ) ;
#7940 = CARTESIAN_POINT ( 'NONE',  ( -970.5218452665625400, -46.52138065281847900, 62.35021923255894900 ) ) ;
#7941 = DIRECTION ( 'NONE',  ( 0.0000000000000000000, 0.0000000000000000000, -1.000000000000000000 ) ) ;
#7942 = CARTESIAN_POINT ( 'NONE',  ( -249.8029739625468700, 20.00000000000000000, -637.9913977444305100 ) ) ;
#7943 = CARTESIAN_POINT ( 'NONE',  ( -161.8570337720875000, 277.4729336593404700, -139.2903840690830200 ) ) ;
#7944 = CARTESIAN_POINT ( 'NONE',  ( -917.7907936681423300, 58.14611993047737600, 104.6190166580212100 ) ) ;
#7945 = PLANE ( 'NONE',  #566 ) ;
#7946 = CARTESIAN_POINT ( 'NONE',  ( -880.8878834471074700, 89.90343587034117000, -88.08790152733168100 ) ) ;
#7947 = DIRECTION ( 'NONE',  ( 0.0000000000000000000, 0.0000000000000000000, 1.000000000000000000 ) ) ;
#7948 = CARTESIAN_POINT ( 'NONE',  ( -183.9370075502115800, 306.2987875993129000, 138.5543849431455800 ) ) ;
#7949 = CARTESIAN_POINT ( 'NONE',  ( -258.7992690864762200, -29.61700519736367100, -867.4567374888471200 ) ) ;
#7950 = VERTEX_POINT ( 'NONE', #6655 ) ;
#7951 = CARTESIAN_POINT ( 'NONE',  ( -167.8228358518130100, 340.9217838523559900, 114.7354576377846100 ) ) ;
#7952 = AXIS2_PLACEMENT_3D ( 'NONE', #2042, #2648, #1400 ) ;
#7953 = CARTESIAN_POINT ( 'NONE',  ( -173.3845786209229500, 286.8600901258723200, 239.9999999999999700 ) ) ;
#7954 = B_SPLINE_CURVE_WITH_KNOTS ( 'NONE', 3,
 ( #3360, #1747, #7821, #3510, #1106, #5447, #1663, #541, #2890, #4201, #5396, #6584, #3540, #1717, #5984, #459, #6015, #7847, #5419, #5370, #4716, #4154, #4746, #7897, #1692, #6042, #2328, #1082, #2303 ),
 .UNSPECIFIED., .F., .F.,
 ( 4, 2, 2, 2, 2, 2, 2, 2, 2, 2, 2, 1, 2, 2, 4 ),
 ( 0.0000000000000000000, 0.004938218143029348200, 0.007407327214544026700, 0.009876436286058705100, 0.01481465442908806200, 0.01604920896484536900, 0.01728376350060268100, 0.01975287257211730300, 0.02469109071514648600, 0.02592564525090377800, 0.02716019978666107300, 0.02962930885817558600, 0.03209841792969010000, 0.03456752700120462000, 0.03950574514423366900 ),
 .UNSPECIFIED. ) ;
#7955 = CARTESIAN_POINT ( 'NONE',  ( -545.3854435389458800, 114.2875860702224500, 0.0000000000000000000 ) ) ;
#7956 = PLANE ( 'NONE',  #7819 ) ;
#7957 = CARTESIAN_POINT ( 'NONE',  ( -244.6571334627453800, -70.00000000000000000, 689.9999996933069000 ) ) ;
#7958 = VERTEX_POINT ( 'NONE', #1103 ) ;
#7959 = DIRECTION ( 'NONE',  ( 1.000000000000000000, 0.0000000000000000000, -2.775557561562858200E-015 ) ) ;
#7960 = CARTESIAN_POINT ( 'NONE',  ( -328.9042016454120000, 142.3159073641449200, -595.8288105596224100 ) ) ;
#7961 = CARTESIAN_POINT ( 'NONE',  ( -271.8920749270720300, 20.00000000000000400, -645.5436759940057500 ) ) ;
#7962 = EDGE_CURVE ( 'NONE', #3199, #1618, #4869, .T. ) ;
#7963 = ORIENTED_EDGE ( 'NONE', *, *, #7224, .T. ) ;
#7964 = FACE_OUTER_BOUND ( 'NONE', #4977, .T. ) ;
#7965 = CARTESIAN_POINT ( 'NONE',  ( -663.0707898217588100, 63.20167647951369400, 650.0000000000000000 ) ) ;
ENDSEC;
END-ISO-10303-21;
